id,d_emp_p95,d_emp_p5,d_emp_mean,d_real_wage_ratio_p95,d_real_wage_ratio_p5,d_real_wage_ratio_mean,real_wb_mean,real_wa_mean
1,0.0,-1.0,-0.14,1.8638011729935733,0.1468241911146951,0.37822012672047955,69.07765287502852,69.33779447545193
2,0.0,-3.0,-1.14,0.7832705242580663,0.14677468758498216,0.3906033003055976,85.52878304636768,85.86211091330179
3,-1.0,-10.05,-5.95,0.5675172519992152,0.1954396228721,0.39059588908272475,99.65735547311566,100.04675785126533
4,-24.0,-45.1,-34.73,0.4861954855670837,0.3251267841331179,0.4033297999049759,123.52375835383715,124.02195734396383
5,0.0,-2.05,-0.79,0.9866878162405048,0.14705070162459333,0.4110508557518729,78.67463305780785,78.99698601115477
6,0.0,-1.0,-0.23,2.425441158093714,0.14677904937690492,0.6114599000169826,59.19889718783368,59.566737203035565
7,0.0,-3.0,-1.18,0.7738021002116588,0.1471787570516626,0.38414982468206427,78.51979859586322,78.8210388179168
8,0.0,-4.0,-1.62,0.7211019099554713,0.14691145692235857,0.3980456164480715,81.07406032389086,81.3965105066581
9,0.0,-2.0,-0.55,1.0580160044788833,0.14691726065588953,0.4355620639999493,70.09982666329918,70.40475790057731
10,0.0,-6.05,-3.25,0.6696210240519777,0.14783758628282834,0.40179134286653806,89.13989731699179,89.49814053549888
11,0.0,-6.0,-2.28,0.7606887170220753,0.14734519868876284,0.38516551941725913,88.04127157388852,88.38053542898366
12,-0.9500000000000028,-6.05,-3.34,0.6163966949100799,0.19687785450129092,0.39735027015480745,90.7474270264041,91.10799649316387
13,0.0,-4.0,-1.66,0.7307971891311418,0.14730330269605327,0.406772982377647,82.67942633155488,83.0153553051225
14,0.0,-5.0,-2.55,0.6498524240120312,0.14743662812598513,0.392489324099887,86.80830759420911,87.14921582322522
15,0.0,-1.0,-0.17,2.0306670978054524,0.14697909001331458,0.43199869927463014,61.39825376727519,61.666305129598165
16,0.0,-0.04999999999999982,-0.05,1.2842118424354905,0.14677194784135827,0.610097481261102,53.01057896714623,53.32935538738313
17,-1.0,-8.05,-4.66,0.5784958277372415,0.18606692667979755,0.3974871942083907,91.25996009319961,91.62277073558009
18,0.0,-2.0,-0.54,1.4984892723356475,0.14691532543326674,0.4390323066754766,71.23643027993575,71.55021907376528
19,-1.0,-8.0,-4.27,0.6577033568425753,0.20735181261351232,0.40688440800550685,89.9080507434982,90.27384825127605
20,-10.0,-24.0,-17.36,0.5015615277604032,0.29466482816363276,0.4032618197979231,111.46297184910955,111.91247120005437
21,-3.0,-10.0,-6.11,0.5889081862079943,0.2671472543349143,0.41385319292224493,93.09992533047333,93.48509981182205
22,-7.0,-18.0,-12.69,0.49772058896036914,0.27834347420363653,0.39189332514921366,108.28188877090807,108.70625527391323
23,0.0,-4.0,-1.38,0.8212259083915062,0.14670554766961819,0.38573186658949077,83.11428840486664,83.43510364642141
24,0.0,-3.0,-0.86,1.0629625463060624,0.14713285205556426,0.41261969473144683,76.89926242335031,77.21671892514605
25,0.0,-1.0,-0.28,1.2169306730289935,0.1467835533740926,0.3887942955944038,67.56409380486177,67.82573353841298
26,0.0,-4.05,-1.78,0.9310979820194625,0.14705294324029378,0.45047379436407603,82.16271846740405,82.53315667354427
27,-14.0,-31.0,-22.37,0.49364802654696566,0.308040564542825,0.4024832992672651,112.34557573005326,112.79775359334008
28,-1.0,-8.0,-4.49,0.6456883828888396,0.20302380542893095,0.40352711914670614,96.61463449910764,97.00458149163133
29,0.0,-2.0,-0.45,1.1851868670298102,0.1468203226037869,0.3821043991479896,74.310091443721,74.59328631198272
30,0.0,-3.0,-1.51,0.652663304195576,0.14731082592597577,0.38075318238922606,83.99012528528229,84.31018370014927
31,0.0,-1.0,-0.2,1.2921187460196724,0.14670554766959354,0.35094820835470975,66.87254959443351,67.10322328258246
32,0.0,-5.0,-2.16,0.7755630366234313,0.1473096503758292,0.42257040213876634,84.9118879357717,85.27020171453142
33,-5.0,-15.05,-9.77,0.5452663022644592,0.2735375570718631,0.39493307604944045,101.56608255284503,101.9672870961924
34,-1.9500000000000028,-9.0,-4.98,0.605774031797735,0.2403361393516978,0.41292275968155984,92.71992585923488,93.10288790425169
35,0.0,-2.0,-0.84,0.8805739609764381,0.14717749043547548,0.42354887121842316,74.26875523491907,74.58274301636104
36,-11.950000000000003,-26.049999999999997,-19.02,0.5094843189772709,0.30913437452491904,0.4075199610301794,108.03723432965121,108.47751457191512
37,0.0,-1.0,-0.1,1.8188994883572438,0.1466156099312496,0.33050563333803573,60.76041175681125,60.95535960824343
38,-74.0,-112.0,-94.48,0.4543088434350873,0.3483787520527889,0.4046587205484718,131.33961748345683,131.87109522683414
39,0.0,-6.0,-2.96,0.6954103669286266,0.14783241245015985,0.4211021478377128,85.62098218049691,85.9809606448696
40,0.0,-5.0,-2.13,0.7501694988742023,0.1439522976451901,0.3993489564106136,85.80399471339108,86.14637611630172
41,0.0,-4.0,-1.41,0.8777309343432588,0.1466886206601003,0.43390371934143274,77.80064543380014,78.1383022930968
42,0.0,-3.05,-1.35,0.8737844516750372,0.14670118587768147,0.4207593527545075,80.10702311847656,80.44368936417311
43,-5.0,-15.0,-9.53,0.5688190149091107,0.2863071721468743,0.40734341878927566,99.92835315196702,100.33540684323063
44,0.0,-3.0,-1.28,0.8336348178820305,0.14681145681469027,0.4130299039847059,79.58406215900604,79.91269275775701
45,-1.0,-8.0,-4.34,0.6281238180966852,0.20838258072483032,0.4138131224477912,90.01190755628657,90.38435146978853
46,0.0,-1.0499999999999998,-0.34,1.5660155108212868,0.14678355337411128,0.4671523750308987,69.19055386530793,69.51297978821603
47,0.0,-4.0,-1.98,0.7223338982862868,0.14751400594892033,0.40701088948365693,82.25323558215752,82.58793469708536
48,0.0,-3.0,-1.06,0.7900877183604739,0.12447098175728821,0.38183084837786757,78.62931554134705,78.93006297354958
49,-1.0,-8.05,-4.21,0.653704799303826,0.20874718927810026,0.4028444218786093,89.82147664435247,90.18327154082576
50,0.04999999999999716,-4.0,-1.08,1.1488291947030291,0.13746982579782263,0.44759386829520786,76.56601652391693,76.90850832089176
51,0.0,-6.0,-2.35,0.88693608525772,0.14771466212154447,0.4406391545835454,82.55834515015137,82.92245445289343
52,-2.0,-10.0,-6.05,0.5754627538516514,0.22540171335291329,0.39749429033485356,96.05172277301327,96.43374840908965
53,0.0,-1.0,-0.34,1.3712659439832642,0.1469172606558832,0.47082708784383726,68.50611284991473,68.83041145630011
54,0.0,-5.0,-2.79,0.6398545248341752,0.14800329989607341,0.40586696196464084,88.29035532050462,88.64857763751174
55,0.0,-1.0,-0.16,1.3463652845200387,0.14670554766962426,0.31326605720127154,67.87727444008335,68.08809614399064
56,-2.0,-12.05,-7.1,0.5758791744730166,0.22592765968407194,0.40254430304293437,99.1949179082027,99.59415963546502
57,0.0,-6.0,-2.82,0.6901741994087873,0.14811989117468383,0.4115170944334263,88.60973479641869,88.97452347659504
58,-9.0,-21.15,-15.8,0.5096665455317004,0.2919299229832691,0.4017183438177485,117.85335366255322,118.32684401039262
59,-1.0,-7.05,-4.5,0.5756987669442873,0.21693605378943753,0.4132489499092637,93.89454640528855,94.28250265182632
60,-50.0,-75.05,-61.58,0.44976071546776286,0.3473289639242751,0.3920774364805505,145.34238268888285,145.91223299939284
61,-16.0,-34.05,-25.25,0.4771364693506476,0.3106981529553147,0.39466970309105753,119.96817200951122,120.44162798677027
62,-0.9500000000000028,-8.0,-4.3,0.5771788780129326,0.18386421388372262,0.3892937890679819,95.37530281134622,95.74676005232827
63,0.0,-3.05,-1.21,0.8594489490877477,0.1470022146457187,0.417561197251272,77.871844751245,78.19684994815151
64,-1.9500000000000028,-8.0,-4.43,0.5861208953960901,0.23484240788570226,0.4064842429862573,95.71550034621532,96.10471122466815
65,-18.950000000000003,-38.0,-27.65,0.48461518378802754,0.31492287517578355,0.39532250549928705,129.3315296996498,129.8427940305753
66,-1.0,-6.0,-3.13,0.6131694973375158,0.2208983845490349,0.40749066590896244,98.16732204583805,98.56732156090636
67,-2.0,-8.05,-5.05,0.5784678006411448,0.23262337514682244,0.399947081758555,92.60959601682096,92.97986004154708
68,0.0,-2.0,-0.62,0.9119821428161758,0.1467835533740839,0.36349075255489177,73.1532519201476,73.41924546221793
69,0.0,-2.0,-0.47,1.2112427972588788,0.14682419111470138,0.40290371029206523,69.17910251704524,69.4583394769669
70,0.0,-3.05,-1.17,0.9638060633025589,0.13732272653482008,0.43006664511103304,76.86582898386641,77.1960934762611
71,0.0,-3.0,-0.98,0.9661447835516105,0.1472625581035056,0.43362899719718107,73.98434067476335,74.30424264365806
72,-2.0,-9.0,-5.51,0.5906295324069956,0.23607324760029716,0.416873879725417,91.88550890437001,92.26857187385366
73,0.0,-6.0,-2.94,0.6377235424064517,0.16386543357807984,0.3757853141136478,87.57694694488366,87.9061209150967
74,0.0,-1.0,-0.14,2.629529391090398,0.1468203226037816,0.4332936789644654,65.54330692448029,65.8197199743214
75,0.0,-5.05,-2.38,0.7860989519914402,0.14742671478331904,0.43491087921859156,83.55113492903372,83.91437825179408
76,0.0,-6.0,-2.93,0.6637925843691111,0.14807529337351893,0.4009297663457354,95.83028458696988,96.21469367003664
77,0.0,-5.0,-2.32,0.7343897545159728,0.14765796034629375,0.43525421856845853,83.40567651661077,83.76858959887068
78,0.0,-1.0,-0.08,1.8356030893209931,0.14670554766961633,0.299995601645116,60.721692682076174,60.903300279544695
79,0.0,-2.0,-0.58,1.0437665657744006,0.14682032260376937,0.4277072300392937,79.61902441857563,79.95898188975968
80,0.0,-4.0,-1.77,0.7252903029318116,0.14701494894572328,0.3898830312319781,82.02458016696613,82.3446077854312
81,0.0,-2.05,-0.65,0.9534644014219851,0.14661305819606918,0.36816741671656655,74.57871150824805,74.85226156245818
82,0.0,-3.0,-1.14,0.7695549023202234,0.1469595136234769,0.37507789843884365,82.82655458605917,83.13647919017676
83,-1.0,-8.0,-4.12,0.6417322320944765,0.21000731639194956,0.3925043355101156,93.08773580465517,93.45306166278323
84,0.0,-4.0,-1.2,0.8599359048910052,0.1469114569223734,0.3813643541145458,81.1742479242123,81.48347978761034
85,0.0,-3.0,-1.02,0.8308346659801437,0.13537216705086189,0.3891862359217179,79.32728816088822,79.63579752715079
86,-9.950000000000003,-20.0,-15.06,0.4952921751722678,0.30933892357083,0.40131102670234126,109.59948030886765,110.03923396316961
87,0.0,-3.0,-1.09,0.8905000274735572,0.14681581860660012,0.414467543821466,77.71899893096506,78.04104380691469
88,0.0,-6.05,-3.17,0.6962800142682413,0.16371195908240646,0.41345641359362517,92.20367134109651,92.58482234566205
89,0.0,-3.0,-0.95,0.9736380439263334,0.14669863414248108,0.4271033577320682,76.89107258972703,77.22008593613238
90,-9.0,-20.05,-14.21,0.5145982398796425,0.30203266069279777,0.3990504743621523,108.30211599343035,108.7342693828697
91,0.0,-6.0,-2.86,0.6558255737384254,0.14739749571237087,0.38092904418734713,90.62380042022161,90.96873046268104
92,0.0,-5.0,-2.57,0.6759133714015652,0.14674223056011124,0.3913284621594383,92.76367929570456,93.12631153970973
93,-3.0,-10.0,-6.16,0.5440823713586214,0.25787248280138736,0.3864785774357828,99.04815324533976,99.43103005903848
94,0.0,-3.05,-1.24,0.9733426380892145,0.14706890026788255,0.42317497454625846,85.05086649277212,85.41068919709221
95,-2.0,-10.05,-6.38,0.5807910639470643,0.23129826409947282,0.40182817002311183,95.04660168245545,95.42851437410913
96,0.0,-6.0,-2.79,0.6472828478417669,0.15271509150586038,0.3987904025135441,89.8094458394876,90.16761220397836
97,0.0,-5.0,-2.63,0.6536442434773783,0.14784738504631142,0.40561758550273713,89.06231547027014,89.42359690027088
98,-2.950000000000003,-10.05,-5.87,0.5801559627720811,0.24691419100746323,0.3972655459310777,97.01209544270236,97.39737592772383
99,0.0,-5.0,-2.52,0.6607734829273006,0.14725095300151536,0.4043285743456665,89.06251467324395,89.42238913811137
100,-1.0,-7.0,-3.72,0.6163706949104585,0.2108974239668028,0.3912683203835767,92.66886108604069,93.03146386504768
101,0.0,-5.0,-2.08,0.768130847961956,0.1475998090521165,0.4286845095211437,85.04590666600993,85.41032967714017
102,0.0,-3.0,-1.47,0.7480209240786588,0.1474401239264349,0.40938385656300597,79.8729259096524,80.19971927086353
103,0.0,-4.0,-1.66,0.8496880218296388,0.1472589884648846,0.40921371569563175,82.20645473157408,82.54285929779785
104,-2.0,-10.0,-5.51,0.6689725733861104,0.24212865799596767,0.4208830687288201,94.49930806824133,94.89685683005284
105,0.0,-3.0,-0.98,0.7682683257380715,0.12692581797018268,0.36978174864242264,78.47579279532532,78.76590834362831
106,0.0,-3.0,-0.76,1.0157952760594198,0.14696144884609605,0.41487800658384666,73.79131544115161,74.09713949845002
107,0.0,-2.0,-0.55,1.1777409677145458,0.14653018414949878,0.4219645784455253,70.36754357505959,70.66418906830137
108,0.0,-3.0,-0.78,0.9667799384708108,0.14691532543326347,0.3937630640027196,74.00057242754076,74.29284728136025
109,0.0,-5.05,-2.77,0.6346725726957412,0.14734519868876517,0.3924102319882596,85.6070359660051,85.94255097933896
110,-1.0,-7.0,-4.15,0.5979836777500416,0.21605559036596714,0.4057572735699565,89.72069893162084,90.08453307464828
111,-5.0,-13.049999999999999,-8.87,0.5270854640028697,0.27822527834836286,0.38583842340423274,100.06071067561099,100.44684141170045
112,0.0,-5.0,-2.44,0.7075953585121881,0.14769874400693295,0.42006453282172906,87.34408467301512,87.71079095465103
113,-4.0,-14.0,-8.47,0.5694973379606103,0.26290609367686585,0.40511457650079935,100.41733896873086,100.82419364791734
114,-1.0,-7.0,-3.8,0.6503221350815027,0.2167166259580215,0.4195208196109853,90.12338828102632,90.50139505289408
115,0.0,-3.0,-1.04,0.8191894835882274,0.1405440911812293,0.3822481015656774,79.87493074648842,80.18024275915914
116,0.0,-5.0,-2.29,0.6929074511244512,0.12961753088093741,0.40216452702060734,87.22323284342238,87.57373742849938
117,-1.0,-6.05,-3.4,0.6415695901318433,0.21229006662866162,0.3989677290918074,90.33291731363327,90.69354282935217
118,-2.950000000000003,-12.0,-7.36,0.5553925197415205,0.23680091002712989,0.40522987767751706,99.19558492454435,99.59763959979153
119,-0.9500000000000028,-7.0,-3.36,0.6428622733178265,0.19685706883231835,0.38594473225132114,92.57753541324553,92.93479203290516
120,-6.0,-16.0,-11.03,0.5069569772525052,0.28483649385583687,0.396885210733195,106.93350169690672,107.3578848268064
121,-1.0,-7.0,-3.5,0.6570756020975267,0.2125065141926951,0.4009349882768143,94.85037162005078,95.23073085650131
122,0.0,-4.05,-1.57,0.8392600544639843,0.14760018841015718,0.3942174508709167,85.0504339846507,85.38573402039772
123,-1.0,-7.05,-4.37,0.5792572491049127,0.20088959418890895,0.39645690588940624,96.71796584218302,97.10143793081075
124,0.0,-3.0,-0.75,0.8637929625032359,0.14699006443291257,0.35889625408351855,79.00259460138605,79.28569412222377
125,0.0,-2.0,-0.4,1.5013981993196488,0.1468241911146969,0.44829101763839374,70.15803004184816,70.46863618191331
126,0.0,-3.0,-1.11,0.7361406781487386,0.14652017066708423,0.3802007370166967,79.46347757134693,79.76514646093469
127,0.0,-6.0,-2.76,0.7563997275703959,0.14767893619337708,0.4137528875581423,86.13219758558654,86.48875128335816
128,-3.0,-13.0,-8.22,0.5695886176364834,0.2598122588123745,0.41419333252781476,100.61680437199942,101.03346493023723
129,0.0,-3.0,-1.21,0.7815049469507306,0.14661560993126319,0.3968457238307426,80.50622620254065,80.82594687187148
130,0.0,-5.0,-1.98,0.7479391624282907,0.14622821068611724,0.39157938376318246,84.98286477996179,85.31573756889831
131,0.0,-5.0,-2.02,0.7341311068803459,0.14768532828214528,0.39070476388441194,84.15618115195255,84.48542980013255
132,0.0,-2.0,-0.35,1.3962145610257723,0.14661560993125333,0.44213902290289225,67.90486045850022,68.2048632514748
133,0.0,-4.0,-1.6,0.8606214175333151,0.1467055476695944,0.4280938477046206,83.08516245095878,83.44102362968282
134,0.0,-5.0,-2.6,0.6754780363442161,0.16363680749492454,0.4072214189416216,88.23050435103985,88.5896680715389
135,0.0,-5.0,-2.31,0.6436686712641794,0.14743792827418808,0.38824191113987205,87.85311364617705,88.19428437166503
136,-5.950000000000003,-16.05,-10.5,0.553269256686523,0.283510888087279,0.4040911909282913,103.25872084940347,103.67598240519237
137,-1.0,-7.0,-3.99,0.6073802429684975,0.21267814711158348,0.4012964058193164,91.99691789788818,92.366084554303
138,0.0,-5.05,-2.25,0.7788628274983106,0.14732954562006098,0.4093015065293462,85.18157592850523,85.53061795722691
139,0.0,-4.0,-1.66,0.8055416573304447,0.14749225853559564,0.39563024689510196,81.64088000435471,81.96397842334252
140,-3.0,-11.05,-7.14,0.6060869985444448,0.2718875916097508,0.42696637260768944,96.60263449856882,97.01530773494387
141,0.0,-3.0,-1.2,0.833960847633427,0.1458141694398507,0.4232172636666149,76.8017476344057,77.1267016805913
142,0.0,-3.0,-1.25,0.7336845229337364,0.14597102748805224,0.38687138918170744,79.85679069252946,80.16654876633105
143,0.0,-4.0,-1.76,0.8078117282732529,0.14707251131441676,0.418851577763795,81.97460390651753,82.31738038664385
144,-1.0,-7.05,-4.08,0.6544346136580856,0.2295009702903437,0.4258347944207584,91.40535710812435,91.79464668311495
145,0.0,-5.0,-2.3,0.7504742926958262,0.14633679782212045,0.39007213908659116,85.20052387022373,85.5331390949722
146,0.0,-5.0,-2.03,0.790583562671869,0.14731128162170054,0.4032682579211372,83.34712946071251,83.68326219295751
147,0.0,-5.0,-2.56,0.6386158924722711,0.14816736258010868,0.39202769808705057,87.37718941471938,87.71968351187864
148,0.0,-4.0,-1.51,0.746095227675722,0.1469172606558838,0.37823980789470146,82.44924435582163,82.76059485201077
149,0.0,-1.0,-0.19,1.665985435382696,0.1467790493769099,0.40559680481799587,63.00970928237716,63.26321826729379
150,0.0,-2.0,-0.85,0.923057008858849,0.14702468243849742,0.4045982387401017,76.52672695099352,76.83623465889032
151,0.0,-2.05,-0.84,0.9214948460326674,0.14202829965381872,0.39292502763634396,77.64770013533025,77.9532472865574
152,0.0,-1.0499999999999998,-0.25,1.3216878418574962,0.14653018414950444,0.34502716470245537,68.37190623317184,68.60501512022515
153,0.0,-4.0,-1.32,0.9045221204061075,0.1473254586791848,0.4226629511489006,82.10041666913925,82.44748389836202
154,-7.0,-20.0,-12.95,0.519275375039396,0.2852747305380962,0.40143361814645395,108.88449083076698,109.32156892453776
155,0.0,-2.0,-0.54,0.9762311679791047,0.1467790493769198,0.4265410730873383,72.19674561670824,72.50517110072995
156,0.0,-2.05,-0.76,0.9646402171705559,0.14682419111467915,0.40699999385255536,74.7941613479721,75.09798055067964
157,-1.0,-6.0,-2.99,0.5973852909351479,0.21558077450208038,0.3720542571130007,89.84835599636341,90.18253584195452
158,-14.0,-31.0,-22.4,0.47229283691566976,0.3018089453628271,0.38724395661397376,114.64111368616749,115.08499409834997
159,0.0,-6.0,-2.91,0.6936143588571749,0.1474761186938166,0.4114423657244151,86.63303540305988,86.98921341255746
160,0.0,-1.0,-0.3,1.3651347294556155,0.14670554766962368,0.449673716889562,65.03856217694394,65.33307867600392
161,0.0,-2.0,-0.76,0.9798350472866285,0.14698141570755083,0.39794122346994093,73.49906899895733,73.79199070716741
162,-1.0,-6.0,-3.0,0.6364781321544215,0.212430799410702,0.39485678875860686,87.1218237686043,87.46595459914487
163,0.04999999999999716,-4.0,-1.36,0.7331702208205434,0.10071581415754197,0.3725148389615308,80.7601678117443,81.0603203958217
164,-9.950000000000003,-20.05,-14.47,0.4944301854646836,0.31166099212821635,0.40071385132164755,106.91292342982337,107.34133849358771
165,0.0,-4.0,-2.24,0.6543597802149113,0.14783678478995876,0.40341072580859894,85.42637390009874,85.77128607091832
166,0.0,-2.0,-0.66,1.0587948264182288,0.146701185877674,0.4187875715169358,72.84231249399754,73.14887537112445
167,-7.950000000000003,-20.0,-13.26,0.522341860368992,0.2912499263377756,0.39849581921654076,108.88791685773369,109.32181493643797
168,0.0,-6.0,-3.11,0.6455255401831009,0.14812056026524006,0.3945563515579652,89.57889021441132,89.93247090230463
169,0.0,-2.0,-0.52,0.878785529611533,0.14699006443291562,0.34921617617127576,73.18072440221115,73.43604913438605
170,-1.0,-5.0,-2.88,0.6052999410283828,0.21588824593015252,0.387032786400537,88.74982663734258,89.09323295910247
171,-1.0,-9.0,-4.69,0.5723829838393159,0.19237771319777341,0.3836067604889359,96.00250434181952,96.37087380627432
172,0.0,-4.0,-1.55,0.7863378272514473,0.14710287123315396,0.3849844885563479,83.98032336825308,84.30323726224853
173,0.0,-4.0,-1.71,0.7612189087643024,0.14682032260377054,0.4066356561098364,83.06853578223017,83.40675724780003
174,0.0,-2.0,-0.39,1.08503635753555,0.14697429347023636,0.3674859472597444,71.04305549710939,71.30220970200028
175,0.04999999999999716,-3.0,-1.27,0.8121224106119013,0.13768988771278043,0.4018462188183982,79.32661429608842,79.64613759216424
176,0.0,-2.0,-0.6,1.0021529003669132,0.1431733129504271,0.382218733440533,74.26492003477392,74.54731777024759
177,-2.0,-9.0,-4.99,0.6224956077492734,0.2515171178152172,0.41047132292478195,93.28747647354977,93.67020036606854
178,0.0,-2.0,-0.35,1.6797964942279524,0.14682419111469025,0.4412103779149787,67.6818366172364,67.98125380168831
179,0.0,-4.0,-1.66,0.6707736714493058,0.1472202584676231,0.38797847051398354,83.69913201934325,84.02399210786314
180,-0.9500000000000028,-11.0,-5.83,0.6010965706218199,0.16977705733953097,0.3859582461849617,97.94251064283277,98.32061166756068
181,0.0,-5.0,-2.01,0.7637644162090366,0.14748788419714073,0.3895755855524443,85.91443720432753,86.2489445259193
182,0.0,-5.05,-2.53,0.6588340379174461,0.14697909001331197,0.38881305939908806,86.95593449792536,87.29386460157842
183,0.0,-4.0,-1.24,0.92765632834057,0.1472533023899219,0.39302194324513856,81.7173540289988,82.03887464042452
184,-1.0,-9.0,-4.55,0.6405818259653521,0.20390804198313855,0.39810676209671814,92.07288459008173,92.4391514341666
185,0.0,-4.0,-2.01,0.6648613358629465,0.14710606266428655,0.39324875189581915,86.51144166004295,86.85180332377223
186,0.0,-3.0,-1.12,0.8161439995503658,0.14710586468640605,0.39292256931379366,78.49806567491208,78.80601793424653
187,-10.0,-25.049999999999997,-17.61,0.503295448923305,0.29012417376060695,0.4004579104206744,112.41343553501623,112.86357247421489
188,-6.0,-17.0,-11.3,0.5306670532557606,0.2854691026722147,0.4014525492872799,104.48613158978955,104.90557281581381
189,0.0,-4.0,-1.93,0.7839790672797525,0.14743441772877872,0.42020666218610386,85.04447463895256,85.40170268721121
190,-3.0,-13.049999999999999,-7.0,0.6128735917661327,0.23840329571638608,0.386428965632515,98.96811834689784,99.35059883336733
191,-2.0,-10.05,-6.01,0.6076979559616561,0.22679556127130135,0.4045108342447271,97.99416131655829,98.39059994119896
192,-1.0,-7.0,-3.76,0.651603439779549,0.21764602925633128,0.40767397112405396,92.68887707390782,93.0668355112321
193,0.0,-3.0,-0.86,0.8914590958230252,0.14698706270584985,0.39567223216539493,75.71941168956364,76.01845341107467
194,0.0,-3.0,-0.97,0.8544831285202193,0.1450391552569911,0.3830936713701131,77.98367269111759,78.2816476581854
195,-2.0,-11.0,-6.44,0.5977882681617928,0.2345517773450453,0.4095388689026765,97.36966190574327,97.76839000683566
196,0.0,-5.05,-2.47,0.7043015733285605,0.14739817174523417,0.4030475844416854,87.74131344224219,88.0947879750865
197,0.0,-5.0,-2.3,0.7385353354824518,0.1475219491783609,0.41100087041665967,88.07601800699018,88.43784116065719
198,0.0,-3.0,-1.06,0.8460652721903098,0.14713108619502271,0.407987589980994,82.32168617650429,82.65743436236576
199,0.0,0.0,0.0,0.14839198232868067,0.14663798771190817,0.14737966311794495,48.73983306829434,48.79156668685964
200,-1.0,-8.0,-4.39,0.6095595107308146,0.2099521284377796,0.40279899409553876,93.93856328959544,94.31699763679359
201,-1.0,-8.0,-4.29,0.6241148349781745,0.21991720645422763,0.41769800191584044,93.85905257685017,94.25098722968256
202,0.0,-3.0,-1.07,0.7450248822356805,0.14691532543327673,0.3828730391117525,80.86080134551658,81.17050048589357
203,-1.0,-9.0,-4.87,0.6173942792251381,0.19418755748038535,0.3932884781633792,96.61676795248704,96.99705294656862
204,-27.0,-48.05,-37.6,0.4842274122275188,0.33883903469167875,0.40513190993263537,130.4357938778714,130.9642433813085
205,-1.0,-7.05,-3.92,0.6448661284937645,0.20130528618525545,0.38586369265330495,94.15246413216916,94.51567150231885
206,-34.95,-57.0,-46.18,0.45536415212813103,0.3361539616849575,0.3944545774498029,128.3175432941382,128.82367116290325
207,-6.0,-18.0,-11.87,0.5382160837007184,0.2769823149913258,0.40815522081096917,107.86552026442098,108.30581575505543
208,0.0,-6.05,-3.18,0.6532704478773297,0.15645702455656013,0.40923505316109476,90.33599828391691,90.70523460092264
209,-1.0,-9.0,-4.89,0.5717703764687362,0.2064690732685845,0.38131647386857,96.01169576787416,96.37785306722456
210,0.0,-3.0,-1.17,0.8945989710006149,0.14697195843205954,0.41248191646498805,82.95192736740853,83.29416177779946
211,-1.0,-8.05,-4.64,0.5791947418688489,0.2069787977558529,0.396788797517009,99.3949294053908,99.78940349950973
212,-1.0,-8.0,-4.09,0.6219455590472729,0.20639118484267277,0.40485230602512856,97.21521004386992,97.60883428802126
213,-35.95,-57.0,-45.35,0.46135833671460214,0.33953923434458905,0.39455425375106223,128.3455860156818,128.85199041420339
214,-1.0,-6.0,-2.63,0.7061171998020308,0.21551192539436148,0.3896748041026337,93.70396448701234,94.06890437925698
215,-2.0,-8.05,-5.46,0.5797508390315915,0.24699394153712528,0.4251734799396292,95.41431607582159,95.8200729264081
216,-1.9500000000000028,-7.05,-4.0,0.6919387971741423,0.26686462380019266,0.4232898141212313,96.90812579073949,97.31813140849053
217,0.0,-2.05,-0.8,0.9794463923612093,0.14691532543326097,0.4166243360953979,78.63390530167794,78.96153894412562
218,-0.9500000000000028,-7.0,-3.47,0.656652809261935,0.19006444088309798,0.40784032389685193,98.34042363039048,98.74139373492626
219,-7.0,-18.049999999999997,-11.85,0.5463360472043367,0.29595732599372193,0.4014715195713903,113.37706185055211,113.83222709856155
220,-5.0,-18.0,-11.19,0.5352621901657701,0.25879108597128536,0.39785096091187855,109.23936394307891,109.67397925686768
221,0.0,-4.0,-1.74,0.7717239591695716,0.14727573259238727,0.4046120652876544,85.01266351650573,85.3569882102612
222,0.0,-4.05,-1.62,0.9557855243107394,0.14721501356490027,0.41808812517416966,82.86567895489567,83.21135720149147
223,0.0,-1.0,-0.25,1.1610611668914823,0.14702510205389055,0.3433424105184066,68.58939171138404,68.82759905336246
224,0.0,-3.0,-0.84,0.7983378999521862,0.14647168769861896,0.3397186535045835,79.46537945733661,79.73540476402871
225,0.0,-5.05,-2.45,0.7263506544089074,0.14751020806584386,0.40563140368131917,92.84132212748565,93.21867892703956
226,-1.0,-9.0,-5.02,0.6366042731511974,0.19462992060687337,0.41675505328165324,103.13837493861354,103.56833778253336
227,0.0,-5.0,-2.58,0.6310167060585501,0.16452941635428125,0.3952628361029089,87.59335380901847,87.93963795823286
228,0.0,-5.0,-2.68,0.6474621113355409,0.14827489034610125,0.393058993735054,87.07019678420983,87.412211883134
229,-1.0,-7.0,-3.99,0.6144936165194193,0.20008867877333952,0.39971141731961163,92.45861774340153,92.82802588712839
230,-1.0,-7.05,-3.99,0.6635061367272245,0.2185783988416578,0.421238187855171,91.20282205328665,91.58717150026139
231,-2.0,-11.0,-6.46,0.590175726716921,0.23579268314732574,0.40530969562724756,96.74796945034348,97.1401249108995
232,-3.0,-12.0,-6.9,0.572446806632719,0.25752760049046036,0.39170954572248917,98.49564410522284,98.88141360093117
233,-1.0,-8.05,-4.64,0.5834052003829814,0.20235822994058103,0.39480795450624034,96.38460762131858,96.76514603735156
234,0.0,-4.05,-2.11,0.7734656580666408,0.14745081299318855,0.4260044661199244,90.12572799608793,90.51048221088969
235,0.0,-3.0,-0.91,0.9551797887821014,0.1468241911146912,0.3955357995720243,76.92069948852625,77.22503103815356
236,0.0,-5.0,-2.39,0.7603410380606295,0.1471066388175079,0.4154773853769542,93.52641608659695,93.91546527441731
237,0.0,-4.0,-1.47,0.7715074979377146,0.14720939803614397,0.3894781596108028,81.9503732923763,82.26960048876155
238,-2.0,-11.0,-6.46,0.5456365069038641,0.21219411303362803,0.374662738933463,101.04693311291287,101.42556516675756
239,0.0,-3.0,-1.21,0.7549004035799345,0.14694677932346317,0.37520550083389,82.40745383524738,82.71670410853022
240,0.0,-5.0,-1.86,0.7313773217900389,0.1472275548220429,0.39175076030493466,91.63796338217782,91.9969254574732
241,0.0,-3.0,-0.97,0.6462530840349353,0.14682032260377925,0.3462955869645497,82.33970343495622,82.62395579542512
242,-1.0,-8.0,-4.51,0.6121378885221622,0.20586362616694426,0.40293604023447327,101.41450329451864,101.82310380915902
243,0.0,-5.0,-2.34,0.6440017923367239,0.1473884382524697,0.37418576423566663,89.91673919700291,90.2532595704417
244,0.0,-4.05,-2.02,0.665486737877499,0.1472111420485945,0.40549115944568953,85.23753606539358,85.58248793865026
245,-3.0,-14.0,-8.53,0.5472521337467132,0.2446308691782765,0.40060200059835505,109.05204022171449,109.48888454963418
246,0.0,-2.0,-0.38,1.3215198837736934,0.14653018414948868,0.383867078303809,70.12464621220332,70.39125515831287
247,0.0,-4.05,-1.73,0.7666864141810285,0.14717476675163307,0.3851005847874495,87.97695371357348,88.31581344412663
248,0.0,-4.05,-1.83,0.7447839368191097,0.14698706270583767,0.40484823748279986,80.77854827127777,81.10513975406089
249,0.0,-6.0,-3.21,0.6471011003723749,0.15471678406086523,0.3990164437459942,90.09503291736097,90.45438295045797
250,-1.0,-8.0,-4.15,0.6067260693076385,0.20439108675444964,0.3943490292274634,89.2648115659844,89.61665223421349
251,0.0,-4.0,-1.29,0.9062119885553737,0.1465201706671062,0.4044880267746891,78.70424767924582,79.02321669973666
252,0.0,-4.0,-1.6,0.8083604160647079,0.1471774904354791,0.41783174536856643,82.43885937722784,82.7834097964265
253,0.0,-5.0,-2.0,0.7729857259338038,0.147414381357478,0.42088350849829803,83.01013290303017,83.35963813143938
254,0.0,-2.0,-0.47,1.4577050429461544,0.1467055476695914,0.4477043081850601,68.76891125857566,69.0772952419174
255,0.04999999999999716,-2.0,-0.57,1.037149618478226,0.12847623016155868,0.3810013969238751,72.14247364691009,72.41639982159305
256,0.0,-5.0,-1.77,0.7887116085852128,0.14725241862820443,0.40426305582920213,85.98490420686726,86.33232657869718
257,-1.0,-5.0,-2.61,0.5780792690663555,0.2064035391306931,0.3546369172779298,89.0255389044374,89.3414944318179
258,0.0,-2.05,-0.77,0.8715821048003487,0.14677904937691114,0.36423631094392883,75.45334694788588,75.7285399350098
259,0.0,-1.0,-0.27,1.1675223201120886,0.14682419111469622,0.35175550330923244,69.62808245454644,69.8731134016143
260,0.0,-3.0,-1.02,1.0629907913093837,0.14707308746762388,0.4444812086386186,76.39120354821755,76.73128177802454
261,0.0,-2.0,-0.79,0.8931258051858769,0.14720997418935133,0.419438186407789,76.22495580632472,76.54561782874121
262,0.0,-3.0,-1.36,0.8037081114380408,0.14710548301631307,0.4220274754584888,80.56846957441223,80.9084503486386
263,0.0,-3.0,-1.01,0.8182407989556815,0.14610166884460227,0.37801076983227716,77.91829672298473,78.21329023861557
264,-1.0,-8.0,-4.61,0.5990755462346867,0.20985414826256293,0.40998216814453003,93.70522440963602,94.08939419979112
265,0.0,-1.0,-0.28,1.2766727672505085,0.14678355337408863,0.38657199235248724,67.70376178844074,67.96158598558898
266,0.0,-2.0,-0.61,1.0609112367495686,0.1466886206601066,0.4153587125583394,72.47953358813967,72.77944898448887
267,-11.0,-27.1,-18.39,0.5166320996258272,0.301239616546606,0.397246120862258,109.81893167102396,110.25500743186109
268,-2.0,-9.0,-4.79,0.616889217714412,0.24678698122646642,0.3969080554050723,95.36673554032248,95.74539336830556
269,0.0,-4.0,-1.24,0.8787210297686178,0.14698141570754894,0.3917551420999086,78.78420489601498,79.09256670571207
270,0.0,-1.0,-0.14,1.8450847484392834,0.14670554766959393,0.3710457533163578,64.58387622736241,64.82137563891523
271,0.0,-2.0,-0.62,1.1469528136467277,0.14682032260377753,0.4041088797376405,71.70021870659754,71.98908349539147
272,-1.0,-8.0,-4.11,0.6141198995298025,0.20105874638890367,0.39123854939715985,91.82051612520907,92.17952221688346
273,0.0,-4.0,-1.58,0.7294762780305523,0.1474747140057724,0.37632543120047374,82.79410039008769,83.10596162245896
274,-1.0,-8.0,-4.12,0.6107560186481985,0.19230481914979497,0.37805700366603756,96.73736328369807,97.1031153756524
275,-3.0,-11.0,-6.86,0.5246010158128717,0.2565302417689111,0.38589997706451007,98.03720369075971,98.41558713769501
276,0.0,-1.0,-0.14,2.2387152429278605,0.14647168769861058,0.40229736155862156,64.19174484597117,64.45249351312816
277,-1.0,-6.0,-2.74,0.6940328287266854,0.22252956815572533,0.3964700801152638,87.73663221886557,88.08453682156231
278,0.0,-2.05,-0.75,1.3891042294848868,0.14647168769861268,0.490207177976269,74.84059645849476,75.20865722779027
279,-1.0,-8.0,-4.64,0.5419145546919983,0.21427474645217623,0.3790779581012961,96.07936040484607,96.44369474163852
280,0.0,-2.0,-0.79,0.7775050930492348,0.1468241911146944,0.37895246835524626,77.1488444281299,77.44153893639623
281,0.0,-4.0,-1.82,0.7102137020063546,0.14741575316400654,0.38720168774779345,84.47395169197881,84.80069817082072
282,0.0,-4.0,-1.62,0.7097344766910787,0.14707251131440993,0.3796373617896838,85.375654190108,85.69985800086437
283,-2.0,-8.05,-4.63,0.5705383598940296,0.23139904726766714,0.3874757598207742,93.52536842618015,93.88777290921435
284,0.0,-2.0,-0.58,1.1883657570126231,0.14647168769861135,0.4130129980618706,73.03491452482373,73.33562616382214
285,-9.950000000000003,-25.0,-17.32,0.5200488617654677,0.29386643435539017,0.4046386456131385,111.99803413601839,112.45125483657368
286,0.0,-2.0,-0.72,0.77252329519811,0.14678355337408044,0.3554940166460721,78.26158240049818,78.53953132196418
287,-7.0,-22.05,-14.64,0.5042832970319588,0.2700240463858245,0.386562527414166,107.02167776300938,107.4353635559998
288,-1.0,-8.0,-4.63,0.5973417082044027,0.20080874942187274,0.3980771629550284,91.4113554390589,91.77534198940926
289,-3.950000000000003,-13.0,-7.89,0.5455614123474528,0.2666918810544461,0.4011595333223,98.04653914963811,98.43995836292271
290,0.0,-1.0,-0.18,1.6194832410352653,0.14678355337409446,0.369189799372039,63.732131579889945,63.96992270762823
291,0.0,-5.05,-2.03,0.8595700817233307,0.13688852896407766,0.4094708737797781,84.097700741804,84.44189790747991
292,0.0,-5.0,-2.04,0.6708743699317762,0.14750272053212998,0.39003519793443303,83.81478777579275,84.14153505105327
293,0.0,-2.0,-0.44,1.1202360424005782,0.14696624538918288,0.4001895424783993,74.38091538594058,74.67799126223439
294,0.0,-2.0,-0.73,0.9401033660194442,0.14698706270585077,0.4416415991383358,72.9476551238346,73.27058785772314
295,0.0,-2.0,-0.48,1.0990754465818515,0.14696624538917766,0.35707713181867823,71.59852613385019,71.85371637304874
296,0.04999999999999716,-3.0,-0.93,0.7666686116827418,0.13698210920443962,0.3506318875034287,81.97122139926094,82.25805862861846
297,0.0,-2.0,-0.68,1.1557058717692619,0.14698938840005418,0.43889541028961254,72.14173321088735,72.45799382279374
298,0.0,-5.0,-2.04,0.6681785018147235,0.14716815397802266,0.36899919800402736,86.16784900743373,86.4861237392402
299,0.0,-2.0,-0.48,1.490135095885373,0.1464716876986092,0.43881063832838285,71.53012654512709,71.84418845434713
300,0.0,-5.0,-2.35,0.7401080728697401,0.1477900912324872,0.3968089993690435,86.59510971092271,86.9388064250592
301,0.0,-6.05,-2.44,0.7437384058566793,0.14741756747779222,0.40795716176602254,85.54121218597506,85.88984961448436
302,0.0,-4.0,-1.72,0.7961444620263932,0.1472202584676109,0.4113566641114831,81.73111436453553,82.0669952298479
303,0.0,-7.1,-3.69,0.6234560797553874,0.17079689119498315,0.3927521910976908,95.16618374489775,95.54006159858532
304,0.0,-2.05,-0.75,0.9606068162851601,0.1470507016245976,0.3971862993715615,74.4174837256684,74.71284730654307
305,-1.0,-8.0,-4.1,0.6095790511299691,0.211241414398826,0.38944020122320133,96.79082455439875,97.16803517598484
306,0.04999999999999716,-5.05,-2.35,0.7024370168179236,0.1438502515204847,0.41341685579790427,85.12199544908063,85.4736441239018
307,-5.0,-15.0,-9.51,0.5394398155191829,0.28063272491481217,0.3966351555820787,105.58111577176233,105.99984121296308
308,-88.95,-124.10000000000001,-106.85,0.44156426270685883,0.3570594923093052,0.39713582251996293,138.2904275124551,138.83962042555117
309,-1.0,-7.05,-4.2,0.5945119358274674,0.2212788360909159,0.40718830719207183,95.5912741827457,95.98048221025621
310,0.0,-2.05,-0.71,0.8515644443991259,0.14647168769861865,0.3498308862161105,76.67074888084937,76.93899115649143
311,0.0,-3.0,-1.32,0.6771695579409774,0.1351667115180887,0.3549335669520148,86.46041261260814,86.76707015487482
312,0.0,-7.0,-3.27,0.6140934992695548,0.16299353768843514,0.3730836100484063,91.90584634209266,92.24864202867064
313,0.0,-3.0,-1.13,0.8079991145231924,0.1466156099312539,0.3801962971781779,84.81435654370121,85.13650715178439
314,0.0,-3.0,-1.01,1.0152141538377182,0.14713285205556476,0.4236972970812787,82.65772277167706,83.00931123138787
315,0.0,-4.05,-1.79,0.7343599845488972,0.14629984357917603,0.374146750891614,84.60156488015194,84.91810384794103
316,0.0,-3.0,-1.05,0.9045559271414798,0.14710287123314528,0.38893595540647014,78.58276933472308,78.88838777501215
317,0.0,-4.0,-1.87,0.8372881297035525,0.1472899821367412,0.4338733747253519,86.671156662658,87.04709235496358
318,-4.0,-14.0,-8.67,0.5345440246169452,0.2634625306781226,0.39321464991906957,101.66648620907587,102.06622504113238
319,0.0,-7.0,-3.39,0.7272795533488343,0.14824612792400488,0.4217336166797776,92.12195186727735,92.51036943658565
320,0.0,-4.0,-1.61,0.8732337925861708,0.14710663881750627,0.4088313802428151,85.44811032842382,85.79808255611661
321,0.0,-1.0,-0.29,1.1487122738957172,0.14678355337409477,0.34491940902086193,71.92934233817883,72.17700705759559
322,0.0,-2.0,-0.37,1.3863773908321217,0.1465301841495135,0.3903623470896125,73.63544059626948,73.92229009025448
323,0.0,-3.0,-1.01,0.8082292148825907,0.14698226616276802,0.3692520952016058,84.21063561718444,84.52213242578657
324,0.0,0.0,-0.02,0.14839087210091556,0.14663798771190512,0.7072640713555228,43.41441608731551,43.696642559699335
325,0.0,-2.05,-0.89,0.7686952813746799,0.1469662453891811,0.3618989182176625,82.57273592081245,82.87147307178564
326,0.0,-2.0,-0.58,0.914905109139964,0.14677904937691305,0.3542747286724183,78.50850011005261,78.78716469216639
327,0.0,-4.0,-1.11,1.0676098304904527,0.14698938840007073,0.4287834567090741,79.80622911874089,80.14678364967034
328,0.0,-2.0,-0.62,0.9290163186888301,0.14702468243850897,0.39222107221562885,76.46013704269711,76.75868202486883
329,0.0,-6.0,-2.41,0.7015713266007283,0.1477136257587418,0.3625370275156731,97.56685567616906,97.92065386732534
330,0.0,-3.0,-1.06,0.8274921063796828,0.14696624538917014,0.40685541749510334,81.56583801677654,81.89801489767268
331,0.0,-4.0,-1.6,0.7671145938194933,0.14744802119844125,0.4204310410348554,84.42325307237549,84.77792453658043
332,-25.900000000000006,-48.0,-36.8,0.4723204826323921,0.31877092485388675,0.39753927798574734,128.09917658617627,128.60844379151365
333,-6.950000000000003,-17.049999999999997,-11.38,0.5131122389648264,0.2825295855233318,0.3897357595334053,108.04457688645387,108.46562058551663
334,-4.0,-14.0,-8.77,0.5541109221949759,0.2693082337124745,0.4075642055869632,104.59097400460614,105.0171705212965
335,0.0,-1.0,-0.12,1.654303313396218,0.14661560993124464,0.3078675995297883,66.96481806947833,67.170530915873
336,-4.0,-12.05,-8.26,0.5205879521500554,0.2634241104059708,0.40062034126581886,112.24879207397328,112.69838811215308
337,-1.0,-8.0,-4.13,0.6546840690209175,0.2123335761906343,0.4202145944352638,86.19269983448916,86.55493786453314
338,-23.0,-39.05,-29.95,0.4608625383793567,0.3274993002626118,0.3885590827053616,117.31766707758678,117.77352908876621
339,-1.0,-7.0,-3.5,0.6818329837675543,0.21697265740441404,0.4121340117276205,85.92540710028082,86.27959930864556
340,-2.0,-8.0,-4.5,0.6047351752080741,0.24454224412381986,0.3999849674166158,87.58463692544606,87.93503616860535
341,-6.0,-18.049999999999997,-12.28,0.5276006645012167,0.28495386267002015,0.4093088381949281,98.75894426079941,99.1630518601808
342,-11.0,-28.0,-19.88,0.4963982392548895,0.2877553995460633,0.39664347843730313,107.66688439468874,108.09400952251593
343,-1403.8000000000002,-1517.1000000000001,-1464.55,0.40707371164376577,0.3877005632569212,0.3981596929610008,180.09842340875363,180.81550117815019
344,-387.95,-460.2,-423.0,0.4233757265585288,0.3795399486923966,0.40016685205221003,153.43652962918114,154.05052657507719
345,-15.950000000000003,-34.0,-24.38,0.4954540470780566,0.30582795033749904,0.3968244423274991,109.93674515578726,110.37299557020819
346,-2.0,-11.0,-6.11,0.5878071687191906,0.22358371312945538,0.38950730298503616,91.53436816340883,91.89096061833092
347,-53.95,-79.0,-66.13,0.43976239856752564,0.34299824861556455,0.3883905254043692,131.29168383770372,131.8016098352134
348,-2.950000000000003,-16.0,-8.57,0.5900108483775816,0.22307857167365058,0.40498239345311043,100.57092741707385,100.97824660777609
349,-38.900000000000006,-60.050000000000004,-48.59,0.46657083198961746,0.35115704290088445,0.4069623239902143,118.68469784996134,119.16768341368949
350,-39.0,-62.0,-49.61,0.4500092992331197,0.3416952860955035,0.38966097069443484,126.14844065260436,126.64001770950148
351,0.04999999999999716,-2.0,-0.46,1.1753669389933898,0.07299745974125864,0.40244263132206626,67.2283211571584,67.49870849031359
352,0.0,-6.0,-2.83,0.6241470926083481,0.15684849110721658,0.3826363055212182,85.5732220362273,85.9008586054641
353,0.0,-2.0,-0.38,1.2792224294668468,0.14677904937691272,0.4075684712922213,68.9219706816683,69.200723200405
354,-11.950000000000003,-27.0,-18.57,0.4839110865853785,0.30266578596909804,0.3925898479482644,105.38368382502324,105.79735259744707
355,-19.0,-45.05,-31.95,0.5027908054822707,0.29958927108600797,0.39762047307883913,110.80892670802695,111.24955752494992
356,0.0,-8.0,-4.23,0.6076178384286476,0.15100183047347,0.3846644446400549,96.30873315632932,96.6790770598376
357,-16.950000000000003,-33.05,-24.67,0.4802027993061772,0.31283659603498537,0.39637687162830154,105.94824328423998,106.36819053518288
358,0.0,-2.05,-0.83,0.8853915239792044,0.14701688416833564,0.40218683770228836,76.0801062066824,76.38597937357459
359,-222.90000000000003,-275.0,-248.41,0.4277633938086865,0.37208613790428446,0.4001592473354161,142.40244087865563,142.97227327247802
360,0.0,-1.0,-0.28,1.2345908571453106,0.14670554766958727,0.37370545094838226,70.03123895944327,70.28937159626072
361,-2.0,-12.0,-6.59,0.5882371318380747,0.23375672003629183,0.3892764784118624,90.96138049370431,91.31549587708734
362,-4.0,-13.0,-8.15,0.5229286208263518,0.2663425339999308,0.3922944261423975,93.85730721788872,94.22541734325621
363,-1.0,-11.0,-6.39,0.6031815326509807,0.1991278865429431,0.41330646459151366,90.73729188430926,91.11225482096157
364,0.0,-2.0,-0.48,1.3097233958321375,0.14653018414949567,0.41483253086696165,71.99768614316581,72.29578000475912
365,-2.0,-9.0,-4.81,0.616387620066843,0.24843085389156713,0.4084364131550442,88.96194032106649,89.32543117371766
366,0.0,-3.0,-0.94,0.7615804838158982,0.14669863414249112,0.35330057652420577,83.06957062183244,83.36351152648629
367,0.0,-2.05,-0.62,1.1125539042639487,0.14661560993124576,0.4150906486970416,71.92179049663406,72.21951541328453
368,-1.0,-9.0,-5.13,0.5760339526776972,0.21226703036039524,0.3922330631790122,91.65143133578579,92.01073377932752
369,0.0,-3.0,-1.0,0.8367906410475587,0.1470529432402852,0.41087762521331284,81.04919678117852,81.38181860323937
370,0.0,-7.0,-3.41,0.6247366346669696,0.15582335379984913,0.3844092395053121,90.24824717686808,90.5951528050725
371,0.0,-4.0,-1.72,0.6732468388362034,0.1465301841494864,0.37128230481668867,86.66618058660683,86.9878591496044
372,0.04999999999999716,-2.05,-0.6,0.7844920267501743,0.06000944029251643,0.32623116432638816,77.57204726192379,77.82329508027749
373,-21.0,-46.050000000000004,-33.67,0.4968125257954438,0.31221300767497484,0.40370944393593855,127.67247976849019,128.1878648646764
374,0.04999999999999716,-3.05,-1.24,0.7528339234918254,0.12404721454366213,0.3579132907063286,82.45866611941568,82.75396352506743
375,0.0,-4.05,-1.93,0.6956168742052482,0.1469114569223486,0.3864575710810662,89.10106369105345,89.44614717814848
376,0.0,-4.0,-1.37,0.7196231099004857,0.14703918074298677,0.36472664007138045,84.29516094440636,84.60301915441721
377,-2.0,-12.0,-6.59,0.5496605631709451,0.21156311100369876,0.36673125065661105,98.44693056955403,98.80786360646165
378,-5.950000000000003,-17.0,-10.4,0.5514690891222548,0.2814111907363,0.39484269411220985,104.66456581121301,105.07786485426766
379,-1.0,-7.0,-3.46,0.6472031330677818,0.2048896408010191,0.400361563223114,88.96071336162238,89.31689760628953
380,-2.950000000000003,-11.0,-6.76,0.5584047313388686,0.23998047960026314,0.38764934119323746,97.2968677721082,97.67403266922638
381,0.0,-8.0,-3.74,0.661760164347204,0.16483168784725183,0.3867480391763125,89.44106584209563,89.78697976341444
382,-1.0,-8.0,-4.19,0.6451707653795118,0.21067563952671958,0.39859776645667977,91.09145385837222,91.45485037884286
383,-0.9500000000000028,-7.0,-3.68,0.6528714274040578,0.2139426215879263,0.417685291270916,87.50250039727376,87.86805626906062
384,-1.0,-7.05,-4.05,0.5939806574876668,0.21079101079126156,0.38834880844721376,91.63400182279611,91.9899185375468
385,0.0,-5.05,-2.74,0.5660837774035146,0.14783059039751426,0.3603508218530279,87.07469822701984,87.3884055410627
386,-2.0,-9.0,-5.31,0.5678454939686418,0.2449205436696347,0.4011058673265271,93.04472178349889,93.41797333536584
387,-11.0,-29.0,-18.19,0.545603631236896,0.3008358762083217,0.4043585235661273,104.30663285878725,104.72843951002727
388,0.0,-4.0,-1.36,0.9364460662885822,0.14706525958231279,0.42315468031527387,78.43171644462504,78.76355623736046
389,0.0,-5.05,-2.32,0.7220036214457295,0.14712651732518003,0.38969343212134233,81.3123485460745,81.62895506661859
390,0.0,-1.0,-0.33,1.4242673927885021,0.14691532543327457,0.4811199757018032,63.532252524289596,63.836201079995774
391,0.0,-3.0,-1.36,0.7947292251984273,0.14691145692234506,0.42619117590707556,76.59383013465168,76.91984727754085
392,-1.0,-7.05,-4.06,0.6024451885125109,0.20404062177561277,0.3878327530457306,88.64512458587055,88.98886904031028
393,-1.0,-7.05,-3.4,0.6830299804738377,0.21731641326203618,0.4114420639518569,86.90602372381608,87.2636028127373
394,-4.950000000000003,-16.05,-10.44,0.5575862986339222,0.25538294199980854,0.4025018088617786,99.76716840621984,100.16886901824564
395,0.0,-6.0,-2.71,0.6768786308928012,0.14801992283419516,0.3935678741748415,85.21794716414117,85.5533203364564
396,0.0,-5.0,-1.52,0.8738541277050305,0.14596298710946917,0.3938239711407039,78.96321274884383,79.27360892769542
397,-1.0,-8.05,-4.72,0.5796613935470802,0.19730672866456106,0.3871435700105348,92.08734228758081,92.4439199533561
398,-10.0,-24.0,-16.63,0.5021876198598908,0.29613168201525236,0.39708247960021964,105.2019321171074,105.61963192994284
399,0.0,-2.05,-0.78,1.0941950102779125,0.14691726065588387,0.451969767529892,74.43515395372498,74.77216004496441
400,0.04999999999999716,-5.05,-2.24,0.7007034646327523,0.12672120950864946,0.37365699575622074,85.45222362782438,85.77134484340826
401,0.0,-5.0,-2.03,0.7407518396782902,0.14760941128532742,0.37527520027957023,83.31887187273304,83.63160590591475
402,0.0,-2.0,-0.53,0.8155786593457635,0.14670554766960506,0.35903813690155667,72.84085084811164,73.10192067741988
403,0.0,-5.05,-2.41,0.6009389164878393,0.14327834005668255,0.3548760988930127,87.56150372123278,87.87196084920329
404,0.04999999999999716,-5.0,-1.64,0.9285388696720333,0.13942147748580108,0.43354143855796856,79.42394207827469,79.76787322818983
405,0.0,-4.0,-1.65,0.7133762695144182,0.14681581860660148,0.39813661071473716,81.53550210208462,81.8597401481625
406,0.0,-4.0,-1.39,0.7593324089904959,0.14707251131441415,0.37609569354647054,80.45506635617662,80.75796370824165
407,-4.0,-15.0,-9.0,0.5487589051871595,0.259332040161354,0.3785506958443973,98.40548184021392,98.77797697851193
408,-2.950000000000003,-10.0,-5.74,0.5338911354744177,0.26233324051467855,0.3851346674923855,94.66029332421117,95.0247181410385
409,-4.0,-13.0,-7.83,0.542711059927075,0.26709047693319704,0.38446769272528036,98.39944894012135,98.77788964546409
410,-2.0,-10.0,-5.99,0.5692133591680242,0.23085749243421755,0.39714976025167126,95.4908734214987,95.87016771201283
411,0.0,-6.05,-3.07,0.6917095517809269,0.1481617532739271,0.39350366722035524,88.8090677285927,89.15914749480065
412,-1.0,-8.05,-4.53,0.5491600045096416,0.1989371030400542,0.36885932775922703,91.58133178138917,91.91904149655676
413,0.0,-7.0,-3.21,0.6790569934980234,0.14831840914219452,0.40843828118122316,86.24332262835162,86.59558726927088
414,-54.95,-83.05,-68.01,0.44563699126013145,0.3405155531613492,0.38877496757162205,130.05008665012605,130.55569829216347
415,0.0,-2.0,-0.7,0.9365401367804296,0.14682419111468528,0.4164775892518836,73.36948668560069,73.67503900589364
416,-3.0,-12.0,-6.94,0.5710745912837691,0.25072222798976096,0.3937521709000697,94.33640609948174,94.70801444305826
417,-13.0,-28.0,-19.67,0.48910542261236795,0.3087725746524196,0.3968224000429214,107.80939145004866,108.23724519898244
418,-22.950000000000003,-44.0,-32.71,0.4776502542152472,0.3194547266311531,0.39717317654173206,115.42383213262248,115.88223562661803
419,-4.950000000000003,-16.05,-10.15,0.5391495697416157,0.26824735772171815,0.3911777144312461,100.89897453102529,101.29354648852735
420,-10.950000000000003,-25.0,-17.42,0.4881604457985169,0.29350471870324263,0.39003033630503664,104.75350584847799,105.16213838535685
421,0.0,-3.0,-1.26,0.7410894991038589,0.14640778033641763,0.3706775110396209,79.46413832493792,79.75912069039816
422,-1.0,-8.0,-3.9,0.6464433732063384,0.19967742544874117,0.3943172850379008,91.0326045946905,91.39151833166753
423,-3.0,-12.0,-6.98,0.5695712675380674,0.24975798012596673,0.39420864598478816,92.90675999213117,93.27302848640544
424,0.04999999999999716,-2.0,-0.72,0.7853233026034406,0.08503264239345223,0.3510360839615487,75.1260576256247,75.39073145531566
425,-4.950000000000003,-15.0,-9.08,0.5780126848948359,0.2750804487504342,0.40819007228291243,94.12123310316862,94.50534126292972
426,-1.0,-7.05,-3.68,0.6388228640238203,0.21048914684002196,0.4002005616187092,84.19147327138026,84.52852502785474
427,0.0,-6.0,-2.9,0.664259776154173,0.14771643777710972,0.39255543593108816,88.09566485183971,88.44162485845474
428,0.0,-8.05,-4.27,0.6449569702283653,0.1635658009887233,0.3931701096434375,87.96564507342016,88.31120644164118
429,0.0,-4.0,-1.59,0.8227000743757281,0.1467835533740799,0.3936528449470393,82.52062050953563,82.84543070280402
430,-1.0,-9.0,-4.73,0.6091212825628298,0.19330853794949637,0.38776176021245057,90.16824782965024,90.5177709733529
431,-1.0,-10.0,-5.21,0.5819919392692768,0.19989748699541324,0.38065760034053425,96.24801790781925,96.61419977303476
432,0.0,-3.0,-1.3,0.6745031733129638,0.14695951362347412,0.3651931422170479,78.9302771394333,79.21840172748058
433,-1.0,-9.0,-4.7,0.5989087926748052,0.196175342747426,0.3886012256702236,93.69536826443822,94.05945471099716
434,-3.0,-10.05,-6.67,0.5379196205416903,0.26115158309045894,0.39256005097399504,93.75034755693919,94.11840317325316
435,-1.9500000000000028,-8.0,-4.39,0.6391143648798612,0.2546846161604105,0.4008095011726789,91.89128487107038,92.2597497277131
436,-1.9500000000000028,-9.0,-5.02,0.6001307061272391,0.2255243696639057,0.3892955920988031,90.61270315471339,90.96567584223945
437,0.0,-5.0,-1.95,0.7475593365524422,0.14706589854079574,0.396639760169154,84.67711170970927,85.01321875686759
438,0.0,-6.0,-3.05,0.6257694080966751,0.1396572078404185,0.37854276147950194,86.61534682452174,86.94315384990225
439,0.0,-6.0,-2.42,0.6862215713817769,0.1473635600675347,0.36356837393706604,88.11576811700662,88.436403952495
440,-1.0,-9.0,-4.87,0.6077612486354295,0.2033457531819961,0.3981562081719142,90.34734795855117,90.70703768163365
441,-1.0,-10.0,-5.7,0.5637150692375343,0.19617378025101345,0.3930132873590694,93.4207374487841,93.78790423324348
442,0.0,-1.0,-0.24,1.4565529811651419,0.14691726065588248,0.41849304431360246,64.5421296640851,64.81522155711956
443,0.0,-3.0,-1.23,0.8432982899998301,0.10218023206490104,0.4133364828740795,80.62311588741441,80.95591694366553
444,-1.0,-7.05,-3.7,0.6336715630233142,0.21066212769433149,0.4031507612172174,88.52848461031166,88.88538010404798
445,0.0,-4.0,-1.52,0.7066326710866149,0.14725241862823293,0.37552929969381244,83.85954789684169,84.17476981036158
446,-1.0,-9.0,-4.45,0.6387196832934064,0.22054134521555238,0.39358689383012346,89.88968994156043,90.24338778764327
447,-15.950000000000003,-32.0,-23.36,0.47428942679664987,0.30256049505586036,0.38234977886769117,116.19298432500342,116.63725715374238
448,-26.0,-49.0,-38.0,0.4547768740311135,0.3126103308076978,0.3873040398766787,117.67343480147073,118.12919443136796
449,0.0,-6.0,-2.8,0.7185483851574126,0.14752461001649625,0.40165312447451024,84.93448623714313,85.27545113011591
450,-3.0,-11.05,-6.78,0.5869125289073319,0.25406488219456735,0.3977517596144386,93.94526583307041,94.31917075783126
451,-4.0,-14.1,-8.54,0.5628680649238584,0.2585475580847071,0.39125881513309096,95.56010628477121,95.93380767495687
452,-7.0,-18.0,-12.33,0.49777586526793155,0.2828980994328008,0.38672999204096015,105.00948357231617,105.41559417784117
453,-2.0,-10.05,-5.85,0.5402229946619844,0.2276932050175801,0.38781617956308173,90.3984486786361,90.74889449446047
454,0.0,-6.0,-2.8,0.6746472071854553,0.15226299566811058,0.38948282858334543,87.96920195888933,88.31168082594075
455,0.0,-8.0,-3.94,0.6814012084634736,0.166616023135052,0.40721963575529,86.21041810088724,86.56160339048373
456,0.0,-2.0,-0.53,0.971147609672356,0.14661560993126535,0.39414092124075845,76.92822851305647,77.23126292204493
457,-2.0,-11.0,-5.98,0.593772060622348,0.2388876924107177,0.39739926284142885,93.5101306075334,93.88169234675657
458,0.0,-1.0,-0.2,2.0662385375751535,0.14691726065588637,0.4657255100453685,62.97676457763927,63.27189315261067
459,0.0,-6.0,-2.99,0.6395104078546834,0.14719218498592,0.37941572265832385,85.97446713671064,86.3007121359124
460,0.0,0.0,-0.02,0.14840704626480364,0.14677581635226197,0.4153438281750015,52.64754106016329,52.868588258679
461,-2.950000000000003,-10.05,-6.08,0.6159955930013432,0.2676669959067936,0.4277697288382435,91.92302030339397,92.31629396968286
462,0.0,-4.0,-1.75,0.7045976501588589,0.14709156232376278,0.40141413068015086,83.93939195692523,84.27629256211527
463,0.0,-3.0,-1.13,0.7714514800682964,0.14721513234862615,0.3824932613732295,77.20817251258214,77.50341512667482
464,0.0,-4.0,-1.57,0.7347821338799068,0.14708434561689598,0.37070315820532485,84.68671373011323,85.00100681329613
465,0.0,-2.0,-0.38,1.092302707776141,0.1469114569223642,0.3499994941500247,72.22847265595492,72.48034906945729
466,0.0,-1.0499999999999998,-0.31,1.872548691029181,0.1465301841494999,0.49074475969743486,62.90940648443958,63.21539940474736
467,0.0,-4.0,-1.58,0.7452616748311938,0.14737373110604604,0.4090976867242717,82.31677170940723,82.65382392825656
468,0.0,0.0,-0.01,0.1483109971014395,0.14676807933045777,0.1476147158835339,38.73816411315266,38.71985665769312
469,-1.0,-8.0,-4.4,0.5464072886267919,0.20342042815375794,0.3851658272129774,92.73777573403945,93.09502971133212
470,0.0,-4.0,-1.46,0.7536992123762459,0.14721573772458896,0.38145236578281433,76.60515893404907,76.89756005209205
471,0.0,-3.0,-1.0,0.7226150051418994,0.14698706270583248,0.3709963556965252,78.46328840646305,78.75440072743717
472,0.0,-6.05,-3.02,0.6970982782099805,0.15129229552631218,0.40526670874884424,82.50463331873698,82.83901435282614
473,0.0,-4.0,-1.58,0.7257883112242745,0.1469511411153707,0.37199140130651964,82.53004449700478,82.83734462045356
474,0.0,-6.0,-2.61,0.7188778461197881,0.14752270469855894,0.41004574535630683,83.0682872567912,83.40894981241809
475,0.0,-1.0,-0.16,1.6428733123782997,0.14670554766961252,0.3448963463215723,63.753421593331844,63.96763322558701
476,0.0,-3.0,-0.83,1.1121462511626887,0.14647168769862812,0.447353306443109,70.92176417797145,71.23760174723157
477,0.0,-3.0,-0.55,1.3213596231627434,0.14695951362346654,0.40305073754454424,70.7933627818686,71.07733742127519
478,0.0,-2.0,-0.5,1.0091062872297565,0.14691726065590063,0.3798269530270002,69.78626375654285,70.04955824262036
479,0.0,-4.0,-1.46,0.9712018955977495,0.14710353743222965,0.42694341526102547,79.59350826871764,79.93317139784514
480,-3.0,-13.049999999999999,-8.5,0.5651598051978429,0.24575874291334662,0.40065981384938604,99.68235804092124,100.08188113836728
481,-6.0,-19.0,-11.98,0.5467844415262734,0.28676322773079604,0.4081235757909391,104.09277541025293,104.51761917586354
482,-3.0,-12.0,-7.39,0.5270648687221056,0.2471714270205634,0.3827024233549619,98.43545502036257,98.81217060239376
483,0.04999999999999716,-6.0,-2.31,0.6736543573143466,0.13581676553564953,0.36609360916768907,85.03436726422441,85.34533681541738
484,-11.950000000000003,-27.0,-19.19,0.47648792358977643,0.29009895921282064,0.3857640565391299,111.65908282869819,112.08980459711393
485,-1.0,-8.0,-4.53,0.60071818967127,0.20194213104324651,0.40485904392657096,89.11810326076937,89.47884302566577
486,-1.0,-9.0,-4.86,0.5748199531385049,0.19873624565926185,0.38485267921661453,95.14587725029341,95.51196671665781
487,0.0,-6.0,-2.64,0.7559646733242043,0.14766725269293332,0.4143418745551273,81.20314103259601,81.53979128531547
488,-1.9500000000000028,-10.0,-5.43,0.6009131467544253,0.22158756254993883,0.400674719807577,96.58044217911487,96.96734759733751
489,-1.0,-7.0,-3.63,0.6646092259278297,0.21670991560280914,0.4110859981838926,84.62962799326642,84.97758427077667
490,-1.0,-6.05,-3.4,0.5895027592422807,0.20235877905007982,0.3791531191540126,92.82417135740678,93.17607209868194
491,0.0,-5.0,-2.04,0.7877577926020913,0.14291375168016465,0.41176261731824076,79.6125769045662,79.94028152047133
492,0.0,-2.0,-0.47,1.427165749760804,0.14682419111469044,0.4584622124911498,69.99207704952819,70.31125658482172
493,-6.0,-21.049999999999997,-13.96,0.5298694444423129,0.2541589964660239,0.39505236707036906,102.71478688508255,103.12057879097229
494,0.0,-1.0,-0.31,1.3979847451472047,0.14682419111468503,0.42644228672471307,67.35695883986887,67.64417777397128
495,-0.9500000000000028,-7.0,-3.33,0.652447279803522,0.19895207996697947,0.4004791564726328,85.72851347850226,86.07190903353948
496,0.0,-3.0,-1.32,0.7046815358480218,0.1471774296038405,0.3695408136294166,82.52841027613496,82.8336803047528
497,0.0,-4.0,-1.6,0.8984789841160671,0.14745081299319834,0.4398122538563321,76.54714352090357,76.88390661875141
498,0.0,-3.0,-0.94,0.882008484356845,0.14701688416834277,0.3863820424936214,77.36619469966311,77.66614959164967
499,0.0,-4.0,-1.88,0.6469675049020283,0.14745788598883858,0.37206319789188513,84.18444753910164,84.49772423376194
500,-2.0,-9.0,-5.08,0.6279505551566862,0.2478982108904435,0.41192632906069915,92.62543815360831,93.00689601991716
501,-1.0,-9.0,-4.99,0.5953234590469472,0.1975084249262097,0.3915503658280183,93.36281425800136,93.7282904190441
502,-3.0,-13.0,-7.51,0.5563103878346298,0.24694113343170146,0.3953451589460738,94.61536772847504,94.98940669238105
503,-1.0,-6.05,-3.44,0.6330583270762339,0.2119672019268546,0.40359596023823047,87.56316503403997,87.91658448514971
504,0.0,-5.0,-2.69,0.642565784508128,0.1476614102562034,0.39587934091808413,83.6558860754837,83.98726602866978
505,0.0,-6.0,-2.72,0.6609288027326323,0.16489916398948107,0.3713479438094782,87.75776954475901,88.08359207632499
506,1.0,-2.0,-0.67,1.1366384553744606,-0.20844915910313744,0.4269591850002841,69.21932550224317,69.51461865792254
507,-8.0,-20.0,-13.59,0.5136399727109687,0.2755842566321465,0.3922961541026179,106.1585939492867,106.57510658329427
508,0.0,-3.0,-1.09,0.8439324591932916,0.14664662153648156,0.39063203850370243,73.9335224964111,74.22225278965392
509,-3.950000000000003,-13.049999999999999,-7.68,0.5394778082710323,0.25575150983532824,0.3826940066136054,97.55048287623917,97.92375050050748
510,0.0,-2.0,-0.44,1.4627920424817236,0.14697909001333168,0.5273959991670674,63.41683041030764,63.74942008457462
511,-2.0,-8.0,-4.42,0.6209130083682254,0.23838056474212904,0.3889553165954998,91.5674846485028,91.92387065639599
512,-1.0,-7.0,-3.77,0.6289453736409374,0.22080533679500913,0.40251407123794924,89.55697493280466,89.91721123604106
513,-9.0,-24.05,-16.34,0.5182087240052912,0.28921196181521885,0.39185909077322206,108.76306194941608,109.18923828686827
514,0.0,-5.0,-2.3,0.6792324888430866,0.14801462313644942,0.39637581807430355,79.99324231877036,80.31010265639665
515,-8.0,-20.0,-14.15,0.5205676870397599,0.30184294216656526,0.41071589349960896,105.31368027197117,105.74620122507676
516,0.0,-2.0,-0.5,1.3438193353947012,0.14647168769861882,0.4287845662728937,67.42322471675634,67.7138445160534
517,-6.0,-18.0,-11.69,0.5332160332170941,0.2791256953846231,0.39537754532001124,104.40372587735192,104.8165753238342
518,0.0,-4.0,-1.95,0.7497815894109978,0.14734766678180525,0.4173447117876279,79.54121003786867,79.87314502760957
519,-19.0,-36.05,-27.19,0.47603644906955167,0.3258012932936681,0.39502206600926215,116.43796808874374,116.89792344840973
520,0.0,-4.0,-1.57,0.8149786082218232,0.14504337014124133,0.40459511799447734,77.65875358492494,77.97244630795221
521,-3.950000000000003,-12.0,-7.28,0.5578595023868634,0.25474712143344674,0.39406197337675763,98.50727280171533,98.89546960437467
522,0.0,-3.0,-1.0,0.9032464213635973,0.1466030447136678,0.3882175016528403,75.35594995888584,75.64827393281244
523,-4.0,-14.1,-8.53,0.5682911625385276,0.24656414403005616,0.3951041739376738,100.23715835852026,100.63335689034083
524,-3.0,-13.0,-7.66,0.5551955306310895,0.24607117238785434,0.3858439305984143,98.66690490984097,99.04760471670268
525,-3.0,-12.0,-7.17,0.532418319818709,0.24914657509190768,0.3928006485844698,97.35403233500479,97.73644796721719
526,-3.0,-13.0,-7.61,0.6039445236865213,0.25750801738653356,0.4166417460427714,95.12605939378099,95.52243445224578
527,-3.0,-11.05,-7.16,0.5760065609809301,0.26024010955262505,0.40535814157536726,96.82908276893812,97.22170292010578
528,0.0,-6.0,-2.28,0.8273940456607268,0.14627611330396928,0.41312963535339814,81.33568112417433,81.67140685320392
529,-1.9500000000000028,-9.0,-4.8,0.6044661477877078,0.2378675756595956,0.3934674017524272,92.69835357432123,93.06309961637197
530,0.0,-4.0,-1.55,0.9150011396394149,0.14670554766957253,0.4288344003324373,76.07272779159602,76.39865426702627
531,0.0,-3.0,-0.93,0.7637528540536128,0.1469742934702397,0.35376182040208337,76.77111579631058,77.04330395665805
532,-4.950000000000003,-16.0,-10.75,0.5506832789399227,0.26951472633944573,0.40995361553878035,96.24832272430079,96.64276897864555
533,-2.0,-10.0,-5.9,0.5637872692360828,0.23337485715805178,0.3966368138270397,93.51285850972832,93.8837055757087
534,0.0,-3.05,-1.02,0.9347435170542971,0.1391984000023908,0.3919555020684997,73.44088894179875,73.72839744817337
535,0.0,-5.0,-2.25,0.7229316361378019,0.1473320137130955,0.3867088610692621,83.50363631983548,83.8263070554319
536,0.04999999999999716,-2.0,-0.69,0.848165466923156,0.04019540209352632,0.37792849466169826,70.97194835780311,71.23910306002801
537,-1.0,-7.05,-3.34,0.6486379309164597,0.2109353662661702,0.37985344239716945,88.8771119195687,89.214623897057
538,0.0,-4.0,-1.6,0.8339664457346428,0.14726058101583772,0.41054861848454594,77.33495378023888,77.65261321944371
539,-0.9500000000000028,-6.0,-2.91,0.6733017172003224,0.19839359882624982,0.40866087696542835,85.51320419459105,85.86230004042667
540,0.0,-1.0,-0.05,4.803273243544773,0.14663348371472587,0.695009713100684,46.476083700464606,46.669791973290565
541,0.0,-4.0,-1.65,0.7676818935427174,0.14660304471367694,0.38751523957464906,80.90813767059309,81.22145078078988
542,0.0,-7.0,-3.28,0.723389356668223,0.14748497365348942,0.4182644593255811,84.89167070366777,85.24662448689668
543,0.0,-4.0,-1.72,0.7185239552178064,0.14353747489241742,0.38408105146872834,82.74435200387924,83.06209615436838
544,0.0,-3.05,-1.09,0.7854449639588357,0.14570923487062792,0.37688260634480963,75.11165974334138,75.39480115690357
545,0.0,-1.0,-0.21,2.2344567985325146,0.1467835533740872,0.45709841668403023,59.67761353107841,59.94651715888139
546,0.0,-5.0,-2.35,0.5776979871341396,0.1476174363842535,0.3677076075910707,86.08229465988761,86.39838303616338
547,0.0,-4.0,-1.47,0.8067497346608405,0.14607982885706694,0.400004245714105,77.78792086070086,78.09859292273286
548,0.0,-2.0,-0.68,0.8355294848036372,0.14661560993126554,0.371995858509534,73.50109577300127,73.77495280637245
549,0.0,-1.0,-0.08,4.095806645728649,0.14669653967523372,0.5931601143322106,50.870088333514886,51.15096652650898
550,-1.0,-8.05,-4.1,0.625150567009315,0.20627478075804603,0.3918285704028448,92.12271736965741,92.48319202446248
551,0.0,-4.0,-1.84,0.7861021790104056,0.14695503142254526,0.42578147391574517,79.33231261286274,79.67020508496124
552,-1.0,-7.0,-3.65,0.6021239762794371,0.21464434192863668,0.3845274494754317,91.3856908272258,91.73682814471621
553,0.0,-4.0,-1.53,0.7467829551438586,0.14526427414515192,0.39070451010366014,78.88655276190498,79.19525211328438
554,0.0,-3.0,-0.78,0.814675611752146,0.14677468758497905,0.36261774653007595,76.55482168972864,76.83252393136333
555,0.0,-7.0,-2.73,0.7827950723427979,0.1463937938371712,0.4114354748500522,82.70135946053432,83.04156034330717
556,0.0,-5.05,-2.04,0.7707512373048996,0.14710586468642137,0.41048139829419894,83.33900070183081,83.6813477023411
557,-15.950000000000003,-30.0,-22.42,0.5046387333239492,0.3416621638333263,0.4135074273446305,107.7730929359302,108.21869007353753
558,0.0,-2.0,-0.44,1.1183128129417252,0.14682419111470535,0.36625748973280925,71.18709709467977,71.44790721604016
559,0.0,-4.0,-1.56,0.7427835984370682,0.14721380490081293,0.3917448190475051,78.80156938808726,79.11047531386932
560,0.0,-4.0,-1.6,0.7580399325899749,0.1474423762379944,0.37185869397961724,82.90590632319612,83.21459849807238
561,0.0,-2.0,-0.45,1.4519097651054433,0.14710171543193443,0.46554866755675783,65.13915658905393,65.43958164078202
562,0.0,-6.0,-2.79,0.629964408656938,0.14745218479972283,0.3872543190834735,87.66212919525867,88.0014083239244
563,0.0,-3.0,-1.15,0.8497131159233853,0.1390172871889251,0.4082558631502106,76.44432051099581,76.75614840023331
564,-1.0,-7.0,-3.59,0.5941796859795063,0.20824560859887764,0.3697946144579632,90.7043607168858,91.03962118269804
565,0.0,-5.0,-1.75,0.8991578051931427,0.1395042570501078,0.42699347391048265,80.94748444999263,81.29352881290562
566,0.0,-6.0,-2.53,0.6502316968805039,0.14750551232688697,0.3723660100930787,90.56527883697821,90.90221158821447
567,0.0,-3.0,-1.17,0.8397501601062136,0.14696144884608198,0.42772089207834113,76.15848936480502,76.48402765161211
568,0.0,-4.0,-1.63,0.6930488855047041,0.14550045956057456,0.3750891167510526,85.04301941896358,85.36247251616395
569,0.0,-6.0,-2.67,0.7408488915422683,0.14690610184743877,0.40502776078177855,84.3655798651484,84.70738277290312
570,0.0,-6.0,-2.77,0.6474230166536088,0.15566102105403423,0.38427970005469136,88.02893496953175,88.36706465182736
571,-21.0,-41.050000000000004,-29.93,0.5027299932211418,0.32469016368960035,0.40428859314178395,112.67477794796066,113.13032547015212
572,0.0,-1.0,-0.14,2.437137009145787,0.1467055476696087,0.4533092043955074,58.35500367007263,58.619411077051346
573,0.0,-3.0,-1.26,0.7876662040900455,0.1469153254332632,0.3995742672466926,81.366693074606,81.69128745650201
574,0.0,-4.0,-1.76,0.7709395747833128,0.14697909001333204,0.4359699196428633,79.00716663235053,79.3515422208216
575,0.0,-6.0,-2.52,0.6759089166940494,0.14603015470932118,0.3927039894968359,86.87715506297668,87.2184246127937
576,0.0,-3.0,-0.89,1.2521217493593706,0.14583804718492163,0.49087916258776576,71.71999995655108,72.07257542884345
577,-2.0,-11.0,-6.24,0.5739119596550819,0.23793596064033,0.3899488006579699,97.31021141756516,97.68968921562673
578,0.0,-2.0,-0.92,0.8045388439865743,0.1418441499315116,0.40448161038600305,74.9415170381837,75.24408655866009
579,0.0,-2.0,-0.44,0.9976117438696761,0.146783553374097,0.33258792403241527,74.78246624301617,75.03179888148622
580,0.0,-3.0,-1.06,1.0130196142751766,0.14653018414949462,0.44215582872986586,74.26840738394726,74.59560039848584
581,-5.0,-17.0,-11.44,0.4872967139656775,0.2593881653287364,0.37739557279141533,109.2166026325971,109.6288019938396
582,0.0,-2.0,-0.77,1.0428160415188625,0.14678355337410115,0.46610098449997395,70.73557563128719,71.06534730730344
583,-1.0,-7.0,-3.78,0.5675965206359685,0.20655649228686346,0.3847472366920465,90.91207833857456,91.2620260359435
584,0.0,-4.0,-1.28,0.9372140443442708,0.14677904937690509,0.43213078074161193,75.28852030781275,75.61311324731847
585,-0.9500000000000028,-7.0,-3.3,0.7052064637695914,0.19788793638041347,0.4081207896572259,89.4182558473147,89.78346951391853
586,0.0,-5.0,-2.13,0.7564333182474607,0.14723352123690797,0.40209047783074714,81.98853195908332,82.31807944101035
587,-1.0,-7.05,-3.9,0.5611493052952763,0.19562231075123324,0.36468786216655374,93.6657563855333,94.00748890300558
588,0.0,-6.0,-2.44,0.7620578155157177,0.1449359887482279,0.4005729243854856,83.4646642551499,83.79918256252272
589,0.0,-1.0,-0.33,0.875635040918452,0.14670554766959215,0.3355935670377895,70.87000866223107,71.10622954514663
590,1.0,-4.0,-1.59,0.775413313232924,0.04092454210196597,0.3893360172858679,80.04965666841575,80.36087835499077
591,-1.9500000000000028,-10.0,-4.98,0.6401777598794096,0.22465628112954114,0.402483427634939,98.58960945900398,98.98641503712706
592,-3.0,-14.05,-8.85,0.5331747665663169,0.23937043886758447,0.3989622190792119,97.04461224552318,97.43171509911801
593,0.0,-6.0,-2.89,0.6508076606408073,0.14667570002327662,0.3998960666937922,89.06045377234142,89.41620233682177
594,-3.0,-12.0,-7.66,0.5452729336519412,0.24649891344795163,0.40211896649992646,96.8546826851983,97.24417824373334
595,-2.0,-11.0,-5.93,0.5809092527948334,0.22501611553221496,0.3877777549992012,99.17421640172651,99.55870443632912
596,0.0,-3.0,-0.9,1.0339040095812662,0.14670554766959917,0.444301500956465,71.54376171612867,71.86148983505888
597,0.0,-4.0,-1.42,0.9225067655371944,0.1388950645158372,0.44536101156850827,75.69458571029821,76.03174213943916
598,0.04999999999999716,-3.0,-1.38,0.6817138914226619,0.11618256627241297,0.3691035777951367,78.53796327529336,78.82787723373478
599,-1.0,-7.0,-3.71,0.6033416706628351,0.20694270266644565,0.3891832415823041,96.87721061676339,97.25422746975822
600,0.0,-4.0,-1.48,0.8240801955147665,0.14695503142254293,0.438754712423167,75.09970991727751,75.42859793285582
601,0.0,-4.0,-1.62,0.8726973084634814,0.14710702048761684,0.4434581722975026,76.36410432748687,76.70246040798789
602,0.0,-3.0,-1.2,0.8755863163139828,0.1469153254332809,0.41314182740661937,74.02829721980032,74.3346842129351
603,-0.9500000000000028,-6.0,-3.35,0.5350589103877644,0.2020280428551062,0.37865618919775484,85.967299124293,86.29255395647651
604,0.0,-3.0,-1.07,1.059572056755692,0.14696144884609302,0.41535241711138293,73.61203175889021,73.91804785359534
605,0.0,-4.0,-1.8,0.7419208245280643,0.14741559952875813,0.4178584504171241,78.67414013390191,79.0023630254823
606,0.0,-5.0,-2.09,0.7359269516165,0.14741394142452074,0.41391612143597173,79.69172565808518,80.02189080188501
607,-5.0,-16.05,-10.5,0.5187321990191556,0.27075442089605806,0.38541647016411645,106.51098236454942,106.92132209090363
608,-3.0,-12.0,-7.08,0.59966421765525,0.2559673992900162,0.4126064634087039,93.23700456741473,93.62179093574093
609,-1.9500000000000028,-10.05,-6.29,0.5459516166356717,0.21719740972466464,0.3866221043682567,104.34397637278366,104.74739967385995
610,0.0,-5.0,-2.11,0.7857638523735955,0.1472898903466222,0.4271252551035605,79.87436093161962,80.21538898367143
611,0.0,-1.0,-0.33,1.177039017982105,0.1467835533741029,0.4116908932242527,74.6284047463451,74.93537703606691
612,0.0,-5.05,-2.29,0.7181996201528856,0.14702468243850023,0.3825900722436235,84.26305230763339,84.58535376239857
613,0.0,-5.0,-2.34,0.661547405995818,0.14753817515895237,0.39564801497821195,82.85305472459106,83.18096173228234
614,0.0,-4.05,-1.92,0.6712932160601217,0.14574194149151548,0.3757420814984917,81.1391834742866,81.44386363583857
615,0.0,-3.0,-1.12,0.7202590152868222,0.146530184149497,0.34946502379241884,90.26353301200196,90.57914739684716
616,-1.0,-8.05,-4.15,0.6105463096518181,0.20413112227974153,0.38028313386941903,88.00893239268962,88.34375168461973
617,0.0,-3.0,-1.31,0.7190798269210479,0.1464716876986149,0.3694559429393405,77.51417210637155,77.80029685330072
618,-1.0,-8.0,-3.99,0.6472364573395518,0.2177408937678651,0.40876756089996397,97.85399861938703,98.253974248751
619,-1.0,-8.0,-3.81,0.6587319293438927,0.20110390984089072,0.40515835569730885,87.57509216977297,87.930191587113
620,0.0,-4.0,-2.03,0.6286640246523929,0.14800045108054274,0.3684637596486894,91.79482760634102,92.13307145773544
621,0.0,-3.0,-1.25,0.8365251485887711,0.1467011858776909,0.4175571031091054,76.39619294347338,76.71515475604343
622,0.0,-1.0499999999999998,-0.43,0.8757929209915204,0.14691532543326996,0.3856798878020136,67.0008666386824,67.25829454993375
623,0.0,-2.0,-0.44,1.1934995224055454,0.14670554766959698,0.41203462340861075,66.52410406458104,66.79829494984911
624,-5.0,-18.0,-11.54,0.555023895607736,0.26658881582893085,0.3973874781801618,106.35799663085812,106.78075024821605
625,-0.9500000000000028,-5.0,-2.73,0.6436533820891633,0.21005051173387523,0.394353102138501,83.37376831245403,83.70275370158689
626,0.0,-5.0,-2.19,0.8055909964788306,0.14702168071141986,0.43423585403252835,85.03310229442678,85.40189301909334
627,0.0,-5.0,-1.74,0.7846954283794363,0.14758738250773323,0.3929578511822606,77.98431411103364,78.2910785512575
628,-1.9500000000000028,-10.0,-5.24,0.5780381167229894,0.22472680712081172,0.3850650929017426,97.8296018991808,98.20621626216064
629,0.0,-5.0,-1.91,0.6950722736258838,0.14722088386214774,0.3720722407510294,80.4853426978977,80.78433664819777
630,-1.9500000000000028,-10.0,-5.95,0.6041263357767351,0.22780313613036707,0.4078344078397155,97.0467564460476,97.44247493614192
631,0.0,-4.0,-1.53,0.820518163678394,0.14702468243849567,0.41786968659011314,78.0547340308842,78.38128134886898
632,0.0,-3.0,-0.99,0.7843368715370702,0.14669863414249518,0.37128839399066105,80.21414154764288,80.51213253325261
633,0.0,-5.0,-1.91,0.7635555872171386,0.13023771051890903,0.4061159050501374,84.18511710109613,84.5265757191357
634,0.0,-1.0,-0.19,2.0738599760881273,0.1467055476695894,0.44015630446829646,58.94905060761045,59.20100336131904
635,0.0,-3.0,-0.92,0.9689420926248852,0.14678355337409113,0.40205691998607057,74.26244805104555,74.56088307510664
636,0.0,-5.0,-1.91,0.7550972741220129,0.14609812671421502,0.38638659838593314,84.43603370414071,84.762527510544
637,0.0,-7.0,-3.48,0.6183764298114361,0.15620765334580433,0.39641519681361254,89.24213289983237,89.59611371416776
638,-1.0,-7.0,-3.74,0.605713958246399,0.21791576218975875,0.4009450651969322,88.50068140740133,88.85560241742952
639,-2.950000000000003,-11.0,-6.66,0.5598047375316286,0.24885250655812324,0.39418190749988774,97.72605714397983,98.11133214617271
640,0.0,-3.0,-1.15,0.9491821504099948,0.14705191504300896,0.4384937424292184,75.52556792242456,75.85690520542401
641,-1.0,-7.05,-3.18,0.6794532902239687,0.2090570442637786,0.3764091191586873,90.34639113220132,90.68654405592827
642,0.0,-2.0,-0.61,1.0489629627162662,0.14691532543326938,0.39247734507159393,69.77214452148158,70.04492509830443
643,0.0,-5.0,-2.28,0.7546192619839129,0.14944545604211334,0.43026749332822894,80.14638775234944,80.49119254192678
644,-25.950000000000003,-49.0,-35.65,0.46977068145774487,0.32306662764705996,0.3863651632767779,122.77917085738785,123.25356500117078
645,-1.9500000000000028,-9.049999999999999,-5.39,0.5900856240220634,0.23299087246947392,0.4035022552970879,88.34526574298367,88.7015764235348
646,0.0,-3.0,-1.06,0.942390154782472,0.14635799762384955,0.43228607671533104,72.97071381735721,73.28561376252392
647,-19.950000000000003,-38.0,-27.78,0.4663791449733777,0.31238520739297587,0.3822523323088398,119.05876196854192,119.5138827646287
648,0.0,-6.0,-3.0,0.6071444684122663,0.1696175096877358,0.3837766187300761,85.26846125856555,85.59606343432125
649,0.0,-4.0,-1.64,0.7943025562432128,0.14724792052480404,0.4430031885475578,77.51751632709421,77.86083509659153
650,0.0,-4.0,-1.43,0.7962071212726192,0.1469025911332521,0.38713870845781356,81.96311313355903,82.28068540151442
651,0.0,-7.0,-3.39,0.6760658910908115,0.1601042288486792,0.40138440044555607,91.28475992876764,91.6508847362405
652,-2.0,-10.0,-6.12,0.563510255200888,0.2190505066569944,0.4127380009756933,93.17642422283312,93.56108071038098
653,0.0,-1.0,-0.23,1.0575600619307202,0.14668862066007296,0.32258956239330977,65.27890530331807,65.48895499129468
654,0.0,-2.05,-0.92,0.8143775986891572,0.14694677932346092,0.3870966011566393,73.46646744983691,73.75074371213604
655,0.0,-2.0,-0.46,1.5398653628785888,0.14647168769861932,0.478908855650987,66.11702935000642,66.4344478050929
656,0.0,-5.0,-2.31,0.7905906136151174,0.14725339713931873,0.4294054226209654,84.67167373781554,85.03551225839489
657,0.0,-3.0,-0.82,1.1824417771028448,0.1467746875849931,0.43156158110979365,72.49034638379983,72.80242412751902
658,0.0,-1.0499999999999998,-0.39,1.3147472183990556,0.14670554766958244,0.4645741133702208,65.80689207149422,66.11107166247658
659,0.0,-5.0,-2.13,0.6800882800140815,0.1473467412851298,0.37088812838071306,85.9613007687698,86.28022580635806
660,0.0,-5.0,-2.35,0.7349957315533688,0.14684009913812904,0.39911368857595475,83.60613088086171,83.93997870833506
661,0.0,-5.0,-1.95,0.8196427490624244,0.14654892249189766,0.4083279523967608,84.19729087449247,84.54042978750698
662,-2.0,-7.05,-4.7,0.5885952278741136,0.25974312364769964,0.42185602533223643,89.55818192306498,89.9361049085762
663,0.0,-2.0,-0.41,1.148054812339163,0.14677213584980955,0.3740357473864124,70.95495462313052,71.2208940563388
664,-1.0,-8.0,-4.78,0.576800330122265,0.19525960838292733,0.3978965310001163,90.74593143660533,91.10677122928577
665,0.0,-4.0,-1.67,0.727802938953611,0.14745108578453886,0.3879182747737993,83.41918781324908,83.74313852993794
666,0.0,-5.0,-1.94,0.8534160746267424,0.14697490843315741,0.42868480812166915,80.04089047228177,80.38451989380553
667,-2.0,-9.0,-4.77,0.5936854522755548,0.24208457038087342,0.3909819217612119,94.3176534019571,94.68643768062617
668,0.0,-5.0,-1.97,0.8583551455306703,0.14011294691087292,0.415546634853,81.50845780821467,81.8473611917154
669,0.0,-3.05,-1.08,0.7872683406534469,0.1467055476695816,0.36688102773352155,78.87537156740002,79.16513211173454
670,0.04999999999999716,-4.05,-1.67,0.9071242290065877,0.122204869181915,0.41834786999346685,79.35134999109795,79.6835499342466
671,-1.0,-8.0,-4.31,0.6196220669335648,0.20725899387552943,0.40251940656591684,91.61942510110231,91.98826328353913
672,0.0,-2.05,-0.73,1.1704547114944137,0.14695114111538932,0.4435789842898309,71.43391405660556,71.75152872400305
673,-1.0,-9.0,-5.54,0.5475991549399641,0.19900303817510895,0.38351590001589614,95.64603074940956,96.01290492717126
674,0.0,-3.0,-1.12,0.842227966728255,0.13824596926831115,0.40998279037504304,76.09001451977397,76.4023118504882
675,0.0,-4.0,-1.54,0.7274771849305963,0.14728175331770005,0.4041478516302222,80.79274017464962,81.11943621269549
676,-2.0,-10.0,-5.97,0.5946959221989899,0.23482921210200058,0.4273671077358652,91.30049601756376,91.69076342720494
677,0.0,-6.05,-3.13,0.6852546311329162,0.1475788117418073,0.4101252971334562,88.32267643108382,88.68516746050165
678,0.0,-3.0,-1.04,0.9678913745016084,0.14647168769861907,0.4259639635886745,72.43191353902058,72.74184576606713
679,0.0,-2.0,-0.35,1.1879383181829004,0.1469900644329022,0.35114857960431783,69.2061258935496,69.44932371144536
680,0.0,-3.05,-1.07,0.830128361848679,0.1467790493769088,0.37842409156871243,77.53713473075608,77.83060258130544
681,0.0,-3.0,-1.08,0.9273085886741798,0.14670554766960348,0.4307748312020599,73.16612251281734,73.48042707352366
682,-1.0,-9.0,-4.82,0.6159134211431931,0.2052506633631362,0.3893725763350717,93.46082551933421,93.82464500412821
683,0.04999999999999716,-1.0,-0.21,1.5658373249956312,0.07913203794472654,0.36925998730805837,61.37486703883233,61.596076338154724
684,-1.0,-9.0,-4.81,0.5964572205854736,0.20793279341504958,0.3928515417855952,92.49438784431149,92.85780671940704
685,0.0,-2.0,-0.32,1.6801542881198621,0.14677904937690847,0.49268098278085076,62.62097085916905,62.927289686043714
686,0.0,-3.0,-0.84,0.8518263270766182,0.14705294324028645,0.3919508256134335,75.09126840689623,75.38615819266712
687,0.0,-2.0,-0.48,1.4043607362351085,0.14706389015144986,0.4462631242728529,69.26069781455058,69.56981015414219
688,0.0,-1.0,-0.26,1.4131262965542604,0.14647168769861768,0.4261424940343998,64.3958726832733,64.67116507955073
689,0.0,-5.0,-2.48,0.6286425940744953,0.14729324148893663,0.36762317679184986,88.12135093834335,88.44534518927618
690,0.0,-2.0,-0.42,1.4698819303337733,0.14696624538916356,0.42301466820692535,67.00525820930983,67.29012919375012
691,-1.0,-8.0,-3.86,0.6006103233006348,0.2115432124726852,0.37521120365386584,90.60052922403096,90.94034465398084
692,0.0,-2.05,-0.81,0.8691017794734021,0.146915325433273,0.36485352140032723,74.83680002784725,75.10969667410328
693,-1.0,-7.0,-4.33,0.5873165450810525,0.19455758843078855,0.39520003718778696,91.34129511938428,91.70224762390721
694,0.0,-3.0,-0.85,1.1213682216531595,0.14678355337407875,0.42329403150182243,72.53359108736045,72.84050866916301
695,-1.0,-7.05,-3.79,0.6274961686826174,0.21607584667560542,0.3976672122139909,89.95634147948131,90.31427669999742
696,-1.0,-8.05,-4.5,0.6271850681577318,0.21189620953285926,0.409400041577459,89.7588305789976,90.12625809506636
697,0.0,-3.05,-1.2,0.8351895720808422,0.14699006443292378,0.40537962504771835,77.78874645773296,78.10443782482815
698,0.0,-6.0,-2.81,0.6832802208578335,0.14761565894366913,0.4183834658672519,83.69994982748081,84.04990648670265
699,0.0,-5.0,-2.62,0.6094166953263526,0.1477843272905893,0.382703486618889,86.19706102815378,86.52712767007402
700,0.0,-4.0,-1.55,0.9450222968194382,0.14523946940796822,0.43944483947298657,77.31716647539649,77.65682632134477
701,0.0,-6.05,-2.95,0.6499092026071828,0.1466336269655837,0.36761464096792457,88.3811384791812,88.70580173312605
702,0.0,-5.0,-1.95,0.7949091156266632,0.14518750253899465,0.41091062341036505,80.78956740249453,81.12184238293834
703,-3.0,-14.0,-8.18,0.5597442539396509,0.24611025233828504,0.38855435358451124,99.34838879240742,99.7343468570528
704,-3.0,-11.0,-6.87,0.5977531773238031,0.26176713382144207,0.4150379801994404,93.76677650557251,94.15602733417425
705,0.0,-6.0,-3.0,0.6702612748667933,0.14841762987722495,0.4128007807249358,85.5682414070823,85.92156508258392
706,-1.0,-7.0,-3.43,0.7041704345382297,0.22294670774463618,0.41746952188383724,85.98170003221891,86.34048855810376
707,0.0,-4.0,-2.1,0.6208904636970765,0.13880292171791225,0.38143048980162986,84.64604920287853,84.96872287851212
708,0.0,-3.0,-1.13,0.9193025666124905,0.13584529320224553,0.44688057430033673,74.01386971977976,74.34497659564842
709,-1.0,-7.05,-3.59,0.666010355720738,0.21813468020823606,0.4031955368907184,88.79945848779671,89.15769873756271
710,0.04999999999999716,-5.05,-1.81,0.9626679435176372,0.12066286813980089,0.40986634542001743,80.06029601103678,80.38846925171205
711,0.0,-5.0,-2.18,0.7940999840178146,0.14774200899645445,0.4146399506732841,83.51825631625474,83.86493496724046
712,-12.950000000000003,-32.05,-22.25,0.532803551176151,0.30881590204515913,0.4108084690618381,108.64608425878274,109.09234324371866
713,0.0,-4.0,-1.77,0.6650229508879476,0.14729324148894155,0.38459831588662574,82.55954070009965,82.87694228456272
714,0.0,-5.0,-2.17,0.7442090592547169,0.14741158956271377,0.40312615950637715,81.31536620138182,81.64326988404245
715,-2.0,-10.05,-5.76,0.6288503460100621,0.24019438616069205,0.41433745823265766,95.03827306256842,95.4322522257899
716,-13.0,-27.0,-20.62,0.4913712553375322,0.3096623368769246,0.4133523281696598,107.14385566117323,107.58676698584848
717,0.0,-5.0,-2.01,0.7273852424213333,0.14743356675616637,0.39045441146692556,83.68394639982243,84.01078055559678
718,0.0,-6.05,-2.95,0.8169134598442154,0.14778730743717963,0.45661282444139606,82.97994129931605,83.35916733796459
719,-1.0,-7.05,-4.1,0.6012472957350512,0.20248624224826542,0.38885309862328304,90.62470774908417,90.97733146949709
720,-1.0,-8.0,-4.43,0.5997683565338686,0.20960071189142743,0.39446664110986496,89.39050156137083,89.74308302142624
721,0.0,-4.0,-1.86,0.6986486463677738,0.1476759952697699,0.4017419121731499,82.3825868554661,82.71336447060052
722,-29.0,-53.05,-41.19,0.4935599351264376,0.3468121743144786,0.4165279505283895,123.11492834133061,123.62764783269577
723,-1.0,-6.05,-3.11,0.6401893943901418,0.1982038911844542,0.38126069716162264,87.72513547403344,88.05935278015062
724,0.0,-3.0,-1.0,0.8310200292168765,0.14690259113325016,0.3948129302685323,77.28529008095535,77.59061368975277
725,-8.0,-21.0,-14.9,0.5303006767304974,0.287429797687235,0.40768043583060115,105.55900825348694,105.98945930879341
726,0.0,-6.0,-2.74,0.5961499844320371,0.14742943919914805,0.36758422351655584,87.45640565006447,87.7778502750335
727,-1.0,-8.0,-4.24,0.5773026568361119,0.19787289784173182,0.37379457996319476,91.76836124120975,92.11127256411223
728,0.0,-2.0,-0.43,1.4657154580295815,0.14670118587768627,0.4585236574571784,66.9135556151904,67.22200749476177
729,-0.9500000000000028,-5.05,-2.62,0.6197487840860976,0.21720987917861756,0.386298283338173,85.34733628407419,85.67702494961648
730,0.0,-4.0,-1.54,0.7503288407823974,0.14698226616275478,0.379946392550887,81.45460872379358,81.76465846304997
731,0.0,-4.0,-1.69,0.6897531562340236,0.14671671454568547,0.35947825534239797,81.96107337680164,82.25564716111903
732,-9.950000000000003,-22.05,-16.01,0.48628210421609064,0.2980468343317944,0.39128962258480365,107.4366673624788,107.85701601640547
733,0.0,-4.0,-1.51,0.8681230257534122,0.1471301283717104,0.42816050313463416,79.3121779026037,79.65140922505886
734,0.0,-5.0,-2.09,0.6710839371673352,0.14741575316401925,0.3827080294349758,84.96446353761561,85.28950110482661
735,0.0,-5.0,-2.55,0.6737647024067874,0.1473411117479005,0.40502695975673325,86.21688824001433,86.56603426573695
736,-1.0,-8.0,-4.09,0.6287592727953245,0.20779965537835388,0.3981280721655594,91.77880880936404,92.14419207338663
737,-1.0,-9.049999999999999,-5.24,0.5775383631945343,0.19789153381590413,0.3907011170055493,94.21474184328942,94.58289629458277
738,-0.9500000000000028,-6.0,-3.0,0.6877476407386258,0.2240469860217854,0.42614367641999473,85.97719615811137,86.34349692515929
739,-5.0,-16.0,-10.37,0.51350535387349,0.26626530246223296,0.3846337947261589,102.78003264785256,103.17534974358632
740,-1.0,-6.0,-2.9,0.7051018883951666,0.22619257788503216,0.41259388055596397,85.8859837787722,86.23994169628187
741,-8.0,-23.0,-14.3,0.5643557730190482,0.28544240847716873,0.40503868980377145,102.73580234851717,103.1520133771564
742,-5.950000000000003,-18.0,-11.94,0.5259842230962769,0.27645285223049504,0.3972340024421326,103.10449911389671,103.51403066029609
743,-0.9500000000000028,-6.0,-3.27,0.647655928824918,0.178717142220768,0.39878721681707496,88.07533262366086,88.42673578340634
744,-12.950000000000003,-27.1,-20.26,0.5075492005673657,0.3104818726558114,0.4137984903256702,107.44853915215793,107.89314663682534
745,-1.9500000000000028,-10.0,-5.64,0.5496751066096338,0.21516377388209146,0.38085211085041487,94.49775456033251,94.85757975563712
746,0.0,-4.0,-1.71,0.8143530911058469,0.14755350938896608,0.41850485105886115,80.51845983182946,80.8557121507351
747,0.0,-1.0,-0.06,1.4994873656674133,0.14674873677589534,1.011651112488363,49.6619838563487,50.040241251180134
748,0.0,-5.0,-2.18,0.7240816950529406,0.1376147177715447,0.40879433159210904,83.59490613546892,83.93647776001715
749,-16.85000000000001,-32.05,-25.2,0.5047829719316923,0.3313763624146371,0.42111417186200334,109.14494221293425,109.60459763766286
750,-1.0,-6.05,-3.14,0.5821160914523417,0.2095131371486079,0.3770963398465829,88.92736201193662,89.26230985600992
751,0.0,-5.0,-2.22,0.7786326625655119,0.14733063252068634,0.4297259871802554,79.16828298395379,79.50812805662838
752,-2.0,-11.0,-6.09,0.564546712036838,0.22242577313115752,0.377358267583934,95.69472019664234,96.05586679513564
753,0.0,-7.0,-3.14,0.7629945526831612,0.14758405126798704,0.4098158335431988,84.01914953990122,84.36334208890653
754,-1.0,-7.0,-3.59,0.6450779601526808,0.21718043587500707,0.40482636431470104,87.83921649652255,88.19465327361277
755,-1.0,-8.0,-3.84,0.6728482644318632,0.20894531477795064,0.40803446984669134,86.19694235871424,86.54861043216313
756,0.0,-6.0,-2.62,0.6676781450152651,0.1475528914356838,0.38934834402019886,85.24479180653105,85.57669249262653
757,-0.9500000000000028,-7.0,-4.12,0.6070115356036783,0.19808746873364438,0.40838871482488037,88.33026932578892,88.69094091003443
758,0.0,-3.0,-1.19,0.9052859964349966,0.14717749043547426,0.4156683288028102,75.89954113965116,76.21460738469217
759,-6.0,-19.0,-11.84,0.5883412068623808,0.30338501948038704,0.42075410251527223,98.51883757990909,98.93338192617776
760,0.0,-2.05,-0.8,0.8375188013069778,0.14678355337410356,0.37765057216749454,74.08433243992911,74.3644471770581
761,0.0,-4.05,-2.27,0.6640871839118307,0.14124572703189153,0.4186070311756969,80.4774120626537,80.8142071636532
762,0.0,-5.05,-2.24,0.7425918106544327,0.14755149859725755,0.4068362394312854,83.01788592341772,83.355411162432
763,0.0,-4.05,-1.63,0.830514588653107,0.14696711504878057,0.404031349898902,78.1840933275055,78.50050239112106
764,0.0,-6.0,-2.72,0.7012405796561184,0.1451149198265643,0.39150515691456905,84.88676519170939,85.21897553128025
765,-7.0,-21.0,-13.62,0.5517266766682052,0.276610729629041,0.40204495506484916,101.35619991062211,101.76377627177585
766,0.0,-5.0,-2.52,0.6978555586301365,0.1474666344664202,0.4064223251928161,82.13189833440738,82.46583951027932
767,0.0,-5.0,-2.22,0.790770410408916,0.14700185913422548,0.42978431038958986,80.39711695341316,80.74229334290163
768,0.0,-2.0,-0.34,1.2871769266463318,0.14691726065588537,0.39082996011525983,64.85585100841492,65.10908154357385
769,0.0,-6.0,-2.35,0.7715907948192648,0.1481504189124761,0.4082506652448108,81.17898866730923,81.51029924872992
770,-2.0,-9.049999999999999,-5.49,0.5906521560164336,0.24997812815909762,0.40507746530365524,92.5023209989536,92.87710743046352
771,-1.0,-8.0,-3.79,0.6702092139541083,0.21021488071278763,0.4037671851749636,87.37080862342059,87.7235315888293
772,0.0,-6.0,-3.04,0.688657107623828,0.15212860824837388,0.4387571350940458,81.90366804237713,82.26283373215014
773,-1.0,-6.0,-3.21,0.6019222684317863,0.2068849445351325,0.3962641364775598,86.19879445219205,86.54049050430227
774,-3.950000000000003,-12.05,-7.66,0.5485439238153624,0.25756122826050476,0.38446393720250877,94.2263328158533,94.5885616981148
775,0.0,-3.0,-1.45,0.7116388468114885,0.1472156895977645,0.39922940865877155,77.85545548526215,78.16612739706457
776,0.0,-3.0,-1.28,0.8285307669478751,0.14437550724089004,0.4173767345861636,75.72346601282588,76.03947554313743
777,0.0,-2.0,-0.68,0.8346306186466738,0.14661560993124617,0.3744820436859693,72.54566899482691,72.81734167134334
778,0.0,-4.0,-1.62,0.7889146078518923,0.14717339732077672,0.4042875273989066,80.1261526361808,80.45017192422924
779,0.0,-8.0,-3.72,0.6503953923057854,0.15044679145844653,0.3988845034379543,86.70600664662966,87.05183849732839
780,0.0,-5.0,-2.38,0.7412543340646279,0.14732178184294376,0.4062006691490286,83.02808907538628,83.36526021638741
781,-2.0,-10.0,-5.71,0.6537399992835083,0.24593659737624893,0.43644177043876853,88.91592726141887,89.30387200799467
782,0.0,-4.0,-1.6,0.8524363119326184,0.14717115570509665,0.4188419483173038,77.83169705892998,78.15845708588145
783,0.0,-6.0,-2.75,0.6876607407570243,0.1464434886247971,0.39995884247793406,84.11025000490515,84.44633016132387
784,-11.0,-26.099999999999998,-18.51,0.5118866356063408,0.30526478559757847,0.4089071050080214,105.21512996563551,105.64529648730442
785,0.0,-5.05,-2.49,0.7668665695162991,0.14778700851393337,0.4153934690856886,83.22514041788708,83.57049638524552
786,-0.9500000000000028,-7.0,-3.6,0.6005452556164959,0.1957500972007715,0.3779214123932216,87.00297956890935,87.33202652952163
787,0.0,-2.05,-0.7,1.1194670188384697,0.1465201706670988,0.4043332237049455,71.71586040581023,72.0060672594333
788,-2.0,-9.0,-5.54,0.5800163841869641,0.24104570318358265,0.40224121571768634,90.69937340550463,91.0642640663606
789,-1.9500000000000028,-9.0,-4.48,0.6238132754337483,0.23716510985321756,0.37827253744437445,90.96783266957931,91.31197470237812
790,-6.0,-17.0,-11.08,0.5387778483497576,0.2845096588374239,0.4060703282774493,98.85321915053339,99.25459974627735
791,-1.0,-6.0,-2.79,0.711503872740518,0.223358606034797,0.412755688764532,84.73950984314324,85.08955076922301
792,-2.950000000000003,-14.0,-8.3,0.5860212596165689,0.2485090118817276,0.4191075896423658,96.04972144561509,96.45230211271205
793,-4.0,-15.05,-9.18,0.5558178311499505,0.26709458229885535,0.3913851246110931,99.86074320666336,100.25166637960436
794,-13.0,-28.0,-20.84,0.48298591571656685,0.3038244235000237,0.40179252486839095,108.76740804820824,109.20446126507102
795,-10.0,-24.05,-17.16,0.5155676665282256,0.30662990691033826,0.4097719681432644,107.19659969335181,107.63590013516989
796,-30.0,-55.05,-41.93,0.4560044133141958,0.31231407708233505,0.3844505472588688,120.6443239013751,121.10811660113757
797,0.04999999999999716,-4.05,-1.75,0.8841472323647276,0.11738280004077849,0.4370002969655497,80.62893305979328,80.98084802857339
798,0.0,-6.0,-2.64,0.6811033512756819,0.1468443337885468,0.3972480169474307,85.57168522397745,85.91167811216441
799,-14.0,-31.0,-22.25,0.5094490386978443,0.30966655918493,0.40909457788485076,113.71415670489984,114.17937335866475
800,0.0,-3.0,-1.22,0.8361809033045124,0.1465201706671106,0.41668665865038507,76.64129445671846,76.9599362347467
801,0.0,-4.0,-1.47,0.8906619100595223,0.14661305819607454,0.43569953718750876,78.57741782860407,78.91929172169505
802,-5.950000000000003,-18.049999999999997,-12.58,0.48897457409310824,0.25177288469001846,0.38603397153902697,104.65292052229694,105.05691873810812
803,0.0,-8.0,-3.85,0.6758677736876401,0.14726645696656718,0.42608487780796656,88.78712234223062,89.16501822012611
804,0.0,-2.0,-0.45,1.020703441709973,0.1468241911146761,0.3461654758027338,71.31105637319591,71.5589364081024
805,-33.0,-57.0,-44.71,0.4776890207728761,0.34522484179000584,0.41190805005158815,120.85005167142161,121.34787086464497
806,-0.9500000000000028,-6.0,-3.17,0.6547756320609985,0.19648830279945234,0.40119114760570823,86.48124627183,86.8285495987098
807,-0.9500000000000028,-7.0,-3.25,0.7070489940623609,0.21386977177426117,0.42593965228962133,86.52990146511918,86.89826947887609
808,-5.0,-17.0,-10.47,0.5224013559208126,0.2754371667365933,0.3954257440090476,99.68420145481748,100.07841737737677
809,-1.0,-8.0,-3.86,0.6505939649604051,0.19693603053330097,0.3958173785269027,87.09239871826236,87.43718691877525
810,-8.0,-21.049999999999997,-14.99,0.4803042690231987,0.27596973797993024,0.37683191006606637,105.47890025999705,105.87634937798863
811,-1.0,-8.0,-4.56,0.5715912475689916,0.20341609733749108,0.39055071450879936,91.1852821395577,91.54151322936617
812,0.0,-4.0,-1.83,0.6655787700061193,0.14618288715915262,0.36575484649310086,84.09316177023592,84.40030558239408
813,-3.0,-11.0,-6.79,0.5965936723128568,0.2565129138125921,0.4244465399174939,94.08537254021441,94.48478164514786
814,0.0,-5.0,-2.28,0.6317019985953267,0.14770778021897776,0.3833341213599055,85.70013379488766,86.02860619227172
815,0.0,-4.0,-1.66,0.8112206842601032,0.1474340224518815,0.4210118462165795,81.30374805520661,81.64526734476969
816,-6.950000000000003,-19.0,-12.62,0.5602277001091769,0.30372858713621836,0.4201830835047185,102.57616174297962,103.00710357388566
817,0.0,-2.0,-0.49,1.1062166054747944,0.1466156099312616,0.3639254150090413,72.91368369412335,73.1778416091404
818,-1.0,-9.0,-4.91,0.6890615721502648,0.1997946433530497,0.43154040860106796,90.95427195833263,91.34668838196845
819,0.0,-3.0,-0.91,0.9930873471290351,0.1470529432402919,0.3931920502945697,77.09481018442995,77.3986940981263
820,-2.950000000000003,-12.0,-6.63,0.6099015276739811,0.2580781917083114,0.4224575977347159,92.35989489094122,92.75000679210136
821,-1.0,-8.0,-4.27,0.6057931250686277,0.20211728030544518,0.3850401485987295,94.32767509275034,94.69094719324106
822,0.0,-2.05,-0.76,1.0308262704945363,0.1469870627058369,0.3873091120495304,76.74251130695852,77.03975024067967
823,-1.0,-8.0,-3.47,0.7145941470753836,0.20680745927769115,0.3953485597217496,86.20081623873301,86.54172279142729
824,-2.0,-11.05,-6.59,0.5724435646110635,0.23788109275436164,0.4052057046577201,99.88529714254311,100.28999531636816
825,-1.9500000000000028,-9.0,-4.95,0.6353973132167823,0.24877575191141194,0.42766165619534957,89.46150113381529,89.84408990442783
826,0.0,-1.0,-0.31,1.4215557269270644,0.14698938840004655,0.41850355577810583,68.04683466553257,68.3284755763947
827,-10.0,-23.0,-16.37,0.5088924782753804,0.31249794379410034,0.41285949877688494,105.65911681418525,106.09533587600713
828,0.0,-4.0,-1.44,0.7994413805948622,0.14706389015144558,0.3972372918259104,82.0042224158872,82.32997064445338
829,-1.0,-8.0,-4.06,0.6621785765484133,0.19800249109354878,0.3975740010013265,87.66261500924378,88.01137671185346
830,-1.0,-7.0,-3.62,0.6270841096383148,0.2187032928492781,0.38294610060096707,91.52335010544473,91.8738926974438
831,-1.0,-7.0,-4.06,0.52817877006634,0.2067625510306337,0.3651658063682854,92.45909402370444,92.79675973942138
832,-8.0,-22.0,-15.1,0.5225135288846723,0.2824164092720843,0.4055898595934419,105.2916145706871,105.71864200168098
833,0.0,-5.0,-2.54,0.6396147741657889,0.14813796182309819,0.3953946383734824,84.63999653085308,84.97460163548146
834,-7.0,-19.0,-12.87,0.5003012440422179,0.2744002132370347,0.3837218902868099,105.33903076524821,105.74323171565648
835,0.0,-4.0,-1.6,0.6866113944411188,0.1472551250891012,0.3860711962923847,81.93560245595062,82.25209053294756
836,0.0,-4.0,-2.01,0.6071468842670902,0.14770932541605397,0.3736628998047023,83.5073207703558,83.81925517035376
837,0.0,-5.0,-1.76,0.7197062450201668,0.14701566861423643,0.36686584837747405,84.01127408132474,84.3191438005402
838,-8.0,-23.0,-15.33,0.5478437376389766,0.28184020362455126,0.41402539839801394,107.91303299572965,108.35981884894954
839,0.0,-4.0,-1.46,0.8651751855147751,0.14707308746763811,0.40114604834183737,79.661080373553,79.98101316035468
840,0.0,-3.0,-0.85,0.8671951295593059,0.14670118587766223,0.3977470143999748,74.41116037280807,74.70762597168354
841,-1.0,-7.05,-3.85,0.6174652323142669,0.21252178104704428,0.37781764010529373,92.41324408770346,92.76226633612903
842,-1.0,-10.0,-5.5,0.647290665926031,0.20395087836888717,0.41708648139706095,94.56249596008429,94.95697552216126
843,-2.0,-10.0,-5.23,0.5618806090700279,0.22865883069467322,0.3797993884000559,97.05630648008648,97.42490931054445
844,-2.0,-12.0,-6.26,0.6171128331893632,0.22967773296776478,0.40276337718869015,98.6972883330502,99.09484521958517
845,0.0,-5.0,-2.26,0.6439246903077035,0.14777591499771506,0.36434262406370377,89.09324708768838,89.41794984449814
846,0.0,-2.05,-0.82,0.7627394127926562,0.14670554766960045,0.35497951183862064,80.40396114918734,80.68877351601152
847,-2.0,-9.049999999999999,-5.46,0.5720586626413976,0.23130081658284374,0.39209863196355527,96.16425180259222,96.54130773291529
848,-8.900000000000006,-20.0,-13.95,0.4961912435436361,0.28883846298003873,0.3941627050497518,106.07800640916783,106.49608028879135
849,-8.950000000000003,-21.0,-14.55,0.4896445531146939,0.2875851974354999,0.38005129307730484,109.27416145648763,109.68949220924449
850,0.0,-5.0,-1.63,0.857034279672522,0.14678355337408622,0.38693001866444265,83.54402604987737,83.8673466273285
851,0.0,-2.0,-0.71,0.984568292020558,0.1465301841494997,0.4005397722083628,74.66989397943361,74.96933127631354
852,-2.0,-9.0,-4.89,0.6126741458578608,0.24104533668644237,0.3996141542692896,95.48189884627928,95.86349013186971
853,0.0,-2.0,-0.39,1.1038422197658488,0.14680890507950106,0.3544292942834715,72.66142429635893,72.92024925361535
854,-2.0,-12.0,-6.4,0.6122850366074696,0.23038266136334426,0.40232384475810645,104.52472345774389,104.94538484801785
855,0.0,-4.0,-1.65,0.7100039906343933,0.14721338833617303,0.3747243713736467,86.58843402402695,86.91305989070034
856,-1.0,-11.0,-6.22,0.5798887953604739,0.18766097324152636,0.38176843310166575,101.40582031029804,101.79301650426007
857,0.0,-2.0,-0.58,0.9255787972555027,0.14661560993125797,0.37111839070979097,76.12812821407272,76.41099172225954
858,0.0,-4.05,-2.17,0.6378120230895348,0.14744506505921515,0.37909135743611716,91.72319025188914,92.07047113976641
859,0.0,-5.0,-2.55,0.6468317070234731,0.14825347731058977,0.4073972944088096,88.80470370235273,89.16604911263099
860,0.0,-1.0,-0.13,2.0732128504488356,0.14670554766959576,0.3809910622301333,63.6482387141341,63.89486026806382
861,0.0,-1.0499999999999998,-0.3,1.2399147355805271,0.14678355337408866,0.3872697492074557,67.80462465673965,68.06616679740881
862,0.0,-2.0,-0.51,0.859908908836635,0.1466156099312564,0.340584604922585,74.26725016135312,74.52088865939857
863,-12.0,-25.0,-18.19,0.5039163731340145,0.3200314008917454,0.4019453240519732,109.54303848266632,109.98332667368634
864,0.0,-5.0,-1.85,0.7213906344115626,0.14737126301300665,0.3596603593495906,84.5315158544547,84.8352341815663
865,0.0,-4.0,-1.68,0.6762693563054968,0.14713285205556811,0.3689415614811838,83.86174372402587,84.17110182720644
866,0.0,-3.0,-0.81,1.0121363543622097,0.14691145692234486,0.3862030342871836,76.05174344168373,76.34632089492644
867,-3.0,-13.049999999999999,-8.14,0.5402880636979134,0.23847948905422045,0.3811163977867305,100.03012890207167,100.4113984818679
868,0.0,-6.0,-2.8,0.6481615634322645,0.14834002903857205,0.3958099015369621,88.0098047956417,88.35814860913655
869,0.0,-1.0,-0.17,0.9996031121498786,0.14681581860660714,0.2710763557378675,66.76177303083391,66.94011519591578
870,0.0,-2.0,-0.6,1.1354469892086823,0.14678355337408724,0.4054150153893405,73.0559607213929,73.35210358259937
871,0.0,-2.0,-0.57,1.0423896535490966,0.1469172606558766,0.4102344777344215,72.94257350137846,73.24054235860052
872,0.0,-1.0,-0.19,1.6876818138389924,0.14678355337410054,0.39941997734688295,64.02797767220576,64.28275805280488
873,-2.950000000000003,-11.0,-6.42,0.5603648316927919,0.24381092805100807,0.38429108685740887,98.07512221024173,98.45209888164474
874,0.0,-5.0,-2.42,0.6725996404936471,0.14784738504631229,0.40473472744286726,87.28542654375308,87.63877808702603
875,0.0,-3.0,-0.83,0.970495045489383,0.14676212236741024,0.3649213361700873,76.85691699763296,77.13681691863951
876,0.0,-4.0,-1.33,0.8649877083202465,0.14724412151351166,0.4018241544326316,79.74822517744182,80.06849298948828
877,0.0,-4.0,-1.69,0.7606152050606256,0.14726058101585965,0.3886507208767027,82.38234328303783,82.70221334666476
878,0.0,-6.0,-2.87,0.6850223864451621,0.14844875568810276,0.40116404323751603,87.2626459437013,87.61300513591154
879,0.0,-1.0,-0.12,1.5920708314547005,0.14678355337409943,0.306557849750876,63.57410614449329,63.76712958737514
880,0.0,-4.0,-1.55,0.7557924522728291,0.14705294324027962,0.37536833335222625,82.6241348422125,82.93434221386002
881,0.0,-3.0,-0.83,0.7237030159447168,0.14496363380154886,0.3457664059582322,77.82283964814692,78.09164569427826
882,0.0,-2.0,-0.49,1.1093962648564772,0.1468241911146982,0.3669426601935858,74.28574637974042,74.55987311786241
883,-6.0,-17.049999999999997,-11.4,0.5374344364106206,0.285947870348054,0.4016745095523093,105.56303797939356,105.98705016975943
884,0.0,-5.0,-2.08,0.7555819305568626,0.14745870983454493,0.41201712311026895,85.36541744881578,85.7173098572582
885,0.0,-1.0,-0.27,1.0940242123447073,0.1467055476695857,0.33535127209185395,68.44316739405572,68.67042247954917
886,0.0,-6.0,-3.05,0.6644353974330343,0.14771575560808922,0.40685307062758436,90.17814525298739,90.54526799037345
887,0.0,-5.0,-2.41,0.6541047127775318,0.1475460538081606,0.39192648165141136,90.47367071610266,90.8280065745611
888,-4.0,-13.049999999999999,-8.36,0.5060849687685036,0.25681996805176216,0.37265794129705154,104.20575476935834,104.59408913231768
889,0.0,-2.0,-1.05,0.7519493413550564,0.14720997418935378,0.4080736582933824,79.50129097123921,79.8253712709741
890,0.0,-4.05,-2.2,0.6579630517946264,0.14747625660212443,0.3862859342604085,91.01448310580139,91.36665962314048
891,-5.950000000000003,-16.0,-11.0,0.5013053789689487,0.28500459435587844,0.3944721332876039,121.76087830392993,122.24111777924847
892,-1.0,-8.0,-4.51,0.5670272329389046,0.20949220089689186,0.38112767247221835,112.92130245090122,113.35168791917299
893,-1.0,-7.0,-3.5,0.651669489862179,0.21454368844930782,0.4089135288775905,90.78110334934509,91.15242713371372
894,0.0,-6.0,-2.22,0.7290624484523588,0.14762459657681049,0.3762914134844673,86.45979266447574,86.78508119628692
895,0.0,-3.0,-1.15,0.6720520870485072,0.1465301841494941,0.35280317843204273,79.61176562244177,79.8928537019325
896,0.0,-7.0,-3.28,0.6273611039032008,0.14801952071852137,0.3937632332425305,88.9918300127764,89.34180972446374
897,0.0,-2.0,-0.54,1.1558234008952715,0.1469790900133229,0.3786901036971317,71.3913893895565,71.66300094495567
898,0.0,-1.0499999999999998,-0.42,0.91168049634016,0.1467835533741065,0.3818484370591009,69.96648497061673,70.23344612744054
899,0.0,0.0,-0.01,0.14834793001367622,0.14663798771189912,0.5486530093887753,47.65353781187291,47.9187609043007
900,0.0,-3.0,-0.83,1.1126083178976882,0.147063890151456,0.42119153686676614,74.14524076679362,74.45799587029248
901,0.0,-4.0,-1.73,0.7799396831228305,0.14717875705166272,0.4047751992230579,81.64926680598957,81.98020172654455
902,-2.0,-8.05,-5.15,0.5330837251383436,0.24593475586468125,0.3857832936682485,94.55041836154578,94.9150011461415
903,-8.0,-19.05,-13.85,0.5132945927678004,0.2886178970534691,0.4040428966857228,105.7124490436017,106.13958295415165
904,0.0,-4.0,-1.3,0.7890877855310352,0.14725104919737797,0.371669933623489,79.42051995454455,79.71510194890611
905,0.0,-2.0,-0.39,1.392596304360597,0.14681581860659498,0.46494102637300855,66.91857397266185,67.22820077924342
906,-2.0,-10.05,-5.42,0.5895342753312572,0.22973395701335814,0.37758324309464053,95.83125254030082,96.19292335792981
907,0.0,-6.0,-2.74,0.6706682358183339,0.14791084418041747,0.3755422884791838,87.45481180152295,87.78347223333421
908,0.0,-6.0,-2.81,0.6181503597484727,0.14725330238991602,0.37703265118894413,87.1981463677343,87.52659728800526
909,0.0,-4.0,-1.68,0.7577041675653738,0.14702168071143187,0.400188319177743,80.51041653814298,80.83281642721657
910,0.0,-2.0,-0.54,1.0913783804259343,0.1469814157075314,0.40252170137792503,70.78546373576616,71.06869052396688
911,0.0,-3.0,-0.77,1.0671239787716382,0.1468158186066149,0.423935347152757,73.39175879170423,73.70317295936569
912,0.0,-1.0,-0.36,0.9592512546769298,0.14678355337408064,0.3792538710636335,68.69950935093388,68.9614442424482
913,0.0,-3.0,-1.25,0.8029086485691228,0.14698141570754433,0.39708118516433677,79.60392500527273,79.92046921040827
914,0.0,-3.05,-1.24,0.8105344989173401,0.1345838520710101,0.37710172775148615,77.88829732294663,78.18198608309416
915,0.0,-2.0,-0.28,1.5156115688031926,0.14697909001331486,0.38661750267791334,65.36094397818084,65.61565131483485
916,0.0,-1.0,-0.21,1.7478099809948697,0.1467055476696075,0.41849249248010945,61.457639751127054,61.71694981427449
917,-6.0,-19.0,-12.57,0.5251441363775444,0.2647817319818816,0.39227881587198415,103.76377062040837,104.17089408580225
918,0.0,-3.0,-0.95,0.841454499734544,0.14697909001331833,0.38392910729149626,75.49112455774511,75.78119490304285
919,0.0,-3.05,-1.1,0.8158647789213634,0.14731128162171528,0.36721434830265215,77.90481220256157,78.19032094700393
920,-7.0,-18.049999999999997,-12.91,0.49778088819899197,0.27501204863596884,0.39159048005446656,102.54521958100466,102.94675081324978
921,0.0,-4.0,-1.62,0.7844113805812887,0.1472111420485814,0.4097669679212918,81.13692955230601,81.46945926664502
922,0.0,-1.0,-0.23,1.8616384531348713,0.14661560993125652,0.45561703417994587,63.51472360297208,63.807705946509365
923,0.0,0.0,0.0,0.148343766659526,0.14678355337409166,0.14758260948493418,54.597184213639956,54.6777592294284
924,0.0,-1.0,-0.32,1.0203531668355348,0.14678355337410032,0.37582416696809856,66.05462634334454,66.3030820485932
925,-2.0,-8.0,-4.83,0.5592366604462987,0.25391468360781433,0.40045225245082494,90.87137374726544,91.2352532822498
926,0.0,-4.0,-1.65,0.8038615558017889,0.14705294324029475,0.40598668118931025,79.72378977352025,80.0474434089446
927,0.0,-2.05,-0.8,0.9129211757517123,0.14710548301628307,0.3856865572718561,73.99959045281277,74.28496484728775
928,0.0,-6.0,-3.14,0.5770499907756941,0.14770410161387168,0.380967175629945,87.94197912813803,88.27711100666987
929,-2.950000000000003,-11.0,-6.27,0.5843306592708776,0.25057770236442356,0.40392159563279384,94.66638983909046,95.04865248686112
930,0.0,-2.0,-0.54,0.7668210616963826,0.14702510205388153,0.3235456706596762,72.64410356783053,72.87892088192716
931,0.0,-6.0,-2.93,0.6905272288456032,0.14784183003378873,0.41219325782338906,85.1279896246741,85.4789756756564
932,0.0,-2.0,-0.58,1.3836859510722166,0.14691726065589172,0.48012094845407466,66.86730791419944,67.18925898917026
933,0.0,-4.0,-1.64,0.8331740871943389,0.1468114568146783,0.39587037317340174,78.66953549776858,78.98126946625057
934,0.0,-2.0,-0.46,1.022443042234444,0.14690695292519432,0.3870040458874336,68.54916457293635,68.81416320380644
935,0.0,-4.0,-1.34,0.7622679913037709,0.14733108821642615,0.3742147960854454,78.677191040654,78.97143286110932
936,0.0,-5.0,-1.94,0.7839504632080166,0.14741571996650182,0.3983934542077604,81.64921443664095,81.97431775360026
937,1.0,-4.0,-1.33,0.7698312891751321,-0.0340851933833912,0.383857270832227,78.50541184643077,78.80608398563942
938,-44.95,-76.0,-59.42,0.458997937414228,0.33512515550046984,0.3934100751432447,127.50684483878949,128.00845888020055
939,0.0,-1.0499999999999998,-0.35,0.8011804854621348,0.1465201706671083,0.3089779963204773,71.52540009818202,71.7479290960816
940,0.0,-3.0,-1.09,0.8503328817876318,0.14705864680869069,0.4227011251491755,76.7790281623106,77.10358011875023
941,-31.0,-57.0,-44.1,0.4594500834949679,0.31682092116639987,0.38992848056666246,122.75380797782849,123.23244124959365
942,0.0,-7.0,-2.79,0.7934371643019068,0.14716335743493208,0.410381240475209,84.46939655941539,84.8165876852456
943,0.0,-4.0,-1.96,0.7396202321825147,0.14764289270831882,0.4089378287690111,80.85916860433979,81.18992361376613
944,0.0,-6.0,-2.69,0.7087276308707992,0.147686802205658,0.4136273952671965,84.14749867678002,84.4952155760156
945,-1.0,-6.05,-3.35,0.7018949174104793,0.21592274801058142,0.42541280830359357,85.40714070102514,85.77056734394421
946,0.0,-2.0,-0.43,1.045664638918244,0.1469114569223601,0.38659507918927827,67.37004632679063,67.62980061159229
947,0.0,-3.05,-1.33,0.8861871666617028,0.14678355337408738,0.41423020416050593,77.33266648815744,77.65398499652312
948,0.0,-4.0,-1.34,0.7954422668428478,0.14713108619503343,0.37595549665206496,79.0493553857193,79.34633262818902
949,0.0,-2.0,-0.45,1.1531660861807622,0.1470251020538868,0.4275330267830929,67.47885480670293,67.76716691132266
950,0.0,-2.0,-0.55,1.3598915072180202,0.1469511411153768,0.43243212375997236,70.71442083772416,71.0210458667181
951,-1.0,-7.0,-3.95,0.5977265400324592,0.20875507841771962,0.38577319637289703,92.76593622665244,93.12383996050151
952,0.0,-2.05,-0.87,0.8077090078219189,0.14661305819606185,0.3876493405565904,76.12464489220545,76.42013026139882
953,0.0,-4.05,-1.82,0.7371733181574278,0.1475243151306686,0.3938991047252187,83.04378114451409,83.37055465935713
954,0.0,-4.0,-1.58,0.7963920746747918,0.1471035374322427,0.3958487801911702,81.09903998658686,81.42029467750152
955,0.0,-4.0,-1.26,0.7895405759021508,0.1469893884000625,0.3800644156764967,80.32951991093395,80.63464551207483
956,0.0,-2.0,-0.72,0.8412631185543334,0.14670118587770037,0.385047881100092,75.49675387924626,75.78802288298141
957,0.0,-2.0,-0.64,1.0695055058262417,0.14696144884608828,0.41484897856857134,71.18940018112205,71.48432704765395
958,0.0,-3.0,-0.87,0.7542161396022057,0.14710490686308142,0.33659843029961295,77.05245050011544,77.3116393282166
959,0.0,-2.0,-0.73,0.9272666660566508,0.14670554766958468,0.40574800851373183,73.05212783350214,73.34700661224336
960,0.0,-3.0,-1.03,0.8647214968948206,0.14698033094015092,0.3904909772950807,78.10259115670047,78.40732950995454
961,0.0,-4.0,-1.51,0.8058004659002006,0.1469814157075462,0.39574061810284816,80.84430933315055,81.16396094205345
962,0.0,-3.0,-1.06,0.8354559721816476,0.14702510205388417,0.42457176929250195,75.82481229495563,76.14663845718965
963,0.0,-1.0,-0.14,1.2408984300505304,0.14670554766960262,0.2930546084729117,65.15143062113746,65.34257966009596
964,0.0,-6.0,-3.1,0.6383710523576054,0.14950036665375274,0.3791937306067839,88.85265827876474,89.18952163099677
965,0.0,-2.0,-0.65,0.9618873588844057,0.14682419111468845,0.41622702098303704,72.58772687964083,72.89032186206785
966,-4.0,-14.0,-8.53,0.5426321089981041,0.25855788527312024,0.39160480809179515,101.19636824515456,101.59260095665331
967,0.0,-5.0,-1.76,0.8465965453073276,0.14728989034663134,0.41551674137712824,81.05339615022432,81.3900782967948
968,0.0,-3.0,-1.27,0.833151908710344,0.14477717804017595,0.40504654103826765,77.79053974423135,78.10573315456176
969,-11.950000000000003,-26.049999999999997,-18.25,0.4982170310593222,0.30831830757271095,0.3934710416867391,108.50668440122041,108.93359290456837
970,0.0,-4.0,-1.36,0.8247492860801946,0.14483030962422377,0.40004108690669826,77.89742042108604,78.20903113551547
971,0.0,-2.0,-0.51,0.851842807886703,0.14678355337408602,0.3906298302723723,69.81331834347738,70.08595204654847
972,0.0,-2.0,-0.51,0.977020705369287,0.14681581860660478,0.36234251821490865,70.32596452239852,70.58021724583908
973,0.0,-3.0,-0.89,1.0597360009856598,0.14676212236740604,0.4396953585409939,72.79027372438225,73.11066933340743
974,0.0,-3.0,-1.44,0.6825489549250787,0.14725472458714195,0.3725217484661152,80.64953362688922,80.95003593059204
975,-35.95,-58.05,-47.18,0.4586005028968639,0.3368763735819673,0.39745471689381484,121.70553787518642,122.1892651890514
976,0.0,-6.0,-2.7,0.6765266699266274,0.14826943754312674,0.3729069382492025,85.11414886058445,85.43114543945097
977,0.0,-2.0,-0.61,0.9401833469495657,0.1469814157075289,0.3904929986044561,69.09365917995568,69.3636651528506
978,0.0,-1.0,-0.12,1.7945298636382023,0.14670554766960017,0.32387376189125255,60.706149017844325,60.90144213154902
979,0.0,-2.0,-0.79,1.0244988243695679,0.14682419111470055,0.4364011116533137,71.92864951349655,72.24327593252748
980,0.0,-3.0,-0.93,0.9340542654543089,0.13952614712038872,0.40878265585351303,73.97139386265815,74.2730769270537
981,-5.950000000000003,-15.0,-9.78,0.56032243956042,0.3107384458175571,0.41436670436833123,99.43834701261397,99.85041866120062
982,0.0,-7.0,-3.41,0.6164195756556672,0.15907071992166819,0.4032945671864925,87.07220148866432,87.42346985957172
983,-2.0,-10.0,-5.79,0.622444447340805,0.24554271603357278,0.4170860532220616,90.79517233007363,91.17381270942505
984,0.0,-3.0,-1.19,0.8005278546857076,0.1469114569223645,0.39088348744377543,75.98895968776769,76.28592056716715
985,0.0,-1.0,-0.15,3.030758080242259,0.14691726065587818,0.5769773361327882,56.766922595984134,57.09630366600372
986,0.0,-4.0,-1.47,0.8076923835413479,0.14605449737016496,0.40621213085941876,79.1057015872043,79.42614828338156
987,0.0,-4.0,-1.56,0.8271187795581252,0.1471024516177538,0.40496340078345805,78.38974221232831,78.70776432278979
988,0.0,-2.0,-0.44,1.0125158213452379,0.14661560993124925,0.3851852521063689,67.46441811807212,67.72483360745528
989,0.0,-2.0,-0.6,0.9501557078590369,0.1469900644328977,0.40571031399359436,70.61202465206355,70.89975090267255
990,-0.9500000000000028,-9.0,-4.51,0.6222403304375383,0.17776511348122578,0.3976074851090327,90.5141203847143,90.87391355550315
991,0.0,-1.0499999999999998,-0.44,1.4755251890068992,0.1470251020538955,0.4967019441279256,66.6823206637406,67.01467939302461
992,0.0,-3.0,-1.15,0.7821327082005337,0.14705112123999703,0.38350252458163053,79.03861039746532,79.34160829280165
993,-12.0,-27.0,-19.26,0.4902800643985338,0.3091540497545145,0.39347482398117967,111.23852949505259,111.67620812910043
994,0.0,-1.0,-0.34,1.2223596394913163,0.14678355337409202,0.39277258473061366,66.96825821033646,67.22911764782461
995,0.0,-2.0,-0.46,1.097600877729206,0.14702510205389335,0.4135809081909552,68.43679784421516,68.7206478036663
996,0.0,-1.0,-0.34,1.1058594502132422,0.14670118587768208,0.3692023988461008,68.12622528874437,68.37749819446357
997,-4.0,-12.0,-8.07,0.5093187509020292,0.2639304818232708,0.39001521187613064,101.27876490485727,101.67386036197259
998,0.0,0.0,0.0,0.14829887250380566,0.1467964793449159,0.14757266343699924,38.22692833428864,38.28333793828757
999,-3.0,-11.0,-6.48,0.5351558051834021,0.25102589879608866,0.3849849281309137,97.61726493112374,97.99309343101353
1000,0.0,-5.0,-2.17,0.7013483981487385,0.14744043836473247,0.3944838832745043,84.62390237246578,84.9577914686091
1001,0.0,-3.0,-0.98,0.8341623164441955,0.14713108619503254,0.4034847967287345,76.18153447598463,76.48871872082984
1002,0.0,-4.0,-1.57,0.9437693916652623,0.14749283492524576,0.4400367844636746,79.71334457425965,80.06439330353273
1003,0.0,-4.0,-1.77,0.8669475051130833,0.14718154891791344,0.41694192801151236,81.67300361004087,82.01410641403587
1004,-7.0,-16.0,-11.44,0.4787084839577237,0.29016500841934567,0.38492166305579106,102.01503688117666,102.40771697140454
1005,0.0,-5.05,-2.68,0.679353838578734,0.1471724979916938,0.4018810272187231,86.4487922669926,86.79638413932231
1006,0.0,-3.0,-0.79,1.0015203999405182,0.14699006443291646,0.39133003270391925,74.25007454339547,74.54153177623989
1007,0.04999999999999716,-3.0,-0.95,0.8337829310448043,0.09042600737218463,0.35827884302727786,77.51910834604446,77.796945982212
1008,-1.0,-8.0,-4.31,0.5628641214285617,0.20889848440104367,0.3944882991691253,90.509261691983,90.86619070580313
1009,0.0,-2.0,-0.48,1.2952155844998294,0.14660304471368182,0.4171451860370924,69.58611034597877,69.87566146535886
1010,-2.950000000000003,-11.05,-6.67,0.5452033308605656,0.24824367459830662,0.3808282240027659,96.8187291337957,97.18750728349704
1011,0.0,-1.0,-0.4,0.916226301922791,0.14670554766960708,0.38664399641352093,68.8218764959911,69.0874764935378
1012,0.0,-1.0,-0.35,1.1416894585822106,0.1467055476695986,0.4138678077416415,66.23415929547185,66.50639684580932
1013,0.0,-1.0,-0.3,1.0145112102385183,0.1466030447136854,0.34203591590140336,68.52863716237043,68.76438110058132
1014,-1.0,-8.05,-4.41,0.6335869141784632,0.215733080401169,0.4094662327570378,91.78056542304108,92.15652840337093
1015,0.0,-2.0,-0.5,1.0733607206112197,0.14670118587766742,0.37049142122574424,71.99374772344113,72.2589558594975
1016,0.0,-2.0,-0.41,1.2753869574489525,0.14696624538917794,0.395639372795962,69.6810764814767,69.95485732635358
1017,0.0,0.0,-0.03,0.14843374183379948,0.14670554766959323,0.38406569199311597,56.19239105063316,56.423062739271856
1018,0.0,-1.0,-0.36,0.8398407656182196,0.14696144884609647,0.33649158237867793,71.72101105083553,71.96242804911888
1019,1.0,-2.0,-0.64,0.8086094101448761,-0.163990125435481,0.3357230968441457,77.1459819535367,77.40452504235739
1020,0.0,-1.0,-0.1,2.2937351036383324,0.14696624538917413,0.39369728866990483,59.70703976621578,59.93816175204257
1021,0.0,-1.0,-0.12,2.344755524022123,0.14670554766959182,0.37964139026449745,60.90560992444561,61.129783364713475
1022,0.0,-2.0,-0.57,1.2514555852321054,0.14670554766961258,0.42546049855812756,72.45946937588029,72.76531648404962
1023,0.0,-3.0,-0.81,0.9566566999106227,0.14699006443292748,0.3955245044959922,76.80059011885105,77.10505285291849
1024,0.0,-1.0499999999999998,-0.32,1.48594509306663,0.14678355337409518,0.44070985927369755,67.0605104723182,67.35541712561812
1025,0.0,-1.0,-0.07,4.07914492265668,0.14678355337409515,0.6383902770060683,55.734426035841196,56.09869681277834
1026,0.0,-1.0,-0.12,1.5390497051794734,0.1466156099312639,0.29954826977476706,65.00177416156643,65.19628874654816
1027,0.0,-2.0,-0.74,0.9779852140767189,0.1470529432402993,0.4185827968520247,75.27331453840155,75.58731491353532
1028,0.0,-2.05,-0.79,1.1338875263856416,0.1469172606558706,0.45154462630669195,75.27462211046283,75.61405730152745
1029,0.0,-2.0,-0.53,1.108212151506657,0.14661560993124917,0.40461520425948494,73.45608794101217,73.75400714741859
1030,0.0,-2.05,-0.82,1.140707404809216,0.14705112124000075,0.4551643182416874,75.18584484562916,75.53019341213017
1031,0.0,-1.0,-0.15,2.2348195083242786,0.14670554766958308,0.4198838625466652,64.6830794222552,64.95320135663337
1032,0.0,-4.0,-1.94,0.6474717035306652,0.14736349923589187,0.38793994594591064,89.44161903986344,89.78802666082377
1033,0.0,-2.0,-0.51,1.1018888204434492,0.1467011858776697,0.4197785839876838,76.06253815734966,76.38050867707423
1034,0.0,-2.0,-0.69,0.8597383203189638,0.14682032260378006,0.3740462930801609,78.38729719359854,78.68095048638722
1035,-5.950000000000003,-17.049999999999997,-11.35,0.5136189513061891,0.26974327264946735,0.3905241051970881,109.69504434528724,110.12340606247807
1036,-14.950000000000003,-31.0,-21.9,0.47936946665226843,0.2993465127531596,0.38257978355194416,127.37149455358009,127.8587947569449
1037,-6.0,-17.0,-10.69,0.5579179403145916,0.2945566677441904,0.4015727331657435,105.5880412424909,106.01206880901856
1038,-10.0,-21.0,-15.68,0.4996856258252478,0.3168380516400332,0.4081976977915132,107.09998110183304,107.53716495873253
1039,-17.0,-35.05,-25.93,0.4950886554307567,0.3148268387677163,0.39821782546132206,116.09680245738781,116.55906273021152
1040,0.0,-1.0,-0.19,2.337763532110647,0.14682419111468664,0.4351756360031236,62.85072971940601,63.12556639319323
1041,-8.950000000000003,-24.0,-16.02,0.5080127144426501,0.2890331120470688,0.39884363641745213,109.31604451021343,109.75203826023997
1042,0.0,-1.0,-0.11,1.9616451708276126,0.14653018414949565,0.35770786993668446,59.49693016494726,59.7058464826454
1043,0.0,-3.0,-0.88,0.8625640771101921,0.1451795924006038,0.3931969751766152,75.43377905643179,75.72945313366945
1044,0.0,-2.0,-0.39,1.3619237939582827,0.14682419111468778,0.42614517132505,66.5131561555652,66.79480580911547
1045,0.0,-2.0,-0.52,0.9146901324707384,0.14670554766961655,0.35045987248492105,71.18047621062703,71.4297241156745
1046,0.04999999999999716,-4.0,-1.43,0.7953172830790092,0.09983961237228622,0.3850720029250941,78.85146157534638,79.15474294652711
1047,0.0,-3.0,-1.08,1.1482691683635036,0.14613320706283978,0.4582019826768079,74.72953373627205,75.07251477450204
1048,0.0,-2.0,-0.84,0.8041719368005148,0.1384776707065867,0.389173868912701,74.06591220306446,74.35399877900257
1049,0.0,-5.0,-2.19,0.7746224517431868,0.14658221421557838,0.4231152197478484,80.99306121975265,81.33583445480792
1050,-1.0,-11.0,-6.41,0.5925714186082699,0.1944331562324082,0.40719579587187127,93.18644012716966,93.56580665624135
1051,0.0,-2.0,-0.76,0.8022703009345308,0.14605959741096572,0.3796752800842136,73.98182817394029,74.26329842591743
1052,0.0,0.0,-0.03,0.14842147431250777,0.14673713124316953,0.25950051014105757,47.33076223871069,47.256077810170446
1053,-20.0,-40.15,-29.31,0.5001171640799156,0.32197905829830575,0.40270265871924715,111.97667820502139,112.42757578463079
1054,0.0,-1.0499999999999998,-0.36,1.1274861217641154,0.1467011858776919,0.3826949746666885,66.31554074196988,66.56983842029031
1055,0.0,-1.0,-0.16,1.8429642801898267,0.1466030447136684,0.372130093023551,60.79035466195264,61.013687100089
1056,0.0,-3.0,-0.89,1.0144841769956532,0.1471787570516478,0.43257942590666276,71.62373999141931,71.93422012801585
1057,0.0,-5.0,-2.19,0.7701099516825635,0.1468013060748421,0.4086295890781981,81.76356210221556,82.09750566792937
1058,0.0,-5.0,-2.04,0.8861920434858053,0.14725472458715053,0.4367058755540551,80.55783308852115,80.90960449628939
1059,0.0,-1.0,-0.33,1.4390456081002163,0.14682419111469014,0.42587542984445337,64.11365959397305,64.38691784347724
1060,0.0,0.0,0.0,0.1483261887824877,0.14664249170908153,0.14752352076017514,39.502652526820924,39.56092929311338
1061,0.0,-2.0,-0.56,1.156877237787403,0.1466130581960601,0.40326410701298604,69.65639939686866,69.9372331935324
1062,0.0,-1.0,-0.17,2.170483228281142,0.1467055476696031,0.43813671560508943,59.59308579009487,59.854670034221925
1063,0.0,-6.0,-2.55,0.7398016762734644,0.147548306119729,0.3947706928331971,84.92302447701817,85.2584704140206
1064,0.0,-5.0,-1.91,0.7563218006271956,0.14752155229920927,0.42266158971523704,80.70795751203373,81.04859937147565
1065,0.0,-1.0,-0.34,0.8623339259711841,0.14661560993125836,0.32696248615627704,68.62217327438042,68.8451790083383
1066,0.0,-1.0,-0.16,1.6163187477801788,0.14661560993126518,0.355856378797607,62.305267935508866,62.52660686129792
1067,-6.950000000000003,-16.0,-11.04,0.5142932456562574,0.29791008408398006,0.4004813143546413,101.19753033597719,101.60288954172555
1068,0.0,-2.0,-0.3,1.7550540098043863,0.14661305819607773,0.4498942317031764,64.7048056256898,64.9970296870352
1069,0.0,-4.05,-1.48,0.912295765795633,0.14270008871705098,0.4029491860265757,79.48396057915896,79.80426895225351
1070,0.0,-3.0,-1.27,0.8292494625784351,0.1468241911146879,0.4342714504256779,75.77800657655627,76.10682427514989
1071,0.0,-5.0,-2.34,0.6431868151171101,0.1471006197837029,0.38870655493684586,83.41059829341638,83.73472008646257
1072,0.0,-2.0,-0.64,0.861444829623202,0.14647168769861763,0.3609703419966126,72.40885745291594,72.67019480529305
1073,0.0,-1.0,-0.2,1.454361759671437,0.14653018414950178,0.35168998129356227,63.51705732569128,63.73764437248215
1074,0.0,-4.0,-1.51,0.7759892846622181,0.14742665395168397,0.4067269350187736,79.2641919849705,79.58692556290443
1075,0.0,-2.0,-0.64,1.2667750632354244,0.14682419111469167,0.4637845755378441,69.09647121977545,69.41827576568265
1076,0.0,-7.05,-3.39,0.7119311148773322,0.1474302156138292,0.4084502789044837,85.96895103716108,86.32012637534204
1077,0.0,-4.0,-1.47,0.8886686408577866,0.14707251131441348,0.42333129552444587,77.57527012816047,77.9038369680569
1078,0.0,-4.0,-1.83,0.6487131949933131,0.1476536743327915,0.4049772822596167,80.69157187139382,81.01859825844511
1079,0.0,-2.0,-0.71,1.0792129283668177,0.14695951362347665,0.46375476839580215,69.80033729060308,70.12334997972957
1080,0.0,-3.0,-1.01,1.062292542845646,0.1471704796722463,0.43229762891157103,72.37929804641368,72.69174862202424
1081,-4.0,-13.049999999999999,-8.24,0.5640026551162682,0.26436804883027754,0.4026379875997746,95.77075472902148,96.15635296921008
1082,0.0,-3.05,-1.21,0.8923722349873087,0.14581886936651497,0.4113783914416435,75.94207893335688,76.25495308597928
1083,0.0,-1.0,-0.27,1.6014905934964485,0.14678355337408858,0.4449597342302124,60.72969909920626,60.99614774085577
1084,0.0,-6.0,-2.93,0.6789800431765005,0.1531534729236423,0.4182155324198058,86.70980386126088,87.07252665763475
1085,0.0,-5.0,-2.17,0.703353422241363,0.14769499308998482,0.3962750014081442,82.74964767057398,83.07726063303349
1086,0.0,-1.0,-0.19,1.9352425881894069,0.14670554766959823,0.4353858667703683,63.430339688985754,63.70567331787706
1087,0.0,-6.0,-3.45,0.558846108306502,0.17281072667074432,0.37886096727035384,93.30888428476457,93.66210767183858
1088,-9.0,-24.0,-15.48,0.5429693702655205,0.31534634205968065,0.4115988272579149,105.43602508940319,105.87000274228083
1089,0.0,-5.0,-1.94,0.7521773962697957,0.1472403499278595,0.38998903214540964,83.03094190509603,83.35462612280077
1090,-1.0,-9.0,-4.8,0.5782323855116275,0.20386694089202334,0.39535081259008026,90.14236131213069,90.49868947625261
1091,0.0,-4.0,-1.77,0.6656289002457481,0.1466030447136738,0.3929645662461826,81.02069524438525,81.33874940843194
1092,-3.0,-14.0,-8.25,0.581410860652253,0.23369504488544982,0.4107821345554969,99.81877224239466,100.22872062780061
1093,-10.950000000000003,-25.049999999999997,-18.1,0.4934690592394819,0.3029079335431107,0.39452360694335775,109.54500366028478,109.97712628507128
1094,-352.9,-411.09999999999997,-381.77,0.41649151088614994,0.38036424442981925,0.3975040840835613,153.88333282070337,154.49502274930862
1095,-13.950000000000003,-30.0,-21.34,0.48311929931054576,0.30918837708844105,0.39273789658597735,111.13285209537894,111.56927979525524
1096,-213.0,-266.05,-237.76,0.4323799935365237,0.37329553440689955,0.4005453698878088,145.31407146917036,145.89612027190827
1097,0.0,-2.0,-0.68,0.9877421503621501,0.1469662453891839,0.4135481234312849,72.46182146233114,72.76033475443191
1098,0.0,-3.05,-1.61,0.8001066698995785,0.14725169211044353,0.4275320758908107,81.60137170256775,81.94967824794114
1099,-7.0,-15.05,-11.06,0.4877107707226072,0.2920410944401168,0.38882705295957154,100.97367406258368,101.36633105602104
1100,-171.95,-227.04999999999998,-202.46,0.42875070792324244,0.36061590230691826,0.39723780558526,139.93399523877645,140.48986564318668
1101,0.0,-5.0,-2.55,0.6559079862404175,0.14777008623570784,0.3974862491535353,82.42117924734924,82.7486792396101
1102,-3.0,-13.049999999999999,-8.16,0.5887893770598068,0.2516611792092731,0.4157058869877121,93.9287473203671,94.31939105965212
1103,-69.0,-99.05,-84.26,0.4459834498681432,0.3505010878874517,0.39886292916767535,127.9339076831215,128.4441894987184
1104,-103.95,-142.0,-125.23,0.43206205611567317,0.35808450623224913,0.3999754864858588,134.54250758990398,135.08063362025177
1105,-15.0,-33.0,-24.35,0.4751205439479653,0.3042938867638955,0.3937577884747497,108.905207855362,109.33401712972872
1106,-16.0,-32.0,-23.66,0.4860017958743112,0.3182428495641809,0.40127149377739413,107.53264814784467,107.96409506272084
1107,0.0,-2.0,-0.39,1.250368400985252,0.14555404699854074,0.3682292890056073,71.39420256761099,71.65885475292922
1108,-344.0,-405.09999999999997,-371.92,0.42040713467061414,0.3773337524091348,0.39699319333889954,150.40569939936597,151.00280027438896
1109,-2.0,-10.0,-5.82,0.6059560373930472,0.2358657222378739,0.40626333494713834,92.57108468253105,92.94712007653686
1110,0.0,-5.0,-2.33,0.7091530023574719,0.15408823773691202,0.41847990933388873,82.92307464831784,83.27019486534118
1111,0.0,0.0,0.0,0.14843181249154683,0.14661305819608114,0.18135897882602273,58.620660848721165,58.73052608304124
1112,0.0,-5.0,-2.23,0.7025407359150325,0.147040968131839,0.40056782522640555,82.3002821508867,82.63012312364606
1113,0.0,-5.0,-2.04,0.6625176646901538,0.14735654930430053,0.38046242331501867,83.57020986183517,83.88776398719193
1114,0.0,-6.0,-2.74,0.6646689028828743,0.15886855852520282,0.4024876972444862,85.83110355997738,86.1765068114779
1115,-1.0,-8.0,-4.18,0.5886321714950581,0.20348535603767656,0.3839137168630718,88.44160591204567,88.78098611276663
1116,-5.0,-14.0,-9.11,0.5448476665324875,0.28144825268491985,0.41734040091441654,97.96616987635112,98.37515492242326
1117,-444.9,-518.15,-481.17,0.41897536586541206,0.3802462250341365,0.39928939636182703,157.02487444926058,157.6518541218137
1118,-7.0,-19.0,-12.97,0.5198980360136031,0.28743797233666235,0.39853318533283244,100.44626739529667,100.84663149889835
1119,-1.0,-8.0,-4.08,0.6880416233722962,0.20793372245656613,0.43433940667646204,85.8834394777274,86.25596759625368
1120,-339.0,-400.0,-365.12,0.4234079131310219,0.3813350612355447,0.39863941861668556,150.41402984205203,151.01364127947997
1121,-7.950000000000003,-19.0,-13.18,0.5299189511828223,0.29763981349059254,0.41231173301421975,101.53282679287875,101.95141671679326
1122,-402.90000000000003,-466.20000000000005,-435.68,0.41905074144310994,0.38209722688219727,0.400685365116158,154.2044569258158,154.82233025693907
1123,-4.0,-16.0,-10.36,0.5395729672660264,0.24979419212124218,0.39545993249786,98.15440065996096,98.54248272926881
1124,-5.0,-17.0,-10.83,0.5417669166287301,0.2776914098861962,0.404259290515695,97.38338414631367,97.7771167349435
1125,-3.0,-12.0,-7.36,0.5547857666251744,0.2583241363944622,0.4049720394760954,92.80650656919083,93.18218432478749
1126,-133.0,-179.10000000000002,-157.78,0.4394648076751301,0.36373270981585304,0.4032451802879114,140.7511134492122,141.31868421019516
1127,-13.950000000000003,-31.0,-20.93,0.5192696744968915,0.3141908923807666,0.4035803288069143,106.36856328423048,106.79780243923219
1128,-107.95,-145.1,-125.75,0.43864888689574677,0.3625080695068658,0.3988562894578827,136.45326064740368,136.99750459946722
1129,-80.0,-118.05,-99.47,0.45076444480113403,0.35265631631507605,0.40206780003464976,128.87396573434805,129.39212773232018
1130,-35.900000000000006,-60.0,-48.03,0.46087099176052915,0.33426724898484755,0.39977647458595017,117.16400067005496,117.63241578387404
1131,-5.0,-16.05,-11.1,0.5203006039275029,0.2656861572352034,0.39910498192885774,97.39932002864077,97.78806540800069
1132,-45.95,-72.05,-59.27,0.4467634456001921,0.3442299162655434,0.3982318069407662,119.80730394251552,120.28438879939527
1133,0.0,-6.0,-3.13,0.6900662738689461,0.14807626448670871,0.42858511077222994,87.77992245007425,88.156049032744
1134,-33.0,-50.05,-42.51,0.4412461854138196,0.3404988570851853,0.3934584104727902,115.41480509242845,115.86890047627782
1135,-27.0,-46.1,-36.03,0.4775090073714683,0.3387700155982619,0.40243198211619097,113.1519302852883,113.60731941896287
1136,-6.950000000000003,-19.0,-12.32,0.5213985249369822,0.2790967756160735,0.395529583152719,99.82160361923532,100.21634363236933
1137,-52.95,-75.05,-64.1,0.447549397468139,0.35151354795719414,0.400527890208152,121.38031273093691,121.86647906398875
1138,-70.95,-109.0,-91.53,0.4524008792857374,0.3430868830784843,0.40170162262489284,126.68017172076705,127.18904968813092
1139,-156.8,-198.1,-177.67,0.4370271053012902,0.37622732402923453,0.4062327067143332,136.69151012744868,137.24679306788173
1140,-97.0,-137.0,-116.66,0.44570464446959224,0.3583122148245253,0.401675397970048,130.5417563040429,131.0661166653125
1141,-6.0,-19.0,-13.15,0.5127386485183376,0.27140685941944714,0.3964298689426912,99.5801915249105,99.97504048987275
1142,-25.0,-45.1,-35.54,0.47483240668417526,0.3287982163809931,0.4007837084715939,111.75157277791426,112.19948345218549
1143,-89.9,-125.05000000000001,-106.35,0.4421273551622232,0.3601228092916305,0.3997220249141887,129.17007387645086,129.68639750480747
1144,-31.950000000000003,-55.05,-43.01,0.4705164960354682,0.34667397420080687,0.4037895402441587,114.82170938635849,115.2853524516033
1145,-120.95,-167.0,-141.65,0.44178427177954094,0.3649985388972602,0.40020192597316295,133.50763991658684,134.04193074185707
1146,-3.0,-13.0,-8.42,0.523864220678372,0.24501761186060178,0.3926374787577398,94.59161238947017,94.9630424919746
1147,-1.0,-7.05,-3.92,0.6640274902518432,0.2134628093342271,0.41251264830194073,89.55514368900458,89.92467400825197
1148,-39.0,-62.050000000000004,-50.7,0.45287594023841937,0.3373904385606721,0.40009813921023424,117.2872265075808,117.75647815228584
1149,-160.0,-211.05,-184.36,0.44469310733234324,0.373578653308339,0.4091618073124698,146.64399228094786,147.2440063410759
1150,-14.950000000000003,-32.05,-22.94,0.5139690849977003,0.31853073426020767,0.40595802471398146,106.39198027893643,106.82391565611448
1151,-11.0,-24.05,-16.93,0.527177259597497,0.31137318653420204,0.4092679065678053,104.04547961606332,104.47129869908316
1152,-54.95,-89.05,-73.84,0.4555235612980199,0.33847862432550685,0.4010360758682938,123.44588762093504,123.9409473785207
1153,-16.0,-33.1,-24.27,0.5142924625487896,0.32654846779305047,0.4088963466925992,109.63858283501257,110.0868885498846
1154,-13.0,-28.05,-20.13,0.5000170961557774,0.32131609373222364,0.40630871761736737,104.80223543885337,105.2280576833628
1155,-66.95,-96.05,-82.95,0.44327186899327853,0.35630083374746524,0.4042741243465662,125.80448925691852,126.31308316113369
1156,-21.0,-41.050000000000004,-28.93,0.507029515223962,0.3320622401595413,0.39876115620172464,113.57971488594636,114.03263208778554
1157,-8.950000000000003,-23.1,-16.19,0.5193753356279399,0.2877046848762075,0.40438306154936954,104.35641951958945,104.77844485311535
1158,-35.900000000000006,-60.050000000000004,-47.65,0.474167133877001,0.3444035281623419,0.40960165759986217,115.83253292887959,116.30700017219228
1159,-74.95,-105.0,-90.24,0.44510862905700993,0.364386540035934,0.4063743427007164,126.39953871717816,126.91317818083486
1160,-14.950000000000003,-31.0,-23.07,0.47426949899451876,0.3042017976850867,0.39104868489582373,107.1856479016711,107.60474999091912
1161,-121.80000000000001,-162.05,-140.24,0.4440905517384085,0.3667715177055476,0.40253209860866,133.50675470266043,134.0441666712886
1162,-4.0,-14.0,-8.75,0.5605864301107407,0.2711373405006408,0.40268829735460826,98.1803297703153,98.57571755663403
1163,-205.95,-255.05,-230.52,0.43587581516430574,0.3818123769748891,0.40932486559337994,140.4564364327186,141.03135789845962
1164,-13.950000000000003,-28.0,-20.64,0.4900857255410075,0.3203547670361873,0.40199838491316037,105.28019501067688,105.70341952171366
1165,-15.950000000000003,-33.0,-23.74,0.505657873869028,0.3168410196480201,0.40913544415240444,109.00119001740002,109.44710026271697
1166,-24.950000000000003,-46.0,-34.69,0.48890063191375305,0.3324792743466995,0.4027749136960314,116.01576753984662,116.4830658914465
1167,-133.95,-177.1,-156.07,0.437788207851259,0.3688662034425727,0.40498336704159293,134.66470753127737,135.2100680208853
1168,-39.95,-67.05,-52.49,0.4719959855396323,0.341294006662053,0.4039924967443818,117.47628185952198,117.95087322016013
1169,-223.95,-282.04999999999995,-253.11,0.4348308578928081,0.3742278285597675,0.4035788427498537,143.79315292463298,144.37347290840663
1170,-52.900000000000006,-82.0,-66.08,0.4540393001349112,0.34667279527064565,0.40102661350795793,122.26537308643013,122.75568581154623
1171,-139.0,-181.05,-158.87,0.43718378308558276,0.370407671289526,0.4026579814672742,134.8575917806515,135.40061474568208
1172,-0.9500000000000028,-7.0,-3.24,0.6492014224885714,0.20604776876826977,0.394562504926131,87.36128753827725,87.70588037205262
1173,0.04999999999999716,-3.0,-0.87,0.8567635378563353,0.12846650438918145,0.38783107363256347,75.7746361436365,76.0687753170716
1174,-5.0,-16.05,-10.52,0.5918253779741202,0.2766481891098041,0.4240176555824693,98.16838512457402,98.58454664543197
1175,-35.95,-62.0,-49.61,0.4706567128335674,0.3331587370216327,0.40704839134284315,117.54692254271396,118.02538369298327
1176,-132.95,-171.04999999999998,-152.04,0.43775730919986144,0.3727459161986867,0.4038357440367317,135.5214623612855,136.0687523083524
1177,-6.0,-19.05,-12.62,0.569706994004614,0.2799614284406016,0.41979126959099866,99.92902114530702,100.348462979216
1178,-65.0,-94.05,-79.95,0.45769766251287747,0.3600443274513206,0.40709340420563406,125.83977002443766,126.35205071588643
1179,-50.95,-77.05000000000001,-64.33,0.4550086484120397,0.34658805495146167,0.40211418491329115,120.63964062893464,121.12475213816286
1180,-301.95000000000005,-365.09999999999997,-333.34,0.4321538857013662,0.3819970900962264,0.40689528277602977,147.71434421141322,148.31539037397786
1181,-3.950000000000003,-16.0,-9.93,0.5585703147398274,0.24951270999944378,0.4092354686555636,96.37334479693904,96.7677022339504
1182,-248.95,-301.0,-272.69,0.4341653547251565,0.3852606241015014,0.40929593874940456,144.6522607760905,145.24432377717164
1183,-125.95,-166.29999999999998,-145.93,0.443379236828632,0.36756566742305263,0.40511739999772056,133.41713546936583,133.95763103022236
1184,-273.95,-343.1,-307.38,0.4337727028698781,0.3783206792021138,0.4054477965585952,146.97850101966816,147.5744221387497
1185,0.0,-7.0,-3.92,0.6201500225358566,0.14811403133112774,0.40351606427243,86.56989307322317,86.91911227176442
1186,-42.95,-69.05,-54.73,0.4747273141130168,0.34569856317693554,0.4082845190422213,118.61336258111245,119.09765678990244
1187,-76.95,-112.05,-95.56,0.45202332203357276,0.3571464935711435,0.4096579864110836,135.75430941092876,136.31044247236946
1188,-200.85,-250.15,-224.12,0.44012995389612664,0.3810612854376872,0.40802261176329957,140.12582015579878,140.69756920777687
1189,-240.0,-297.0,-271.32,0.4276954670416731,0.37460267503152084,0.4039379903745154,143.08560331243297,143.6635764553082
1190,-224.75,-277.09999999999997,-249.58,0.4341605705186792,0.37835262966048616,0.40623891281534613,142.77703123967575,143.35705315051547
1191,-65.95,-96.1,-81.69,0.46156541895295516,0.35905960236806916,0.4093717838658414,124.95945851485351,125.47100571779987
1192,-229.8,-296.0,-262.6,0.4391676394807276,0.37542715930361403,0.4065573864431661,143.61440296678356,144.19828475354646
1193,-5.0,-17.049999999999997,-10.43,0.5736752625966748,0.27858844434919044,0.41158792898891755,98.83619397902848,99.24294988938942
1194,-5.0,-17.0,-11.27,0.5361423116735203,0.2676062212586984,0.41144008549433947,99.69556213759134,100.10576213965152
1195,-60.95,-91.15,-74.49,0.4605856388947305,0.3570339808731466,0.40528208812406236,123.82473732883491,124.32657766249912
1196,-265.9,-322.0,-289.06,0.434119793976248,0.38570743603057156,0.4064368554721966,144.56823857005395,145.15581628560284
1197,-16.0,-30.05,-23.01,0.49538537876942723,0.3285114069670515,0.4061312722750192,106.735256147368,107.16876868121246
1198,-73.95,-105.0,-89.99,0.4482892375072681,0.35810156057724785,0.4028366407542776,127.26624324226232,127.77890327614236
1199,-79.95,-115.05,-95.65,0.46183716142638026,0.36530019306204425,0.40884133704258785,126.5648502193715,127.0823128297128
1200,-99.9,-138.05,-119.17,0.4513205319641127,0.3628452952164378,0.4067843810082345,130.25174291160016,130.78157979285186
1201,-93.95,-125.0,-107.62,0.4542523446106573,0.37531254273617987,0.41115693739364984,127.39952396821765,127.92333159033727
1202,-205.95,-260.05,-233.61,0.43769911828949226,0.3753369476919151,0.40867896720958496,139.68994686933942,140.2608327346499
1203,-70.85000000000001,-100.1,-86.51,0.4573483115322049,0.36419003142951795,0.41164366114405104,125.14199875575406,125.65714861195627
1204,-46.95,-76.0,-59.8,0.472641493627603,0.3503357046047877,0.4060355157700062,118.02018809106465,118.49940162302504
1205,-39.95,-68.0,-53.11,0.47170835977732994,0.34027429213459337,0.40654568507183325,118.9710807243434,119.4547474060725
1206,-84.0,-116.0,-100.41,0.44728290069537585,0.36588121120243366,0.4078319159256064,131.2314271489585,131.76663310952105
1207,-7.0,-18.0,-12.55,0.4993446002458435,0.2775542100418765,0.39450081125061687,105.79348722243769,106.21085628814699
1208,-14.950000000000003,-32.0,-23.69,0.5143745874582659,0.31371487189734476,0.4195137557816166,107.64896134319923,108.10057508852516
1209,-267.85,-322.0,-295.14,0.4247194162507545,0.3779636019963059,0.4022669543776118,145.62020110485747,146.205978603487
1210,-19.0,-38.0,-27.55,0.5114710807373809,0.3321130390130065,0.41305842281665817,107.84961799844085,108.2950858567589
1211,-38.900000000000006,-65.0,-51.44,0.47098777268781994,0.347976666925932,0.4085258676158242,118.85494150102903,119.3404963855204
1212,-20.0,-40.05,-29.75,0.4969812702624038,0.32510702457618884,0.4094706659010107,110.85140266839025,111.30532605105886
1213,-49.900000000000006,-75.0,-63.15,0.46435818604541274,0.35487658050451665,0.411125925347376,126.93446210572196,127.45632877950078
1214,-222.95000000000002,-276.0,-250.18,0.4287125224214233,0.3757669781733538,0.4031048800408402,141.95686626537127,142.52910118844375
1215,-31.950000000000003,-53.05,-41.77,0.4800661686955914,0.3476841279264141,0.40872061183670666,117.38633261458901,117.86607505854089
1216,-30.950000000000003,-58.05,-45.56,0.48514296578681626,0.33154144189050355,0.4142343848171967,116.60626158786458,117.08931264891628
1217,-31.950000000000003,-56.0,-43.86,0.4555274037703251,0.3260340808585155,0.39747246202102704,117.03346745205774,117.4986211221294
1218,-34.0,-53.05,-43.64,0.4722193553913838,0.3575948789376239,0.41252278670764836,123.67798444448033,124.18818753692412
1219,-27.950000000000003,-47.0,-37.42,0.4740527342398983,0.3432704289839484,0.4068532253386264,115.7902381071577,116.261321308677
1220,-197.85000000000002,-237.14999999999998,-217.01,0.43258060563117645,0.38496287711290955,0.4085128849152818,138.8437443106547,139.41094562457573
1221,-8.0,-20.1,-14.41,0.5125076984802212,0.2929440191753514,0.40186384238678174,105.69350208050164,106.11829414400297
1222,-9.950000000000003,-24.0,-16.48,0.5254086175473703,0.3033046710799603,0.4082544783724368,102.86038552723065,103.2802906394245
1223,-15.0,-32.05,-23.43,0.5055216558357819,0.30987006451091936,0.4005760531441394,109.02588644833727,109.46261249035395
1224,-32.0,-52.05,-41.98,0.4722594123952048,0.34062413336299574,0.40634373474352437,122.82803675692827,123.32717074677483
1225,-15.0,-33.0,-24.16,0.48803320936454836,0.31007939395565765,0.4012288106339359,112.99278541775287,113.44617021666598
1226,-202.95000000000002,-248.1,-228.25,0.4288692923963477,0.3773124422552368,0.4064105056565055,140.13020303557616,140.69970670570132
1227,-17.0,-35.0,-25.76,0.4987335620323246,0.3201579361814302,0.41019425275163324,110.24201162426891,110.69423054510618
1228,-51.0,-81.0,-66.06,0.465545299237259,0.345594097761371,0.4048646916655993,122.66858133761757,123.16521732612156
1229,-13.950000000000003,-30.0,-21.59,0.5114014393828787,0.3128279527548303,0.4113962268114001,105.9444829176403,106.38031103675856
1230,-28.900000000000006,-50.05,-38.62,0.4765846129957236,0.32831944065405094,0.4009306915682573,116.06860043613726,116.53394159126526
1231,0.0,-4.0,-1.44,0.8029701347043052,0.14717749043547235,0.41258869348584876,79.73433914575911,80.06328547670216
1232,-1.0,-10.0,-5.83,0.6138600828707113,0.20108729658243166,0.43045506133701217,92.22642348122454,92.6234605083759
1233,-3.0,-11.0,-6.66,0.589969460203446,0.2651617340233815,0.40693252894534576,94.7764575582666,95.1622569424143
1234,-139.0,-183.04999999999998,-160.21,0.43865191685765964,0.3707803400379458,0.40357920164690275,136.32785152942054,136.87804321915345
1235,-10.0,-28.0,-18.56,0.5070882300951929,0.28623284678925676,0.3949310954261043,105.40620644825339,105.82248679591643
1236,-6.0,-18.0,-11.18,0.5806678281926883,0.2884227529630487,0.41918162065853665,98.03092241502708,98.44188760742232
1237,-1.0,-8.0,-4.36,0.6596853610704969,0.2065583838377297,0.40366303100840883,88.88851968855579,89.24757467202788
1238,-4.0,-13.049999999999999,-8.74,0.5347680601327369,0.27852949459305404,0.39953580446114073,93.63763499293822,94.01165830900638
1239,-12.0,-30.0,-20.03,0.5164714481353604,0.30522804736838566,0.4014918018399644,104.73791266282282,105.15841048096205
1240,-40.0,-66.05,-52.74,0.4715089603060336,0.3418879048311075,0.4069603831567883,119.15036556677187,119.63528826754352
1241,-3.0,-14.0,-7.87,0.5657589513773326,0.24561377725766717,0.39492398317088,94.12181453031587,94.49327627599237
1242,-12.0,-30.05,-22.63,0.4933921675061552,0.29183208438780056,0.40351170230085226,107.74512786367085,108.17987377904936
1243,-4.0,-13.0,-8.74,0.5265975684278523,0.2698101815782107,0.40363738633058055,100.85695465345901,101.26390779739933
1244,-7.950000000000003,-21.049999999999997,-14.24,0.5458920191666613,0.29134422548406325,0.41346605734639874,107.05677646882559,107.4993994028453
1245,-52.0,-80.05,-64.25,0.4668818742970027,0.3561155287889091,0.4041004004084718,122.73505147965423,123.23101340349591
1246,-11.0,-26.0,-17.77,0.5428676328373859,0.3090541959490234,0.4184673804412068,105.49086380616836,105.9323514080082
1247,-2.0,-11.05,-6.18,0.614730496945748,0.22698062843980518,0.4067675098142929,94.95619366922965,95.34239616204572
1248,-2.0,-11.0,-6.53,0.5615409399035536,0.22582619514089897,0.3933704687045574,94.08348364406388,94.45357796008207
1249,-17.0,-33.05,-25.14,0.4941677186010852,0.32330783819315373,0.4038362633870725,111.29169551759435,111.74113695242423
1250,-16.0,-36.0,-25.14,0.5200130048750834,0.312822241392678,0.4042746200002521,108.77120164327839,109.21097205187743
1251,-6.0,-19.0,-12.56,0.5386744222101288,0.27399276468217704,0.4026238501527733,99.86720422393203,100.26930091204038
1252,0.0,-5.0,-2.41,0.7477420864707914,0.1475089253941249,0.42422496483760574,80.84909571470612,81.19257368471285
1253,-11.950000000000003,-26.049999999999997,-18.65,0.5083759451090597,0.3020842770496391,0.40415700333500637,106.79043398771528,107.22210786525301
1254,-8.0,-24.0,-15.48,0.5367520305435047,0.28461293158490125,0.3974503375807059,104.08894972535018,104.50262183441619
1255,-1.0,-8.0,-3.71,0.6591171489190506,0.2065488100900681,0.39571752213833145,87.36103986410924,87.70677261700122
1256,-5.0,-16.0,-9.92,0.5530720013089823,0.2833063895639468,0.405620654162909,98.61919923892513,99.01922554659424
1257,-1.0,-6.05,-2.98,0.6549317688995246,0.22451178329477262,0.4051694437603309,86.50202865219944,86.85261006438935
1258,-21.0,-42.0,-31.16,0.49584325265787293,0.3205695293172622,0.4048696818688141,115.23197295540565,115.69853517500871
1259,-5.0,-14.0,-9.07,0.5530787652269249,0.2981411951403505,0.41559318859682043,97.36562766627601,97.77023937601405
1260,-5.0,-15.05,-10.07,0.5341420764722199,0.263667899008549,0.3978152160975422,98.45583399493366,98.84750347112926
1261,-4.0,-14.0,-8.99,0.5642740821452666,0.27071279866510956,0.4165938042445066,95.7230427956185,96.12171895485908
1262,-12.950000000000003,-28.05,-20.85,0.4946079925231627,0.3101373193286305,0.4046553134944809,110.36516357337288,110.81181789902246
1263,-85.80000000000001,-118.0,-102.04,0.4431759638973952,0.35904497803049584,0.40090853990321357,131.85886127308606,132.38748987614204
1264,-12.0,-26.049999999999997,-18.41,0.5256588284391362,0.3247386142817353,0.4127844719814851,106.18723160806626,106.62556756267512
1265,-5.0,-16.0,-10.06,0.5428364209428435,0.2744389324298256,0.40557705189225923,99.38099838595002,99.78400724855618
1266,-17.0,-37.05,-27.69,0.49861402454701637,0.3127576397941023,0.4049360770363847,115.75584213203405,116.22456191852844
1267,-2.0,-10.05,-5.55,0.6218120486333838,0.25073583865962434,0.4063524635579677,90.4438694804372,90.81138098193412
1268,-8.0,-20.0,-13.26,0.5399031071666932,0.3065716969683927,0.412521322341307,101.33140790867746,101.7494619268117
1269,-7.0,-20.0,-13.11,0.5440829411585493,0.2926714249710472,0.4113006521542664,101.6099502715784,102.0279177064544
1270,0.0,-5.0,-2.54,0.6501707045411524,0.14773018582812222,0.40241022166985974,82.60661057047278,82.93888383018243
1271,-12.0,-28.05,-20.55,0.49505431878002204,0.30597506969766053,0.4035470588981454,110.1343336965217,110.57874831402567
1272,-8.0,-21.0,-13.6,0.5554946828561464,0.2965611614124921,0.40409887560015845,102.76756862932478,103.18284522577063
1273,0.0,-5.0,-2.12,0.698561234090492,0.1449085769990119,0.37518998575255275,84.67894852448552,84.9968539229009
1274,-5.0,-18.0,-11.03,0.5490595341265615,0.2649354102699304,0.39489832095612143,102.94855247948753,103.35501922706628
1275,-1.0,-7.0,-3.97,0.6332285408946918,0.21191414428281893,0.4026807004069801,88.1543804469398,88.50905318008282
1276,-7.0,-17.049999999999997,-11.83,0.51894654932397,0.3060134241853437,0.40244739602111396,99.75512004620788,100.15655114556111
1277,-1.0,-8.0,-4.62,0.6268758648847608,0.2012932522530489,0.40755624990064243,87.59031976856755,87.94731464551278
1278,-6.0,-18.0,-11.48,0.5289156165984703,0.2665140786939009,0.39120988177104665,104.88123371982125,105.29149871081876
1279,0.0,-5.0,-2.49,0.6915420085524766,0.14760770043445276,0.4049784380030503,82.2280471261412,82.56117159806932
1280,-1.0,-8.05,-4.52,0.6535791432360545,0.20822258278605954,0.41346183138029713,89.16576876466581,89.5346870507722
1281,0.0,-5.05,-2.3,0.7323753469749585,0.1475089253941276,0.39001319658491895,81.995876236864,82.31577778334713
1282,-4.0,-16.0,-9.54,0.5668793562869752,0.26088578187210565,0.4057416012696258,101.04687715889942,101.45668359050369
1283,-2.0,-10.0,-6.09,0.6386924164433188,0.23268593878271568,0.44249728889380413,90.99068127998379,91.39341679215882
1284,-8.0,-21.0,-15.04,0.5030813783079522,0.2805341909672583,0.4004859928888928,104.13004399855181,104.54710413264404
1285,-1.0,-9.0,-5.03,0.6838860356619139,0.21043149920837936,0.4380522663585258,88.30179548947712,88.68849726285552
1286,-4.0,-16.05,-10.1,0.5530683346427804,0.26490955627721496,0.40612034690371496,101.8486265017505,102.26214463447164
1287,0.0,-4.0,-1.59,0.8629507199473672,0.1474307368037524,0.4440313792650977,80.71519974280108,81.07421455603482
1288,-3.0,-13.0,-7.68,0.5704405156016982,0.24990591698150202,0.40916838938346856,96.11519880963118,96.50840868103909
1289,-31.950000000000003,-55.0,-43.48,0.4826646639550673,0.3470187803819813,0.4120707089959266,117.05404385080476,117.53637818492345
1290,-3.0,-12.05,-8.05,0.56166515217651,0.2506596424533688,0.4086965337072623,98.4641584049638,98.86665193347771
1291,-10.950000000000003,-24.0,-16.38,0.51513643493104,0.3067954479424787,0.39759007799608803,102.17515212436982,102.58132226773088
1292,0.0,-5.0,-2.22,0.7027741835765969,0.14734870923416,0.391328040234573,83.68990139465832,84.01714276193617
1293,0.0,-2.0,-0.58,0.9241714683076084,0.14652017066710687,0.35941114711691113,71.0660776071877,71.32229284403667
1294,-10.0,-24.0,-17.48,0.5113896483040544,0.29810235444850197,0.4058716312801258,104.14042002846253,104.56313332917993
1295,-8.0,-23.0,-16.17,0.5169323863379118,0.28036767225747666,0.4050505244526746,108.37205954179211,108.8110695754084
1296,-2.950000000000003,-12.0,-7.07,0.5687993178369187,0.2464724683953944,0.3935262032836164,94.02069184391536,94.39063247981228
1297,-16.0,-29.099999999999998,-23.11,0.47609628883796407,0.3274580350218228,0.39866712977215535,111.39845024086058,111.84256345680082
1298,0.0,-2.0,-0.75,0.8915401108986645,0.14705112123998657,0.38680380275830195,71.87228956794326,72.14925669396405
1299,-153.95,-202.15,-180.32,0.43803270186859655,0.36662566796714346,0.4016358254852713,144.0772062356281,144.65587248643146
1300,-15.0,-29.0,-22.32,0.4798013325643441,0.31540938859879514,0.402385446820659,117.39709324394804,117.86947649014544
1301,-4.950000000000003,-16.0,-9.73,0.5538708860951997,0.27919225752612875,0.4081563177317628,97.54317178140928,97.94132902334046
1302,0.0,-3.0,-1.01,0.981500665639845,0.1470216807114286,0.4089517302239056,75.19628099678405,75.50353158919613
1303,0.0,-5.0,-2.31,0.7866003560181433,0.1469662453891667,0.41955942476812935,81.27103568872369,81.61189269183103
1304,-4.950000000000003,-15.0,-9.39,0.5502509791111154,0.29136574584307584,0.4048743085438941,96.71457567261575,97.10617292748735
1305,0.0,-2.0,-0.74,0.9438033935984133,0.1469556451125814,0.40998041076590924,71.745414309109,72.04004744735181
1306,-8.0,-21.0,-14.25,0.5290843948693226,0.2827975078190361,0.40007200013414584,106.79595588174823,107.22328136841004
1307,-20.0,-38.0,-29.22,0.4871369119553411,0.3250028420042309,0.4025924969669542,112.46573746328816,112.91852218493528
1308,-1.0,-7.0,-4.44,0.5631712398840477,0.20274552226823211,0.39074997546669343,89.33640524899045,89.68534655813238
1309,0.0,-3.0,-1.1,0.8659065995509918,0.14690695292518563,0.3952825697011512,76.50796068871148,76.81090698945201
1310,0.0,-3.05,-1.4,0.8026146755320179,0.1471269369405684,0.4061220493896085,77.04941704161483,77.36241150640303
1311,-0.9500000000000028,-7.0,-3.29,0.6615073830177637,0.20375800445682177,0.39769039166959763,85.44220473083145,85.78189331270856
1312,-3.0,-12.0,-7.47,0.5541504170287047,0.2542367153948688,0.3972223916459592,98.88113722185682,99.27388286329601
1313,-3.0,-11.0,-6.84,0.5931994521903542,0.27238247665817367,0.4094905875252541,93.31352065685083,93.69562341710571
1314,-16.0,-33.05,-23.17,0.5091667758064528,0.32211115640339955,0.3980346948173774,112.17881196902115,112.6253467153628
1315,0.0,-6.0,-2.61,0.7423901782787572,0.14772034166328854,0.41541372749869887,82.56847252703855,82.91144629595519
1316,0.0,-4.0,-1.33,0.7578111060877578,0.14732737316847275,0.3764688101092551,77.75844130275675,78.05114482877384
1317,-9.0,-23.0,-17.05,0.5018316524574203,0.28294069270551286,0.4044432988426958,104.65594023676111,105.07924872910999
1318,-0.9500000000000028,-7.0,-2.93,0.719312434627374,0.215892328036842,0.42125650893284544,88.30446456112305,88.67689490954345
1319,0.0,-4.0,-1.41,0.8897490960109594,0.14703662900779907,0.4052074788766598,79.76280069391082,80.08603910569114
1320,-1.0,-8.0,-3.97,0.6858501970670934,0.2141397949232311,0.40868030185546833,87.84718476942056,88.20632072606169
1321,0.0,-6.0,-2.99,0.6486409677986865,0.14804976634529518,0.40423781059456254,91.49472705178576,91.86419921298648
1322,-0.9500000000000028,-6.0,-2.78,0.7249740889739644,0.22463334796672116,0.4219715063294947,83.8136518566917,84.16758524944788
1323,0.0,-7.0,-3.41,0.7268217505807861,0.1483721157130477,0.4284188949238932,86.0641210240585,86.43278201648872
1324,0.0,-6.0,-2.98,0.6891322971064037,0.1478604406636592,0.40173396211937173,84.56869616772296,84.90845252152751
1325,-2.0,-12.0,-7.24,0.5527444986869609,0.22022261403617813,0.39588689035952546,98.06650750930508,98.45470893372107
1326,-1.0,-7.0,-4.08,0.6061018397094118,0.21764075320426143,0.404127959625335,89.74148422812961,90.10431613548279
1327,0.0,-5.0,-2.22,0.7366704263624791,0.14740178279179836,0.42751854770190467,80.05899214446038,80.40126268849237
1328,-2.0,-9.0,-5.2,0.604249133810636,0.23974875466450088,0.39899962311770737,91.93739776893939,92.30420061079003
1329,0.0,-6.0,-2.23,0.7872316972479929,0.147373731106045,0.39823115435237383,86.32905335948493,86.67264489028672
1330,0.0,-3.0,-1.32,0.7639166547983308,0.1467721358498096,0.41197569204098455,77.48280286198283,77.80266268122809
1331,0.0,-4.05,-1.67,0.8253173963075545,0.1470876938128571,0.39826678390711245,79.7835924197877,80.10222517351939
1332,0.0,-2.0,-0.34,1.1835305609772475,0.14682419111469155,0.4231157880101534,65.39989189148174,65.67900709343152
1333,0.0,-3.0,-1.01,0.69277944526745,0.14706206815116213,0.3496759809211772,78.22822471833366,78.5020680430823
1334,0.0,-6.0,-3.2,0.608752697537184,0.14756564996335497,0.39946896024378853,90.64256787861578,91.00468383891081
1335,-23.0,-39.0,-30.91,0.48936891042357966,0.3441561758583054,0.4195229726171039,117.4260650048822,117.91874295102467
1336,0.0,-7.05,-3.48,0.6179048560561577,0.14810205585068287,0.3824632225334611,92.82733384702858,93.18217741860644
1337,0.0,-1.0,-0.18,1.633808095309812,0.14691532543326072,0.38683761768136465,61.19974333803602,61.434287794838035
1338,0.0,-1.0,-0.21,1.6069154211969885,0.14670554766960636,0.4034655803582637,62.54361111038975,62.793483782863284
1339,-10.0,-23.0,-16.12,0.5034359538521825,0.3056514470548856,0.40759513415474913,109.76770562709254,110.21506674038328
1340,-1.0,-9.0,-5.11,0.5884488878252565,0.20133077291259713,0.41122885211815796,90.54701950884515,90.91953505205225
1341,0.0,-4.05,-1.81,0.7312972731904378,0.14755349386865205,0.4000086536652849,81.07797202136439,81.4026432840155
1342,0.0,-3.0,-1.14,0.783763329355139,0.1469614488460901,0.3912484083748407,78.41975270331727,78.72627526739637
1343,-5.0,-16.0,-9.53,0.5603071174023234,0.2803237884391616,0.4046227000366509,99.76924587645046,100.17290916013235
1344,0.0,-2.0,-0.6,1.0664027245334828,0.14670118587768774,0.3974112422345243,75.07716222979637,75.37489079590974
1345,0.0,-2.05,-0.73,1.099902956898397,0.14694422758827114,0.4216191523158801,72.57114991234025,72.87764786756146
1346,-49.0,-73.0,-62.01,0.4351054419286845,0.3450280486742051,0.3924192816396612,124.80061544494605,125.29033222678721
1347,-1.9500000000000028,-10.0,-5.7,0.5629038337433775,0.22723813985378716,0.3905973426378773,94.17316240365642,94.54096501463478
1348,-6.0,-18.049999999999997,-11.45,0.5767572514004232,0.27615023981443626,0.4044311856793326,110.51168057131972,110.95858740124648
1349,-1.0,-8.05,-4.74,0.5992018261096891,0.20552688626777887,0.399388114140128,89.17528942926907,89.53141087612515
1350,0.0,-4.0,-1.46,0.878760386676816,0.14713279122391773,0.4163418863381145,77.04647759165915,77.36683882069137
1351,-2.0,-12.0,-6.65,0.587271628961032,0.2384277630251377,0.4056524238944806,96.65309875396797,97.04523669751234
1352,-4.0,-12.05,-7.67,0.5601807600224408,0.266334769160345,0.40393365052917046,97.35664898297512,97.74993056884847
1353,-5.950000000000003,-18.049999999999997,-10.52,0.602320120019479,0.29228970952052313,0.41080258070897907,101.62772393523932,102.04522976996414
1354,0.0,-1.0,-0.13,2.944667340515457,0.14696144884608975,0.522918360160706,58.47630385204409,58.779137482336466
1355,-13.0,-29.0,-20.24,0.5082081529004274,0.31140816997721754,0.4000845361189072,111.64167889185237,112.08835079194276
1356,-5.0,-16.0,-10.24,0.5733943042512065,0.2769283392086226,0.4091377733470191,101.72490617889812,102.14121003283715
1357,-0.9500000000000028,-7.0,-3.41,0.6471092516653449,0.20095546455172753,0.3912748508703264,89.52133300778497,89.87172030856243
1358,0.0,-3.0,-0.87,0.7794151218372862,0.14706589854080612,0.37465008860101895,77.91407343382703,78.20651389919993
1359,-3.950000000000003,-12.05,-7.86,0.5002504775927414,0.2520678345960011,0.3755901750128874,100.83297761793087,101.21172082279698
1360,-1.0,-8.0,-3.95,0.6839266768169718,0.20693280605756487,0.40348704804046676,91.23522126666101,91.60352250775614
1361,0.0,-3.0,-0.89,0.8822273667843201,0.14661560993124725,0.41425231856291383,75.56604078604259,75.87866074599474
1362,-4.0,-13.049999999999999,-8.51,0.5338473272209663,0.2767985831732529,0.40128297037881383,100.99993661132844,101.40515169052478
1363,-2.0,-9.0,-5.16,0.6157601711812811,0.24589973964761092,0.4171690772744016,94.25770554247806,94.65083341961719
1364,0.0,-5.0,-2.3,0.6687843545478342,0.14743875211990187,0.38008374970912223,93.7739578658893,94.13039963484847
1365,-1.0,-7.0,-3.99,0.6531515005593421,0.20620817534503613,0.4273911735816804,90.14263286111145,90.52793149108986
1366,-2.0,-10.05,-5.07,0.6303280153276923,0.23648110058220959,0.3806717540463734,94.16536687955497,94.52375674187044
1367,0.0,-4.05,-1.65,0.7868177967199513,0.146815818606593,0.38474279305884584,82.96821524161402,83.28756468090421
1368,0.0,-0.04999999999999982,-0.06,0.3850977091813157,0.146779684863181,0.33208788124657995,57.43361467085823,57.61202667893483
1369,-1.0,-9.0,-5.24,0.5924199580403845,0.20399612959639477,0.4105773041783864,93.04318472450827,93.42518482236956
1370,0.0,-4.05,-1.81,0.8693952279572408,0.14677904937690237,0.41159038935338366,83.05342220238225,83.39560841516536
1371,0.0,-6.0,-2.8,0.6667556957562493,0.1462628961195163,0.3993170270453553,88.41170130958608,88.76492631206787
1372,0.0,-5.0,-2.28,0.6925267601017352,0.147553509388972,0.4176811785704034,85.58326335153887,85.94037404280616
1373,0.0,0.0,-0.02,0.14843252812847546,0.14669203567807176,0.3182165314180117,54.59300412601993,54.77101486452389
1374,-46.95,-68.05,-58.64,0.4470441862174272,0.3587392057386723,0.40522277910182825,123.8945810130959,124.39661501765464
1375,-19.950000000000003,-38.0,-29.01,0.45798010528217326,0.31230991500022603,0.38758939383358226,113.21583377457942,113.65465023065201
1376,-3.0,-12.0,-7.55,0.5511758986332324,0.26044948171462795,0.3955222570848742,100.00792980833259,100.4035717159274
1377,-36.0,-62.050000000000004,-48.33,0.47322051155793127,0.3415447828937678,0.40421801636918325,119.92376509381371,120.40850564612236
1378,0.04999999999999716,-2.0,-0.34,1.4640915680418929,0.12251429951909573,0.3962354811733902,67.08361008570387,67.34962047672482
1379,0.0,-4.0,-1.69,0.8995470771293126,0.1473112816217009,0.45866006602918036,78.83963530440775,79.2014285203976
1380,0.0,-3.0,-1.03,0.8247443538752842,0.1260627012415033,0.3928026738964012,76.49647702581224,76.79635128570622
1381,25225.3,24692.95,24985.88,37.84105525060873,35.70278258850106,36.83460362593493,107.31553321924385,146.8411086007852
1382,0.0,-2.0,-0.75,1.0320702644969522,0.14661305819608575,0.4179672879634177,72.86374154553414,73.16765757738041
1383,0.0,-3.0,-1.13,0.8448289322723803,0.14705002559175634,0.4102394578938434,75.76836638096947,76.07859358294664
1384,0.0,-4.0,-1.72,0.7305530978191314,0.1476982806859547,0.4104206235564846,80.22041025892163,80.5497488762917
1385,0.0,-4.0,-1.8,0.7004809337994642,0.14606035024268815,0.3977090451498536,81.61624073871285,81.94055679737654
1386,0.04999999999999716,-4.0,-1.34,0.9276517519914771,0.11178725259488181,0.41412676915075025,78.16364791487706,78.48729433508814
1387,0.0,-3.0,-1.23,0.9444885812802575,0.14682032260377711,0.463906635635267,75.08550905404735,75.43330438577317
1388,-65.9,-92.0,-77.37,0.45670850575613764,0.37311775037140904,0.40771912506876445,123.06276119001735,123.56450207263127
1389,0.0,-3.0,-0.88,0.8914791006734305,0.14661560993126793,0.3896213097932461,74.75988291163104,75.05169443914099
1390,0.0,-4.05,-1.4,0.9307936855740595,0.14591911020634943,0.40484424966516047,78.20562990809667,78.52274919732
1391,0.0,-2.0,-0.78,0.9009375128955468,0.14706097250292405,0.40950310782884913,72.61592380600165,72.91337092260825
1392,1.0,-3.0,-1.25,0.7520302900037737,-0.00374892482466483,0.37636199538929466,75.73265779479634,76.01731665006561
1393,0.0,-3.0,-0.84,0.8297760735215544,0.14691532543325678,0.3521294598039229,75.89092013865144,76.15823086210898
1394,0.0,-4.0,-1.34,1.025744948429867,0.14049097405758101,0.42234122625771564,78.17523972327288,78.50583869140705
1395,1.0,-2.0,-0.49,1.4544007157747445,-0.40621480543132726,0.45265516795262334,67.7834793596737,68.08920514495772
1396,-2.950000000000003,-11.05,-6.74,0.5999705964470549,0.2500728394863579,0.4084902197431029,91.9364529114193,92.31182740512791
1397,-20.900000000000006,-40.05,-29.63,0.5164046160151671,0.3308839846942343,0.4155978733583804,113.87919294323001,114.35244951243236
1398,-57.0,-85.0,-71.28,0.4668402136603307,0.3637254556634289,0.4166978080187026,124.58948874364764,125.10864257659028
1399,0.0,-5.0,-1.69,0.895561836219998,0.14705294324029528,0.42205399070726857,80.84851846165576,81.18935996873965
1400,0.0,-4.0,-1.84,0.8493007568490919,0.14731128162169646,0.4490041068320421,79.26278348637456,79.61868531640047
1401,-1.0,-7.0,-3.32,0.7340692538624649,0.22565072427173918,0.41936657289511126,86.93083674984325,87.29521641102741
1402,0.0,-4.0,-1.52,0.7643980155931783,0.14597001590836414,0.37822047003430614,80.20362019387521,80.50718566085727
1403,-2.950000000000003,-14.0,-7.89,0.6489740936062837,0.2426336870182637,0.43377910256963387,98.98368478296386,99.41294430974318
1404,0.0,-5.0,-2.2,0.8336881981920109,0.14765402481192572,0.44760975074509135,80.60697111718288,80.9675969154656
1405,0.0,-7.0,-3.07,0.6561038092315467,0.1480044757696059,0.4033939784404497,84.9092138829584,85.2515928239916
1406,1.0,-3.0,-0.89,0.8922833049592612,-0.07328484748959502,0.37264094252941554,74.7923876964266,75.07153191577369
1407,-0.9500000000000028,-10.05,-4.91,0.7071267932572559,0.1929853996814212,0.4037864518422614,92.8052314891329,93.17994283189857
1408,0.0,-5.0,-1.73,0.8084456408701063,0.12345177588960633,0.3997132790690051,80.04601080176423,80.3661811491787
1409,0.0,-5.0,-2.22,0.7343245609309486,0.150869484447222,0.4393221306582522,84.07174473362689,84.44145384780052
1410,0.0,-6.0,-3.21,0.6839773568459696,0.1477376331555559,0.4334670787188457,86.58695540497607,86.96253716547602
1411,-3.0,-15.0,-8.39,0.608515224454983,0.24402957821475232,0.42298203048323463,96.55391557050177,96.9624547148665
1412,0.0,-2.0,-0.7,0.8425422057313254,0.1470240064056544,0.37875829310977416,73.35268683606083,73.63092144083444
1413,-1.0,-7.05,-3.73,0.6078068153532564,0.22126859589930511,0.4016770914897368,89.06556701997246,89.4235285750719
1414,-3.0,-12.0,-7.09,0.5682555998494652,0.2576032589701352,0.4079850654190156,96.99214594135256,97.3877306480108
1415,-20.950000000000003,-45.0,-32.21,0.5337844799859983,0.3319478202010491,0.42838301071020624,112.70580904244473,113.18862886111226
1416,-4.0,-14.0,-9.24,0.5594605432755627,0.26655983187805066,0.41334226579757294,98.16751547701881,98.57338946499254
1417,0.04999999999999716,-4.0,-1.39,0.7890066320223571,0.09969560574369409,0.37476459984872823,82.55691989687016,82.86629212257566
1418,-1.0,-10.0,-5.25,0.6563732735847887,0.23286575039248966,0.42557052257868244,90.61860189994898,91.00385013216241
1419,-0.9500000000000028,-8.05,-4.81,0.6139434240082321,0.20165503593524847,0.40295440131936205,90.80038925739228,91.16626667301117
1420,0.0,-3.0,-1.06,0.7923840909962989,0.1457761090655449,0.36196565873395736,81.33591800300033,81.63017024143406
1421,0.0,-7.0,-3.11,0.6706699505862153,0.14760089828174344,0.36764778316498775,92.65325522524344,92.99384600124125
1422,-2.0,-13.0,-7.46,0.6042932705561948,0.2212075030292024,0.4222971166225893,96.30056549175659,96.70718574697163
1423,0.0,-4.05,-2.0,0.7591953709558513,0.14743060427481244,0.419286407082186,81.1863446395641,81.52654027605845
1424,-1.0,-12.0,-5.7,0.7038512144515771,0.19947214452222783,0.434799246302739,92.93871869337889,93.34273119285092
1425,-2.0,-11.0,-6.25,0.6000364866550912,0.2383084652300963,0.407676070958761,94.59740561538068,94.98286081699915
1426,-13.0,-27.05,-20.18,0.5078222631320897,0.3209743171669738,0.4135149505294862,109.49187198403119,109.94460892714864
1427,-5.0,-17.049999999999997,-11.26,0.5880770556507924,0.27299893243253737,0.4241304848172701,102.07215137149038,102.50506542693827
1428,-3.0,-12.05,-7.37,0.6052959142397585,0.2707375613178593,0.42962836879215155,95.8358247071625,96.24760453902925
1429,0.0,-6.0,-2.86,0.7160951405865403,0.13780415429624338,0.4093618605213142,87.43773798222375,87.795781382628
1430,1.0,-4.0,-0.95,0.9536940413158136,-0.024359556861196688,0.344130860571649,79.28299265427182,79.55578164497526
1431,-5.0,-16.0,-10.34,0.5628482582465814,0.2809073685262077,0.422885969244436,103.92071208626332,104.36017495384095
1432,-0.9500000000000028,-6.0,-2.98,0.6884786566337399,0.21118972922405277,0.42142917294284865,88.15662099838023,88.52793576960948
1433,-9.0,-22.0,-14.76,0.5901072576741184,0.32831831106467985,0.4422583830827637,103.42492602104655,103.88239142950256
1434,0.0,-5.0,-2.13,0.7844626882125015,0.1477031372681857,0.40356671643882336,82.52325357588605,82.85637041977921
1435,-3.0,-14.0,-8.69,0.585063475363534,0.24273774734392195,0.4201601581773866,102.57723623790656,103.00828807156314
1436,0.0,-2.0,-0.55,0.8903290429234817,0.0684711751471232,0.3425086631692189,73.17641128106492,73.42628146163433
1437,0.0,-2.0,-0.37,1.3738968649646761,0.14647168769860658,0.44040155678579984,69.15159268462232,69.457805783534
1438,0.0,-3.0,-1.18,0.8746592402800669,0.1463772876847897,0.4010022929744796,77.03357532581921,77.34246811766286
1439,0.0,-1.0,-0.28,1.1745077011850935,0.1468158186065967,0.38048134852693777,66.10058276729194,66.35191572367133
1440,0.0,-2.0,-0.65,1.1109005548529063,0.146615609931244,0.4392700484300425,71.83496692983522,72.15168145613761
1441,0.0,-3.0,-1.12,1.0535432408252083,0.14691145692235835,0.47566180769060523,76.02388041937195,76.38469647180112
1442,0.0,-4.0,-1.37,0.910206304614245,0.12792731846204144,0.42691531619016254,77.38879162298825,77.71913442131552
1443,0.0,-1.0,-0.37,0.7955629981366115,0.146915325433266,0.34018407613270363,69.78961532083285,70.02649437018005
1444,0.04999999999999716,-2.0,-0.7,1.0151818092117735,0.13069605624305392,0.39311789462838265,75.28766877246066,75.58383713797964
1445,0.0,-3.0,-0.94,1.0585274834235585,0.14512229010721156,0.43867641279572694,75.15880444927154,75.48782914707513
1446,0.0,-4.0,-1.8,0.9081251757830651,0.14698938840006104,0.4532170315092172,82.15627992995609,82.52899405245782
1447,0.0,-3.0,-1.15,0.8028109245450123,0.14710353743223736,0.4220609485885334,76.55861709430962,76.88116798243195
1448,0.0,-2.05,-0.64,1.0688885298505766,0.11522485516040024,0.38516404869399623,75.4060940399196,75.69638775528959
1449,0.0,-4.05,-1.92,0.8514611630692092,0.147357225337137,0.4391426891583064,79.77794375685271,80.12815405223961
1450,-1.0,-7.0,-3.99,0.6779871378683692,0.2122364953695943,0.42896337384355837,88.98933683131742,89.37114856945207
1451,1.0,-2.05,-0.61,1.0345436406393402,-0.14504364055745303,0.37302640141519783,72.75571048299416,73.02782823193455
1452,0.0,-2.0,-0.75,1.132053727134142,0.1425098124693792,0.46464210854312865,71.66119326786522,71.99562678764214
1453,0.0,-5.0,-2.17,0.7294102909756107,0.14710165549517862,0.4043774910649911,85.18170715890308,85.5265045518417
1454,-3.0,-11.0,-6.42,0.5917606770857867,0.2660780039161028,0.41034734761664554,95.44106300457763,95.83262873270567
1455,-4.950000000000003,-17.0,-10.04,0.618191558832553,0.2649304418732149,0.4250584847623549,101.51618815096336,101.94772526605658
1456,-0.9500000000000028,-6.0,-3.36,0.6728098280931065,0.21624573358083496,0.4252551175592936,88.07923769337648,88.4538644460023
1457,-2.0,-12.05,-7.13,0.6153071561869471,0.23947629489980257,0.42379574109551976,95.73533290803282,96.14095474176466
1458,0.0,-2.0,-0.7,0.8818207965170961,0.14611752134820702,0.37695969237824806,74.27845271650548,74.55827088487287
1459,0.0,-5.05,-2.65,0.6819882456877387,0.1583243434148057,0.427468242325623,85.30259634898415,85.66704654781374
1460,0.0,-2.0,-0.72,1.0377483600578388,0.14695951362346113,0.4576404603515714,71.04918423490774,71.37444837790477
1461,0.0,-7.0,-3.18,0.710297242909381,0.14379542505940224,0.4041303240379966,88.79492417166973,89.15374943994618
1462,-1.0,-7.0,-3.72,0.5924556109144129,0.20935880664577813,0.39288730761574947,89.83526604928154,90.18817919172552
1463,0.0,-4.0,-1.66,0.8244981682701158,0.14743662812599023,0.4238101563789789,82.03103394839978,82.37877483185405
1464,0.0,-5.05,-2.3,0.8085469271730872,0.14776779415494676,0.42245725273838397,83.53669182333545,83.88940062743268
1465,-9.0,-24.0,-17.08,0.5152339123124434,0.2935310694776671,0.41325524650633916,112.68776073193614,113.15341948247078
1466,-2.0,-9.0,-5.41,0.5899318612042023,0.2404656203495134,0.40051070840910213,93.54958418018147,93.92429376469123
1467,0.0,-3.0,-0.78,1.2362922657936821,0.14691532543328265,0.48285197661857737,70.29480264663852,70.63445054382655
1468,0.0,-3.0,-0.87,0.9670092442031621,0.1469000393980539,0.4161659643418133,74.05189020549287,74.35979313527058
1469,0.0,-3.0,-1.11,0.9422791990576472,0.14682419111468986,0.4308797253567542,75.6962273443433,76.02266675356827
1470,0.0,-3.0,-0.71,1.0488138534253335,0.14647149192721307,0.37865477456335606,74.14028410691726,74.42132997712211
1471,0.0,-3.0,-0.98,1.032246774007472,0.14681581860660614,0.4219211228881267,74.76308660595637,75.07990326520245
1472,-6.950000000000003,-19.0,-11.85,0.5418311634838936,0.28597549097380986,0.3968288497583466,103.49256735685158,103.90326329944197
1473,0.0,-5.0,-1.91,0.716232175495764,0.1265572179144187,0.38294160009723854,82.29605498459763,82.61119030136102
1474,0.0,-2.0,-0.4,1.2787004068309697,0.11675679088291403,0.36929421702576887,72.11485453393897,72.38139545965547
1475,0.0,-6.0,-2.72,0.7120020187965836,0.15245730229060125,0.4114950290077421,84.76457116239551,85.11355999015541
1476,0.0,-5.0,-1.96,0.8699862879012209,0.14637590878266687,0.42744185822247466,83.13778512665014,83.49273742141972
1477,1.0,-4.0,-1.81,0.8152511963906378,0.03528593762654599,0.41892825026878966,80.55373414991384,80.89139900431755
1478,0.0,-3.05,-1.4,0.7629106385984287,0.1347861178078241,0.39489947112087703,78.41270424394685,78.72179547930678
1479,-3.0,-14.05,-8.93,0.5623540221621672,0.22755577412128136,0.4004416463953355,101.40673190786511,101.81265111237246
1480,0.0,-4.0,-1.27,0.9726378596477544,0.14608592039422044,0.4310618807339168,76.25148111695688,76.58032593288038
1481,-25.950000000000003,-44.050000000000004,-34.05,0.4962557446742936,0.3478599091556154,0.41199505619460536,117.40393495534892,117.88765616383587
1482,0.0,-5.0,-2.48,0.6583057136210577,0.14673541695775558,0.4068058886474734,84.62144838071791,84.9657141519429
1483,-4.0,-14.0,-8.21,0.567186089901975,0.2758579300943363,0.4073412607146773,98.47891909069494,98.88018595826175
1484,0.04999999999999716,-2.0,-0.49,0.9473502978313082,0.06123059774307714,0.36519563425271234,70.21562349658238,70.47097477381625
1485,0.0,-6.0,-2.67,0.7357617737868981,0.15243934312867644,0.4152087986216923,84.27857671247013,84.6284720579908
1486,0.0,-1.0,-0.26,1.6546291073937092,0.1468241911146986,0.46046501377986987,62.113000998085106,62.39614580632477
1487,-0.9500000000000028,-6.05,-3.06,0.6979402241395709,0.2266019556487151,0.4105074514380858,85.71922452805528,86.0713703787352
1488,0.0,-2.0,-0.47,1.206268030373032,0.14670118587770065,0.4288738559835364,68.2496965490696,68.5408770801816
1489,0.04999999999999716,-3.0,-0.81,1.1039057539919357,0.1108801056390467,0.3977491305956004,72.85676338211637,73.14710593007214
1490,0.0,-1.0,-0.26,1.361286766841128,0.1468158186065904,0.3707195785822885,65.5094681596754,65.75209129167997
1491,0.0,-5.0,-2.55,0.6957806452269817,0.14707627628858183,0.4057239015677918,81.96062414567378,82.29299499979295
1492,1.0,-3.0,-1.15,0.7437290050808674,0.01943240744656521,0.3742595875416294,78.86272008661912,79.1577682772606
1493,-4.0,-15.0,-8.56,0.6170291264610426,0.27081318458248094,0.4073614071233637,96.90956932654106,97.3044673785876
1494,0.04999999999999716,-5.0,-1.65,0.8752287410793105,0.134572129199831,0.4116761209373399,80.38439231853975,80.71506553794599
1495,-15.950000000000003,-34.0,-24.21,0.5310427868878731,0.30979745489598304,0.41230004018580635,108.69772306016432,109.14588811972929
1496,0.0,-4.0,-1.38,0.8052330906688414,0.1452077293739483,0.40304965886571964,80.26498964627729,80.58808393406628
1497,-1.0,-10.0,-5.05,0.6172888784432818,0.19507659900934612,0.4037061201294277,92.12681822909825,92.49876718867367
1498,0.0,-7.0,-2.91,0.7778137885205932,0.14689406121302617,0.4189403201707959,83.2114619334078,83.55958463036762
1499,0.0,-4.0,-1.45,0.9130446980153772,0.14515945687349482,0.44116791743717115,75.54730834877087,75.87944685126567
1500,0.0,-3.05,-0.99,1.406738235117668,0.14670554766961474,0.4661166682608282,73.3040748681888,73.64610922150501
1501,0.0,-1.0,-0.27,1.2109648924970822,0.14696144884608953,0.39903210282388096,65.92192701184638,66.18463934283224
1502,-1.0,-9.0,-4.7,0.6473239815829126,0.20299483390932843,0.4110812110136062,93.21393444019498,93.59699804660315
1503,0.0,-5.0,-1.8,0.8186127691281623,0.12588608180440927,0.3970106095298661,83.71787548865436,84.05039949125279
1504,-1.0,-8.0,-3.96,0.6760391547302833,0.21369997992883988,0.42045037762741067,87.76955768397512,88.13880164135851
1505,0.0,-2.0,-0.42,1.209549511323252,0.14682419111469994,0.3953280350672365,70.44482158911751,70.7218789295437
1506,-25.0,-46.050000000000004,-35.34,0.5021449091726126,0.3415477673222938,0.41612412935377796,116.41221166881009,116.89662966669056
1507,0.0,-4.0,-1.11,0.9775311149101182,0.14453094066552627,0.3977766466584378,79.63901463325931,79.95530773239537
1508,0.0,-1.0,-0.25,1.5602472646226382,0.14691532543326172,0.4435045042586965,65.69488916098744,65.9900267492632
1509,0.0,-1.0,-0.14,1.6154227358799838,0.14678355337409832,0.33509675212586204,64.22157692930476,64.44182243447908
1510,0.04999999999999716,-3.0,-1.04,0.9423219850939856,0.09838400672011972,0.39786963616567084,78.48581751057414,78.79753542144584
1511,-42.0,-65.10000000000001,-53.39,0.47749108711693333,0.3592136377953195,0.4162276800937075,118.9327678367375,119.4277782668193
1512,0.0,-2.0,-0.5,1.217239920335037,0.14486731347300325,0.4006094133110085,71.08485893331127,71.37032941342223
1513,0.0,-3.05,-1.3,0.8233262609926342,0.13319243228233602,0.3943244777357852,75.82018646710313,76.11940309338716
1514,0.0,-5.05,-2.1,0.8590353630256529,0.14665367237712065,0.4267453097430903,79.39610578108642,79.73460266407274
1515,0.0,-2.0,-0.48,1.2935576527624357,0.13944275898471048,0.44115434886620825,71.10987275849813,71.42376166588996
1516,-7.950000000000003,-21.0,-14.58,0.5321531288840484,0.29878504275438633,0.4173961880997396,102.77966020744239,103.20866442152497
1517,0.0,-2.0,-0.49,1.4493851428323048,0.1467011858776862,0.47848097168556564,70.75320697022505,71.09152098492522
1518,0.0,-2.0,-0.57,0.9481946200336394,0.14678355337408874,0.3724710349264145,75.38115459332796,75.66135796867715
1519,1.0,-2.0,-0.4,1.0258230143717302,-0.2785774377349633,0.3454371749387218,69.27270771023825,69.51120032844871
1520,0.0,-3.05,-1.22,0.910074086420653,0.13734197048319513,0.4151185183966652,76.31707695148611,76.63430629443069
1521,0.0,-3.05,-1.08,1.00706089216092,0.1469556451125548,0.4366298771888015,75.43712367141349,75.76627006066815
1522,0.0,0.0,-0.02,0.1484099318743338,0.14676807933046293,0.2843994300180381,55.09927003669441,55.251219232327834
1523,-4.0,-12.0,-8.3,0.5379847074023044,0.2739101026475399,0.40842509792437587,98.62687808348684,99.02972959369288
1524,0.0,-3.0,-0.72,0.966787360501795,0.145728976592195,0.36939696291704816,76.74094335697426,77.0242454411426
1525,0.0,0.0,-0.03,0.14843324376540235,0.146760342308621,0.3508037263205314,53.42104537461677,53.59522422758322
1526,0.0,-1.0,-0.13,2.220745051930851,0.14678355337408477,0.41528183762206466,62.058205234246515,62.31686947817896
1527,0.0,-2.0,-0.36,1.5523451518535143,0.1466156099312542,0.42139746777817394,68.15744810674948,68.4448048571174
1528,0.04999999999999716,-1.0,-0.29,0.9663449039219546,0.04401596735277401,0.3439193467499643,69.04070534817569,69.27766770536924
1529,-46.85000000000001,-71.05000000000001,-58.66,0.47978476613188964,0.3605581653423065,0.417148758769924,130.9278459348035,131.4739911162147
1530,0.0,-1.0,-0.11,3.280005694090454,0.146705547669623,0.4882075300252401,58.53060236023252,58.80760341365368
1531,-2.950000000000003,-11.05,-6.32,0.6362207710666611,0.25962519379498655,0.41675088845530905,93.58865601706468,93.97870566666205
1532,-17.950000000000003,-38.050000000000004,-28.84,0.5217823594182721,0.3244541028063693,0.42836969820443827,120.80364972631826,121.32111598236472
1533,0.0,-3.0,-1.0,1.1953782476486905,0.14670118587765674,0.4862644010697877,72.88374600934226,73.23829945802282
1534,-3.0,-13.0,-8.19,0.5811438937560587,0.25068350296027186,0.41267854556243594,94.56116272175663,94.95138438606072
1535,-3.0,-12.0,-7.43,0.5967520812749612,0.2737732853758592,0.43087917244430757,93.41472989576145,93.81723585996991
1536,-5.0,-16.0,-9.86,0.5640479787295928,0.2799208672091443,0.4097867959601952,99.35001369191467,99.75702161889157
1537,-4.950000000000003,-18.049999999999997,-11.36,0.54427581229638,0.25207243129025547,0.3919553742296033,102.3803201034244,102.78153187058292
1538,-26.950000000000003,-50.0,-37.88,0.4940763303430735,0.33318773764801934,0.41139420273201244,117.16482583232502,117.64679659528323
1539,1.0,-5.0,-1.81,0.8189112421099818,0.01997782506471595,0.3938331028069338,82.66110410081392,82.98620244414249
1540,0.0,-2.05,-0.93,0.8659021169280813,0.14653018414949762,0.4036244141922557,76.29805190877954,76.60673186972595
1541,-1.0,-8.0,-4.4,0.6540447786930935,0.21351702389624985,0.4392219690535671,88.26396649966084,88.65157476499327
1542,0.0,-3.05,-1.09,0.987619737057533,0.14699006443290305,0.42482630742215394,75.93023043646181,76.25301016489603
1543,-2.950000000000003,-11.05,-7.2,0.5378410608262993,0.23638853186226333,0.39543061915507594,95.70871605944085,96.08711066583326
1544,-3.950000000000003,-13.049999999999999,-8.03,0.6167048518458356,0.2861530882592561,0.4359892363566579,95.18002858853094,95.59494304596257
1545,-11.950000000000003,-29.049999999999997,-21.24,0.5175618516314197,0.30554789935773663,0.413828328955652,106.86750976689356,107.30984065418308
1546,-1.0,-8.05,-4.52,0.6096495663862814,0.2038034261823311,0.40539772216017406,87.62218342751335,87.97745100307262
1547,-2.0,-11.05,-6.85,0.5859934407611931,0.22451932120978702,0.412922312690578,92.32603767715388,92.7073312378721
1548,0.0,-7.0,-3.58,0.6964807650979935,0.14780531864104202,0.4203840951982699,89.86324921459735,90.2410552796054
1549,-5.950000000000003,-17.049999999999997,-11.03,0.5842497722024209,0.2899426087748989,0.42714081063833165,101.35229930514039,101.78515593717174
1550,-1.0,-9.0,-4.89,0.6473140557849113,0.19949001627153146,0.4143517094395581,92.06287598533002,92.44420394669842
1551,0.0,-2.0,-0.56,1.1244111034590158,0.1472198767975052,0.4350589369686343,68.01498213604228,68.31058788815375
1552,-1.0,-10.0,-5.92,0.6001266193577727,0.2068068474980273,0.4098200090948824,91.57174645255893,91.94672041146838
1553,-1.0,-6.1,-3.22,0.7140016653244522,0.2204288870501594,0.41082352207629547,85.09241901537958,85.44184058251561
1554,-1.0,-7.0,-3.83,0.6735702721355478,0.21438693728287103,0.44241092424259754,86.19551345193122,86.57709879639465
1555,0.0,-5.0,-1.95,0.7963923968988125,0.13867507765772277,0.38665552101910017,80.00417545320224,80.31371764823648
1556,-1.0,-8.05,-4.32,0.6865995184131995,0.20507248529072172,0.41045514615221923,90.44762720769084,90.81905295917427
1557,-3.0,-15.0,-9.67,0.5446686604336974,0.2298658100360002,0.4066700107707144,97.9660674926889,98.36436572776346
1558,-2.0,-10.0,-5.6,0.6209635649399498,0.23304875372149086,0.4174273633619996,91.11136878485706,91.49160729746714
1559,0.0,-1.0,-0.3,1.3939729330635684,0.14647168769860255,0.41553191129229233,65.79299596926289,66.06502199636043
1560,-16.0,-34.05,-25.98,0.504656346537122,0.3149330869488308,0.4202853890886452,109.50936774856629,109.96964600666902
1561,0.0,-1.0,-0.22,1.181835055524886,0.14647168769862315,0.33274417051475397,66.67889701278655,66.89811432315273
1562,-1.0,-6.05,-3.85,0.5796228209669869,0.21274968501611272,0.40626100819972877,86.40985904346033,86.76091259627104
1563,0.0,-2.0,-0.35,1.4668183297456798,0.1466156099312505,0.4182561272411797,67.61719520450862,67.89929175225912
1564,0.0,-6.0,-3.17,0.6564919493579835,0.16100715128606138,0.42306591426329754,83.94576335172191,84.30086541942013
1565,0.0,-2.0,-0.46,1.288118816785951,0.14661305819608078,0.4318502815283394,69.193958936921,69.49164269507483
1566,0.0,-6.0,-2.88,0.8499245323151234,0.16743461293617237,0.4784952628686343,80.49314834973744,80.87843096217317
1567,0.0,-2.0,-0.6,0.979661395839741,0.14666026372994848,0.37519165556095524,73.43794522361269,73.71329853950836
1568,-42.0,-72.0,-54.96,0.5043729527522428,0.36192936510987334,0.42308603611966367,118.89465999511859,119.39766092905751
1569,-1.0,-8.05,-4.65,0.6903039993472766,0.21452167053967813,0.4480003918528326,88.12532062473409,88.52001748096296
1570,0.0,-4.0,-1.51,0.8800574768811331,0.14724754285597405,0.4474648691875808,76.24030867883849,76.58131164832214
1571,0.0,-2.05,-0.71,1.020269501718113,0.10284681087049657,0.40020640729192897,74.46251227455629,74.76050577832393
1572,0.04999999999999716,-3.05,-1.5,0.8114271036610937,0.12879866397227627,0.4302356454271918,77.52348403384786,77.85702866236315
1573,0.04999999999999716,-3.0,-1.02,0.9915403361921028,0.10742229055760166,0.4107674118217728,78.75712585141457,79.0811720206963
1574,-0.9500000000000028,-9.0,-4.88,0.683108665380877,0.19030147443845297,0.426145936971847,91.0011965078995,91.38918373059654
1575,0.0,-7.0,-3.32,0.7876405495749832,0.17013381142302417,0.44750344311310025,86.79948329040943,87.18799857899818
1576,0.0,-1.0,-0.39,1.11599380946494,0.1469814157075473,0.43680711442734227,69.02652673892288,69.32945240630742
1577,0.0,-6.0,-2.69,0.7323765110878503,0.16389427553036098,0.4254390247181009,85.39624418593299,85.75936156163823
1578,0.0,-1.0,-0.11,4.353368901935871,0.1468145188702631,0.5913840988964576,56.107340079970434,56.4392088025452
1579,0.0,-6.05,-2.91,0.7124541545906294,0.14826519651791664,0.42689637629089594,85.54007692293615,85.90516401439626
1580,0.0,-6.0,-2.43,0.739993719630263,0.14640164876963513,0.40409270401005576,87.05832236886414,87.41032069932083
1581,-2.950000000000003,-12.05,-7.14,0.6055531512547159,0.25783792973322434,0.4138140359395819,96.15253583434577,96.55061937650163
1582,0.0,-2.05,-0.84,0.8952496770463912,0.14695951362347298,0.40682638282099076,76.52898262808932,76.84106091545328
1583,-4.0,-15.05,-9.93,0.5714123356916503,0.27042653353884655,0.4207470285857674,98.36004999107432,98.77397418051953
1584,0.0,-4.0,-1.76,0.865348050086222,0.10967375096384206,0.45435153938948175,82.54793800054593,82.923565942694
1585,0.0,-6.0,-2.52,0.8214620425688772,0.14728320921546156,0.41706789529328103,83.25978493804452,83.60679046773798
1586,-2.0,-11.0,-6.4,0.6625624308387495,0.24541647619145393,0.4330619484461695,92.0523242777909,92.45103564721826
1587,0.04999999999999716,-3.0,-0.89,0.9171284266529172,0.12246806716417001,0.3804579682463688,78.98828845952424,79.28776083601551
1588,-3.950000000000003,-14.0,-8.15,0.6022326477259361,0.2708235314577691,0.42171233440114114,94.45152921044259,94.84981623295724
1589,-2.0,-11.0,-5.99,0.6200635248480079,0.23500991918234662,0.4186678665542739,92.0601392294654,92.44567304816988
1590,0.04999999999999716,-5.05,-2.3,0.830714915344863,0.12713767756900674,0.4374036246356652,80.34273343337432,80.69444117866831
1591,-4.0,-15.0,-8.54,0.5914255725965606,0.27158404829038363,0.4047369242861837,104.20663819929923,104.6283210946191
1592,1.0,-4.05,-1.44,0.8792461680467607,0.013161726938589947,0.3625874938975484,79.48985260039957,79.77751895947831
1593,-5.950000000000003,-17.0,-11.83,0.5511001468772967,0.2829370952007698,0.42769332360818574,102.56367325214649,103.00239577858258
1594,0.0,-3.0,-1.19,0.9192235447474534,0.14652017066709297,0.4691298871393987,74.48836012004367,74.83832329752416
1595,-10.0,-24.0,-16.94,0.5360963654225668,0.3058857003142589,0.41081278521446957,114.58696613789185,115.0576707139063
1596,0.0,-3.0,-1.13,0.8011547649937564,0.14123124745228471,0.4033970432342048,78.47216083599133,78.78954332466404
1597,-1.0,-10.0,-5.38,0.605076292600979,0.20717721864105426,0.40793156964154226,94.21113227078384,94.59530563330088
1598,-9.0,-25.049999999999997,-16.19,0.5716557433983269,0.3011642367508935,0.417423404798433,108.21791006457914,108.66976010734469
1599,-4.0,-14.05,-8.6,0.5879897446940366,0.2765157769808945,0.42373556771517285,101.48723070980037,101.91718100671804
1600,-18.0,-34.05,-26.57,0.47104928674687363,0.3205643400472886,0.4036832278380632,120.38271074954783,120.86870114927652
1601,0.04999999999999716,-3.0,-1.02,0.9900262416227611,0.12127339969592531,0.46420219784299604,75.62410115323944,75.97620992018891
1602,0.0,-2.0,-0.88,0.9083406277585381,0.14681581860658488,0.4398191644179877,75.61797032493354,75.94950518325187
1603,-1.0,-6.05,-3.45,0.6698733177512542,0.2082370757860288,0.40991792221510387,89.9034733001012,90.27211931954221
1604,1.0,-2.0,-0.63,0.9919006743511565,-0.23391924546199616,0.397805805928211,72.3809915168134,72.66804998529894
1605,-28.0,-52.05,-39.43,0.49993416523659484,0.3404396096385942,0.4163017743991654,118.56299213399441,119.05652559108893
1606,0.0,-2.0,-0.59,1.1576428074542162,0.14647870776872268,0.4084025317892769,72.13617616249273,72.42905511308166
1607,-7.0,-22.1,-14.72,0.5348477659808968,0.2707531413756283,0.401552279331974,109.61918133261835,110.05921682448471
1608,0.0,-3.0,-1.2,0.9978935900442224,0.14658981159687023,0.45897158214135453,77.53635499425712,77.89170545762455
1609,0.04999999999999716,-4.0,-1.96,0.7299273879480778,0.1244964507023379,0.433068422431587,82.4505589806859,82.80732602446949
1610,-0.9500000000000028,-7.0,-3.52,0.6796140576510395,0.19934933124209078,0.4162491352998783,90.57937191637711,90.95668023972217
1611,0.0,-2.0,-0.5,1.4999195395387588,0.1466030447136874,0.4815040882591912,69.15656605663251,69.48712045192548
1612,-1.0,-9.0,-4.55,0.6043066899052151,0.20810838356159056,0.3879974002339832,95.21593876724224,95.58535232528084
1613,-2.0,-10.05,-6.0,0.5966331305996248,0.23009769785230727,0.4100088864447832,96.42994111603718,96.82533206927566
1614,-4.0,-16.0,-9.57,0.570035736762285,0.26605461271534486,0.41358674329819495,103.54321170430504,103.97138994544484
1615,-1.0,-8.0,-4.22,0.5625190800358382,0.1999923398364643,0.37528912405308196,95.70409217091583,96.06314297822512
1616,0.04999999999999716,-3.0,-0.92,1.091878983167604,0.07235081417816364,0.440410642103962,76.50600933645764,76.84320062480825
1617,1.0,-3.0,-0.94,1.2395243865695198,-0.07601303794016905,0.45896160086372645,76.37629044096339,76.72891545560257
1618,0.0,-3.0,-1.16,1.0193792480850703,0.109941173100576,0.46371239612852494,76.51842052048907,76.87258749238646
1619,0.0,-5.0,-2.36,0.717342108649206,0.14750688413342483,0.4079940346515212,86.89506583973622,87.24968909106309
1620,0.04999999999999716,-3.0,-0.92,1.119697254095905,0.06520890416033007,0.4340350048262799,76.49088567750577,76.82223727374024
1621,0.0,-1.0,-0.23,2.7056912721273125,0.14691726065587954,0.5613726748521679,61.639107663750856,61.98095755899633
1622,0.0,0.0,-0.03,0.14843228958284202,0.14677581635226838,0.3076079351879415,54.55097921673661,54.70866023043679
1623,-1.0,-8.05,-3.64,0.7535314820562616,0.2087297684463167,0.4245001701520079,90.03089653999439,90.41291329406339
1624,-1.0,-8.05,-4.42,0.6694782324117882,0.21381302794129872,0.43090850709217243,88.35117979542768,88.73177933666351
1625,0.04999999999999716,-2.0,-0.35,1.2587966549571203,0.13291545693521437,0.37632599633423724,70.88844714392393,71.1569900306423
1626,0.0,-2.0,-0.64,1.093562657067615,0.12418157060921906,0.4159817755979453,72.33047418769958,72.63221562499592
1627,0.04999999999999716,-3.0,-0.88,0.9492180473349253,0.13502512911549933,0.4188229996452628,74.03336539591758,74.3432290516379
1628,0.0,-6.05,-3.1,0.7002983331856399,0.14836784945849904,0.42306948835665087,86.68690771257974,87.05347804626517
1629,-3.0,-13.0,-8.31,0.5804357662038317,0.2558612984424382,0.4243189069499526,97.19937212132942,97.61185301240077
1630,-3.0,-13.0,-8.03,0.5922644970006238,0.2574552045211211,0.4308153710019857,101.02179079320317,101.45705913521566
1631,0.0,-3.0,-0.91,1.1857044433771495,0.14722329094430922,0.5114550209706308,75.76604819119035,76.15421808645807
1632,0.0,-3.0,-0.97,1.1107147746839163,0.14677904937690656,0.43712202020083746,77.12636419772848,77.46404993763102
1633,0.0,-2.05,-0.6,0.9864923041715785,0.1458024317558395,0.3580969717294254,74.3186827012184,74.58450866995906
1634,0.0,-4.0,-2.12,0.724177769235739,0.14743413057474666,0.43573303361821225,81.08194214280834,81.43470548281176
1635,0.0,-2.0,-0.38,1.6448120453915704,0.1468203226037702,0.4424710731649559,69.26102436065008,69.5663899688513
1636,1.0,-4.0,-1.55,0.835640429115367,-0.00687095320951726,0.4316491192470261,77.59195274372608,77.92651843043535
1637,0.0,-2.0,-0.27,1.9907838624541403,0.14510819110242626,0.4265077756735998,66.44403415771299,66.72678820582934
1638,0.0,-5.0,-1.64,0.9773154083330416,0.1464716876986076,0.42837968638378354,77.84204368691054,78.1761727920045
1639,0.0,-3.0,-1.27,0.8059321287741765,0.12932478654935323,0.4070345720751696,79.43777623686405,79.76126336421038
1640,-1.0,-10.05,-6.04,0.6153078723533065,0.20605682440467665,0.4249708478136037,93.13852877591052,93.53422496175205
1641,0.0,-4.0,-1.57,0.8147461724483785,0.12214168868568318,0.40242364418562176,79.87449195616027,80.1960827015812
1642,0.0,-3.0,-0.99,0.9854760388866199,0.14381078854223336,0.4247363488488448,73.57221769819232,73.88537704251421
1643,0.04999999999999716,-2.0,-0.4,1.5663802789110295,0.1069928193716857,0.4121794547562003,67.44384061365737,67.72038584992221
1644,-4.0,-17.0,-10.48,0.5592534462981135,0.24814538519795096,0.405633620391186,101.44424883799107,101.85587864940257
1645,-3.0,-13.0,-7.45,0.6157030924470265,0.2469600618644451,0.41525712484819854,100.20410115380491,100.62025243008276
1646,0.04999999999999716,-5.0,-1.95,0.7611239438569192,0.11954853764416892,0.40399168102508254,83.37497139275811,83.71169063154275
1647,0.04999999999999716,-2.0,-0.61,0.9507801523371393,0.13399680840623282,0.3698127710337558,76.9865179724065,77.2708149509258
1648,0.0,-5.0,-2.23,0.6901534058112522,0.14604320013493607,0.3786560253150716,86.45248023992276,86.77996694950978
1649,0.0,-4.0,-2.07,0.8548115642816844,0.1455119227528015,0.4784089210444325,82.55632141399246,82.95103604525966
1650,0.0,-3.05,-1.61,0.8219751754190491,0.10792381179774105,0.4420160015148996,82.64706545972734,83.01325412951371
1651,0.0,-2.0,-0.69,0.8891130061789004,0.14682032260379374,0.38052466423590436,76.31661887708643,76.60662521319371
1652,-2.0,-11.0,-5.74,0.7157058554907694,0.2595402704247076,0.4477909568133955,94.74263795317579,95.16672898774915
1653,0.04999999999999716,-2.05,-0.78,0.8870845203156613,0.0728272062666486,0.3632570515702192,77.47828244584946,77.75928268141075
1654,0.04999999999999716,-5.0,-1.83,0.8514414183031547,0.12198818756522026,0.43690733767904677,83.19743270252555,83.56076416268566
1655,0.0,-3.0,-0.87,1.0021022638119415,0.14659459904349606,0.41209845201992273,76.12143166669347,76.43507065920478
1656,0.0,-3.0,-1.0,1.0080372342444193,0.1467621223674,0.42066549270588544,76.53891596748802,76.86046170232207
1657,-1.0,-8.0,-4.24,0.6303763615638032,0.20399384108266344,0.4005630421129796,92.31482627083852,92.68473296874865
1658,-11.0,-27.05,-17.95,0.546697499141148,0.3122525415143148,0.40389740149473496,110.55933743143459,111.00591680435114
1659,-20.0,-38.0,-30.23,0.48597146986570555,0.3219522343395414,0.4119654901832312,113.02723136477442,113.4928798899341
1660,-0.9500000000000028,-8.0,-4.24,0.6380742948095262,0.18864353717429275,0.40757006005579505,88.76980676624973,89.13161839355006
1661,1.0,-2.0,-0.75,0.8546089400597026,-0.15140235097721574,0.39775769241822856,74.305462678021,74.60125796979351
1662,0.0,-2.0,-0.52,1.3353503106119715,0.14710606266428472,0.43878091695899935,70.06504935479558,70.37278060109333
1663,-2.0,-8.05,-5.05,0.6221928660079691,0.24991640106681332,0.42315117896450993,92.19712252665205,92.58730633521583
1664,0.0,-5.0,-2.22,0.7533363189299991,0.1427471081824349,0.40764412164400826,82.78795076113374,83.12582581088799
1665,0.0,-5.0,-1.85,0.7457513282951662,0.12006823277472578,0.3776532737835466,82.42920004873686,82.74011781553318
1666,0.0,-1.0,-0.35,1.4531443422131858,0.14647168769861074,0.47548613629409753,65.87948828788072,66.19393282432483
1667,0.0,-1.0,-0.39,1.2327012517803217,0.14670118587769257,0.4853377684392723,64.5050022009489,64.81628467002493
1668,-1.0,-9.0,-4.11,0.7105124838476589,0.2137429071628027,0.4230807064967246,89.35885342724274,89.73687090098284
1669,0.0,-1.0,-0.2,1.4876354078831673,0.1465301841495039,0.3791835394422437,61.960640977980674,62.195242897871594
1670,-8.0,-20.05,-13.79,0.5249254152578815,0.29910830897936913,0.40825389375341564,102.64380786336915,103.06283094359205
1671,0.0,-5.0,-1.88,0.9244854887065332,0.14690003939806326,0.44580069101868014,79.70476909936498,80.06005034100798
1672,-16.950000000000003,-35.0,-25.33,0.5140135049425615,0.31872733038143425,0.4124831852908102,112.3858093640473,112.84938956822674
1673,0.0,-2.0,-0.49,1.29192367249512,0.14661560993124054,0.4170189404521674,68.05536351257658,68.33854371949289
1674,0.0,-2.0,-0.6,1.2419700908503037,0.14652017066709003,0.45287153294397337,70.93111186678794,71.25175643448571
1675,0.0,-4.05,-1.5,0.9434716176322478,0.1441991262919529,0.443660123700984,77.60762965129335,77.95216536171682
1676,-2.0,-10.0,-5.84,0.60163667008171,0.24321172031441615,0.4163067852260016,94.07230859692909,94.46387425069679
1677,0.0,-3.05,-1.24,0.8173070869831103,0.14706525958229968,0.39159241710933324,77.32834751374138,77.6306574256468
1678,0.0,-3.0,-0.85,0.8998184082647098,0.1456100884194925,0.39418278489476194,73.78253390968143,74.07309175658689
1679,0.04999999999999716,-4.0,-1.81,0.6933512659700516,0.12662412513823068,0.38093592181318847,81.21891361326612,81.5276473853123
1680,0.0,-3.0,-0.91,1.0671650504181271,0.14652017066710685,0.43918220608066316,73.76626969205549,74.08899277756794
1681,-4.0,-13.0,-7.82,0.5993989191951328,0.28597468618568556,0.4262969216989891,95.33506763422203,95.74149146762907
1682,-1.0,-8.05,-4.36,0.6408332794983066,0.20683034122802105,0.40176144438663214,92.74576319586231,93.11834886878503
1683,-8.0,-20.0,-13.32,0.5492752860336384,0.3148591583869778,0.4256765310315599,100.40828308440332,100.83561756219338
1684,0.0,-7.0,-3.26,0.7486886401756647,0.18917426206615817,0.4425994132593939,85.07757933556552,85.45416410979385
1685,0.0,-2.0,-0.46,1.3021410135643698,0.14653018414949667,0.4357213519797817,70.90777102135321,71.21625954513078
1686,-1.9500000000000028,-9.0,-4.98,0.6440863824838295,0.2310072248540543,0.4072108773939471,94.71796413648262,95.10378771318177
1687,0.0,-6.05,-3.26,0.635155021760269,0.16818929084554776,0.39821755308308054,88.27877221975417,88.63008183314327
1688,-51.95,-76.0,-64.47,0.4675238306474328,0.36509515977662804,0.4150959163686326,127.47040594239095,127.99954947522266
1689,-1.9500000000000028,-9.0,-4.87,0.6367199803837738,0.24034165475305835,0.4222909254609138,89.75727883306828,90.13619588697775
1690,0.0,-5.05,-2.43,0.7478304107690432,0.14724880758169404,0.41894009955018036,85.22991183010444,85.58681730684974
1691,0.0,-5.0,-1.81,0.952797289175016,0.14637096203074423,0.43807360333890877,78.35130642948982,78.69413842784381
1692,0.0,-2.0,-0.42,1.1765620000771027,0.14661560993125505,0.3718739898487486,71.42666152262315,71.69230998117465
1693,-1.0,-11.05,-6.16,0.6619449483595239,0.19522321676473467,0.4184705668889683,93.81274280805636,94.20536138930487
1694,-1.0,-12.0,-6.72,0.6037648187912842,0.20239019452546536,0.3998190652560048,98.69080873259425,99.08539671063181
1695,0.0,-2.0,-0.64,0.876663534491867,0.14695951362347567,0.37929108830139513,75.03900481073777,75.32453025000876
1696,0.0,-2.0,-0.66,1.2908100647717298,0.14425070322506248,0.47611465288224103,72.12312295476234,72.46574200984783
1697,-2.0,-12.0,-6.13,0.6773871338828713,0.2425068391940103,0.42311566898410996,95.93221751547414,96.33835961217014
1698,0.0,-1.0,-0.18,1.8701382624529514,0.14670118587765757,0.4410134011852112,63.32163819360847,63.601098640202615
1699,0.0,-2.0,-0.54,0.894708826542924,0.14677904937690647,0.35307668498907724,74.93547276601383,75.201020858042
1700,0.04999999999999716,-6.0,-2.18,0.8402231160835351,0.11920534726231978,0.4063832645387357,85.82325922254819,86.17216613130842
1701,0.04999999999999716,-4.05,-2.04,0.6888079046100154,0.14162920042921523,0.40003841923776756,84.34059738589538,84.67798500903224
1702,0.0,-5.05,-2.67,0.6473516488125706,0.1474053047572079,0.3886043221853089,88.10462430439401,88.44725835596117
1703,0.0,0.0,-0.02,0.14840416065526799,0.14678355337409682,0.20661399678018466,56.90327511776406,57.01734235882846
1704,0.0,-1.0,-0.11,3.07702481681381,0.14678355337409704,0.46478458511002285,58.09554478381285,58.36207503524886
1705,0.0,-1.0,-0.05,2.026645222757837,0.14670554766959254,0.3762418125669329,55.86723028833337,56.08699835640275
1706,0.0,-1.0,-0.06,1.9764820024478966,0.1465301841494943,0.3199226017099479,58.47226281412622,58.666394752079114
1707,0.0,-1.0,-0.1,2.7719591937305714,0.1467055476696064,0.47462318805620873,59.08917422591,59.373636762736226
1708,0.0,-3.0,-1.18,1.0801588111521203,0.14702400640565344,0.49006587513003047,77.43751761418523,77.81632734111093
1709,0.0,-1.0499999999999998,-0.29,1.2685763881127725,0.14670118587768857,0.3566830145856059,68.98241758584115,69.22882140048632
1710,0.0,-4.0,-1.16,1.0648806676689182,0.14725889667475944,0.44545928118681,78.90111474963446,79.25252420248303
1711,1.0,-4.0,-1.57,0.8784491904162743,-0.00789609050786869,0.4427048343725405,80.13376900709112,80.48783346076439
1712,0.0,-4.0,-1.6,0.9192245012095446,0.14726087376240782,0.45770182450811153,82.7233251400573,83.1009308183626
1713,0.0,-2.0,-0.57,1.2658170363724779,0.14441941144895978,0.45603087004161297,70.94220610612288,71.26551429410593
1714,-3.950000000000003,-14.0,-9.03,0.6077136117244079,0.2753856661036072,0.436999569319328,101.33873984195681,101.78163463270899
1715,0.0,0.0,-0.04,0.14834820757062106,0.14679322755285443,0.5332880662803544,41.04637858863325,41.30345281591808
1716,-3.950000000000003,-16.05,-9.66,0.5737062018108894,0.2448095024720448,0.4084349408655069,102.0487933396836,102.4655081841112
1717,0.0,-1.0,-0.06,1.9137950441360687,0.14678355337409812,0.3222643787976343,59.685117363892324,59.86893152426268
1718,0.0,-1.0,-0.25,1.6882246359402888,0.14696624538915948,0.4865969924251171,64.54255637625555,64.85420015744998
1719,-1.0,-7.0,-4.18,0.6319082736706093,0.20651408411067726,0.4279808295877681,91.6948238973622,92.08755052547932
1720,0.0,0.0,-0.03,0.14843228958283197,0.14677581635226364,0.4161466917846278,54.69120661286531,54.92703080571815
1721,0.0,-1.0,-0.07,3.882049661922096,0.14670554766960686,0.6472770739416149,58.91991122059151,59.33837582417879
1722,0.0,-4.0,-1.99,0.7507653409925642,0.14731911899072267,0.4369318028302361,82.89193083169275,83.25430377229742
1723,0.04999999999999716,-5.0,-1.86,0.8068318724308043,0.12553450076184683,0.41492530994560034,84.21909205948316,84.56864038539089
1724,0.0,-2.0,-0.64,1.1027246411976859,0.14410777568754599,0.4257222948667189,73.58064615734243,73.89468214308188
1725,0.0,-2.0,-0.38,1.3012425488095187,0.14647168769860497,0.43177593034882805,70.03817931451408,70.33895595319358
1726,-8.0,-24.0,-15.05,0.5626165043847153,0.30065460600395444,0.4209013152966833,108.24611458153524,108.70169627824833
1727,0.04999999999999716,-2.0,-0.48,1.0246713245078432,0.1206890661479031,0.36037627250549575,74.54253587950355,74.81158372015085
1728,0.0,-1.0,-0.31,0.9114476852642688,0.14661560993124087,0.3361072055413343,71.57452993718697,71.81573200051747
1729,-15.950000000000003,-33.0,-23.56,0.5258942802847719,0.3230217611627458,0.41698913317215597,113.00018195503264,113.47138432855314
1730,0.0,0.0,-0.01,0.14830950005393717,0.14666951569216102,0.046441528409730794,53.89444932770379,53.64244298615619
1731,0.0,-2.0,-0.62,1.0926423079736165,0.14695951362347437,0.3975376594949242,75.22298386386116,75.52254848542852
1732,-3.0,-13.0,-7.31,0.6318267711998412,0.24896931483245166,0.41306848247854133,96.23729028788597,96.63479401129383
1733,0.0,-7.0,-3.5,0.7047064537680119,0.15556896273373905,0.42863913617177735,90.89563693425374,91.28519976514801
1734,0.0,-6.0,-2.81,0.730687746015076,0.14776473392187178,0.3971756494396669,89.2148853590242,89.56901061374674
1735,0.0,-4.0,-1.66,0.9290702045379668,0.1469069529251856,0.4449698015893123,78.39129233847024,78.7400087655458
1736,0.0,-2.0,-0.52,0.871870792020333,0.1469511411153771,0.37766744609455527,69.73797349184036,70.00305694305602
1737,0.0,-6.0,-2.8,0.6373525382682637,0.1474849736534914,0.39143461758968834,89.82882459871892,90.18057696941243
1738,0.0,-6.0,-2.44,0.7747578098854984,0.14810811155696255,0.4086315107048626,82.09226428193858,82.4276128283581
1739,-1.0,-7.05,-3.74,0.687360967231338,0.21901866485849392,0.43096222575485243,87.42926714747567,87.80651216838956
1740,0.0,-6.0,-2.47,0.7348742243251,0.14741355751175272,0.40456578069906585,87.21671626059417,87.5694898432601
1741,-1.0,-9.0,-4.97,0.6765507492556786,0.2024778272951206,0.4239896086973732,89.94032225342724,90.32200322463302
1742,0.0,-5.0,-1.68,0.9161138939518401,0.12401341863460191,0.4276702921455191,81.65836110015886,82.00731918729592
1743,-1.0,-6.0,-2.87,0.7012437880659439,0.23159047317363146,0.42547936242872864,82.81391622834339,83.16606571525794
1744,0.0,-1.0,-0.15,2.193405465917264,0.14670554766961194,0.42898647103512166,61.94553993373442,62.20690082459418
1745,-3.0,-12.0,-7.37,0.6303949643893326,0.26053004842803906,0.4378098583388539,94.64188924676954,95.05625857668258
1746,0.0,-1.0,-0.08,1.6095251314912458,0.14670554766960425,0.28359199585767103,63.00944743600076,63.18867655640189
1747,0.0,-6.0,-2.99,0.6919503077693084,0.14766141025621654,0.4190428521919619,83.63960426110457,83.99004415778877
1748,0.0,-2.0,-0.54,1.1449614541775508,0.06928455566738628,0.3971287919667801,72.89834138575583,73.18861793000819
1749,0.0,-2.0,-0.49,1.146598113741671,0.14515449397657884,0.416935974864774,72.27508694792951,72.57712664689141
1750,0.0,-1.0,-0.17,1.4974464657451183,0.14682419111469378,0.3526950616523922,65.25649472857177,65.48223000445073
1751,0.0,-5.0,-1.92,0.7471455566203408,0.1462012189574004,0.4264346074016816,84.31879043156832,84.67863264704899
1752,0.0,-2.0,-0.42,1.4852616448769942,0.14678355337407964,0.4527170749915234,66.76465144632517,67.0680764439786
1753,0.0,-4.0,-1.32,0.8281396629470663,0.14411177602956413,0.40016996100058044,81.08650922184572,81.41025237727919
1754,0.0,-2.0,-0.42,1.5307904481817602,0.146530184149504,0.4275019633104714,68.70437441232072,68.99686881518471
1755,-5.0,-13.0,-8.96,0.5312175665336332,0.2932708350241449,0.4129155980454031,101.50926399401031,101.92839718404205
1756,0.0,-8.0,-3.49,0.7561582144946144,0.17868547144186786,0.41548499200743266,89.86499647694133,90.23809509410907
1757,0.0,-0.04999999999999982,-0.05,0.14844213288549882,0.14677581635227288,0.5230097793867303,54.35218587468949,54.44503974846393
1758,0.0,-1.0,-0.26,1.8403163083929126,0.146917260655894,0.5060739134111055,67.64620955216034,67.99247374228217
1759,0.0,-3.0,-1.3,0.8766693115101319,0.14652017066709627,0.4337216103149647,77.86640727464646,78.20416587916789
1760,0.0,-5.0,-2.16,0.8107034226830591,0.14715755370139424,0.4303888856914131,85.92005824205276,86.2897411201215
1761,-2.0,-9.0,-4.78,0.6539758455664274,0.24937790535249377,0.4175438445914816,92.11074272705413,92.49528962004779
1762,0.04999999999999716,-2.0,-0.56,1.0638478266824303,0.1309386663022814,0.39442443653402265,70.96811437756467,71.24823487874764
1763,0.04999999999999716,-5.0,-1.8,0.8165483674772047,0.11853438674728939,0.39059917438834146,82.38471862578741,82.70637001007006
1764,0.0,-4.0,-1.36,0.9225660400061094,0.1264386650293408,0.44314385216688784,77.07551239697982,77.41722656698342
1765,1.0,-4.0,-1.31,0.8810634436075044,-0.014587532772612384,0.40092159535214433,79.57681106767772,79.89602357331567
1766,0.0,0.0,0.0,0.14838661456777863,0.14664699570626477,0.28483718239374417,50.55989397190538,50.70298390417798
1767,0.0,-7.0,-3.39,0.7352729924089837,0.15973596456272426,0.43007154654522667,88.49764589317093,88.87838895927545
1768,0.0,-1.0,-0.14,2.509983786953981,0.14678355337410273,0.44087360925149754,65.40413463686578,65.69382099053762
1769,-0.9500000000000028,-7.0,-3.55,0.7031630563389555,0.19959241758260624,0.4365123030269451,90.22125818245554,90.61520144777108
1770,0.0,-2.0,-0.63,1.0879639605041262,0.14647168769862795,0.43184584145486243,75.84909977351587,76.17382018878644
1771,0.04999999999999716,-2.0,-0.58,1.1108724185489902,0.12528227934875405,0.4155832341523958,76.10116516207913,76.41699589248624
1772,0.0,-1.0,-0.17,1.6742137735977247,0.1464716876986226,0.36811487489901656,65.8734139281998,66.1194258142343
1773,-1.0,-10.0,-5.03,0.6484124252339087,0.18107718066021503,0.39309180360868173,100.82085388678182,101.21691400027865
1774,0.0,-3.0,-0.81,1.0013501799870344,0.13625457687168907,0.38703044434196243,76.54512877556186,76.84217706569676
1775,-0.9500000000000028,-6.0,-3.13,0.7300206795458514,0.2131508168770733,0.43043287355757637,89.1002978839989,89.48395997486587
1776,1.0,-2.0,-0.39,1.3501241321563835,-0.31786467530773566,0.40442380200723654,73.71601811997341,74.0166538707569
1777,0.0,-1.0,-0.13,1.7662367300212374,0.14661560993125777,0.36270178943690207,60.30738176349359,60.527890714107905
1778,0.0,-3.0,-1.01,0.9318232960536817,0.1472275548220526,0.41489949599403986,80.68487027466753,81.02049237235673
1779,0.0,-1.0,-0.12,4.579154202742173,0.14670554766960128,0.6692921648161733,58.618112174630234,59.00135323879679
1780,-6.0,-19.05,-12.01,0.5885048219623681,0.28740427993287015,0.4212017607308853,106.15112740447621,106.59832075064993
1781,0.04999999999999716,-4.0,-1.54,0.7884716546370425,0.1280697002595493,0.4012273232621865,78.70605691408943,79.0213193402204
1782,0.0,-1.0,-0.19,2.5106041213493606,0.14682419111469527,0.5643934544122559,63.09026711266246,63.44633719581698
1783,0.0,-1.0,-0.08,4.395693672570369,0.14678355337408117,0.5405790402566435,58.505825072055565,58.81389012848317
1784,-0.9500000000000028,-6.0,-2.57,0.7932674328387868,0.22234839869123776,0.42037294165708433,91.24027630365798,91.62346613304732
1785,0.0,-2.0,-0.69,1.0659263730057862,0.14568630171558827,0.46336949525479026,75.36593615632279,75.71523506208737
1786,0.0,-7.0,-3.15,0.7721395155067092,0.16082779750507042,0.4275888446210549,89.3323213807205,89.71461920754913
1787,0.0,-1.0,-0.15,3.5372134690785746,0.14670554766960414,0.6504241061372305,62.59580205294619,63.01173425642963
1788,0.0,-6.0,-3.04,0.7108629443327745,0.14761461645947804,0.421790623137007,88.27269133855542,88.6447888081093
1789,0.0,-3.0,-0.84,1.1437461061372973,0.14132020125717712,0.4208253382898507,80.65810070514154,80.99766492199305
1790,0.0,-5.05,-2.52,0.7545355279024129,0.13426232544897201,0.4267849349083651,87.563959455864,87.93744252327582
1791,0.0,-1.0,-0.3,1.6693338940516949,0.146783553374099,0.5262290654491243,65.20045170550051,65.54752659581854
1792,0.0,-3.05,-1.44,0.7577449200351172,0.14737373110604624,0.4084304404888301,82.47653907020452,82.81375383113678
1793,0.0,-2.05,-0.75,1.2561943743340374,0.14647168769861685,0.47557297411531513,76.1898318313518,76.55342965919857
1794,0.0,-2.0,-0.77,0.8988291179079128,0.1467790493769203,0.4099622760263603,75.52810238819166,75.83823607498972
1795,-1.0,-6.0,-3.17,0.6479104737223741,0.22315504933080912,0.41794974669789725,90.45097783020302,90.82915672401136
1796,0.0,-2.0,-0.51,1.275562703820168,0.14653018414950644,0.4434289394652848,73.34388327285944,73.67125692409014
1797,-2.950000000000003,-12.05,-7.63,0.5995323850936932,0.24284125142875707,0.4295150363337885,102.18887921435818,102.62779185835831
1798,1.0,-4.0,-1.54,0.9080187873288781,0.016181299374240583,0.42679133324598134,81.82319282904301,82.17214933942645
1799,0.0,-4.0,-1.38,0.9524219856150241,0.14650423386174047,0.42685212905979525,81.77777439174696,82.127160323844
1800,0.04999999999999716,-3.0,-1.19,0.7503893954291192,0.11490095713001941,0.37473781633828657,81.3495077829122,81.65452667610857
1801,-9.0,-22.0,-15.14,0.5373894795620746,0.31563420789713625,0.4260705492697341,107.4336034376549,107.89137136383658
1802,-1.0,-8.0,-3.65,0.6464681130839234,0.20031894586532362,0.3960711793925293,93.89451188966527,94.26665252858595
1803,0.0,-6.0,-2.71,0.746887524010614,0.14770626925164365,0.42674745447249235,85.91208400780641,86.27880320867865
1804,0.0,-1.0499999999999998,-0.39,1.368878908469235,0.1467835533740965,0.518014307690677,65.33041848793204,65.67033760820587
1805,0.0,-0.04999999999999982,-0.05,5.074620882340317,0.14679903322069263,1.148629683973767,46.23825317134174,46.76650919051042
1806,-1.0,-7.0,-3.61,0.6937508293900738,0.22216683819627306,0.41880190366153486,89.49488052594221,89.869704286905
1807,0.0,-1.0,-0.1,2.645114788690263,0.14682419111468822,0.40870162028189966,62.13647092873528,62.38744711912162
1808,0.0,-3.0,-1.06,0.8475552213700649,0.14707114188357087,0.41251209163623237,81.06683887501099,81.4023038528819
1809,0.0,-2.0,-0.6,0.9391403099999796,0.14531474592533192,0.3837415670436656,71.7720344866429,72.0481472304828
1810,0.0,-4.05,-1.69,0.7578347218553133,0.14694705873002856,0.38815225709870665,88.13649374388035,88.47836066611052
1811,0.0,-5.0,-2.33,0.730212298957443,0.1464807570894975,0.39696866247138507,85.80513755887287,86.14603126048367
1812,0.0,-5.0,-2.14,0.7802607429551014,0.1475620360163302,0.4378399315081214,84.05693551194189,84.42485236017421
1813,0.0,-2.05,-0.87,1.1038636821559489,0.1468241911147041,0.47749409550728983,73.64034308254692,73.99166307529524
1814,0.0,-1.0,-0.17,2.355420745285549,0.14682419111468878,0.44526504323867405,66.51397010869033,66.81379961814174
1815,0.0,-1.0,-0.2,2.735772879998489,0.14647168769861807,0.4721965356916775,63.22452527596428,63.52526942977829
1816,0.0,-3.0,-1.41,0.7953494852052714,0.14642999026401124,0.4192327916006265,80.15583124266296,80.49279327016752
1817,-4.0,-12.05,-8.04,0.5322973976896171,0.27002000359828293,0.400778644047464,111.80136112870052,112.24944047775644
1818,0.04999999999999716,-4.0,-1.6,0.8623238377199685,0.13966114605600224,0.413210541010536,82.03785814902314,82.37668351859693
1819,0.0,-2.05,-0.82,1.0833972615711214,0.1468241911146905,0.4513013737349903,75.02775318548048,75.36611543085206
1820,0.04999999999999716,-2.0,-0.39,1.5260796632717524,0.10458135619307632,0.4641987574939034,68.38572955774335,68.70327093433079
1821,1.0,-4.0,-1.66,0.7611696351241464,-0.004103136805580237,0.4172944514331188,82.05283161111176,82.39504321875295
1822,0.0,-3.0,-0.73,1.47478561942301,0.1469069529251827,0.48928706473463096,71.34168902167944,71.6904742349825
1823,-3.0,-12.0,-7.25,0.6138183032968257,0.26172995928668696,0.43410878444546414,96.05228860118027,96.4692964913318
1824,0.0,-3.0,-1.16,0.7745298793053248,0.1470529432402934,0.39677782874502165,81.0993569626136,81.42049078486127
1825,0.0,-2.0,-0.43,1.7607929636629605,0.14661305819606985,0.515712795899418,66.04231458294463,66.38321340509694
1826,-24.950000000000003,-45.1,-34.64,0.5059943719960389,0.35124938510555215,0.42255838158696013,113.25536210398379,113.73396186216183
1827,0.0,-5.0,-2.48,0.7873430702107858,0.14762459657681973,0.4439069192507765,81.46763214419586,81.82976278556103
1828,0.0,-3.0,-1.09,0.9389805235889502,0.146615609931255,0.4439208407192153,79.9532540137402,80.30841554697454
1829,-2.950000000000003,-13.0,-7.61,0.5830939577017211,0.24677616742801542,0.4046402908716409,95.2215071764511,95.60681361382468
1830,0.0,-4.1,-1.83,0.8256944686341067,0.14722196349648226,0.41801860111266914,89.38803861505507,89.76213745136155
1831,0.0,-5.0,-1.99,0.8065671036743409,0.14193577571995977,0.41416683027079676,81.96539885409875,82.30456574093358
1832,-2.0,-10.0,-5.4,0.6482349273780706,0.23412243590149862,0.42837356727110676,91.3186316566721,91.70998564984333
1833,0.0,-5.0,-2.52,0.6494100782009505,0.14749283492525217,0.3994070769800198,85.70171020418357,86.04418749736689
1834,0.0,-3.0,-1.46,0.7681758894007533,0.14698938840005749,0.4229752726811342,79.69420110288566,80.03113656019023
1835,0.0,-3.0,-1.18,0.8972127253813164,0.14720997418935805,0.4544784873713978,77.17984917880628,77.53061568957007
1836,0.0,-4.0,-2.05,0.8403343190414191,0.14801527882953827,0.45792535283888336,80.83367715428848,81.20416572888544
1837,-29.950000000000003,-53.0,-40.52,0.4927935915918782,0.3462429306039404,0.4149622917711793,118.40424172684166,118.89555073565413
1838,0.0,-5.0,-2.44,0.7177164686856968,0.13724722589207022,0.4423531826807996,82.39496360502224,82.75937028723114
1839,-4.0,-16.0,-9.36,0.5867998428323372,0.2652243758691582,0.4147950846882893,98.75590886985071,99.16554543915159
1840,-1.0,-7.05,-4.17,0.5908825779071936,0.21662014996804904,0.405674250912159,88.93554833736343,89.29644025861448
1841,0.04999999999999716,-5.0,-2.21,0.7306247603898411,0.14272971490718464,0.38816249524211416,83.01133357824312,83.33342266436016
1842,-175.0,-221.05,-199.18,0.4323275379981375,0.3758511960776217,0.4054170824902437,152.53320619722467,153.15159873110954
1843,-22.950000000000003,-44.0,-33.46,0.4952944830180881,0.33374799713182507,0.4151690833930389,114.3613203435397,114.8361140579133
1844,-0.9500000000000028,-8.0,-4.14,0.619460117649698,0.18624587120002495,0.383752117754516,89.92503543907915,90.27014585222867
1845,0.0,-1.0499999999999998,-0.35,0.998173194824842,0.14647168769861998,0.35801571232232654,68.66268078866362,68.90956867759085
1846,0.0,-3.0,-0.82,1.0504161756796793,0.06103070837163918,0.4121472044407485,73.07811056243179,73.37851314731222
1847,0.0,-4.0,-1.35,0.8892993826387967,0.1466601174089624,0.41995490693353277,77.2629648821399,77.58776365467752
1848,0.0,-5.0,-2.25,0.7865001765130674,0.14839536325729055,0.4245347400579651,83.61400056023825,83.96957007025587
1849,0.04999999999999716,-5.0,-1.78,0.8967385060124513,0.12042287694795126,0.42015459199065014,81.44284689669185,81.78453295483861
1850,-4.0,-15.0,-9.38,0.5803025081439144,0.26466988110392137,0.40986484451459015,97.29902267622629,97.69775371164023
1851,-6.950000000000003,-20.0,-12.34,0.5641692483152684,0.28397690725052477,0.41349873339600407,100.08799508018775,100.50192917049992
1852,0.0,-5.05,-2.79,0.7768535252153905,0.1554016711836539,0.4557082700100501,83.58710039849021,83.96781805979008
1853,-1.0,-8.0,-4.84,0.5969798433618296,0.2126582175317541,0.41463115529841355,92.09376333846339,92.47565881371187
1854,0.0,-4.05,-1.98,0.8629251654236979,0.14680159800905818,0.4504965117174464,81.27145438372543,81.63752376196351
1855,0.0,-5.0,-1.94,0.8482162056272613,0.14653788337775073,0.4277892871215602,83.06968704618728,83.42474065936698
1856,0.0,-2.0,-0.56,0.9842998616444104,0.14661560993125258,0.3810021737558548,71.09516629041013,71.36551124980846
1857,-52.0,-83.05,-65.21,0.4747940532937223,0.35531488547351153,0.40974569951346707,124.5252889189934,125.03553225099097
1858,0.0,-6.0,-2.89,0.7222809864346942,0.17287960679621273,0.42460535786108866,84.10679048268007,84.46381169131577
1859,0.0,-5.05,-2.57,0.7490841521515978,0.14706589854080585,0.42891256913983183,82.5277001625717,82.88188639056962
1860,-0.9500000000000028,-6.05,-3.15,0.6516112198783564,0.21067551707544968,0.41383064336092334,85.04082639277419,85.3930590924162
1861,-2.950000000000003,-13.0,-7.42,0.5913487664707038,0.24636112178535438,0.41222863262913145,95.21620853863661,95.60864838631187
1862,-1.0,-6.05,-3.37,0.6772113793454888,0.21272962849044005,0.41411004251776873,86.09167976913315,86.44818491710876
1863,-3.0,-13.0,-8.01,0.5551536510002668,0.2605590751092133,0.4088937672397517,100.27266091536966,100.68261816633834
1864,0.0,-7.05,-3.39,0.7665158504324061,0.14704930868567215,0.4245166623788645,87.5106923749258,87.88200964386814
1865,0.0,-4.0,-1.69,0.7379917482020487,0.14674065463946348,0.40518207512301724,81.45634776547378,81.78651391014034
1866,0.0,-3.0,-1.01,0.8268421849589549,0.144821479527444,0.3827901304185606,77.63670817355825,77.93380864139858
1867,0.0,-7.0,-3.29,0.7236644089159631,0.14813380277029692,0.4243274649897008,88.53048032860244,88.9059618158843
1868,0.0,-8.0,-4.26,0.6287025092997693,0.1449194960794161,0.4018002243989455,92.40433088914862,92.77566463624424
1869,0.0,-2.0,-0.8,1.2416953884701538,0.1469900644329165,0.4855083863978323,72.6681902551861,73.0208518669181
1870,0.0,-3.0,-0.75,1.011166184774981,0.14335481079031806,0.40028981659673574,77.39055874718483,77.70052096328084
1871,0.04999999999999716,-2.0,-0.5,0.9138534759227336,0.10291469729188746,0.3251767602492147,75.43700667710718,75.6824800582901
1872,-1.0,-8.0,-4.1,0.6243064625250815,0.20499577804918406,0.4042287508742865,95.16734831918225,95.55204951922356
1873,0.0,-5.05,-2.25,0.8440804556016938,0.14731911899073385,0.445095200630732,82.30304583215764,82.66986914489084
1874,-1.0,-9.0,-4.58,0.6640927391586778,0.19775299488750292,0.4078613279691548,91.89977373123622,92.27461029465445
1875,-25.0,-46.0,-35.48,0.5014232811346201,0.3386629436465224,0.42109505170086853,118.12325350763658,118.62066078840685
1876,0.0,-7.0,-3.33,0.8197618219751441,0.14777580215611805,0.45117662870198516,87.50293651485272,87.89754178635724
1877,0.0,-2.0,-0.66,1.0323274695299212,0.1464716876986055,0.3879150918234574,72.71796721636392,72.9993303468438
1878,-1.0,-10.0,-5.41,0.6209909536480409,0.19830199412923702,0.40449512307311514,94.87618491125654,95.25991530060806
1879,0.0,-3.0,-0.99,0.9870383803305555,0.1468158186065933,0.43227627838454785,79.35680763703574,79.69968818093542
1880,0.04999999999999716,-4.0,-1.98,0.7648204482780135,0.10754767787613242,0.4299558060495492,84.68616393356078,85.05025495422699
1881,0.0,-4.0,-1.87,0.9308628581592807,0.1458904733653135,0.4658741114211862,82.51761291627398,82.90173395232529
1882,0.0,-4.0,-1.44,1.2072756177886268,0.1448173410819556,0.529974551744253,78.8579161953487,79.27614115162986
1883,0.0,-7.0,-3.18,0.7263259622849728,0.14731592755959258,0.4075316708072132,91.50400158834914,91.87711348123499
1884,1.0,-4.0,-1.51,0.7171634497308444,0.015291433486420508,0.37212050557784776,83.03033610204915,83.33908829142086
1885,0.0,-1.0499999999999998,-0.33,0.9928855595849415,0.14691726065588162,0.3409524444250516,70.37097310525739,70.60948077637637
1886,-1.0,-6.0,-3.33,0.6029028961848822,0.20871137190349848,0.40000290194459703,96.5521985987104,96.93866015374529
1887,-14.0,-29.0,-22.16,0.4994030825407687,0.3172385612035378,0.417634040696595,110.67236465164355,111.13459002924523
1888,-11.0,-24.0,-16.9,0.5475873113242534,0.32272523972203354,0.4249440837997159,105.35332757297503,105.80101351235813
1889,0.0,-5.0,-2.04,0.7299801164262008,0.14572231596550045,0.40709198470706276,83.25920833194776,83.5981624099903
1890,-10.0,-24.1,-17.37,0.5322269322077168,0.3019245453435671,0.41220126522553996,108.3919175207461,108.83873649448981
1891,0.0,-5.0,-2.01,0.8194392678541869,0.13382725699003292,0.417906639632044,83.07180045440677,83.41817479478806
1892,0.0,-4.05,-1.63,0.8498034689161106,0.14606377755003977,0.4039618201302679,82.21928843109573,82.5510797089763
1893,0.0,-6.0,-2.7,0.7999699403906845,0.147467934250554,0.415176153599837,86.72401632115464,87.08401258333944
1894,0.0,-6.0,-3.04,0.6868743583715602,0.14783402217071617,0.40836805024033007,90.20643104773411,90.57441282495391
1895,-2.0,-10.0,-5.44,0.6517541538996521,0.2369495391864555,0.423739794176562,92.90369261167297,93.29709427217155
1896,-17.0,-34.05,-25.93,0.5236091207813253,0.33427777500617256,0.42844447620510206,113.83457875419339,114.32232428658398
1897,-28.950000000000003,-53.05,-41.04,0.5036191510411699,0.34051053636085843,0.41929331209666443,118.37223676317957,118.86857749322716
1898,-0.9500000000000028,-6.0,-2.94,0.6141531106340372,0.2133244521443586,0.3851901146397475,91.76629507441008,92.11959475728683
1899,0.0,-8.05,-4.06,0.6709280097107551,0.1686519993705553,0.40257372899249744,93.11924017398141,93.4938607863636
1900,-8.0,-20.0,-14.02,0.5148145682914456,0.28932170818621816,0.40345512141593565,114.33927231804093,114.80056123795848
1901,-23.950000000000003,-44.050000000000004,-35.08,0.47425331507380425,0.3321154015626586,0.40943122832415063,123.95464550304118,124.46217551424965
1902,0.0,-5.0,-2.11,0.7129358598781121,0.1470110804348122,0.40040797626406693,94.5857652427554,94.96422259661253
1903,0.0,0.0,-0.04,0.14846409226437995,0.1468501090527322,0.7053524749392824,51.409316408320485,51.75145692476526
1904,-9.950000000000003,-23.05,-16.59,0.5537641387179666,0.3249912992441939,0.4320621490271159,113.63598595905925,114.12694954384894
1905,0.0,-1.0499999999999998,-0.44,0.9494803390177676,0.1469662453891799,0.40965307521936367,73.40937819263628,73.71171253347887
1906,-3.0,-12.0,-7.45,0.5749090693315455,0.2473182318859696,0.4090853278819944,103.06555258575,103.48706391309801
1907,0.0,-2.0,-0.62,0.7097647170923127,0.1469790900133256,0.34104060921431184,80.2098497965685,80.48443399795563
1908,-11.0,-25.049999999999997,-19.07,0.5162037692884784,0.31091555812970784,0.4257145291150897,118.47333847185149,118.97776281304044
1909,-3.950000000000003,-14.0,-8.2,0.5318042775280056,0.2560688303448596,0.3718209256624834,108.96452771063204,109.3696380965869
1910,0.0,-6.05,-2.63,0.7601856989430852,0.14752078032006274,0.40109758421408,92.85941039013282,93.23196112614693
1911,-4.0,-14.0,-8.68,0.5309298101818098,0.25409554276978474,0.39161073426491977,107.67039496913094,108.09199518029567
1912,0.0,-3.0,-0.74,1.1243837542732138,0.14533060802195716,0.4043770405555268,80.6347809684761,80.96162306391192
1913,-1.0,-9.049999999999999,-4.73,0.6634025985426606,0.22422311216978788,0.38469701187082334,99.3114132426447,99.69331501977904
1914,0.0,-5.0,-1.93,0.7603092723286808,0.146946779323455,0.3964857196046065,90.13734574511591,90.49520291069035
1915,0.0,-5.0,-2.25,0.7101154523474711,0.1462582001825377,0.3951647553855817,91.17492610713452,91.53506916167416
1916,-21.0,-39.05,-28.89,0.5025841159195351,0.3378302881581683,0.4073218198774988,123.74369437431169,124.24771700533724
1917,-2.950000000000003,-13.049999999999999,-8.02,0.6020208568027209,0.2315890886658858,0.4125742581776716,104.42544291250353,104.85633849528973
1918,0.0,-5.0,-2.17,0.7245505582584589,0.147245805854598,0.3894883090737708,89.30583322805654,89.65385301428833
1919,-1.9500000000000028,-8.0,-4.88,0.5544649715547739,0.21676217036765574,0.38532978083074826,99.65509167277865,100.03915612577734
1920,0.0,-2.0,-0.68,0.949955328640924,0.14682032260378186,0.377768225727647,79.46966930509433,79.77002650394039
1921,0.0,-2.0,-0.41,1.1542544477618824,0.14691532543326594,0.36558489741721467,78.52586237399835,78.81211893079374
1922,-5.0,-15.0,-9.39,0.5520843991682173,0.2788907067912022,0.40200639884822825,108.08230081699405,108.51677975310686
1923,0.04999999999999716,-3.0,-1.22,0.7846092520973809,0.10541636856846852,0.3857007111631948,85.06411746449808,85.39223319463228
1924,-2.0,-11.0,-6.54,0.6428403809801919,0.24321746323004312,0.4340722571954954,105.27150481897077,105.72840921265255
1925,-9.0,-21.0,-14.9,0.5522226277825638,0.3205606737358696,0.4255231862430928,115.01946951788457,115.50882402295137
1926,0.0,-6.0,-2.64,0.7765801873586533,0.1463923304549749,0.4506885336721789,92.54664401715716,92.96348641688839
1927,0.0,-3.0,-1.11,0.8739321132915744,0.11757982288799906,0.37356430698665344,82.96322965175264,83.27312868012444
1928,0.0,-3.0,-1.24,0.7597929217231623,0.14691145692236418,0.3882320288742687,86.49237473616066,86.82884758430501
1929,-0.9500000000000028,-6.0,-3.08,0.711205765985874,0.1941991247270669,0.43594899376762114,95.45426445442028,95.87027291539707
1930,-4.0,-16.0,-9.59,0.594652736246532,0.2743295153055288,0.42578444383267977,109.05332550980593,109.51769883825777
1931,0.0,-3.0,-1.02,1.0573030987375611,0.1471070204876259,0.4283975186347837,83.31452167620091,83.67158178087884
1932,-6.0,-18.0,-11.92,0.5188294412485751,0.26674331093352416,0.3959089566646098,112.10762675764417,112.55153335615081
1933,0.0,-4.05,-1.37,0.9468555758825328,0.14717749043547515,0.4362271325074307,86.1829727849047,86.55823962585977
1934,0.0,-2.0,-0.46,1.2835072340045235,0.14647168769860774,0.45407032939661074,70.69491666079465,71.01734735628472
1935,0.0,-1.0,-0.15,2.10535382487359,0.1467055476696029,0.3935421814938316,69.98548077398893,70.25027282803134
1936,-1.0,-6.0,-3.3,0.6126494792132527,0.20266836313548317,0.38808113358358187,96.73720041193391,97.11297862656161
1937,-8.950000000000003,-20.0,-13.98,0.5072513485306404,0.29413190357721825,0.39113002286902515,118.41060251331771,118.87373435301848
1938,0.0,-5.0,-2.3,0.7258438080596016,0.14741376977835322,0.3993450794369919,95.84829883537839,96.23071397379631
1939,-1.0,-7.0,-3.73,0.6660629408419041,0.20817032859609624,0.4212089551157364,95.53095321234977,95.93344431790356
1940,0.0,-6.0,-2.45,0.7692610931395117,0.14759703374080896,0.43569268890521357,88.668103313226,89.05453807589682
1941,0.0,-3.0,-0.98,0.9966845681900683,0.14706389015145593,0.46727451295970257,79.96470444044951,80.33914786640855
1942,-5.950000000000003,-18.0,-12.42,0.5102937743560086,0.2557733671719642,0.39621458994476827,114.81347500607932,115.26837623823627
1943,1.0,-3.0,-1.08,0.927405992345899,-0.05994063141139843,0.39374089679917695,80.83172130524905,81.15041142201089
1944,-1.0,-6.0,-3.05,0.6187290898796324,0.21011763929205354,0.39401177997466036,90.30474983087534,90.66059407619304
1945,-0.9500000000000028,-6.05,-3.36,0.6574697786833623,0.21982290770170695,0.4203971510051201,91.74061178630205,92.12602775779403
1946,1.0,-5.0,-1.95,0.747655328805978,0.04490659976938237,0.3821061237245982,89.4585987949716,89.80043503301533
1947,0.0,-3.0,-1.49,0.7346996016015459,0.11070145177777675,0.4053997636898579,84.64523518966979,84.98936650023565
1948,0.04999999999999716,-5.0,-1.89,0.8186319653020621,0.14206710312796192,0.42942642983130325,86.78417406811843,87.15689911562868
1949,-1.0,-8.0,-4.4,0.6884686189075039,0.2071385342299447,0.4314284798341606,99.0698162466478,99.49724548266984
1950,1.0,-4.0,-1.28,0.8128728501066042,-0.007466727556715682,0.3796839355022981,84.4295253617834,84.74973809375581
1951,-1.0,-7.05,-3.73,0.6589817125787127,0.20892453912866216,0.41045768618826317,93.46783849505164,93.8514697890626
1952,0.0,-4.0,-1.42,1.005392018558572,0.14621665864456032,0.44247668733524903,84.03810751757375,84.41011781165349
1953,-3.0,-13.0,-8.0,0.5972341678529045,0.25629133228295914,0.4190523859957448,100.95534282602259,101.37821299965954
1954,1.0,-3.05,-1.21,0.8928850428228683,-0.016064079238109555,0.411044874566717,81.27828749831784,81.61228060290398
1955,0.04999999999999716,-3.05,-1.15,1.060722045877432,0.08243528888476304,0.4472889796328988,79.47547252911095,79.83031379386748
1956,0.0,-5.05,-2.16,0.8282894163875333,0.14706110199771988,0.42877042872886884,86.2085657996533,86.57826425622613
1957,0.04999999999999716,-5.0,-2.31,0.7686329208133953,0.1426760342237335,0.43352291247134495,87.7885900980512,88.16936425482795
1958,0.0,-1.0,-0.23,1.4076951542214367,0.14653018414949492,0.37220465775542827,68.52788573902524,68.78140373499667
1959,0.0,-2.0,-0.46,1.65749675353841,0.14682419111468467,0.5346899168833656,68.88879569884025,69.25629449995408
1960,0.0,-3.0,-1.13,1.1051737614047559,0.1470538502656093,0.45509226585917334,78.18516402861724,78.54172092076247
1961,-1.0,-9.0,-4.85,0.66025692592658,0.20220764848081857,0.42101338913636466,93.95832712367738,94.35383401840235
1962,0.0,-4.0,-1.37,0.8737666801340859,0.14616885972596927,0.4220595655158078,80.12898546087435,80.46729181653322
1963,-2.0,-14.0,-7.85,0.5845694127811519,0.21226886879569173,0.4011270161595142,99.51771072978599,99.91683448043068
1964,-5.0,-18.049999999999997,-11.11,0.5911749848191928,0.26616928330535417,0.41610798426714907,103.52065289057283,103.95142449570565
1965,0.04999999999999716,-4.0,-1.35,0.8903696145202622,0.13190165262315226,0.4054211366301419,81.38340160089045,81.71428479127684
1966,-7.0,-18.0,-12.08,0.5365807850650824,0.29678988606195517,0.41367750214826343,105.56954761255788,106.0062832830491
1967,-2.0,-10.05,-6.08,0.6600522917153896,0.23553979808432832,0.44074519077073787,95.89601122872459,96.31877223084497
1968,0.0,-5.0,-2.33,0.726074733367051,0.15386974607091705,0.4079435394363673,85.78608200446806,86.13599839321272
1969,0.04999999999999716,-2.0,-0.91,0.9645582335862005,0.04768136799122532,0.4339987484762949,74.51261079329467,74.83589433723479
1970,0.0,-1.0,-0.42,1.2301133194938927,0.14696624538917652,0.4530421216795441,67.6903269673875,67.9959205023213
1971,0.0,-6.0,-2.63,0.7817169832195093,0.14728439081120184,0.429754937109746,85.61556701566414,85.98347323433387
1972,0.0,-5.0,-1.96,0.7525867872321252,0.14725180491887438,0.4072496475835406,83.67524483550123,84.01629021286855
1973,0.0,-3.05,-1.22,0.8788862782109327,0.12528839811926187,0.42381761852086847,78.15823412146511,78.48967630643644
1974,0.0,-1.0,-0.17,4.144815025800793,0.1468203226037889,0.5963931433780856,60.60892613482402,60.982142566923216
1975,0.0,-2.0,-0.52,1.1833822157258702,0.14661560993124384,0.42450783339506565,70.68396335537678,70.98331575036387
1976,-10.950000000000003,-24.0,-16.86,0.5355235115467489,0.3141466498055394,0.4090331753954349,110.46429914459993,110.9161112132181
1977,0.0,-2.0,-0.43,1.108336898270489,0.1464716876986032,0.3901933365129678,71.07093833676672,71.3474947552502
1978,0.0,-6.0,-2.75,0.6934674752686556,0.14815146896028827,0.40003190189095406,87.72037457921864,88.07132953024364
1979,0.0,-3.05,-1.25,0.9084731077172267,0.11620075206896385,0.4144935720939818,79.65820119179074,79.98828618346721
1980,0.0,-1.0,-0.24,1.7249678344557695,0.14691532543326466,0.4767746388450957,62.32629176237723,62.62173290870682
1981,0.04999999999999716,-5.05,-2.55,0.6713362780462148,0.14189750558243977,0.39183266800698763,87.52373218105933,87.86655914389328
1982,-2.0,-10.05,-5.65,0.6516987648729133,0.237100605196373,0.4148920013104289,95.51088138366953,95.90700778721062
1983,-3.950000000000003,-13.0,-7.88,0.6274415993696709,0.27976050665625113,0.43129215401934046,99.0552845508083,99.48245156935398
1984,-2.0,-11.05,-6.86,0.5851869701328551,0.22947223626487162,0.4187302899492055,97.3361241855593,97.74367124671022
1985,0.0,-4.0,-1.78,0.7139476671267588,0.14651966524882623,0.39370050126563044,83.79812723840841,84.12802246072256
1986,-0.9500000000000028,-7.0,-3.49,0.7028618947069305,0.16933290896924746,0.4226701293421955,89.83620263139954,90.21603974726095
1987,-2.0,-9.0,-5.6,0.5696866633896372,0.24898302922964857,0.4090498572689543,95.09204931074302,95.4809422025593
1988,-3.950000000000003,-12.05,-7.82,0.5890147670762983,0.26397256730276947,0.423538539088823,97.43324359270599,97.84599461038236
1989,-29.0,-48.05,-38.63,0.4821403946707413,0.3454493773843925,0.41023576262654154,121.64403992057554,122.14306792236353
1990,-1.0,-7.05,-4.13,0.5897039083298541,0.2077912955629545,0.39700764804404415,93.46446071493436,93.83555598324496
1991,0.0,-1.0,-0.08,2.7154177734733884,0.14670554766959548,0.4580006691136576,58.86069664254422,59.139290460071706
1992,0.0,-5.0,-2.09,0.8226001172982805,0.14729988854924184,0.4118767667503028,86.48285506768703,86.83894216792733
1993,0.0,-5.0,-2.11,0.781690503175438,0.14482143918976076,0.40969402906353325,87.25589146118527,87.6132962606715
1994,0.0,-3.0,-1.37,0.9221787657421953,0.1274256021704019,0.45228752344660855,80.14269411644142,80.50553601912385
1995,0.0,-6.0,-2.97,0.6548029097483724,0.14797295424917387,0.4120301306036447,89.28595551693596,89.6536105108751
1996,0.0,-5.0,-2.27,0.7375806782578728,0.14703386725751835,0.41936010654713696,85.53962162836704,85.89867586355903
1997,0.0,-3.0,-0.64,1.0712614744773166,0.1469893884000547,0.36881722533442335,75.2140614143556,75.49022023878688
1998,-2.950000000000003,-13.0,-8.12,0.5648497540468135,0.24142346563702677,0.4121903375162821,100.97191278493914,101.38809418127053
1999,-9.0,-24.05,-17.17,0.5214596149159748,0.28941853960794084,0.4083640919166045,112.98355534296243,113.44496170668005
2000,-1.0,-9.0,-4.42,0.7018710337231685,0.2079576176312405,0.4118036255734853,96.24197293995253,96.6379321383287
2001,0.0,-4.05,-2.05,0.8108210817175726,0.14680890507950392,0.4416664955603079,87.6559872145358,88.04312340519866
2002,0.0,-7.0,-2.88,0.7246908316751032,0.14781402456368622,0.39855849684679534,93.1958239563497,93.56761856946336
2003,0.0,-3.0,-1.19,0.850374594836206,0.1471269369405686,0.41474789107888027,80.7290124525569,81.06390896019306
2004,0.0,-4.0,-1.37,0.8991399871795606,0.14682032260378192,0.4572004673989132,81.73548501902086,82.10911215091653
2005,0.0,-2.0,-0.56,1.0939614599822267,0.14669863414250697,0.4242336764040864,75.40217662881075,75.723061171698
2006,0.0,-2.0,-0.87,0.9980951792287949,0.14691726065587452,0.45006168855925,78.49958140188279,78.85357622455317
2007,0.0,-6.0,-2.69,0.7374753421865343,0.1411509574818111,0.4002546932413034,90.8477233719578,91.21092905587246
2008,0.0,-5.0,-2.19,0.8216872342503343,0.14702823383180785,0.43804019851865417,86.81406290734076,87.19426651347834
2009,0.0,-4.0,-1.49,0.9535640621647437,0.14638087508425088,0.44397234175450273,81.68000975238094,82.04224123827399
2010,0.0,-2.0,-0.64,1.23581146577575,0.14698706270583978,0.44852233355114457,74.14509442336684,74.47688030253632
2011,0.0,-2.05,-0.81,1.0777366676092166,0.14614932974274808,0.43706323400699754,76.11919867370612,76.45185856516808
2012,-1.0,-8.05,-4.86,0.6076804699619252,0.21437653553411276,0.42379961983965897,96.06684246711035,96.47400879871557
2013,0.0,-5.0,-2.35,0.7834148248753883,0.14710061978369407,0.44968706859521373,86.66282940331395,87.05227251269338
2014,0.0,-3.05,-1.28,0.9073754585048726,0.14707114188357404,0.43460300108580135,80.75142596666502,81.10216383590327
2015,0.0,-5.0,-2.5,0.7465278124866068,0.14640889410137548,0.4332525541276147,87.01905299673734,87.39615687884597
2016,-1.0,-8.0,-4.26,0.6445459476101653,0.21509236845231294,0.4248801442465831,96.03769911705673,96.4459149881047
2017,-4.0,-14.0,-8.54,0.5464249244464419,0.2556593220290674,0.39715947011914393,103.78686418688838,104.19898788617749
2018,-2.9000000000000057,-11.0,-6.42,0.6605866620387995,0.25608698000922503,0.43660277176536083,99.91048039974756,100.34675676876995
2019,-1.9500000000000028,-11.0,-5.65,0.6775447388690463,0.22691355063296373,0.42709109343222396,104.72743057525805,105.17450435147731
2020,1.0,-4.0,-1.43,0.7668786925679743,0.04317150836593683,0.3910462062695407,90.3384771194232,90.69215030514847
2021,0.0,-4.05,-2.01,0.6989715094452453,0.1474643745791431,0.3989171288546221,90.78115910096659,91.1432416227463
2022,-1.9500000000000028,-9.0,-5.13,0.5722374051245864,0.23573110507228862,0.38583472107213185,103.94499561996035,104.34606438483792
2023,-1.9500000000000028,-11.05,-5.83,0.6174334408725264,0.2263695529817724,0.3991525190489215,105.06757837347016,105.486734042784
2024,-0.9500000000000028,-7.05,-4.11,0.6274078330391991,0.19186877484089218,0.39711891884579953,101.18062603586573,101.58217137337643
2025,0.0,-4.0,-1.73,0.7885650592777818,0.1472078913275867,0.40516163565816204,93.04574448831454,93.4224856859854
2026,-20.0,-40.0,-29.91,0.5040603901218184,0.32242178564770557,0.41217745454658844,127.32337862125965,127.84812691281496
2027,-16.0,-34.0,-23.87,0.5106497911233363,0.329356639318537,0.41187148918917077,119.60418797443064,120.09677704438242
2028,0.0,-5.0,-2.14,0.8653360159374897,0.14702510205388916,0.4291655687905256,88.4774053004911,88.85744834212429
2029,0.0,-3.0,-0.87,0.8875944030756082,0.13295687257646427,0.3947172301981069,78.50790268855391,78.8173968393956
2030,0.0,-4.0,-1.26,0.8945757209454909,0.14670118587766984,0.42175045167381,85.9422811929013,86.30504524895747
2031,0.0,-5.0,-2.66,0.6275208600317722,0.14884868149961947,0.39216078674490484,94.10539219256765,94.47444309590233
2032,0.0,-4.0,-1.66,0.7893324807709601,0.14612907934720049,0.4098310673273671,87.61310913127744,87.97234028997862
2033,0.0,-6.0,-2.84,0.6808363241362302,0.1489514968171604,0.3950036472412223,92.28182502248444,92.64633254580511
2034,0.0,-4.0,-1.62,0.8137927631801769,0.1379237154112088,0.41558897932271577,86.48318558201841,86.84321048185913
2035,-6.900000000000006,-17.0,-11.07,0.4834420601047579,0.27918392383766993,0.3725307539760731,108.78814131488235,109.19332865945468
2036,0.0,-7.0,-3.49,0.5964740265531518,0.14823371482970543,0.35947122502304024,97.41003466765108,97.76019385520414
2037,0.0,-5.0,-2.04,0.8303983548243808,0.14758378331280067,0.41157617179559286,88.3493327890398,88.71290499460028
2038,-1.0,-7.0,-3.66,0.6136529223275633,0.2231921326178181,0.3935553191293992,94.20042529227338,94.57071206885284
2039,0.0,-1.0,-0.1,2.1000728853456057,0.14691726065588956,0.3938652063600582,62.35747354245175,62.6080256264618
2040,0.0,-2.0,-0.76,0.7073036352481537,0.14682419111468029,0.3544012761331292,81.096599407097,81.38419378885294
2041,0.0,-3.0,-0.78,0.9937860919740764,0.14513388581263384,0.35326670437098734,80.94276250630315,81.22901495723043
2042,0.0,-3.0,-1.25,0.8579781283184232,0.14721748173705684,0.38746287351771536,84.8113829555369,85.1407052321077
2043,0.0,-1.0,-0.33,1.1693149085922268,0.14678355337409033,0.38643804339600984,69.41867570334884,69.68821282877029
2044,0.0,-6.0,-2.55,0.7070334448651062,0.1474023440208916,0.39310729891843804,86.84657532909223,87.18746468100892
2045,-3.0,-11.05,-6.73,0.51513699371257,0.2377880614356581,0.3653927658557988,112.1436783700383,112.55347905646579
2046,-2.0,-11.0,-6.7,0.4913060508029419,0.2186510331012624,0.3602380219526767,104.95864129265398,105.3367968469302
2047,0.0,-4.0,-1.67,0.7054619736814046,0.14717749043547446,0.37170994617374553,87.67806674883454,88.00393876857507
2048,0.0,-3.0,-0.84,0.9298504073417363,0.14682419111468903,0.39092556189522876,81.55508983216865,81.87352523565494
2049,0.0,-2.05,-0.69,1.0993978015426205,0.1470529432402842,0.4206427142426881,76.10695940559418,76.42756222782778
2050,0.0,-4.0,-1.82,0.6463627196040235,0.14729206593878724,0.38394744509846523,91.11846661455337,91.46812657357292
2051,-1.0,-9.0,-5.03,0.5664313840675445,0.2001670000034996,0.3714054694631797,103.23953449790244,103.62291867615173
2052,-2.950000000000003,-9.0,-5.94,0.5289154023453949,0.24547782358994416,0.39539656128796863,101.48483812973335,101.88607948879194
2053,-1.0,-9.0,-4.58,0.5410183043090857,0.19285806809035227,0.3654603027135763,96.09446588679664,96.4457360905876
2054,0.0,-2.05,-0.9,0.8461306641974902,0.14703709962091158,0.3820916091854229,84.28214383067228,84.60443664190834
2055,-6.0,-16.0,-10.9,0.4963686947344577,0.2741988565005842,0.3803198734005182,105.85962707226781,106.26223420351154
2056,-12.900000000000006,-26.0,-17.97,0.4544785087944667,0.2894542067585605,0.3603783030273591,123.60053750555055,124.04598369711134
2057,-42.95,-72.0,-57.29,0.41959213953698754,0.3121759756642924,0.3679339667556669,139.68852807754234,140.20250369916621
2058,0.0,-5.0,-2.08,0.7036901387885961,0.1477025769497355,0.3795066167085775,90.38532542316159,90.7277721019721
2059,-4.0,-15.0,-8.83,0.4980681799276624,0.2372917075289214,0.36005999663671673,110.17310075436917,110.56991404020727
2060,0.0,-1.0,-0.28,1.304555217998611,0.1469662453891784,0.39529127374842576,72.42616363357897,72.7141158259996
2061,-1.0,-7.0,-4.13,0.5606239026421898,0.2017668114271154,0.37374945541785537,102.19691438954962,102.57901264290143
2062,-8.0,-19.0,-13.3,0.47272964582296734,0.27846638068466534,0.3715130065113235,109.23107423802047,109.63680335829861
2063,0.0,-6.0,-2.87,0.5775119528199683,0.14759502294908877,0.35552667156962847,91.71629795880625,92.04225473292118
2064,-1.0,-7.0,-4.04,0.5345409824522799,0.20121294481014024,0.36300258002206454,102.07425872864371,102.44486766890631
2065,-2.950000000000003,-10.05,-7.0,0.4877843711114542,0.2175358085946603,0.3546052289890504,107.89599489199553,108.27860227552054
2066,0.0,-7.0,-3.24,0.6074106302927985,0.1476776132196943,0.3648678302443774,96.89486627236361,97.24841339381655
2067,-2.0,-10.0,-5.78,0.4825899057401308,0.2163310009884089,0.34023089233725073,106.18572319194145,106.54694247111445
2068,0.0,-6.0,-2.89,0.6219535512314741,0.14701688416834602,0.37095100183382484,92.17527408684023,92.51707550428175
2069,-0.9500000000000028,-6.0,-3.11,0.60725984423831,0.19091280481791015,0.3808796050439492,92.26900277959469,92.62007857467312
2070,-1.0,-6.0,-3.23,0.618019134380469,0.201875334100593,0.3737672630397011,96.32840073024337,96.6883714971486
2071,-1.9500000000000028,-10.0,-5.17,0.5691412355665405,0.21810063266300023,0.36950868876530973,99.14766851917909,99.51403427472113
2072,0.0,-2.0,-0.91,0.5635171955482354,0.14705002559175437,0.3234265804777154,84.68730445644944,84.9611873552652
2073,-1.0,-7.0,-3.54,0.5594419671204761,0.1997490626380967,0.3704138214986816,99.07727843446399,99.4442327746716
2074,0.0,-2.0,-0.42,1.0508130390532242,0.1464716876986124,0.3585280450259381,77.93970833833293,78.21846960698143
2075,-1.0,-5.0,-2.63,0.5561463207122115,0.20701702657527465,0.3619502030418177,95.53696601911997,95.8825752996446
2076,0.0,-4.05,-1.68,0.7207082533153883,0.14706389015146132,0.3630920106668198,87.411033894955,87.72816727859674
2077,-1.0,-7.0,-3.61,0.6079910473569136,0.19880210958730066,0.3713366459742671,98.09987844762496,98.46423755770847
2078,0.0,-4.1,-2.03,0.7478141620671381,0.14717875705166233,0.3932116840403037,89.15353076345778,89.50429635605946
2079,0.0,0.0,0.0,0.14832832616872058,0.1468597021388804,0.14758271580117294,42.14505027108517,42.20724682762926
2080,-2.950000000000003,-11.0,-6.32,0.5231250492222043,0.2343238791977948,0.3621446351025746,104.9156111097738,105.29544998624442
2081,-4.950000000000003,-15.05,-9.49,0.46160297129992384,0.25118585210208066,0.35808533436783435,107.78260954872648,108.16865506263544
2082,0.0,-4.0,-1.58,0.7612595600501186,0.1472932414889304,0.36892756928996234,87.7977595725652,88.12166609120612
2083,0.0,-3.05,-1.06,0.8290294851681098,0.14690259113324589,0.3524106005789461,85.05583174584648,85.35487264066212
2084,0.0,-6.0,-2.94,0.5372032514591045,0.14769184596757928,0.3549581579710883,96.19734766475216,96.53869711513725
2085,0.0,-3.0,-1.31,0.6576845391902838,0.14709829408947764,0.3476926143918253,87.98176668853915,88.28745438435068
2086,-9.0,-22.0,-15.07,0.44480503905129753,0.277322985273191,0.3514687497096142,118.9800582684184,119.39831652228641
2087,0.0,-6.0,-3.25,0.5821526154652035,0.1482488988260318,0.3646795609521445,96.58083236607699,96.93296220242277
2088,0.0,-1.0499999999999998,-0.36,1.0029172855330792,0.146824191114689,0.3540730680986512,73.05679177461192,73.31520277329993
2089,-1.0,-8.0,-4.48,0.5282723266449709,0.19008538613955148,0.35759538456162604,100.1749607175122,100.53335362574013
2090,0.0,-7.0,-3.04,0.6253665025679831,0.15508157778132445,0.36220866697909737,95.81203643466459,96.15899255162134
2091,0.0,0.0,-0.03,0.148408489069572,0.14677194784135514,0.2762291956962308,56.87814342093039,56.76535198686376
2092,-2.0,-10.0,-5.43,0.4890139862354519,0.20695751042596305,0.3390330803210263,104.3041512328821,104.6578518743812
2093,0.0,-5.0,-1.9,0.6535242757118318,0.14755189143904132,0.3643713845695256,90.89692781189702,91.22798673388743
2094,-0.9500000000000028,-8.0,-4.16,0.5417312877655689,0.1878526147640454,0.3535390425684531,99.10544723909989,99.4558304175197
2095,-2.0,-8.0,-4.83,0.5148410696385334,0.23261363120645648,0.3633305538280572,98.78457808415293,99.14341353476465
2096,-1.0,-8.0,-4.34,0.5698733905823031,0.20217662131461392,0.37238965616732045,99.54996101756927,99.92066621662245
2097,0.0,-2.0,-0.74,0.8630895874112244,0.14653018414949479,0.36150581069877286,82.46980635954647,82.76832206200888
2098,0.0,-3.0,-1.08,0.7785821903255429,0.146911456922346,0.3780842693987412,86.55110763549133,86.8774042257534
2099,0.0,-3.0,-0.9,0.8557917315574962,0.1470638901514654,0.3618308060915328,86.34471372222984,86.65735767357675
2100,0.0,-5.0,-2.11,0.6453898261595749,0.14702400640564814,0.34945356351194656,97.6467189596233,97.98825707954491
2101,0.0,-3.0,-1.21,0.856266077924465,0.14713285205556356,0.38272294743723584,84.77141265263292,85.09660632527874
2102,0.0,-2.0,-0.51,0.8827478549399441,0.14670118587765343,0.3532513282977127,77.6253300442451,77.89929271253061
2103,0.0,-2.0,-0.72,0.8570724726334829,0.14698141570754647,0.3626281492180486,79.27120206129635,79.55782542259448
2104,-1.0,-8.0,-3.98,0.5817690349468119,0.1913457274355069,0.3619835840149291,102.64240126134226,103.0138633026895
2105,0.0,-7.0,-3.32,0.581940920763085,0.14843206244068344,0.35760422273588544,98.3071141843331,98.65846836757493
2106,-3.0,-13.0,-7.12,0.5464585758316385,0.2295756829952514,0.3676385014720215,110.49871556664476,110.90487650854661
2107,0.0,-3.05,-1.33,0.6733535283392142,0.14660304471366997,0.34860549867479834,84.82199644729754,85.11774061446637
2108,-5.950000000000003,-15.05,-10.78,0.46296305001332505,0.26056503321955954,0.36762375046285023,110.32455894275984,110.73019126361207
2109,-1.0,-8.0,-4.11,0.5165047898843345,0.1961146035485866,0.3463647222784021,100.79343498651473,101.14258965085578
2110,-0.9500000000000028,-6.0,-3.28,0.5351778382770189,0.17737326073457696,0.3570727481517195,100.20248845546489,100.56034068468142
2111,0.0,-2.0,-0.45,0.8187748261268457,0.14696624538916508,0.3497506659173165,77.03095387914517,77.30075734602632
2112,-5.0,-16.05,-10.73,0.43465281359910385,0.23912600220130711,0.3385509972314329,118.91384819858348,119.31642990095142
2113,-1.0,-8.0,-4.23,0.5852950969384884,0.19450745983949963,0.3768612574013021,99.6694964622959,100.04509414237717
2114,-4.0,-12.0,-7.91,0.4807718777968955,0.24389326086454263,0.34887419990180524,108.9706791028929,109.35086153847612
2115,-1.0,-8.0,-4.21,0.5870065429715574,0.18613999365470335,0.3572599128749988,102.94739157152235,103.3152590159786
2116,0.0,-2.0,-0.66,0.7946688477245373,0.1469814157075468,0.3326357186828874,86.25351027973777,86.54068184950644
2117,0.0,-3.0,-1.28,0.7144697955352597,0.14676212236740718,0.3769153544536871,89.13682461551032,89.47295824011442
2118,0.0,-6.0,-2.85,0.6140081840746868,0.14809343411417075,0.38379988205807636,94.62250620174984,94.98554949663021
2119,-1.0,-7.05,-3.68,0.5594387507661099,0.21282107536948852,0.35910346051170916,101.57546002355926,101.94040009083723
2120,-14.950000000000003,-31.05,-23.79,0.41173106311985896,0.2670171197412554,0.34390811209034616,133.9241282993235,134.38469800328483
2121,0.0,-5.0,-2.11,0.6171689581022192,0.1471049068630741,0.3408298955965816,93.3852885439614,93.70344037190043
2122,0.0,-4.0,-1.17,0.7193446694009699,0.1462543513555259,0.3374529121393436,89.82292189925094,90.12570180251718
2123,-3.0,-12.05,-7.22,0.4985974551243696,0.23313635298992497,0.3559525198610086,110.62601114030659,111.01981575068598
2124,0.0,-4.0,-1.66,0.674571223462089,0.14698226616275284,0.36395199868587264,93.34568834998737,93.6850654072015
2125,0.0,-2.0,-0.82,0.7364517374182563,0.14696624538916453,0.3581471325468659,88.73561254705668,89.05345111968441
2126,0.0,-5.0,-2.69,0.5368279489878575,0.15316880658842721,0.34457935876811924,96.16515603873991,96.49621582545313
2127,-1.0,-8.05,-4.24,0.5113598303274808,0.18429308576956913,0.3304974598665425,107.5544063522942,107.9098476925164
2128,0.0,-4.05,-1.64,0.6136528432807167,0.14717339732076676,0.3329827107150232,94.66368920669116,94.97837575463932
2129,-6.0,-17.0,-11.63,0.4501208439719329,0.26172754027855794,0.3526668061414108,120.82803238935858,121.25415851941224
2130,0.0,-3.0,-1.13,0.6489173973526258,0.14705002559175534,0.35960848039459414,91.23178727219147,91.5603225287209
2131,-21.0,-42.0,-31.38,0.4150294142507157,0.2831285550513509,0.3500782101656259,137.52182854245402,138.00328453367308
2132,0.0,-3.05,-1.25,0.8289584193938513,0.14720620660499428,0.39664381268861787,89.95223110900989,90.30894626322392
2133,0.0,-4.0,-1.19,0.9953983082933575,0.14662427172452636,0.40390673478504296,83.53968092361845,83.87673531864976
2134,0.0,-6.0,-2.44,0.6640835316892713,0.1475528914356857,0.3742595657994127,93.95974827954714,94.31144185511077
2135,-2.0,-12.0,-6.94,0.4990582910314257,0.20928105272114808,0.3614654179017963,112.08530843457042,112.49026899716449
2136,-14.0,-28.05,-19.92,0.4331249699541935,0.2886729139773229,0.35207408165521675,137.4979041251084,137.98193077949804
2137,-4.0,-12.0,-7.42,0.5074984530668017,0.25313104930569574,0.36339644090252277,110.80913006353705,111.21190711857409
2138,-2.0,-9.0,-5.48,0.5291951054460634,0.24905101153933867,0.3771255123618599,103.31873513831665,103.70833938838884
2139,-1.0,-8.0,-3.94,0.5514410461481216,0.18431636981258911,0.3571527501890188,99.50286574458123,99.85812240806672
2140,0.0,-4.0,-1.8,0.7174006038768106,0.14661560993126208,0.3776190787214435,94.03322691598271,94.38800874043429
2141,0.0,-6.05,-2.82,0.6217281070171752,0.14813598125357816,0.345159642534285,100.52932646677031,100.87597555484815
2142,-1.0,-8.0,-4.29,0.5686497349937817,0.2004357178406555,0.36853644889270326,102.89683644875777,103.27613113200486
2143,-4.0,-14.0,-8.58,0.5008404614928404,0.23872987625415562,0.3639522779936173,120.37124218850502,120.80933807026253
