id,d_res_p95,d_res_p5,d_res_mean,d_real_rent_ratio_p95,d_real_rent_ratio_p5,d_real_rent_ratio_mean,real_rb_mean,real_ra_mean
1,3.049999999999997,-2.05,0.4,1.2353507858504083,0.17451793889883654,0.7160020912738677,15782.819768509555,15895.539069245904
2,7.0,-7.05,-0.38,1.1864194527666918,-0.1663009106745344,0.5127171305299253,66.52679155793884,66.8684178486522
3,8.049999999999997,-7.0,-0.02,1.2207813053562049,-0.05447332181262657,0.5452660558102,62.93014855562147,63.27294548690128
4,8.049999999999997,-6.05,1.47,1.10602531360831,0.09389557247806957,0.6556193561200487,70.56331131402766,71.02600922277753
5,7.0,-7.05,-0.34,1.5520604086372987,-0.391465260887115,0.5585209070110402,180.4113640850836,181.41647666033015
6,9.0,-8.0,0.15,1.0296073057212842,0.15894879201087136,0.5805035927100944,56.40741822570554,56.735281395288276
7,6.049999999999997,-8.05,-0.61,1.318696250268967,-0.34602253868179755,0.5442073684536842,187.49835660397036,188.51570298105426
8,1.0,-2.0,-0.14,2.667207077174649,-2.141586540006481,0.4354077394673999,54148.37383809733,54368.40976085812
9,6.0,-5.05,0.52,1.2822370110321222,0.049740020595072966,0.6416517274077562,175.30067366724273,176.42171137650644
10,6.0,-6.0,-0.21,1.4852308684481026,-0.27564930033680457,0.5528937920070923,204.226372091359,205.3572397132715
11,9.0,-7.0,0.27,1.700548343519356,-0.1571366065276912,0.6443288177281116,168.62364187615887,169.7023647592613
12,9.049999999999997,-9.0,0.44,1.163745905229973,0.024054178434326674,0.6143507524810431,76.8597821264624,77.33231356357662
13,6.049999999999997,-5.0,0.2,2.1662713713459274,-0.4164122510950926,0.6560703175883121,229.4959496194532,230.9929521514746
14,7.049999999999997,-8.0,0.45,1.516567228930218,-0.35753093252054435,0.6542649946748798,173.06286521315863,174.18949760126443
15,8.0,-7.05,-0.58,1.5001720590218466,-0.3535749295191756,0.5395071914918159,179.00703874480882,179.97401338870313
16,4.0,-3.05,0.05,2.399628306894796,-0.9466090552098454,0.6067637783967609,371.3777249784938,373.6099953505465
17,4.0,-4.0,-0.18,1.7005815875273411,-0.5295891746808725,0.5151492085150483,142.73086587530707,143.46298824727467
18,9.049999999999997,-9.0,0.3,1.4144386761174494,-0.1810578700207929,0.6184464636566955,168.27728371900125,169.31990872160384
19,5.049999999999997,-6.0,-0.1,1.6391475344056687,-0.8015321209416333,0.5273842529221473,323.7090012381796,325.4151895687112
20,8.0,-7.0,0.56,1.2257650058951761,0.03290119497661253,0.6390070364324824,155.55231466805216,156.54678097696333
21,8.049999999999997,-10.0,-0.7,1.0157315412303554,0.03583676973068068,0.541074997272067,65.46694458240844,65.82045892600229
22,6.099999999999994,-6.05,0.81,1.3119879885604704,-0.01573851583148752,0.6561674624504694,171.11120880869152,172.23202816531392
23,6.049999999999997,-7.05,-0.17,1.2061709775572749,-0.18484525411898042,0.5187928752788963,209.33267096414625,210.41522853651077
24,6.0,-4.0,0.01,1.6748964898578589,-0.4083034078272883,0.505658558226434,140.04858247196452,140.75748574419723
25,6.0,-6.0,-0.02,1.1962838522451957,-0.11791333334215001,0.5543574897179243,217.48072037489433,218.68388756527193
26,6.0,-6.05,0.76,1.1807209272449173,-0.1272447056428515,0.5919703860165518,205.27470827714626,206.4880071758182
27,7.0,-9.049999999999999,-1.06,1.201509306324812,-0.28065304952757286,0.4847881507571266,193.59039780295294,194.52781146723788
28,9.0,-9.0,-0.07,1.1587174716619901,-0.09148990361517767,0.5505708061043838,136.10911974680062,136.85888023101037
29,6.0,-5.0,-0.08,1.4441271131183384,-0.3552358164767318,0.49920407751102175,251.39179201209805,252.6369386531777
30,6.0,-6.05,-0.59,1.1885385107920468,-0.19221697819610475,0.44746038179427144,105.37314669951841,105.84430317926015
31,7.049999999999997,-8.05,-0.29,1.166191762920143,-0.054518998800754524,0.5368270885422642,166.46234970387977,167.35301257790158
32,7.049999999999997,-6.0,-0.13,1.907801354770065,-0.2946117118764801,0.6039196757324039,242.47729725593018,243.93066388836493
33,5.0,-7.0,-0.03,1.238556462778696,-0.33405506732757,0.5206887227921012,137.1103553556695,137.82738675985433
34,3.0,-4.05,-0.5,1.4512469231581862,-0.8686307586509857,0.36813911611950517,991.6439698054762,995.2999969067445
35,8.049999999999997,-8.0,0.4,1.4304895790277978,-0.22801114436148331,0.6100445236883761,123.43476865708914,124.1842835870823
36,9.0,-10.0,-0.42,1.253653474441969,-0.19620742857704887,0.5578865246209616,194.11418318772564,195.19354811761605
37,9.0,-8.0,0.57,1.1190650129140394,0.0597228421148235,0.6074414980178731,192.8013315334881,193.9720978614481
38,6.0,-9.0,-0.75,1.1625733852263889,-0.30692833797322927,0.5159347669487593,218.04321284925405,219.1649493090426
39,8.0,-8.0,0.82,1.3655306234607072,-0.2043872931559651,0.6839066497280437,282.3140171847365,284.2450685860534
40,8.049999999999997,-11.0,-1.61,1.2359659984665083,-0.1266888291400023,0.47278978630795704,235.52039577011305,236.63283377854466
41,7.049999999999997,-5.05,0.39,1.4304171106694012,0.04095799413246018,0.628881700835411,232.62183485545734,234.0832789343972
42,9.049999999999997,-10.0,0.27,1.1549930953580514,-0.019974553646911166,0.6256098355694936,217.95100946032838,219.31331723354626
43,6.0,-6.0,-0.7,1.1360004570604945,-0.05770119560471385,0.5024888773735113,207.58282410659294,208.6256608719059
44,6.0,-6.0,-0.06,1.6917202866596552,-0.42422824806168286,0.5910821367624474,375.8670063509905,378.06411545085024
45,6.049999999999997,-7.05,0.03,1.0777032007426068,-0.03402392160703468,0.5658254373947424,197.93196187987803,199.04999266333792
46,7.049999999999997,-5.05,0.69,1.548527854210571,-0.1301146918061112,0.6806753735701427,312.5886887543823,314.70860654942027
47,5.0,-7.1,-0.32,1.0795081604914603,-0.29684882768495163,0.5178252949082219,83.13686274682877,83.56388351398846
48,8.0,-9.0,-0.05,1.3035643617434105,-0.17035693596027282,0.5764564088456254,256.57613210740305,258.05884119813527
49,9.0,-8.1,0.03,1.322981927640501,-0.0755870611219644,0.6040739112283239,196.4831411377566,197.67130104240522
50,5.049999999999997,-5.05,0.07,1.7805660362523392,-0.5392450351535527,0.6021610478438506,416.5395408120717,419.02365497852844
51,9.049999999999997,-8.05,-0.03,1.2240854133414174,0.032083674560460886,0.5442555099207362,218.854237997772,220.04455884170443
52,8.049999999999997,-8.0,0.34,1.2126411066238632,-0.0149478361742469,0.5932807050743195,244.71597223335937,246.16873616211723
53,8.0,-7.05,0.05,1.1844965431156054,0.009737037606119162,0.5878894578374472,441.27256127003574,443.86044110961245
54,6.0,-6.1,0.33,1.5276868147357705,-0.35254181947813906,0.6260423446317714,92.43445156439476,93.01464223680358
55,8.0,-6.05,0.24,1.1359973995733843,-0.0038321555867395062,0.5552174804771615,402.37735408695966,404.6070562528571
56,6.0,-7.0,-0.28,1.1637176239304037,-0.13841995727050502,0.5606258291852355,69.73400096648409,70.12325769606954
57,5.049999999999997,-8.0,-1.51,0.937108755538091,-0.2121903562142826,0.35790011444461983,408.3135632543162,409.77032524735085
58,5.0,-6.0,-0.08,1.1427455380489915,-0.29780093334430835,0.460206238119169,387.8817847910582,389.664403978253
59,8.0,-6.0,0.01,1.4487053095755966,-0.05982772421817575,0.6100373493982891,61.6566731366284,62.032865258425375
60,9.0,-8.05,0.22,1.3359132485804315,0.07413527915387051,0.6973995845912438,214.39430358655488,215.8880624621411
61,6.0,-7.0,-0.48,0.8679294465658302,-0.02454548340044102,0.42234294373507675,199.62065234942682,200.46379884537458
62,7.049999999999997,-6.05,-0.44,1.5668078629306967,-0.33552137214835426,0.5165303368910391,274.52594217128575,275.9408222322586
63,9.049999999999997,-9.0,0.27,1.3221952505572327,-0.011276982513893684,0.6455406746813993,211.00907821322005,212.37088941220568
64,1.0,0.0,0.11,15.292814002004096,0.3375920746766507,2.104956951927298,997.4470622070186,1014.0582965152948
65,6.049999999999997,-6.05,0.0,1.2768063453774245,-0.2496304897166203,0.4866878706784306,327.1266021785973,328.72088107687165
66,5.0,-5.0,0.08,1.3801444276372816,-0.3240366646907149,0.5326642147259943,354.24475707137856,356.117660464939
67,8.049999999999997,-9.0,-0.61,1.1983642650800694,-0.1483826119439892,0.482292370068937,66.02551247650771,66.34237120700575
68,8.049999999999997,-7.0,0.22,1.2109285153821177,-0.03336135124517924,0.5899405747187141,361.9383886047566,364.07620207396366
69,5.049999999999997,-7.0,-0.46,1.3498348982306059,-0.34794186349085254,0.49705629653467726,317.03555340684846,318.5975463518551
70,5.049999999999997,-6.0,-0.07,1.9280654306029048,-0.66532183887303,0.5836808144983495,625.49005143682,629.1042711974027
71,7.0,-6.0,0.45,1.34722506062363,-0.08394623607297715,0.6179732115029384,653.6796991477718,657.729507527587
72,7.049999999999997,-8.0,-0.05,1.434944350442062,-0.32093859716877854,0.5650649389650847,308.8871836968729,310.63024021733304
73,6.0,-6.0,0.12,1.5832373951231316,-0.37459007740209704,0.6385352935328243,561.585070171862,565.1425755435398
74,7.049999999999997,-6.05,0.6,1.58525589276487,-0.2086621185815727,0.6509146989742662,610.3609039446956,614.3120603690402
75,4.0,-5.0,-0.3,1.7041375776120573,-0.7481802834790522,0.43201125671684204,135.66379345693795,136.24475559594683
76,7.049999999999997,-8.0,-0.1,1.3550209682853094,-0.14158730409442366,0.5616136664495276,491.05902128480136,493.8194792857297
77,8.049999999999997,-9.0,-0.27,1.0666249960839311,-0.03196220968865148,0.514368402291352,62.59208829486183,62.913869603124496
78,9.049999999999997,-7.05,1.26,1.2296415455695855,0.07823301819875583,0.6677189832520444,224.60201705449774,226.09755585173718
79,7.0,-6.0,-0.12,1.431766585840028,-0.10161970489855446,0.5592115850698837,282.8034267843514,284.3794176307297
80,5.0,-6.05,0.4,1.2089192791470937,-0.13581141089045815,0.6162968641931501,77.65707742968907,78.13481004739072
81,6.049999999999997,-5.1,-0.09,1.381851839879109,-0.1799354827507406,0.5510749015606862,312.20892244745977,313.9182499361672
82,3.049999999999997,-4.0,0.15,2.1855334285692747,-1.2213554538685254,0.6344598121035165,252.80815423496878,254.43868141389518
83,12.0,-11.0,-0.16,1.222653456531551,-0.04585133352721397,0.5749277609645975,72.35512583868527,72.7702038967475
84,6.0,-7.05,-0.3,0.9672254831351899,-0.15772740939834026,0.4622785169718801,287.6434275205765,288.9764716457878
85,8.0,-8.05,-0.07,1.1754942164750446,-0.1849728334887642,0.4851579866324653,269.61611207602755,270.924007357226
86,7.0,-6.0,-0.4,1.1763510647011917,-0.07140862446146748,0.49564413497236287,281.0285162712733,282.41923764241693
87,6.049999999999997,-6.0,-0.23,1.2227373037531908,-0.164200035352131,0.48408461700060995,224.91221826093457,225.99902956938786
88,6.049999999999997,-10.05,-1.07,1.014989217861743,-0.3741159379033087,0.3765848160219916,200.2855109301355,201.04016827747623
89,6.049999999999997,-7.0,0.34,1.507063863932666,-0.24457908568409584,0.656568351280179,94.68692796652542,95.30611242525819
90,6.049999999999997,-7.0,-0.11,1.3200322916369402,-0.18294459387581025,0.49120009643522783,578.8493530393444,581.6878505729784
91,6.0,-5.0,-0.46,1.4030032089789983,-0.2840077310353217,0.46677533061375015,635.6799581260892,638.6481176022596
92,6.049999999999997,-6.05,-0.37,1.4377908396123271,-0.23757303327789245,0.5113265441684531,524.9589861225584,527.63911096849
93,6.0,-5.0,0.61,2.130842727125061,-0.5878069050725896,0.7982841390463352,121.50103260449059,122.46287765539377
94,6.0,-6.0,-0.18,1.356023061393688,-0.32076089697546717,0.46608472684825336,408.28441138399035,410.19254814628164
95,7.049999999999997,-9.049999999999999,-0.85,1.1228221235859837,-0.3054444983200053,0.4380242228378245,69.9351738829571,70.2406567743501
96,7.049999999999997,-7.05,-0.26,1.293354979010227,-0.19852954446814539,0.5455022918564034,643.1257537505538,646.6229955376094
97,7.0,-5.0,-0.03,1.6087778670531805,-0.3164989918509385,0.5130239671990855,128.34871820672208,129.01194785475442
98,2.049999999999997,-2.0,0.01,3.011083316916643,-1.414523546902337,0.5796566505457447,45016.41458723096,45278.2906721869
99,5.0,-4.05,0.12,1.6679453867682628,-0.2775017459312116,0.5703526994693717,143.59698116215128,144.41718599551731
100,3.049999999999997,-5.0,-0.3,1.588185699963684,-0.768455042107227,0.543394618093527,542.4209195776408,545.347991420018
101,6.0,-6.0,-0.28,1.425091252300231,-0.25717373932709736,0.5541890832074574,106.34877753328485,106.93578288525569
102,5.0,-4.0,0.37,1.608469648736776,-0.2397028579033805,0.6577045046571328,420.6805433135543,423.44186025041586
103,5.0,-5.05,-0.11,1.5472746987094264,-0.5484530227924346,0.5731049965235218,433.32874250765167,435.79155058253383
104,2.0,-2.0,-0.07,2.8883745297136896,-1.5983671542261695,0.5222027730598252,47913.43836981033,48157.38760872275
105,9.049999999999997,-7.0,0.47,1.3272969892707869,-0.04414084403671073,0.6111176801714392,111.01620320021443,111.69179705684073
106,7.049999999999997,-8.05,-0.04,1.164297033443903,0.03409667668965146,0.5922572418903558,94.58787662117994,95.14704415277107
107,6.0,-8.0,-0.31,1.323097881467556,-0.43149983320066554,0.5020781720211144,126.29551362593912,126.93192569220146
108,8.0,-6.1499999999999995,-0.11,1.4640447143035682,-0.05767083037807441,0.5843176454960287,116.10053572037754,116.77934839178268
109,8.049999999999997,-7.05,-0.27,1.3467477244485284,-0.08924856835747579,0.5521813798321954,112.51710802673864,113.1384285385126
110,6.049999999999997,-6.0,0.35,1.3818069834559263,-0.2260072374260241,0.5860085877577234,141.5349356893151,142.36625881166552
111,6.0,-6.0,-0.51,1.4261559626275897,-0.333371567400131,0.4769439044783033,154.95519933732277,155.69540694811755
112,8.049999999999997,-9.0,0.4,1.2289433633644922,-0.16023523515807056,0.5799347674281641,115.17458965621266,115.84138877963895
113,7.0,-8.0,0.32,1.1908686250941032,-0.15719117665632584,0.5780678854602931,123.50219101715703,124.21598519751619
114,7.049999999999997,-6.1,0.46,1.3414088582306445,-0.16570744322024308,0.6468568516793052,138.98529608037842,139.88310545489264
115,5.049999999999997,-7.05,-0.92,1.0656842204375225,-0.0856241179099975,0.4918654270430981,86.67206627091451,87.0974802211561
116,9.0,-9.049999999999999,-0.1,1.0962373762277329,-0.03696218019850598,0.5572861891192894,192.03053344762503,193.1008143669338
117,8.0,-8.0,0.48,1.0776653054327792,0.15934709599404417,0.6136744883467147,193.95747097129785,195.14898781167997
118,8.049999999999997,-8.0,0.18,1.3448974484725433,-0.06457361325208297,0.5851351644200523,198.54381695991594,199.70213566301425
119,5.0,-6.0,0.03,1.4080779078131134,-0.366003570664949,0.5426062634806788,125.51038153771539,126.18745536252831
120,8.049999999999997,-12.0,-0.51,1.109840241039784,-0.009380869765819897,0.5889395188305199,154.42828769120902,155.33603770067606
121,8.049999999999997,-9.049999999999999,0.01,1.1827862069980704,0.07232014937756365,0.6439516317916764,151.14128048870813,152.1094982220286
122,8.049999999999997,-12.05,-1.15,1.0134168980136065,-0.16680252839086232,0.4541673235713497,151.60272808864522,152.28872434310748
123,5.0,-7.05,-0.91,0.9540219130283294,-0.1346232695561449,0.4264680690889376,218.63442943741433,219.5648002991492
124,7.0,-7.0,-0.14,1.317050836055448,-0.21139048547632572,0.5204277560795415,182.76828621260674,183.72173460000636
125,5.049999999999997,-5.0,0.04,1.6103885534952802,-0.2437676845492682,0.6399560557550582,329.006582051781,331.11209931892495
126,8.0,-5.05,0.14,1.449375940552528,-0.2078738569809551,0.5632733633509489,247.61401713822008,249.00889508778744
127,9.0,-6.0,0.47,1.3279541714804826,0.036810912431874426,0.6233241798786262,100.11597881216369,100.73954491689463
128,5.0,-8.0,-1.14,1.099252150836433,-0.3922766910086497,0.30322896356782825,117.91138772282048,118.26921935739658
129,5.049999999999997,-6.05,-0.62,1.3170298979013735,-0.38542225193473273,0.48083952482952314,325.2753315548866,326.83470812858565
130,9.049999999999997,-7.0,0.17,1.4075605114808167,-0.10606471543486615,0.6037352646350148,209.25138539477905,210.51142655888788
131,8.0,-9.049999999999999,-1.32,0.9472212383262225,0.09513535125169634,0.4952362593846531,131.75311561233224,132.4044290203572
132,11.0,-10.0,0.71,0.9770354544367582,0.1270624119188144,0.5741596270021385,115.41728519865877,116.07940099770626
133,9.0,-7.05,0.61,1.318614832622365,-0.10287476606281881,0.6528295207632128,210.45653201389243,211.8263243488106
134,8.049999999999997,-10.0,-0.33,1.0921269697004496,0.04583254551582032,0.5580252557863701,167.7477458748716,168.68509900581685
135,5.0,-5.05,0.3,2.0441900339711703,-0.7325578942444857,0.7050139101927287,210.03398456586172,211.50456792766965
136,6.0,-8.0,-0.62,1.1095146872994965,-0.13720982698671663,0.5240425769544523,199.1796046447835,200.21687985756466
137,7.0,-6.05,0.22,1.5239062543560034,-0.16860591101935235,0.631794367304701,135.79676604353756,136.65506916097686
138,12.0,-7.05,1.6,1.4355761499061355,0.038849803400770024,0.6951081980154602,100.31747237660522,101.01277019204964
139,8.0,-7.0,0.04,1.3694254014063922,-0.10615888696502979,0.5553191323576588,206.83681779588576,207.98317366975346
140,9.099999999999994,-9.049999999999999,0.9,1.2007142039984198,-0.020338461146191533,0.617366091898464,144.82454754741738,145.72050920918636
141,7.0,-7.0,-0.1,1.2061500116562829,-0.2139476593862028,0.5302972967748072,140.30536820196681,141.0500695838321
142,10.0,-7.05,0.6,1.1615705319741934,0.08403509027164674,0.5877645764623946,187.6727401496324,188.77404569122683
143,5.0,-5.0,-0.14,1.8866782296755336,-0.6304716451198462,0.5510608956120199,413.5238334858787,415.80819116870646
144,4.0,-4.0,-0.01,1.6521524029245176,-0.411926656693769,0.5687743457358806,328.4178124412812,330.2792631388131
145,7.049999999999997,-8.0,-0.01,1.609496427035093,-0.6425785472659944,0.5685037999593131,255.68520170259134,257.13743687721126
146,6.049999999999997,-7.05,-0.76,1.179887912271138,-0.19157984529218414,0.4668753070095473,205.0447819222631,205.995067505935
147,5.0,-6.0,-1.01,1.063189365033648,-0.13046444974422303,0.4063329745156334,196.4631629928164,197.25913941206727
148,9.099999999999994,-7.0,0.96,1.3449724065058453,-0.0687540453548303,0.6148718457017189,198.2641912244076,199.48189304883792
149,4.049999999999997,-6.0,-0.13,1.1358853615409759,-0.2752678938649677,0.5224873279028005,321.4787375841909,323.1566656015804
150,7.0,-5.0,0.3,1.4473479799614093,-0.022787488162248116,0.6284989232048226,268.9278503803522,270.6153811824741
151,6.049999999999997,-7.05,-0.6,1.2106617229082144,-0.1302382158841319,0.49526760329838637,245.42584200442096,246.63971869360438
152,5.049999999999997,-9.049999999999999,-1.87,0.9041375571996894,-0.12646232626610485,0.3850469192403172,79.98594088974784,80.29219005356148
153,5.049999999999997,-7.0,-0.84,1.0143011456324695,-0.15299521085000872,0.4081910679633601,112.90804747320995,113.36768455811958
154,5.0,-6.0,-0.03,1.5260747124683947,-0.5139203551575022,0.5201811060598761,160.23341747056654,161.06610073231656
155,4.0,-6.0,-0.99,1.2839201360587267,-0.6094515775314778,0.253801129206435,164.46758887313004,164.880413266779
156,6.0,-7.05,-0.97,0.9003432159045393,-0.036350002415063976,0.39168553772574194,159.30102558020127,159.923763076678
157,8.049999999999997,-7.1,-0.16,1.1188081335334734,-0.08273186093485863,0.4783147017295487,103.05344918406645,103.54647310426249
158,5.0,-5.05,-0.54,1.065889104020221,-0.21685161489369076,0.39771897216721463,134.85392148191139,135.38921360342874
159,4.049999999999997,-6.0,-0.26,1.0855377808908055,-0.30513500088455087,0.49381944281805656,338.95886040401876,340.63183042561656
160,4.0,-4.0,0.29,1.710394755101289,-0.5099123443109498,0.6496656459957818,218.59000130867244,220.00453929017095
161,5.0,-5.0,-0.22,1.3084511256641413,-0.34746945439679916,0.47042676338294626,370.1236907015531,371.86355543392744
162,6.0,-5.05,0.32,1.2081860589498354,-0.017947331120544977,0.6040290311509842,152.30917499244325,153.22456711388975
163,5.049999999999997,-7.0,0.0,1.1932715435402057,-0.3969190568848679,0.514307336148913,174.42977288875184,175.32384068081876
164,8.0,-7.0,-0.36,1.4841041697464463,-0.2276439716069188,0.5127793122889761,159.5919302710119,160.40805170623008
165,7.0,-5.05,0.26,1.25304308892351,-0.08512685438529151,0.5666691407924008,154.82076677452739,155.698069372541
166,4.0,-5.0,-0.37,1.2706894901781465,-0.5722092092426698,0.41235946335391815,433.067373707091,434.85161280724424
167,4.0,-3.0,0.3,1.9877904950094945,-0.6253509321039911,0.6144733686685346,313.70896440875316,315.60108913704926
168,5.049999999999997,-7.05,-0.36,1.028774248720344,-0.20360245765449825,0.46139242900042576,476.06540862849744,478.2585398965244
169,6.0,-6.0,-0.02,1.2030503918629958,-0.21506047221878802,0.5113082658681621,503.0036890024421,505.5803950317565
170,5.0,-6.0,-0.39,1.2374935213442084,-0.3912357365267603,0.43164451898989453,313.9882162671,315.33908115860226
171,6.099999999999994,-8.0,-0.51,0.8887772047539434,7.64724373084572e-5,0.46193689329128007,359.7202415721771,361.3783020006311
172,5.0,-4.0,-0.02,1.1262357949141601,-0.04210909816157821,0.5292524607989407,329.6159956680577,331.3608360586535
173,8.0,-7.0,-0.09,1.1341280245266663,0.021464279938729625,0.5525170947246187,115.43547991032192,116.07432941302203
174,9.0,-11.0,0.37,1.3349503660232436,-0.18832518132654977,0.6330744265335201,111.8159369218087,112.52188025098447
175,5.0,-6.0,0.06,1.4207280413616248,-0.4040438626656648,0.5637008420543254,349.49804031643174,351.4524771859903
176,7.0,-7.0,0.16,1.3305560892789732,-0.07663346370205547,0.6072721878472706,132.10974413719944,132.9112619652986
177,5.0,-7.0,0.04,1.3085535877463446,-0.3601675435387716,0.5549477892598573,153.37755209055976,154.22611982836534
178,5.0,-5.0,0.0,1.3982590315234655,-0.28981059691109273,0.5458039466611769,382.9443163757702,385.01823565360826
179,6.0,-5.0,0.06,1.5221557578550236,-0.22629680595796003,0.5414293636513731,177.72958516271774,178.6980476743367
180,7.0,-6.0,0.06,1.3372318251753346,-0.17747551128740988,0.5691819073807997,322.4293335535032,324.2517623277792
181,2.0,-2.0,-0.08,2.8051514734288734,-1.8472301317707465,0.48218698348884836,382.3269812407543,384.22731265935494
182,5.0,-6.0,0.05,1.362224982976789,-0.2398279178471628,0.5986438015963106,326.64101929305116,328.5925204261813
183,7.0,-7.0,0.09,0.9980613338392551,0.014236665422004382,0.5077489315012281,105.3532364937465,105.889064737949
184,5.049999999999997,-5.0,-0.2,1.243622376029713,-0.21167634816201253,0.46876915020062754,325.7106089011601,327.2404240890623
185,6.0,-9.049999999999999,-0.5,1.0636914090225824,-0.1749912754962025,0.5178111105574846,294.6341032540666,296.15368445257513
186,6.0,-5.0,0.36,1.7344220711451646,-0.4513721297051897,0.6015818906445008,359.314109507574,361.4661438260721
187,8.049999999999997,-8.05,0.51,1.3131287431391538,-0.08206369338594326,0.6422762896284785,323.30999702088985,325.38546418522174
188,4.099999999999994,-4.0,0.08,1.4575013721877181,-0.3630522791719943,0.5300209662406222,369.0455014494959,371.0142069870082
189,4.0,-5.05,-0.52,1.3084274733555754,-0.5036948304523114,0.40357646010296355,204.21805523102248,205.0409480937674
190,4.0,-4.05,0.28,1.4075553376443868,-0.2886374111215803,0.604721566299401,450.67282854274504,453.37707095380705
191,8.0,-6.0,0.58,1.1446824390540256,0.09617707323263502,0.5958329338858179,284.63723203982283,286.33720242128993
192,8.049999999999997,-7.05,0.51,1.2465865857019622,0.022503092276924028,0.6095736964679164,81.40617106610007,81.90207784266654
193,8.049999999999997,-9.0,-0.49,1.1804944387306264,-0.1607331102814224,0.5213715283223124,294.8276147014133,296.36230308112795
194,7.0,-6.05,0.12,1.2858476985805292,-0.06276177820892793,0.5713696303814596,268.4276551074897,269.96353227959526
195,8.049999999999997,-8.05,-0.24,1.0534562340857303,0.03623063401425321,0.5262687271296471,190.59960925715538,191.60099122898228
196,6.049999999999997,-6.05,-0.6,1.3373348946202062,-0.2530460937007962,0.478990364801025,147.48165830156637,148.1848138629643
197,8.049999999999997,-6.05,0.33,1.0569164392238832,0.10130389991643642,0.5720677219317798,97.38251261465729,97.9392382548517
198,5.0,-8.0,-1.02,1.0815744594262189,-0.2803371528619783,0.4066108922245305,344.1679094107865,345.56985466365427
199,8.049999999999997,-7.05,0.04,0.9459574736116714,0.10065880688937513,0.524639620789686,88.29683265856349,88.75957416675357
200,7.0,-6.0,-0.22,1.0848215688802618,0.11553637855891967,0.5646119787404331,177.9557699318576,178.95829428110076
201,7.0,-5.05,0.43,1.3977959173986736,-0.07520298549599387,0.6340131926643706,210.64450277632335,211.97881125487325
202,2.0,-2.0,0.15,3.506833044387182,-1.8717452240740184,0.8191228838765761,45591.700403728435,45956.15157132618
203,8.0,-7.0,-0.03,1.1990290099822145,-0.1009290888375802,0.533051364552572,116.06116416147725,116.67949231289379
204,9.049999999999997,-11.0,-0.29,1.096773432244045,-0.07779973784035049,0.5155190990412801,91.78263175416872,92.25408759915209
205,6.049999999999997,-7.0,-0.25,1.1859741532337251,-0.2667761975495415,0.5282394863882234,118.33466590438923,118.95857546236384
206,5.049999999999997,-6.0,-0.46,1.2035646371356221,-0.3814885315687876,0.4591042343440247,305.9413838346758,307.33978994651477
207,3.0,-3.0,0.14,2.119713607410079,-0.768031314302147,0.5980231765560149,504.5928159279611,507.66716219014705
208,6.049999999999997,-7.0,-0.31,1.1837542357211792,-0.22169888183838246,0.5169123630396208,256.6604104144579,257.9823780294631
209,4.0,-4.05,-0.12,1.6797089162392145,-0.7247680476290574,0.5099745223155143,426.16866285169846,428.3401107182443
210,5.049999999999997,-5.0,0.43,1.262301439347143,-0.1860440232489077,0.563119288948871,271.6333227421932,273.15480671728153
211,5.0,-5.0,-0.17,1.130788901644557,-0.15014601208408648,0.5040128858628462,279.1168636858324,280.5153249889488
212,8.049999999999997,-6.05,-0.04,1.2652973539271384,-0.05174539178777454,0.5167105996906246,248.87034498321336,250.15545523683355
213,4.099999999999994,-5.0,-0.56,1.5356648961180956,-0.6573993834742294,0.4026075987774425,330.8413105033176,332.17158806437254
214,10.0,-9.0,0.53,1.2450014728752525,-0.00167985475419915,0.6129806219608116,177.62522865317686,178.71388199038986
215,7.0,-8.0,-0.48,1.0635676012003767,-0.0833542744843383,0.48248002954924973,192.52060023184103,193.44699255691842
216,6.0,-7.0,-0.64,1.1024871530259996,-0.3234699332777962,0.3780838113135899,247.7528339706493,248.68924459003512
217,7.0,-8.0,-0.25,1.1811599491388096,-0.2562659093511656,0.498559508677651,200.2857523983787,201.2852019200263
218,8.049999999999997,-10.05,-0.53,0.9980230421336885,-0.05180339077392539,0.5094965444915158,181.77560074637807,182.69778107499675
219,4.0,-4.0,-0.27,1.409402702783171,-0.5315752344564714,0.37135287534879446,346.2936251636607,347.5642409045471
220,8.049999999999997,-12.0,-0.12,0.8716177574028859,0.12216913089993657,0.5478638943560575,63.86358752737363,64.21350843313769
221,8.0,-8.0,0.08,1.0219857014415468,-0.09688592746388508,0.5112085955113104,181.20725096156872,182.13272809580891
222,6.049999999999997,-6.0,0.87,1.2838326570741052,-0.14908177724646005,0.6111850922673916,264.60793880271245,266.2254654999284
223,7.0,-9.0,-0.53,1.090548459939752,-0.2808500753463408,0.46143007031550126,187.10855692656276,187.96965630931686
224,5.0,-5.0,-0.53,1.7513796878051415,-0.5427374532849542,0.3943191022788743,324.0472713746561,325.3184255201356
225,4.0,-4.05,0.03,1.3484084360027757,-0.39515798441128386,0.5317038416009119,322.7873472609547,324.4989758855472
226,4.0,-5.0,-0.23,1.3904417169055525,-0.4795455101004085,0.4864646808336084,350.1749057789911,351.8789868640435
227,5.0,-6.0,-0.04,1.5830761651274141,-0.6479807354724968,0.5464535753924643,363.05647944714076,365.02035227469037
228,1.0,-2.0,-0.14,2.8660061169360898,-2.993016698258129,0.33021966053637786,771.0066505895184,773.4513834840898
229,7.049999999999997,-8.0,-0.6,0.9860942821003046,-0.059238381840275474,0.519852790213309,177.5907829339871,178.51065141347775
230,5.049999999999997,-5.05,-0.2,1.227463751479973,-0.14591654740492027,0.5061218383855939,241.32910885447885,242.54543572645306
231,7.0,-7.0,-0.2,1.3383837798586296,-0.18213062123891455,0.537531467352858,285.4243649599682,286.9475933669941
232,6.0,-7.0,0.04,1.1221721279328003,-0.16843550482547087,0.5359916034008708,208.34986637385663,209.46160196939448
233,7.0,-9.049999999999999,-1.09,1.0379327966607677,-0.19191501475587727,0.4221397351750683,189.5966338757136,190.39749193069542
234,6.049999999999997,-7.0,-0.02,1.3177371810977352,-0.40051707322277796,0.49874778905986966,251.64787389622504,252.89887878634661
235,6.049999999999997,-7.0,-0.06,1.0332899662964872,-0.1426240906996625,0.485724758428591,207.16160012065532,208.16690384464601
236,2.0,-2.0,-0.03,2.731590998770486,-1.6104514766121498,0.5173588687568973,40805.57739412955,41019.495358056665
237,5.0,-5.0,-0.25,1.4207683048148485,-0.3443951281763875,0.4328648819213361,316.00608177859596,317.3919281017663
238,6.0,-9.0,-0.88,0.8808562745002114,-0.09406406265728055,0.45513505419785666,173.37446591400996,174.163804827483
239,5.0,-5.05,0.01,1.2681753540874396,-0.34704113166780304,0.49700392260651816,263.06287276603433,264.36631286343516
240,6.0,-7.05,-0.41,1.0963325100922474,-0.24192123184191844,0.4813149833146071,217.70677515335876,218.75579992984473
241,7.049999999999997,-7.05,0.04,1.1101895025543185,-0.14740439756106502,0.4860870421069026,179.02153659338543,179.89586384417413
242,5.0,-5.0,0.23,1.6212172586466558,-0.4433253318472835,0.5667749838569134,336.0098893885694,337.90367181227504
243,4.0,-4.05,-0.41,1.3108826048592077,-0.5649456365395212,0.37322142100200123,332.1463095440259,333.3969587547906
244,4.049999999999997,-5.0,-0.22,1.3629104951768811,-0.4823257420492197,0.46941499683999344,301.1974424988548,302.61086563463033
245,5.049999999999997,-6.0,-0.2,1.0783715600258958,-0.13788339134508693,0.47157548167310265,227.3756493756321,228.44828041115775
246,7.049999999999997,-7.05,0.39,1.014048178874302,0.09253600299594669,0.550604753008439,164.4906274449395,165.39417119124056
247,5.0,-6.0,-0.14,1.2723278839435155,-0.44918501401576383,0.5086016704943266,297.88761354360935,299.39220626921104
248,5.0,-5.05,-0.32,1.134767725628833,-0.16847143383935015,0.4603763260254634,258.6217147822023,259.8067339844871
249,4.0,-5.1,-0.49,1.208551892650465,-0.4298450267970222,0.39926224929511184,268.77352325150105,269.8421219178183
250,9.0,-8.05,0.1,1.024658834560636,-0.016545536189671202,0.5120471747730189,143.57620970936884,144.3098810148372
251,4.0,-5.05,0.05,1.4570310130754895,-0.5603215828833976,0.5721792670993421,287.08914931692726,288.7173641792939
252,6.0,-5.05,-0.47,1.2628742114157376,-0.09886147898961596,0.4551933688420927,255.82748054418624,256.99051206622704
253,9.049999999999997,-7.05,0.32,1.251558380047352,0.04575568879525402,0.592774755926514,185.61285265834974,186.71256861302197
254,7.0,-8.0,-0.51,0.9506695702580337,-0.005002272974953548,0.4990148685684194,161.62803510779852,162.43354603801532
255,6.0,-5.0,0.46,1.3920728589792,-0.19128153255413555,0.6201875640433776,292.1520399022874,293.96069453515565
256,7.0,-7.0,-0.49,1.28823514788722,-0.2138178778049122,0.48667177314910587,196.39286820895433,197.34894394894735
257,6.0,-6.0,0.25,1.5911837002186877,-0.46898162843082736,0.5888122013019785,250.54785509265287,252.02302463087366
258,5.0,-5.05,-0.01,1.61927159654026,-0.4779097436933698,0.5682553771189266,270.4622737006257,271.99049467223887
259,4.049999999999997,-5.0,-0.19,1.503974316279489,-0.5682282781158776,0.4727092282227342,128.78563335357774,129.39456509679246
260,4.049999999999997,-5.0,0.14,1.7018595114360957,-0.5806029381596944,0.6137153102168975,276.02498897837694,277.7246166884674
261,5.049999999999997,-5.0,-0.05,1.578008739999573,-0.39029601561670324,0.5513873774303384,260.7472648446259,262.1892751910728
262,4.049999999999997,-5.05,-0.77,1.2953133077320758,-0.42501615685851335,0.37797525095760437,117.1849676114094,117.62641199356958
263,7.0,-6.0,0.19,1.3846166027807327,-0.12608521339407694,0.5714136550020976,180.46833134534248,181.49734207726294
264,4.0,-4.05,-0.31,1.2300035908259628,-0.26998954421163374,0.44478113308275025,133.01069946394358,133.59669385202517
265,5.049999999999997,-7.0,-0.86,0.9736829483914593,-0.16134830346131754,0.42730547340108616,161.61359830297633,162.3013091860398
266,5.0,-6.0,0.1,1.1320786416908262,-0.21056388844305235,0.5153412915108918,116.99203421663692,117.59419771710998
267,7.0,-8.0,-0.19,1.3097243064824184,-0.3504571406429747,0.5003686219839931,184.19826823231034,185.11419124429355
268,5.0,-4.0,0.26,1.3606474869030434,-0.24719452013069346,0.5398948840778882,133.8046494210689,134.5306298571469
269,4.049999999999997,-7.0,-0.35,1.2148390024789328,-0.44718243093662696,0.46477201526790723,122.09217079760896,122.65696409255145
270,6.049999999999997,-7.05,-0.38,1.1472967713250697,-0.22640434565101872,0.49171459527193156,143.72792598081296,144.4315800173328
271,6.0,-5.0,-0.03,1.1550512192119944,-0.10057136782452757,0.4930265461005503,102.16753721493997,102.669593676278
272,9.0,-7.05,0.31,1.158730979987879,0.04401268105804923,0.5674924024538519,126.4628927374569,127.17914017313498
273,5.049999999999997,-7.0,-0.49,1.447770662203513,-0.5320975395094368,0.4478319899533512,111.45192272452394,111.94956715993798
274,6.0,-6.0,0.4,1.2010953906087216,-0.00926969422723561,0.5998214637000847,523.2895318509059,526.4222399454429
275,8.049999999999997,-6.0,0.04,1.2293891156241832,0.0017661621240492463,0.5413740404897779,443.9569707574889,446.36174710512336
276,7.0,-7.05,-0.22,1.4116228985599084,-0.40702493998402145,0.546684284174298,356.78839603513654,358.73558683969395
277,7.0,-8.0,-0.11,0.9346806140732825,0.08898840679288547,0.533726081908661,149.01191346365485,149.80819685457917
278,7.049999999999997,-7.05,0.59,1.733087160648428,-0.35228372397823365,0.7213184234433397,671.8905258500682,676.7071976260218
279,5.0,-5.0,0.16,1.4798754308563342,-0.40740139232612993,0.5604862956536517,116.56840853051789,117.21640229318562
280,6.049999999999997,-6.0,-0.14,1.2139079272650215,-0.08052655412551782,0.550266978298374,533.85112867544,536.7788244985477
281,5.0,-5.0,0.06,1.3778300755266162,-0.43524811578514544,0.517218542585114,123.38022989396514,124.01608837786058
282,7.0,-6.05,-0.04,1.0760005331002902,0.020895105217890703,0.5201746943261152,426.21185485539166,428.42865812732566
283,4.0,-4.0,0.01,1.439053983753249,-0.44952851427685636,0.49653004999529265,153.4261222498934,154.18454408369973
284,6.049999999999997,-8.05,-0.29,1.0377344816908536,0.06824881164318714,0.5559636111684226,388.970820590011,391.12723517373166
285,6.0,-7.0,-0.5,1.0360696248197547,-0.09761594314169675,0.48201370062263954,88.61745918923543,89.04482643606572
286,7.049999999999997,-6.0,0.0,1.2504643185314632,-0.1164628901216893,0.5032146329147459,341.5271973531973,343.2397600385456
287,5.099999999999994,-6.05,-0.15,1.3471465569189827,-0.2879199812858704,0.49974006384463815,103.94151553125435,104.46077871516788
288,5.0,-4.0,-0.34,1.447315138893255,-0.3083483351573878,0.4443646310026349,712.1774111772597,715.32590584295
289,4.0,-6.0,-0.06,1.0465550127138734,-0.3463633941725293,0.48042076706007675,102.65939272047964,103.15160424870881
290,7.0,-7.05,-0.58,1.242870273570781,-0.19409200497696846,0.5068421393488562,157.56138978949278,158.35638851222
291,7.099999999999994,-7.05,0.2,1.4870110802908334,-0.1390728366253273,0.5871113809766892,169.40388404510242,170.39789582703014
292,7.049999999999997,-8.0,0.08,1.311395346828004,-0.21588647367376804,0.5528166614138859,164.9825150072937,165.8905968235789
293,5.049999999999997,-6.05,-0.17,1.1622986922726188,-0.14152710207594166,0.5261564873933505,174.64057409115122,175.55988485147532
294,7.0,-6.05,0.49,1.1742237225383674,-0.06541787093710211,0.5998611838287095,131.63403400161323,132.42318880621053
295,7.0,-6.0,-0.24,1.2866099511815783,-0.12454912013331483,0.513978835776691,151.41529404252316,152.19144736542415
296,6.0,-5.05,-0.14,1.2513789868570722,-0.1595176686308033,0.49006405220606813,93.09593429082317,93.55307684175048
297,6.0,-7.05,-0.26,1.2617230948687062,-0.39091066430244503,0.4715273697458094,178.21179809185574,179.04866542875908
298,7.0,-9.049999999999999,-0.02,1.1222856744231589,-0.21536101095813942,0.5430763722368451,133.5779955229471,134.3034713278731
299,5.049999999999997,-5.0,-0.33,1.1215441546371054,-0.19441654674080902,0.46800179548092324,98.12698801354045,98.58324138713898
300,6.0,-6.0,0.02,1.2336737900875479,-0.26025871607992496,0.5353280458130585,152.7186112134782,153.53253299443944
301,7.049999999999997,-9.0,0.68,1.1666523473973762,-0.08266748308436515,0.6018751251575899,130.06283480390957,130.84599511075857
302,6.049999999999997,-7.0,-0.19,1.1558094179814098,-0.19610035972004802,0.46990400609986727,92.26043053024674,92.69351895956872
303,8.0,-7.0,0.61,1.318102601871654,-0.04927812252789903,0.6319972427916619,124.92507441719607,125.71198417970386
304,5.0,-5.05,-0.35,1.3279092131055759,-0.20840220518472716,0.5265919971837977,194.81484945220242,195.8455670200137
305,12.0,-9.0,0.15,1.2334363609806243,-0.00779592179165029,0.5524473013162967,124.21627119704429,124.9003612331554
306,6.049999999999997,-8.05,-0.31,1.0303021097534335,-0.20261180904373752,0.462878290993528,124.67790361589881,125.2535963467932
307,7.0,-8.05,-0.26,1.1400859142654922,-0.08646370011082172,0.5779163219662934,133.98975531155142,134.7621266495671
308,7.049999999999997,-6.05,0.46,1.2269480614005492,-0.15792858433215445,0.5478695974695347,133.3447373459467,134.07541843611207
309,6.0,-8.0,-0.41,0.9956866585013884,0.01230589585507962,0.5391417659870962,166.21657316807423,167.11183593889731
310,5.049999999999997,-6.05,-0.76,1.0816440741091697,-0.19665804616142454,0.4092546765306491,94.64959533817995,95.03745149898351
311,9.0,-7.05,0.39,1.158089680323502,0.08559564256055263,0.6015716979905118,168.28532855146875,169.29769331355544
312,6.0,-7.0,-0.26,1.286321570782128,-0.46925064543119116,0.4750066159969893,106.6686098681425,107.17319859056707
313,7.049999999999997,-7.0,-0.25,1.224779255090303,-0.2379415891348991,0.5041722237646976,209.25142819904016,210.3084979435074
314,5.0,-6.1,0.03,1.4237661346851358,-0.5477948524472643,0.5055048289867369,102.60043575261156,103.11690087455777
315,9.049999999999997,-7.0,0.49,1.2216023983872033,0.025494626699682596,0.552239723804799,167.89481537267108,168.821830086299
316,9.049999999999997,-6.05,0.96,1.1791200972991278,0.09543776705251542,0.5950990278809859,91.90191354933354,92.44693228315465
317,5.0,-6.0,-0.39,1.3148005120486748,-0.4428363157660219,0.44426409653036314,152.54896768547056,153.22601846311815
318,4.049999999999997,-5.0,-0.21,1.154510850400778,-0.17620766243951,0.4833104311400227,237.80047805814857,238.95032611542018
319,6.0,-7.0,-0.26,1.2733100239309922,-0.32597955172317433,0.4829292860001494,221.91347257611022,222.98468944870453
320,5.0,-7.0,-0.2,1.1703974759024747,-0.5857688696485115,0.4922024704022842,148.43909672427486,149.16340263413875
321,10.0,-9.049999999999999,0.54,1.0641015657351494,0.1652968278446939,0.5929296711571986,140.02035103380507,140.85138730240496
322,7.0,-8.05,-0.85,1.2233901543423447,-0.28429323731335626,0.4142626633391749,138.49753896152504,139.06952551836815
323,2.0,-1.0,0.1,5.385854077628741,-2.437969005069498,0.874981857129181,63828.32248290409,64346.592766358255
324,5.0,-4.0,0.08,1.428294790095063,-0.2416110674032772,0.5211210578718534,178.8529260875816,179.7775564898114
325,7.0,-5.0,0.48,1.3776681585982065,-0.09018013003342128,0.5648562308582041,141.76226497296645,142.56504995122498
326,6.049999999999997,-9.049999999999999,-0.89,1.032567273781374,-0.5253294913381994,0.38111479303536944,124.32787392836254,124.80399606669457
327,4.0,-7.0,-0.71,1.4600710520225844,-0.7598680390321708,0.39594033645219867,160.98890680094405,161.62841117570892
328,6.0,-6.0,0.27,1.79871373614261,-0.7075366374079635,0.6235171898521777,188.3293056606755,189.50238767452356
329,6.0,-5.0,0.08,1.9704676955190659,-0.486984163734565,0.6314803476372313,201.6783506254832,202.9536769107396
330,5.0,-4.0,0.64,1.5971213004376938,-0.2737866184313864,0.6697040483406949,209.61443915760265,211.01578271990374
331,5.049999999999997,-6.0,-0.25,1.73128765450367,-0.6752977001319295,0.544614040539383,195.336025347961,196.3935853047404
332,4.0,-6.0,-0.57,1.2034920058191632,-0.4132176946322934,0.47269286456861814,181.25465461926524,182.10846042707496
333,7.049999999999997,-7.0,-0.87,1.0372576579721962,0.03487931361243824,0.4778841250802536,162.02373486668628,162.79520214324464
334,5.0,-6.0,-0.01,1.4129076369095317,-0.3119281646423304,0.5544026762483107,256.327065081184,257.74687756926255
335,12.049999999999997,-15.0,-1.29,0.6797633167339416,0.28428401436164624,0.5079410472052067,37.41540743370017,37.60541425681778
336,11.0,-9.0,0.95,1.0006333969784462,0.18716551715601853,0.6021585214983115,74.72663289216086,75.17681295812997
337,6.0,-6.0,0.22,1.1862557316521776,-0.16067203640829295,0.5624063216292859,223.4207105980154,224.67846932095196
338,2.0,-2.05,-0.27,2.181524493036978,-1.86130291864494,0.30363976486429367,29054.464352614807,29139.202300626075
339,6.0,-7.0,-0.5,1.0027656199419819,0.014429734660995371,0.49561719930162995,144.122036029184,144.83559790083555
340,9.049999999999997,-8.0,-0.56,0.9954591133560039,0.026232663917324806,0.4479775456319044,253.76161528511926,254.89538994545768
341,4.0,-4.0,-0.09,1.6171397499935627,-0.5292998396626415,0.4967662316900454,221.80365922460376,222.90903686984547
342,8.0,-9.049999999999999,-0.37,0.9285323383269686,-0.09728288504535704,0.43257452836292054,258.70168015357996,259.8210511388342
343,7.0,-7.05,-0.05,1.0271931625037343,-0.0857887604265352,0.4588400029276965,295.70316585289595,297.05567634779635
344,5.049999999999997,-7.05,-0.35,0.9627385720164455,-0.3104906217647051,0.40782424001965323,336.3225446645348,337.69373716689864
345,8.049999999999997,-7.05,0.13,1.1164996381704249,-0.14885685313949343,0.4770781646725778,285.7903627310354,287.1505777390376
346,9.049999999999997,-9.0,0.39,0.950397413058215,-0.04919882829905301,0.47101423752037186,269.1548016796612,270.42591473051397
347,3.0,-4.0,-0.25,1.9730929809657523,-1.373411691589415,0.38165915041433485,438.9571788846973,440.6110100328022
348,7.049999999999997,-6.0,0.12,1.2002158498267024,-0.24160477138703296,0.4589937422667678,199.79496668619592,200.71589120764435
349,8.099999999999994,-8.05,-0.22,1.2643596528327494,-0.21053260090114195,0.497965205923591,166.99275056270537,167.82279496526752
350,3.0,-2.0,0.35,2.3241646215534315,-0.7663610752156553,0.6701962317249494,295.3674224524692,297.32268798823264
351,4.049999999999997,-4.05,-0.23,1.5791540661473231,-0.5558787825105727,0.4670038224531056,208.54050860480245,209.499550279158
352,9.0,-9.049999999999999,-0.25,1.0339769759474022,-0.14200920421874125,0.4435205415932274,155.18042083607637,155.8667227014588
353,8.0,-8.0,-0.58,1.2333474101899053,-0.15960271938145573,0.46559951364080215,125.14675409526973,125.73038050756394
354,7.0,-7.1499999999999995,-0.23,1.0504104899125677,-0.3386061175756022,0.43726460838867803,178.3770943578703,179.15376784143552
355,6.049999999999997,-6.05,0.62,1.632931155722458,-0.38245005594188336,0.6723781153865173,352.10556452827433,354.46383052055324
356,5.0,-5.05,-0.38,1.2302235111682185,-0.2863261623118182,0.4176004999947209,49.936084035479325,50.14457459908522
357,7.0,-7.0,-0.09,1.5714827699646043,-0.30544491824288234,0.5730184495146766,339.32483206024057,341.259737744132
358,7.049999999999997,-8.05,-0.41,1.294275929611389,-0.12322004969961894,0.5801175909029501,292.75554737694006,294.4551245414328
359,7.049999999999997,-8.0,-0.43,1.0837031812670324,-0.22896197776690172,0.4098391779533288,35.804628295818254,35.95077733639374
360,6.0,-6.05,0.05,1.5165017409185146,-0.26653843861103527,0.5869580096231316,393.6431195953099,395.9383246087493
361,10.099999999999994,-9.0,0.26,1.2836767165916554,-0.14682965958371474,0.5225945020570638,33.542494145548,33.71841888755137
362,3.049999999999997,-3.0,-0.1,2.1600165795563573,-1.0093636169134876,0.5063640857553673,431.7527457784036,433.8678005000557
363,5.0,-6.0,-0.54,1.2540629649652077,-0.43011374301641603,0.39912064652326845,44.08662545889041,44.26268460958313
364,8.0,-7.05,0.18,1.4308955675842445,-0.18365777357803273,0.6014663297058481,187.15742476437302,188.27821731025193
365,12.0,-7.0,2.01,1.4679815279346085,0.03808465558564834,0.7345065005471311,163.87240921142248,165.07819860047815
366,8.0,-9.049999999999999,-0.5,1.1696192062709432,-0.14051009553370122,0.504600887497146,167.2232395476397,168.06624691646456
367,6.0,-7.0,-0.48,1.0916179599794538,-0.18895979401828875,0.411569860023945,37.51042315313523,37.66482919126079
368,8.049999999999997,-8.05,-0.26,1.0698034166307306,-0.038662197542053356,0.5255799210448702,115.21118498658974,115.81753769523955
369,5.0,-4.0,0.09,1.5561722238431992,-0.48064555292594413,0.46911052209829796,54.8082773704829,55.060970363298665
370,6.0,-8.0,0.06,1.5112428970297695,-0.6831488772944411,0.5306945392022383,153.80573371955677,154.6122101448833
371,9.049999999999997,-7.0,0.68,1.4732282038457218,-0.18792347981861893,0.5977041528790159,131.4646677147733,132.24937214065932
372,6.0,-6.0,0.01,1.1772306085497564,-0.2886702458143831,0.4536732919262969,36.946611970485925,37.11322413925834
373,8.049999999999997,-8.0,0.48,1.3287984436670794,-0.29630372869476435,0.5581626427992189,122.69588711632574,123.3776452668987
374,4.0,-4.05,-0.29,1.2295213807458856,-0.43397057877027867,0.4100252229463178,51.48697710322435,51.69497987638501
375,8.0,-7.0,-0.24,1.1777412051537905,-0.09938237532492061,0.42952106664923695,35.9168121512588,36.070731954874134
376,7.0,-4.05,0.57,1.2367877813640042,-0.3013562462224168,0.5040012697555626,106.31743561223865,106.8494656341065
377,7.0,-6.05,0.68,1.0507114928326684,-0.07018068632413683,0.5104874259105572,36.6288924650021,36.815403519353495
378,6.049999999999997,-6.0,0.11,1.0554675635597905,-0.08113837444733654,0.4430657233855726,31.944302052619342,32.085750054475554
379,6.049999999999997,-5.0,0.37,1.3272836121573983,-0.1674743432561197,0.5099077521038218,42.281370053473296,42.495566729032554
380,7.0,-7.0,0.21,1.110719381026345,-0.12029874129037689,0.47864989080344045,37.92836782437524,38.109796911934716
381,5.0,-4.0,0.48,1.6331310232272742,-0.24927820152962263,0.6211743971671573,161.48984436560005,162.48793913443924
382,6.0,-6.05,-0.05,1.1547829066634314,-0.3086681014658053,0.4826616830941526,46.19568746608086,46.41890439832593
383,7.0,-5.1,0.14,1.204713567876936,-0.2416562894691568,0.4866158577694241,42.96125267756704,43.1699682948942
384,7.049999999999997,-8.05,-0.05,1.3739253280055372,-0.41128386628412666,0.5693170206247038,135.56473755157774,136.3300281785456
385,8.0,-8.05,-0.81,1.1979832308281073,-0.23410880226954725,0.42964227310939457,39.75999022093458,39.92984623959802
386,12.099999999999994,-12.0,0.57,1.2198077549989441,0.07096457331538758,0.6115197100177777,87.5521987439202,88.08671034405084
387,7.0,-8.1,-0.26,1.0966218291894032,-0.15163189026704188,0.4860335411764052,38.44386375086346,38.63022430460671
388,10.049999999999997,-9.049999999999999,0.3,1.2825743373365701,-0.18550415523842534,0.5803434170653737,111.90021846121051,112.54713670855271
389,6.049999999999997,-9.0,-0.96,0.9342971425537229,-0.2201814630388256,0.372758766158755,38.747055348112355,38.89081953527546
390,9.0,-10.05,0.49,1.1856135382294555,-0.17053676016398178,0.6100852655321676,152.24835074364455,153.1766874092625
391,5.0,-6.0,-0.12,1.1616190822222345,-0.3147877309447489,0.45841252966694684,51.95843690372477,52.1953869861853
392,9.049999999999997,-8.05,0.12,1.3487880045717655,-0.020637547810928098,0.5796359667283696,154.39996263387727,155.29179300446162
393,5.0,-5.0,-0.16,1.484657622785918,-0.46131161034052454,0.4722431382282138,210.76069438619416,211.7528080634504
394,8.0,-8.0,-0.52,1.0349506608043917,-0.1867440098794773,0.45392442881055983,137.79048220495213,138.41481357074952
395,11.049999999999997,-13.0,-0.31,1.1979877233112068,-0.1465870689085424,0.5562105007907858,101.60063400125699,102.16468253342099
396,6.0,-8.0,-0.82,0.9727839151020866,-0.20813651019207585,0.4334152864684044,142.47440084705147,143.0893101576321
397,9.0,-11.0,-0.14,1.1401214693709922,-0.07337290263961055,0.5641535040125087,100.85244318292636,101.42184638873101
398,7.0,-7.05,-0.09,1.1659206445347197,-0.07405241941660576,0.5249297557137662,134.90132295500894,135.60843341916967
399,8.049999999999997,-5.1,0.92,1.5464989698907803,-0.07852560865755992,0.6299475467321237,158.36321945777738,159.35790505773406
400,5.049999999999997,-7.0,-0.39,1.0779122773314131,-0.16606168038429847,0.4730792604747521,145.21155514755444,145.89908951000967
401,5.0,-6.0,0.07,1.2198712449651696,-0.053505998533419065,0.5207586896165214,177.05519994738245,177.9748203844225
402,11.0,-9.049999999999999,1.57,1.2565125160056647,0.006691271477516863,0.660188660956678,86.09379661079701,86.66156206901371
403,2.0,-2.0,-0.05,2.883477835386085,-2.1665105372980378,0.42700468990923696,339.50673646424883,340.9119813283641
404,5.049999999999997,-6.0,-0.41,1.0285078687512903,-0.29115743714014336,0.4223393276785977,112.59791575286388,113.07197084391198
405,6.0,-5.0,-0.38,1.3779427970216958,-0.3366122887261044,0.4250209573006544,134.7117694897279,135.28234598639713
406,7.0,-7.0,-0.37,1.0239875644852836,-0.16885959778329573,0.4222153642326825,96.57285294050735,96.97975030481503
407,8.0,-7.05,-0.29,1.0576892057565015,-0.08440593152635234,0.4817131694348156,88.34816209049241,88.7738793787055
408,8.049999999999997,-8.0,-0.19,1.0761396401826904,-0.09661294684261468,0.5025026271598538,90.60295348792226,91.05779750502329
409,8.0,-8.05,-0.1,1.1035692595444004,-0.1935944945580433,0.4786341519606363,93.41812097451339,93.86454515535777
410,10.0,-8.0,0.42,1.1927794040350495,-0.013169370992952453,0.5416214459688189,88.91569792961207,89.3952202143155
411,7.0,-6.0,0.82,1.1736324965916758,-0.043444232723947054,0.5838434997677459,144.08492707509555,144.92468721609063
412,7.049999999999997,-7.0,0.67,1.2212458809237507,-0.10998452759509833,0.5432036927391093,105.65902202821624,106.23177142135052
413,6.0,-6.05,-0.47,0.9884513724002555,-0.13082431884084847,0.44043114302238207,99.3002469537001,99.73601341193945
414,7.049999999999997,-8.0,-0.85,1.0573845695557014,-0.12146854821435775,0.4291962047658899,89.92518788298496,90.3107030497271
415,6.0,-6.0,-0.26,0.981559375329373,-0.12804342936410434,0.45614668840298556,89.32422975646445,89.7315356467033
416,5.0,-5.0,0.13,1.264698048405163,-0.44660727963166685,0.4802958714837392,147.5362962761309,148.24376329948117
417,10.0,-6.05,0.85,1.209074985283424,0.06441761086418292,0.5561312530376648,94.73303116482857,95.26024534232714
418,7.049999999999997,-8.0,0.33,1.2222186063489076,-0.20519817927840545,0.5294972172190807,62.62276895484826,62.95336111714476
419,6.049999999999997,-6.05,-0.23,1.1981598751292128,-0.2663944934120892,0.4507273225995994,63.073967915059704,63.35890883144624
420,7.0,-7.05,0.01,1.3483613361081912,-0.21314378326129427,0.5761125109238975,48.671841010956584,48.9514814582781
421,4.049999999999997,-5.0,-0.1,1.4236460359619607,-0.39000256173230624,0.46585069214157604,157.02736546622597,157.7574352214864
422,6.049999999999997,-7.05,0.06,1.3481986003196154,-0.3380661186406296,0.5903084249408906,50.68306887329528,50.98369020693228
423,3.049999999999997,-4.0,-0.05,1.3598081834335054,-0.8280696145567166,0.4656337637156526,177.97882542012564,178.80098684114674
424,8.0,-6.0,0.56,1.6599811404662248,-0.20229943499550637,0.6477522485038715,55.05448282833245,55.410654645980856
425,6.049999999999997,-7.0,-0.03,0.9865741314780577,-0.1490451913457223,0.48007383355839134,134.30740008336844,134.95240943294573
426,7.0,-6.05,0.39,1.3733764977195273,-0.20674394263479867,0.5616015860404052,45.44483369103071,45.69950638200531
427,9.049999999999997,-7.0,0.58,1.3926867558147902,-0.05479457010849199,0.6228198398142397,162.71958379155282,163.7303709328231
428,5.0,-6.0,-0.18,1.2960715762013795,-0.2576531152141318,0.45489486893324127,165.03001488085468,165.77510054769434
429,8.049999999999997,-6.0,0.47,1.344985720280137,-0.10027371796735836,0.584187245356045,52.591345715871505,52.89757912068966
430,7.0,-8.0,-0.21,1.3723416308017362,-0.4066539033063922,0.5094712182831985,56.23106939944159,56.516067922729114
431,8.049999999999997,-8.0,-0.01,1.1675594158773843,-0.08543270474637717,0.5043294004477857,35.42549700115852,35.60422907918135
432,10.049999999999997,-11.0,-0.12,1.1497975139168108,-0.08554335548865626,0.5170312946590534,37.528175910081785,37.72184630416291
433,5.0,-6.0,-0.21,1.2287113014292719,-0.5542400815194157,0.4360969564911626,156.81691136537583,157.49678001894293
434,7.049999999999997,-10.0,-0.58,0.9775516333200762,-0.08614517153523965,0.45983710788983373,38.17877774644539,38.35398657403025
435,7.0,-7.05,0.07,1.0940354954768803,-0.15708375530262686,0.5013585763286017,34.58375875085857,34.757212911159876
436,10.049999999999997,-12.0,-0.26,1.2252287944110776,-0.14809735883973565,0.5375087532026761,36.25379076211093,36.44830094096939
437,6.049999999999997,-7.0,-0.91,1.027207391859815,-0.11993664157718173,0.4308720739403848,35.206265275377675,35.358003565112924
438,8.049999999999997,-8.1,0.37,1.2472497144893706,-0.07158703551626905,0.5935673276163551,40.636682777587886,40.87739238718766
439,6.0,-7.0,-0.39,1.178271320721609,-0.13696702531698238,0.4808833523699599,38.20781365526117,38.39084975604032
440,10.049999999999997,-8.05,1.12,1.3608165778777408,0.02024043720687589,0.6623270882866044,38.84666323163709,39.10403322094485
441,5.0,-5.0,-0.3,1.2685879713402857,-0.2939834040536885,0.45806133800819543,137.21824048032818,137.8451083233553
442,9.0,-8.05,0.17,1.205021776074622,-0.1156731824910772,0.5869532152432787,39.27009279094262,39.499866195168345
443,6.049999999999997,-8.0,-0.81,1.1833643237378757,-0.25783140226693607,0.435338828943519,36.749475720559616,36.908006177357876
444,10.0,-8.0,0.39,1.2880940051334573,-0.09464745991903722,0.5718544983395585,40.68417312684451,40.91616529495272
445,11.0,-8.0,0.92,1.1784703301850434,0.013595497930887504,0.5884545942091498,123.94231864384992,124.67276364437207
446,7.0,-6.0,0.28,1.4746135833121001,-0.3234894262804565,0.5814309433699897,154.59761831920108,155.48839382526117
447,4.0,-3.05,-0.09,1.5225314703584711,-0.4004810570969598,0.44133070376639966,176.61815562459142,177.38901256710392
448,14.0,-12.1,0.35,1.283860731830066,-0.09144184341088002,0.5894031941084865,30.356771430253875,30.535212653313412
449,5.0,-4.0,-0.26,1.448213701184823,-0.3685971015937989,0.4562369235404116,167.0948989508647,167.85136390877298
450,10.049999999999997,-10.05,0.44,1.2613555122492706,-0.08058823255688909,0.6015160675023592,37.42809691846012,37.653099036538336
451,6.0,-5.05,0.44,1.205935961632108,-0.12588072886354407,0.5505340746928229,122.07488725121084,122.74524509247873
452,10.0,-8.0,0.97,1.4176095147713792,-0.01962350936975919,0.6796728524236322,42.22432619473177,42.5109643903534
453,2.0,-2.0,-0.06,2.7791902802355613,-1.8887596987304256,0.39472538542038144,14705.50611608756,14760.733644183772
454,11.0,-10.05,-0.54,1.3752077236866724,-0.2397627494043455,0.5319370483555023,38.9834852291971,39.189072055689536
455,9.0,-8.05,1.07,1.0268710691000549,0.031504802262392745,0.5793721017644858,34.786303215207695,34.987773196882316
456,10.0,-11.100000000000001,-0.94,0.94316328213375,-0.10596017462452052,0.43414095781766304,34.060587492757094,34.20846114234926
457,6.0,-7.1,-0.93,0.9892902479575169,-0.1259390655680211,0.4141939950388891,35.10179128210436,35.24691804658142
458,8.049999999999997,-7.0,0.46,1.138842950593737,0.0008583022371087758,0.544148582312378,266.396052141969,267.84018399795934
459,6.0,-5.0,0.22,1.225248391901332,-0.12207568741698423,0.537309967680911,43.77599372715651,44.01165452744599
460,8.049999999999997,-8.05,-0.49,1.1415953631611515,-0.12715073528187887,0.46889862066915144,254.55344297152507,255.74553265092115
461,3.0,-3.0,0.07,1.8416636568581666,-0.7315197386607324,0.5071836128306314,65.61941384712209,65.94857657744431
462,9.099999999999994,-9.0,0.26,1.0352522139674598,0.09781882128883074,0.5264002065009299,32.287948457012874,32.45778711698387
463,6.0,-4.0,0.37,1.3719120761655734,-0.06090027313043838,0.5366363130990861,133.37093254092736,134.07849514823934
464,11.0,-10.05,0.61,1.138138874958696,0.12600875264325628,0.6091083866285568,34.592537786278506,34.80306751922819
465,3.049999999999997,-5.05,-0.4,1.2799651180607663,-0.5581038729569918,0.41264058166457446,270.03656767467623,271.14780238908907
466,10.0,-9.049999999999999,0.12,1.1458615387756994,0.08558030064819233,0.5844089462118514,242.4632841154396,243.8796306463416
467,6.0,-7.0,-0.88,1.1004387056725862,-0.2820399064971687,0.37492235295744175,216.89700309854436,217.71062240310664
468,9.049999999999997,-7.05,0.91,1.2806959628410053,0.10246538976927863,0.6445177403637012,249.2677801012987,250.8688103644689
469,5.049999999999997,-7.0,-0.87,0.962446373961697,-0.3109346738044636,0.3573557352252766,213.4499402386754,214.21534251718342
470,4.0,-5.05,-0.32,1.1460129921160587,-0.48362692268477464,0.4091368348294154,258.31501749317795,259.3727338392726
471,3.0,-2.0,0.09,3.26962405203321,-1.5522198628878523,0.5571876219378943,15006.404984943545,15087.226000067842
472,5.0,-6.0,-0.34,1.1209709796126137,-0.37617540126022947,0.41566215564616227,248.36680516364348,249.39221833330302
473,2.0,-2.0,-0.12,2.6683513149558054,-1.5694534438059295,0.3667892920935752,15979.763795538813,16039.148653009144
474,5.0,-5.0,0.01,1.0876128832153502,-0.15024912618294278,0.4827809700084737,265.85727758102314,267.1362183392014
475,10.0,-9.049999999999999,0.29,1.3949932301837749,-0.08968690260028432,0.6502035748278087,262.16963502128425,263.87497566322236
476,5.049999999999997,-4.05,0.53,1.1949076728087218,-0.127818411606587,0.5563162593736862,244.9537270186239,246.31247852628428
477,10.049999999999997,-10.0,-0.71,1.277448799046814,0.07832945072201748,0.6228993775525423,226.2880759328167,227.69678936291064
478,6.0,-6.05,-0.67,1.1424196476104431,-0.23859673090880854,0.3844721440727435,48.60030819866744,48.787786894033786
479,11.0,-7.0,0.84,1.6814910800065563,-0.07398703463733503,0.7206211534928946,262.16009197163356,264.0513550023182
480,5.0,-5.05,-0.05,1.1706347547481646,-0.2669444594939557,0.47002921043824963,51.92246015083684,52.165851839278055
481,8.049999999999997,-9.0,0.58,1.4196695520994946,-0.22189063360184144,0.6262059056276266,270.4976843603501,272.1905129362697
482,5.0,-6.05,-0.27,1.1145374083876172,-0.45485674889575906,0.435403319539186,53.67146364866434,53.90564727986082
483,7.049999999999997,-6.05,0.47,2.0729715892084974,-0.4754135132818647,0.7436657697368945,344.7409707580599,347.2938595315411
484,5.049999999999997,-7.0,-0.4,1.1467871045669473,-0.2830144372302408,0.43004253969023215,49.56009755448249,49.77254769973184
485,7.0,-7.05,0.74,1.057763632026436,-0.02578730229079422,0.5332630537704501,41.50664636005763,41.72752819086354
486,7.0,-7.0,0.15,1.6197339358797964,-0.16929346568137635,0.7300619550970433,193.18554747286112,194.58862919525342
487,6.0,-6.0,0.27,1.5594914002422293,-0.5829999984074439,0.523427447672258,87.80670867984594,88.26546958662615
488,11.0,-10.0,1.18,1.6844743517743437,-0.07899513653815231,0.8830514544452451,153.13546129782355,154.48418685212908
489,7.049999999999997,-6.0,0.07,1.3019512953624628,-0.13834566999639297,0.49042086998767964,142.4875045249541,143.18179378747467
490,11.0,-9.149999999999999,0.75,1.4934029462986773,-0.07049012622645376,0.7924533386200008,160.7826764128539,162.05456468727112
491,6.049999999999997,-6.0,-0.2,1.1014275090344736,-0.10378537192956584,0.4708985598083703,124.38391792511277,124.96669349808636
492,10.0,-9.049999999999999,0.63,1.6386677810818597,-0.026430953662153325,0.8173977021808906,182.34973977225417,183.84169237016678
493,4.049999999999997,-6.0,-0.36,1.2019061112374798,-0.45664246317037444,0.4103312657389268,154.66462831209478,155.2985189539612
494,9.0,-9.049999999999999,-0.08,1.4592565404943316,-0.1566730979537792,0.6330624404530968,193.43727298298762,194.65793351145194
495,5.0,-4.0,0.22,1.146110318522911,-0.21472996327229774,0.48707549752928997,132.13855015013095,132.78283581152914
496,11.0,-9.099999999999998,0.62,1.423934663155496,-0.08012964143943294,0.6892003899879404,171.23746540267928,172.41378680583904
497,6.049999999999997,-5.05,-0.26,1.4189247220810555,-0.362389943836169,0.44943510059104247,139.17678898683795,139.8010958894767
498,6.049999999999997,-7.0,-0.51,1.3564577407854894,-0.2964353139635466,0.4789610581391115,318.4022186134752,319.91320134472676
499,6.0,-6.0,-0.69,1.3233528515329185,-0.38660817330129194,0.3710899565963579,139.90359967805932,140.42204813272198
500,8.0,-8.05,0.27,1.1655888694311614,-0.10505772823178164,0.5289899870432264,257.32075869745387,258.677239612418
501,5.049999999999997,-6.0,-0.64,1.238516432884732,-0.4243206671322637,0.3865154072547511,133.60297070266333,134.118853430155
502,8.0,-9.0,-0.26,0.9138946375927073,0.0942389048461169,0.4966471580624997,205.2671429460019,206.2873860311261
503,6.0,-7.05,0.42,1.1250410011845173,-0.2551653648072905,0.5194891758579415,127.03706962445818,127.69271506157554
504,6.049999999999997,-6.05,-0.47,1.0829927073063037,-0.148645035266154,0.4251331144041828,120.17425246614953,120.68296136262136
505,6.049999999999997,-5.05,-0.17,1.6566231747896782,-0.5166836542141838,0.4965473302295225,347.7316156068528,349.43119308803495
506,9.0,-7.0,-0.47,1.2473704975238487,-0.054977609817363396,0.44025611819126576,128.5293886933147,129.09377518647094
507,7.0,-8.05,-0.29,1.057666951633454,-0.07142213145304524,0.4688936519543414,147.86447991325315,148.55725612470923
508,5.0,-5.0,-0.4,1.5670875333344425,-0.6628013046801812,0.4111428641409142,96.85431779658177,97.24964533433713
509,9.049999999999997,-7.05,1.08,0.864795455089589,0.16409200074500432,0.5400807060776608,185.16798499357833,186.16673658332482
510,5.0,-6.0,0.04,1.4113071923648548,-0.34938031272675285,0.4943025933831208,81.81735637635391,82.21984809387388
511,7.049999999999997,-10.05,-2.07,1.0072583311246666,-0.2817087415742694,0.3390179579519813,36.62534202763881,36.749477036889125
512,5.0,-5.05,0.23,1.319749969431717,-0.280951412808556,0.5221844836124167,81.84019661162462,82.2647909585386
513,6.049999999999997,-10.0,-0.74,1.0600993860410162,-0.2137727971474654,0.4464505880597012,38.591331589870926,38.76314480960147
514,6.0,-7.0,-0.41,1.2272536713948758,-0.35345658619609677,0.4353057694143076,76.04899986014685,76.3784981605487
515,8.049999999999997,-6.05,0.77,1.290285891052277,-0.13541286732453056,0.5904900098747028,38.48913320294478,38.71649268169203
516,5.049999999999997,-6.0,-0.38,1.142601500480582,-0.17447823336409687,0.4402810377263522,73.60403736665869,73.9273246490848
517,7.0,-6.05,-0.12,1.0803047531493724,-0.0825785443573896,0.4918698329232366,62.969564917510525,63.27867920591596
518,5.0,-4.0,0.27,1.6719584616910563,-0.3113524698796982,0.6200896513196414,95.3770331622966,95.97021368977852
519,11.0,-9.0,0.1,1.515902984148997,-0.25215228424593017,0.5650102793014038,201.15015998825515,202.27799463011456
520,8.0,-6.0,0.6,1.8506343701257115,-0.3921319666429173,0.6475549006328818,81.52720666165823,82.05634364411532
521,9.049999999999997,-8.05,0.11,1.5409522413616754,-0.11177701965843216,0.7300310682451038,182.88912578374791,184.22725848349913
522,6.0,-6.05,0.16,1.3273940049547288,-0.17638114647981515,0.5587334883045542,67.43148102185805,67.80838100983627
523,9.049999999999997,-8.0,0.47,1.6428320302293755,-0.0019221703666775698,0.8138149720636083,185.20616695289382,186.7050137500896
524,6.049999999999997,-7.0,-0.32,1.2389482332841464,-0.2051599269664604,0.5370617399834418,60.43747625953893,60.761869680162725
525,11.0,-9.049999999999999,0.73,1.6399011809699777,0.09690324307734592,0.8545079244123117,81.42819558627845,82.12305156898681
526,6.0,-7.0,-0.41,1.1965883604471166,-0.25718592193916245,0.4851103752287545,64.52950242303628,64.84117464993624
527,13.0,-6.0,1.72,2.1652015261146627,0.05408922778791932,1.001694588573297,191.54013769726944,193.45612150340898
528,5.0,-6.1,-0.39,0.9717818748454117,-0.23930782009101786,0.4505960255523831,60.80818810175686,61.08226448146937
529,7.0,-6.05,-0.19,1.3430991132168708,-0.31488903677765506,0.45997356054364524,71.07549471755388,71.40044657058058
530,6.0,-7.0,-0.29,1.3731290136391263,-0.37811603323384646,0.48089807880539903,71.97517092344974,72.32264564451857
531,10.0,-8.05,0.81,2.6046495141326953,-0.22425861079809817,1.0131877800763887,113.7296711668709,114.87275335498504
532,3.049999999999997,-6.0,-0.68,1.0274914244590128,-0.3983654571207577,0.3706229096036128,82.77005990956351,83.07364286244022
533,6.099999999999994,-11.05,-1.54,1.4796018199898795,-0.17725303738939316,0.6831570657192847,85.55929894779385,86.14318736106641
534,6.049999999999997,-6.0,0.49,1.3629518321861507,-0.23931169114469436,0.5699021460460464,68.75339790923464,69.14349993232933
535,10.049999999999997,-8.0,0.82,1.5165817491263263,-0.0013702643776673346,0.7681585418636836,86.21468307673136,86.87756588188135
536,7.0,-8.0,-0.32,1.4257201192277404,-0.5846824121828639,0.5239756022612158,70.78483128598708,71.15447304661254
537,7.049999999999997,-6.0,0.32,1.681403583921753,-0.19977963946320632,0.6166160665841803,52.66274834935311,52.98743321992436
538,5.049999999999997,-7.0,-0.4,1.1752234328354614,-0.2688039971340365,0.44492961202268755,58.38869485379346,58.64787648060698
539,6.099999999999994,-9.049999999999999,-1.26,1.218772400818081,-0.20628956009599483,0.5730374744003496,86.40756245886377,86.90090391979605
540,5.049999999999997,-4.0,-0.16,1.4783271830505496,-0.31625890435942683,0.4765342242843853,69.44352398171016,69.77241113985043
541,9.0,-11.0,-0.48,1.8846969035883137,-0.47849311612163914,0.7726775019803657,97.77081956189433,98.52931019211914
542,8.049999999999997,-6.05,-0.07,1.1379799180581496,-0.010136992560485423,0.49892292489706813,40.441984688874726,40.6436678373642
543,8.0,-6.0,0.53,2.1361233325577738,-0.06648588558942566,0.9589614310911206,114.36811892298014,115.4637104574675
544,6.0,-7.0,-0.15,1.0615331703977195,-0.15144865296146667,0.46591353961268595,48.487159766160175,48.71326249818909
545,13.0,-7.05,2.25,2.0391662567960687,0.24260480947745755,1.0678152025035146,86.4060463873653,87.32791304890239
546,6.0,-8.0,-0.76,1.171318600436307,-0.4255164630117913,0.4030033792058239,50.97980007882262,51.18296665087954
547,7.0,-6.0,0.91,2.0678438899218006,-0.25252464166771216,1.0238315108095428,115.1103638501034,116.28173824684393
548,9.049999999999997,-7.0,0.52,1.2141114955288075,-0.05911456938946742,0.5405646471575581,37.907132969684106,38.11128366134604
549,8.0,-7.0,0.5,2.4404962726503907,-0.5558454640550963,0.9541379727953303,129.68174223778732,130.92157906036343
550,11.099999999999994,-10.0,0.56,2.461222235801606,-0.545940983959531,0.9278460838123408,108.37295264797592,109.37443504247402
551,5.049999999999997,-8.0,-0.55,1.0671483205466021,-0.22666734951851383,0.46639325347340843,43.93184267139785,44.13666754142053
552,12.049999999999997,-12.0,0.6,1.8950225606887294,-0.03629511306436285,0.9326744909675866,82.20425198025279,82.9683249855654
553,5.0,-5.0,-0.19,1.2265588062036348,-0.22924128607347463,0.4968220579922339,56.72395825611099,57.005600068198355
554,7.049999999999997,-9.0,-0.08,2.4804813027140833,-0.9853245547334248,0.8335484405099198,125.41411042297801,126.45241458862345
555,7.049999999999997,-8.0,0.12,1.0863536213110618,-0.09458969212259719,0.49920965748881485,39.41997481334551,39.616250012377925
556,10.0,-8.05,1.12,1.9508368687951325,-0.12744047652440024,0.896523981851491,87.58052240622992,88.36751301879492
557,5.0,-6.05,-0.87,1.0395071418589432,-0.1606253268712547,0.39012353905523456,42.02277639732925,42.186895322431
558,9.049999999999997,-9.049999999999999,-0.43,1.5054218664474226,-0.3211692944722539,0.5701515617564059,85.19739806522335,85.68415469428132
559,8.049999999999997,-8.05,-0.03,1.303448914219939,-0.07722870307599848,0.5126109620605781,35.692064704304336,35.874691975377324
560,9.0,-8.0,0.18,1.7895494346219512,-0.3643354496175306,0.6025198315279503,105.12351243082101,105.75826174084548
561,6.0,-7.05,-0.51,1.2724625929392797,-0.43292565702779423,0.434209141615592,48.04335619023364,48.252268286924
562,6.1499999999999915,-6.05,-0.4,1.4028948713396088,-0.20239865505554056,0.4686959828274334,43.533521581078254,43.73740973191212
563,6.0,-7.0,-0.12,1.3199343623738953,-0.30646884609454234,0.5209233586464266,42.82862678230217,43.052119520393425
564,8.049999999999997,-8.05,-0.67,1.4243515710009464,-0.386915936024836,0.4427675929508018,105.6050278368206,106.06851798443958
565,7.0,-6.0,0.43,1.2714016723936,-0.22501992226996906,0.5669962696493132,44.86239626709708,45.115560116661634
566,8.0,-7.05,0.28,1.3218975923470457,-0.11932460990087326,0.6112162860193258,89.53631137320393,90.08356347599056
567,5.0,-6.05,-0.35,1.1083063454206965,-0.18814988382942838,0.4513064689662017,44.282558444366714,44.481620336524514
568,8.0,-8.1,-0.38,1.4679216848137178,-0.4251605897974076,0.5745654720698391,91.96748500136417,92.49478836603839
569,5.0,-6.0,-0.34,1.025290894523891,-0.13838440137096233,0.43911326942787055,47.29751940456574,47.50515652973577
570,8.049999999999997,-8.0,1.06,1.6787058872866731,-0.16992207410078297,0.8328607182156544,89.41792192373521,90.16124587067121
571,5.049999999999997,-4.05,0.32,1.4660817694349344,-0.3376394317459148,0.5429455914884125,268.64791382725093,270.10362145147354
572,7.049999999999997,-7.05,0.66,1.5462062919559494,-0.13538582802364385,0.7422314351698472,97.33976498131022,98.06262648136452
573,4.049999999999997,-6.0,-0.5,1.077050094066144,-0.22939482263640068,0.4281256091771068,203.29221369304193,204.15800397497705
574,11.049999999999997,-6.1,1.97,2.064469954958541,0.06459091683031112,1.024230059706928,103.93752612282123,104.9988859276878
575,6.0,-7.05,-0.44,1.0890481227277364,-0.22977114324302367,0.430709350423217,41.600986807283036,41.78103458534733
576,4.0,-4.0,0.19,3.026147299043937,-1.0982691953195645,0.8746176413544409,186.47154779883732,188.0609059806692
577,9.049999999999997,-10.0,-0.48,2.201675964843474,-0.6658623546792345,0.736454522490694,116.07205636221181,116.92600243179169
578,6.0,-9.0,-0.66,0.9008571634758641,-0.18552130895874697,0.40867022146440923,168.89234352277293,169.5836302764196
579,7.049999999999997,-7.0,0.46,1.6732930489036226,-0.19566736283513728,0.7809850212085755,106.77464591627334,107.60667318640466
580,5.0,-7.0,-0.4,1.0410461409859604,-0.23989958319428295,0.4409510146044069,45.03905633906756,45.23817580759452
581,8.0,-8.0,0.13,1.5602491615729752,-0.1800528104318343,0.6673278129854394,95.56505262408409,96.2016641772842
582,5.0,-8.0,-1.28,0.8867223828023223,-0.19968872148190872,0.3638345379921237,39.4756370205637,39.61934052290931
583,6.049999999999997,-7.05,-0.32,1.3936858482055445,-0.2997776183496915,0.5755571534788919,93.98074168859777,94.52032107167724
584,4.049999999999997,-5.05,-0.43,1.1131579430270042,-0.25592193347589565,0.41274012733179544,222.8720921671076,223.79120028844457
585,6.049999999999997,-7.05,0.03,1.3982003688112958,-0.2674325923921526,0.5542104400257627,93.48164827941366,93.99703872525717
586,5.0,-6.0,0.15,1.4520614485427477,-0.442058370529084,0.5421050695689312,47.86717556817337,48.1247845819101
587,7.0,-6.1,0.73,1.2759599113683855,0.01713295059751674,0.7019216442313585,90.48812365832872,91.12148940576128
588,7.0,-8.0,-0.99,1.0109254760454776,-0.014236788535900715,0.4203612478656592,34.02416198584483,34.16740770601066
589,8.049999999999997,-7.0,0.46,1.4793827464457685,-0.11659407932164023,0.6278583967751307,39.682507119438625,39.93067755582004
590,7.0,-7.0,-0.36,1.2336514138941068,-0.18834149384443333,0.4861376487005472,66.79598059995365,67.11926946068829
591,6.0,-7.0,0.09,1.4312069736653057,-0.36273117966504065,0.5898644107467677,46.896931808554136,47.17315540054793
592,5.0,-6.0,-0.23,0.9722633191324537,-0.05382418579615969,0.46852326311365017,65.8789387395995,66.18783216631604
593,5.049999999999997,-7.0,-0.2,1.2633399825305924,-0.3857617453952421,0.5150108859687236,330.75214427021086,332.4545194906132
594,8.0,-6.05,0.41,1.1848274165477728,-0.13311364079379825,0.5228889161095704,60.51514817214922,60.830784830827305
595,9.049999999999997,-7.05,0.5,1.5577251984440201,-0.18932917108979525,0.610139481356157,257.1180479217184,258.69271838032734
596,8.0,-9.0,-0.44,1.182866739916248,-0.27410923620911004,0.44332737386469157,51.4358251048241,51.66513729546925
597,11.049999999999997,-11.0,-0.18,1.0242477722092727,0.05006970733663344,0.5351381782027775,27.139101943938908,27.28399747897588
598,4.0,-4.0,-0.04,1.2402662556522168,-0.2689636682779923,0.47957351410359783,325.37884324800973,326.93574796845354
599,9.0,-9.049999999999999,0.53,1.3948324129030096,-0.16288230562536676,0.6436748995199016,33.6983884621506,33.914501813124375
600,5.0,-7.0,-0.74,1.1940449629913306,-0.5902936203144385,0.3564127629218419,294.9719811844571,296.0159320031797
601,4.049999999999997,-5.0,-0.12,1.581124990108219,-0.3443914369690602,0.546359586975051,55.124241981995404,55.4225124632407
602,7.049999999999997,-6.05,0.26,1.4356287157214924,-0.31125610976209117,0.5655477269695709,45.13418592266936,45.38765401326201
603,9.0,-7.1,0.6,1.3119696380820751,-0.04433175495540328,0.617473107341113,33.87162703989233,34.08058450485436
604,6.0,-7.0,-0.44,0.9579828552137253,-0.0670375332600891,0.43108190627598864,169.13950330312352,169.86681633247915
605,9.0,-8.0,0.44,1.2085729790694029,0.0690843972186421,0.6110674574862051,33.9022901275802,34.109341154123676
606,8.049999999999997,-7.0,0.25,1.2813834591196562,-0.1357964569431768,0.5604624058916746,38.24943633559699,38.46309005313278
607,10.0,-7.0,0.91,1.4931971638153572,-0.12109957983838238,0.6278533498232572,40.632667114030745,40.88794454965208
608,7.0,-7.0,-0.5,1.164483079484327,-0.17896825156272075,0.43728590690173846,168.65085043067597,169.38678319954695
609,9.0,-10.0,0.08,1.0095819596267428,-0.15393675672299037,0.49154360954937965,136.08321232801586,136.7503906691941
610,8.0,-8.0,-0.11,1.1457076577117868,-0.1203033164766433,0.49902946418303357,147.9139890198035,148.65091015032755
611,7.0,-9.0,-0.11,0.8117732461869533,-0.012576824159515256,0.4561707432120329,126.45796089094289,127.03526114698954
612,8.0,-10.0,-0.3,1.067954186005859,-0.1270353685309745,0.5072966585110489,173.95435155567003,174.83562699340058
613,7.049999999999997,-7.05,0.34,1.2242797530170333,-0.168834913558911,0.5321032832070995,72.70488886241473,73.09364911892588
614,6.0,-6.0,-0.42,1.1881229978319232,-0.19302858753599547,0.47021707960880105,195.9330559453226,196.8494062639981
615,7.049999999999997,-9.0,-0.76,0.9420117557390342,-0.07575560491256565,0.4484852892994203,56.2005216529607,56.45265522712406
616,6.049999999999997,-9.0,-0.94,1.0509856198555432,-0.21565687982426385,0.4186549385757407,141.17643536411987,141.7684594765011
617,7.049999999999997,-7.0,-0.46,1.052328673810154,-0.09807875610047107,0.45864533262491686,141.39222478942753,142.03683094933658
618,6.0,-8.0,-0.56,0.9552179628552573,-0.146927597978062,0.44982588697292664,147.5036741617511,148.16650980282122
619,7.0,-7.0,-0.05,1.2628411091577738,-0.21771898470651674,0.49172514093777164,183.46783253393357,184.36764040330675
620,8.0,-7.05,0.37,1.1355739171774812,-0.07383197702210947,0.5342510667848308,127.30436155403665,127.98175978550296
621,7.049999999999997,-5.05,0.82,1.1669275506060752,-0.036936124723538064,0.545771982903329,40.179664630159834,40.3985194204126
622,8.0,-8.05,-0.36,1.1774680225844987,-0.18597117112781764,0.46137308106188807,36.90405879807235,37.0744095048483
623,5.049999999999997,-4.05,0.16,1.6611537035168644,-0.3683118879194256,0.5204967566194029,259.05284694575613,260.3952020694998
624,8.0,-6.0,0.44,1.604042741191089,-0.21340240924781578,0.6098386455381583,43.32874641361969,43.59190454616941
625,8.049999999999997,-8.0,-0.36,1.018422556924631,-0.002089141770588141,0.4947569653224232,140.80014243780764,141.4973390906555
626,7.049999999999997,-9.0,-0.63,1.0802115632512255,-0.16403854798652068,0.4705643124221139,32.80095840303854,32.954519503912714
627,5.0,-6.0,-0.46,1.0835892695652445,-0.28179500344496555,0.4336798218015073,46.12745715927267,46.32778790560308
628,6.0,-7.05,-0.28,1.3128923406392383,-0.328510578498247,0.5144152492643851,41.285332436213324,41.49736743956486
629,5.0,-6.0,-0.25,1.457062746600131,-0.49717341840635754,0.4784100288472487,298.70418221354436,300.13200945379776
630,8.0,-7.1,-0.02,1.046592647052115,-0.06149568295409789,0.4671719455350315,33.84839673527264,34.006329697101094
631,6.049999999999997,-7.05,-0.76,1.1399039728747826,-0.2176808860056379,0.4698054454458027,459.5150859781941,461.65662513194394
632,8.0,-9.0,-0.28,1.1138612051725951,-0.33032657143717375,0.443047020293963,39.77021219387327,39.94649467000618
633,4.0,-3.0,0.38,2.1735225797465114,-0.7334761156187452,0.6800213177147189,455.3258782460548,458.41248707643456
634,8.049999999999997,-8.0,0.18,1.0465590810802752,-0.13694980148205857,0.4841387539375465,35.52136713110386,35.69335760153541
635,9.0,-7.0,1.25,1.109802563821308,0.1473406313351419,0.60668817381566,382.32750630490074,384.64297113540533
636,6.0,-8.0,-0.86,0.9117832743833112,-0.03655036604663213,0.42585628737910247,130.7406083507806,131.29697582953784
637,6.0,-7.0,0.11,1.3220399324649825,-0.25507917147177356,0.5593761609787267,519.9741897033775,522.8816875815996
638,6.099999999999994,-8.0,-0.81,0.9491156568452013,-0.10923757612116344,0.41223225946927655,414.375226496704,416.08458423993034
639,6.0,-7.0,-0.55,1.3164493460878193,-0.4400433447605093,0.40871430168340983,48.78980000983413,48.9879155562102
640,6.0,-8.05,-0.77,0.968480304071881,-0.15399857887420562,0.42589460299728094,30.931448918223204,31.062814736910592
641,5.049999999999997,-7.0,-0.75,1.0658793152470365,-0.3147638056204244,0.37647223493584114,219.76334025608793,220.58981019132744
642,7.0,-6.05,0.53,1.183859422268236,-0.013336616014942288,0.5482839676157044,218.57927834252408,219.77407605295429
643,5.0,-5.0,-0.26,1.3050351449242972,-0.35605993988105317,0.49504448773668597,342.51245981563227,344.202436513729
644,6.0,-8.0,-0.27,1.1305312500066367,-0.14987103896735773,0.48681050725057706,217.0662560880996,218.12048035267426
645,9.0,-7.05,-0.29,1.352983848349283,-0.1950272530587917,0.5131808845844277,248.4558388679838,249.73022013460997
646,6.0,-6.05,0.18,1.3838990934690993,-0.34300367713038404,0.5480452771265645,250.66852019985848,252.03196084169915
647,8.0,-6.05,0.2,1.4227784078228556,-0.17171366615387912,0.5933580345214187,294.9983248095982,296.7489466171273
648,5.0,-5.05,0.39,2.099969571453048,-1.03043715594156,0.7401589538263296,511.73838640320736,515.4894525039226
649,6.0,-8.05,-1.0,1.1213422307478138,-0.2562490203619188,0.4014636399209213,195.87497923409367,196.65549367755546
650,5.049999999999997,-6.0,-0.11,1.8951567359199664,-0.6838878368222588,0.5483423549340388,495.9684786843667,498.68658945272745
651,8.0,-7.1,0.15,1.1708510649380623,-0.0833171872821684,0.5795754273876266,275.2576817787611,276.8530769842559
652,6.0,-7.0,-0.49,0.9821851481503772,-0.08636731139092652,0.4499253314063724,179.44686773614885,180.25541436737782
653,7.0,-9.0,-1.02,1.0799619429062288,-0.20093156207874557,0.4164737663516211,265.1758639779271,266.2744517872256
654,8.0,-8.0,0.38,1.4012965410222795,-0.17050821425036913,0.6350495675544369,281.81394859997886,283.59915755678935
655,7.0,-6.0,0.19,1.1227071394760193,-0.01608535513959057,0.5512350853273543,214.99873990100258,216.1825041731903
656,8.0,-8.05,-0.59,1.1324319383758674,-0.13152204403385204,0.48730985399888105,216.79704875201568,217.85420194647722
657,9.049999999999997,-9.0,0.58,1.8351746027369082,-0.3275179897789071,0.6828008658877746,101.38051677921676,102.06721531016399
658,7.049999999999997,-8.05,-0.3,1.1952555301961254,-0.2730581006554155,0.48691771920481924,88.72266238879493,89.15246426392196
659,6.049999999999997,-8.0,-0.44,1.1370882909952271,-0.16354884494944727,0.4733188200333028,96.35254993608409,96.80712345113974
660,8.049999999999997,-8.0,0.49,1.178461195665618,-0.1415739054900522,0.5663619897262224,35.29449310778724,35.49396267326913
661,6.0,-7.05,-0.05,0.9422062907251143,-0.09897697857697346,0.497843753057473,215.50386853456163,216.57309326781098
662,9.0,-7.05,0.15,1.4976714465894987,-0.24826165208215606,0.5655926787198507,89.44947541201128,89.9546902916125
663,8.049999999999997,-7.05,0.03,1.519269022827844,-0.279775816258322,0.552703276888697,96.10850314004834,96.64049814376118
664,7.0,-6.0,0.78,1.2856379652988064,-0.051575059761062546,0.6233139901005379,272.82642322348033,274.52430888528545
665,8.0,-7.0,-0.09,1.5061502111157332,-0.21453227490286095,0.5431783905687468,100.80299902785235,101.34834545736972
666,7.0,-8.0,-0.54,1.1971345613662505,-0.26833403801473116,0.4763929900125692,147.10162336785643,147.80056606549016
667,8.0,-7.0,0.62,1.7815634023898912,-0.3235150453046168,0.7534343856421539,92.95732085488206,93.65462509666101
668,4.049999999999997,-6.0,-0.35,1.3625942940442297,-0.7304762671554076,0.4322519361063475,201.8805649420284,202.7503408726475
669,6.0,-7.05,-0.23,1.5310428862192007,-0.5785808742779242,0.5915322426176881,98.97238025055658,99.55572668308618
670,6.0,-6.05,-0.11,1.3984714215320597,-0.3343031883931704,0.49307885915490846,170.15012448964964,170.98927169159796
671,9.0,-6.05,1.22,1.6207321379535575,-0.028961617035009254,0.79776779892584,79.44910980780794,80.08240162942677
672,4.049999999999997,-5.0,-0.22,1.3840508171672592,-0.4056024416871974,0.46363890446349965,196.05036132012833,196.95883724441072
673,9.0,-6.0,0.41,1.6189875201867576,-0.14778718548229186,0.662380738910974,77.03913450002207,77.54761005735567
674,4.049999999999997,-4.0,0.39,1.5129159484652934,-0.40078397214580286,0.6018736409816646,235.54809516997216,236.9464119217901
675,7.0,-7.0,0.34,1.416606623343152,-0.11099896115011912,0.6854566386182703,77.16219005384981,77.68902951879028
676,4.049999999999997,-6.0,-0.8,1.2495287510767323,-0.38832806955543936,0.39473517698615324,340.71333528911697,342.0530597655884
677,8.049999999999997,-6.0,0.21,1.5626886609914248,-0.08095100907126676,0.671609410204179,72.49821801754769,72.98282558264782
678,6.0,-7.0,-0.01,1.248918294824436,-0.21705600829950708,0.5176654359098659,83.63447545354056,84.06740593161092
679,7.049999999999997,-7.05,-0.02,1.434193078829916,-0.18146627826233747,0.6586443658889368,78.04783019081933,78.56220595627717
680,5.0,-7.05,-0.72,1.0924508922269707,-0.42876475408758113,0.40636179455055754,82.26354011353673,82.59456763827913
681,9.049999999999997,-8.0,0.81,1.7496589574106234,-0.2464219162569307,0.7326788898994678,82.61214241676991,83.21265758418923
682,5.0,-7.0,-0.66,1.187328545279908,-0.5191232669762622,0.36762198063679574,86.1587230739509,86.47770484682728
683,5.0,-5.05,0.07,1.961632752633819,-0.6711524535743941,0.6716888409365318,125.07546250285368,125.90730447542188
684,6.049999999999997,-6.0,-0.18,1.2504489256307305,-0.08522948947751963,0.4957745803295237,75.1297528746325,75.50234774116596
685,2.0,-2.05,0.0,2.671625911638726,-1.5817746528033885,0.6577768475565035,14912.703152903392,15011.147650631394
686,6.0,-6.05,0.19,1.2032140139461354,-0.2186315298404317,0.5380243530143848,79.30833329428172,79.73367484435468
687,9.0,-9.049999999999999,-0.52,1.8346967171723219,-0.31028669385034074,0.6813658661289496,147.20102377262256,148.20249714259361
688,4.049999999999997,-5.0,-0.26,1.3575195534463518,-0.542930612083607,0.4929685211225847,109.43565282387198,109.97361085044808
689,10.0,-9.0,0.46,1.8519500951137848,-0.3792811195430996,0.7599856331223802,82.69662009170808,83.323350381303
690,7.0,-5.0,0.7,1.4594234635938979,-0.08300198023143564,0.6345204256009718,90.10099694066587,90.67326307989991
691,9.099999999999994,-9.049999999999999,-0.19,1.755042031320988,-0.4271438007150241,0.6977529963161544,75.1081712780397,75.6322280775685
692,3.049999999999997,-4.05,-0.09,1.8228071809964554,-0.7803223054489188,0.5351595101880836,290.42792696676867,291.965345055886
693,4.049999999999997,-5.0,0.07,1.7351021261464452,-0.8070930326424143,0.5607120649825371,245.03378066589033,246.406474387182
694,8.049999999999997,-9.0,0.0,1.4481455812985269,-0.20122602485066793,0.7244994291340112,66.57782468261983,67.05970327821309
695,4.049999999999997,-5.05,0.19,1.4301228352289466,-0.48045019221099466,0.5459462798560457,198.9317337383302,200.01681179930395
696,9.0,-8.05,0.17,1.7155910453170211,-0.24668453940947138,0.7120499785633849,79.94283242031703,80.51019604795984
697,5.0,-5.0,-0.28,1.3522679365534904,-0.4852251813243908,0.4794860202849317,216.61839440576713,217.65166518137372
698,10.049999999999997,-11.0,-0.37,1.837318213802519,-0.4790312365567153,0.6250863155107494,71.71417795383732,72.16186784266293
699,4.049999999999997,-5.0,0.28,1.2796666535435954,-0.4821763507964548,0.5495032105287718,218.40594013929464,219.6092502973922
700,8.0,-9.0,-0.38,1.529156488854442,-0.22605551416477743,0.6113126745053954,74.88611759987987,75.34300082044983
701,7.0,-5.0,0.18,1.3442137794928508,-0.12895601537395915,0.5751680620607583,180.35542267793397,181.38891393715346
702,9.0,-9.0,0.29,1.6017879738407352,-0.3246220685951858,0.6795921468351512,81.11173688778634,81.66229593588496
703,6.049999999999997,-8.0,-0.08,1.1654190274325316,-0.1472901924531494,0.5168347852071463,77.62108064774824,78.02097048309365
704,8.049999999999997,-7.0,0.56,1.7665428922346096,-0.14159366726225067,0.8028064133041972,84.13329044566994,84.80702335187053
705,6.0,-8.05,-1.39,1.0097875036410857,-0.1906221339213285,0.37970694718693154,72.25168976588255,72.52544856318401
706,10.049999999999997,-6.05,1.06,1.6663256936750528,0.08549539780848153,0.8302446806374191,134.621830803569,135.74103794540235
707,6.0,-7.0,-0.38,1.0302615767035743,-0.1864859218678087,0.4507592042351596,70.84725900185228,71.16720756198066
708,8.049999999999997,-9.0,0.03,1.6255515575501482,-0.14035534421924195,0.7764095526172976,136.03332073581893,137.088515688925
709,5.049999999999997,-6.0,-0.72,1.1207824805141706,-0.20983675060569038,0.42504362586628786,81.92868327910197,82.27476800721568
710,9.049999999999997,-8.1,0.52,1.648109273688434,-0.15687468222668047,0.7500021987471083,138.04132498801292,139.07658777071634
711,7.0,-7.0,-0.27,1.1051698513327088,-0.145928886441036,0.4885658360218214,77.38021818348578,77.75866804657598
712,7.0,-8.0,-0.55,1.4140427414629826,-0.15718080466236828,0.6403671408283291,150.8305561973493,151.7922975573807
713,8.049999999999997,-7.05,0.39,1.3821305529058328,-0.11036272600924389,0.5758592814875967,77.4177684815096,77.86325625235929
714,10.0,-6.05,0.42,1.688292591231076,0.15554616266943055,0.8252218644417934,124.95271223788876,125.98145887684157
715,8.0,-7.0,0.15,1.2246636266389683,-0.145705759779659,0.5693394172929785,71.55702797121742,71.96351011475353
716,9.049999999999997,-9.049999999999999,0.64,1.6235318111191765,0.06429614653236337,0.8176996759640673,118.00817281125538,118.97238489896895
717,6.049999999999997,-4.0,0.51,1.5923290467773876,-0.12295709272558444,0.607617758579503,733.8325929073809,738.2704639943503
718,8.049999999999997,-10.0,-0.73,1.729179461509053,-0.2758722022326304,0.7197337949165622,142.11736905320112,143.13614195182097
719,4.0,-5.0,-0.38,1.1513619915026276,-0.1948058412281243,0.47737440796205566,722.3745281495484,725.7886186230414
720,9.0,-10.05,-0.54,1.6084020324092352,-0.17722691656139267,0.7662477532878147,134.2567276725107,135.2808265509675
721,6.0,-6.05,0.25,1.5220947235692412,-0.49550954342196796,0.5351244957365396,705.848105139993,709.6133793257726
722,10.049999999999997,-8.05,0.62,1.8266350038284767,0.06420852299713008,0.8697532009328315,134.09306622471635,135.2592328537125
723,6.0,-5.0,0.12,1.3242901362322996,-0.11490430173504479,0.513705065954502,651.4679586480673,654.8002577918458
724,9.0,-8.1,0.26,1.7674693665815173,-0.030849687194317976,0.8291935769229236,140.89528494780808,142.06281091530036
725,4.0,-6.0,-0.61,1.2026038704178914,-0.5462016043421174,0.3780487341652205,84.88972887225236,85.2111054431883
726,9.049999999999997,-6.05,0.85,2.22602519206238,-0.10846236131495877,0.9525450954735212,176.78743798951373,178.47072214282508
727,4.0,-4.0,-0.11,1.3296934086443184,-0.4164034037340687,0.4856029106102011,855.8020771283374,859.9355843925134
728,10.0,-10.05,-0.04,1.8001121445722912,-0.10627774670966313,0.8155252004253299,133.30365240073843,134.38861780203095
729,4.0,-4.0,0.03,1.2859109104379651,-0.38160934388815426,0.4859305162311594,957.730314283723,962.3483782219273
730,6.049999999999997,-6.05,-0.29,1.550543836460822,-0.39024065296598154,0.45863247719613376,669.8456388497547,672.8938173821592
731,7.0,-5.05,0.25,1.9727648690721498,-0.11887398170041186,0.8475247270291655,173.7691921768636,175.2373022446587
732,5.0,-4.0,0.21,1.650423171273008,-0.34697555134477465,0.5430146027081784,813.449807280372,817.8771597686496
733,6.0,-5.05,0.26,1.5788751960641685,-0.47825657107904646,0.564039667548588,128.82344779279111,129.54870129854982
734,4.0,-5.0,-0.06,1.327517830127972,-0.6488598950327286,0.467320705952295,152.70988927255925,153.41583149604512
735,6.049999999999997,-7.0,0.02,1.04297151710569,-0.12794134811297464,0.4820538334455775,31.96826240778327,32.12214701390452
736,5.049999999999997,-6.0,-0.06,1.2040571358787813,-0.40862780191055015,0.4810992780389446,40.697880894756935,40.891694897554906
737,5.0,-4.0,0.43,1.6703890151453482,-0.38313920954541747,0.5993262496542742,931.671141778238,937.2204589985221
738,5.0,-5.0,-0.37,1.521805212678131,-0.4048783943604083,0.4261310275445061,90.44844925615769,90.83135099230714
739,3.0,-3.05,-0.23,1.5862867543185313,-0.6028937445578401,0.42957319351732004,110.85660942085575,111.32787532242804
740,4.0,-6.0,-0.58,1.1593467982655892,-0.4779945240334184,0.40166183729991894,73.83130139204843,74.13023763137717
741,5.0,-5.0,0.09,1.2930650871989127,-0.3862502006505867,0.49709094964268585,78.79134915737778,79.1807620434999
742,6.0,-6.0,-0.38,1.4686138419228247,-0.46024762676256026,0.4234669673707861,80.97725996229303,81.31710773447448
743,6.049999999999997,-6.0,-0.16,1.2370123986640693,-0.2444699378047223,0.47441915846636357,75.55493926593131,75.91318848424227
744,14.0,-10.0,1.32,1.967069882312326,0.24270122878954178,1.0272060550657722,129.87738922819887,131.20770548912355
745,6.049999999999997,-7.0,0.15,1.188796694379766,-0.0666809805911057,0.5064899409582133,68.1584768414549,68.50197416066057
746,6.099999999999994,-6.0,0.3,1.2551459450857056,-0.15479744556660205,0.5166472785016988,36.66702208984469,36.855215456565666
747,10.0,-9.0,-0.39,1.6793853049033094,-0.1272292583069707,0.725620558860361,171.68005777193355,172.92188767725847
748,8.0,-8.05,0.44,1.0023754019664317,0.004446278840001478,0.5219550781035225,27.274986114671037,27.417559742878733
749,7.0,-8.0,-1.02,1.1121882937407037,-0.11229207193243916,0.4812115197555288,175.52765627831803,176.37381778848496
750,11.0,-8.05,1.29,1.8545103225248278,-0.023221216173035016,0.915791469138477,78.4862040614467,79.20025423110735
751,6.1499999999999915,-6.05,0.29,1.4561604494722167,-0.2274304130082838,0.592737905515819,246.48553608776126,247.94850925926386
752,7.049999999999997,-8.0,0.18,1.310378640759068,-0.09366430182317702,0.5905358749053918,188.34895827931436,189.4641793735834
753,8.049999999999997,-7.05,0.01,1.7264657068027844,-0.16769032287642477,0.7269055354107372,87.76754430696096,88.40664607552584
754,10.049999999999997,-8.0,0.68,1.1327623638654032,0.03303740249749209,0.5753869595505822,152.6067758814971,153.48277778922522
755,17.0,-11.0,0.89,1.8152843055140613,0.13064189706810442,0.84057023541346,132.0516465320681,133.15775100422826
756,6.0,-7.0,-0.81,1.134547907866144,-0.15876849739011392,0.4262176198392447,213.72082014106712,214.62760764719064
757,12.099999999999994,-11.05,1.63,1.384265209003866,0.2771345878172177,0.8636667192704519,58.533616079841075,59.03855663192357
758,10.0,-7.0,0.29,1.2302183662592134,0.08301128369160671,0.5925080325545882,169.61922647720294,170.62507489428424
759,9.0,-10.1,0.78,1.7185045618591743,-0.2930388418932,0.8526205457361533,178.12904446914507,179.6426973932959
760,7.049999999999997,-7.0,0.92,1.2479725107083768,-0.03393452868759264,0.6691987614477726,203.00026118820085,204.35833746963974
761,9.099999999999994,-11.05,0.58,1.6117150972370775,-0.2001939391073955,0.7977415962168564,164.4079479618855,165.7171192827276
762,8.0,-7.0,0.54,1.2235316998906234,0.011812851970208912,0.6265000532140221,190.51005642012038,191.70209961326862
763,7.049999999999997,-9.099999999999998,-0.12,2.0146276747467593,-0.30690196585862256,0.9603183508271016,159.708886937452,161.24282542901935
764,9.099999999999994,-9.0,0.46,1.2414115789828617,-0.08038404521685305,0.6051512641607101,259.8408783597065,261.40639303112175
765,10.049999999999997,-8.05,1.25,1.7462389343708136,0.00037434122584640434,0.9025435658251338,178.28446714393195,179.888599045181
766,6.049999999999997,-8.05,-0.09,1.2429437211673293,-0.28715731176332826,0.5852868056478553,311.11058778008487,312.9281695971824
767,11.049999999999997,-13.0,-0.32,1.9455771216178952,-0.3358957199320838,0.7891746614619457,178.13149945522756,179.5288793007224
768,12.0,-10.0,0.03,1.2433463030028291,-0.008776171814583816,0.5782829544800512,229.04864547354916,230.37101087263127
769,11.0,-10.0,0.18,1.723918868185137,0.09816718970081732,0.8557133829151523,148.46522607017295,149.73479268653756
770,9.0,-8.05,-0.49,1.0538259868329491,-0.04385944733864191,0.468411551461063,29.15462119718532,29.291016150408872
771,6.049999999999997,-6.0,0.45,2.289196095157543,-0.4951439512964616,0.9115872004515889,148.97388680501933,150.32064171285307
772,6.049999999999997,-8.0,-0.51,1.1067550654172442,-0.25312879255229576,0.4457199071713932,37.84385868407837,38.012464036150035
773,4.049999999999997,-6.0,-0.2,1.102282169540566,-0.25313037534227034,0.4694682667250302,43.91031050062954,44.11674519580647
774,8.0,-8.05,-0.2,0.8756299461123476,0.01770060084629558,0.4696825216001032,28.321441324720578,28.454179614080118
775,8.0,-5.0,0.53,2.2904358728470458,-0.05961603094901012,0.9461465808951948,791.2231538388238,798.66168050739
776,6.0,-5.05,0.1,1.157091116349122,-0.04136164931952618,0.5158641043544471,34.515143363063345,34.69345607436113
777,6.049999999999997,-8.05,-0.99,0.918909211908744,-0.1008266474643862,0.4227979957580569,30.891325896351645,31.021463578536938
778,13.049999999999997,-10.0,1.28,2.001295059400263,0.03481565030367436,0.9726151620785184,156.02028499322543,157.5323323953921
779,10.0,-9.0,0.82,0.9587500356694234,0.012975896236012729,0.540116272916729,25.473821972015894,25.611251473597996
780,10.0,-11.100000000000001,-0.47,1.5833269770062193,0.19076389528719545,0.8578296277560858,106.2098450465604,107.12059318196224
781,12.049999999999997,-10.1,1.23,1.095443333483453,0.023467464760368945,0.5665923459709097,23.343746263729077,23.47567377343225
782,9.049999999999997,-7.0,0.92,2.4003982415155924,-0.1500393111918623,1.053814704887061,154.32934987396285,155.94513210078694
783,7.049999999999997,-8.0,-0.61,1.0403064237416588,-0.037271320227330575,0.44796277789497574,28.146324257927432,28.272410952485654
784,7.0,-8.0,-0.21,1.1345444239531577,-0.21148581607230652,0.4730620333624577,31.767383692944783,31.917455150782065
785,9.0,-9.0,-0.39,2.105749598991849,-0.48480301239963625,0.8088556088727417,149.30945577696585,150.51621598609634
786,8.0,-8.0,0.64,1.1830664444629067,-0.12118071553235005,0.5647202341736303,31.571604214971995,31.749562627484185
787,11.049999999999997,-6.0,2.17,1.6273933430122427,0.2719640496777364,0.9175329702458161,113.75570398362015,114.79800485440052
788,8.049999999999997,-8.0,-0.11,1.0503239730471685,-0.1404672692329009,0.48976866761368393,32.50144377337518,32.660503395200436
789,13.0,-11.05,1.11,1.5752002841544352,-0.00629603692848537,0.7868173995904457,95.52436666638279,96.27569896353398
790,6.049999999999997,-8.05,-0.74,1.4146088010477007,-0.38809381064611925,0.5375550175328436,143.36685559227183,144.13566057841015
791,5.049999999999997,-9.049999999999999,-1.46,0.8810431453135067,-0.13908799333963973,0.35546602068903,29.834884086945454,29.940769021033194
792,15.099999999999994,-11.0,1.69,1.6779719978325132,0.20077019619017367,0.8973306728106155,92.60392423943397,93.43378603589613
793,6.0,-5.0,0.09,1.5474931722371017,-0.443603939085949,0.5067487582777946,47.49813603369581,47.73717198687059
794,9.0,-7.0,0.38,1.9849183643742436,-0.09941483795762122,0.8844957810523555,709.8939164138658,716.1216124630552
795,5.049999999999997,-6.05,0.07,1.0427798223310363,-0.3130646956953192,0.4931319245785929,118.30887363032927,118.89064634371502
796,12.0,-12.05,-0.37,2.0670437024883186,-0.24800043962809803,0.8266358986732396,91.89610236624452,92.65191990162
797,5.049999999999997,-6.0,-0.2,1.2037746610516997,-0.2916401873300604,0.46948321629489415,132.31282186217683,132.93402504334756
798,8.0,-8.0,0.72,1.6574786795424346,0.08205981567970012,0.9050436797557013,564.5251811238497,569.6339012316914
799,6.0,-7.0,-0.59,1.0876955164492395,-0.08072232252506678,0.43967342419149086,101.14971946325933,101.5952232637719
800,8.0,-8.0,0.43,1.6322759849245165,-0.24174831002734234,0.7271433257872109,674.6162729830543,679.5123406331114
801,7.0,-6.0,0.45,2.142273108058535,-0.3846865875365946,0.8837696138589004,760.3856940998626,767.0683924743747
802,6.0,-8.05,-0.12,0.9697669141533004,-0.16170536243000302,0.47949816881073437,95.6488561000781,96.10509815200925
803,8.049999999999997,-6.0,0.08,2.2881105040951413,-0.33962071565472374,0.7142498755924056,735.0187738029312,740.2468862748091
804,8.0,-7.05,0.11,1.1061254758526924,-0.10476602711360426,0.49429399834957993,94.10565252818132,94.56947876127177
805,4.0,-4.0,0.09,1.9772002663031143,-0.5405652463364954,0.6326717305714069,9955.346698873649,10017.869207263047
806,6.0,-8.0,-0.24,1.0017420500618102,-0.2100122058973799,0.47145468595002143,100.31894788128335,100.79131460720919
807,10.049999999999997,-12.0,-0.16,1.3424116974202405,-0.19859354580623156,0.6053393729566203,448.69629079628317,451.4129607418522
808,8.0,-8.05,-0.57,1.082341401534126,-0.20343019592101833,0.44656527801816154,86.56878894697948,86.95599159175018
809,9.049999999999997,-8.0,0.88,1.7332411841148558,-0.4542269447143342,0.7424720056354767,125.86922794117643,126.8005917594754
810,5.049999999999997,-6.0,0.02,1.3798651394312402,-0.5855850260523446,0.5118824672997001,203.44270602406925,204.48645498180625
811,10.049999999999997,-8.0,0.79,1.7200569280701319,8.777626354538725e-5,0.8410377586874992,114.37883806639233,115.33735075993809
812,6.0,-6.0,-0.19,1.102270165115126,-0.1047767605349414,0.47902094182304084,160.14499611470887,160.90572427049753
813,12.0,-11.05,0.51,1.4823187476403308,0.03409040677441787,0.7618601512048245,92.20514938095415,92.90731619555612
814,5.0,-7.0,-0.26,1.0068461062691363,-0.11888492658135442,0.46594841871787757,174.97921274150468,175.79330042280773
815,8.0,-9.0,-0.65,1.5159910577852733,-0.3063894246951298,0.5925967780613959,131.88271269895824,132.6639811929127
816,7.049999999999997,-7.0,-0.09,1.1327076960562914,-0.024571288301269742,0.48245116387354864,162.03709881321953,162.81655500186122
817,11.0,-7.05,1.1,1.9939629816854136,-0.1408550251367204,0.8253508360698995,137.14262555941454,138.27063610179914
818,7.0,-6.05,-0.18,1.139416002389844,-0.08462326615579846,0.48190264875865396,152.18344891356566,152.91646728014658
819,7.049999999999997,-8.0,-0.52,1.981097930647327,-0.4441581880393818,0.7661808284982767,160.0466612802047,161.2582682948273
820,5.0,-5.0,0.21,1.1643498911485592,-0.1491230983700412,0.5068030229812991,182.40547689064988,183.32911810416087
821,6.0,-6.0,-0.02,1.0805832103507556,-0.18489048737878447,0.48228004218099,143.3164570485231,144.00591842598985
822,11.0,-11.05,1.11,1.7860994874405565,0.16828200584148834,1.0586653665959986,114.0264355556671,115.2326040416023
823,5.0,-5.0,-0.42,1.4417285415543841,-0.5233831105721015,0.4043112028445098,203.74483315634487,204.56298162106992
824,14.099999999999994,-12.149999999999999,0.28,2.1515049103971267,0.27209719607269456,1.1276171833706916,103.70436415712504,104.87087214933705
825,6.049999999999997,-6.05,-0.16,1.2316540922148942,-0.3669594699119308,0.4801339181125974,155.4057916069368,156.14604233953474
826,13.049999999999997,-11.0,1.02,2.052765619017874,0.0865551250327774,1.1079672962360576,129.62952237102715,131.06106631581383
827,5.049999999999997,-5.05,-0.09,1.0889644041607243,-0.190867280247404,0.4668546484252479,137.98187357389307,138.6252179938393
828,4.0,-5.0,-0.27,1.3224216925827732,-0.3609554605070281,0.43089364632514415,174.59175246375048,175.3428367992518
829,9.049999999999997,-8.1,0.04,2.2938183078379906,-0.28137137356407393,0.9668259950511099,177.52026910207167,179.23391280917986
830,5.0,-7.0,-0.4,0.9410013824611776,-0.12932313481271634,0.4320970562425064,48.60553283671775,48.816583749059426
831,14.249999999999986,-12.05,2.6,1.9551274793798799,0.1958337291777665,1.1438210691177157,113.93907154500856,115.24034391879
832,9.0,-8.05,-0.08,1.0350904322805194,-0.08288479628343132,0.44690827167710756,38.91457860378044,39.088299129809094
833,11.0,-9.049999999999999,0.73,2.1630691282084618,0.014804656028008723,1.0892298089959787,142.09161954247165,143.6378595413901
834,4.049999999999997,-6.0,-0.59,0.9850900391630907,-0.30856059991823637,0.3837794296192653,146.5853362362004,147.14673432412116
835,12.0,-13.099999999999998,0.2,1.850847370431504,0.09107139579945205,1.0299965771151915,121.42149725188496,122.67050016577397
836,4.0,-7.0,-0.92,0.8892699140445058,-0.3347417224213344,0.34052478302182587,152.09079967182987,152.60731162007087
837,6.0,-6.0,0.59,1.2429459746962217,-0.21069101106880198,0.5379782619433356,168.55449254359073,169.45726121296298
838,7.049999999999997,-7.0,-0.29,2.787394852404774,-0.4847549159316168,1.0613095593889676,205.758596597402,207.93195258365893
839,5.049999999999997,-6.0,-0.24,1.0850109930293041,-0.1981452319801381,0.46815698786157534,176.58814747891267,177.4165608372553
840,6.049999999999997,-6.0,-0.07,1.3682410465223187,-0.3318420214739157,0.4742321395566551,186.29175367255985,187.17618262401226
841,6.0,-7.1499999999999995,-0.72,1.0230520398094516,-0.26031890507851824,0.4170900698603826,152.09911957789825,152.73214652320397
842,4.0,-6.05,-0.67,1.0294261655525354,-0.2892329238734928,0.393210151985284,77.71346693194931,78.01909515846775
843,7.049999999999997,-6.0,0.14,1.1816659774263045,-0.13398067063042496,0.4870647049758319,146.07630468158717,146.78804825769424
844,8.049999999999997,-9.049999999999999,0.58,2.272149341644992,-0.21974955945202188,1.1090681737159165,142.1312643987645,143.71032729157554
845,4.049999999999997,-5.0,-0.16,1.2817342140409493,-0.3881234437193159,0.47413366327101664,86.87460342929585,87.28335629910879
846,12.049999999999997,-11.05,0.59,1.938704503826254,0.1937631480782501,1.0171124580274766,109.30148854583973,110.41273235786117
847,8.0,-7.0,0.13,1.2688890017178462,-0.1360374006275468,0.4840770517924415,57.56026215452777,57.83835730982489
848,10.099999999999994,-9.0,1.24,2.484254878231232,-0.035409390310951847,1.1120202978650766,135.8681755353949,137.37177178316176
849,8.0,-8.05,-0.69,0.7851096503456213,0.04485798923543981,0.43831748469092946,37.77914671231792,37.94480061631252
850,8.0,-10.0,-0.91,1.0588985666453463,-0.19786328559929975,0.4089882043539355,42.601473326608264,42.775472177235855
851,7.0,-6.0,-0.07,1.333586841151098,-0.21799342649159914,0.4608293148858296,59.310971307929286,59.58489372369965
852,6.0,-7.05,-0.25,1.0563574379001457,-0.13474729457496928,0.4556510046804336,46.676541012429226,46.88887948027699
853,9.049999999999997,-8.1,0.0,0.9214300388567356,0.015528005342154155,0.48406362847622586,43.06062028801001,43.26893151760041
854,6.049999999999997,-5.05,-0.05,1.255385171529276,-0.25252369358765114,0.49651134011747666,72.66871337946887,73.02732164287104
855,8.0,-7.0,-0.01,1.1978134171494075,-0.12853632716676705,0.48621535448227265,57.73242310340737,58.01185280788561
856,7.0,-6.05,0.04,1.1336797546383266,-0.08577968841165191,0.4975920018867432,192.4574455212917,193.420446568759
857,4.049999999999997,-6.0,-0.73,1.2097914200167155,-0.6928426794745574,0.354172212730113,286.3533771055585,287.36246461319485
858,6.0,-7.0,-0.57,0.8998796452754299,0.064965236109826,0.4639451463195281,161.27538765252896,162.02559333980952
859,4.0,-4.0,0.0,1.4545387871179956,-0.431311794493701,0.497805335699342,86.54768828737204,86.97613403917666
860,5.0,-4.0,0.09,1.580176845688245,-0.3292701474743556,0.5062518396040039,65.55912865284301,65.89149733161089
861,4.049999999999997,-5.0,-0.03,1.2734449592616741,-0.42203688547248747,0.5070127764148032,63.67192171447244,63.9944535897696
862,5.049999999999997,-6.05,-0.09,1.1036884038233092,-0.20442016300988375,0.46510863641832445,52.06822997986768,52.31075218336694
863,5.049999999999997,-7.0,-0.36,1.2159470667357957,-0.2649197055861874,0.46448600984301364,48.19367574417392,48.41669241844168
864,7.0,-7.0,-0.52,0.9233055219872864,0.08068164988544944,0.45428876895088005,33.126857091458376,33.277525784330415
865,4.0,-5.0,-0.35,1.2064936986156707,-0.5745174404963411,0.40980905719657146,68.53944340971304,68.81930660508333
866,5.0,-6.0,-0.44,1.104687174633426,-0.3247497743680099,0.42652039153853805,88.47458688499663,88.85131797703103
867,4.0,-5.0,-0.49,1.227494997527716,-0.3874465225267098,0.39346112868497407,180.19154179440048,180.89863794503316
868,6.0,-5.0,0.04,1.3952989886630758,-0.2778194146107162,0.5093729143300547,85.65258169176599,86.09147824452508
869,6.049999999999997,-5.05,-0.06,1.494787461967946,-0.27577428015803335,0.5046012554383235,170.27915630887102,171.13319127976658
870,6.0,-5.0,-0.26,1.3058420119696734,-0.17733677371196338,0.485876142968989,80.81152422100926,81.20587253011448
871,5.049999999999997,-6.0,0.59,1.1767370888139457,-0.16323609688746568,0.5892895715286922,74.59737517108039,75.0383080422692
872,4.0,-6.0,-0.4,1.0865161345946222,-0.3523538777605638,0.43207114847912176,83.19746067578781,83.55690896386588
873,4.049999999999997,-5.0,-0.03,1.2298167988182607,-0.17352552016643774,0.5002988610665343,51.81869041231621,52.07669702737277
874,4.049999999999997,-5.05,-0.68,1.094280423786833,-0.6058616170131542,0.3418723080757079,88.93744747145618,89.239606599289
875,5.0,-5.0,-0.51,1.113690697424534,-0.29675839745625443,0.37412443020425074,82.47055033270408,82.77898495395064
876,5.049999999999997,-6.0,0.09,1.1298467428465138,-0.33834240876806904,0.4691168546225423,74.68813114828698,75.03747869444727
877,5.0,-5.05,-0.68,1.1332726808707667,-0.3096993306803816,0.3743123652334715,72.48374867798567,72.75399411950283
878,5.0,-5.05,-0.25,1.2165720844045325,-0.35263932357720323,0.4191116724921999,82.44244067465834,82.78815043018113
879,5.049999999999997,-5.05,0.04,1.4807772152085095,-0.3172307034993312,0.4679619668102646,91.33018904701366,91.75525722351126
880,2.0,-2.0,-0.01,2.234668637185956,-1.3099840635528592,0.45411937637921485,9989.856519148707,10035.567300658551
881,6.049999999999997,-5.05,0.08,1.1278965680564463,-0.04057223909063648,0.4716923262853135,66.35821077752831,66.67029771221101
882,4.0,-5.05,-0.61,1.2978567875199531,-0.4471340146468748,0.4118903219869949,49.153005994905705,49.35587382667504
883,5.0,-6.0,-0.54,1.1111891170810588,-0.2585186933356711,0.42404813065879843,41.91520550898861,42.092523483457995
884,5.0,-5.0,-0.18,1.1843446549864438,-0.16791581498165958,0.49152996767616053,43.50615631665914,43.71912487456156
885,5.049999999999997,-8.05,-0.94,1.0192220619332513,-0.22138777893326755,0.39876981647585374,33.799073528200545,33.933908829050964
886,5.0,-5.0,-0.45,1.0692395556992196,-0.14550236638876496,0.4470490694812526,40.791230640523075,40.97361069736849
887,5.0,-7.0,-0.37,1.02930385278662,-0.20608631259828694,0.452443016149526,36.79651762110826,36.96247846819688
888,6.0,-5.0,0.21,1.3594000831381239,-0.20673465834640659,0.5277427542210547,74.37006173426336,74.76016269817092
889,4.0,-4.0,-0.04,1.023133761674319,-0.08402243346369385,0.4717155060594702,39.07749641563671,39.26241631080302
890,6.049999999999997,-6.0,-0.31,1.319974503742372,-0.26007818974977026,0.44930579120007086,38.41130620298134,38.58475849694606
891,7.049999999999997,-7.0,0.25,1.210556866503033,-0.10273307244757687,0.5719486562347935,31.907865899324406,32.090149690685664
892,9.0,-7.05,0.97,1.2253053198465544,0.06652101400801597,0.6319108930101891,48.73596354244331,49.04392989500245
893,5.049999999999997,-9.0,-1.1,0.8044293601509453,-0.06186854037725294,0.42331649055633414,40.36076192931293,40.53139212179405
894,6.0,-4.05,0.49,1.5377032180902808,-0.39293108160945966,0.5786317954034333,82.24029838630945,82.71377992203675
895,5.0,-6.0,-0.67,1.0815467445060092,-0.4499171732306892,0.3733808922581946,71.85096636910302,72.12002514033648
896,8.0,-10.0,-1.28,0.8069920059024909,-0.00026628716794819553,0.3896932250668599,34.22737465442514,34.36041955324513
897,2.0,-2.0,-0.07,2.594757161668332,-1.8492452061471931,0.34143280777995166,6928.842917070904,6952.245849621895
898,2.0,-2.0,0.0,2.30315326243297,-1.550331484351606,0.5228316390522414,10144.61263400397,10196.703984762456
899,5.0,-7.0,-0.69,0.8239465760826146,-0.31450474379514876,0.3152109473811459,27.141813074874396,27.226905115546145
900,4.0,-7.0,-0.72,0.9531914487213117,-0.2724485691813831,0.42573340486526395,36.00550230070955,36.15862722036618
901,6.049999999999997,-6.05,0.47,1.0000592730071585,-0.15613508075574375,0.5270085561839388,33.09024020886392,33.264529132506965
902,5.0,-7.0,-0.53,1.1386586224428497,-0.44980209298579393,0.3829551119718761,43.33388894276688,43.498445299443475
903,5.049999999999997,-7.0,-0.55,1.0875071857801244,-0.36013276705128594,0.42921968687689427,40.64422908961386,40.81743912268998
904,6.0,-7.0,-0.23,0.9462514954966801,-0.0010839418809708095,0.468887556210509,30.56098902300324,30.704397490760222
905,5.0,-7.0,-0.26,1.0306028578427495,-0.31085811529327567,0.4597002928280164,37.46718834517999,37.6392188643636
906,7.0,-6.0,-0.25,1.2523660670911778,-0.2240403494543545,0.4202408503905664,39.61928073018316,39.78534047455154
907,5.0,-5.0,-0.39,1.1201851426490972,-0.2896765836971278,0.39154013138922117,47.22271180183644,47.407627756854836
908,7.0,-8.0,-0.22,1.0783292080045266,-0.2706225612572234,0.45495069285232276,36.72492073822826,36.891459867537726
909,6.049999999999997,-7.05,-0.34,1.1252506376361853,-0.23250431439424907,0.46171604134770555,39.414876099123866,39.59606540034997
910,5.049999999999997,-6.05,0.03,1.002979860113818,-0.10034836947545961,0.451242948544535,41.251658135208324,41.436736193106455
911,6.049999999999997,-7.0,-0.49,1.010144392892491,-0.15206009365333226,0.39758521526075136,42.24253578607571,42.41040652827408
912,5.0,-6.0,-0.09,1.2567435455203169,-0.4297545749938387,0.508892496390729,49.57751834173159,49.82928792001783
913,4.049999999999997,-5.05,-0.34,1.2077911968814818,-0.2780866979527517,0.4503955532984972,47.96281154826188,48.17965317988208
914,5.049999999999997,-7.0,-0.02,1.4216066694284253,-0.4758997552629642,0.5181442241202747,111.28355859745263,111.86181799416755
915,5.049999999999997,-5.0,-0.22,1.0527522421475046,-0.141452645718978,0.41049875516006656,108.71508703717795,109.16317880664786
916,3.0,-4.0,-0.28,1.3008916039960967,-0.7244038889766378,0.3738629251374356,172.9011355485304,173.54704474607001
917,6.0,-5.0,0.2,1.7400848884202125,-0.5484915977697763,0.5228938090667515,133.61893825136443,134.31262090947268
918,5.0,-5.0,-0.23,1.2545255718513018,-0.33419201164810824,0.44475945769691166,112.32982376724878,112.83095240799858
919,6.0,-5.05,0.16,1.5267417138121289,-0.33342331492864713,0.5184905628251343,131.531439681571,132.2062678603475
920,6.049999999999997,-6.05,-0.56,1.0372135179542572,-0.20229745160678253,0.404297872017084,102.59493243609701,103.00980955867351
921,5.0,-7.0,-1.08,0.9300102807440669,-0.09344633163830156,0.3922046629162097,101.93522293146424,102.33558552236298
922,5.049999999999997,-9.0,-0.92,0.8935329367961553,-0.15334763163693635,0.4153675691303719,29.231872279848673,29.353085222589492
923,5.0,-6.05,-0.37,1.133933349830708,-0.2926514132931119,0.4643881248259881,35.51390894155932,35.67684822121974
924,4.049999999999997,-7.0,-1.08,0.8952669741296111,-0.23749748242824653,0.3886048052213305,103.20936363089868,103.61132206001128
925,7.0,-7.05,-0.64,1.1245898688006222,-0.2840687428594332,0.4182279364306962,32.11668679280849,32.25088205136818
926,6.049999999999997,-7.05,-0.32,1.0577588148795996,-0.1892351832143285,0.43155530698439476,29.544363839129936,29.671778090274167
927,8.049999999999997,-7.0,0.17,1.281074365019258,-0.14517187000549928,0.5011139117240748,33.73840898394213,33.90662239700296
928,8.0,-7.05,-0.22,1.0211128969627152,-0.07387710290351894,0.46516308596607553,35.326368475051865,35.490874595124176
929,6.0,-6.0,-0.1,1.1083240834399815,-0.2655604820690054,0.4534031335620916,82.30319127435166,82.67624116541889
930,6.049999999999997,-7.0,-0.22,0.8978322894812515,-0.031226026126838228,0.4511173614952343,67.10579341009117,67.40807729252333
931,5.049999999999997,-8.0,-0.74,1.023245911571077,-0.44009745603499795,0.376329296836994,87.36927644043388,87.69782429346316
932,6.049999999999997,-8.05,-0.54,0.9854776697814793,-0.1674146971650986,0.41516995097658566,29.20789659912214,29.32940913125863
933,7.0,-8.05,-0.01,1.0936249792987003,-0.3458385834273072,0.4758161214674867,31.741824120989264,31.892875627547436
934,8.049999999999997,-9.0,-0.39,0.976921637506378,-0.1564963930935523,0.4407686318643879,177.52929969181258,178.31004340197808
935,6.0,-6.1,-1.02,1.021461054331605,-0.07501741710884018,0.3836790095149202,219.9728763085528,220.81631445063368
936,5.0,-5.0,-0.33,1.1399264252990244,-0.3608586459991979,0.4287101198271522,293.7919490669354,295.0526864928798
937,8.0,-8.0,-0.05,1.049894351716318,-0.07416514292648707,0.4895510782006341,59.13188060815688,59.42130920201144
938,7.0,-7.05,-0.12,1.009769690036396,-0.049292942026069875,0.4765474457320435,58.46398236389477,58.74279018934598
939,7.049999999999997,-7.0,0.3,1.1728117693358124,-0.0998816504207881,0.5143990005789033,69.51020728229615,69.8683554196042
940,8.049999999999997,-9.0,-0.57,0.9855371250105293,-0.07174613135089043,0.4278656665520384,55.04818062679008,55.28338669998967
941,7.0,-8.0,-0.08,1.1528134540250259,-0.1893153908367979,0.4931113467280266,67.54681612074496,67.87850089641175
942,6.049999999999997,-8.149999999999999,-0.67,1.00458624047175,-0.12669951693177164,0.4207350830686524,59.549802012083525,59.80013827260489
943,6.049999999999997,-7.0,0.08,1.1075879334308416,-0.21249724841273043,0.4686735347389884,68.95392721212399,69.2773270447281
944,6.0,-7.0,-0.73,1.0163340773936063,-0.290069260870375,0.3958878329068003,68.16249813698091,68.432928886411
945,3.0,-2.0,0.18,2.022802777476531,-0.6916033670796489,0.5782984886851037,145.35069209702897,146.183657033559
946,6.049999999999997,-6.0,0.06,1.367646132192021,-0.2168380923777011,0.501420061207492,75.44617726844618,75.82169010136602
947,6.049999999999997,-7.0,0.04,1.2617794465974885,-0.407515595395209,0.4933069316071127,85.79601946777555,86.217626586103
948,5.049999999999997,-6.05,-0.02,1.124339479011354,-0.2462381867976525,0.46526639993028135,89.86703254080552,90.283567674214
949,7.0,-6.1,-0.04,1.0399580104398145,-0.005274517663457891,0.4823745810648652,201.34389592661165,202.31538702104962
950,7.049999999999997,-7.05,0.27,0.9671962578902216,0.028598540824373173,0.5103435965452758,56.190305152502795,56.47644812782336
951,8.099999999999994,-10.05,-0.23,0.9113132390289437,0.012069311561686656,0.476944533313183,46.23305388396869,46.4535587518321
952,6.049999999999997,-6.05,-0.39,0.9561105237457922,-0.013454059827367675,0.4488151737541683,221.9729550212068,222.96657932137066
953,8.049999999999997,-9.0,0.16,0.9420493198322608,-0.051422148037350804,0.47875812212775815,188.52274176168962,189.42370085788932
954,5.099999999999994,-8.0,-0.86,0.9437055047932725,-0.1375981791502795,0.4157286248009487,215.73342759987784,216.6284878788291
955,6.049999999999997,-8.05,-1.13,0.816619389581676,0.011828686579592665,0.3978511795771478,63.98363730772901,64.23771306770445
956,5.049999999999997,-6.05,-0.28,1.1434705883375862,-0.38740361380549143,0.4513729136711953,88.89235886948043,89.29267655807384
957,7.0,-6.05,-0.01,1.338859771753012,-0.40066895274884357,0.4819086348244,88.44712838764616,88.87313591470883
958,6.049999999999997,-6.0,0.2,1.2266879570216804,-0.48245321151513565,0.46468949895489947,83.93552034207782,84.32520035918998
959,5.0,-5.0,-0.45,1.0916760887795827,-0.18383887895418352,0.3968447694443793,82.18607280447891,82.5118048770654
960,6.049999999999997,-6.0,0.34,1.2962144771703255,-0.21583701784566126,0.5114047041635852,77.78527823312767,78.18187698279009
961,6.0,-7.0,-0.31,1.4331204479014334,-0.6017947350053334,0.4336860782546664,87.31464969968421,87.69032035927862
962,5.0,-7.0,-0.23,1.2480581996223061,-0.4524876719757905,0.4468906578204227,89.91149635807012,90.3098103498083
963,5.0,-6.0,-0.42,1.3197570941106742,-0.5575905665404145,0.40110356661100965,93.78077627914485,94.1554837015043
964,2.0,-2.0,-0.05,3.045332970716835,-1.331074834750715,0.5151946746389694,15119.54961400577,15190.243545612044
965,6.099999999999994,-8.0,-0.28,1.2280435209439926,-0.6594192712931766,0.39685089699015097,99.34433355523164,99.74272967998505
966,8.0,-6.0,-0.04,1.142973728573165,-0.025817903051699863,0.45702439465598327,76.88535347148424,77.23596021814659
967,7.0,-5.05,0.16,1.2741821776075772,-0.09610690806914386,0.49101879954558675,87.3963125225316,87.82351045548228
968,6.0,-7.0,-0.01,1.0860312078883385,-0.19366979057629616,0.46899397962166284,73.76939347400884,74.11295877513857
969,7.0,-8.05,-0.81,1.1228024684904798,-0.39727073789117257,0.3976029022171728,77.46444998500408,77.77162499897868
970,5.049999999999997,-6.05,0.06,1.235106167506632,-0.4501974768389253,0.4833650349806968,89.2514429149337,89.68251336535295
971,7.0,-6.05,-0.12,1.218647759580855,-0.13522815021481893,0.45593688606108407,74.71607899093159,75.0561891023922
972,8.0,-5.05,0.1,1.24953163127185,-0.013614537255285612,0.48370717456198264,74.3205157017004,74.67983474224195
973,5.049999999999997,-6.0,0.06,1.1016623465930573,-0.20365610374013626,0.48946441372288896,76.95997980150975,77.33798640453128
974,6.049999999999997,-7.0,-0.18,1.2045080596187783,-0.2373865939180465,0.46923961473547193,74.46674759484097,74.81529441750482
975,6.049999999999997,-6.05,-0.34,1.1499912057297959,-0.1772833451181909,0.4458755016488738,62.99206755582571,63.27088734722949
976,6.0,-4.1,0.13,1.5773590844338174,-0.3997353198472092,0.5089382873062486,88.21546987103854,88.65895234938311
977,7.0,-6.05,0.48,1.3393888066589232,-0.1477474067128809,0.5589363438080868,68.02716912836401,68.40668384663753
978,5.0,-6.0,-0.07,1.0612322811280657,-0.1582766992867229,0.47071194516619386,69.83145692557831,70.1593629976707
979,9.049999999999997,-9.049999999999999,0.0,0.9567174394855051,-0.036856767803379896,0.4702149292789769,60.27125345142283,60.55379572944938
980,6.0,-10.0,-0.5,0.9399112032777962,-0.2362137815586789,0.4321787073567205,77.72556176415779,78.06105183466352
981,8.0,-8.0,0.06,1.141399028707564,-0.043325870644376804,0.47971286616663755,70.62757961696744,70.96661828878095
982,9.0,-6.05,0.62,1.2430174819839317,0.03366015806274384,0.5650245923179746,67.52263162577299,67.90352236317739
983,9.049999999999997,-9.0,-0.1,1.0126415361429921,-0.014878612904430575,0.48203121930534976,65.79142547576653,66.10757977171896
984,8.0,-8.0,0.07,1.226125864004225,-0.2953355149905824,0.47033012840135335,109.85118636413476,110.36596938907334
985,7.0,-8.0,-0.32,1.2032919112820382,-0.42419805550778783,0.4435735888755955,119.08339010732477,119.61273572283368
986,6.049999999999997,-6.05,-0.07,1.1692006192246185,-0.08009597150174033,0.5256921230318692,95.67642706924391,96.17863897586268
987,7.049999999999997,-6.0,0.08,1.7971728335884316,-0.5304235914399066,0.4748696717476461,136.20355160878933,136.8521253502424
988,8.049999999999997,-8.0,0.56,0.9756828284442987,-0.07432688921517369,0.5029658429827262,86.98097849800611,87.41816271334848
989,6.049999999999997,-6.05,-0.12,1.3986749119004478,-0.20469249642046888,0.551098509773228,108.88675280067736,109.48632383575638
990,8.0,-9.0,0.3,1.530664042847711,-0.31156777437492705,0.7137406616405735,104.37943631146194,105.12233906877664
991,7.0,-8.0,-0.4,1.494269918793935,-0.22706844769540988,0.6306724040482033,117.71173520415091,118.45032023469189
992,10.0,-9.0,0.11,1.473918566946971,-0.15064428041960948,0.6354452493067797,99.83700228383313,100.46875283733017
993,9.0,-9.0,-0.32,1.1936434462370695,0.0015087244771920774,0.5855527198701286,81.12223706357273,81.59581945961573
994,9.049999999999997,-7.0,0.0,1.3577909373116195,-0.05824548607896516,0.5263546669028948,98.42803133939555,98.94365784175542
995,8.0,-6.05,0.74,1.4258097763472686,-0.11766921376226824,0.6860674199431287,106.26580254330852,106.99406332382716
996,7.0,-7.05,-0.35,1.523645434646537,-0.23278710528793659,0.6192706021039962,118.78945397642106,119.52117235284032
997,7.0,-9.049999999999999,-0.49,1.2981882260317783,-0.3462333520489834,0.527973209736594,99.37440833655883,99.89719267517947
998,9.0,-7.0,0.14,1.6138352690471862,-0.24910101157408454,0.6094915806033046,108.92283577789163,109.5848778896606
999,7.049999999999997,-6.05,0.21,1.2226643454614405,-0.13218936477556434,0.5434914570640089,76.1043102679941,76.51777364092415
1000,5.049999999999997,-6.0,-0.01,1.2893258903159166,-0.2102086937512168,0.518660571761071,74.8093028406172,75.19728585275735
1001,5.0,-5.0,-0.06,1.3787661248824499,-0.3843624336384548,0.478808517871175,96.00366505758211,96.46038775217284
1002,5.0,-5.05,-0.07,1.1084857906346577,-0.11147693733214081,0.48365168088786376,74.4055054499395,74.76530589237005
1003,5.0,-6.0,-0.82,1.263465665210544,-0.4339702962226984,0.36811050952360974,89.22529666571913,89.55198960588494
1004,5.049999999999997,-6.0,-0.64,1.1763223638740987,-0.30794389823418306,0.4085109265427825,83.43258955512229,83.77419504246997
1005,8.0,-7.0,0.07,1.1074268526041928,-0.055292713643601304,0.49393960051907143,29.271155857222013,29.4156659936461
1006,5.0,-5.0,0.4,1.1179685001118282,-0.07916306449093144,0.5349217349423745,38.886857293662295,39.09503332103358
1007,5.049999999999997,-6.0,0.08,1.2141452305847364,-0.2574817551072433,0.5164588993757785,77.05696996673868,77.45144825146146
1008,6.0,-10.0,-1.19,0.9049912357746448,-0.33887444548696943,0.3761812637470527,22.343593227965663,22.427580986342754
1009,12.0,-10.05,-0.97,1.3245174096192878,-0.01594658959572501,0.5294922609490523,18.798453624958,18.897776428909477
1010,9.0,-10.0,-0.35,1.1042885840859207,-0.04111014371851448,0.5727946959992543,20.125421493285724,20.240645664878507
1011,7.049999999999997,-9.0,-0.76,1.1713390451678518,-0.08019745050989696,0.5097374581979208,22.84261259179134,22.959078896219552
1012,3.0,-2.0,0.09,2.7633352538823233,-1.592190900799901,0.6289827860133094,86.28708870416396,86.82966161294382
1013,5.049999999999997,-6.0,0.46,1.6088781771532972,-0.1136464202113275,0.7590914151748125,32.94873514462977,33.19877363692361
1014,8.0,-7.0,0.24,1.7094054258974773,-0.1928096020002884,0.7455644127611347,29.670978140706065,29.892283823204256
1015,7.0,-7.05,0.29,1.569438967624634,-0.2662856998878285,0.6907290087581076,27.70573474495498,27.89711302509623
1016,5.049999999999997,-7.05,-0.52,1.6091846402275698,-0.6202629634082635,0.5541806681713239,37.89741307389468,38.10664025319858
1017,8.0,-7.0,-0.03,1.4641897655252587,-0.38378167513346967,0.5146206763420714,30.180169895486014,30.335699424369164
1018,6.0,-7.0,-0.5,1.411936948495919,-0.18402125917470943,0.5564394503257606,32.561024409263226,32.74221941589098
1019,8.049999999999997,-7.1,0.13,1.238236420436173,0.04578630892751525,0.6282809793411149,24.89390487167041,25.050581050427777
1020,6.049999999999997,-6.0,0.19,1.6832211683492246,-0.18454710715460598,0.7123653013656659,32.574461381800056,32.805793944937236
1021,9.0,-6.0,1.0,1.5488446071495663,0.05579442923210989,0.7662233552978043,28.244259974338494,28.460710141953786
1022,8.049999999999997,-8.05,0.46,1.4840362340107982,-0.22007514765088887,0.7135033447779405,27.105948664300843,27.299632127899812
1023,6.0,-6.05,0.25,1.7499212400725623,-0.5312899922140764,0.7242127126049983,33.49160601418928,33.73238672352421
1024,8.0,-7.05,0.13,1.7263151482686419,-0.365220681592944,0.6630349591974922,28.214542164882005,28.400492522860233
1025,8.0,-7.0,-0.07,1.6892468434041295,-0.2380935167110914,0.6670205833338331,25.41070590722036,25.579266970716635
1026,9.0,-10.0,-0.84,1.2304960037276704,-0.09977409557885093,0.5109925204347576,19.763063412282705,19.86380962715805
1027,8.0,-8.0,0.29,1.1634678833478598,-0.07314265666392084,0.5640005907083572,19.743910480664585,19.85533450852435
1028,10.0,-8.05,0.23,1.394825500747495,-0.1555758745530175,0.5813266118034265,21.924544950598403,22.051998714939426
1029,7.0,-8.0,-0.02,1.307147919406162,-0.11751781047903097,0.5871756938482711,23.613339003677137,23.752205486536592
1030,5.0,-6.0,-0.27,1.1459507760467866,-0.33804282641816585,0.43756303779805433,26.918332724661592,27.036093679167458
1031,7.0,-9.099999999999998,0.17,1.5103935261135302,-0.5180322175883847,0.67056358952677,25.886975165341934,26.060972569120576
1032,9.0,-6.05,0.66,1.7834164135847286,-0.15098807974555636,0.7501638050242256,27.86608791023775,28.073068886456777
1033,5.049999999999997,-8.0,-0.39,1.4095955213539237,-0.3962981790641244,0.6084906645279905,29.166931992031596,29.344185309009053
1034,6.0,-5.0,0.33,1.814274045072969,-0.19839537327446446,0.7885894483447253,33.073190619337765,33.33241640375761
1035,7.099999999999994,-8.05,0.11,1.796825253431746,-0.4165708489765102,0.6870366228662693,26.987302327181297,27.172592683745847
1036,8.0,-8.0,0.01,1.7378877870799645,-0.28953974288760465,0.6528785724871946,24.66317801200356,24.82369770309624
1037,7.0,-6.0,0.04,1.526819705749135,-0.12780483659086384,0.6331902024100949,23.801850431740878,23.953357520562495
1038,7.0,-6.0,0.13,1.4936882605764574,-0.14236792564716225,0.6612398880606938,23.92116754966444,24.078306705178782
1039,6.0,-6.05,-0.11,1.1285677275035435,-0.042120950134512586,0.5696154653049061,20.196630022912412,20.31144877890544
1040,7.0,-6.05,0.1,1.5788868025992295,-0.3307206851251982,0.5579615823033613,24.981230470457536,25.119313565658377
1041,7.0,-7.0,-0.06,1.2987411258118438,-0.10452646008450796,0.5962517573803706,17.55766762907664,17.662041111892822
1042,11.049999999999997,-7.0,0.61,1.0482750482529306,0.19095509154914375,0.5834435525592977,392.5678596961272,394.8549014962701
1043,9.049999999999997,-8.0,-0.4,1.0506874317959434,0.08679415506985494,0.5448120468649332,436.8120511339919,439.1874706445213
1044,3.0,-3.05,0.15,2.1993535745348542,-1.340218115691175,0.5337277737753517,61.68847825095749,62.01499997734893
1045,8.049999999999997,-9.0,0.43,1.1568318756389409,-0.10046016733814178,0.5619144979252857,28.809304053139176,28.970703783351418
1046,5.049999999999997,-6.05,0.17,1.747881733374608,-0.5611914172120271,0.6776034350983386,57.221959737298,57.60978189698989
1047,8.0,-8.0,0.58,1.2392882948046389,0.023862850448666963,0.6761041309030625,33.75424134384604,33.982299275508495
1048,10.049999999999997,-6.0,1.15,1.4232087783419165,-0.010938151354293527,0.5979462141519413,33.15284077265462,33.3507452510845
1049,7.0,-9.049999999999999,-1.09,1.2020083183009105,-0.4857760105589348,0.4122482621144964,39.11434177540664,39.27402967190716
1050,7.0,-7.0,0.18,1.3976945433845813,-0.18503670619584398,0.572070683363527,39.284935969167606,39.5090010548508
1051,6.0,-6.0,-0.59,1.3992760576971888,-0.2986516491681216,0.48657760455323584,48.68253250006979,48.920275680726625
1052,6.0,-8.0,-0.41,1.1776857598877712,-0.2463418425986938,0.5178589907122845,43.910111625430716,44.13767514808027
1053,7.049999999999997,-7.0,0.06,1.3926798956792839,-0.35391853242690435,0.5688659608878607,293.40540312828057,295.0629290596884
1054,8.049999999999997,-7.0,0.0,1.563236926073803,-0.31645372921417725,0.5752253616740928,49.36121398935397,49.64470665786221
1055,6.0,-7.0,-0.17,1.2671370062693064,-0.09224891299411432,0.5902568746910761,283.7254689186566,285.3978683964983
1056,8.0,-7.0,0.62,1.4349832080515228,0.022456642555343166,0.6947895358686895,266.8470489603375,268.69758681766393
1057,10.049999999999997,-7.05,0.96,1.6493974755438154,-0.039876758800583514,0.7090158898981234,271.76327121846725,273.6879753543663
1058,7.0,-7.0,0.09,1.7695319587113896,-0.3501829082835581,0.6711262827042974,361.77264012585294,364.2069545749328
1059,6.0,-7.0,-0.14,1.5852876717485032,-0.3002239827863984,0.668730403840502,368.6452751448453,371.10313371123556
1060,6.0,-6.05,0.18,1.7548684477631442,-0.5307231518553367,0.6607365684055373,186.27306813436056,187.49685088740648
1061,5.0,-7.0,-0.65,1.1645991890799523,-0.3568843104496594,0.44995995574639525,143.623118104462,144.2672122689889
1062,6.0,-6.0,-0.12,1.3138833108111434,-0.19123215239917868,0.5458396752417333,348.7694620901897,350.6789212592896
1063,5.0,-7.05,-0.72,1.1986859252301802,-0.37286303044690033,0.465211563640054,157.822759267047,158.55658677231034
1064,6.0,-7.0,0.23,1.4755302385284852,-0.5606301019624534,0.5856961495555663,60.17255080317191,60.52481816309699
1065,6.0,-7.05,-0.33,1.2835838247838143,-0.40588116076119174,0.4961295043532322,56.0715070283986,56.34832351427999
1066,8.049999999999997,-8.0,-0.19,1.3915205751935416,-0.2325800472502553,0.5907621509414269,285.5089327330968,287.18955307848665
1067,7.0,-6.0,0.65,1.4280310050265843,-0.17396914395374627,0.6246078468988396,319.2637272921183,321.2557706046304
1068,6.049999999999997,-6.0,0.15,1.3256979203361228,-0.2925060064313835,0.5839317367749086,54.22853147791774,54.545229860912514
1069,5.049999999999997,-7.0,-0.48,1.2551758111616904,-0.4510654483528264,0.4861669485207533,51.455826080804634,51.70545158102988
1070,6.049999999999997,-6.05,0.0,1.3907350561601133,-0.19178600478619043,0.5614617405779956,48.26714938116722,48.538129556503115
1071,6.0,-7.0,-0.1,1.3033553353066136,-0.4618266213612012,0.5308128109936882,55.6672070478238,55.96114071260198
1072,6.049999999999997,-5.05,-0.05,1.7905042666991922,-0.4392640341440678,0.5726125377340869,62.49854575164608,62.8538169459928
1073,5.0,-5.0,-0.49,1.5195395122820408,-0.31558557199599685,0.47657057020150867,61.98449274746716,62.27867048973555
1074,6.0,-6.0,0.4,1.466993594971787,-0.2533198236301822,0.6245973730877474,150.56962915803132,151.50936388292212
1075,8.049999999999997,-6.05,0.38,1.4047656850568795,-0.15362142414882046,0.6124236819774658,123.42621715513854,124.17992377933855
1076,7.0,-6.0,0.74,1.259084547943166,0.02860853998600916,0.6380884310178484,123.78712393696965,124.57844542869003
1077,6.0,-6.0,0.15,1.3239101527921562,-0.2652671538272941,0.6140019935173667,135.21990711884982,136.04887489972302
1078,7.049999999999997,-8.0,-0.56,1.4076742996158793,-0.22734982920063002,0.5288976699879286,129.42153476559773,130.10585869519312
1079,5.0,-5.0,-0.27,1.7389652551434036,-0.3653284271328813,0.5097225611119254,192.79205793787438,193.7742863440101
1080,1.0,-2.0,-0.29,2.142357099138269,-1.7227925026611794,0.3103469563507246,14915.763014186296,14961.208897213652
1081,5.0,-8.05,-0.36,1.2519896698413628,-0.3791771042551019,0.5189640580566547,139.04791007564373,139.77180407293383
1082,5.049999999999997,-6.0,-0.39,1.3082613192195263,-0.2664681208577998,0.5003776927589935,137.67727620502362,138.3627551906983
1083,8.049999999999997,-7.0,0.49,1.3018693656861695,-0.009891886090631038,0.612693210768995,109.98289057449568,110.65638760578919
1084,5.0,-6.05,0.07,1.2099413772444354,-0.357782667094112,0.5280982195636453,145.74750563798287,146.51935454830772
1085,8.0,-6.05,0.3,1.2820486672306053,-0.11606130739319828,0.5600706052317657,138.10323408027435,138.87280377520878
1086,5.049999999999997,-5.0,0.08,1.3576198888297761,-0.2398348234307471,0.5339491288888114,168.53208254796115,169.43089011613193
1087,7.0,-6.05,0.36,1.4503418892096116,-0.35954848582502075,0.5526901146070355,51.210119138814974,51.491362813258
1088,7.049999999999997,-8.0,-0.12,1.3305472358813712,-0.2782093653081017,0.513053164056204,46.391540696560156,46.62940878624611
1089,11.0,-7.05,1.11,1.4152571517749573,-0.09862546790872624,0.619286470304709,45.35282537931316,45.633614791162564
1090,8.0,-6.0,0.57,1.383576279574783,-0.0998889591552381,0.6397012127095664,49.6393510102478,49.9559272390351
1091,7.0,-5.05,-0.03,1.747345410086749,-0.3538143116597734,0.5312120703447978,61.21870621308241,61.54214194547697
1092,6.0,-6.0,-0.04,1.5858942685675514,-0.28810198966215295,0.525685739083211,188.80700545178735,189.79519286716874
1093,10.0,-11.0,-0.35,0.9609914551753511,0.01826783672339946,0.5031754702040806,27.820605772491746,27.960358136657693
1094,7.0,-7.05,0.14,1.176228679986995,-0.19266373142245086,0.5459177311190809,45.3730901797554,45.62077398739576
1095,7.099999999999994,-9.049999999999999,-0.89,1.1965304891965114,-0.3068178016735209,0.43784835291347174,37.05634215020272,37.21817355019176
1096,7.049999999999997,-8.0,-0.75,1.091381358912688,-0.035518613823554916,0.4705408196687452,30.324562407223713,30.46644782843152
1097,11.049999999999997,-9.0,0.56,2.0532588301138945,-0.28186406816613263,0.8557836792742974,91.38423020356257,92.16462412400726
1098,9.0,-8.0,0.3,1.370107343122139,-0.18047835336090906,0.6176898792538565,272.99204751219304,274.6723655815833
1099,8.0,-6.0,0.68,1.2928991548053275,-0.0855752243526273,0.5595100630204725,34.82740667643979,35.021174251352456
1100,2.0,-2.0,-0.1,2.5967433258435935,-2.136908748696512,0.3097549457249733,37535.1131948258,37651.92684308242
1101,7.049999999999997,-6.0,0.07,1.4159299407426016,-0.31612053196530804,0.4861205448226012,93.51047784924874,93.96278239989064
1102,10.0,-8.0,1.16,1.0107016946760576,0.08736543429481894,0.5471809604357947,50.77647244221923,51.05332068369938
1103,3.0,-2.05,-0.14,2.818469086107527,-1.690540510426037,0.3530588618733752,39255.45418726927,39393.96441016828
1104,10.0,-11.05,-0.58,0.8702014874448458,0.02767706071296268,0.4397054267497537,46.79389167700235,46.999354011689256
1105,11.099999999999994,-11.0,0.69,0.8003214488870882,0.14921209629057902,0.4788439953754631,77.86497688237068,78.23764851146979
1106,11.049999999999997,-11.0,0.1,1.0202153578610156,-0.020701036659285563,0.4952043365768846,112.48553980305113,113.03976826505215
1107,4.049999999999997,-5.0,-0.08,1.4293133830452072,-0.5674373938407309,0.468942183808516,208.95790598803376,209.93720072429346
1108,5.049999999999997,-5.0,-0.44,1.465447828113873,-0.498629299139585,0.42464127785179756,99.16929651332939,99.58915826877154
1109,10.049999999999997,-9.049999999999999,0.72,1.15745317950397,-0.1388634660705655,0.5319765595081161,55.841820574664425,56.13936852806237
1110,5.049999999999997,-7.0,-0.48,0.9729663259292951,-0.20445608206974691,0.4427573029945199,77.72358033080404,78.06737388370124
1111,10.0,-9.049999999999999,0.58,0.9922108093043162,0.0233806928750423,0.5209314584758918,103.70590168823583,104.24638043739034
1112,4.049999999999997,-7.0,-0.53,0.9446432950350787,-0.1669963027276716,0.4375517381552744,83.92185575060019,84.28699052114109
1113,6.0,-6.05,-0.23,1.27530157724059,-0.2525432356254548,0.45119091471662237,95.08983791884118,95.51716210950168
1114,8.0,-10.05,-0.96,0.8681833805469655,-0.12939452119802158,0.39605695639588623,106.24803452817092,106.66862756837399
1115,9.049999999999997,-10.05,-0.09,0.7781603030473291,0.09620666415257653,0.462052428258533,81.45836635974094,81.83432380626985
1116,11.0,-9.049999999999999,0.86,1.0554268070584965,0.035676677082139424,0.5461869817553145,132.52142567861873,133.24583713526508
1117,10.049999999999997,-9.0,0.18,0.9386984615957159,0.11392804821405006,0.4873769967758306,125.7225392098287,126.33435912942629
1118,8.0,-10.0,0.2,1.165487950793471,-0.21433438551372522,0.5333087404401996,62.39694305377779,62.72786975316594
1119,11.0,-11.0,-0.19,0.9217953918634272,0.029384621664437036,0.47365341042264064,91.1500336335055,91.58143106435314
1120,12.0,-10.05,0.07,1.0621704939827574,-0.002932930239188136,0.484162790482735,57.41038262084473,57.68788401899895
1121,6.0,-8.0,-0.09,1.1295570460284214,-0.4514727311705428,0.4646531621192024,87.35291335446584,87.75876065062349
1122,8.049999999999997,-9.0,-0.05,1.1858101458324848,-0.14778535530827647,0.5377030367846132,55.98081544443905,56.28112799752048
1123,6.049999999999997,-7.05,0.07,1.1137343769834376,-0.16479445412241783,0.47123504208967065,163.7725366434086,164.5425722748289
1124,7.0,-6.0,0.93,1.2623318912614006,-0.01792043969380546,0.6052331758961172,71.55817339628494,71.98923029238483
1125,8.049999999999997,-8.0,0.06,1.1071730634113506,-0.044668173161981545,0.5189349030218045,63.487172553572684,63.81583800609468
1126,5.0,-4.0,0.59,1.5065508855211354,-0.19045701547267857,0.613372510657183,271.9701070329031,273.63906378687375
1127,12.049999999999997,-10.05,0.75,1.161128930995084,0.12382123304640852,0.6487543796833793,52.08531100379998,52.42313676933397
1128,8.0,-9.0,-0.08,1.0885456713986268,-0.09691436039207657,0.5078628145780085,161.2358149493109,162.05068943404092
1129,11.0,-12.05,-0.79,1.0020856847988098,-0.1712571351159955,0.4311900602010009,137.06566881842994,137.6568132818999
1130,8.0,-8.05,-0.48,1.1118337092258643,-0.14312005839670883,0.46043586533724634,122.6249972257787,123.18957388107563
1131,6.0,-7.0,-0.01,1.298919672817267,-0.305935195612535,0.5120986015058251,162.17150959629456,162.99776065519737
1132,13.049999999999997,-12.05,1.2,1.0439574301579375,0.14723558959564131,0.6061618393790965,74.54519821619417,74.9970686681541
1133,8.0,-9.049999999999999,-0.35,0.888677005290301,-0.005283587443901722,0.45262421312724166,100.63509832870733,101.09061039774775
1134,12.049999999999997,-13.0,0.13,1.0730787152492036,0.09264094645574575,0.626692042930773,80.3250402016474,80.82805286677632
1135,7.0,-7.05,-0.37,1.148688707557831,-0.0322520546512227,0.4927831915673478,177.2182489799543,178.0896797392104
1136,8.049999999999997,-6.05,0.87,1.2954185081781837,-0.07319464974487981,0.586644579779965,131.93849446521162,132.71082433893997
1137,7.0,-7.0,0.45,1.001022734767206,-0.0977436233829415,0.5166768234629544,113.32648461658825,113.91191247842161
1138,13.0,-12.05,0.94,0.8838274677461094,0.20813347104350302,0.5606357453682738,72.63882847901155,73.04635055541763
1139,8.0,-9.099999999999998,-0.06,0.8349947648041443,0.054984151994494475,0.4629651107691592,85.17823305133463,85.57250018953465
1140,12.049999999999997,-13.049999999999999,0.22,1.0104544965860285,0.18245599617259714,0.5875525529697261,77.24668600889639,77.70045866738609
1141,11.0,-9.0,1.2,0.9863370676272546,0.12248082327982707,0.5632462482790086,89.99021101394628,90.49713437845216
1142,9.049999999999997,-9.0,-0.24,1.2218072194721217,-0.15088402601983703,0.5260860253577653,125.24467140660644,125.90105231498293
1143,7.0,-9.0,-0.6,0.8935712201386959,-0.041226792266185586,0.4569868219036205,110.89374067198354,111.40071789636956
1144,11.049999999999997,-13.0,-0.04,0.7884831415793114,0.3646418819623036,0.6029485464720173,132.07966900033588,132.8758455325172
1145,3.049999999999997,-5.05,-0.58,1.2224779947873554,-0.5807659820078983,0.34857460564951737,210.88790484352495,211.62229220746067
1146,6.0,-7.0,-0.73,1.0516944389783027,-0.12950999082218737,0.4199451758436898,140.75227639190217,141.34080067438956
1147,12.0,-10.0,0.11,1.088471028532022,0.18468764992879316,0.5972691937462373,162.97878653731163,163.9513344313157
1148,10.099999999999994,-8.05,0.53,1.0795355667344646,0.012354488831887528,0.5047970035295527,104.64431233527375,105.17206050829094
1149,10.049999999999997,-7.1,1.42,1.0454293082823403,0.12797689502246457,0.6309293801549105,187.93409303772387,189.119489172334
1150,8.049999999999997,-9.0,-0.05,1.0807695698171453,0.013226615154979318,0.5380905642350663,46.8960013048289,47.148653995093966
1151,9.0,-10.05,0.06,0.983355730800707,-0.07175548819677087,0.5144880053105758,42.559933414741835,42.7787253516428
1152,8.0,-10.0,-0.55,1.0545349211257447,-0.1478341920628406,0.46986915269263013,56.231079987245465,56.49581025129929
1153,6.099999999999994,-6.0,-0.63,1.17390573534818,-0.12285985063016479,0.4395145595342126,70.26663246955056,70.57563655489108
1154,9.049999999999997,-9.0,-0.04,1.1204887921727649,-0.07484491641076337,0.5073380355722563,48.31378202554639,48.558164199930005
1155,8.0,-7.0,0.48,1.230177783461537,-0.0621665841429355,0.5768157072878669,64.17144670823,64.54059968889963
1156,10.0,-10.0,-0.42,1.0622759476670287,-0.035629399931523406,0.5045481868300911,43.98735161452998,44.20913066107498
1157,12.0,-10.05,0.93,1.1840409459382621,-0.11196455722135758,0.5755215876252379,50.206006098877204,50.49426885014798
1158,10.0,-7.05,0.77,1.2414344185023685,0.06070401725400579,0.6222787696238772,302.11095519666503,303.9874078253799
1159,8.049999999999997,-10.0,-0.36,1.1019251200032516,-0.10699615050718012,0.5171459032211222,54.20374620887569,54.48352784993309
1160,8.0,-8.0,0.44,1.309100677100221,-0.07523189578256048,0.5658573161087382,82.60823436361878,83.07461976530936
1161,11.0,-11.05,-0.01,1.0102617391180972,0.00854222323335504,0.5083393206873051,44.27779086595086,44.50271372051585
1162,14.0,-13.049999999999999,1.54,1.036806490480478,0.16489939038904938,0.6102863734999574,138.4585410201999,139.30204078285075
1163,10.049999999999997,-10.0,-0.04,0.9585691454736224,0.057621841827314974,0.502413262585889,44.89614602439627,45.1212992347628
1164,17.049999999999997,-12.1,2.13,1.000075868781957,0.28076634452739324,0.6261576308050177,47.11439238808558,47.40918052444229
1165,12.049999999999997,-10.0,0.24,1.0061319282333245,0.13284790221733125,0.5329832623250783,42.93312388586371,43.16205264960935
1166,12.049999999999997,-13.0,-0.9,0.9393505387897838,0.09738205436458679,0.5309136514535946,161.54001993228573,162.3973440043884
1167,8.0,-7.0,0.15,1.1312965968762163,-0.1362085639549669,0.49651683949502734,56.53051284783881,56.81168456995478
1168,15.049999999999997,-15.0,1.03,1.0410624875772558,0.15122622627815585,0.625169123120975,52.04192161183987,52.36694719107407
1169,9.0,-10.0,-0.67,0.9005818117626998,0.05588727209461389,0.4646055757383732,46.641354295768195,46.85751405685962
1170,14.049999999999997,-15.05,0.08,0.9958596653979614,0.16245275697000866,0.5921183665029197,55.4322185595493,55.760102141338564
1171,10.099999999999994,-14.0,-0.66,0.8661599449708779,-0.03322385913963567,0.47499093786209245,41.297348542792676,41.493611311764305
1172,9.0,-9.0,0.02,1.134263471756261,0.020421806709278734,0.5827520023838979,128.0539914144967,128.7987405176501
1173,8.049999999999997,-7.05,0.22,0.9412428734737284,0.039648432087364474,0.501581815886822,44.405151888284415,44.62752247010476
1174,7.0,-9.0,-0.99,1.2394588532833384,-0.2858524362876974,0.46418380679342236,173.26457640658674,174.06642750370546
1175,10.0,-12.0,-0.62,0.9547438772523527,0.06216392561299121,0.49629832847983,42.4401688368014,42.650522724901066
1176,17.049999999999997,-14.05,0.07,1.1717791290092068,0.1689768114812603,0.6559853538405725,54.802271737586,55.161568153596335
1177,12.0,-10.0,-0.07,1.172334798188597,-0.01685874240947151,0.5145981403943517,43.76193178707529,43.986524018712565
1178,14.0,-10.05,1.91,1.3173220408283557,0.2011114263128067,0.7554379343823314,72.72123515563784,73.26985135978403
1179,14.0,-14.05,-0.57,0.8948945112659712,0.06436107837232075,0.4901555476857456,31.565302341933013,31.71997013197188
1180,8.049999999999997,-10.0,-0.36,1.2091285577062447,-0.13058026647327947,0.5823025761525553,90.11493767721633,90.63783018250255
1181,10.0,-9.099999999999998,0.71,1.2102403338192258,-0.08488192707979295,0.5742932609175575,45.32971934765464,45.59032790461334
1182,6.0,-8.0,-0.21,1.4773318075116804,-0.5775146954741507,0.5956890768458609,201.9430524698,203.15244382867616
1183,7.0,-5.05,0.53,1.5585306460593944,-0.00040516099103253024,0.7272551744996103,108.66169838491255,109.451504272504
1184,1.0,-1.0,-0.1,8.692807873029393,-6.483403018973701,0.4272405365167103,771.0362262810933,773.7818788933686
1185,11.049999999999997,-10.0,0.02,1.5466769006803078,-0.10868214110020943,0.6767355709083505,84.27108836490686,84.84071338442273
1186,11.049999999999997,-14.0,-0.51,0.9390299760126708,-0.018204651158088857,0.4925217149862214,35.437072019046305,35.61153138760743
1187,16.049999999999997,-14.0,1.37,1.3231954411883868,0.19537155497530823,0.7323094592013808,65.42869921783145,65.90702308852
1188,10.0,-9.0,0.22,0.9987862268635423,0.094131443536138,0.5506685383597459,36.459793938281834,36.66038402764576
1189,15.0,-14.0,0.16,1.170520186678058,0.18912626352679712,0.6633594577040378,60.340002623758444,60.739516283758434
1190,10.049999999999997,-12.05,0.03,0.9525574805704184,0.07709916789098518,0.544915219934749,36.64304471074764,36.842696193170944
1191,10.0,-9.049999999999999,0.66,1.5461453085410681,-0.21153088489655777,0.7242566851951202,110.62684391337025,111.42526034046229
1192,12.0,-11.0,-0.01,0.9291933289649399,0.17965446469771668,0.5471599799813277,31.461956443619826,31.633917372624
1193,4.0,-4.0,0.22,2.4409251429427314,-0.6771139254325764,0.7164765697919294,338.3991653400984,340.77927743914347
1194,8.049999999999997,-7.05,0.32,1.3606649477303576,-0.1470454582019002,0.5975995787878255,170.41804925866694,171.43740402827842
1195,5.0,-6.05,-0.29,1.6087619176789765,-0.6878686866419929,0.5647869774457276,253.30139797602664,254.7274209808741
1196,9.0,-9.0,0.54,1.2379659462333619,-0.10036225819918124,0.582292343390096,45.76848896515577,46.03462424210791
1197,17.14999999999999,-13.049999999999999,2.66,1.3641163042812978,0.27129752811153235,0.788240019564373,63.09368210427703,63.59063304431036
1198,7.0,-5.0,0.9,1.3063634420610968,-0.02294545445428873,0.638340650594835,49.32178559274414,49.63590176934793
1199,9.049999999999997,-8.0,0.54,1.6462065745963006,-0.13284385464319853,0.7322331145477762,116.07105003988927,116.92084364652959
1200,5.0,-4.05,0.17,1.7001792995438443,-0.4516734283613218,0.57871648544095,266.34293961994,267.8798848740533
1201,4.0,-4.05,0.12,2.0770711094075223,-0.7697728458394545,0.7027614229112958,311.206073549255,313.3686900714887
1202,8.049999999999997,-5.0,0.86,1.3895782139504669,0.031043065918471356,0.6450945578861595,56.57962118902095,56.94404482770184
1203,5.0,-5.05,-0.24,1.707436823656115,-0.38885834082638504,0.6278008153128778,229.08011297041034,230.5270986562641
1204,11.0,-11.05,-0.44,1.1453631429062374,0.11840520486590875,0.642788319381564,67.29154170210808,67.72325154474679
1205,8.049999999999997,-10.0,0.09,1.138135301398311,0.02319478342834509,0.6244702310447985,40.71843189038876,40.97233570143092
1206,13.0,-13.099999999999998,0.33,1.0980273943193195,0.18262839155272376,0.6753021562319671,60.907637728884055,61.318466483417716
1207,5.0,-4.0,0.8,1.7074727318502907,-0.39100113295304806,0.7751587370398302,270.48342496090686,272.5507637343985
1208,13.0,-13.0,-1.6,1.0844124561816917,0.09236751196238312,0.541522650259903,33.580006604076104,33.76180837893443
1209,10.149999999999991,-7.0,0.53,1.2529924356710114,0.07085981535530697,0.5894418858828471,45.093286335349624,45.35893163167471
1210,6.0,-7.0,-0.72,1.8595707086011481,-0.9176639832094797,0.45326268119127855,241.37050324866286,242.4600712994244
1211,4.049999999999997,-3.0,0.2,2.5555669857661027,-0.8294231109665087,0.6839153940233625,356.8587552062112,359.31450264577967
1212,5.0,-6.0,-0.35,1.6398945806463887,-0.4702568076665065,0.5287340308680234,164.65026438851916,165.5102916527827
1213,5.0,-4.05,0.08,1.9943483887054942,-0.6713311729024358,0.6300926731108284,304.6982609349383,306.6217007926646
1214,5.0,-5.0,0.34,1.806220635090273,-0.459444658175967,0.6527877653301816,173.38038939151136,174.50442058810577
1215,6.049999999999997,-7.0,-0.63,1.341658928705326,-0.35120634237428877,0.5319214756739961,129.14302365599818,129.83008716088705
1216,7.0,-9.0,-0.43,1.36498223139372,-0.2627755603609591,0.5609365696818148,106.32632204647287,106.92212025273743
1217,10.0,-7.0,1.51,1.3195141062206053,0.12904592863360093,0.7251738083228391,40.628357150655845,40.92246372454186
1218,9.0,-7.1,0.7,1.320727488117637,-0.0493462083137668,0.6419510456678931,41.296766815960545,41.561212653621496
1219,14.0,-15.05,-0.4,1.0968424909582197,0.0516327795434075,0.5796606962621849,30.654677456029916,30.832284327891724
1220,5.049999999999997,-5.05,-0.14,1.7630658789716134,-0.4960798618140684,0.6042038295781,251.6555946016382,253.16422208626938
1221,8.0,-7.0,-0.05,1.354443013972795,-0.05479175086751473,0.6209451018865167,105.69809561770458,106.3544165599455
1222,17.0,-13.0,1.44,1.0499593546315078,0.21636542938828693,0.6363224734202533,52.62268988609983,52.95753836200968
1223,7.049999999999997,-7.05,-0.58,1.3127797333931674,-0.24756897444599424,0.520268685429387,109.55926453460162,110.126095303911
1224,14.049999999999997,-12.0,1.36,0.9900275861410015,0.23195035005903245,0.6074730405344646,23.972151930822225,24.117716691906647
1225,10.0,-9.0,-0.09,1.2632585229336573,0.009468797135819124,0.5819604358088247,145.6691400181919,146.5152489603795
1226,16.14999999999999,-13.049999999999999,0.84,0.9515142783932309,0.30456235523267616,0.6199191749207157,23.517990141803804,23.66357595778532
1227,12.0,-11.05,0.59,1.019559461353642,0.24073937895919217,0.631076912661755,59.33429973351388,59.708678523433356
1228,10.049999999999997,-10.05,0.06,1.2784212488354505,-0.053547175838394245,0.6231900268971972,79.57295785956764,80.06692861404093
1229,10.049999999999997,-11.0,0.0,1.0315853140663465,-0.00022697086928645505,0.53909604390224,54.752998701716635,55.04719150642132
1230,8.049999999999997,-7.05,0.69,1.436316487168387,-0.16701022362976808,0.6475280137608695,101.64575454198828,102.30181553713079
1231,9.0,-9.049999999999999,-0.31,1.3689635667259883,-0.16953948878210878,0.6091779456212053,154.0095571344512,154.9471677569849
1232,14.0,-15.05,-0.51,0.9466886799764898,0.20212941340842341,0.5649565424688806,22.66371418038971,22.791560595511942
1233,15.049999999999997,-12.05,1.09,1.184316203377219,0.17561884109840137,0.6523422324900368,60.834494851969154,61.2305422802722
1234,15.049999999999997,-13.0,0.96,0.9690336294429509,0.27157347582352037,0.6336908812337146,24.76479611839488,24.92153661670418
1235,11.0,-10.0,0.26,1.103469702422679,0.14152593410687836,0.6071593818252038,52.40507429933021,52.72290551318793
1236,15.0,-17.049999999999997,-0.86,0.9209518671943049,0.2738663896934721,0.5979934000814484,17.88510085342409,17.99197114257609
1237,14.049999999999997,-12.05,1.42,1.099644291429183,0.2137959552783185,0.6651217148635077,96.34698245263895,96.987302370178
1238,17.249999999999986,-17.0,2.0,1.0558112698397875,0.22514585815179353,0.6534725359373412,21.294012462593045,21.43309142463673
1239,14.099999999999994,-14.1,1.21,1.003091785807024,0.2151254066306514,0.6213181364068014,49.931903933181545,50.242178026527874
1240,13.0,-12.05,-0.27,1.1181281322277643,0.0624905036635779,0.6121177620740552,66.70546591407805,67.11324088825536
1241,7.0,-8.0,-0.27,1.2384382110819856,-0.06218887042778251,0.572630261473045,94.0777808730602,94.61695534469887
1242,2.0,-2.0,0.08,3.844343569493932,-2.1108693218803327,0.796957555508192,49987.46225080177,50385.260280145456
1243,9.049999999999997,-7.0,0.53,1.2229311864206551,0.17681212759363127,0.6640018800570006,33.89954437973193,34.12463864620916
1244,15.049999999999997,-11.100000000000001,1.85,1.232290579993464,0.156194662984677,0.6873542926049337,27.46925602474188,27.658040077714272
1245,9.0,-8.05,1.15,1.2982636891581043,-0.03778889234805088,0.6674198896477174,79.995046653244,80.52877207821658
1246,10.0,-11.05,0.45,1.1340503741465198,-0.0670526821630802,0.6343677022543646,36.2135101059342,36.44386581598563
1247,13.0,-13.0,0.66,1.0313072888234636,0.21709359392007066,0.6293701038754218,26.8401905537774,27.00911906004576
1248,7.049999999999997,-8.05,0.01,1.1641323246846424,-0.15845470363239628,0.5464135176582245,76.76477624176675,77.18530340557535
1249,8.099999999999994,-8.05,0.4,1.5015460610829097,-0.15913633261522867,0.6582920426655481,109.12293540018793,109.84059821353307
1250,11.049999999999997,-12.0,-0.04,1.072596504291725,0.13720681664769396,0.6227156987907873,67.65705565623695,68.07742198088384
1251,12.049999999999997,-10.05,0.33,1.2817300866693535,0.061187029348722964,0.6158709734683739,65.36248171107641,65.76420247674051
1252,7.0,-7.05,0.28,1.5591626184160563,-0.321117972575956,0.6498616437858131,121.05821615639165,121.84026418900585
1253,7.049999999999997,-12.0,-0.19,1.1800807211296673,-0.21245988032251836,0.5804618354558861,85.38893839469351,85.88404728966552
1254,13.149999999999991,-12.0,0.12,0.9757729711058242,0.21040101977284026,0.575156434952024,37.10201404744623,37.31529996353762
1255,10.0,-12.0,-0.12,0.9956256074155226,0.09182348887322773,0.5829649543904298,25.003563753551926,25.1490546871924
1256,12.049999999999997,-13.0,0.06,0.9320070500339005,0.19149932923619806,0.5626729855285971,46.78526924865002,47.04827101348503
1257,15.049999999999997,-12.05,2.26,0.9168832570716198,0.333741556903224,0.6501242230748703,19.517226835799885,19.64411656914841
1258,12.0,-10.05,0.64,1.0680913866259152,0.17127640120286763,0.5866973138525187,49.28514063718717,49.573587369349546
1259,12.049999999999997,-10.05,0.32,1.2177626655533085,0.19687152850505957,0.6213438254099257,29.89193130718486,30.077082917567473
1260,7.049999999999997,-7.05,0.73,1.5074051775204036,-0.25177470091850934,0.6827301728959811,127.92714300563472,128.80264967364414
1261,17.0,-15.0,0.49,1.0033793000854188,0.15563423515754762,0.5811958175478079,44.076437477205026,44.33254553478525
1262,10.0,-9.049999999999999,0.85,1.1182352887705473,0.1680227677166902,0.6445974378762004,72.7385421246643,73.2074134792123
1263,8.0,-8.05,-0.69,1.1716419004427334,-0.012810493275154072,0.5495800447117702,104.23056555425968,104.80349507781395
1264,14.049999999999997,-14.05,0.12,1.0542067836645796,0.1108032425950535,0.5667041956388511,46.607630234996705,46.87129353329987
1265,7.0,-8.0,0.28,1.208167234625305,-0.2697827886230762,0.5818675909751093,96.23270310605501,96.79502620775007
1266,10.0,-7.0,1.01,1.4358817911294959,-0.01973340552639307,0.6874278017513396,111.3150874273138,112.08005876667771
1267,13.0,-13.049999999999999,0.96,1.0571038352298325,0.0683049003556349,0.6053708823728825,14.73859277233642,14.82767116001031
1268,12.049999999999997,-12.05,0.45,1.1079355947187233,0.04401737680161489,0.6083619449942573,66.95595675898811,67.3631287952226
1269,11.0,-14.0,0.87,1.0250383157302934,0.04018164878760181,0.5973823714224245,13.87246653531002,13.955287058930693
1270,9.049999999999997,-12.05,-0.36,1.1527473858104702,-0.12343999881277824,0.5597971210051371,87.29750144735193,87.78558227348772
1271,10.0,-13.049999999999999,-1.26,0.9945285199062888,-0.021650545784887166,0.5023603125298497,15.445423687866317,15.522925186176929
1272,10.0,-11.05,-0.15,1.0933427613445115,0.0378440732444766,0.5997542458115742,86.4514499931086,86.96975599939579
1273,11.049999999999997,-12.05,-0.17,1.087345435145446,0.06889234468363194,0.5653987274317812,14.22111176179503,14.301435115476492
1274,8.049999999999997,-8.0,-0.16,1.3390267557760178,-0.09947066324149993,0.5588566987629154,109.36831756502778,109.97811661177762
1275,12.0,-10.0,-0.4,0.9956618957735247,0.2104524581692237,0.5542092672287758,13.231051720915838,13.304324459554518
1276,12.0,-9.049999999999999,0.54,1.1801832374720638,0.05601310979006395,0.6017569721111038,78.21966141040757,78.68938165524135
1277,14.099999999999994,-12.05,0.92,1.060181587597894,0.14760213152998417,0.5867208023320335,11.934988488370918,12.005022240966081
1278,9.0,-8.0,-0.43,1.2697393565838897,-0.07995818776976234,0.5679427464351626,103.44291349388368,104.02641925231183
1279,11.099999999999994,-11.05,-0.78,0.9420627539923927,0.1875264787577893,0.5322119595538024,13.34769179396085,13.418760906791393
1280,7.0,-8.05,-0.42,1.0634722021871177,-0.10785701562064925,0.5134734345520241,99.41472039614722,99.92423480831188
1281,6.0,-6.0,-0.42,1.3465657822820962,-0.366718781756881,0.4812086805883611,148.90700153837642,149.62945834109547
1282,15.0,-12.1,1.53,1.0444237360238475,0.18181703724496356,0.6108612003941097,11.965848258476388,12.03891349159663
1283,13.049999999999997,-10.05,0.76,1.0046283423183084,0.2136042134597144,0.588620361313292,13.161843809935267,13.23920973279488
1284,10.0,-9.0,-0.06,1.3547679706636973,-0.19064738453186156,0.5831613154844698,111.89091697999552,112.54300429169797
1285,14.0,-13.0,0.77,0.9720257206425302,0.10722753193475934,0.5956030088366555,11.664848811939418,11.734287333174874
1286,11.0,-10.0,0.29,1.2402764530023622,0.026397652578313054,0.6034841164291478,99.50257108226532,100.10151614893859
1287,12.049999999999997,-14.0,-0.59,0.9831673792088602,0.1252806548820449,0.5451243105380571,13.116312569942172,13.187790966068578
1288,9.0,-10.05,0.36,1.171918946548219,-0.07018092355174169,0.6088047175171962,115.12575693002262,115.8270598924963
1289,11.099999999999994,-13.0,-0.05,0.9603677388277014,0.14215862292523482,0.5615384284098064,11.353127881268428,11.416818371756285
1290,10.049999999999997,-9.049999999999999,0.11,1.0435502937870769,0.057438248428025175,0.5566043149554689,101.02951608067046,101.5909284916405
1291,8.0,-9.0,0.49,1.2156664907645072,-0.0713096047945923,0.6019988544812315,19.69874997008901,19.817367008610727
1292,10.049999999999997,-8.0,0.36,1.2037381595027272,-0.005120914854235408,0.5746660219789095,120.2558899883622,120.94683261294682
1293,12.0,-12.1,-0.07,1.0000247630325914,0.147135114997507,0.5668291237252356,11.88195371509523,11.949241723793568
1294,8.099999999999994,-8.05,0.23,1.3109732579473528,-0.08033223189902096,0.5856688216961172,115.91647571605357,116.59414533890245
1295,12.049999999999997,-16.0,-0.59,0.9447266077698551,0.06892208375481736,0.5549287529413687,12.364012860990167,12.432615662107896
1296,8.049999999999997,-8.05,-0.35,1.2888128711920046,-0.226220617332047,0.5282265948928225,137.53890210468344,138.26255208208244
1297,13.049999999999997,-11.05,0.45,1.00716946732451,0.14914370875226565,0.5684903722515265,11.417575526887445,11.482416364646596
1298,8.049999999999997,-6.0,0.51,1.578269150663696,-0.07893061781252982,0.6699668121636726,116.88484013346489,117.66880570571021
1299,11.049999999999997,-16.05,-0.6,0.9597857846549831,-0.0066048929928566365,0.5764979567104046,60.40558617768156,60.75304160673106
1300,8.049999999999997,-8.05,0.18,1.1857412317814502,0.03666085478952315,0.6240897477410434,108.1089136480858,108.78183637443568
1301,12.099999999999994,-12.05,0.69,1.0658851300186694,0.13423578519533952,0.5914063872487698,58.71681163700468,59.063498203263705
1302,8.099999999999994,-6.1,0.5,1.5262707389225072,-0.12012294388257608,0.6653694708838576,164.1025598324519,165.1944635791309
1303,3.049999999999997,-4.0,-0.45,1.677833317447868,-0.9102991026136551,0.3927425152115515,190.2665062168545,191.0134634823172
1304,7.0,-8.0,-0.08,1.401870388541985,-0.1794207285199506,0.5699249154011591,151.00511615358067,151.86235091333475
1305,6.0,-6.0,0.32,1.6033330167439894,-0.38034399635043087,0.630850191057558,181.41053471478793,182.55419306878036
1306,12.0,-13.049999999999999,-0.33,1.0183692983021506,0.05224742385851878,0.5631132362526109,59.073295265629795,59.40584115710327
1307,6.049999999999997,-6.0,0.31,1.2986826439136285,-0.10572673689621229,0.596320117761606,152.82308730895247,153.73088587139628
1308,4.0,-5.0,-0.34,1.6785289663807013,-0.7501102039603788,0.47393304252716634,176.95161391408186,177.77551090676593
1309,6.049999999999997,-7.05,-0.15,1.1225918330168374,0.03115758362291583,0.5645293189680135,117.50924524520634,118.16945262049974
1310,8.049999999999997,-8.0,-0.09,1.3796967162258875,-0.14301635629501364,0.5590104574591602,105.27593869429658,105.86220537491286
1311,8.049999999999997,-8.0,-0.08,1.2418740416249765,-0.06937728599134835,0.5394045235652474,71.62805632687653,72.01394973449521
1312,6.0,-6.0,0.19,1.2918529291210197,-0.1648326813989929,0.603727722920256,79.2747877828834,79.75371009903687
1313,7.0,-8.05,-0.73,1.226630148695038,-0.1646171677387985,0.5119256609613199,95.36116675802792,95.84604588623337
1314,10.0,-7.0,0.35,1.2530728149940042,0.06937137814774219,0.5852235734807197,57.2295941770437,57.56360853086389
1315,8.0,-7.05,0.44,1.4265340082028326,-0.141961616275819,0.6160256134309829,115.15002676543588,115.85979375785375
1316,10.0,-10.0,-0.63,1.1141618236608855,0.01954194459966201,0.5224203538589137,96.68775541062341,97.19166086854017
1317,15.049999999999997,-12.0,1.21,1.0184976405788884,0.20037379246796366,0.6126548046315106,50.77845862764203,51.08966154680822
1318,8.0,-8.05,-0.14,1.1381820934169227,-0.012440132410412745,0.5431718427677936,60.62416568824031,60.95290763245395
1319,7.049999999999997,-7.05,0.14,1.0916156751857022,0.11681022216122086,0.585251803182652,468.89047719735095,471.62958335562195
1320,7.0,-9.0,-1.06,1.1124535794382129,-0.1907975720599567,0.45433232599656115,61.88739015171116,62.16729554161569
1321,8.049999999999997,-6.0,0.57,1.4717428265609644,-0.009588105523869845,0.6584260126153838,72.71744596970888,73.19425775882776
1322,11.049999999999997,-13.0,-0.2,1.0027566481187753,0.021560979171198126,0.550746499434332,90.74216956882188,91.24118975461403
1323,10.049999999999997,-10.1,0.38,1.1124842873984269,0.005945222440289624,0.5882888471716129,102.61207375053138,103.21444011936154
1324,8.049999999999997,-7.05,-0.41,1.1531394724906217,0.05744411579954893,0.5434069183708066,474.18149696756444,476.7637817007954
1325,12.0,-8.0,0.59,1.3062159787965713,0.08599470858625546,0.6088923473131577,104.86263309865515,105.50066505737564
1326,7.049999999999997,-7.0,0.11,1.5024157834926994,-0.23575470739398102,0.5835321945972699,76.46277617654877,76.90831698722891
1327,6.0,-6.05,0.06,1.3602268476976946,-0.2154425650492635,0.6000294220548934,156.31960419357887,157.2606456185131
1328,9.0,-7.0,0.87,1.105203119449878,0.20727700838232122,0.6172016967874832,351.5017853734415,353.66993612985533
1329,4.049999999999997,-6.0,-0.2,1.0661297065494355,-0.09291661222385304,0.5416106531968381,548.6762420902056,551.6410895168168
1330,10.0,-10.05,-0.31,1.1483509917493477,-0.013836883966424431,0.5672306736497729,53.622993615041565,53.92698599518897
1331,11.0,-10.05,-0.01,0.9760030197207844,0.11530317125508113,0.5509419056004713,71.88464995129034,72.27993118431542
1332,6.0,-8.0,-0.4,1.033742130928506,-0.21288254352785824,0.5109539959140242,65.38891298853468,65.72322141286104
1333,5.0,-9.0,-1.44,0.9363012904759165,-0.0001296986591813364,0.48038473847119767,124.96491558267343,125.56447647041281
1334,8.049999999999997,-10.0,0.0,1.100580984280094,-0.07340367955742569,0.5526046698995155,56.86123118740788,57.17451232795648
1335,10.0,-10.05,0.92,1.0937080440456048,0.11923191330981607,0.6152467355990833,95.91066564708188,96.50051818750758
1336,10.0,-9.049999999999999,0.2,1.0173088832710282,0.04366476875895961,0.5572947828612598,45.02221047693394,45.27299597206642
1337,10.0,-8.0,0.46,1.1875065482845883,0.04337957043351761,0.6238045230234487,126.64423250513289,127.43494603687415
1338,9.049999999999997,-10.0,0.12,1.074120522835125,0.08342430468026558,0.5565637433638441,45.18241980401666,45.43317987801947
1339,8.0,-10.0,-0.38,1.0380985182681584,-0.023377087449529144,0.5190027249740762,96.66495793422115,97.16542006030205
1340,9.0,-6.05,1.08,1.2491760930905087,0.08406914830513816,0.6526748812197751,58.16509693604203,58.54433818320174
1341,8.0,-8.0,0.03,1.0919864794990313,0.09802138583798073,0.5721526811247685,120.29202300619954,120.97938616264193
1342,7.0,-7.0,-0.4,1.9002192676311118,-0.5379912190332365,0.507645596614746,86.08173460796867,86.51609520270176
1343,8.049999999999997,-8.0,-0.14,1.0862500571262665,0.02807200174116512,0.5490193163189145,50.64151551973292,50.91942404400961
1344,8.0,-9.049999999999999,-0.56,1.01916467693048,0.0512712617514144,0.5063012561783967,93.02445507630603,93.49494302550302
1345,5.049999999999997,-5.05,0.07,1.9631610635746302,-0.7053966666636577,0.6438783603637569,71.98128291630864,72.44815380796246
1346,16.0,-11.05,1.98,1.3852804846781284,0.26892540965795897,0.7945653712717734,25.284175141127857,25.48503212179441
1347,7.0,-7.0,-0.28,1.55606143637472,-0.44285252404257136,0.5139069300576751,80.55922571169964,80.97019852100995
1348,3.0,-2.05,0.15,2.5199725004342888,-0.73150854626782,0.7823432317077673,29385.45701434749,29615.451340785472
1349,12.0,-10.0,0.44,1.1188394979414498,0.09020380549639462,0.5753584572786825,37.75783815045403,37.97510549319238
1350,7.0,-6.0,0.39,1.4873451438678753,-0.03530373855261233,0.6614411715590148,143.04642362924113,143.99048270687558
1351,8.049999999999997,-7.05,0.3,1.4223931596186035,-0.2910082226984854,0.5963865880247156,65.51485976015289,65.90642000126168
1352,7.049999999999997,-8.05,0.63,1.019351439230567,0.05226082435807511,0.5956634115842732,48.907516285954145,49.19890724921448
1353,12.049999999999997,-13.049999999999999,0.27,0.9142979488894074,0.14818446405652852,0.5689809685003507,34.00942449962285,34.20268740047232
1354,8.099999999999994,-11.0,-0.69,1.035026279917263,-0.003145044294199994,0.5314943168421098,35.545396148636144,35.733875070546006
1355,5.0,-4.0,0.41,1.9243998290533297,-0.6007538492837963,0.6522821248965781,105.50877734074146,106.19683713019309
1356,6.049999999999997,-6.0,-0.43,1.5110859012488276,-0.3973379408911127,0.5337834066155882,82.42595315142773,82.86356602381264
1357,11.099999999999994,-13.0,-0.7,0.9443556139375581,0.14760979751600536,0.5274805805381935,36.82765616589702,37.02137413430816
1358,9.0,-7.0,1.31,1.0668279365116877,0.16531183391962367,0.6387410302167157,33.13795278625577,33.349425137567415
1359,9.049999999999997,-8.05,-0.1,1.2920155779506033,-0.0007372507118406398,0.578186636850931,119.15990597204883,119.84821722087383
1360,9.099999999999994,-7.0,0.49,1.3579563360665978,0.01066023333372277,0.6102029637279796,64.62225462584279,65.0164417862366
1361,10.0,-12.0,-0.58,0.9774038601773379,0.06853895757046276,0.5443936042979611,36.52082510992929,36.71967949052288
1362,10.099999999999994,-10.0,0.17,1.0561214967982901,0.11612884741833394,0.5773479085607012,41.617483680494836,41.8577071555053
1363,12.099999999999994,-10.0,0.32,1.0649446408094267,0.10423831997368242,0.5864279578263042,38.69487205393259,38.921600023751665
1364,4.049999999999997,-6.0,-0.09,1.3958997321567896,-0.6670897142424729,0.541325398542089,95.62875825805374,96.14415377946779
1365,9.0,-10.05,-0.05,1.110465309639757,0.031639929202722385,0.5659789936101831,53.5460529275785,53.84883151014951
1366,9.049999999999997,-10.1,0.2,0.9960180562699184,0.12214322895062713,0.5726093050976316,48.923335779252355,49.20340966819689
1367,12.0,-10.0,-0.36,1.0434055569716976,0.2042126270951032,0.5576425632795161,48.665381207263835,48.93685611748482
1368,11.049999999999997,-7.0,0.83,1.5176829828684328,0.0026686918199544272,0.6412011634391098,63.030618457822975,63.434026852050465
1369,9.049999999999997,-9.0,1.32,1.2194227470110048,-0.12928980187458652,0.6542363367078444,60.29441620265432,60.68784393547798
1370,13.0,-15.0,-1.01,1.032551108491052,0.02654153198111957,0.5309321241249514,42.991782631990546,43.22018227057324
1371,8.0,-9.049999999999999,0.15,1.3272531100315856,-0.3029521918127273,0.5685001616715345,69.21153841525108,69.60430493374466
1372,9.049999999999997,-9.049999999999999,0.72,1.024292553455352,0.14393779618614208,0.5967803782823862,48.56843538950906,48.85839015673966
1373,8.049999999999997,-11.05,-1.11,0.9844320561137324,-0.08115986583578887,0.4720422773700008,52.11052426593026,52.35651320889501
1374,11.0,-7.0,0.88,1.3874522544210743,0.08309712218413692,0.6497887758449866,44.004816215042226,44.28984129499808
1375,10.049999999999997,-9.049999999999999,0.65,1.0313064776140408,0.2006887910388655,0.5825281242017303,83.1849399821404,83.66962357291119
1376,9.0,-12.05,-0.98,0.9671713763139939,-0.05568912774583809,0.48022154734738315,97.44458836395063,97.91073942911667
1377,10.049999999999997,-10.0,0.13,1.0016178141297452,0.12869110101281636,0.559761873979139,87.50976731061806,87.99924688637438
1378,2.0,-2.0,0.0,2.4621702471659273,-1.3687420175952034,0.5337639057804863,25947.051648242395,26087.494171169285
1379,9.0,-7.05,0.67,1.4102453814085136,-0.19003971828280042,0.6272185863086135,135.3829322681662,136.23011265502356
1380,6.049999999999997,-8.05,-0.73,0.9819010916530644,-0.13531870857605738,0.46506531790956873,108.99959001620122,109.5064875468186
1381,9.0,-8.05,-0.39,1.1475604407577045,-0.11983170961710916,0.492048692839533,111.05930115722167,111.60411450139625
1382,9.099999999999994,-10.05,0.04,1.138339135319171,-0.07151276826789285,0.5450168067506116,97.63630684155397,98.1672880733092
1383,2.0,-2.0,-0.09,2.567488451453423,-1.1783213748462527,0.49959506399432185,29699.181094400574,29846.770147498595
1384,10.049999999999997,-8.05,0.43,0.9232690670235519,0.10133073920029961,0.48785061730545126,91.68956111311594,92.13665123100071
1385,13.049999999999997,-11.0,0.31,0.9916263496534716,0.0611481417076422,0.4966648059393885,85.90320735884129,86.32942932458904
1386,2.0,-2.0,0.04,4.000181714643178,-1.9176442345423024,0.5369378488487496,53691.12335979569,53969.40716478672
1387,13.049999999999997,-14.0,-0.32,1.6267989784734795,0.10725163995028222,0.8396532961540675,55.76935991509826,56.23746235187348
1388,8.0,-7.0,-0.14,1.6095872456924047,-0.2544669248528289,0.5799922416165278,88.19969544597717,88.70997132480599
1389,8.0,-9.0,-0.63,1.1503800195749498,-0.1183815321344821,0.5142074316393326,66.79592504861803,67.13839059205158
1390,6.0,-9.0,-0.18,1.092249680394748,-0.21096792201149706,0.5159788715245138,73.97585497974819,74.35723234401867
1391,16.0,-14.0,1.33,2.016177291988149,0.47351425419044574,1.2403338594482904,59.23980362093041,59.97386727604472
1392,7.049999999999997,-8.05,0.29,1.347032930556246,-0.31601760684280855,0.5631852385539365,78.56455341238478,79.00681076178198
1393,6.049999999999997,-7.05,-0.02,1.368500892593642,-0.3526746484468838,0.539448633572846,89.0839961163674,89.5648673702252
1394,7.049999999999997,-7.0,0.85,1.2179052397043475,-0.037966332465999904,0.6324448503454726,71.33984221155835,71.788394730952
1395,7.0,-8.0,-0.45,1.2133134051728955,-0.09795990430049271,0.5276891883415469,73.76116125945407,74.14969553349447
1396,7.0,-7.0,-0.66,1.3828425046756936,-0.1960780343379303,0.4763310001069047,79.42571452568494,79.8029016043162
1397,8.049999999999997,-7.05,0.35,1.5416479910354663,-0.2645215093604017,0.6350071961149465,80.51182898140924,81.02317578824375
1398,7.0,-7.0,-0.03,2.20927050340173,-0.427172244436764,0.8370449202715625,120.1552335491652,121.15901362697527
1399,5.049999999999997,-5.0,0.18,1.579908133505552,-0.3957982847226503,0.5932743879027971,109.58211172929882,110.2307304012722
1400,5.0,-6.05,-0.16,1.0819739685268375,-0.14039708230002576,0.5110118943566269,84.0126472631753,84.44102795873782
1401,5.049999999999997,-6.0,-0.04,1.3641332932044223,-0.29146779896287045,0.56012955680306,91.72189487224054,92.23641302595743
1402,12.0,-9.0,0.93,1.4880461395761553,0.2470692353122055,0.8295896118790822,417.92334880087367,421.3794802255826
1403,8.0,-5.05,0.68,1.6221360328432883,-0.2096569641110077,0.6416855461583366,90.24121330998989,90.8200026468408
1404,7.0,-8.0,-0.55,1.3826173631205108,-0.3060781896928589,0.5099357843121102,74.93747992658992,75.31767622211314
1405,5.0,-3.05,0.27,1.6360854220089514,-0.2130067820107459,0.5871461854490196,113.52298467125995,114.187170659774
1406,6.0,-7.05,0.17,2.11326481601178,-0.42664235923635613,0.8501362819735018,772.7349261283102,779.279780791241
1407,6.0,-5.0,0.14,1.6045776977100275,-0.39081699549758053,0.542577995557005,106.50306938081688,107.07665214244206
1408,10.0,-11.0,0.08,1.8113983295471903,-0.14728802032381866,0.8248744668868169,509.9133238423142,514.122906830551
1409,5.049999999999997,-6.0,-0.43,1.3378281745670326,-0.3080516338171827,0.45125371870304926,95.39204780483884,95.8206290749827
1410,6.049999999999997,-7.0,0.09,1.2183860596145486,-0.19789621515615388,0.5230788750310448,83.55240238288785,83.98885459610901
1411,4.0,-4.0,0.38,4.012022252505743,-1.5781311944515581,1.1964528885173413,1235.3703741615354,1249.6188673963163
1412,7.0,-7.0,-0.18,1.4783996583696197,-0.42541632786552547,0.4913157599644044,95.56492411895455,96.03210359175897
1413,7.049999999999997,-7.0,0.71,2.6935549466586166,-0.6529052585828943,1.2042507370939577,686.4661875471404,694.7256659214177
1414,6.0,-7.0,-0.32,1.418747404930825,-0.6078241692088463,0.44132416886617404,107.52048011151051,107.9921970390735
1415,4.0,-4.0,-0.26,1.4922515045146545,-0.4784767173171599,0.4271635219021308,633.3453487260391,636.0287654506405
1416,7.049999999999997,-8.05,-0.87,1.2166203751946203,-0.17931693287417846,0.47640551525881775,77.58102272997172,77.95072165711139
1417,8.0,-7.05,0.73,1.843266179162965,-0.2730404196893452,0.8685350007959297,549.0783368415963,553.8438722771879
1418,7.049999999999997,-7.0,-0.07,1.396702769354317,-0.20218747682731433,0.5372769355315109,428.3546319424155,430.6617923135163
1419,12.0,-11.0,0.8,1.972451709061247,-0.19003636397527202,0.9289416417572867,39.62405508081516,39.99144685136364
1420,10.099999999999994,-10.05,0.49,1.7484112807529097,-0.015525222102925422,0.8273412861613371,38.97236793195987,39.29567704090854
1421,2.0,-2.05,0.02,2.6882468596921925,-1.6600703220019661,0.6249666135430815,1035.1691085485938,1041.8507409911444
1422,8.099999999999994,-8.0,0.18,1.9763256831717844,-0.4180104070011663,0.844150789079765,614.3561166128944,619.5190649648035
1423,5.0,-6.0,-0.3,1.1553697097486453,-0.3024181964458424,0.43546315726054063,95.1295150600489,95.54281475343407
1424,13.049999999999997,-10.0,1.36,1.4887287111744822,0.2731898027414378,0.8527513780855501,32.67112493661272,32.94913064197201
1425,8.049999999999997,-9.049999999999999,-0.19,0.9442940555837697,-0.08808422329838785,0.4638698880428306,300.84503144620584,302.23820835172296
1426,6.0,-5.05,0.11,2.4425036606174118,-0.7633189151949137,0.8471311239228138,864.5255673977088,871.794104835147
1427,12.049999999999997,-9.0,1.28,1.7886500110097665,0.03802612733262931,0.9299230671357092,39.767557749072964,40.1367404049144
1428,8.049999999999997,-7.0,0.01,0.9710022877586144,0.10496166157591204,0.4728119656389789,264.52233652777346,265.7710680741691
1429,13.0,-11.100000000000001,0.3,1.6456025058678643,0.02678106990192713,0.8408653859761531,37.00151490601334,37.311753930169566
1430,14.0,-12.0,-0.2,1.5760409992683817,0.18133024764402716,0.8155395241325247,32.257807830039454,32.52048834291018
1431,8.0,-8.0,-0.25,1.0806185732943199,-0.008987165214862316,0.5082105072358117,215.46672122501457,216.55987912351196
1432,6.0,-8.0,-0.64,0.8904766356938435,0.011261023593192719,0.46732979131930635,195.20219972908598,196.11216640086536
1433,13.0,-15.0,-1.43,1.4908432074610078,0.16855226942708146,0.7760551292388576,30.03048184171635,30.26350843823759
1434,12.0,-8.1,0.77,1.7800778751431927,0.0611474283486173,0.894033408444504,39.58254134325167,39.93553479462694
1435,11.0,-11.05,0.15,1.710499207070436,-0.1463950057336634,0.8422488642723728,37.17658536583261,37.48943576083046
1436,11.0,-13.0,-0.65,1.5540757670060643,-0.22394712227101266,0.7079231760026421,232.87953077726203,234.5279415392093
1437,11.0,-13.049999999999999,-0.19,1.5321330599073322,0.003573774199006915,0.824105979252724,223.38168640779597,225.21844792344996
1438,12.049999999999997,-11.0,0.76,1.5428296928287186,0.1300959116743169,0.8777267214125831,200.14544470085195,201.89973755571788
1439,11.0,-11.0,0.33,1.5165094032168358,-0.013956061754977924,0.8160136339784718,36.59870211898516,36.896850156184364
1440,7.0,-8.05,-0.38,1.8726783128054578,-0.7492975285485289,0.7179166571666687,54.42788255865257,54.81532022037864
1441,10.0,-7.0,0.87,1.9712926821187384,0.057085827928807606,0.8956925193519418,263.0591084936375,265.40782979235706
1442,8.0,-8.0,-0.4,3.63488175275786,-1.0372627457340355,1.0980456099697227,394.8107156358057,399.1620018535177
1443,11.049999999999997,-9.0,1.11,2.4978849160643737,-0.044295552512387974,1.1694423259904163,267.58930257279326,270.70915167029347
1444,8.049999999999997,-9.0,-0.6,2.487262685796619,-0.8073608308033298,0.7958631957319068,692.1485449572058,697.6968023997638
1445,7.049999999999997,-7.0,1.11,1.4047088694848673,-0.14114653256058096,0.6640739416313508,420.99568539009886,423.7985613604003
1446,15.049999999999997,-12.0,1.49,2.513463985383224,-0.0844885389668295,1.1722969135110413,217.57468613483613,220.121253451895
1447,5.0,-7.05,-0.74,1.066427394772624,-0.2903224044893762,0.4261813433900354,373.25634452586434,374.8421146820472
1448,12.049999999999997,-10.05,0.77,2.634878441260743,0.18723932097218193,1.2346298034213112,229.98045847336525,232.8104139533192
1449,8.0,-7.0,-0.2,1.5047566013133644,-0.35496942324781766,0.5066380110343895,57.659931418442774,57.95077574612287
1450,10.0,-9.049999999999999,0.12,1.9085828637674735,-0.3693307692610964,0.7436474490648672,89.15975855408027,89.81957075127862
1451,6.0,-7.0,-0.17,1.2384217802887036,-0.2112882322503834,0.5177079129173903,53.035417396345636,53.31049224102702
1452,11.049999999999997,-11.05,0.51,1.649062152542691,-0.01988484620651223,0.8435008978055698,68.39746514304859,68.9721866605783
1453,6.0,-7.0,-0.61,1.3058951741982707,-0.3092996262894436,0.44774827339502365,63.291544112170726,63.57502265206676
1454,3.0,-2.0,0.1,3.8377373851857493,-2.0262921369206306,0.8788762473993651,8735.63903648669,8811.07667336804
1455,7.0,-7.0,0.13,1.1980646473443797,-0.19140361906926665,0.5372862918608067,54.833129634017624,55.12653772586437
1456,9.049999999999997,-8.05,0.97,1.7833045960164862,-0.04656189925747625,0.9232535455583576,81.60632160683315,82.35849576151878
1457,7.049999999999997,-5.05,0.43,1.5271789789648866,-0.16775000275112084,0.6440154000465632,55.53063881515908,55.88816192983596
1458,13.0,-7.0,2.59,1.8359571181803922,0.27643283171831823,1.0193007075179725,65.52540307947814,66.19278264879024
1459,6.049999999999997,-7.0,-0.38,1.2148380714972498,-0.20641195103731652,0.5192605241544954,53.85936202807169,54.139625309067576
1460,10.099999999999994,-11.0,0.45,1.6085023479769636,-0.025531109121770243,0.8475034971719758,64.09642456512057,64.63901404349143
1461,7.0,-9.049999999999999,-0.28,1.2437121070960773,-0.35321864556305027,0.5130598850827007,56.90366874464214,57.192475845865125
1462,6.0,-7.0,-0.4,1.2128175505750967,-0.3511347490015161,0.5080440351606512,79.78300531141056,80.18978907072481
1463,8.049999999999997,-7.05,0.24,1.5741236040928446,-0.2922659590860065,0.5755892264788015,78.17093212917645,78.62177179803011
1464,10.0,-8.0,0.63,1.7852856701647988,0.034447859259774165,0.8675575911468524,80.95521743079084,81.6569185627212
1465,5.049999999999997,-7.0,-0.64,1.3679252923516496,-0.6689599431321627,0.4442978865700233,90.75664180556346,91.16106809831963
1466,12.049999999999997,-11.0,0.12,1.7265262016227567,0.011756765015635247,0.8113078224160775,70.94542605471392,71.51919971386022
1467,4.0,-4.05,-0.06,1.5402620584632833,-0.6883010225939626,0.5155058707210542,118.24203650473495,118.84594936267415
1468,8.0,-10.0,0.16,1.8078078745832311,-0.26735394217482644,0.8447553823949767,99.68854320447149,100.53047063575345
1469,5.0,-6.05,-0.48,1.506895749447231,-0.41505760670611425,0.5062302425288188,87.30579138211232,87.74856692199008
1470,13.0,-10.0,1.6,1.8176234399178433,0.08073830660038012,0.9450884062058029,72.59957518079736,73.28421131908601
1471,6.049999999999997,-7.0,0.27,1.6060554676893948,-0.2496193659630087,0.6345078142388445,88.64547426391168,89.20552724480066
1472,9.0,-8.0,0.46,2.0574017586388296,-0.23738685051051361,0.8966502031955634,95.21318440719128,96.06311805198774
1473,5.0,-6.0,-0.39,1.439791416647363,-0.4366414487300355,0.5092982978950461,97.36701428504335,97.86089261820234
1474,10.0,-9.0,0.47,2.002214964440842,-0.09080195038881689,0.9163320656397689,82.83153065920833,83.59110726216834
1475,8.0,-6.0,0.48,1.5457181907013302,-0.13591521127671313,0.6703349905497773,80.28672824894255,80.82393860756402
1476,10.049999999999997,-11.0,-0.23,1.6646982225807825,-0.2549831522692917,0.7116752964370118,63.32950977652689,63.77948709410432
1477,7.049999999999997,-7.05,-0.92,1.622684078491103,-0.2050629211016136,0.5414315383478668,80.18796378378423,80.62311914792724
1478,7.0,-6.0,0.67,1.9657358729653933,-0.11986958477493183,0.921325971820398,116.0328054415108,117.09893355893816
1479,6.0,-6.0,0.0,1.586413710724807,-0.2482463826353528,0.6494752057468582,82.32035488056245,82.85483456597733
1480,8.049999999999997,-6.0,-0.1,1.6453041168057094,-0.23121641677418328,0.5577394424957456,82.18801934140006,82.64518932114743
1481,6.0,-6.05,-0.35,1.6607468870586117,-0.35274305151075397,0.6094577754051987,88.36982905219597,88.90148553791315
1482,6.0,-5.05,0.41,1.6923609921797602,-0.3927334629311056,0.7494189166147638,101.51222793263395,102.26998337279207
1483,6.049999999999997,-6.0,0.49,1.9843096845341894,-0.41343862978770324,0.7812585319115535,98.32341638007487,99.08404710009874
1484,10.0,-8.0,0.2,1.3782318104521796,0.22142416808137455,0.7112694570198872,216.93535996700234,218.47601755283125
1485,8.0,-8.0,-0.51,2.2308485245395606,-0.7840201304146043,0.6301171980348712,95.09440831173644,95.68601906236577
1486,8.049999999999997,-8.05,0.05,1.7953421002161796,-0.3237937655928572,0.76419059136539,320.254502261103,322.7054495724653
1487,9.0,-9.0,-0.42,2.15164892790954,-0.6409381902020554,0.7016223596092024,96.87875417580246,97.55548091714823
1488,9.049999999999997,-9.049999999999999,0.99,1.7866030756670488,-0.11554122006213247,0.8931271786394341,272.590389007883,275.0178594663545
1489,7.099999999999994,-10.0,-0.33,1.484102826825737,-0.2176080252739951,0.6703360396128392,288.06763941808424,289.9897735027193
1490,8.049999999999997,-8.0,-0.23,2.1156558200013795,-0.32218150195476025,0.7675202309246251,47.74771464732957,48.11381907379602
1491,10.0,-8.05,0.69,1.7919121482437266,0.014052961483779037,0.8353703399188351,76.06156307869901,76.69374951394258
1492,7.049999999999997,-8.0,0.01,1.9312864553632905,-0.14893043968003947,0.7759926038999323,86.84872722004225,87.52051993704514
1493,9.199999999999989,-11.05,0.02,1.5659619315090405,-0.17443562609907212,0.7287545845864862,36.472271777162646,36.73731640258448
1494,4.0,-6.0,-0.77,1.4982381235126152,-0.6554880805135896,0.4803020881325666,104.56692547307432,105.06074637420294
1495,9.0,-7.05,0.91,1.9009044119133178,-0.026817761320160463,0.9541817172445576,46.46518095842608,46.90750127043972
1496,12.0,-11.0,-0.05,1.8434707094660803,-0.2142741981950524,0.8228675566661425,40.21985288349763,40.5499724274827
1497,5.049999999999997,-6.0,-0.2,1.6479529767904901,-0.33692453917608645,0.6702215252408196,91.85626241239088,92.4678875425667
1498,10.049999999999997,-11.0,-0.05,1.9440699723222523,-0.40534460780907594,0.8176311181589303,46.902123293340374,47.282474368414526
1499,7.049999999999997,-6.05,-0.14,1.6988332096314274,-0.3411095590097882,0.6726424343593795,82.94659816837631,83.50535742641404
1500,8.049999999999997,-7.05,0.85,1.8834515938351228,-0.015182709178748578,0.938735261598386,48.460064940468364,48.91466286498555
1501,8.049999999999997,-7.0,0.49,1.791223948762911,-0.22036527356112076,0.8007988106198067,85.0599021439079,85.7349505977359
1502,8.099999999999994,-9.0,-0.04,1.810426215095168,-0.2709050247342696,0.8300082044780349,52.671071887268006,53.10655391139349
1503,6.049999999999997,-6.05,0.37,1.5581958363539505,-0.3227648637401884,0.7144146997659591,85.99350562154464,86.60644341791796
1504,9.0,-9.0,0.21,2.0800501311483166,-0.29371574836778236,0.8602405449573393,51.96040353801302,52.40638974175477
1505,7.049999999999997,-6.0,0.43,1.4982564997607073,-0.15801249398903414,0.6257392399405702,77.1933058381487,77.675748855684
1506,7.049999999999997,-7.1,-0.55,2.1445413081265188,-0.6239734208856482,0.7110961356601615,64.61995272814418,65.07690622286155
1507,8.0,-6.0,0.8,1.5124499973432548,-0.04705929658121659,0.7040627618469493,49.32526701226025,49.670504506275286
1508,6.0,-9.0,-0.92,1.062000678643314,-0.30695262457002104,0.44808135887720807,48.4968763011184,48.71378632144342
1509,9.099999999999994,-10.0,0.15,1.6217220973626896,0.0902697139812128,0.8493871143584661,41.168112381754696,41.5170961509557
1510,8.0,-9.049999999999999,0.67,1.97548797871411,-0.36336432264063856,0.93684905893452,58.797011455603744,59.34826659162399
1511,11.0,-10.0,1.02,1.763097285263897,0.04159151671101646,0.9215212103130545,39.98709085303592,40.35569133238829
1512,6.049999999999997,-6.05,-0.66,1.214566251125264,-0.2064425487623672,0.4581668904494806,49.22030624631517,49.444262035683096
1513,8.0,-5.05,1.3,1.5092283566093574,-0.05363725741972179,0.6704844398339707,49.465496100299006,49.79639995633777
1514,6.049999999999997,-7.0,0.19,1.3312827247876682,-0.2678341097145167,0.5967896534250215,48.8514921506507,49.142626362024664
1515,13.049999999999997,-10.05,0.73,1.5922931328563326,0.19485179014139714,0.8886494742137623,51.34031515044474,51.79562566806022
1516,6.0,-5.0,0.45,1.520762157377513,-0.14095830373054066,0.6835238873747669,50.74491869466475,51.09200928699985
1517,4.0,-3.0,0.37,4.402195189023609,-1.3518790724360656,1.2502422124919503,189.41964914234563,191.69254846968207
1518,6.0,-7.0,-0.07,1.5831502682169323,-0.3425373911873805,0.6559797494810617,52.910820991522826,53.25779005118311
1519,7.049999999999997,-7.05,0.39,1.89021839173961,-0.4905319871329955,0.7780801789572432,53.581999180677876,53.997234691544826
1520,5.0,-7.0,-0.53,1.6602307427587195,-0.27904350495959773,0.6375143305560678,51.78921017856035,52.11913365625946
1521,6.049999999999997,-7.0,-0.04,1.743106755086251,-0.5358622215498413,0.6978562298019788,55.90257982118514,56.292184524902595
1522,8.0,-5.0,0.55,2.915285589161999,-0.45657469258612776,1.003376417020641,127.50229629861761,128.77766231642428
1523,4.049999999999997,-4.05,0.11,1.8593048515956603,-0.5635143092874557,0.7026215345659566,67.91726086077004,68.38879595657409
1524,11.049999999999997,-11.0,-0.1,1.8152295686710047,-0.0384856520255779,0.862930456431675,70.59541447448986,71.20352843078764
1525,11.049999999999997,-11.05,0.75,1.8825210040526792,-0.026022418364368787,0.9274408421325516,68.39591333119587,69.0281429065874
1526,6.0,-5.1,0.11,1.6890330735104813,-0.2320766776449927,0.6443288815668562,231.89281798227256,233.388914357692
1527,16.049999999999997,-13.0,1.82,1.6930991686225112,0.17110964412546936,0.9437932113338111,53.04005733455385,53.54083825072342
1528,5.0,-5.0,-0.32,1.5089239199827607,-0.33293930253323745,0.5551599735165539,226.31016502580692,227.56521256903454
1529,5.049999999999997,-6.0,0.32,1.6962667193540861,-0.40961860585215326,0.6779931997833464,233.53209625539745,235.0938139001825
1530,12.0,-11.0,0.74,1.9921046243404088,-0.12532618349451133,0.960125315246609,64.92212715841168,65.54604918794466
1531,11.049999999999997,-7.05,1.17,1.9721082812396609,0.15060489569823368,0.9742798907055698,65.38844091677653,66.02507995525247
1532,4.049999999999997,-4.05,0.18,1.7203012511307008,-0.24970481183160215,0.6837918955901546,276.1960055237837,278.08720494365036
1533,10.0,-8.05,0.36,2.198381060122004,-0.013201506501736689,0.9303765603324511,69.51677372552938,70.16279676056682
1534,3.049999999999997,-4.0,-0.49,1.4724833920196774,-0.7060949961590044,0.38317880318308345,310.92988188508144,312.12670545225234
1535,9.0,-11.0,-0.12,1.6843824302754349,-0.14062226759012614,0.8730052972484692,67.03991876973079,67.62576331828731
1536,6.0,-6.0,0.28,1.647226559656139,-0.6083544859016237,0.6370281026691009,254.82046494923034,256.43355399294177
1537,5.0,-5.0,-0.19,1.8715064535166563,-0.4130004375640331,0.6457884956648478,255.27360902042565,256.90443393767526
1538,7.049999999999997,-7.0,0.24,1.8662502662487697,-0.3969940113532496,0.6888204128293538,226.02203259541733,227.56969433079416
1539,6.049999999999997,-6.0,0.67,1.7542202980395718,-0.2018098963190737,0.7704993266969891,233.93644334747046,235.7291360094335
1540,7.049999999999997,-8.0,-0.45,1.8089747535314047,-0.4813038354014174,0.593786017583611,246.56312882957383,248.0373365083516
1541,6.0,-5.05,0.27,2.459479939857335,-0.6949380373373333,0.8822681102530463,98.05916242237967,98.9178422233462
1542,5.0,-4.05,0.42,2.037998679279002,-0.5473618090045165,0.8060540614463902,312.7367138245714,315.23564918131984
1543,6.0,-6.0,0.18,2.0046763968243844,-0.5509250437360662,0.7042132438969542,170.3150589095071,171.51095777275398
1544,6.049999999999997,-5.0,0.44,2.3088483695520767,-0.37976404534339714,0.9037033375345603,82.698404258671,83.44571676289218
1545,4.0,-5.05,-0.23,1.4529931259111326,-0.4463352108673214,0.6307802277374329,170.34846664454903,171.41712901187853
1546,8.049999999999997,-6.0,0.56,1.8794528603273364,-0.19724775561674038,0.7695935090334112,159.1242189636432,160.33977981540343
1547,8.0,-5.0,0.68,1.7974951948963183,-0.1023341127219817,0.7724028550405306,159.36754954598564,160.5950380321606
1548,11.099999999999994,-10.0,0.65,1.5668448616778425,0.11107603919974092,0.7611300931897809,146.1332054574595,147.24699211517057
1549,12.0,-9.0,1.09,1.6559712164322506,0.16542458294015883,0.8195897066489242,251.51363368840154,253.56774916088813
1550,3.0,-4.0,-0.39,3.5309783894358895,-3.26702987969196,0.413204555722128,220.30809446810107,221.2205687240444
1551,11.149999999999991,-10.149999999999999,1.05,1.3842647624457982,0.25316598678711755,0.7987211054385212,113.80921763589346,114.71819519651226
1552,10.0,-10.0,-0.27,1.440767478954036,0.0003534878004130683,0.6802136249677311,134.8874115223731,135.80317160980763
1553,4.049999999999997,-3.0,0.09,3.897284730933888,-1.4814669566674696,0.9337180213817794,6509.402223564983,6570.42858072092
1554,6.0,-5.0,0.48,2.0386883914521405,-0.4556006130954037,0.774474591697338,239.39636524093044,241.2405023969533
1555,8.049999999999997,-10.05,-0.75,1.4920425202306646,-0.0866812384889959,0.7049232300856157,155.0220030889923,156.11340917716373
1556,13.0,-16.05,-0.89,1.6854435401803787,-0.0026255931747293268,0.8196878299791237,50.42747662255023,50.839849363180356
1557,7.049999999999997,-7.0,0.16,1.8873492470685957,-0.26799949972697984,0.7296664346577514,234.55054483063057,236.26038392671165
1558,10.0,-9.0,1.09,1.493342471633469,-0.029496000705930364,0.7697000072282796,124.85422501441677,125.81487471978802
1559,6.049999999999997,-9.0,-1.77,1.2096213698208929,-0.05165600869096956,0.5721700826146772,119.14180287025158,119.82331606481416
1560,12.099999999999994,-10.0,0.92,1.6825407505392018,0.13605403955883555,0.8857140776883932,281.8330136665649,284.32822574520947
1561,10.0,-12.0,0.06,1.594451740894856,0.06901810531634829,0.8741931468175642,111.76032681424267,112.73615403158395
1562,1.0,-1.0,-0.01,15.474473427079669,-12.341252735330825,0.9203750333854116,1243.4739976764881,1252.0863930736612
1563,6.049999999999997,-5.05,0.62,2.322767747478211,-0.49642937491514266,0.9677517862432643,222.4389894811099,224.59280147578755
1564,12.0,-8.1,1.09,1.6296736362642108,0.29620745863428305,0.9196893210483275,126.47943009162815,127.63903912058413
1565,10.0,-11.0,0.67,1.590753352483779,0.06318574563808836,0.8436495716136243,135.79406403932614,136.93692224264822
1566,9.0,-11.0,0.16,1.5043793056332737,0.026250997700819744,0.8280202261557086,63.11211743720307,63.6332673807657
1567,8.249999999999986,-8.0,-0.18,2.1026530532507612,-0.2352172604606585,0.8097673930787265,89.09757798800028,89.81835083129516
1568,9.049999999999997,-11.05,-0.99,1.3264360801273307,0.05087372186264816,0.6845137108736938,159.9257550116573,161.01822220066254
1569,8.0,-7.1,0.81,2.099978129583592,-0.3878768965284105,0.9170515203261541,185.89205323777983,187.5864310663127
1570,7.0,-6.05,0.66,2.4306459467223194,-0.5642855685841808,0.9710417498879592,238.4760577788955,240.77576363298252
1571,5.0,-6.0,0.08,1.9793472474906537,-0.7984271459321591,0.7560962221940172,293.94858012917086,296.15866362733783
1572,9.049999999999997,-9.049999999999999,-0.04,1.8171879514693363,-0.2192739473266941,0.7986854221420026,161.29973021526706,162.59032290009253
1573,6.0,-5.0,-0.19,2.2770268288823887,-0.4765554385935315,0.6587374477231285,303.65462830374133,305.656801213743
1574,12.0,-11.0,0.11,1.5399271764743445,0.19737598757310093,0.794562017595359,120.93240324546333,121.8922912007317
1575,5.049999999999997,-6.0,-0.03,2.468639450586822,-1.1109647258660662,0.7157984404093145,328.576375983069,330.941467164733
1576,11.0,-11.05,0.11,1.5935792531868211,-0.0697016108429521,0.7987097893347912,128.7859356258896,129.81011130655713
1577,6.0,-6.0,0.13,1.8992733669586466,-0.4544224293321614,0.7238902819399158,246.3896740233358,248.177087220908
1578,10.049999999999997,-9.049999999999999,-0.01,1.6913949376753317,-0.09779006758551187,0.8091460146090715,415.23913896743863,418.5978889894152
1579,5.049999999999997,-6.0,0.06,2.1934667595484276,-0.5357858867843382,0.7541990719782744,280.38349414275456,282.4984242096096
1580,11.0,-9.049999999999999,0.59,1.6593856334404096,0.00017438190780532433,0.8406615797435666,67.75155875283578,68.32110960981619
1581,10.049999999999997,-10.05,0.61,1.8958826789152665,-0.15243200248032618,0.8837157627989963,67.12071369481667,67.71311369623918
1582,9.0,-8.05,0.06,1.7405495532795836,-0.23763637676367627,0.7807764583613319,73.612851859562,74.18600262144574
1583,6.049999999999997,-5.05,0.3,2.4593334133448166,-0.535399161518411,0.7820587160033737,284.03695626226187,286.24502236099727
1584,12.049999999999997,-13.099999999999998,-0.23,1.422177236552787,0.11375405835033293,0.7912241938327998,47.91723586574658,48.295959497425166
1585,5.049999999999997,-5.0,0.24,2.0552912321372347,-0.3118953342136795,0.7999199398647368,265.0958200236022,267.20037250124255
1586,12.049999999999997,-10.05,-0.43,1.5943483327560513,0.17599974330360832,0.7944476564201977,32.95124788491404,33.212063895093394
1587,6.049999999999997,-5.05,0.95,2.2837378664755312,-0.3388030548114163,0.980458085626265,263.6346204552795,266.20136259410583
1588,11.0,-11.0,-0.14,1.5525232357952305,0.02741853349232247,0.7587264465662454,35.25195565153008,35.518821031627475
1589,5.0,-5.0,0.2,2.2919079758934817,-0.8507579779645091,0.748796626033255,328.91844623155333,331.38446960686304
1590,14.0,-10.05,1.71,1.508652392295905,0.18178058447485954,0.8873663468473307,29.977032501432767,30.242714944619816
1591,7.0,-7.0,-0.01,2.0111682125868913,-0.5160160067010953,0.6799016901896868,231.95391400237023,233.51575075644413
1592,11.049999999999997,-8.1,1.26,1.5548475763740006,0.2186403260562377,0.8879695018973415,33.79209106226064,34.09196653262383
1593,6.099999999999994,-5.0,0.8,2.349129735508305,-0.34792552185454906,0.946655944138716,155.73415049965163,157.20563040037487
1594,11.0,-12.0,-0.31,1.5312380090079891,0.0848523608330308,0.7850003650843196,32.4107230380484,32.664835044155126
1595,6.0,-4.05,-0.08,2.404093221383203,-0.7196542585966174,0.6744644326060176,177.48098790355175,178.67127867289128
1596,14.0,-11.0,1.26,1.4717162618920696,0.29560283079062666,0.8620564541643441,30.08316771838585,30.341799119532215
1597,6.049999999999997,-7.0,-0.37,1.4641644612138391,-0.3318864605392412,0.5748664025563592,197.1734237160963,198.30104487025994
1598,8.0,-10.05,-0.02,1.4092949401479944,0.14655866249606164,0.7841717585705941,35.845394366798,36.12658445369552
1599,12.0,-11.100000000000001,0.76,1.534397203267549,0.21889096937517266,0.8382326943168433,32.32095174967191,32.59222160130577
1600,7.0,-9.0,-1.08,1.3517109719575209,-0.16800432969751058,0.585645374414554,161.07685509154763,162.01797171835548
1601,8.049999999999997,-12.0,-1.39,1.37328402467077,0.03952351439292265,0.7264222824434846,38.63830509726234,38.918515629298696
1602,14.0,-13.0,0.84,1.7329205753859824,0.042521997713359835,0.8471215476505448,35.64821401955603,35.94982273104666
1603,7.0,-5.1,0.57,2.359494892334188,-0.38834284411309883,0.9460773817180091,237.23285411914588,239.46839768365487
1604,9.0,-9.049999999999999,0.29,1.277547539364445,-0.03719786859315691,0.6567844297818907,234.08820284662545,235.62347234791412
1605,10.149999999999991,-8.1,1.17,1.7786821253124527,0.09376665983000218,0.940844827563905,136.22293143809335,137.5032065124324
1606,8.0,-8.05,-0.65,1.983665536869997,-0.46829741433307354,0.741028325767568,170.42289883166632,171.68010501785722
1607,2.0,-2.0,0.17,4.766749087154062,-2.7731140207071436,1.1199194589002905,10344.50663796583,10454.993323055689
1608,9.0,-8.1,-0.2,1.4276914243402499,-0.04837514114985778,0.5895645919353799,312.3949398123063,314.23216438708755
1609,11.0,-10.0,0.51,1.5031922525015744,0.23368085766188634,0.8296673970370415,29.53384177190299,29.778881794513037
1610,10.049999999999997,-11.0,-1.06,1.482697283991618,-0.03686395717362671,0.6872719469149047,33.50349326327297,33.733018777420696
1611,7.0,-7.0,0.52,1.6180653606416984,0.05649287252764781,0.7967143375494669,40.172968372483936,40.49148500822673
1612,13.0,-12.05,-0.17,1.4797850739918217,0.07783433515363108,0.7788579816819218,49.922660142314946,50.311759367247205
1613,7.0,-8.0,0.13,1.2613567702073207,-0.16988396397116598,0.5848447541749914,333.795696952125,335.73778087517354
1614,9.0,-7.0,0.21,1.8435993610838075,-0.05576657765291236,0.8061374899395153,40.125863092760184,40.44832978317885
1615,6.0,-6.05,-0.69,1.3790392037870534,-0.5337607142864996,0.40530185423043014,317.9265668223509,319.21186659221
1616,8.0,-10.0,-0.79,1.561098563283407,-0.24387773677564528,0.6060602646903549,37.34033373119659,37.564957623585926
1617,9.0,-9.049999999999999,0.14,1.2731241794342332,-0.07882588622460156,0.606582186456909,275.8727125499711,277.53898858235056
1618,2.0,-1.0,-0.01,4.3916209445737815,-2.528368850738133,0.7602708060434629,795584.1763770507,801376.1463684342
1619,6.0,-7.0,-0.32,1.4186106349696082,-0.4418444714264204,0.5305383121826952,128.24891963173496,128.92675377499253
1620,10.049999999999997,-12.05,-0.4,0.9147094269855203,0.13161804522232368,0.5228704467207699,175.57480086246937,176.49213971352063
1621,8.049999999999997,-8.0,0.15,1.8627220188783147,-0.18869611025691208,0.7981845387545792,40.16916185571962,40.489400722626286
1622,9.0,-9.0,0.12,1.866493011978313,-0.2951157899995887,0.807159088659416,40.954090019052366,41.28352167066961
1623,6.049999999999997,-9.049999999999999,-1.12,1.5287324725994167,-0.297519112522891,0.5871830046871082,37.69933444541718,37.92037478517884
1624,7.099999999999994,-7.05,0.11,1.4174866090447542,0.056392553293613625,0.7852913542673644,36.68684328350482,36.974666025552445
1625,6.0,-5.05,0.11,1.6560116201691861,-0.22768969944403014,0.6703334706742965,129.4818503078966,130.34908073051682
1626,6.0,-8.05,-0.14,1.896398535805542,-0.6040531186807305,0.7860922079912388,548.7586993051981,553.0577006568226
1627,8.049999999999997,-9.099999999999998,-0.82,1.3689852642998457,-0.05771528358429068,0.6372876293116847,367.36512018074353,369.69744075596094
1628,7.0,-6.05,0.51,1.30551156105236,-0.10672909311474715,0.6215437689199104,231.9229889315905,233.35873828918145
1629,7.0,-8.05,-0.31,2.059497531715278,-0.3483637328524571,0.829023576949831,539.8454963121669,544.2739159251229
1630,6.0,-5.05,0.2,1.9169939631157913,-0.1579267650573062,0.8433070854930875,594.7613306007839,599.7957529417641
1631,9.049999999999997,-10.0,0.61,1.9084352116844432,-0.3658587117003852,0.888043601729518,482.1936296282511,486.4685357861744
1632,6.049999999999997,-6.0,0.39,1.6804450657719674,-0.3062824610327414,0.669291686765612,126.62921976808325,127.47089525689397
1633,7.0,-7.0,0.03,1.9450299245864675,-0.2925882089707096,0.7954000855467542,456.03211590627143,459.64809600798407
1634,6.0,-6.05,-0.68,1.5628021738013458,-0.4384684644184623,0.5378110026053519,136.2991167769163,137.03120555164537
1635,8.049999999999997,-5.0,0.68,2.430872707551231,-0.3204651129849747,0.9219437412056426,589.3854309872777,594.8352639629667
1636,6.049999999999997,-6.05,0.22,1.6709503677628974,-0.14781069629438148,0.7807632164539529,539.996692696897,544.1999435522148
1637,10.0,-9.0,0.39,2.3158440103242754,-0.41071483276042603,0.9078583476601999,373.4411401241352,376.81811178917275
1638,9.0,-8.05,-0.24,1.2383929240539342,-0.030087808130536502,0.5814284367994488,73.65409862924723,74.08061589643674
1639,6.049999999999997,-7.0,0.49,1.7858886116776256,-0.11915223953249385,0.9190648091918249,337.91108965413196,341.0128776119257
1640,8.0,-9.049999999999999,0.12,1.6785865182141622,-0.28329941532717995,0.842070836472456,283.03478174346196,285.417485356199
1641,10.0,-12.0,-0.23,1.8144920356873382,-0.23202743121299624,0.8255903657421545,274.18951121148643,276.44640425325167
1642,7.0,-5.0,0.92,2.1174866964949457,-0.09367081092420475,1.0116489893385958,2740.1882211678417,2767.845631080467
1643,6.0,-5.05,0.06,1.6339805568018992,-0.2698180307740986,0.636799451151124,112.0475421537244,112.7563703502775
1644,6.0,-7.0,-0.18,1.4362253615407252,-0.3364847842608197,0.5357051497610713,127.79929686795093,128.47552424000298
1645,5.049999999999997,-5.0,0.45,1.7921025111451903,-0.47595474000640214,0.7059250460574944,164.88181586500434,166.03912387724375
1646,8.0,-7.0,0.12,1.9603010870744029,-0.10833133111833185,0.8438965100103148,184.78478271513413,186.3498806742747
1647,5.049999999999997,-4.05,-0.19,2.4517753408504532,-0.7347097274373028,0.58837454322812,172.63229113988666,173.65283179185155
1648,10.049999999999997,-10.0,-0.54,1.797735362596571,-0.05291317828076156,0.8115615278512999,290.66029294439534,293.0135637703113
1649,6.0,-4.0,0.45,2.3194292091474145,-0.4194480545048801,0.7773680138519815,154.412038187216,155.6066396636949
1650,9.049999999999997,-10.0,-0.15,1.8573895799566096,-0.19583760861438107,0.8370390274853371,312.32207151453235,314.94037575503677
1651,8.0,-9.0,-0.23,1.5936610625067669,-0.3948233251524846,0.6340802626990111,111.5159238877845,112.21922013455531
1652,6.049999999999997,-6.05,-0.01,2.2808806986679704,-0.4708007174568388,0.8797911867432666,435.2574664237356,439.06434444005936
1653,11.0,-9.149999999999999,0.5,1.8772362507218707,0.061346202826588606,0.977421773152505,270.51746893476724,273.15451647863296
1654,9.0,-9.049999999999999,0.36,2.1600713674032663,-0.4193866798792487,0.9687860529738133,347.9536652305963,351.3025104606898
1655,7.0,-7.0,0.73,2.083405973329115,-0.3046145173967306,1.0007123021754591,178.81410351117202,180.5954972514645
1656,9.0,-9.0,-0.21,2.1285827020956765,-0.3687517791482089,0.8746535354610298,167.72470895927393,169.18064178721878
1657,8.0,-8.05,-0.78,1.583867981808858,-0.3103144868995511,0.6158636859881117,181.87414891142296,182.9933541091883
1658,7.049999999999997,-10.05,-0.06,2.0477050749845884,-0.369705741969637,0.9155216082976978,149.93950489344928,151.30874918662377
1659,6.0,-6.05,0.15,1.545837888301997,-0.36464878576611065,0.6685266423491025,110.04675867612976,110.78316008235032
1660,2.0,-3.0,-0.09,2.1628620824555815,-1.666825307752359,0.4852303497401549,264.0407143801993,265.28240056326354
1661,8.0,-8.0,0.8,1.8818476913880782,-0.12043700258726057,1.0291208978624526,133.0427332416198,134.41067620663426
1662,5.0,-5.0,0.07,2.3152036568635204,-1.0255305696051185,0.6897663370322317,180.2925800699559,181.53158181737726
1663,4.049999999999997,-5.0,0.41,1.795953598519184,-0.5019725422942198,0.7803604686107267,265.5964611897023,267.65697000213777
1664,7.049999999999997,-8.0,0.17,1.9620186990464115,-0.4114147538327827,0.8549460017236652,143.15443195372285,144.37813898629412
1665,10.0,-10.0,-0.64,1.553665610025778,0.055005700712439355,0.7371943393962599,99.61575896606506,100.35089485732222
1666,8.0,-7.0,0.16,1.8720141596700093,-0.08008809006744667,0.8879480736998098,137.14755245876805,138.36874069844862
1667,7.0,-8.05,-0.33,1.3342949915565445,-0.4185553628992833,0.5047927167128413,205.6712760854616,206.6998241972141
1668,8.049999999999997,-6.0,1.16,2.0685457163238077,0.07267543453524414,1.053476678781209,144.9574638654817,146.48759328824525
1669,11.049999999999997,-11.05,-0.22,1.792101926165469,-0.23198694394434102,0.8037769943866617,120.07048521104439,121.03074079688238
1670,8.0,-6.0,0.33,1.793331086257997,-0.3605515066912434,0.7220631543073214,129.57114563897366,130.5054963807412
1671,5.049999999999997,-6.05,-0.45,1.518127277716049,-0.3095180487217595,0.6131772531456893,153.78350084539025,154.72162940734881
1672,9.0,-8.0,-0.36,1.5830894805302669,-0.27803158386437293,0.5937729684599815,130.0602822901302,130.83118592475293
1673,7.049999999999997,-5.05,0.7,1.8521456712659639,-0.2558846268542612,0.8162730403809326,200.61204824097257,202.24856312219927
1674,6.049999999999997,-5.0,0.52,1.907401567883224,-0.38394339265834027,0.7907018241878346,219.30711486624907,221.03111742494787
1675,5.049999999999997,-3.05,0.37,2.7416530733627473,-0.7133682835243629,0.8009123021794424,308.0087771323775,310.4825049634876
1676,8.0,-10.0,-0.31,1.4598039714941808,-0.08549990605169691,0.6866529578366325,157.69953312052357,158.78058009941896
1677,14.049999999999997,-13.049999999999999,0.14,1.2422784601311179,0.4063970098559878,0.7889690741599108,71.28837691409507,71.85054904474015
1678,5.049999999999997,-5.0,0.52,2.181057674521015,-0.5654136293295877,0.8509926741927605,255.17795908199412,257.3440268945026
1679,8.0,-7.1,0.13,1.7461164069298913,0.01850958938200441,0.8170532625535519,66.62044458056646,67.16558901867462
1680,5.0,-6.05,-0.4,1.8661556818031708,-0.6092715995991062,0.6497425026422726,385.7167231155104,388.2048835839772
1681,8.0,-9.049999999999999,-0.32,1.732339403729837,-0.28843707938835755,0.7508103296346816,66.58046778932042,67.07882501444223
1682,10.0,-9.099999999999998,0.06,1.4955864004175161,-0.053412988386101125,0.7223453986955874,108.5511242129079,109.3350427648592
1683,7.049999999999997,-6.0,0.65,2.0646097089790163,-0.20046814482540878,0.9234572221735207,78.94058856581914,79.66606886633045
1684,10.0,-11.0,-0.55,1.377896174579197,0.038817589944341084,0.695578162557627,92.10685008975332,92.747308127911
1685,10.0,-6.05,0.57,2.218290330219738,-0.07950777237559846,0.9019089658740381,75.22180481445989,75.89468040986361
1686,5.0,-5.05,-0.24,1.8838436282048918,-0.44769758289427436,0.6651823702589736,400.1988300014327,402.8466550470288
1687,8.0,-5.0,0.94,2.1543859923340163,-0.19540877641485627,0.9326304564794714,88.03586064005778,88.85433154407609
1688,8.0,-6.05,0.7,1.7148724349432296,-0.06750150084919598,0.8321082273185106,302.60262340044375,305.10307255387363
1689,11.049999999999997,-13.0,0.01,1.6220524785571584,-0.12042102273995045,0.7638484736051635,54.11272469190456,54.52566700109016
1690,9.0,-9.0,0.54,1.6214021754585242,-0.18918433273012056,0.8149560807311172,116.4770768779933,117.42433424235834
1691,13.049999999999997,-10.05,0.35,1.5312420003840066,0.2881229273704454,0.8153042055856642,47.155564660733575,47.53902274788801
1692,10.049999999999997,-8.05,0.41,1.8534391275118576,-0.11051662789821143,0.7887745124793155,112.0421718463459,112.91848532384235
1693,10.0,-9.0,0.06,1.7299661638345631,0.046207143116056885,0.8213962392994308,62.715711385404994,63.23036126637781
1694,9.0,-9.049999999999999,0.29,1.5815269972218273,-0.26052777284934453,0.7671270654983249,246.73062250345345,248.6214733939974
1695,9.0,-8.05,0.21,1.5609419921486645,0.09290827466991446,0.8157081890969665,64.51327702868132,65.03692680104785
1696,11.049999999999997,-10.05,0.77,1.8317804516001093,0.032319706035964776,0.9190786473306205,57.06497951541742,57.58862522686447
1697,5.0,-5.05,-0.45,1.7475853071542176,-0.47434258050116207,0.5863000102821728,325.00637810162755,326.9151519907915
1698,8.0,-8.0,0.26,1.1482155245078611,0.09453032105618422,0.6494837646930439,184.16235908491845,185.35932303780203
1699,9.099999999999994,-9.049999999999999,-0.15,1.4640617608383526,0.20754083890859604,0.8284336316207306,276.0816626380204,278.3679922368499
1700,7.0,-7.05,-0.24,1.5748956249969093,-0.49193952170959004,0.5673392431653999,129.83537468703742,130.57358135623616
1701,12.049999999999997,-10.1,1.14,1.7608242906408567,0.0003153688097801161,0.9000019811969419,59.769203785876115,60.306165768269395
1702,6.0,-4.0,0.21,2.1104922315521897,-0.36817013851432007,0.7608147230642582,655.8829086459172,660.860842370445
1703,10.049999999999997,-8.05,1.28,1.8905505312310658,0.02122154317573738,0.9522623582410589,391.084930282176,394.79777550101096
1704,7.049999999999997,-10.0,-0.45,1.1624902453773962,-0.004126494425589083,0.6185254778784673,337.80349365341493,339.8875420634896
1705,10.049999999999997,-10.1,0.21,1.6317900184007472,0.039720564676124885,0.8399879057501712,334.6981933373022,337.5052976577627
1706,6.049999999999997,-5.0,0.13,2.1904455969606897,-0.5128168104928136,0.7505439192921733,487.6879954654424,491.3495367330488
1707,10.0,-9.049999999999999,-0.16,1.3301151779162486,-0.056349844241774874,0.6563394452082417,192.30209632362622,193.56123753660552
1708,8.0,-6.0,0.68,1.9263250112911048,-0.10555843540714446,0.8988528265698567,211.85147435389445,213.74406704196383
1709,8.0,-10.05,-0.08,2.1296480030032376,-0.39254727122673544,0.9727556538248682,202.18922673105953,204.15242769176297
1710,6.049999999999997,-6.05,0.1,2.0090756867139365,-0.5530534487889865,0.8385212783211524,231.2182799038589,233.15348999486685
1711,7.049999999999997,-7.05,0.23,1.4408633730747062,-0.20169406768122372,0.6197589920229764,65.8726175523022,66.28048450871209
1712,11.049999999999997,-9.0,0.62,2.274384911089503,-0.20585616610092977,0.9522452696944272,179.4611193729192,181.16973497325645
1713,10.0,-9.0,-0.07,1.4872678873305794,0.10939663723339281,0.7496806257753461,50.04905435318122,50.42323894022969
1714,9.0,-7.0,0.53,1.4577770753354857,-0.10508673750649641,0.6299734844246571,417.9623210907201,420.5895054798716
1715,3.0,-5.0,-0.82,1.5966164629482673,-1.1004054026117083,0.38081318405450426,753.9896110973356,756.8759565240772
1716,4.049999999999997,-5.0,0.1,1.7794934654487022,-0.6628538410792708,0.5648553921356172,720.9240897349042,724.9876441128172
1717,4.049999999999997,-5.0,0.15,1.696085689432981,-0.4968709663678226,0.6279302677894643,657.0629821615908,661.1904687179871
1718,8.0,-6.05,0.37,2.190191490529712,-0.2837102412027163,0.8770067779383336,140.4643906308408,141.69308253194436
1719,5.0,-6.0,-0.15,2.2437379310035164,-0.9671529103500253,0.6940140624569874,661.9428356703319,666.5132642608675
1720,9.0,-9.049999999999999,-0.24,1.483313797918346,-0.14947989522763508,0.6363772747501854,87.50490474206941,88.06001895806374
1721,4.049999999999997,-6.0,-0.44,1.5788100050648466,-0.5322495884622636,0.5714003407016213,565.3138253048929,568.5341487412602
1722,4.049999999999997,-5.0,-0.46,1.6765407048807122,-0.4966370450077251,0.507625724161975,624.5509898961119,627.688111989557
1723,9.0,-8.0,1.45,2.1215920041710734,-0.09847592181512621,1.0713437561559516,207.3606239132554,209.5745652018126
1724,7.0,-7.05,-0.47,1.4690301379081192,-0.36167549084876116,0.5372859477412174,69.82949099352663,70.2041848934204
1725,8.049999999999997,-9.049999999999999,-0.39,2.1386964703124964,-0.41168343294428394,0.8071204080841419,206.06122882422056,207.7216310087392
1726,9.0,-11.0,-0.51,1.954024997176005,-0.43472414397001385,0.8431006740460897,183.47292145652796,185.02125270078272
1727,8.0,-5.05,0.41,1.952191033163735,-0.17840006692571894,0.7409761416752545,76.7264191074863,77.29471810405981
1728,8.0,-6.0,0.25,2.0070123594376135,-0.08855263589102375,0.8673690168161687,218.99320347180281,220.89107193568645
1729,6.0,-5.0,0.11,2.087956722885768,-0.4492209591593567,0.6665022467081259,131.5157444462128,132.3878212400705
1730,6.0,-5.0,0.27,2.1255230032279333,-0.5472607058988164,0.7645939968951373,139.43826666442357,140.50096896006025
1731,7.0,-9.0,-0.64,1.8873598487819894,-0.4869431298067402,0.7771866927867437,210.1015975448577,211.72630393522607
1732,5.0,-5.0,0.12,1.9908701330845098,-0.5055816330530396,0.7271200049641371,154.45018185342312,155.57548476088624
1733,4.049999999999997,-5.05,0.03,1.7225831010828885,-0.5503645636808183,0.6773838771041336,151.49094227089768,152.52192836212424
1734,8.0,-8.0,0.08,1.9930266560905021,-0.2935615158182474,0.8468887238156231,214.32334605292735,216.13056094806248
1735,4.049999999999997,-6.0,-0.22,1.8172476880853197,-0.8500700004034913,0.6297833414562866,147.53719049604396,148.46991919215998
1736,5.0,-5.05,0.32,2.0656311973645676,-0.8430266811074933,0.7450317869832139,155.66807156167494,156.8108175884462
1737,5.049999999999997,-7.0,-0.62,1.8370586813326413,-0.7204003168933608,0.5597866160538009,121.3022270347286,121.97758093866867
1738,10.0,-10.05,0.2,1.6851248809695498,-0.1018575301223018,0.8978424692086332,162.09381199533172,163.54874410578083
1739,6.0,-5.0,0.28,1.7622439378603425,-0.21729146469591268,0.7516959890209735,82.3425637794001,82.96069823682137
1740,6.0,-6.0,-0.29,1.5777497491028993,-0.3788378332808167,0.5966278068644136,344.97396318190084,347.03732369967724
1741,5.099999999999994,-5.0,0.12,2.64736706504859,-0.760605439084694,0.8634234967373036,334.4313505130396,337.2816257901442
1742,5.0,-5.05,-0.05,1.7479546215951276,-0.664723241660125,0.5763648930965414,91.12129952057894,91.64227433889188
1743,7.0,-5.0,-0.15,1.889329304209705,-0.3175665418233099,0.5972604024148379,80.19463981179571,80.67286810514668
1744,12.0,-10.0,1.3,1.8378090166298056,-0.11155318203485791,0.8976713881932984,63.216571011331126,63.78211924809927
1745,7.049999999999997,-8.0,-0.43,1.2378317096092237,-0.20872886141171704,0.5382629903322824,59.87039542918235,60.19280107100679
1746,10.0,-10.0,0.11,1.268910003963896,0.006742465186279956,0.631866800519207,52.638453091632044,52.970559215674605
1747,8.099999999999994,-8.0,0.13,1.946046372547248,-0.23726251516069988,0.8038409236369509,74.74366270736476,75.34369309184171
1748,10.049999999999997,-11.05,-0.26,1.6786305317653305,-0.1970922295732382,0.7416433757129781,66.30978429179707,66.80090539443468
1749,8.0,-6.05,0.06,1.7846460583430543,-0.16855648714630506,0.6756878130872314,77.08864640932568,77.60758678472384
1750,8.049999999999997,-8.0,0.22,1.4553019703799324,0.15343852019011367,0.7804987642081221,64.24225041596559,64.74276768932161
1751,9.0,-11.05,-0.55,1.6479958719418282,-0.14025706101653515,0.737206763490936,61.399457714164484,61.85215251277006
1752,7.0,-7.0,0.53,1.4793577930864137,-0.16185262670791384,0.6892435246990065,70.40838040122141,70.89134750332276
1753,7.049999999999997,-7.0,0.29,1.836698811211655,-0.2817177131168726,0.8113404924182105,81.69729192468427,82.35763959587868
1754,5.0,-7.0,-0.41,1.2288477366351906,-0.3401616126300007,0.43963506007792924,78.270757605845,78.61376061303459
1755,8.049999999999997,-7.0,0.17,1.8854979298923122,-0.2203574283812673,0.8091854903195035,89.71409099895402,90.44141736334478
1756,6.0,-7.0,-0.39,1.4325739675740525,-0.40585861817490315,0.5751993479616992,77.06466216741201,77.50505464318485
1757,8.149999999999991,-9.0,-0.66,1.5670465708235095,-0.06787519657812971,0.7215235848018355,61.53179091608591,61.97505714661821
1758,5.0,-6.0,-0.65,1.5257858949279939,-0.6069441892795269,0.33918921096293375,93.48634855243908,93.80224119811399
1759,5.049999999999997,-6.0,-0.52,2.2464933391312245,-0.7969040308434864,0.6554683932174491,120.81838040431718,121.60088099847073
1760,5.0,-5.05,0.36,1.5270606171798335,-0.5791265279713452,0.6163076422801879,91.72615299988506,92.29120307403808
1761,2.0,-3.0,-0.11,2.520576928833604,-1.6857471215171707,0.49525327294361277,6105.363307030151,6134.532202198033
1762,5.0,-5.0,-0.03,1.6476421117002156,-0.4830583893587089,0.5349829932079418,97.40696608914831,97.9279601557131
1763,4.049999999999997,-5.05,-0.27,1.3504053777164629,-0.4852584187424746,0.4688286558861343,83.39599593603388,83.78672144532555
1764,6.049999999999997,-7.0,-0.03,2.092599255023418,-0.4793158474499328,0.8034895943799149,239.23133246770396,241.13890825038067
1765,4.0,-6.0,-0.64,1.4254561928943503,-0.5961808654483755,0.39333208637021344,89.41832568625262,89.77065513082921
1766,10.0,-10.05,0.05,1.4331911457228874,0.011773714043832479,0.7568339419277688,109.67430379212821,110.50301410274416
1767,7.1499999999999915,-8.0,-0.31,1.1361201150798264,-0.09124496120197542,0.49455399083038076,56.74873400776685,57.0297253891649
1768,8.0,-12.0,-0.16,1.5246102860843989,-0.3071602245407517,0.744976358025342,128.0348082501791,128.9864998611986
1769,6.0,-6.0,-0.7,1.6936453026167642,-0.3790509567594531,0.5867982884390606,191.92136970023043,193.04307865799043
1770,9.0,-7.0,-0.13,1.2498427142058817,-0.13759755233609022,0.5193811580537989,54.60336527627451,54.88574738749031
1771,10.0,-9.0,0.54,1.8586893958561543,-0.11728168934172775,0.8920141936215542,61.20562638643238,61.75154953960283
1772,6.1499999999999915,-9.049999999999999,-0.19,1.1111512679580386,-0.2610610513640475,0.5454839873261536,53.50725832806201,53.79893089968602
1773,9.0,-9.049999999999999,-0.09,1.64888989774826,-0.31889652365773585,0.7496630503332348,59.119280999226774,59.562426206143165
1774,10.0,-10.0,0.3,1.670957415751392,-0.09690521039366497,0.8179931459762656,56.029447695738384,56.48638621576479
1775,13.0,-9.049999999999999,0.67,2.0364100831075977,-0.0610248959155421,0.8083835920699481,59.456655057925715,59.93790383931976
1776,12.049999999999997,-8.0,1.15,1.6031608423043255,0.07482423727434348,0.7947724402923261,55.88355925599499,56.328756989034126
1777,3.0,-5.0,-0.46,1.452778887300261,-0.6345115160523062,0.49669332335795474,422.06526641199196,424.1450284634409
1778,12.0,-10.05,0.13,1.6910121779346254,0.031076955007233384,0.8304122705593981,48.55365797984116,48.95592165297425
1779,3.049999999999997,-5.0,-0.21,1.5256190038915711,-0.6587112072959346,0.5386196857580383,373.22777941197023,375.2368266886014
1780,10.049999999999997,-10.05,0.51,1.498447074499877,-0.10348066396061163,0.7647735893274097,52.34945329206041,52.75048607178883
1781,5.049999999999997,-5.0,-0.18,1.7718058382598978,-0.47722352928702794,0.5755101205029385,309.82694966597427,311.59004136104033
1782,11.0,-10.1,0.17,1.7549593959799132,-0.05375466531988851,0.8644703086402861,48.27694925186913,48.6938335439097
1783,6.0,-5.0,0.02,2.10978699843072,-0.508713512228056,0.6285516112853123,350.11258602980337,352.2876724435244
1784,5.0,-4.0,0.68,1.5258507274106106,-0.15304126408686106,0.7171826641443707,322.7646047027023,325.06250688057037
1785,8.0,-6.05,0.84,2.3611650399741597,-0.42036529268136863,1.0589668415985611,223.50300443891985,225.8711844296434
1786,4.049999999999997,-4.0,0.28,1.9612703856680789,-0.6882460409189944,0.6784179481391739,382.71957111908426,385.3059835264944
1787,9.0,-8.1,0.69,2.1267496748427233,-0.5080932446854114,0.9912222291575259,193.69236698749444,195.59611292706597
1788,8.0,-5.1,1.07,2.035694909767867,-0.034878287385608386,0.9848241577438582,110.88345931364924,111.97210356940603
1789,5.0,-5.05,0.12,1.611368594936615,-0.3884790738050144,0.6038593995566078,339.74905089101,341.79509400861446
1790,3.0,-3.0,0.02,3.5031158980745505,-1.527462833191292,0.788234247280141,315.8195932000965,318.33563156549485
1791,6.0,-5.0,0.46,1.7598496318541945,-0.3999401145514033,0.7178731814346712,337.19262939955354,339.6047074482579
1792,4.0,-5.0,0.01,1.7207548531059451,-0.673623328806628,0.5924338444865063,380.73342673154474,382.96596415759336
1793,5.0,-5.0,0.05,1.789435385712988,-0.38770216023854887,0.6109143703940232,312.7839512544855,314.68363450719664
1794,14.049999999999997,-11.0,1.3,1.793752466366517,0.27612251152430844,0.966959436271486,40.23974302194988,40.628537168881635
1795,5.0,-5.0,-0.16,1.937953008869721,-0.6709340289395795,0.6354924081215426,365.8691763521137,368.18173232448214
1796,5.049999999999997,-6.05,-0.23,1.5538208272587544,-0.3304736585011777,0.5979283287345276,223.39050790363615,224.71684081846053
1797,5.0,-5.05,0.15,1.6767775177895032,-0.4554619356069141,0.6645439173492421,289.83095915287447,291.7402358314333
1798,6.0,-5.0,0.42,2.0812038181726824,-0.32503949538899835,0.7826116524157182,285.2170163249615,287.44668292988825
1799,8.0,-8.05,0.1,1.739014303174419,-0.12241856989343278,0.7969111893633009,88.48282750333742,89.1853868411801
1800,5.0,-6.0,-0.18,1.8505545283330573,-0.513661455576865,0.6208432988574697,284.02826346590325,285.78713657203724
1801,7.049999999999997,-8.05,0.1,1.6475714308374587,-0.0449205223281895,0.8086445863232298,86.46648112420085,87.16259141675448
1802,8.0,-6.05,0.36,1.7746602077390694,-0.05066490748151431,0.7827544025325051,249.9064038381236,251.85322640050887
1803,6.049999999999997,-7.05,-0.04,1.7853988378507248,-0.4593804394766194,0.6810686507399576,153.61793407210521,154.6498829009149
1804,3.0,-3.05,-0.44,1.8099175279362778,-1.021087381108003,0.32074420524839625,3193.130813306106,3203.213910470182
1805,8.049999999999997,-8.0,0.22,1.5989422435142868,-0.25422735026980264,0.6367724470023007,138.04807084961666,138.92252913678084
1806,9.0,-6.0,0.16,1.872968458207966,-0.12688651355313785,0.7161424530208071,229.07299753662838,230.7101656559967
1807,9.0,-7.0,0.95,1.7894025825542395,-0.078839635609516,0.837055649870937,138.1812944685249,139.33874545115242
1808,9.0,-8.05,0.03,1.6011521349630327,-0.2204877444103923,0.6577990223801352,122.6138542766428,123.4189892650062
1809,5.0,-7.0,-0.27,1.6575734968770446,-0.48673125030603176,0.5588380294759072,289.1992671556408,290.81332136191486
1810,7.0,-5.0,0.13,1.7852553231203054,-0.1464561580257773,0.7022351789348563,261.94560937705404,263.7882528461472
1811,6.0,-6.0,0.24,1.7912520911299161,-0.37031735549846356,0.6925297768869423,157.15129783709853,158.23734752449442
1812,6.049999999999997,-7.05,-0.1,1.935195748064204,-0.39936487017478606,0.7708792214452383,153.16255879563565,154.33258853176386
1813,8.0,-8.05,-0.13,1.767986583200675,-0.3123657507439887,0.7291761019057162,136.45626466021602,137.44810979760052
1814,9.049999999999997,-10.0,0.12,1.6401035741235717,-0.19250968331318782,0.7265496187609942,123.60997902997497,124.5031354822135
1815,8.049999999999997,-6.0,0.75,1.4446068942549093,0.019735414943382233,0.6318647881392965,251.20043222204967,252.78743636191396
1816,9.049999999999997,-8.0,0.4,1.70257015989984,-0.16195983482504164,0.7088984042170375,138.65488101412953,139.6335256465114
1817,6.0,-5.0,0.62,1.7472119301663696,-0.25452891956882046,0.754349527422706,100.7129911078316,101.46861946478501
1818,2.0,-2.0,0.0,5.052785591146039,-2.8551122615585323,0.6944426014642003,10706.475687399596,10778.612974187052
1819,7.0,-8.05,-0.49,1.7306185015504891,-0.508931349521215,0.6103405528427746,39.06282227368749,39.30051363138598
1820,6.0,-5.05,-0.14,1.2421163997707783,-0.07929132568357469,0.5414025788545612,240.10508912550335,241.40172095432163
1821,7.049999999999997,-6.0,-0.15,1.4422076223030675,-0.22013533131202379,0.5112899658845265,262.8598255208075,264.1948169672703
1822,6.0,-7.0,-0.37,1.3655175912533848,-0.32892776051239603,0.44156550885194334,258.4439949565689,259.58531649239467
1823,8.049999999999997,-7.0,0.05,1.138106383809194,-0.17280995663964338,0.4657068670081749,200.87626571644168,201.8086377505428
1824,5.0,-7.0,-0.99,1.5870599448570277,-0.5271476091636226,0.5978807821781705,126.13724665882694,126.88341695993495
1825,8.099999999999994,-9.049999999999999,-0.41,1.538418753734978,-0.13525147041806035,0.6701650233448733,86.35592008759387,86.92968077376507
1826,7.0,-6.05,0.17,2.0013999063137304,-0.15892905426494378,0.8447325759718529,114.1066890696156,115.06469831825196
1827,6.049999999999997,-7.0,-0.47,1.2104569617967795,-0.236277648379487,0.4973195856011268,215.7351171886832,216.8036688305779
1828,6.049999999999997,-6.05,-0.33,1.8683491568124735,-0.19717008294434443,0.7765753166115053,113.30924415419722,114.18307373522488
1829,9.0,-8.05,0.89,1.8459431419178696,-0.019143751794260578,0.9458829774717585,90.489376285637,91.34311546670507
1830,9.0,-11.0,-0.92,0.8804384154493716,0.08884851015020441,0.4755112085302715,101.26089014601288,101.74238105656748
1831,12.0,-10.0,1.12,2.134202842496012,0.17988608706275336,1.1926210104644606,90.37944162212786,91.45503590634165
1832,8.049999999999997,-9.049999999999999,-0.61,1.7183845463225997,-0.16109035166882682,0.7442369504981634,97.18056561591831,97.90098761300564
1833,6.049999999999997,-9.0,-0.95,1.889517527782497,-0.48121061119954966,0.7450905509990859,110.6086964585631,111.43051280149677
1834,11.049999999999997,-8.05,0.88,1.7447553029118943,-0.10463935076745157,0.8037557345207763,91.68817811579206,92.41995014210364
1835,7.0,-9.049999999999999,0.13,1.8508542208772842,-0.5267153343508449,0.8064841982810391,109.27392536205654,110.14790781386903
1836,10.0,-8.05,-0.02,1.6157913295891295,-0.024045098725766142,0.784016726118102,89.7136335203614,90.41721909357109
1837,7.0,-7.0,-0.12,1.1295933123988813,0.026821935730042504,0.5642467304652169,326.540007411423,328.38135859772643
1838,4.049999999999997,-5.0,0.05,1.9560243168600526,-0.7691206771208864,0.5850318036518677,475.7544399502819,478.5184775790968
1839,10.0,-10.0,-0.73,1.6192122450080728,-0.02600483813195277,0.7413104054198204,61.41856942395788,61.87366445904855
1840,10.099999999999994,-10.05,-0.36,1.4516433908756219,0.10796923143031661,0.7831194994884438,193.01686643258782,194.5235977286654
1841,7.0,-6.0,0.03,1.2692041410083637,-0.11663935678608124,0.5203823658973524,360.6646204408662,362.54456675754153
1842,6.049999999999997,-6.05,0.11,1.6073516179167755,0.08674161935497869,0.8299363197306445,248.01810367763198,250.07168043403402
1843,7.0,-7.0,0.12,1.4744675468064115,-0.16599361949855937,0.5909764594980388,321.7724597659926,323.6709807867091
1844,8.0,-8.05,-0.02,1.9942703463554663,-0.5509768650838426,0.7945014370376617,251.873944140757,253.86792665411977
1845,8.049999999999997,-9.0,-0.53,1.653014061895744,0.025811722028395597,0.7775509305521077,207.89453597593337,209.50703402855004
1846,10.049999999999997,-9.0,0.35,1.5912094435997544,-0.07014749724295043,0.7730267729196129,185.31990670595786,186.75129435514737
1847,10.099999999999994,-9.099999999999998,0.49,2.2466326754849644,-0.5048168140930899,0.8284594586925474,221.28422012182185,223.11310289479323
1848,6.049999999999997,-7.0,-0.18,1.6261885421978055,-0.13104482567193382,0.7616940598586055,35.40746654921489,35.67607536117596
1849,8.0,-10.05,-0.65,1.6780723609294421,-0.29799706617498445,0.7354997601054492,35.334024313992025,35.593344462097605
1850,11.049999999999997,-10.0,1.02,1.4348818741908322,0.18503821053180552,0.8701527819546537,28.27170290549684,28.51693926893475
1851,11.049999999999997,-11.0,-0.12,1.5917419503363357,0.0045069544762880685,0.7775395017650943,32.635063851095886,32.88805625946959
1852,11.0,-11.0,0.71,1.4298832418440415,0.16506577432038388,0.8390625428703538,27.64866565215995,27.880540373571545
1853,13.049999999999997,-11.05,-0.46,1.659814259328996,0.014649837765729899,0.7582491409268816,32.03024447980295,32.272844485051394
1854,13.0,-9.049999999999999,1.97,1.5854140993379373,0.2431725203333746,0.9197769386571129,28.92212718094483,29.18787426387471
1855,1.0,-1.0,-0.07,2.385874705794732,-1.5261449430166305,0.35764967999765285,494948.1032397708,496630.62235491053
1856,11.099999999999994,-10.0,1.0,1.5599818334466633,0.12960102194964332,0.8536756978902715,189.8982063506077,191.51843784466058
1857,11.049999999999997,-9.0,0.45,1.7651133263480294,0.023995707550642387,0.8384270736252215,202.07008253803843,203.7513775125861
1858,7.0,-8.05,-0.6,1.656124689105597,-0.31595747042663086,0.7074113241979053,38.58031103430596,38.85271630177796
1859,12.049999999999997,-9.0,0.91,1.6374304654828875,0.14812376210909362,0.8480529381460898,29.01234855400019,29.258329784180056
1860,10.049999999999997,-9.0,0.23,1.8429532869860343,-0.23452540976833844,0.8170053479215436,40.450456943255965,40.781340849659166
1861,5.049999999999997,-8.0,-0.54,2.0211490035336546,-0.9085200089518382,0.6649271361948708,49.93198986183298,50.26105417125108
1862,7.0,-7.0,0.19,2.1051044376065247,-0.4522031519637292,0.8310333212949967,43.99474647429989,44.35828577723981
1863,7.049999999999997,-8.0,0.62,1.6718721721638095,-0.24147091318268987,0.8566515983459443,45.89003602925649,46.283083808945086
1864,10.149999999999991,-11.0,-0.09,1.4072466746212486,0.15589984172711782,0.787466381437567,32.16042257411455,32.413435057717464
1865,9.0,-8.1,0.11,1.7087685664660373,-0.034565216683198036,0.7972736450313874,36.23146531103987,36.52022595881469
1866,10.099999999999994,-9.0,1.0,1.6129634788326412,0.014121885313051238,0.8359365356998834,31.105282758548952,31.364813458969916
1867,7.049999999999997,-10.05,-0.97,1.3895265037775333,-0.18371896061507484,0.6633995644556953,32.166681559865644,32.380042756016856
1868,7.049999999999997,-7.1,-0.11,1.781242451504678,-0.24975135871925352,0.7299029722662183,38.06209319109115,38.33881399089843
1869,9.049999999999997,-5.05,0.42,2.2754320534271684,-0.08192613673475052,0.8110425515281924,44.99861149860109,45.361605336479506
1870,10.0,-10.0,0.75,1.5148703259693006,0.07569837596041218,0.832972613066118,32.55853156645515,32.82949554778838
1871,10.0,-11.0,0.29,1.472942961998613,-0.04605328908690849,0.7952852154486405,33.82764152048988,34.09684140051335
1872,12.049999999999997,-10.05,0.33,1.6861640950826762,0.12556633121944435,0.8174230958024346,33.191792334970714,33.463154238908544
1873,7.049999999999997,-7.0,-0.08,1.8210494442722616,-0.236839795751006,0.7545593284743047,46.49656952732639,46.84722269685156
1874,6.0,-7.05,-0.88,1.5764910387016031,-0.5095453743096371,0.6264819586682284,388.72276876165,391.14116347982366
1875,8.0,-8.0,-0.31,1.8303399511490808,-0.46774164148150343,0.675893538893678,365.3042483597513,367.77404166752456
1876,9.0,-8.05,-0.24,1.4863979858841272,0.019645014515818286,0.7303807813572668,166.38026830013968,167.59516457213678
1877,7.049999999999997,-7.0,-0.28,1.6316220760377964,-0.11885304637275626,0.7260954978457077,217.72416212068362,219.30404279148982
1878,9.049999999999997,-11.0,0.5,1.2249120533231943,0.12447525834890802,0.7075013779658579,146.21713967556298,147.2509967509237
1879,7.049999999999997,-6.0,0.08,1.9501165888564493,-0.20167047281229056,0.7641589093126171,217.27531357152927,218.92803598166364
1880,7.0,-8.0,-0.72,1.5340620931959839,-0.25906331473267274,0.6600478403513087,198.08198857074925,199.38590913088268
1881,8.049999999999997,-9.049999999999999,-0.45,1.9799027467881138,-0.5359985035380505,0.608115733654922,215.06641825516715,216.3668252900394
1882,7.0,-5.05,0.64,1.5518882857995793,-0.10960591002125919,0.7148256761393129,202.895096412535,204.34457318176206
1883,5.0,-5.0,0.25,1.8063723185194511,-0.5381521924147553,0.6999339262356223,242.21599056836362,243.90533174060994
1884,5.0,-7.0,-0.63,1.4501437271722888,-0.4840082436002638,0.4838612264859318,229.88008205850107,230.99196540380137
1885,6.0,-5.0,0.22,1.6355860439291119,-0.30053907754626086,0.6400214838459553,221.33656139041227,222.74860863545422
1886,2.0,-2.0,0.07,5.121413142874092,-2.3137507138121007,0.8217213106699771,8921.058077450232,8990.176165411835
1887,7.0,-11.05,-1.54,1.332319194283993,-0.007831525514913238,0.6975353186228199,75.91984605586028,76.44950434273345
1888,9.049999999999997,-6.05,0.5,1.9460282607573018,0.06412792628254535,0.9031869625661808,92.50069708415722,93.3377496169831
1889,8.049999999999997,-8.0,0.16,2.0486845271629117,-0.14845793212218106,0.8428560374644509,519.0653544015885,523.4070787308923
1890,9.049999999999997,-8.0,0.19,1.722068090407027,-0.07972089539954669,0.8011103896347781,445.8548640516793,449.42513471342835
1891,6.049999999999997,-7.05,0.01,1.4370227759104073,-0.20424274715898144,0.6673600608189661,479.86734893970174,483.06564559344173
1892,10.049999999999997,-8.0,1.04,1.3203483363563353,0.0909397346362412,0.723045779146487,136.10793986608303,137.09161244056082
1893,7.0,-7.05,-0.42,1.1278796219421496,-0.26446658428131453,0.4568598902631296,39.42141095581146,39.600142146571834
1894,7.049999999999997,-8.0,-0.44,1.2654152681525552,-0.2224536811665752,0.5096376281761468,41.80895087355697,42.02200950336917
1895,10.049999999999997,-10.0,0.45,1.7065915222282064,0.0687402779892643,0.9269756582652134,358.89687553066926,362.2148816978326
1896,9.0,-8.05,-0.01,1.1708759778106066,-0.056286119558577125,0.5468003869940113,33.41578583716344,33.59847520195026
1897,9.0,-10.0,-0.72,1.0210489342987972,-0.03231296075811897,0.4888422037684271,30.745002724679107,30.895632735587846
1898,10.0,-8.05,-0.41,1.7820468915174796,0.08254586514444773,0.7994993119722251,75.35853384454009,75.96138181140925
1899,5.049999999999997,-6.05,-0.21,1.0819314333577092,-0.3135446305464812,0.4553781843763939,47.05620060029289,47.27019337580712
1900,4.0,-5.0,-0.31,1.7508162767447772,-1.052522420873163,0.3982894093628498,60.64531848244614,60.88253183331372
1901,13.0,-9.0,1.4,1.844508203536904,0.17213359252373775,0.933371106686049,75.1139515121489,75.81474025948633
1902,10.0,-10.0,0.7,1.7892052258065678,-0.05810067366380891,0.9341958103267199,95.16338762031262,96.05119191400568
1903,13.0,-10.05,1.5,1.8587968243373936,0.145756951769449,0.9675673229416161,72.83277956594284,73.53634525637621
1904,8.0,-11.05,-0.75,1.5999366153024297,-0.13475327128051764,0.7707651534410577,81.20696550105887,81.83154346710424
1905,9.049999999999997,-9.049999999999999,-0.42,1.6044844430979923,0.03664021827184766,0.7994633085535188,75.49943445073303,76.10199813459421
1906,7.049999999999997,-8.0,0.45,2.011436749739902,-0.48645649779277483,0.8868598741211692,362.0642589800396,365.25669872478704
1907,11.0,-13.049999999999999,-0.24,1.5259599075967252,-0.0726496097880628,0.7556753314806629,94.34230068040247,95.05398192930228
1908,6.0,-7.0,-0.3,1.1776283811315866,-0.41085711059518726,0.44370167798811705,53.075065967334965,53.31113452832943
1909,8.0,-8.0,-0.26,1.9576081815804385,-0.2257990634656135,0.8403078520302516,104.53741423727388,105.41235989642466
1910,7.049999999999997,-7.05,0.42,2.158314226466071,-0.48767379420382306,0.9229513277811193,121.4458835619161,122.56237752042293
1911,5.049999999999997,-7.0,-0.06,1.8893261482037493,-0.3961763576122566,0.8360963692574359,130.88287411726296,131.96468585624524
1912,8.049999999999997,-9.0,0.15,0.8671640819812954,-0.02151664238863873,0.4756165197370035,172.90435575695028,173.72664662958
1913,12.0,-11.05,-0.33,1.3525396705470691,0.32136239980274245,0.778844624739444,49.407934782688756,49.792241833303635
1914,7.099999999999994,-8.0,0.83,0.8807294906927432,0.16069137788722945,0.5667789815879656,131.66886905759543,132.41362190804924
1915,6.049999999999997,-6.0,0.35,2.4402097015494957,-0.6109269986193617,0.8760390290720338,474.8312436154479,478.98926928007126
1916,7.0,-9.0,-0.72,0.9322403875019248,-0.1756137465034458,0.40080001708928564,98.9192127293766,99.31454144603023
1917,3.0,-2.05,-0.05,2.8885615437757375,-1.8625849714138567,0.43974986134071953,4203.281446865539,4220.795604268568
1918,2.0,-3.0,-0.38,2.488344248332595,-2.151459577549003,0.1652515705031586,4655.85690542472,4663.240604065414
1919,9.0,-8.05,0.51,1.6379688744227934,0.1681102650069395,0.8747101864418846,256.9600344092645,259.202467434118
1920,4.0,-6.0,-0.72,0.9934669067798875,-0.3133416945921948,0.38198490180151706,178.03013266541907,178.70921805948075
1921,9.0,-8.05,0.03,1.755214012668328,-0.1189286796685664,0.8139729610566531,306.16136334002033,308.6463373724939
1922,5.0,-6.05,-0.31,0.9445092644515092,-0.13246668492102975,0.41568984583199287,147.57764876724508,148.1927722184002
1923,11.099999999999994,-8.0,0.61,1.5762166366778991,0.26337029019445746,0.8846830234738864,222.2809748525565,224.24516807719863
1924,4.049999999999997,-6.0,-1.2,0.8979342300878814,-0.10054469475278527,0.3383182806058571,151.5686061447823,152.08061813989514
1925,6.0,-5.05,0.4,1.081539046201839,0.046257036377041316,0.5111761920174982,151.34034919643508,152.11434174469144
1926,5.0,-6.0,-0.03,0.9724874161189768,0.015584632228192551,0.502014975397699,154.0339080493313,154.80725542623435
1927,11.049999999999997,-8.05,0.34,1.6533414427850877,-0.07500723547454649,0.7155990655041081,238.86494709280146,240.5745505895694
1928,6.099999999999994,-4.05,0.66,1.2357598730239638,-0.04500246090119697,0.5401461219300284,187.3538798735504,188.3679557152617
1929,5.0,-7.0,-0.87,0.9329965724274786,-0.24559433267728428,0.386441761567468,131.82536562620248,132.33570934398384
1930,7.0,-10.0,-1.01,0.9015177552647077,-0.0019385089461636613,0.4299596861070875,98.46725882810901,98.89029499165149
1931,7.049999999999997,-7.0,0.45,1.3458596436964836,-0.048489448103293406,0.6443835783882887,147.34500596378336,148.2934789785537
1932,5.049999999999997,-8.0,-0.41,1.458384775706463,-0.36350301857472694,0.6453424575369884,357.77559917491004,360.0832346243753
1933,10.0,-9.0,0.44,1.2211056627907286,-0.045582000650470696,0.5331836192676838,130.1693975224183,130.8631940343197
1934,7.0,-7.05,0.37,1.243830207164007,-0.17062135147670116,0.5490908667039275,150.0311906534319,150.85222909018762
1935,7.0,-6.05,-0.29,1.3476039969947453,-0.23803610125803062,0.4741687398401489,162.80183896081604,163.56984693054883
1936,10.0,-8.05,0.44,1.0995222378085237,-0.10706578963212918,0.5067234606257965,90.88663220083681,91.34675697879436
1937,6.0,-4.05,0.35,1.3855606157070337,-0.1532736056100832,0.5639429858389634,168.81278660150176,169.7656492071354
1938,6.0,-6.05,-0.66,1.4048014903396973,-0.2728183079851752,0.5062219547523177,172.41962025950315,173.28720852560076
1939,6.0,-8.0,-0.57,1.589243557418751,-0.518810778016364,0.6031560240024765,159.236122582652,160.183884715825
1940,8.049999999999997,-8.05,-0.3,1.8278692540646846,-0.28649356111662405,0.7346357448333951,162.06708432788574,163.25940015160347
1941,11.049999999999997,-9.0,0.88,1.2574773368009229,0.11642596220206379,0.6796042259156316,110.39543848912983,111.14451299521177
1942,7.049999999999997,-6.05,0.2,1.3066199259709956,-0.22783545314843562,0.5168199909269012,154.51718972651517,155.31708223329468
1943,6.0,-8.0,-0.34,1.401141748389464,-0.2683179873788932,0.59960845661726,303.05722544117526,304.86269497184026
1944,7.049999999999997,-6.0,0.13,1.4445557332575658,0.023212507930977812,0.683315628253079,275.2490657843002,277.1191763759961
1945,10.0,-8.05,0.14,1.2969097280328825,0.09779272132950168,0.6563600067213713,235.4048132104759,236.9475455567434
1946,6.049999999999997,-5.0,0.82,1.7174221279239503,-0.29612627986989876,0.7609185674321535,359.8787723621079,362.6190599405884
1947,10.0,-9.049999999999999,0.51,1.081209281053793,-0.015830109993735332,0.5510416882200542,91.82334061832404,92.33009231320949
1948,6.049999999999997,-5.05,-0.41,1.205949593232512,-0.1569622213825394,0.4721572255044425,109.88543316222864,110.40499021076977
1949,2.0,-3.0,-0.13,2.801162026566688,-2.0149286038797602,0.4896446359365939,977.892706149243,982.6928444108797
1950,5.049999999999997,-5.0,0.24,1.5172417293165292,-0.4051192447950766,0.5105342306375921,133.836822655227,134.51667174875635
1951,8.049999999999997,-9.049999999999999,0.24,0.9943474463629325,-0.0542122253791513,0.513924100295576,88.21746601611473,88.67093452035019
1952,9.0,-10.0,-0.66,0.9224248123744281,-2.0048619835652363e-5,0.4581390814270675,73.45580676039813,73.79250765277862
1953,5.049999999999997,-4.05,0.42,1.2250451592832279,-0.13167794797025908,0.5183055372532257,103.04209883309228,103.57253789181215
1954,8.049999999999997,-9.0,-0.55,1.0748271186529341,-0.029727534891029424,0.5238630299810239,239.91175222832823,241.16897775791503
1955,7.0,-9.0,0.26,1.5616685952356346,-0.21504812019779712,0.7273330041519963,176.71420129652685,177.99546978581526
1956,7.0,-9.0,-1.0,1.0049427475807449,-0.22568995878666887,0.40878109532217133,98.79650065546177,99.19785049398087
1957,6.0,-8.05,-1.19,0.9618258234459004,-0.16276445895369457,0.3787572281795892,98.22497732653186,98.59610526736854
1958,12.0,-8.05,0.65,1.9116022827313774,0.007716635626000822,0.8677282065795893,148.71226466426134,150.00214748523945
1959,10.099999999999994,-9.099999999999998,0.33,1.403201722315161,0.08838381360945301,0.7270633849648095,136.76325187816997,137.7554510299434
1960,12.099999999999994,-10.05,0.7,1.4908282220836424,0.1732208705707461,0.7885577026108073,68.63559561370892,69.17636241734924
1961,9.049999999999997,-9.0,0.51,1.6251893221162819,-0.14468673621108222,0.7976682986510083,82.20616236258826,82.85999870167564
1962,6.0,-6.0,-0.26,1.158969829660711,-0.11969769091502974,0.4779873988431984,198.21251897295565,199.1601829788272
1963,2.0,-2.0,-0.07,2.6029197446313477,-2.416319098039222,0.4041884471368399,5596.067524007107,5617.969905978003
1964,8.0,-6.05,0.7,1.9319876468172534,-0.19770554097442183,0.8409292915319319,116.0899679559357,117.0648868015972
1965,9.0,-9.0,0.35,1.6898133163411349,-0.220487300269321,0.7924402806806877,100.60845323316363,101.4038848942115
1966,7.0,-6.05,0.7,2.0859858585481414,-0.4410824156445474,0.8818939158101753,141.8035704594007,143.04667223202634
1967,7.0,-8.0,0.48,1.629541665597631,-0.055030833550725425,0.8495527628171169,115.45176996197205,116.42634228044244
1968,7.0,-4.1,0.87,1.9465296820745024,-0.049899700518972426,0.8946118069923423,133.2029942483934,134.3946960537283
1969,8.049999999999997,-7.0,0.19,2.365619618624098,-0.5807014943345908,0.8008764977638131,169.13073377517608,170.4744829251748
1970,5.0,-7.0,-0.43,1.589989458888765,-0.4294887184909542,0.6779002473374987,149.3557557917071,150.36313407755404
1971,5.0,-6.05,-0.04,1.8082783923645545,-0.7960911637046071,0.6399571488853653,159.5651305274397,160.5859407843406
1972,8.0,-7.0,0.28,1.7738007599223766,-0.09769382233991926,0.7816754191394157,414.2836041708033,417.51780462367583
1973,8.0,-8.0,-0.41,1.8670111664153866,-0.18715443832884676,0.728622677177644,94.5179604550387,95.20354014906705
1974,7.0,-5.1499999999999995,0.18,2.0303730832158524,-0.10162006539919295,0.7989693275701144,123.07739348838331,124.05976101717344
1975,6.049999999999997,-5.05,0.28,2.225061541513969,-0.3851658699722338,0.7949348265593003,142.716091050406,143.84213754633925
1976,6.049999999999997,-8.05,-0.57,1.8532437935409185,-0.8330164579010857,0.5749206462096527,141.1014740078541,141.90776218577352
1977,8.049999999999997,-6.0,0.09,1.6976601506797862,0.019310267974887125,0.7438601300379437,117.74933454502774,118.62379914222466
1978,9.0,-7.05,0.3,1.6673450907800167,-0.04140076979643107,0.7358919266181152,107.84984933614463,108.63963203522145
1979,8.0,-8.0,0.14,1.6328223964577653,-0.13589529535360723,0.8045693226169288,87.10640914974587,87.80882315555604
1980,11.099999999999994,-11.05,0.33,1.5300482632768027,0.10546426060791175,0.7813175239353817,85.91482107076193,86.58617169774719
1981,6.0,-5.0,0.12,2.147051910587485,-0.5292718723068796,0.8416554861798974,166.01479702895952,167.41493000912564
1982,7.0,-7.0,0.3,1.7678714845734842,-0.4014691652901722,0.7592437388429206,130.9471110403966,131.94014972139078
1983,9.049999999999997,-9.0,0.68,1.6642169843916566,0.10461410256605325,0.8590759582487678,97.08505083746087,97.91635337139158
1984,6.049999999999997,-6.0,0.34,2.382912376339009,-0.42270102585389124,0.9284729488379031,618.3975378555612,624.1133053769038
1985,7.0,-6.05,-0.08,2.189753005547872,-0.5092837978504445,0.7513325619370883,417.21002877577257,420.3360565258249
1986,8.0,-7.05,0.42,2.1589182681844186,-0.3608725637816132,0.9156073963934186,370.75849187473864,374.14456825227984
1987,7.049999999999997,-8.0,-0.57,2.1624716201574863,-0.5263475420304916,0.6782714254581481,366.75770895531736,369.2546563733138
1988,5.0,-7.0,-0.76,1.411349973011596,-0.18310224038672845,0.613890692498897,318.03289241912785,319.9816927512343
1989,6.049999999999997,-7.0,0.03,1.8819698489914902,-0.32333060312998707,0.777202149344154,370.19499207675864,373.068684417038
1990,6.0,-5.05,0.05,1.8784238399106654,-0.3707789875887253,0.7404728414091195,368.0357499569946,370.75014804273053
1991,5.049999999999997,-6.0,-0.11,1.8603845191778352,-0.46886808335077274,0.7594651992159814,363.54802247043307,366.30461165806884
1992,4.049999999999997,-6.0,-0.14,1.7834468423012753,-0.45058179255183484,0.8041190676394705,366.8945674811671,369.83965057297627
1993,6.049999999999997,-6.05,0.14,2.2341209860959674,-0.5091837676906146,0.8462225791941893,382.7211524010646,385.9456765207802
1994,7.099999999999994,-7.0,0.01,1.9966288293792203,-0.24737281293756186,0.8600251797358198,364.446713693005,367.5769574531542
1995,9.0,-6.05,0.75,1.9908334549802955,-0.22812004578019726,0.8444376491312482,282.47014309064207,284.8559055483599
1996,3.0,-3.0,-0.26,3.3588111873499376,-1.948919542179795,0.3810242278884084,5889.83563397195,5912.124765564696
1997,8.0,-8.1,-0.41,1.6717694216611716,-0.14318548908544113,0.7397870520858407,412.7891697462404,415.8379978294033
1998,8.0,-8.0,0.13,1.6385321663766006,-0.11599896808346037,0.7408235148237631,190.01453291220008,191.41738575153465
1999,14.0,-14.1,-1.04,1.2574461641306516,0.18797239577492805,0.7120796878907457,118.10633992221396,118.9473359695627
2000,9.0,-8.0,0.6,1.4294946253083913,0.2177280809493123,0.8144230170813779,172.36636723231314,173.76809410476005
2001,8.099999999999994,-8.05,0.47,1.5410473270873355,-0.26338227902946093,0.6395383189694285,186.31821761028002,187.50614330435147
2002,8.0,-8.0,0.73,1.578243299426552,-0.14169189796703135,0.7637129789114296,187.26392787862227,188.68928545793733
2003,6.099999999999994,-8.05,-0.77,1.401007547211914,-0.32043922779104606,0.5093330194847104,191.68811310122197,192.6663277941612
2004,8.0,-7.0,0.56,2.0911179639844364,-0.6547604988583968,0.797221705237118,289.64388735233007,291.9318447600949
2005,7.0,-7.05,0.17,1.80162877434149,-0.33751912812300405,0.7533423895157121,247.55386684080713,249.4169144896458
2006,8.049999999999997,-9.049999999999999,-0.77,1.3031446271233358,-0.29900954530022034,0.5206637836677944,221.7402887689203,222.88692356030342
2007,2.0,-2.0,-0.03,4.913002283882073,-2.8090805604848748,0.6191207759944031,7878.97644123341,7927.28071392402
2008,8.049999999999997,-6.0,0.61,1.8556054561032342,-0.16744050259250232,0.7981460595726181,245.79427310376403,247.73770067092602
2009,6.049999999999997,-7.0,-0.22,1.3639861760050163,-0.1677229818093022,0.6136306915892433,220.92120447889283,222.27418041257582
2010,7.099999999999994,-11.0,-0.35,1.269036229835293,-0.2858640952918042,0.5679374562482584,188.6671562064651,189.73543870223733
2011,6.0,-6.05,-0.36,1.218703564661604,-0.04173413337981781,0.5674686836894205,283.9902760725533,285.6009940303992
2012,6.0,-6.05,0.29,1.2658878450490398,-0.06412129316339224,0.6612716552192388,492.6347983657701,495.8994159571102
2013,6.0,-5.0,-0.2,2.1267668536585673,-0.5705026133389896,0.6350588206318898,772.7770376372405,777.6397052002419
2014,6.049999999999997,-7.0,-0.63,1.4490866594887328,-0.06445992256821292,0.6361251934324429,478.4361305171053,481.4701972030354
2015,10.0,-10.0,-0.15,1.2303712749742826,0.2611627345602358,0.7353967108828033,277.72086001015873,279.75660761016593
2016,10.049999999999997,-9.0,0.66,1.2985306910967154,-0.06458506580413184,0.6241854369574091,159.13421501343336,160.12685875505574
2017,7.0,-8.0,-0.83,1.0395919697197067,0.05530845603681925,0.5449415519123597,138.08408068032125,138.8328751999056
2018,9.049999999999997,-7.0,0.46,1.5176385083475603,0.14804084660747985,0.846426345584227,166.04494217263007,167.44736515756017
2019,2.0,-2.05,-0.21,2.6409154767903766,-2.047374446211457,0.29356785714093087,5180.025164522199,5195.238316261077
2020,7.0,-5.0,0.91,2.3294826747340376,-0.40935355615332786,0.9824827851747605,130.36980386703252,131.63849702179715
2021,8.0,-7.0,0.14,2.0566691444135943,-0.336944389549811,0.7827335007063292,110.3679736548681,111.2346853035305
2022,4.0,-4.0,0.06,2.1045636749156884,-0.7309137394208363,0.6539028842831607,169.46352280818442,170.57240438521643
2023,7.0,-6.05,0.41,1.650343620514045,-0.22692553814069932,0.7616658718038416,394.590118813575,397.5855169457261
2024,10.0,-9.049999999999999,-0.04,1.5817164499063205,-0.030018500465044055,0.747872616947291,296.1692665074815,298.3823653744756
2025,7.049999999999997,-8.0,-0.36,1.6514001649136087,-0.1694118518850018,0.731987489770705,359.2622347619413,361.8864942471735
2026,8.0,-8.0,0.6,1.963017274191256,-0.4697624109389469,0.8355264047415355,130.16538197774338,131.25202756333155
2027,8.0,-7.0,0.22,1.7263644680928485,-0.22297313122138882,0.7471226325097078,115.75420711210252,116.61371873490039
2028,5.0,-9.0,-1.08,1.0280022904668316,-0.4791131258484328,0.33623768344710364,119.94948361309888,120.35151228448377
2029,5.049999999999997,-4.05,0.5,2.3445107376257854,-0.4814824934469034,0.851022727977776,597.2112180631877,602.264447685281
2030,7.0,-11.0,-0.4,1.8261962229922826,-0.928957878771962,0.7486705850703389,124.53235840601023,125.46040362782831
2031,7.049999999999997,-9.0,-0.15,1.789645219332522,-0.45298979072062795,0.725567854559338,453.9221837417746,457.2150240838504
2032,7.049999999999997,-8.05,-0.32,1.6892565039583378,-0.4091781819849537,0.6007766650683922,119.56097649162534,120.27863252586913
2033,7.049999999999997,-7.0,0.3,1.9197569295163817,-0.26905888816200996,0.7700752039038571,154.54039949680663,155.7188973417956
2034,7.0,-8.0,-0.57,1.5051191790922744,-0.3803497018510589,0.5437816426560298,120.18558129745757,120.83589763121037
2035,8.0,-9.0,0.61,1.6614869557726497,-0.10945671049301967,0.8333187577773843,253.16765066174762,255.26974737548008
2036,7.0,-9.0,0.05,1.7698984686355437,-0.5065732407449208,0.7620324213100969,323.5581255420415,326.0241033441428
2037,8.049999999999997,-6.05,0.8,1.852947856135453,-0.23251021426732965,0.7698240215553642,295.4878345250392,297.74268560906233
2038,6.049999999999997,-7.0,0.36,1.392349214016706,-0.2845365848228651,0.6290506414421353,261.62083502336503,263.2568311473249
2039,7.049999999999997,-9.049999999999999,-0.36,1.0729985375563384,-0.11179032302399917,0.47333346315390545,184.3910001561011,185.26071492758277
2040,7.0,-8.05,-0.73,1.0734295208926676,-0.17346540480946868,0.4219514137916992,199.7028219087931,200.54169669606912
2041,4.0,-5.0,-0.31,1.690094174665747,-0.7148255761252799,0.42590603039231134,437.40226058335395,439.2499961895087
2042,10.049999999999997,-7.0,1.63,1.1708848046993905,0.30678232806848543,0.7476153649014232,205.67813062083692,207.21454499449493
2043,4.0,-4.0,0.27,2.735317294419787,-0.8828457140586459,0.8027094011765219,548.9177759642112,553.308313511369
2044,11.0,-8.05,0.69,1.2183664759068484,0.13308749619758947,0.6599340596113348,180.6502235226091,181.83990515658041
2045,5.0,-5.0,-0.24,1.8012922949821162,-0.500026587147047,0.5779578092575758,420.6493292579941,423.0573533884999
2046,8.0,-7.05,0.75,1.4222297868054083,-0.07729484172199312,0.6902535562305924,264.5515146095572,266.37749613268335
2047,8.0,-8.05,-0.12,1.6292619623842752,-0.28255816433713205,0.6647703637088864,308.8491790317593,310.89038336908726
2048,5.049999999999997,-9.0,-1.35,1.0858400542261941,-0.2937702326950041,0.4408931252712531,292.2537548466185,293.5374366771161
2049,7.0,-7.1,-0.66,1.2421187470248967,-0.12264981777274642,0.545004305578768,249.65419258955097,251.00813615967542
2050,8.049999999999997,-10.05,-0.16,1.2246790733393742,-0.027578412036344542,0.6311494847189701,197.31345334266567,198.55603733769786
2051,2.0,-3.0,-0.22,2.584517269805458,-2.131106258254863,0.26968339925647267,4030.5881011230945,4040.765121389856
2052,5.0,-4.0,0.35,1.2415648376679735,-0.3707583446892197,0.4950037505871539,224.96268650772367,226.06976123196458
2053,4.0,-5.0,-0.69,1.0303413875869931,-0.28987624428601544,0.33351602568054317,252.1786099549706,253.01104631675142
2054,7.0,-6.05,0.44,0.9001541726427233,0.011116093526948756,0.46860009746750336,120.40803330769991,120.97086638853871
2055,8.0,-9.0,-0.63,0.882369871543078,-0.04235321722017496,0.4023886519099806,192.65793849556422,193.43402288351422
2056,5.0,-5.05,-0.47,1.0599461873179508,-0.369647168346063,0.33827957901703426,155.93043602120994,156.44918354257047
2057,4.049999999999997,-7.0,-1.23,0.8902079237291413,-0.20632643861481897,0.2825538747204485,129.25039171326875,129.61377364809752
2058,4.0,-4.05,-0.58,1.1765727054782198,-0.5462592998875666,0.2705594537365197,318.49530674046605,319.3579784381108
2059,2.049999999999997,-2.05,-0.01,1.6069356445033982,-0.7116506628333947,0.3851648465502002,997.8053496689017,1001.561674952689
2060,5.0,-5.0,-0.32,0.984181127657254,-0.22612614452093405,0.41383150374846855,303.409708226246,304.66574139491183
2061,7.0,-6.0,0.38,1.0519443715619432,-0.0277841290918014,0.5115404613994307,576.0656675885912,579.0099639833504
2062,6.0,-6.05,-0.4,0.881957846131883,-0.15332952534625668,0.3521118178405325,139.07603555399103,139.56512126511876
2063,3.0,-4.0,-0.4,1.3242247008301296,-0.6427488195780071,0.34324336617823703,366.19827446246506,367.44694802047985
2064,7.0,-7.1,0.28,0.9540083336837253,-0.12722625405336244,0.45949932883528904,176.2827545900493,177.08859414101138
2065,6.0,-8.0,-0.6,0.9305846683758756,-0.28291498809432764,0.36613970593234973,197.24465840186454,197.96717994039983
2066,5.0,-5.0,-0.14,1.0208817662730023,-0.23346014975800586,0.41477530220113584,261.7306606057197,262.81614151049956
2067,5.0,-5.05,-0.19,0.9852620734661801,-0.19948213225229108,0.38357665735995206,218.78563834878813,219.62088516799358
2068,8.0,-11.0,-1.83,0.635200700873367,0.16185960503832347,0.3861437666914184,112.11291095802471,112.54598909968534
2069,5.049999999999997,-6.05,-0.36,0.9705442101034536,-0.15203725327264636,0.39072087738195044,242.64462668449727,243.59311132955517
2070,5.049999999999997,-7.05,-0.68,0.9049082375987311,-0.1672178669345096,0.40379825957942883,468.8936231554582,470.7825218168377
2071,4.049999999999997,-6.0,-0.58,0.8010046540809962,-0.08665777529189202,0.35461828304351917,236.78567303386694,237.62351505701966
2072,5.0,-6.05,-0.51,0.8989629597064552,-0.12946860106070318,0.394130159346363,528.7375909509487,530.8277231652191
2073,5.0,-9.0,-1.32,0.7858354521631602,-0.25705509977763097,0.272847279228469,215.16536936479213,215.7502141862949
2074,8.0,-9.0,-0.61,0.7058509200458878,0.018147031656057626,0.37689703551602327,131.97846200870276,132.4749465920854
2075,5.0,-8.0,-0.86,0.8563775541524623,-0.19585912121706087,0.3792694647153162,372.6668777780367,374.082970975713
2076,5.0,-6.0,-1.16,0.8533612139323208,-0.18524389313644649,0.2673256452942852,278.4254159182659,279.16814057112026
2077,4.0,-4.05,-0.43,1.1342483372677987,-0.5016429747374228,0.3100332821193223,155.8270218811712,156.30919321328594
2078,5.049999999999997,-7.0,-0.6,0.9589424160283219,-0.21238116102981786,0.35488727964681205,111.98787144092805,112.38318295991782
2079,7.0,-6.0,-0.18,1.017033684921626,-0.001293830310209382,0.4323745289598119,224.65991510370134,225.63095333988423
2080,7.0,-7.0,-0.38,1.0039294558868515,-0.13249690224197236,0.39969807612212555,212.39345149609198,213.24519790677587
2081,5.049999999999997,-7.0,-0.61,0.8358203006022765,-0.11677881541477596,0.3543993356889555,101.92447336819494,102.2843773589532
2082,6.0,-7.05,-0.81,0.7453158350749717,-0.10371767483853782,0.32675520476104486,208.57716089372911,209.26032627223668
2083,6.049999999999997,-8.05,-0.92,0.7501326540850615,0.015161529474093287,0.3770518499768194,146.04872362241053,146.59857557914506
2084,6.0,-10.0,-0.5,0.7529374568041324,-0.04185939993485376,0.3940825226331993,158.27449215593956,158.8979998376675
2085,7.0,-7.0,-0.46,1.029894740955942,-0.17055832357807765,0.3986710500088011,213.9721929037313,214.82340284856073
2086,5.0,-7.05,-1.24,0.7845491934312013,-0.20229943556289334,0.3207909310258216,227.20051391517816,227.9286519296302
2087,5.0,-5.05,-0.35,0.863376424451186,-0.038289111602326384,0.3845111326443146,249.40125051671967,250.3579996521895
2088,5.049999999999997,-9.0,-1.5,0.8187490009772739,-0.1534312506564775,0.3191168419499794,187.57436166081948,188.17021015528223
2089,4.0,-6.0,-0.97,0.8597390811323675,-0.1641493722306937,0.3149739635568433,134.17690324705904,134.60135615732906
2090,5.0,-6.05,-0.77,0.8149231437408431,0.0037978022338280683,0.37323527793578193,165.0575605811007,165.6721201984579
2091,4.049999999999997,-5.0,-0.53,0.8532283270692137,-0.14997791144964634,0.3657722111541646,185.57534676999387,186.25300538878182
2092,6.049999999999997,-8.05,-0.93,0.7187021580709102,0.0275809216212838,0.3665008613829276,135.014269782517,135.50933424000482
2093,3.0,-4.0,-0.2,1.0076928840713766,-0.2952610454017268,0.36349623962999345,308.2118719908392,309.3354135131519
2094,5.0,-8.0,-1.29,0.7028258083462212,-0.08671116739227724,0.32269957444645436,51.078612422635736,51.243437340254594
2095,7.0,-7.05,-0.66,0.8303194039913241,0.0028043239836272656,0.38026497943450266,164.39649882224072,165.02059510337236
2096,4.0,-3.0,-0.01,1.3564198934443537,-0.3099398457995726,0.4331406121190223,218.09006757100033,219.03163449732736
2097,5.0,-6.0,-0.5,0.9701198257408052,-0.242584016905486,0.35121041118975294,135.8430819247578,136.31984030424
2098,6.049999999999997,-5.05,0.16,0.9553046663666027,0.02044464672782811,0.43935372964524577,214.47141525948385,215.41273936055777
2099,8.0,-8.0,-0.73,0.7130507858973568,0.022400562214716677,0.3637473067281894,139.02028699438438,139.5251206606274
2100,3.049999999999997,-6.0,-0.98,0.7905200642446751,-0.24153713443904765,0.2900305973218564,131.36105463873815,131.74104717507234
2101,8.049999999999997,-8.0,-0.41,0.7846579199396186,0.0168053846697992,0.3739182205389577,45.35113610323346,45.52014879504148
2102,6.0,-7.0,-0.98,0.8012595688755343,-0.12960769156984475,0.29639470800044326,58.05832029825832,58.230482877604516
2103,6.099999999999994,-9.049999999999999,-1.67,0.6996140680519809,-0.03318033920502342,0.31941948730349895,48.3160126785202,48.47051253799404
2104,6.0,-6.05,-0.24,0.7982257632450059,-0.06414197917853409,0.38372187912738165,59.32318837126615,59.54985425123587
2105,5.099999999999994,-5.0,-0.1,0.8436443397897363,-0.11677374773942113,0.38969368676946325,65.98444484378322,66.24108654725997
2106,7.0,-6.0,0.41,0.9843576573257109,0.000396935295674103,0.47944041393755293,157.1459666083819,157.8988326126354
2107,8.0,-9.0,-1.12,0.8482123547023592,-0.14984203827973167,0.356043813889725,107.95355653592728,108.33770766550126
2108,0.0,-1.0,-0.04,0.9217526161803266,-2.726800897199956,0.164069260844881,2.4001790395917073e7,2.4040622633496847e7
2109,8.0,-9.049999999999999,-1.01,0.7702050215612499,-0.0752569818671405,0.3588052351904556,52.54341105285527,52.73175083960794
2110,4.049999999999997,-6.05,-0.79,0.77184849343898,-0.15636487071705527,0.33349148451114385,136.40502364731717,136.85969511581644
2111,7.0,-7.0,-0.11,0.9388020866252389,-0.07764561946972869,0.405100942599592,66.73074653063354,67.00111183393098
2112,6.0,-6.05,-0.18,1.023201173062639,-0.2010947700110128,0.4238202911605209,185.28682437902717,186.07227442993684
2113,5.049999999999997,-6.0,-0.08,0.7654270208619731,-0.0449111464898203,0.39050681866230674,106.31308305652118,106.72782220173005
2114,5.0,-5.05,-0.18,0.8432075049765871,-0.09029427400923001,0.38330292050971193,124.62060554418919,125.09741599487954
2115,7.049999999999997,-8.05,-0.7,0.6536526367188957,0.0819281312347522,0.3751769921393601,73.38136338609901,73.65616968041752
2116,6.049999999999997,-7.0,-0.82,0.8548566191642855,-0.08055674826562745,0.3458520113960188,85.41763755053677,85.71346958667897
2117,6.049999999999997,-10.05,-1.86,0.5941378528362973,0.0036712791362253413,0.3048746993274797,60.42037665915228,60.60432820040995
2118,6.049999999999997,-7.0,0.31,0.8416134559095084,-0.1723589768039069,0.40419616786571694,106.40353539964572,106.83210365799185
2119,3.0999999999999943,-8.0,-1.49,0.6569876787680411,-0.20513925392060217,0.2715142577703429,112.95362463915676,113.25942631997239
2120,6.0,-5.0,0.37,1.153744269555812,-0.16745046218131626,0.5130793194220614,107.98416408402404,108.5374689954806
2121,6.0,-6.0,-0.41,0.760514995357515,0.009592457812345499,0.3530046983263811,92.53830912290286,92.86567945171478
2122,7.0,-9.0,-0.27,0.7593880992969566,0.08742127174764329,0.4363109144467224,83.85339593054212,84.21957641347151
2123,4.0,-7.0,-1.36,0.7373198105716524,-0.32489216983151414,0.23571788692480752,97.44278288416895,97.67242630002882
2124,5.049999999999997,-6.0,-0.18,1.1550926906683912,-0.24986776085394893,0.43521850718755056,227.8428275083556,228.84040849266495
2125,8.099999999999994,-10.0,-0.11,0.808108064439706,0.04281384764361683,0.4333772638451755,65.2675624293088,65.55062044220391
2126,8.049999999999997,-9.049999999999999,-0.96,0.8958444611931872,-0.061876324111295275,0.396027511517023,104.99746721636859,105.4124094012476
2127,6.0,-7.0,-0.97,0.7461045103965039,-0.056996674864743586,0.3142880764316321,56.789451612069115,56.96791267706779
2128,5.0,-5.0,-0.15,1.0106603415865554,-0.3014849839782002,0.38519854337864656,173.3936085086402,174.06121888022932
2129,5.0,-8.05,-1.98,0.6255429165409253,-0.10767452751585484,0.2562951504984,85.91365620143063,86.13306884830736
2130,6.049999999999997,-9.0,-1.37,0.9329191306661372,-0.29687505366683903,0.28479466532746595,133.35559026601817,133.73504724515382
2131,4.0,-7.0,-0.87,0.6982379231187543,-0.1273327223780074,0.31254025666163054,237.17997727249679,237.92073239662025
2132,6.049999999999997,-9.0,-0.78,0.5957510884811539,0.038982587329060445,0.3424728314655388,136.48634518299892,136.95364200365023
2133,5.0,-9.0,-1.66,0.6138969399306656,-0.11939895735611333,0.2707665423169501,133.14314976972508,133.5042768177245
2134,5.049999999999997,-7.05,-1.46,0.634318470843894,-0.053747595446611125,0.2808136126104437,137.5641971449812,137.9504946183707
2135,5.049999999999997,-7.0,-1.09,0.753253306685231,-0.10353138068130524,0.2997335654834943,226.66891970573855,227.34548165873878
2136,4.0,-5.0,-0.48,0.8216617882518015,-0.24881656091822857,0.34500394841043575,125.67045425380107,126.10417153111283
2137,8.0,-9.0,-1.2,0.5799854574587799,-0.058529463282533535,0.2602719986157308,96.33132351634808,96.58199036634076
2138,2.0,-3.0,-0.35,1.1105698669708122,-0.6002211464337354,0.22479858658954532,126.81989648624295,127.10237172479847
2139,6.0,-7.0,-0.18,0.7872967742267435,-0.1237518879054532,0.34964624738836775,101.14191901687089,101.49538318895802
2140,7.0,-6.0,0.16,1.0616853901192427,-0.18846958167349873,0.41809589546032855,116.94154588642834,117.42853620636544
2141,4.049999999999997,-7.0,-1.27,0.5947122714534487,-0.04579023125867374,0.287545368857284,112.17557298444052,112.49831612568092
2142,3.049999999999997,-7.0,-1.5,0.646361389820324,-0.2376412613392982,0.2284681061781249,123.66558218994228,123.94928305331305
2143,5.099999999999994,-6.0,-0.45,0.9613240783264184,-0.26204855056937865,0.33086164027445136,299.3192726084861,300.30887478911484
2144,6.0,-6.0,-0.59,0.7611593927301372,-0.0956260074792008,0.30501888626964585,119.73163097473024,120.09675815445499
2145,7.0,-6.05,-0.31,0.7112825237392745,0.05480103611850216,0.3545059843410043,156.24670652355732,156.8000258872982
2146,6.049999999999997,-6.05,-0.55,0.8406057115498413,-0.01903730569903942,0.3446820376778035,56.758462909273504,56.953035452599444
2147,5.0,-6.05,-0.81,0.8061287427154928,-0.21379752150344458,0.30647979762124605,56.20429011447234,56.37700304387884
2148,8.0,-7.05,0.24,0.7165416806850687,-0.0035645183133160246,0.3482155963391167,66.20125407493998,66.43168069193862
2149,5.0,-8.0,-1.22,0.7247151839181931,-0.14868357626712497,0.2728226361515522,77.73918945768872,77.95085598859478
2150,8.0,-9.0,-0.79,0.91406450911358,-0.11871445387025203,0.3856955777887461,111.18011510174289,111.60755899706129
2151,6.0,-5.0,0.54,1.1257815373083817,-0.13139896707835824,0.5018654018173245,160.14183817076358,160.941715704373
2152,4.049999999999997,-5.05,-0.6,0.9424661453561333,-0.561129224568513,0.2610754781547541,115.31764966053098,115.61906816358788
2153,3.049999999999997,-5.0,-0.67,0.7755364797792182,-0.28657112669539153,0.22352000552437787,59.53868376665553,59.67239802934019
2154,7.0,-9.0,-0.83,0.6895852443845923,-0.0031654337769849877,0.3618948463275504,52.43946023678814,52.6295388685744
2155,6.0,-10.0,-2.06,0.6660238192375937,-0.02022029301354515,0.29649984962211107,69.37795161251833,69.58280156781358
2156,6.0,-8.05,-1.15,0.7447707984784725,-0.09223348398387766,0.3192318819112997,128.67858172136437,129.08945163336156
2157,6.049999999999997,-7.05,-0.6,0.7367585545940687,0.01611688085575507,0.35339384340424673,75.81210939121205,76.07938578889596
2158,5.049999999999997,-7.0,-0.52,0.895488200012162,-0.24532855804987094,0.3230045682067675,109.39379582391632,109.74794262049214
2159,5.0,-7.05,-1.03,0.764078620062621,-0.2036381123931467,0.30706802280903295,116.0188588750242,116.37620012062798
2160,3.0,-4.0,-0.46,0.9178690793822668,-0.47665060108535084,0.2938028525757211,157.1204299820901,157.5743856017502
