ventile_id,simulation_id,emp_b_mean,emp_a_mean,real_wb_mean,real_wa_mean,dist_ij_maximum,dist_ij_minimum
1,1,4884.688679245283,4833.38679245283,1.5656860707969014,1.5656860707969014,3.180796486470582,0.0
2,1,3878.785046728972,3838.1869158878503,1.4965929750947915,1.4965929750947915,4.199298262995014,3.180796486470582
3,1,1444.3364485981308,1429.5327102803737,1.4093033811244198,1.4093033811244198,5.272455687869069,4.199298262995014
4,1,2608.5794392523367,2581.728971962617,1.3442379297977263,1.3442379297977263,6.193740596260733,5.272455687869069
5,1,3335.532710280374,3302.607476635514,1.3012187110685511,1.3012187110685511,7.05506785778168,6.193740596260733
6,1,702.7850467289719,696.1028037383178,1.2678754994973431,1.2678754994973431,7.953231296132531,7.05506785778168
7,1,575.425925925926,569.4629629629629,1.253959154920958,1.253959154920958,9.018858595419156,7.953231296132531
8,1,425.4766355140187,420.86915887850466,1.2261529308469425,1.2261529308469425,9.988970078469205,9.018858595419156
9,1,599.0093457943925,592.392523364486,1.2293206677104924,1.2293206677104924,10.72513829060439,9.988970078469205
10,1,430.0093457943925,425.33644859813086,1.258041117289132,1.258041117289132,11.48754368614339,10.72513829060439
11,1,437.1682242990654,432.94392523364485,1.2418203022589673,1.2418203022589673,12.092084039119785,11.48754368614339
12,1,453.21495327102804,448.6261682242991,1.23022060785209,1.23022060785209,12.748421000557512,12.092084039119785
13,1,409.89719626168227,406.30841121495325,1.2596331727668462,1.2596331727668462,13.501331419788942,12.748421000557512
14,1,504.3888888888889,500.0925925925926,1.2994425565779564,1.2994425565779564,14.1931526288167,13.501331419788942
15,1,337.6261682242991,334.14953271028037,1.2382498742678767,1.2382498742678767,14.956788839614688,14.1931526288167
16,1,459.94392523364485,455.8878504672897,1.279868554654993,1.279868554654993,15.829313623743104,14.956788839614688
17,1,335.21495327102804,331.6355140186916,1.2347965163750603,1.2347965163750603,16.715116260578437,15.829313623743104
18,1,572.803738317757,567.4672897196261,1.2685621009743309,1.2685621009743309,18.154016273702457,16.715116260578437
19,1,323.32710280373834,320.33644859813086,1.27077809545655,1.27077809545655,19.871801050606063,18.154016273702457
20,1,550.9537037037037,546.9629629629629,1.4182462285981774,1.4182462285981774,36.47608118563621,19.871801050606063
1,2,4873.547169811321,4822.971698113208,1.5656860707969014,1.5656860707969014,3.180796486470582,0.0
2,2,3877.551401869159,3837.1682242990655,1.4965929750947915,1.4965929750947915,4.199298262995014,3.180796486470582
3,2,1443.803738317757,1428.2803738317757,1.4093033811244198,1.4093033811244198,5.272455687869069,4.199298262995014
4,2,2623.308411214953,2596.6822429906542,1.3442379297977263,1.3442379297977263,6.193740596260733,5.272455687869069
5,2,3321.355140186916,3288.3271028037384,1.3012187110685511,1.3012187110685511,7.05506785778168,6.193740596260733
6,2,706.5981308411215,699.5327102803739,1.2678754994973431,1.2678754994973431,7.953231296132531,7.05506785778168
7,2,577.324074074074,571.4444444444445,1.253959154920958,1.253959154920958,9.018858595419156,7.953231296132531
8,2,423.4766355140187,419.68224299065423,1.2261529308469425,1.2261529308469425,9.988970078469205,9.018858595419156
9,2,599.2990654205607,592.981308411215,1.2293206677104924,1.2293206677104924,10.72513829060439,9.988970078469205
10,2,429.2710280373832,424.50467289719626,1.258041117289132,1.258041117289132,11.48754368614339,10.72513829060439
11,2,439.89719626168227,435.50467289719626,1.2418203022589673,1.2418203022589673,12.092084039119785,11.48754368614339
12,2,454.7102803738318,450.49532710280374,1.23022060785209,1.23022060785209,12.748421000557512,12.092084039119785
13,2,413.60747663551405,409.3644859813084,1.2596331727668462,1.2596331727668462,13.501331419788942,12.748421000557512
14,2,506.72222222222223,501.93518518518516,1.2994425565779564,1.2994425565779564,14.1931526288167,13.501331419788942
15,2,338.69158878504675,335.4299065420561,1.2382498742678767,1.2382498742678767,14.956788839614688,14.1931526288167
16,2,460.8224299065421,456.5140186915888,1.279868554654993,1.279868554654993,15.829313623743104,14.956788839614688
17,2,333.97196261682245,330.86915887850466,1.2347965163750603,1.2347965163750603,16.715116260578437,15.829313623743104
18,2,568.2523364485982,562.5420560747664,1.2685621009743309,1.2685621009743309,18.154016273702457,16.715116260578437
19,2,323.4485981308411,320.3551401869159,1.27077809545655,1.27077809545655,19.871801050606063,18.154016273702457
20,2,553.925925925926,550.2129629629629,1.4182462285981774,1.4182462285981774,36.47608118563621,19.871801050606063
1,3,4872.226415094339,4820.132075471698,1.5656860707969014,1.5656860707969014,3.180796486470582,0.0
2,3,3879.457943925234,3838.7757009345796,1.4965929750947915,1.4965929750947915,4.199298262995014,3.180796486470582
3,3,1443.5607476635514,1429.214953271028,1.4093033811244198,1.4093033811244198,5.272455687869069,4.199298262995014
4,3,2629.5981308411215,2603.0186915887853,1.3442379297977263,1.3442379297977263,6.193740596260733,5.272455687869069
5,3,3331.1028037383176,3298.96261682243,1.3012187110685511,1.3012187110685511,7.05506785778168,6.193740596260733
6,3,702.8785046728972,695.5981308411215,1.2678754994973431,1.2678754994973431,7.953231296132531,7.05506785778168
7,3,575.0648148148148,569.5925925925926,1.253959154920958,1.253959154920958,9.018858595419156,7.953231296132531
8,3,428.04672897196264,423.50467289719626,1.2261529308469425,1.2261529308469425,9.988970078469205,9.018858595419156
9,3,592.8224299065421,587.0373831775701,1.2293206677104924,1.2293206677104924,10.72513829060439,9.988970078469205
10,3,425.1869158878505,420.95327102803736,1.258041117289132,1.258041117289132,11.48754368614339,10.72513829060439
11,3,440.9252336448598,436.42056074766356,1.2418203022589673,1.2418203022589673,12.092084039119785,11.48754368614339
12,3,454.95327102803736,450.7102803738318,1.23022060785209,1.23022060785209,12.748421000557512,12.092084039119785
13,3,411.85046728971963,408.21495327102804,1.2596331727668462,1.2596331727668462,13.501331419788942,12.748421000557512
14,3,505.0740740740741,500.1203703703704,1.2994425565779564,1.2994425565779564,14.1931526288167,13.501331419788942
15,3,334.2429906542056,330.9626168224299,1.2382498742678767,1.2382498742678767,14.956788839614688,14.1931526288167
16,3,462.29906542056074,457.7196261682243,1.279868554654993,1.279868554654993,15.829313623743104,14.956788839614688
17,3,335.30841121495325,331.9626168224299,1.2347965163750603,1.2347965163750603,16.715116260578437,15.829313623743104
18,3,571.1869158878504,566.1869158878504,1.2685621009743309,1.2685621009743309,18.154016273702457,16.715116260578437
19,3,323.4672897196262,320.2616822429907,1.27077809545655,1.27077809545655,19.871801050606063,18.154016273702457
20,3,549.4444444444445,545.5648148148148,1.4182462285981774,1.4182462285981774,36.47608118563621,19.871801050606063
1,4,4878.424528301887,4827.358490566037,1.5656860707969014,1.5656860707969014,3.180796486470582,0.0
2,4,3874.7570093457944,3835.0467289719627,1.4965929750947915,1.4965929750947915,4.199298262995014,3.180796486470582
3,4,1451.3177570093458,1436.5514018691588,1.4093033811244198,1.4093033811244198,5.272455687869069,4.199298262995014
4,4,2621.336448598131,2594.8971962616824,1.3442379297977263,1.3442379297977263,6.193740596260733,5.272455687869069
5,4,3324.495327102804,3292.663551401869,1.3012187110685511,1.3012187110685511,7.05506785778168,6.193740596260733
6,4,705.7383177570093,698.2242990654206,1.2678754994973431,1.2678754994973431,7.953231296132531,7.05506785778168
7,4,574.8518518518518,569.5555555555555,1.253959154920958,1.253959154920958,9.018858595419156,7.953231296132531
8,4,420.5514018691589,416.5233644859813,1.2261529308469425,1.2261529308469425,9.988970078469205,9.018858595419156
9,4,605.6355140186915,599.3831775700935,1.2293206677104924,1.2293206677104924,10.72513829060439,9.988970078469205
10,4,428.70093457943926,424.1869158878505,1.258041117289132,1.258041117289132,11.48754368614339,10.72513829060439
11,4,434.61682242990656,430.5607476635514,1.2418203022589673,1.2418203022589673,12.092084039119785,11.48754368614339
12,4,450.7289719626168,446.3551401869159,1.23022060785209,1.23022060785209,12.748421000557512,12.092084039119785
13,4,411.8785046728972,407.4018691588785,1.2596331727668462,1.2596331727668462,13.501331419788942,12.748421000557512
14,4,500.9074074074074,496.6111111111111,1.2994425565779564,1.2994425565779564,14.1931526288167,13.501331419788942
15,4,335.9626168224299,332.58878504672896,1.2382498742678767,1.2382498742678767,14.956788839614688,14.1931526288167
16,4,463.8317757009346,459.5514018691589,1.279868554654993,1.279868554654993,15.829313623743104,14.956788839614688
17,4,334.7570093457944,331.78504672897196,1.2347965163750603,1.2347965163750603,16.715116260578437,15.829313623743104
18,4,569.7663551401869,564.1308411214953,1.2685621009743309,1.2685621009743309,18.154016273702457,16.715116260578437
19,4,325.2897196261682,322.30841121495325,1.27077809545655,1.27077809545655,19.871801050606063,18.154016273702457
20,4,555.7222222222222,551.824074074074,1.4182462285981774,1.4182462285981774,36.47608118563621,19.871801050606063
1,5,4887.292452830188,4835.018867924528,1.5656860707969014,1.5656860707969014,3.180796486470582,0.0
2,5,3857.803738317757,3819.5607476635514,1.4965929750947915,1.4965929750947915,4.199298262995014,3.180796486470582
3,5,1442.018691588785,1427.7009345794393,1.4093033811244198,1.4093033811244198,5.272455687869069,4.199298262995014
4,5,2626.6728971962616,2601.0093457943926,1.3442379297977263,1.3442379297977263,6.193740596260733,5.272455687869069
5,5,3328.7102803738317,3295.03738317757,1.3012187110685511,1.3012187110685511,7.05506785778168,6.193740596260733
6,5,704.7757009345794,697.373831775701,1.2678754994973431,1.2678754994973431,7.953231296132531,7.05506785778168
7,5,578.8333333333334,573.0648148148148,1.253959154920958,1.253959154920958,9.018858595419156,7.953231296132531
8,5,422.7289719626168,418.4859813084112,1.2261529308469425,1.2261529308469425,9.988970078469205,9.018858595419156
9,5,599.2336448598131,592.7757009345794,1.2293206677104924,1.2293206677104924,10.72513829060439,9.988970078469205
10,5,428.95327102803736,424.85046728971963,1.258041117289132,1.258041117289132,11.48754368614339,10.72513829060439
11,5,438.85046728971963,435.0373831775701,1.2418203022589673,1.2418203022589673,12.092084039119785,11.48754368614339
12,5,456.41121495327104,451.50467289719626,1.23022060785209,1.23022060785209,12.748421000557512,12.092084039119785
13,5,416.14018691588785,411.89719626168227,1.2596331727668462,1.2596331727668462,13.501331419788942,12.748421000557512
14,5,501.8703703703704,497.0,1.2994425565779564,1.2994425565779564,14.1931526288167,13.501331419788942
15,5,339.0093457943925,335.57943925233644,1.2382498742678767,1.2382498742678767,14.956788839614688,14.1931526288167
16,5,461.57943925233644,457.41121495327104,1.279868554654993,1.279868554654993,15.829313623743104,14.956788839614688
17,5,335.29906542056074,331.95327102803736,1.2347965163750603,1.2347965163750603,16.715116260578437,15.829313623743104
18,5,573.0934579439253,568.0093457943925,1.2685621009743309,1.2685621009743309,18.154016273702457,16.715116260578437
19,5,322.5607476635514,319.4392523364486,1.27077809545655,1.27077809545655,19.871801050606063,18.154016273702457
20,5,547.8796296296297,544.2314814814815,1.4182462285981774,1.4182462285981774,36.47608118563621,19.871801050606063
1,6,4878.3490566037735,4828.320754716981,1.5656860707969014,1.5656860707969014,3.180796486470582,0.0
2,6,3880.8971962616824,3841.1028037383176,1.4965929750947915,1.4965929750947915,4.199298262995014,3.180796486470582
3,6,1444.7196261682243,1430.4766355140187,1.4093033811244198,1.4093033811244198,5.272455687869069,4.199298262995014
4,6,2630.2056074766356,2605.196261682243,1.3442379297977263,1.3442379297977263,6.193740596260733,5.272455687869069
5,6,3328.392523364486,3295.663551401869,1.3012187110685511,1.3012187110685511,7.05506785778168,6.193740596260733
6,6,699.9345794392524,692.6822429906542,1.2678754994973431,1.2678754994973431,7.953231296132531,7.05506785778168
7,6,574.2592592592592,567.9722222222222,1.253959154920958,1.253959154920958,9.018858595419156,7.953231296132531
8,6,424.2710280373832,419.7570093457944,1.2261529308469425,1.2261529308469425,9.988970078469205,9.018858595419156
9,6,599.1682242990654,592.6635514018692,1.2293206677104924,1.2293206677104924,10.72513829060439,9.988970078469205
10,6,428.5700934579439,424.4018691588785,1.258041117289132,1.258041117289132,11.48754368614339,10.72513829060439
11,6,439.0841121495327,434.8317757009346,1.2418203022589673,1.2418203022589673,12.092084039119785,11.48754368614339
12,6,453.9626168224299,449.4766355140187,1.23022060785209,1.23022060785209,12.748421000557512,12.092084039119785
13,6,408.2429906542056,403.78504672897196,1.2596331727668462,1.2596331727668462,13.501331419788942,12.748421000557512
14,6,500.1759259259259,495.30555555555554,1.2994425565779564,1.2994425565779564,14.1931526288167,13.501331419788942
15,6,337.38317757009344,334.21495327102804,1.2382498742678767,1.2382498742678767,14.956788839614688,14.1931526288167
16,6,462.1775700934579,457.8317757009346,1.279868554654993,1.279868554654993,15.829313623743104,14.956788839614688
17,6,336.29906542056074,333.1869158878505,1.2347965163750603,1.2347965163750603,16.715116260578437,15.829313623743104
18,6,568.8317757009346,563.6728971962617,1.2685621009743309,1.2685621009743309,18.154016273702457,16.715116260578437
19,6,322.41121495327104,319.1869158878505,1.27077809545655,1.27077809545655,19.871801050606063,18.154016273702457
20,6,552.4074074074074,548.6388888888889,1.4182462285981774,1.4182462285981774,36.47608118563621,19.871801050606063
1,7,4870.5,4818.33962264151,1.5656860707969014,1.5656860707969014,3.180796486470582,0.0
2,7,3879.96261682243,3840.373831775701,1.4965929750947915,1.4965929750947915,4.199298262995014,3.180796486470582
3,7,1446.0,1430.7196261682243,1.4093033811244198,1.4093033811244198,5.272455687869069,4.199298262995014
4,7,2636.4392523364486,2609.9345794392525,1.3442379297977263,1.3442379297977263,6.193740596260733,5.272455687869069
5,7,3340.88785046729,3308.644859813084,1.3012187110685511,1.3012187110685511,7.05506785778168,6.193740596260733
6,7,702.0280373831775,694.8411214953271,1.2678754994973431,1.2678754994973431,7.953231296132531,7.05506785778168
7,7,571.3518518518518,565.824074074074,1.253959154920958,1.253959154920958,9.018858595419156,7.953231296132531
8,7,423.95327102803736,419.61682242990656,1.2261529308469425,1.2261529308469425,9.988970078469205,9.018858595419156
9,7,597.3084112149533,591.2803738317757,1.2293206677104924,1.2293206677104924,10.72513829060439,9.988970078469205
10,7,425.2616822429907,420.85981308411215,1.258041117289132,1.258041117289132,11.48754368614339,10.72513829060439
11,7,438.05607476635515,433.4392523364486,1.2418203022589673,1.2418203022589673,12.092084039119785,11.48754368614339
12,7,449.6355140186916,445.4299065420561,1.23022060785209,1.23022060785209,12.748421000557512,12.092084039119785
13,7,410.94392523364485,406.85046728971963,1.2596331727668462,1.2596331727668462,13.501331419788942,12.748421000557512
14,7,498.98148148148147,493.85185185185185,1.2994425565779564,1.2994425565779564,14.1931526288167,13.501331419788942
15,7,336.50467289719626,333.31775700934577,1.2382498742678767,1.2382498742678767,14.956788839614688,14.1931526288167
16,7,462.21495327102804,457.98130841121497,1.279868554654993,1.279868554654993,15.829313623743104,14.956788839614688
17,7,332.4485981308411,329.3738317757009,1.2347965163750603,1.2347965163750603,16.715116260578437,15.829313623743104
18,7,571.9345794392524,566.4392523364486,1.2685621009743309,1.2685621009743309,18.154016273702457,16.715116260578437
19,7,326.14018691588785,323.23364485981307,1.27077809545655,1.27077809545655,19.871801050606063,18.154016273702457
20,7,548.8611111111111,544.8425925925926,1.4182462285981774,1.4182462285981774,36.47608118563621,19.871801050606063
1,8,4876.471698113208,4824.867924528302,1.5656860707969014,1.5656860707969014,3.180796486470582,0.0
2,8,3874.392523364486,3833.7570093457944,1.4965929750947915,1.4965929750947915,4.199298262995014,3.180796486470582
3,8,1451.2897196261683,1435.7570093457944,1.4093033811244198,1.4093033811244198,5.272455687869069,4.199298262995014
4,8,2631.373831775701,2605.1495327102803,1.3442379297977263,1.3442379297977263,6.193740596260733,5.272455687869069
5,8,3331.6728971962616,3299.457943925234,1.3012187110685511,1.3012187110685511,7.05506785778168,6.193740596260733
6,8,702.5607476635514,695.3084112149533,1.2678754994973431,1.2678754994973431,7.953231296132531,7.05506785778168
7,8,577.5462962962963,572.1851851851852,1.253959154920958,1.253959154920958,9.018858595419156,7.953231296132531
8,8,424.67289719626166,420.1869158878505,1.2261529308469425,1.2261529308469425,9.988970078469205,9.018858595419156
9,8,597.6542056074767,591.2897196261682,1.2293206677104924,1.2293206677104924,10.72513829060439,9.988970078469205
10,8,426.2897196261682,422.2897196261682,1.258041117289132,1.258041117289132,11.48754368614339,10.72513829060439
11,8,441.04672897196264,436.8130841121495,1.2418203022589673,1.2418203022589673,12.092084039119785,11.48754368614339
12,8,452.85046728971963,448.4392523364486,1.23022060785209,1.23022060785209,12.748421000557512,12.092084039119785
13,8,408.9626168224299,405.1121495327103,1.2596331727668462,1.2596331727668462,13.501331419788942,12.748421000557512
14,8,500.64814814814815,495.8888888888889,1.2994425565779564,1.2994425565779564,14.1931526288167,13.501331419788942
15,8,335.33644859813086,332.2803738317757,1.2382498742678767,1.2382498742678767,14.956788839614688,14.1931526288167
16,8,457.5514018691589,452.7102803738318,1.279868554654993,1.279868554654993,15.829313623743104,14.956788839614688
17,8,335.0093457943925,331.9252336448598,1.2347965163750603,1.2347965163750603,16.715116260578437,15.829313623743104
18,8,569.4392523364486,564.2242990654206,1.2685621009743309,1.2685621009743309,18.154016273702457,16.715116260578437
19,8,322.58878504672896,319.38317757009344,1.27077809545655,1.27077809545655,19.871801050606063,18.154016273702457
20,8,552.4444444444445,548.925925925926,1.4182462285981774,1.4182462285981774,36.47608118563621,19.871801050606063
1,9,4877.358490566037,4826.245283018868,1.5656860707969014,1.5656860707969014,3.180796486470582,0.0
2,9,3880.691588785047,3840.2056074766356,1.4965929750947915,1.4965929750947915,4.199298262995014,3.180796486470582
3,9,1444.2242990654206,1429.3271028037384,1.4093033811244198,1.4093033811244198,5.272455687869069,4.199298262995014
4,9,2626.355140186916,2599.2056074766356,1.3442379297977263,1.3442379297977263,6.193740596260733,5.272455687869069
5,9,3328.1308411214955,3295.2056074766356,1.3012187110685511,1.3012187110685511,7.05506785778168,6.193740596260733
6,9,704.9719626168225,697.7383177570093,1.2678754994973431,1.2678754994973431,7.953231296132531,7.05506785778168
7,9,575.7962962962963,569.9074074074074,1.253959154920958,1.253959154920958,9.018858595419156,7.953231296132531
8,9,422.5327102803738,418.4018691588785,1.2261529308469425,1.2261529308469425,9.988970078469205,9.018858595419156
9,9,601.0560747663551,594.7570093457944,1.2293206677104924,1.2293206677104924,10.72513829060439,9.988970078469205
10,9,431.38317757009344,426.9158878504673,1.258041117289132,1.258041117289132,11.48754368614339,10.72513829060439
11,9,436.7570093457944,432.2710280373832,1.2418203022589673,1.2418203022589673,12.092084039119785,11.48754368614339
12,9,451.7102803738318,447.38317757009344,1.23022060785209,1.23022060785209,12.748421000557512,12.092084039119785
13,9,407.8785046728972,403.8878504672897,1.2596331727668462,1.2596331727668462,13.501331419788942,12.748421000557512
14,9,495.9259259259259,491.1574074074074,1.2994425565779564,1.2994425565779564,14.1931526288167,13.501331419788942
15,9,338.2803738317757,334.67289719626166,1.2382498742678767,1.2382498742678767,14.956788839614688,14.1931526288167
16,9,465.31775700934577,461.0,1.279868554654993,1.279868554654993,15.829313623743104,14.956788839614688
17,9,335.1214953271028,332.0093457943925,1.2347965163750603,1.2347965163750603,16.715116260578437,15.829313623743104
18,9,569.392523364486,564.0280373831775,1.2685621009743309,1.2685621009743309,18.154016273702457,16.715116260578437
19,9,324.9065420560748,321.85981308411215,1.27077809545655,1.27077809545655,19.871801050606063,18.154016273702457
20,9,551.5833333333334,547.6944444444445,1.4182462285981774,1.4182462285981774,36.47608118563621,19.871801050606063
1,10,4864.38679245283,4813.207547169812,1.5656860707969014,1.5656860707969014,3.180796486470582,0.0
2,10,3883.4766355140187,3844.4205607476633,1.4965929750947915,1.4965929750947915,4.199298262995014,3.180796486470582
3,10,1446.607476635514,1431.5140186915887,1.4093033811244198,1.4093033811244198,5.272455687869069,4.199298262995014
4,10,2625.841121495327,2600.504672897196,1.3442379297977263,1.3442379297977263,6.193740596260733,5.272455687869069
5,10,3336.196261682243,3303.644859813084,1.3012187110685511,1.3012187110685511,7.05506785778168,6.193740596260733
6,10,700.5233644859813,693.0560747663551,1.2678754994973431,1.2678754994973431,7.953231296132531,7.05506785778168
7,10,575.1296296296297,569.175925925926,1.253959154920958,1.253959154920958,9.018858595419156,7.953231296132531
8,10,422.0373831775701,417.8317757009346,1.2261529308469425,1.2261529308469425,9.988970078469205,9.018858595419156
9,10,602.6168224299065,596.3364485981308,1.2293206677104924,1.2293206677104924,10.72513829060439,9.988970078469205
10,10,424.8130841121495,420.4672897196262,1.258041117289132,1.258041117289132,11.48754368614339,10.72513829060439
11,10,440.7943925233645,436.50467289719626,1.2418203022589673,1.2418203022589673,12.092084039119785,11.48754368614339
12,10,450.4766355140187,446.14018691588785,1.23022060785209,1.23022060785209,12.748421000557512,12.092084039119785
13,10,410.3738317757009,406.2803738317757,1.2596331727668462,1.2596331727668462,13.501331419788942,12.748421000557512
14,10,502.39814814814815,497.4166666666667,1.2994425565779564,1.2994425565779564,14.1931526288167,13.501331419788942
15,10,339.5514018691589,336.2056074766355,1.2382498742678767,1.2382498742678767,14.956788839614688,14.1931526288167
16,10,465.9626168224299,461.4392523364486,1.279868554654993,1.279868554654993,15.829313623743104,14.956788839614688
17,10,334.6261682242991,331.4672897196262,1.2347965163750603,1.2347965163750603,16.715116260578437,15.829313623743104
18,10,573.3457943925233,567.9439252336449,1.2685621009743309,1.2685621009743309,18.154016273702457,16.715116260578437
19,10,323.25233644859816,320.4485981308411,1.27077809545655,1.27077809545655,19.871801050606063,18.154016273702457
20,10,547.3518518518518,543.3055555555555,1.4182462285981774,1.4182462285981774,36.47608118563621,19.871801050606063
1,11,4879.009433962264,4828.358490566037,1.5656860707969014,1.5656860707969014,3.180796486470582,0.0
2,11,3874.9906542056074,3835.841121495327,1.4965929750947915,1.4965929750947915,4.199298262995014,3.180796486470582
3,11,1447.9719626168223,1432.4579439252336,1.4093033811244198,1.4093033811244198,5.272455687869069,4.199298262995014
4,11,2624.8598130841124,2600.11214953271,1.3442379297977263,1.3442379297977263,6.193740596260733,5.272455687869069
5,11,3328.0841121495328,3294.4018691588785,1.3012187110685511,1.3012187110685511,7.05506785778168,6.193740596260733
6,11,704.6542056074767,697.3364485981308,1.2678754994973431,1.2678754994973431,7.953231296132531,7.05506785778168
7,11,572.3703703703703,567.0833333333334,1.253959154920958,1.253959154920958,9.018858595419156,7.953231296132531
8,11,425.7102803738318,421.38317757009344,1.2261529308469425,1.2261529308469425,9.988970078469205,9.018858595419156
9,11,601.2616822429907,595.6822429906542,1.2293206677104924,1.2293206677104924,10.72513829060439,9.988970078469205
10,11,423.6448598130841,419.4672897196262,1.258041117289132,1.258041117289132,11.48754368614339,10.72513829060439
11,11,441.1588785046729,436.9906542056075,1.2418203022589673,1.2418203022589673,12.092084039119785,11.48754368614339
12,11,455.5327102803738,450.86915887850466,1.23022060785209,1.23022060785209,12.748421000557512,12.092084039119785
13,11,410.0,405.61682242990656,1.2596331727668462,1.2596331727668462,13.501331419788942,12.748421000557512
14,11,503.7962962962963,499.06481481481484,1.2994425565779564,1.2994425565779564,14.1931526288167,13.501331419788942
15,11,337.66355140186914,334.29906542056074,1.2382498742678767,1.2382498742678767,14.956788839614688,14.1931526288167
16,11,463.8411214953271,459.05607476635515,1.279868554654993,1.279868554654993,15.829313623743104,14.956788839614688
17,11,330.67289719626166,327.7570093457944,1.2347965163750603,1.2347965163750603,16.715116260578437,15.829313623743104
18,11,572.5420560747664,567.3831775700935,1.2685621009743309,1.2685621009743309,18.154016273702457,16.715116260578437
19,11,321.0841121495327,318.4299065420561,1.27077809545655,1.27077809545655,19.871801050606063,18.154016273702457
20,11,550.3703703703703,546.1851851851852,1.4182462285981774,1.4182462285981774,36.47608118563621,19.871801050606063
1,12,4884.264150943396,4833.405660377359,1.5656860707969014,1.5656860707969014,3.180796486470582,0.0
2,12,3871.7383177570096,3830.588785046729,1.4965929750947915,1.4965929750947915,4.199298262995014,3.180796486470582
3,12,1449.943925233645,1435.1121495327102,1.4093033811244198,1.4093033811244198,5.272455687869069,4.199298262995014
4,12,2630.355140186916,2604.373831775701,1.3442379297977263,1.3442379297977263,6.193740596260733,5.272455687869069
5,12,3321.03738317757,3288.196261682243,1.3012187110685511,1.3012187110685511,7.05506785778168,6.193740596260733
6,12,705.4205607476636,698.3271028037383,1.2678754994973431,1.2678754994973431,7.953231296132531,7.05506785778168
7,12,575.0555555555555,569.3888888888889,1.253959154920958,1.253959154920958,9.018858595419156,7.953231296132531
8,12,425.196261682243,420.9252336448598,1.2261529308469425,1.2261529308469425,9.988970078469205,9.018858595419156
9,12,598.0373831775701,591.6915887850467,1.2293206677104924,1.2293206677104924,10.72513829060439,9.988970078469205
10,12,426.61682242990656,422.60747663551405,1.258041117289132,1.258041117289132,11.48754368614339,10.72513829060439
11,12,441.7196261682243,437.25233644859816,1.2418203022589673,1.2418203022589673,12.092084039119785,11.48754368614339
12,12,454.9252336448598,450.85981308411215,1.23022060785209,1.23022060785209,12.748421000557512,12.092084039119785
13,12,412.7943925233645,408.1682242990654,1.2596331727668462,1.2596331727668462,13.501331419788942,12.748421000557512
14,12,500.98148148148147,496.4537037037037,1.2994425565779564,1.2994425565779564,14.1931526288167,13.501331419788942
15,12,336.93457943925233,333.89719626168227,1.2382498742678767,1.2382498742678767,14.956788839614688,14.1931526288167
16,12,461.7570093457944,457.13084112149534,1.279868554654993,1.279868554654993,15.829313623743104,14.956788839614688
17,12,332.13084112149534,329.0747663551402,1.2347965163750603,1.2347965163750603,16.715116260578437,15.829313623743104
18,12,567.4299065420561,562.0560747663551,1.2685621009743309,1.2685621009743309,18.154016273702457,16.715116260578437
19,12,322.5140186915888,319.5700934579439,1.27077809545655,1.27077809545655,19.871801050606063,18.154016273702457
20,12,550.1666666666666,546.0648148148148,1.4182462285981774,1.4182462285981774,36.47608118563621,19.871801050606063
1,13,4881.122641509434,4830.037735849057,1.5656860707969014,1.5656860707969014,3.180796486470582,0.0
2,13,3871.700934579439,3831.121495327103,1.4965929750947915,1.4965929750947915,4.199298262995014,3.180796486470582
3,13,1449.3364485981308,1434.6915887850466,1.4093033811244198,1.4093033811244198,5.272455687869069,4.199298262995014
4,13,2624.177570093458,2599.1308411214955,1.3442379297977263,1.3442379297977263,6.193740596260733,5.272455687869069
5,13,3339.355140186916,3306.728971962617,1.3012187110685511,1.3012187110685511,7.05506785778168,6.193740596260733
6,13,707.5233644859813,700.1869158878504,1.2678754994973431,1.2678754994973431,7.953231296132531,7.05506785778168
7,13,575.3055555555555,569.3796296296297,1.253959154920958,1.253959154920958,9.018858595419156,7.953231296132531
8,13,423.9626168224299,419.86915887850466,1.2261529308469425,1.2261529308469425,9.988970078469205,9.018858595419156
9,13,597.607476635514,591.3177570093458,1.2293206677104924,1.2293206677104924,10.72513829060439,9.988970078469205
10,13,424.2710280373832,420.0093457943925,1.258041117289132,1.258041117289132,11.48754368614339,10.72513829060439
11,13,438.31775700934577,434.1682242990654,1.2418203022589673,1.2418203022589673,12.092084039119785,11.48754368614339
12,13,450.5700934579439,446.4672897196262,1.23022060785209,1.23022060785209,12.748421000557512,12.092084039119785
13,13,405.5981308411215,401.7383177570093,1.2596331727668462,1.2596331727668462,13.501331419788942,12.748421000557512
14,13,502.1574074074074,497.5,1.2994425565779564,1.2994425565779564,14.1931526288167,13.501331419788942
15,13,335.38317757009344,332.06542056074767,1.2382498742678767,1.2382498742678767,14.956788839614688,14.1931526288167
16,13,463.9626168224299,459.7383177570093,1.279868554654993,1.279868554654993,15.829313623743104,14.956788839614688
17,13,332.5420560747664,329.1214953271028,1.2347965163750603,1.2347965163750603,16.715116260578437,15.829313623743104
18,13,573.4299065420561,567.9345794392524,1.2685621009743309,1.2685621009743309,18.154016273702457,16.715116260578437
19,13,322.5514018691589,319.8411214953271,1.27077809545655,1.27077809545655,19.871801050606063,18.154016273702457
20,13,550.2314814814815,546.0,1.4182462285981774,1.4182462285981774,36.47608118563621,19.871801050606063
1,14,4877.226415094339,4825.8490566037735,1.5656860707969014,1.5656860707969014,3.180796486470582,0.0
2,14,3877.542056074766,3837.3644859813085,1.4965929750947915,1.4965929750947915,4.199298262995014,3.180796486470582
3,14,1447.747663551402,1433.7570093457944,1.4093033811244198,1.4093033811244198,5.272455687869069,4.199298262995014
4,14,2620.0186915887853,2594.373831775701,1.3442379297977263,1.3442379297977263,6.193740596260733,5.272455687869069
5,14,3328.663551401869,3294.9813084112147,1.3012187110685511,1.3012187110685511,7.05506785778168,6.193740596260733
6,14,702.7757009345794,695.4672897196261,1.2678754994973431,1.2678754994973431,7.953231296132531,7.05506785778168
7,14,573.8148148148148,568.425925925926,1.253959154920958,1.253959154920958,9.018858595419156,7.953231296132531
8,14,425.9065420560748,421.4579439252336,1.2261529308469425,1.2261529308469425,9.988970078469205,9.018858595419156
9,14,598.5514018691589,592.2616822429907,1.2293206677104924,1.2293206677104924,10.72513829060439,9.988970078469205
10,14,430.25233644859816,425.61682242990656,1.258041117289132,1.258041117289132,11.48754368614339,10.72513829060439
11,14,443.0373831775701,439.13084112149534,1.2418203022589673,1.2418203022589673,12.092084039119785,11.48754368614339
12,14,457.6261682242991,453.4766355140187,1.23022060785209,1.23022060785209,12.748421000557512,12.092084039119785
13,14,409.85046728971963,405.89719626168227,1.2596331727668462,1.2596331727668462,13.501331419788942,12.748421000557512
14,14,498.3240740740741,493.76851851851853,1.2994425565779564,1.2994425565779564,14.1931526288167,13.501331419788942
15,14,339.1775700934579,335.8317757009346,1.2382498742678767,1.2382498742678767,14.956788839614688,14.1931526288167
16,14,461.7196261682243,457.05607476635515,1.279868554654993,1.279868554654993,15.829313623743104,14.956788839614688
17,14,336.7289719626168,333.6542056074766,1.2347965163750603,1.2347965163750603,16.715116260578437,15.829313623743104
18,14,568.9532710280374,563.5794392523364,1.2685621009743309,1.2685621009743309,18.154016273702457,16.715116260578437
19,14,321.4579439252336,318.49532710280374,1.27077809545655,1.27077809545655,19.871801050606063,18.154016273702457
20,14,550.1851851851852,546.0555555555555,1.4182462285981774,1.4182462285981774,36.47608118563621,19.871801050606063
1,15,4878.047169811321,4827.528301886792,1.5656860707969014,1.5656860707969014,3.180796486470582,0.0
2,15,3885.8971962616824,3846.654205607477,1.4965929750947915,1.4965929750947915,4.199298262995014,3.180796486470582
3,15,1445.0747663551401,1429.7570093457944,1.4093033811244198,1.4093033811244198,5.272455687869069,4.199298262995014
4,15,2630.2056074766356,2604.0467289719627,1.3442379297977263,1.3442379297977263,6.193740596260733,5.272455687869069
5,15,3329.532710280374,3296.8130841121497,1.3012187110685511,1.3012187110685511,7.05506785778168,6.193740596260733
6,15,701.0934579439253,693.9626168224299,1.2678754994973431,1.2678754994973431,7.953231296132531,7.05506785778168
7,15,571.7870370370371,566.6018518518518,1.253959154920958,1.253959154920958,9.018858595419156,7.953231296132531
8,15,426.25233644859816,422.0373831775701,1.2261529308469425,1.2261529308469425,9.988970078469205,9.018858595419156
9,15,596.392523364486,589.5981308411215,1.2293206677104924,1.2293206677104924,10.72513829060439,9.988970078469205
10,15,429.69158878504675,425.1682242990654,1.258041117289132,1.258041117289132,11.48754368614339,10.72513829060439
11,15,438.30841121495325,434.196261682243,1.2418203022589673,1.2418203022589673,12.092084039119785,11.48754368614339
12,15,453.70093457943926,449.0373831775701,1.23022060785209,1.23022060785209,12.748421000557512,12.092084039119785
13,15,409.94392523364485,406.0841121495327,1.2596331727668462,1.2596331727668462,13.501331419788942,12.748421000557512
14,15,498.1388888888889,493.27777777777777,1.2994425565779564,1.2994425565779564,14.1931526288167,13.501331419788942
15,15,335.4485981308411,332.6542056074766,1.2382498742678767,1.2382498742678767,14.956788839614688,14.1931526288167
16,15,458.14018691588785,454.0373831775701,1.279868554654993,1.279868554654993,15.829313623743104,14.956788839614688
17,15,333.3457943925234,330.4579439252336,1.2347965163750603,1.2347965163750603,16.715116260578437,15.829313623743104
18,15,572.7196261682243,567.5981308411215,1.2685621009743309,1.2685621009743309,18.154016273702457,16.715116260578437
19,15,324.42056074766356,321.32710280373834,1.27077809545655,1.27077809545655,19.871801050606063,18.154016273702457
20,15,552.0092592592592,547.8611111111111,1.4182462285981774,1.4182462285981774,36.47608118563621,19.871801050606063
1,16,4880.594339622641,4828.7169811320755,1.5656860707969014,1.5656860707969014,3.180796486470582,0.0
2,16,3868.196261682243,3828.2429906542056,1.4965929750947915,1.4965929750947915,4.199298262995014,3.180796486470582
3,16,1448.1401869158879,1432.8598130841121,1.4093033811244198,1.4093033811244198,5.272455687869069,4.199298262995014
4,16,2624.9906542056074,2598.7476635514017,1.3442379297977263,1.3442379297977263,6.193740596260733,5.272455687869069
5,16,3329.3177570093458,3295.7943925233644,1.3012187110685511,1.3012187110685511,7.05506785778168,6.193740596260733
6,16,706.0280373831775,698.411214953271,1.2678754994973431,1.2678754994973431,7.953231296132531,7.05506785778168
7,16,573.9074074074074,567.925925925926,1.253959154920958,1.253959154920958,9.018858595419156,7.953231296132531
8,16,427.0373831775701,422.58878504672896,1.2261529308469425,1.2261529308469425,9.988970078469205,9.018858595419156
9,16,599.8691588785047,593.2897196261682,1.2293206677104924,1.2293206677104924,10.72513829060439,9.988970078469205
10,16,429.29906542056074,425.14953271028037,1.258041117289132,1.258041117289132,11.48754368614339,10.72513829060439
11,16,438.9906542056075,434.39252336448595,1.2418203022589673,1.2418203022589673,12.092084039119785,11.48754368614339
12,16,452.6542056074766,448.4392523364486,1.23022060785209,1.23022060785209,12.748421000557512,12.092084039119785
13,16,415.4018691588785,411.13084112149534,1.2596331727668462,1.2596331727668462,13.501331419788942,12.748421000557512
14,16,502.22222222222223,497.4537037037037,1.2994425565779564,1.2994425565779564,14.1931526288167,13.501331419788942
15,16,338.78504672897196,335.69158878504675,1.2382498742678767,1.2382498742678767,14.956788839614688,14.1931526288167
16,16,462.4485981308411,457.77570093457945,1.279868554654993,1.279868554654993,15.829313623743104,14.956788839614688
17,16,333.06542056074767,329.98130841121497,1.2347965163750603,1.2347965163750603,16.715116260578437,15.829313623743104
18,16,568.3271028037383,563.1028037383178,1.2685621009743309,1.2685621009743309,18.154016273702457,16.715116260578437
19,16,321.8130841121495,318.50467289719626,1.27077809545655,1.27077809545655,19.871801050606063,18.154016273702457
20,16,548.074074074074,543.8425925925926,1.4182462285981774,1.4182462285981774,36.47608118563621,19.871801050606063
1,17,4870.330188679245,4818.518867924528,1.5656860707969014,1.5656860707969014,3.180796486470582,0.0
2,17,3878.8130841121497,3839.1495327102803,1.4965929750947915,1.4965929750947915,4.199298262995014,3.180796486470582
3,17,1448.943925233645,1433.4392523364486,1.4093033811244198,1.4093033811244198,5.272455687869069,4.199298262995014
4,17,2619.3831775700933,2593.691588785047,1.3442379297977263,1.3442379297977263,6.193740596260733,5.272455687869069
5,17,3335.2897196261683,3301.766355140187,1.3012187110685511,1.3012187110685511,7.05506785778168,6.193740596260733
6,17,704.2429906542056,696.9158878504672,1.2678754994973431,1.2678754994973431,7.953231296132531,7.05506785778168
7,17,576.9537037037037,571.1388888888889,1.253959154920958,1.253959154920958,9.018858595419156,7.953231296132531
8,17,426.5514018691589,422.14018691588785,1.2261529308469425,1.2261529308469425,9.988970078469205,9.018858595419156
9,17,595.3084112149533,589.1682242990654,1.2293206677104924,1.2293206677104924,10.72513829060439,9.988970078469205
10,17,428.2429906542056,424.0,1.258041117289132,1.258041117289132,11.48754368614339,10.72513829060439
11,17,441.67289719626166,437.74766355140184,1.2418203022589673,1.2418203022589673,12.092084039119785,11.48754368614339
12,17,454.14953271028037,449.6448598130841,1.23022060785209,1.23022060785209,12.748421000557512,12.092084039119785
13,17,407.39252336448595,403.4392523364486,1.2596331727668462,1.2596331727668462,13.501331419788942,12.748421000557512
14,17,500.02777777777777,495.74074074074076,1.2994425565779564,1.2994425565779564,14.1931526288167,13.501331419788942
15,17,336.94392523364485,333.3644859813084,1.2382498742678767,1.2382498742678767,14.956788839614688,14.1931526288167
16,17,461.10280373831773,456.66355140186914,1.279868554654993,1.279868554654993,15.829313623743104,14.956788839614688
17,17,336.4485981308411,333.14018691588785,1.2347965163750603,1.2347965163750603,16.715116260578437,15.829313623743104
18,17,570.2616822429907,565.0280373831775,1.2685621009743309,1.2685621009743309,18.154016273702457,16.715116260578437
19,17,324.13084112149534,321.2803738317757,1.27077809545655,1.27077809545655,19.871801050606063,18.154016273702457
20,17,553.6111111111111,549.4629629629629,1.4182462285981774,1.4182462285981774,36.47608118563621,19.871801050606063
1,18,4881.207547169812,4829.858490566037,1.5656860707969014,1.5656860707969014,3.180796486470582,0.0
2,18,3872.588785046729,3833.5140186915887,1.4965929750947915,1.4965929750947915,4.199298262995014,3.180796486470582
3,18,1454.1682242990655,1438.4953271028037,1.4093033811244198,1.4093033811244198,5.272455687869069,4.199298262995014
4,18,2629.700934579439,2602.3831775700933,1.3442379297977263,1.3442379297977263,6.193740596260733,5.272455687869069
5,18,3331.1869158878503,3298.0,1.3012187110685511,1.3012187110685511,7.05506785778168,6.193740596260733
6,18,704.6635514018692,697.803738317757,1.2678754994973431,1.2678754994973431,7.953231296132531,7.05506785778168
7,18,578.1481481481482,572.3518518518518,1.253959154920958,1.253959154920958,9.018858595419156,7.953231296132531
8,18,419.1121495327103,415.10280373831773,1.2261529308469425,1.2261529308469425,9.988970078469205,9.018858595419156
9,18,598.2990654205607,591.803738317757,1.2293206677104924,1.2293206677104924,10.72513829060439,9.988970078469205
10,18,429.3644859813084,425.1588785046729,1.258041117289132,1.258041117289132,11.48754368614339,10.72513829060439
11,18,436.42056074766356,431.78504672897196,1.2418203022589673,1.2418203022589673,12.092084039119785,11.48754368614339
12,18,455.1214953271028,450.4672897196262,1.23022060785209,1.23022060785209,12.748421000557512,12.092084039119785
13,18,409.2616822429907,405.5233644859813,1.2596331727668462,1.2596331727668462,13.501331419788942,12.748421000557512
14,18,501.4166666666667,496.3888888888889,1.2994425565779564,1.2994425565779564,14.1931526288167,13.501331419788942
15,18,335.76635514018693,332.05607476635515,1.2382498742678767,1.2382498742678767,14.956788839614688,14.1931526288167
16,18,462.49532710280374,458.1588785046729,1.279868554654993,1.279868554654993,15.829313623743104,14.956788839614688
17,18,335.8878504672897,332.9065420560748,1.2347965163750603,1.2347965163750603,16.715116260578437,15.829313623743104
18,18,563.5420560747664,557.8971962616822,1.2685621009743309,1.2685621009743309,18.154016273702457,16.715116260578437
19,18,321.4392523364486,318.7102803738318,1.27077809545655,1.27077809545655,19.871801050606063,18.154016273702457
20,18,550.1944444444445,546.2870370370371,1.4182462285981774,1.4182462285981774,36.47608118563621,19.871801050606063
1,19,4885.047169811321,4832.66037735849,1.5656860707969014,1.5656860707969014,3.180796486470582,0.0
2,19,3874.3644859813085,3836.0934579439254,1.4965929750947915,1.4965929750947915,4.199298262995014,3.180796486470582
3,19,1440.03738317757,1424.5233644859813,1.4093033811244198,1.4093033811244198,5.272455687869069,4.199298262995014
4,19,2618.7383177570096,2593.3271028037384,1.3442379297977263,1.3442379297977263,6.193740596260733,5.272455687869069
5,19,3329.07476635514,3297.700934579439,1.3012187110685511,1.3012187110685511,7.05506785778168,6.193740596260733
6,19,707.8224299065421,700.626168224299,1.2678754994973431,1.2678754994973431,7.953231296132531,7.05506785778168
7,19,573.9537037037037,568.3611111111111,1.253959154920958,1.253959154920958,9.018858595419156,7.953231296132531
8,19,425.58878504672896,421.4018691588785,1.2261529308469425,1.2261529308469425,9.988970078469205,9.018858595419156
9,19,601.3177570093458,595.0093457943925,1.2293206677104924,1.2293206677104924,10.72513829060439,9.988970078469205
10,19,425.04672897196264,420.49532710280374,1.258041117289132,1.258041117289132,11.48754368614339,10.72513829060439
11,19,438.4018691588785,433.9065420560748,1.2418203022589673,1.2418203022589673,12.092084039119785,11.48754368614339
12,19,454.1588785046729,450.01869158878503,1.23022060785209,1.23022060785209,12.748421000557512,12.092084039119785
13,19,410.9906542056075,406.8317757009346,1.2596331727668462,1.2596331727668462,13.501331419788942,12.748421000557512
14,19,503.9074074074074,499.30555555555554,1.2994425565779564,1.2994425565779564,14.1931526288167,13.501331419788942
15,19,334.4392523364486,331.2616822429907,1.2382498742678767,1.2382498742678767,14.956788839614688,14.1931526288167
16,19,462.93457943925233,458.50467289719626,1.279868554654993,1.279868554654993,15.829313623743104,14.956788839614688
17,19,336.01869158878503,332.61682242990656,1.2347965163750603,1.2347965163750603,16.715116260578437,15.829313623743104
18,19,574.4018691588785,568.6728971962617,1.2685621009743309,1.2685621009743309,18.154016273702457,16.715116260578437
19,19,322.4299065420561,319.5514018691589,1.27077809545655,1.27077809545655,19.871801050606063,18.154016273702457
20,19,550.4629629629629,546.4444444444445,1.4182462285981774,1.4182462285981774,36.47608118563621,19.871801050606063
1,20,4883.698113207547,4832.037735849057,1.5656860707969014,1.5656860707969014,3.180796486470582,0.0
2,20,3873.495327102804,3832.7570093457944,1.4965929750947915,1.4965929750947915,4.199298262995014,3.180796486470582
3,20,1454.747663551402,1439.0841121495328,1.4093033811244198,1.4093033811244198,5.272455687869069,4.199298262995014
4,20,2625.7196261682243,2599.766355140187,1.3442379297977263,1.3442379297977263,6.193740596260733,5.272455687869069
5,20,3324.2803738317757,3292.0186915887853,1.3012187110685511,1.3012187110685511,7.05506785778168,6.193740596260733
6,20,701.2990654205607,694.1495327102804,1.2678754994973431,1.2678754994973431,7.953231296132531,7.05506785778168
7,20,576.6944444444445,571.0462962962963,1.253959154920958,1.253959154920958,9.018858595419156,7.953231296132531
8,20,423.5607476635514,419.0934579439252,1.2261529308469425,1.2261529308469425,9.988970078469205,9.018858595419156
9,20,596.5794392523364,590.7476635514018,1.2293206677104924,1.2293206677104924,10.72513829060439,9.988970078469205
10,20,430.33644859813086,425.9252336448598,1.258041117289132,1.258041117289132,11.48754368614339,10.72513829060439
11,20,437.42056074766356,433.10280373831773,1.2418203022589673,1.2418203022589673,12.092084039119785,11.48754368614339
12,20,454.02803738317755,449.57943925233644,1.23022060785209,1.23022060785209,12.748421000557512,12.092084039119785
13,20,410.1869158878505,405.9065420560748,1.2596331727668462,1.2596331727668462,13.501331419788942,12.748421000557512
14,20,503.6203703703704,498.50925925925924,1.2994425565779564,1.2994425565779564,14.1931526288167,13.501331419788942
15,20,335.6542056074766,332.38317757009344,1.2382498742678767,1.2382498742678767,14.956788839614688,14.1931526288167
16,20,461.23364485981307,456.93457943925233,1.279868554654993,1.279868554654993,15.829313623743104,14.956788839614688
17,20,334.7943925233645,331.6542056074766,1.2347965163750603,1.2347965163750603,16.715116260578437,15.829313623743104
18,20,570.1682242990654,564.8598130841121,1.2685621009743309,1.2685621009743309,18.154016273702457,16.715116260578437
19,20,323.7943925233645,320.8785046728972,1.27077809545655,1.27077809545655,19.871801050606063,18.154016273702457
20,20,548.3611111111111,544.6111111111111,1.4182462285981774,1.4182462285981774,36.47608118563621,19.871801050606063
1,21,4886.8490566037735,4835.915094339623,1.5656860707969014,1.5656860707969014,3.180796486470582,0.0
2,21,3870.8504672897197,3830.728971962617,1.4965929750947915,1.4965929750947915,4.199298262995014,3.180796486470582
3,21,1444.8504672897195,1430.1028037383178,1.4093033811244198,1.4093033811244198,5.272455687869069,4.199298262995014
4,21,2624.9719626168226,2598.411214953271,1.3442379297977263,1.3442379297977263,6.193740596260733,5.272455687869069
5,21,3334.392523364486,3302.785046728972,1.3012187110685511,1.3012187110685511,7.05506785778168,6.193740596260733
6,21,703.2056074766355,695.7850467289719,1.2678754994973431,1.2678754994973431,7.953231296132531,7.05506785778168
7,21,576.1666666666666,570.574074074074,1.253959154920958,1.253959154920958,9.018858595419156,7.953231296132531
8,21,424.1682242990654,419.93457943925233,1.2261529308469425,1.2261529308469425,9.988970078469205,9.018858595419156
9,21,598.7943925233645,592.8130841121496,1.2293206677104924,1.2293206677104924,10.72513829060439,9.988970078469205
10,21,426.803738317757,422.7943925233645,1.258041117289132,1.258041117289132,11.48754368614339,10.72513829060439
11,21,435.1121495327103,431.10280373831773,1.2418203022589673,1.2418203022589673,12.092084039119785,11.48754368614339
12,21,454.9158878504673,450.67289719626166,1.23022060785209,1.23022060785209,12.748421000557512,12.092084039119785
13,21,407.1682242990654,402.9158878504673,1.2596331727668462,1.2596331727668462,13.501331419788942,12.748421000557512
14,21,498.89814814814815,493.7962962962963,1.2994425565779564,1.2994425565779564,14.1931526288167,13.501331419788942
15,21,337.1682242990654,333.9906542056075,1.2382498742678767,1.2382498742678767,14.956788839614688,14.1931526288167
16,21,461.13084112149534,456.7289719626168,1.279868554654993,1.279868554654993,15.829313623743104,14.956788839614688
17,21,337.5327102803738,334.85046728971963,1.2347965163750603,1.2347965163750603,16.715116260578437,15.829313623743104
18,21,570.7102803738318,565.5046728971963,1.2685621009743309,1.2685621009743309,18.154016273702457,16.715116260578437
19,21,324.6542056074766,321.4672897196262,1.27077809545655,1.27077809545655,19.871801050606063,18.154016273702457
20,21,551.4907407407408,546.7870370370371,1.4182462285981774,1.4182462285981774,36.47608118563621,19.871801050606063
1,22,4868.6509433962265,4817.764150943396,1.5656860707969014,1.5656860707969014,3.180796486470582,0.0
2,22,3875.07476635514,3835.504672897196,1.4965929750947915,1.4965929750947915,4.199298262995014,3.180796486470582
3,22,1449.1495327102805,1433.8598130841121,1.4093033811244198,1.4093033811244198,5.272455687869069,4.199298262995014
4,22,2623.9439252336447,2597.429906542056,1.3442379297977263,1.3442379297977263,6.193740596260733,5.272455687869069
5,22,3333.7943925233644,3301.0934579439254,1.3012187110685511,1.3012187110685511,7.05506785778168,6.193740596260733
6,22,707.1869158878504,699.8785046728972,1.2678754994973431,1.2678754994973431,7.953231296132531,7.05506785778168
7,22,576.2037037037037,569.9444444444445,1.253959154920958,1.253959154920958,9.018858595419156,7.953231296132531
8,22,427.1869158878505,422.4859813084112,1.2261529308469425,1.2261529308469425,9.988970078469205,9.018858595419156
9,22,595.8691588785047,589.626168224299,1.2293206677104924,1.2293206677104924,10.72513829060439,9.988970078469205
10,22,429.5420560747664,425.41121495327104,1.258041117289132,1.258041117289132,11.48754368614339,10.72513829060439
11,22,438.4579439252336,433.6355140186916,1.2418203022589673,1.2418203022589673,12.092084039119785,11.48754368614339
12,22,454.22429906542055,449.94392523364485,1.23022060785209,1.23022060785209,12.748421000557512,12.092084039119785
13,22,411.9252336448598,407.7289719626168,1.2596331727668462,1.2596331727668462,13.501331419788942,12.748421000557512
14,22,501.462962962963,496.25925925925924,1.2994425565779564,1.2994425565779564,14.1931526288167,13.501331419788942
15,22,337.2429906542056,333.74766355140184,1.2382498742678767,1.2382498742678767,14.956788839614688,14.1931526288167
16,22,461.06542056074767,456.97196261682245,1.279868554654993,1.279868554654993,15.829313623743104,14.956788839614688
17,22,334.5233644859813,331.25233644859816,1.2347965163750603,1.2347965163750603,16.715116260578437,15.829313623743104
18,22,572.9065420560747,567.4299065420561,1.2685621009743309,1.2685621009743309,18.154016273702457,16.715116260578437
19,22,321.2429906542056,318.23364485981307,1.27077809545655,1.27077809545655,19.871801050606063,18.154016273702457
20,22,549.2777777777778,545.3333333333334,1.4182462285981774,1.4182462285981774,36.47608118563621,19.871801050606063
1,23,4875.962264150943,4824.028301886792,1.5656860707969014,1.5656860707969014,3.180796486470582,0.0
2,23,3894.4018691588785,3854.1028037383176,1.4965929750947915,1.4965929750947915,4.199298262995014,3.180796486470582
3,23,1442.6355140186915,1427.7757009345794,1.4093033811244198,1.4093033811244198,5.272455687869069,4.199298262995014
4,23,2618.9813084112147,2593.196261682243,1.3442379297977263,1.3442379297977263,6.193740596260733,5.272455687869069
5,23,3336.448598130841,3303.9065420560746,1.3012187110685511,1.3012187110685511,7.05506785778168,6.193740596260733
6,23,703.6542056074767,696.6448598130842,1.2678754994973431,1.2678754994973431,7.953231296132531,7.05506785778168
7,23,574.7962962962963,569.1018518518518,1.253959154920958,1.253959154920958,9.018858595419156,7.953231296132531
8,23,425.0,421.04672897196264,1.2261529308469425,1.2261529308469425,9.988970078469205,9.018858595419156
9,23,594.0654205607476,588.1682242990654,1.2293206677104924,1.2293206677104924,10.72513829060439,9.988970078469205
10,23,424.5327102803738,419.6261682242991,1.258041117289132,1.258041117289132,11.48754368614339,10.72513829060439
11,23,439.7570093457944,435.85046728971963,1.2418203022589673,1.2418203022589673,12.092084039119785,11.48754368614339
12,23,451.8224299065421,447.9626168224299,1.23022060785209,1.23022060785209,12.748421000557512,12.092084039119785
13,23,410.3738317757009,406.3551401869159,1.2596331727668462,1.2596331727668462,13.501331419788942,12.748421000557512
14,23,504.7037037037037,499.8240740740741,1.2994425565779564,1.2994425565779564,14.1931526288167,13.501331419788942
15,23,336.2803738317757,333.5420560747664,1.2382498742678767,1.2382498742678767,14.956788839614688,14.1931526288167
16,23,458.0934579439252,453.4392523364486,1.279868554654993,1.279868554654993,15.829313623743104,14.956788839614688
17,23,332.5327102803738,329.2897196261682,1.2347965163750603,1.2347965163750603,16.715116260578437,15.829313623743104
18,23,568.3831775700935,562.7663551401869,1.2685621009743309,1.2685621009743309,18.154016273702457,16.715116260578437
19,23,325.02803738317755,321.8317757009346,1.27077809545655,1.27077809545655,19.871801050606063,18.154016273702457
20,23,550.9814814814815,547.574074074074,1.4182462285981774,1.4182462285981774,36.47608118563621,19.871801050606063
1,24,4875.2830188679245,4823.518867924528,1.5656860707969014,1.5656860707969014,3.180796486470582,0.0
2,24,3869.4859813084113,3829.3271028037384,1.4965929750947915,1.4965929750947915,4.199298262995014,3.180796486470582
3,24,1447.4485981308412,1433.018691588785,1.4093033811244198,1.4093033811244198,5.272455687869069,4.199298262995014
4,24,2627.373831775701,2602.0467289719627,1.3442379297977263,1.3442379297977263,6.193740596260733,5.272455687869069
5,24,3334.495327102804,3301.233644859813,1.3012187110685511,1.3012187110685511,7.05506785778168,6.193740596260733
6,24,705.5046728971963,698.2990654205607,1.2678754994973431,1.2678754994973431,7.953231296132531,7.05506785778168
7,24,570.3703703703703,564.6203703703703,1.253959154920958,1.253959154920958,9.018858595419156,7.953231296132531
8,24,422.1682242990654,417.7943925233645,1.2261529308469425,1.2261529308469425,9.988970078469205,9.018858595419156
9,24,599.0654205607476,593.1121495327103,1.2293206677104924,1.2293206677104924,10.72513829060439,9.988970078469205
10,24,426.1682242990654,421.31775700934577,1.258041117289132,1.258041117289132,11.48754368614339,10.72513829060439
11,24,439.0747663551402,435.14953271028037,1.2418203022589673,1.2418203022589673,12.092084039119785,11.48754368614339
12,24,455.61682242990656,451.25233644859816,1.23022060785209,1.23022060785209,12.748421000557512,12.092084039119785
13,24,408.89719626168227,404.69158878504675,1.2596331727668462,1.2596331727668462,13.501331419788942,12.748421000557512
14,24,501.05555555555554,496.212962962963,1.2994425565779564,1.2994425565779564,14.1931526288167,13.501331419788942
15,24,340.4672897196262,337.14018691588785,1.2382498742678767,1.2382498742678767,14.956788839614688,14.1931526288167
16,24,461.7943925233645,457.38317757009344,1.279868554654993,1.279868554654993,15.829313623743104,14.956788839614688
17,24,338.1121495327103,334.66355140186914,1.2347965163750603,1.2347965163750603,16.715116260578437,15.829313623743104
18,24,571.7850467289719,566.196261682243,1.2685621009743309,1.2685621009743309,18.154016273702457,16.715116260578437
19,24,321.5607476635514,318.6448598130841,1.27077809545655,1.27077809545655,19.871801050606063,18.154016273702457
20,24,552.5,547.824074074074,1.4182462285981774,1.4182462285981774,36.47608118563621,19.871801050606063
1,25,4881.16037735849,4830.179245283019,1.5656860707969014,1.5656860707969014,3.180796486470582,0.0
2,25,3861.700934579439,3822.3271028037384,1.4965929750947915,1.4965929750947915,4.199298262995014,3.180796486470582
3,25,1445.4672897196263,1430.392523364486,1.4093033811244198,1.4093033811244198,5.272455687869069,4.199298262995014
4,25,2636.9345794392525,2611.7943925233644,1.3442379297977263,1.3442379297977263,6.193740596260733,5.272455687869069
5,25,3336.467289719626,3304.7196261682243,1.3012187110685511,1.3012187110685511,7.05506785778168,6.193740596260733
6,25,700.8878504672897,694.1775700934579,1.2678754994973431,1.2678754994973431,7.953231296132531,7.05506785778168
7,25,575.8703703703703,570.3148148148148,1.253959154920958,1.253959154920958,9.018858595419156,7.953231296132531
8,25,423.4859813084112,419.2616822429907,1.2261529308469425,1.2261529308469425,9.988970078469205,9.018858595419156
9,25,596.4672897196261,590.2616822429907,1.2293206677104924,1.2293206677104924,10.72513829060439,9.988970078469205
10,25,431.1775700934579,426.5700934579439,1.258041117289132,1.258041117289132,11.48754368614339,10.72513829060439
11,25,439.98130841121497,435.7102803738318,1.2418203022589673,1.2418203022589673,12.092084039119785,11.48754368614339
12,25,452.61682242990656,448.3644859813084,1.23022060785209,1.23022060785209,12.748421000557512,12.092084039119785
13,25,411.7570093457944,407.1588785046729,1.2596331727668462,1.2596331727668462,13.501331419788942,12.748421000557512
14,25,496.69444444444446,491.80555555555554,1.2994425565779564,1.2994425565779564,14.1931526288167,13.501331419788942
15,25,335.8878504672897,332.67289719626166,1.2382498742678767,1.2382498742678767,14.956788839614688,14.1931526288167
16,25,462.38317757009344,457.69158878504675,1.279868554654993,1.279868554654993,15.829313623743104,14.956788839614688
17,25,333.7289719626168,330.4859813084112,1.2347965163750603,1.2347965163750603,16.715116260578437,15.829313623743104
18,25,572.8598130841121,567.7289719626168,1.2685621009743309,1.2685621009743309,18.154016273702457,16.715116260578437
19,25,323.61682242990656,320.41121495327104,1.27077809545655,1.27077809545655,19.871801050606063,18.154016273702457
20,25,550.1851851851852,546.175925925926,1.4182462285981774,1.4182462285981774,36.47608118563621,19.871801050606063
1,26,4863.981132075472,4813.603773584906,1.5656860707969014,1.5656860707969014,3.180796486470582,0.0
2,26,3875.0186915887853,3834.0654205607475,1.4965929750947915,1.4965929750947915,4.199298262995014,3.180796486470582
3,26,1443.6915887850466,1428.3644859813085,1.4093033811244198,1.4093033811244198,5.272455687869069,4.199298262995014
4,26,2635.373831775701,2609.1308411214955,1.3442379297977263,1.3442379297977263,6.193740596260733,5.272455687869069
5,26,3333.570093457944,3300.9439252336447,1.3012187110685511,1.3012187110685511,7.05506785778168,6.193740596260733
6,26,705.2056074766355,698.1588785046729,1.2678754994973431,1.2678754994973431,7.953231296132531,7.05506785778168
7,26,575.675925925926,569.8703703703703,1.253959154920958,1.253959154920958,9.018858595419156,7.953231296132531
8,26,424.29906542056074,419.61682242990656,1.2261529308469425,1.2261529308469425,9.988970078469205,9.018858595419156
9,26,602.1028037383178,595.4485981308411,1.2293206677104924,1.2293206677104924,10.72513829060439,9.988970078469205
10,26,425.74766355140184,421.66355140186914,1.258041117289132,1.258041117289132,11.48754368614339,10.72513829060439
11,26,439.7196261682243,435.25233644859816,1.2418203022589673,1.2418203022589673,12.092084039119785,11.48754368614339
12,26,453.93457943925233,449.50467289719626,1.23022060785209,1.23022060785209,12.748421000557512,12.092084039119785
13,26,409.5327102803738,405.5420560747664,1.2596331727668462,1.2596331727668462,13.501331419788942,12.748421000557512
14,26,504.50925925925924,499.4074074074074,1.2994425565779564,1.2994425565779564,14.1931526288167,13.501331419788942
15,26,335.8317757009346,332.41121495327104,1.2382498742678767,1.2382498742678767,14.956788839614688,14.1931526288167
16,26,462.23364485981307,457.95327102803736,1.279868554654993,1.279868554654993,15.829313623743104,14.956788839614688
17,26,338.5514018691589,335.5140186915888,1.2347965163750603,1.2347965163750603,16.715116260578437,15.829313623743104
18,26,569.588785046729,564.2149532710281,1.2685621009743309,1.2685621009743309,18.154016273702457,16.715116260578437
19,26,322.10280373831773,319.2803738317757,1.27077809545655,1.27077809545655,19.871801050606063,18.154016273702457
20,26,548.6574074074074,544.2314814814815,1.4182462285981774,1.4182462285981774,36.47608118563621,19.871801050606063
1,27,4878.38679245283,4826.622641509434,1.5656860707969014,1.5656860707969014,3.180796486470582,0.0
2,27,3868.8598130841124,3828.1495327102803,1.4965929750947915,1.4965929750947915,4.199298262995014,3.180796486470582
3,27,1443.8504672897195,1428.7570093457944,1.4093033811244198,1.4093033811244198,5.272455687869069,4.199298262995014
4,27,2631.2242990654204,2604.5233644859813,1.3442379297977263,1.3442379297977263,6.193740596260733,5.272455687869069
5,27,3328.607476635514,3296.1308411214955,1.3012187110685511,1.3012187110685511,7.05506785778168,6.193740596260733
6,27,709.1588785046729,701.8504672897196,1.2678754994973431,1.2678754994973431,7.953231296132531,7.05506785778168
7,27,576.9351851851852,571.175925925926,1.253959154920958,1.253959154920958,9.018858595419156,7.953231296132531
8,27,427.6261682242991,422.74766355140184,1.2261529308469425,1.2261529308469425,9.988970078469205,9.018858595419156
9,27,598.6355140186915,592.5981308411215,1.2293206677104924,1.2293206677104924,10.72513829060439,9.988970078469205
10,27,424.97196261682245,420.1775700934579,1.258041117289132,1.258041117289132,11.48754368614339,10.72513829060439
11,27,436.9065420560748,432.98130841121497,1.2418203022589673,1.2418203022589673,12.092084039119785,11.48754368614339
12,27,452.67289719626166,448.1682242990654,1.23022060785209,1.23022060785209,12.748421000557512,12.092084039119785
13,27,412.5607476635514,408.1869158878505,1.2596331727668462,1.2596331727668462,13.501331419788942,12.748421000557512
14,27,497.6759259259259,493.0833333333333,1.2994425565779564,1.2994425565779564,14.1931526288167,13.501331419788942
15,27,338.1775700934579,334.93457943925233,1.2382498742678767,1.2382498742678767,14.956788839614688,14.1931526288167
16,27,462.6261682242991,458.2429906542056,1.279868554654993,1.279868554654993,15.829313623743104,14.956788839614688
17,27,336.70093457943926,333.7383177570093,1.2347965163750603,1.2347965163750603,16.715116260578437,15.829313623743104
18,27,572.0,566.9158878504672,1.2685621009743309,1.2685621009743309,18.154016273702457,16.715116260578437
19,27,322.76635514018693,319.8317757009346,1.27077809545655,1.27077809545655,19.871801050606063,18.154016273702457
20,27,548.7870370370371,544.425925925926,1.4182462285981774,1.4182462285981774,36.47608118563621,19.871801050606063
1,28,4884.61320754717,4831.641509433963,1.5656860707969014,1.5656860707969014,3.180796486470582,0.0
2,28,3870.214953271028,3830.448598130841,1.4965929750947915,1.4965929750947915,4.199298262995014,3.180796486470582
3,28,1446.4766355140187,1431.233644859813,1.4093033811244198,1.4093033811244198,5.272455687869069,4.199298262995014
4,28,2618.0934579439254,2592.1869158878503,1.3442379297977263,1.3442379297977263,6.193740596260733,5.272455687869069
5,28,3333.7476635514017,3300.504672897196,1.3012187110685511,1.3012187110685511,7.05506785778168,6.193740596260733
6,28,707.411214953271,699.6822429906542,1.2678754994973431,1.2678754994973431,7.953231296132531,7.05506785778168
7,28,578.574074074074,572.5277777777778,1.253959154920958,1.253959154920958,9.018858595419156,7.953231296132531
8,28,422.31775700934577,418.42056074766356,1.2261529308469425,1.2261529308469425,9.988970078469205,9.018858595419156
9,28,595.4579439252336,589.4485981308411,1.2293206677104924,1.2293206677104924,10.72513829060439,9.988970078469205
10,28,426.10280373831773,421.7570093457944,1.258041117289132,1.258041117289132,11.48754368614339,10.72513829060439
11,28,441.06542056074767,436.60747663551405,1.2418203022589673,1.2418203022589673,12.092084039119785,11.48754368614339
12,28,453.8411214953271,449.2056074766355,1.23022060785209,1.23022060785209,12.748421000557512,12.092084039119785
13,28,411.31775700934577,407.1682242990654,1.2596331727668462,1.2596331727668462,13.501331419788942,12.748421000557512
14,28,500.06481481481484,494.99074074074076,1.2994425565779564,1.2994425565779564,14.1931526288167,13.501331419788942
15,28,338.85981308411215,335.3644859813084,1.2382498742678767,1.2382498742678767,14.956788839614688,14.1931526288167
16,28,462.67289719626166,458.5514018691589,1.279868554654993,1.279868554654993,15.829313623743104,14.956788839614688
17,28,335.74766355140184,332.6448598130841,1.2347965163750603,1.2347965163750603,16.715116260578437,15.829313623743104
18,28,568.8504672897196,563.7943925233645,1.2685621009743309,1.2685621009743309,18.154016273702457,16.715116260578437
19,28,321.25233644859816,318.05607476635515,1.27077809545655,1.27077809545655,19.871801050606063,18.154016273702457
20,28,552.8796296296297,549.2222222222222,1.4182462285981774,1.4182462285981774,36.47608118563621,19.871801050606063
1,29,4873.981132075472,4822.698113207547,1.5656860707969014,1.5656860707969014,3.180796486470582,0.0
2,29,3870.177570093458,3828.96261682243,1.4965929750947915,1.4965929750947915,4.199298262995014,3.180796486470582
3,29,1450.3831775700935,1435.3457943925234,1.4093033811244198,1.4093033811244198,5.272455687869069,4.199298262995014
4,29,2629.0280373831774,2602.532710280374,1.3442379297977263,1.3442379297977263,6.193740596260733,5.272455687869069
5,29,3332.308411214953,3299.9906542056074,1.3012187110685511,1.3012187110685511,7.05506785778168,6.193740596260733
6,29,710.4672897196261,702.9719626168225,1.2678754994973431,1.2678754994973431,7.953231296132531,7.05506785778168
7,29,573.9444444444445,568.6203703703703,1.253959154920958,1.253959154920958,9.018858595419156,7.953231296132531
8,29,424.4018691588785,420.2429906542056,1.2261529308469425,1.2261529308469425,9.988970078469205,9.018858595419156
9,29,596.3831775700935,589.9345794392524,1.2293206677104924,1.2293206677104924,10.72513829060439,9.988970078469205
10,29,428.8130841121495,424.49532710280374,1.258041117289132,1.258041117289132,11.48754368614339,10.72513829060439
11,29,440.49532710280374,435.9626168224299,1.2418203022589673,1.2418203022589673,12.092084039119785,11.48754368614339
12,29,452.01869158878503,447.85981308411215,1.23022060785209,1.23022060785209,12.748421000557512,12.092084039119785
13,29,410.7289719626168,406.60747663551405,1.2596331727668462,1.2596331727668462,13.501331419788942,12.748421000557512
14,29,501.05555555555554,496.49074074074076,1.2994425565779564,1.2994425565779564,14.1931526288167,13.501331419788942
15,29,336.06542056074767,332.9065420560748,1.2382498742678767,1.2382498742678767,14.956788839614688,14.1931526288167
16,29,460.78504672897196,456.3644859813084,1.279868554654993,1.279868554654993,15.829313623743104,14.956788839614688
17,29,336.58878504672896,333.7102803738318,1.2347965163750603,1.2347965163750603,16.715116260578437,15.829313623743104
18,29,567.9439252336449,562.9906542056075,1.2685621009743309,1.2685621009743309,18.154016273702457,16.715116260578437
19,29,323.41121495327104,320.70093457943926,1.27077809545655,1.27077809545655,19.871801050606063,18.154016273702457
20,29,550.7870370370371,546.6944444444445,1.4182462285981774,1.4182462285981774,36.47608118563621,19.871801050606063
1,30,4876.320754716981,4825.471698113208,1.5656860707969014,1.5656860707969014,3.180796486470582,0.0
2,30,3873.2056074766356,3832.5981308411215,1.4965929750947915,1.4965929750947915,4.199298262995014,3.180796486470582
3,30,1445.5046728971963,1430.9532710280373,1.4093033811244198,1.4093033811244198,5.272455687869069,4.199298262995014
4,30,2621.7383177570096,2596.2429906542056,1.3442379297977263,1.3442379297977263,6.193740596260733,5.272455687869069
5,30,3339.0,3306.6822429906542,1.3012187110685511,1.3012187110685511,7.05506785778168,6.193740596260733
6,30,704.9532710280374,697.626168224299,1.2678754994973431,1.2678754994973431,7.953231296132531,7.05506785778168
7,30,575.8055555555555,569.675925925926,1.253959154920958,1.253959154920958,9.018858595419156,7.953231296132531
8,30,420.31775700934577,415.95327102803736,1.2261529308469425,1.2261529308469425,9.988970078469205,9.018858595419156
9,30,600.8317757009346,594.4953271028037,1.2293206677104924,1.2293206677104924,10.72513829060439,9.988970078469205
10,30,426.8785046728972,422.50467289719626,1.258041117289132,1.258041117289132,11.48754368614339,10.72513829060439
11,30,439.02803738317755,434.3551401869159,1.2418203022589673,1.2418203022589673,12.092084039119785,11.48754368614339
12,30,454.14018691588785,449.2897196261682,1.23022060785209,1.23022060785209,12.748421000557512,12.092084039119785
13,30,410.7383177570093,406.78504672897196,1.2596331727668462,1.2596331727668462,13.501331419788942,12.748421000557512
14,30,500.77777777777777,496.0,1.2994425565779564,1.2994425565779564,14.1931526288167,13.501331419788942
15,30,336.4299065420561,332.8785046728972,1.2382498742678767,1.2382498742678767,14.956788839614688,14.1931526288167
16,30,459.8785046728972,455.4299065420561,1.279868554654993,1.279868554654993,15.829313623743104,14.956788839614688
17,30,333.7102803738318,330.6355140186916,1.2347965163750603,1.2347965163750603,16.715116260578437,15.829313623743104
18,30,573.0280373831775,567.4579439252336,1.2685621009743309,1.2685621009743309,18.154016273702457,16.715116260578437
19,30,322.66355140186914,319.61682242990656,1.27077809545655,1.27077809545655,19.871801050606063,18.154016273702457
20,30,553.9814814814815,549.8703703703703,1.4182462285981774,1.4182462285981774,36.47608118563621,19.871801050606063
1,31,4887.622641509434,4836.3490566037735,1.5656860707969014,1.5656860707969014,3.180796486470582,0.0
2,31,3873.495327102804,3833.495327102804,1.4965929750947915,1.4965929750947915,4.199298262995014,3.180796486470582
3,31,1446.1869158878505,1430.9158878504672,1.4093033811244198,1.4093033811244198,5.272455687869069,4.199298262995014
4,31,2625.495327102804,2598.8504672897197,1.3442379297977263,1.3442379297977263,6.193740596260733,5.272455687869069
5,31,3331.9158878504672,3300.308411214953,1.3012187110685511,1.3012187110685511,7.05506785778168,6.193740596260733
6,31,705.2523364485982,697.588785046729,1.2678754994973431,1.2678754994973431,7.953231296132531,7.05506785778168
7,31,576.5462962962963,570.4907407407408,1.253959154920958,1.253959154920958,9.018858595419156,7.953231296132531
8,31,421.5140186915888,417.14018691588785,1.2261529308469425,1.2261529308469425,9.988970078469205,9.018858595419156
9,31,596.1214953271028,589.8971962616822,1.2293206677104924,1.2293206677104924,10.72513829060439,9.988970078469205
10,31,426.2056074766355,422.1588785046729,1.258041117289132,1.258041117289132,11.48754368614339,10.72513829060439
11,31,437.67289719626166,433.5607476635514,1.2418203022589673,1.2418203022589673,12.092084039119785,11.48754368614339
12,31,454.01869158878503,449.8130841121495,1.23022060785209,1.23022060785209,12.748421000557512,12.092084039119785
13,31,410.77570093457945,406.4766355140187,1.2596331727668462,1.2596331727668462,13.501331419788942,12.748421000557512
14,31,500.3240740740741,495.5833333333333,1.2994425565779564,1.2994425565779564,14.1931526288167,13.501331419788942
15,31,335.3644859813084,332.2056074766355,1.2382498742678767,1.2382498742678767,14.956788839614688,14.1931526288167
16,31,459.1775700934579,454.57943925233644,1.279868554654993,1.279868554654993,15.829313623743104,14.956788839614688
17,31,332.95327102803736,329.7102803738318,1.2347965163750603,1.2347965163750603,16.715116260578437,15.829313623743104
18,31,572.1682242990654,566.9439252336449,1.2685621009743309,1.2685621009743309,18.154016273702457,16.715116260578437
19,31,323.4766355140187,320.4859813084112,1.27077809545655,1.27077809545655,19.871801050606063,18.154016273702457
20,31,552.4074074074074,548.5,1.4182462285981774,1.4182462285981774,36.47608118563621,19.871801050606063
1,32,4881.622641509434,4829.254716981132,1.5656860707969014,1.5656860707969014,3.180796486470582,0.0
2,32,3868.8130841121497,3828.7943925233644,1.4965929750947915,1.4965929750947915,4.199298262995014,3.180796486470582
3,32,1449.271028037383,1433.785046728972,1.4093033811244198,1.4093033811244198,5.272455687869069,4.199298262995014
4,32,2625.0560747663553,2599.1869158878503,1.3442379297977263,1.3442379297977263,6.193740596260733,5.272455687869069
5,32,3326.803738317757,3293.121495327103,1.3012187110685511,1.3012187110685511,7.05506785778168,6.193740596260733
6,32,707.2149532710281,699.9065420560747,1.2678754994973431,1.2678754994973431,7.953231296132531,7.05506785778168
7,32,577.574074074074,571.8148148148148,1.253959154920958,1.253959154920958,9.018858595419156,7.953231296132531
8,32,424.6448598130841,420.7289719626168,1.2261529308469425,1.2261529308469425,9.988970078469205,9.018858595419156
9,32,600.6915887850467,594.4299065420561,1.2293206677104924,1.2293206677104924,10.72513829060439,9.988970078469205
10,32,428.2710280373832,423.97196261682245,1.258041117289132,1.258041117289132,11.48754368614339,10.72513829060439
11,32,436.7289719626168,432.76635514018693,1.2418203022589673,1.2418203022589673,12.092084039119785,11.48754368614339
12,32,449.0934579439252,444.7943925233645,1.23022060785209,1.23022060785209,12.748421000557512,12.092084039119785
13,32,409.1121495327103,404.9065420560748,1.2596331727668462,1.2596331727668462,13.501331419788942,12.748421000557512
14,32,501.9074074074074,497.3425925925926,1.2994425565779564,1.2994425565779564,14.1931526288167,13.501331419788942
15,32,339.14953271028037,336.10280373831773,1.2382498742678767,1.2382498742678767,14.956788839614688,14.1931526288167
16,32,465.0747663551402,460.3551401869159,1.279868554654993,1.279868554654993,15.829313623743104,14.956788839614688
17,32,334.66355140186914,331.69158878504675,1.2347965163750603,1.2347965163750603,16.715116260578437,15.829313623743104
18,32,571.3177570093458,565.981308411215,1.2685621009743309,1.2685621009743309,18.154016273702457,16.715116260578437
19,32,324.0747663551402,321.2803738317757,1.27077809545655,1.27077809545655,19.871801050606063,18.154016273702457
20,32,548.1944444444445,544.2685185185185,1.4182462285981774,1.4182462285981774,36.47608118563621,19.871801050606063
1,33,4880.320754716981,4827.801886792453,1.5656860707969014,1.5656860707969014,3.180796486470582,0.0
2,33,3873.9906542056074,3833.9345794392525,1.4965929750947915,1.4965929750947915,4.199298262995014,3.180796486470582
3,33,1450.4392523364486,1435.4579439252336,1.4093033811244198,1.4093033811244198,5.272455687869069,4.199298262995014
4,33,2627.4018691588785,2601.3831775700933,1.3442379297977263,1.3442379297977263,6.193740596260733,5.272455687869069
5,33,3328.700934579439,3296.1869158878503,1.3012187110685511,1.3012187110685511,7.05506785778168,6.193740596260733
6,33,701.5420560747664,694.4018691588785,1.2678754994973431,1.2678754994973431,7.953231296132531,7.05506785778168
7,33,574.3981481481482,568.75,1.253959154920958,1.253959154920958,9.018858595419156,7.953231296132531
8,33,428.69158878504675,424.33644859813086,1.2261529308469425,1.2261529308469425,9.988970078469205,9.018858595419156
9,33,597.1028037383178,590.3177570093458,1.2293206677104924,1.2293206677104924,10.72513829060439,9.988970078469205
10,33,427.93457943925233,423.4579439252336,1.258041117289132,1.258041117289132,11.48754368614339,10.72513829060439
11,33,436.196261682243,431.61682242990656,1.2418203022589673,1.2418203022589673,12.092084039119785,11.48754368614339
12,33,454.5607476635514,450.0373831775701,1.23022060785209,1.23022060785209,12.748421000557512,12.092084039119785
13,33,408.5607476635514,404.61682242990656,1.2596331727668462,1.2596331727668462,13.501331419788942,12.748421000557512
14,33,504.212962962963,499.00925925925924,1.2994425565779564,1.2994425565779564,14.1931526288167,13.501331419788942
15,33,337.02803738317755,333.94392523364485,1.2382498742678767,1.2382498742678767,14.956788839614688,14.1931526288167
16,33,462.66355140186914,458.06542056074767,1.279868554654993,1.279868554654993,15.829313623743104,14.956788839614688
17,33,333.30841121495325,330.2897196261682,1.2347965163750603,1.2347965163750603,16.715116260578437,15.829313623743104
18,33,569.7476635514018,564.2149532710281,1.2685621009743309,1.2685621009743309,18.154016273702457,16.715116260578437
19,33,321.30841121495325,318.2429906542056,1.27077809545655,1.27077809545655,19.871801050606063,18.154016273702457
20,33,551.0185185185185,547.2037037037037,1.4182462285981774,1.4182462285981774,36.47608118563621,19.871801050606063
1,34,4877.66037735849,4826.452830188679,1.5656860707969014,1.5656860707969014,3.180796486470582,0.0
2,34,3883.0560747663553,3842.11214953271,1.4965929750947915,1.4965929750947915,4.199298262995014,3.180796486470582
3,34,1448.1682242990655,1432.7943925233644,1.4093033811244198,1.4093033811244198,5.272455687869069,4.199298262995014
4,34,2625.6728971962616,2600.0093457943926,1.3442379297977263,1.3442379297977263,6.193740596260733,5.272455687869069
5,34,3330.0280373831774,3297.3177570093458,1.3012187110685511,1.3012187110685511,7.05506785778168,6.193740596260733
6,34,707.626168224299,700.1214953271028,1.2678754994973431,1.2678754994973431,7.953231296132531,7.05506785778168
7,34,581.0185185185185,575.3611111111111,1.253959154920958,1.253959154920958,9.018858595419156,7.953231296132531
8,34,424.6448598130841,420.38317757009344,1.2261529308469425,1.2261529308469425,9.988970078469205,9.018858595419156
9,34,597.4859813084112,591.0373831775701,1.2293206677104924,1.2293206677104924,10.72513829060439,9.988970078469205
10,34,426.06542056074767,421.95327102803736,1.258041117289132,1.258041117289132,11.48754368614339,10.72513829060439
11,34,436.7383177570093,432.49532710280374,1.2418203022589673,1.2418203022589673,12.092084039119785,11.48754368614339
12,34,452.38317757009344,448.3644859813084,1.23022060785209,1.23022060785209,12.748421000557512,12.092084039119785
13,34,410.14018691588785,405.77570093457945,1.2596331727668462,1.2596331727668462,13.501331419788942,12.748421000557512
14,34,497.44444444444446,491.99074074074076,1.2994425565779564,1.2994425565779564,14.1931526288167,13.501331419788942
15,34,335.32710280373834,332.3644859813084,1.2382498742678767,1.2382498742678767,14.956788839614688,14.1931526288167
16,34,459.5140186915888,455.76635514018693,1.279868554654993,1.279868554654993,15.829313623743104,14.956788839614688
17,34,333.9626168224299,331.02803738317755,1.2347965163750603,1.2347965163750603,16.715116260578437,15.829313623743104
18,34,568.6542056074767,563.1401869158879,1.2685621009743309,1.2685621009743309,18.154016273702457,16.715116260578437
19,34,322.803738317757,319.89719626168227,1.27077809545655,1.27077809545655,19.871801050606063,18.154016273702457
20,34,550.3425925925926,546.074074074074,1.4182462285981774,1.4182462285981774,36.47608118563621,19.871801050606063
1,35,4876.962264150943,4824.764150943396,1.5656860707969014,1.5656860707969014,3.180796486470582,0.0
2,35,3865.5981308411215,3824.92523364486,1.4965929750947915,1.4965929750947915,4.199298262995014,3.180796486470582
3,35,1449.2429906542056,1433.8411214953271,1.4093033811244198,1.4093033811244198,5.272455687869069,4.199298262995014
4,35,2631.7102803738317,2605.700934579439,1.3442379297977263,1.3442379297977263,6.193740596260733,5.272455687869069
5,35,3327.7196261682243,3294.495327102804,1.3012187110685511,1.3012187110685511,7.05506785778168,6.193740596260733
6,35,711.6915887850467,704.196261682243,1.2678754994973431,1.2678754994973431,7.953231296132531,7.05506785778168
7,35,574.7129629629629,569.0833333333334,1.253959154920958,1.253959154920958,9.018858595419156,7.953231296132531
8,35,424.86915887850466,420.41121495327104,1.2261529308469425,1.2261529308469425,9.988970078469205,9.018858595419156
9,35,593.1401869158879,587.0093457943925,1.2293206677104924,1.2293206677104924,10.72513829060439,9.988970078469205
10,35,429.9626168224299,425.77570093457945,1.258041117289132,1.258041117289132,11.48754368614339,10.72513829060439
11,35,437.66355140186914,433.49532710280374,1.2418203022589673,1.2418203022589673,12.092084039119785,11.48754368614339
12,35,453.4485981308411,448.7196261682243,1.23022060785209,1.23022060785209,12.748421000557512,12.092084039119785
13,35,410.1682242990654,406.2710280373832,1.2596331727668462,1.2596331727668462,13.501331419788942,12.748421000557512
14,35,502.26851851851853,497.4074074074074,1.2994425565779564,1.2994425565779564,14.1931526288167,13.501331419788942
15,35,338.9065420560748,335.7196261682243,1.2382498742678767,1.2382498742678767,14.956788839614688,14.1931526288167
16,35,463.97196261682245,459.57943925233644,1.279868554654993,1.279868554654993,15.829313623743104,14.956788839614688
17,35,337.66355140186914,334.68224299065423,1.2347965163750603,1.2347965163750603,16.715116260578437,15.829313623743104
18,35,572.018691588785,566.2523364485982,1.2685621009743309,1.2685621009743309,18.154016273702457,16.715116260578437
19,35,321.2056074766355,317.9252336448598,1.27077809545655,1.27077809545655,19.871801050606063,18.154016273702457
20,35,547.074074074074,542.8148148148148,1.4182462285981774,1.4182462285981774,36.47608118563621,19.871801050606063
1,36,4876.188679245283,4825.179245283019,1.5656860707969014,1.5656860707969014,3.180796486470582,0.0
2,36,3874.2242990654204,3832.7476635514017,1.4965929750947915,1.4965929750947915,4.199298262995014,3.180796486470582
3,36,1441.0280373831777,1425.7102803738317,1.4093033811244198,1.4093033811244198,5.272455687869069,4.199298262995014
4,36,2622.7196261682243,2595.7383177570096,1.3442379297977263,1.3442379297977263,6.193740596260733,5.272455687869069
5,36,3331.03738317757,3299.1869158878503,1.3012187110685511,1.3012187110685511,7.05506785778168,6.193740596260733
6,36,707.2336448598131,700.2803738317757,1.2678754994973431,1.2678754994973431,7.953231296132531,7.05506785778168
7,36,576.0833333333334,570.4444444444445,1.253959154920958,1.253959154920958,9.018858595419156,7.953231296132531
8,36,421.4766355140187,417.1682242990654,1.2261529308469425,1.2261529308469425,9.988970078469205,9.018858595419156
9,36,599.4018691588785,593.1869158878504,1.2293206677104924,1.2293206677104924,10.72513829060439,9.988970078469205
10,36,429.0,424.85046728971963,1.258041117289132,1.258041117289132,11.48754368614339,10.72513829060439
11,36,439.5514018691589,435.0934579439252,1.2418203022589673,1.2418203022589673,12.092084039119785,11.48754368614339
12,36,452.8785046728972,448.5420560747664,1.23022060785209,1.23022060785209,12.748421000557512,12.092084039119785
13,36,410.0747663551402,406.1214953271028,1.2596331727668462,1.2596331727668462,13.501331419788942,12.748421000557512
14,36,503.3611111111111,498.6388888888889,1.2994425565779564,1.2994425565779564,14.1931526288167,13.501331419788942
15,36,338.8130841121495,335.803738317757,1.2382498742678767,1.2382498742678767,14.956788839614688,14.1931526288167
16,36,464.2056074766355,459.2897196261682,1.279868554654993,1.279868554654993,15.829313623743104,14.956788839614688
17,36,333.1869158878505,329.77570093457945,1.2347965163750603,1.2347965163750603,16.715116260578437,15.829313623743104
18,36,575.3831775700935,570.1121495327103,1.2685621009743309,1.2685621009743309,18.154016273702457,16.715116260578437
19,36,323.5607476635514,320.69158878504675,1.27077809545655,1.27077809545655,19.871801050606063,18.154016273702457
20,36,549.5092592592592,545.4629629629629,1.4182462285981774,1.4182462285981774,36.47608118563621,19.871801050606063
1,37,4870.066037735849,4818.773584905661,1.5656860707969014,1.5656860707969014,3.180796486470582,0.0
2,37,3882.2803738317757,3842.121495327103,1.4965929750947915,1.4965929750947915,4.199298262995014,3.180796486470582
3,37,1441.8411214953271,1427.0093457943926,1.4093033811244198,1.4093033811244198,5.272455687869069,4.199298262995014
4,37,2616.7476635514017,2591.4859813084113,1.3442379297977263,1.3442379297977263,6.193740596260733,5.272455687869069
5,37,3342.663551401869,3310.7196261682243,1.3012187110685511,1.3012187110685511,7.05506785778168,6.193740596260733
6,37,703.0934579439253,695.6448598130842,1.2678754994973431,1.2678754994973431,7.953231296132531,7.05506785778168
7,37,574.9722222222222,568.6481481481482,1.253959154920958,1.253959154920958,9.018858595419156,7.953231296132531
8,37,423.8130841121495,419.14018691588785,1.2261529308469425,1.2261529308469425,9.988970078469205,9.018858595419156
9,37,599.8317757009346,593.8130841121496,1.2293206677104924,1.2293206677104924,10.72513829060439,9.988970078469205
10,37,425.42056074766356,421.1121495327103,1.258041117289132,1.258041117289132,11.48754368614339,10.72513829060439
11,37,437.1775700934579,432.8224299065421,1.2418203022589673,1.2418203022589673,12.092084039119785,11.48754368614339
12,37,455.2803738317757,450.5700934579439,1.23022060785209,1.23022060785209,12.748421000557512,12.092084039119785
13,37,413.14953271028037,408.7383177570093,1.2596331727668462,1.2596331727668462,13.501331419788942,12.748421000557512
14,37,500.48148148148147,495.85185185185185,1.2994425565779564,1.2994425565779564,14.1931526288167,13.501331419788942
15,37,338.32710280373834,335.1869158878505,1.2382498742678767,1.2382498742678767,14.956788839614688,14.1931526288167
16,37,461.3551401869159,457.22429906542055,1.279868554654993,1.279868554654993,15.829313623743104,14.956788839614688
17,37,336.85046728971963,333.9065420560748,1.2347965163750603,1.2347965163750603,16.715116260578437,15.829313623743104
18,37,572.803738317757,567.6635514018692,1.2685621009743309,1.2685621009743309,18.154016273702457,16.715116260578437
19,37,325.02803738317755,322.1682242990654,1.27077809545655,1.27077809545655,19.871801050606063,18.154016273702457
20,37,548.2962962962963,544.1203703703703,1.4182462285981774,1.4182462285981774,36.47608118563621,19.871801050606063
1,38,4877.547169811321,4826.103773584906,1.5656860707969014,1.5656860707969014,3.180796486470582,0.0
2,38,3861.7943925233644,3822.7570093457944,1.4965929750947915,1.4965929750947915,4.199298262995014,3.180796486470582
3,38,1444.3457943925234,1429.6635514018692,1.4093033811244198,1.4093033811244198,5.272455687869069,4.199298262995014
4,38,2627.457943925234,2601.2897196261683,1.3442379297977263,1.3442379297977263,6.193740596260733,5.272455687869069
5,38,3332.1495327102803,3299.4859813084113,1.3012187110685511,1.3012187110685511,7.05506785778168,6.193740596260733
6,38,701.7943925233645,693.7757009345794,1.2678754994973431,1.2678754994973431,7.953231296132531,7.05506785778168
7,38,580.4814814814815,574.4444444444445,1.253959154920958,1.253959154920958,9.018858595419156,7.953231296132531
8,38,425.93457943925233,421.74766355140184,1.2261529308469425,1.2261529308469425,9.988970078469205,9.018858595419156
9,38,598.7757009345794,592.6728971962617,1.2293206677104924,1.2293206677104924,10.72513829060439,9.988970078469205
10,38,432.21495327102804,427.94392523364485,1.258041117289132,1.258041117289132,11.48754368614339,10.72513829060439
11,38,439.4485981308411,434.7102803738318,1.2418203022589673,1.2418203022589673,12.092084039119785,11.48754368614339
12,38,451.14953271028037,446.85046728971963,1.23022060785209,1.23022060785209,12.748421000557512,12.092084039119785
13,38,412.57943925233644,408.5327102803738,1.2596331727668462,1.2596331727668462,13.501331419788942,12.748421000557512
14,38,500.43518518518516,495.49074074074076,1.2994425565779564,1.2994425565779564,14.1931526288167,13.501331419788942
15,38,339.01869158878503,336.1775700934579,1.2382498742678767,1.2382498742678767,14.956788839614688,14.1931526288167
16,38,464.2056074766355,459.29906542056074,1.279868554654993,1.279868554654993,15.829313623743104,14.956788839614688
17,38,335.50467289719626,332.32710280373834,1.2347965163750603,1.2347965163750603,16.715116260578437,15.829313623743104
18,38,571.0093457943925,565.7476635514018,1.2685621009743309,1.2685621009743309,18.154016273702457,16.715116260578437
19,38,322.77570093457945,320.196261682243,1.27077809545655,1.27077809545655,19.871801050606063,18.154016273702457
20,38,551.1944444444445,547.6111111111111,1.4182462285981774,1.4182462285981774,36.47608118563621,19.871801050606063
1,39,4891.311320754717,4838.962264150943,1.5656860707969014,1.5656860707969014,3.180796486470582,0.0
2,39,3870.0467289719627,3831.355140186916,1.4965929750947915,1.4965929750947915,4.199298262995014,3.180796486470582
3,39,1442.5794392523364,1427.0934579439252,1.4093033811244198,1.4093033811244198,5.272455687869069,4.199298262995014
4,39,2618.88785046729,2592.411214953271,1.3442379297977263,1.3442379297977263,6.193740596260733,5.272455687869069
5,39,3323.4205607476633,3290.644859813084,1.3012187110685511,1.3012187110685511,7.05506785778168,6.193740596260733
6,39,706.018691588785,698.7289719626168,1.2678754994973431,1.2678754994973431,7.953231296132531,7.05506785778168
7,39,573.5,567.5648148148148,1.253959154920958,1.253959154920958,9.018858595419156,7.953231296132531
8,39,423.89719626168227,420.0841121495327,1.2261529308469425,1.2261529308469425,9.988970078469205,9.018858595419156
9,39,598.4018691588785,592.0,1.2293206677104924,1.2293206677104924,10.72513829060439,9.988970078469205
10,39,427.1214953271028,422.70093457943926,1.258041117289132,1.258041117289132,11.48754368614339,10.72513829060439
11,39,440.4672897196262,436.1682242990654,1.2418203022589673,1.2418203022589673,12.092084039119785,11.48754368614339
12,39,452.41121495327104,448.0093457943925,1.23022060785209,1.23022060785209,12.748421000557512,12.092084039119785
13,39,408.9906542056075,404.5981308411215,1.2596331727668462,1.2596331727668462,13.501331419788942,12.748421000557512
14,39,503.4537037037037,498.4537037037037,1.2994425565779564,1.2994425565779564,14.1931526288167,13.501331419788942
15,39,336.01869158878503,333.0,1.2382498742678767,1.2382498742678767,14.956788839614688,14.1931526288167
16,39,464.01869158878503,459.41121495327104,1.279868554654993,1.279868554654993,15.829313623743104,14.956788839614688
17,39,334.1869158878505,331.2056074766355,1.2347965163750603,1.2347965163750603,16.715116260578437,15.829313623743104
18,39,574.5514018691589,569.1495327102804,1.2685621009743309,1.2685621009743309,18.154016273702457,16.715116260578437
19,39,324.1121495327103,321.31775700934577,1.27077809545655,1.27077809545655,19.871801050606063,18.154016273702457
20,39,555.9074074074074,551.6481481481482,1.4182462285981774,1.4182462285981774,36.47608118563621,19.871801050606063
1,40,4873.641509433963,4822.801886792453,1.5656860707969014,1.5656860707969014,3.180796486470582,0.0
2,40,3876.1682242990655,3835.495327102804,1.4965929750947915,1.4965929750947915,4.199298262995014,3.180796486470582
3,40,1448.5046728971963,1433.7102803738317,1.4093033811244198,1.4093033811244198,5.272455687869069,4.199298262995014
4,40,2625.766355140187,2599.0654205607475,1.3442379297977263,1.3442379297977263,6.193740596260733,5.272455687869069
5,40,3334.92523364486,3300.233644859813,1.3012187110685511,1.3012187110685511,7.05506785778168,6.193740596260733
6,40,705.0934579439253,698.0280373831775,1.2678754994973431,1.2678754994973431,7.953231296132531,7.05506785778168
7,40,576.925925925926,571.074074074074,1.253959154920958,1.253959154920958,9.018858595419156,7.953231296132531
8,40,421.9626168224299,417.78504672897196,1.2261529308469425,1.2261529308469425,9.988970078469205,9.018858595419156
9,40,598.1869158878504,592.1028037383178,1.2293206677104924,1.2293206677104924,10.72513829060439,9.988970078469205
10,40,423.6542056074766,419.0934579439252,1.258041117289132,1.258041117289132,11.48754368614339,10.72513829060439
11,40,435.04672897196264,430.9906542056075,1.2418203022589673,1.2418203022589673,12.092084039119785,11.48754368614339
12,40,456.38317757009344,451.74766355140184,1.23022060785209,1.23022060785209,12.748421000557512,12.092084039119785
13,40,409.0747663551402,404.9906542056075,1.2596331727668462,1.2596331727668462,13.501331419788942,12.748421000557512
14,40,503.1574074074074,498.6296296296296,1.2994425565779564,1.2994425565779564,14.1931526288167,13.501331419788942
15,40,338.4299065420561,335.4859813084112,1.2382498742678767,1.2382498742678767,14.956788839614688,14.1931526288167
16,40,460.4766355140187,455.97196261682245,1.279868554654993,1.279868554654993,15.829313623743104,14.956788839614688
17,40,335.50467289719626,332.66355140186914,1.2347965163750603,1.2347965163750603,16.715116260578437,15.829313623743104
18,40,572.607476635514,567.1308411214953,1.2685621009743309,1.2685621009743309,18.154016273702457,16.715116260578437
19,40,322.04672897196264,318.9065420560748,1.27077809545655,1.27077809545655,19.871801050606063,18.154016273702457
20,40,551.9444444444445,547.5462962962963,1.4182462285981774,1.4182462285981774,36.47608118563621,19.871801050606063
1,41,4879.820754716981,4827.094339622641,1.5656860707969014,1.5656860707969014,3.180796486470582,0.0
2,41,3872.691588785047,3832.4859813084113,1.4965929750947915,1.4965929750947915,4.199298262995014,3.180796486470582
3,41,1445.3831775700935,1429.5233644859813,1.4093033811244198,1.4093033811244198,5.272455687869069,4.199298262995014
4,41,2622.766355140187,2596.1028037383176,1.3442379297977263,1.3442379297977263,6.193740596260733,5.272455687869069
5,41,3337.654205607477,3305.542056074766,1.3012187110685511,1.3012187110685511,7.05506785778168,6.193740596260733
6,41,705.0093457943925,697.4485981308411,1.2678754994973431,1.2678754994973431,7.953231296132531,7.05506785778168
7,41,577.9166666666666,572.6666666666666,1.253959154920958,1.253959154920958,9.018858595419156,7.953231296132531
8,41,425.49532710280374,420.9065420560748,1.2261529308469425,1.2261529308469425,9.988970078469205,9.018858595419156
9,41,598.7383177570093,592.5420560747664,1.2293206677104924,1.2293206677104924,10.72513829060439,9.988970078469205
10,41,426.8411214953271,422.4485981308411,1.258041117289132,1.258041117289132,11.48754368614339,10.72513829060439
11,41,439.69158878504675,435.3551401869159,1.2418203022589673,1.2418203022589673,12.092084039119785,11.48754368614339
12,41,452.38317757009344,448.0373831775701,1.23022060785209,1.23022060785209,12.748421000557512,12.092084039119785
13,41,407.02803738317755,403.23364485981307,1.2596331727668462,1.2596331727668462,13.501331419788942,12.748421000557512
14,41,500.81481481481484,496.18518518518516,1.2994425565779564,1.2994425565779564,14.1931526288167,13.501331419788942
15,41,333.41121495327104,330.31775700934577,1.2382498742678767,1.2382498742678767,14.956788839614688,14.1931526288167
16,41,465.50467289719626,460.86915887850466,1.279868554654993,1.279868554654993,15.829313623743104,14.956788839614688
17,41,333.86915887850466,330.9158878504673,1.2347965163750603,1.2347965163750603,16.715116260578437,15.829313623743104
18,41,573.3551401869158,568.7476635514018,1.2685621009743309,1.2685621009743309,18.154016273702457,16.715116260578437
19,41,320.13084112149534,317.196261682243,1.27077809545655,1.27077809545655,19.871801050606063,18.154016273702457
20,41,550.9814814814815,547.3148148148148,1.4182462285981774,1.4182462285981774,36.47608118563621,19.871801050606063
1,42,4875.88679245283,4824.679245283019,1.5656860707969014,1.5656860707969014,3.180796486470582,0.0
2,42,3871.607476635514,3830.7383177570096,1.4965929750947915,1.4965929750947915,4.199298262995014,3.180796486470582
3,42,1448.8971962616822,1433.8971962616822,1.4093033811244198,1.4093033811244198,5.272455687869069,4.199298262995014
4,42,2627.214953271028,2601.411214953271,1.3442379297977263,1.3442379297977263,6.193740596260733,5.272455687869069
5,42,3332.504672897196,3299.532710280374,1.3012187110685511,1.3012187110685511,7.05506785778168,6.193740596260733
6,42,706.9626168224299,699.5514018691589,1.2678754994973431,1.2678754994973431,7.953231296132531,7.05506785778168
7,42,576.2037037037037,570.4814814814815,1.253959154920958,1.253959154920958,9.018858595419156,7.953231296132531
8,42,423.05607476635515,418.8224299065421,1.2261529308469425,1.2261529308469425,9.988970078469205,9.018858595419156
9,42,597.6448598130842,591.2429906542056,1.2293206677104924,1.2293206677104924,10.72513829060439,9.988970078469205
10,42,426.6448598130841,422.06542056074767,1.258041117289132,1.258041117289132,11.48754368614339,10.72513829060439
11,42,436.1121495327103,432.0373831775701,1.2418203022589673,1.2418203022589673,12.092084039119785,11.48754368614339
12,42,454.10280373831773,449.5420560747664,1.23022060785209,1.23022060785209,12.748421000557512,12.092084039119785
13,42,409.33644859813086,405.4485981308411,1.2596331727668462,1.2596331727668462,13.501331419788942,12.748421000557512
14,42,504.27777777777777,499.49074074074076,1.2994425565779564,1.2994425565779564,14.1931526288167,13.501331419788942
15,42,337.74766355140184,334.2710280373832,1.2382498742678767,1.2382498742678767,14.956788839614688,14.1931526288167
16,42,457.196261682243,452.6448598130841,1.279868554654993,1.279868554654993,15.829313623743104,14.956788839614688
17,42,336.2710280373832,333.2803738317757,1.2347965163750603,1.2347965163750603,16.715116260578437,15.829313623743104
18,42,571.9345794392524,566.6915887850467,1.2685621009743309,1.2685621009743309,18.154016273702457,16.715116260578437
19,42,325.7943925233645,322.7570093457944,1.27077809545655,1.27077809545655,19.871801050606063,18.154016273702457
20,42,550.175925925926,545.8055555555555,1.4182462285981774,1.4182462285981774,36.47608118563621,19.871801050606063
1,43,4885.367924528302,4833.858490566037,1.5656860707969014,1.5656860707969014,3.180796486470582,0.0
2,43,3867.663551401869,3828.2429906542056,1.4965929750947915,1.4965929750947915,4.199298262995014,3.180796486470582
3,43,1450.747663551402,1436.233644859813,1.4093033811244198,1.4093033811244198,5.272455687869069,4.199298262995014
4,43,2630.1401869158876,2603.7196261682243,1.3442379297977263,1.3442379297977263,6.193740596260733,5.272455687869069
5,43,3323.7570093457944,3290.6728971962616,1.3012187110685511,1.3012187110685511,7.05506785778168,6.193740596260733
6,43,707.3831775700935,700.2523364485982,1.2678754994973431,1.2678754994973431,7.953231296132531,7.05506785778168
7,43,575.8518518518518,570.1481481481482,1.253959154920958,1.253959154920958,9.018858595419156,7.953231296132531
8,43,425.68224299065423,421.4392523364486,1.2261529308469425,1.2261529308469425,9.988970078469205,9.018858595419156
9,43,599.2336448598131,592.9065420560747,1.2293206677104924,1.2293206677104924,10.72513829060439,9.988970078469205
10,43,423.4579439252336,418.95327102803736,1.258041117289132,1.258041117289132,11.48754368614339,10.72513829060439
11,43,438.04672897196264,433.7383177570093,1.2418203022589673,1.2418203022589673,12.092084039119785,11.48754368614339
12,43,452.4485981308411,447.7196261682243,1.23022060785209,1.23022060785209,12.748421000557512,12.092084039119785
13,43,411.39252336448595,407.38317757009344,1.2596331727668462,1.2596331727668462,13.501331419788942,12.748421000557512
14,43,498.6388888888889,493.99074074074076,1.2994425565779564,1.2994425565779564,14.1931526288167,13.501331419788942
15,43,337.196261682243,334.0,1.2382498742678767,1.2382498742678767,14.956788839614688,14.1931526288167
16,43,462.68224299065423,458.25233644859816,1.279868554654993,1.279868554654993,15.829313623743104,14.956788839614688
17,43,336.76635514018693,333.57943925233644,1.2347965163750603,1.2347965163750603,16.715116260578437,15.829313623743104
18,43,571.626168224299,565.8224299065421,1.2685621009743309,1.2685621009743309,18.154016273702457,16.715116260578437
19,43,319.68224299065423,316.8130841121495,1.27077809545655,1.27077809545655,19.871801050606063,18.154016273702457
20,43,551.25,547.7962962962963,1.4182462285981774,1.4182462285981774,36.47608118563621,19.871801050606063
1,44,4884.575471698113,4833.056603773585,1.5656860707969014,1.5656860707969014,3.180796486470582,0.0
2,44,3872.88785046729,3832.878504672897,1.4965929750947915,1.4965929750947915,4.199298262995014,3.180796486470582
3,44,1444.6168224299065,1429.0093457943926,1.4093033811244198,1.4093033811244198,5.272455687869069,4.199298262995014
4,44,2625.448598130841,2598.5607476635514,1.3442379297977263,1.3442379297977263,6.193740596260733,5.272455687869069
5,44,3331.1028037383176,3299.7943925233644,1.3012187110685511,1.3012187110685511,7.05506785778168,6.193740596260733
6,44,706.4672897196261,699.018691588785,1.2678754994973431,1.2678754994973431,7.953231296132531,7.05506785778168
7,44,574.1111111111111,568.7222222222222,1.253959154920958,1.253959154920958,9.018858595419156,7.953231296132531
8,44,424.97196261682245,420.7383177570093,1.2261529308469425,1.2261529308469425,9.988970078469205,9.018858595419156
9,44,601.4579439252336,595.2149532710281,1.2293206677104924,1.2293206677104924,10.72513829060439,9.988970078469205
10,44,428.6355140186916,424.5607476635514,1.258041117289132,1.258041117289132,11.48754368614339,10.72513829060439
11,44,442.7289719626168,438.10280373831773,1.2418203022589673,1.2418203022589673,12.092084039119785,11.48754368614339
12,44,451.95327102803736,447.61682242990656,1.23022060785209,1.23022060785209,12.748421000557512,12.092084039119785
13,44,410.67289719626166,406.8317757009346,1.2596331727668462,1.2596331727668462,13.501331419788942,12.748421000557512
14,44,502.30555555555554,497.64814814814815,1.2994425565779564,1.2994425565779564,14.1931526288167,13.501331419788942
15,44,332.9626168224299,329.7196261682243,1.2382498742678767,1.2382498742678767,14.956788839614688,14.1931526288167
16,44,461.803738317757,457.5327102803738,1.279868554654993,1.279868554654993,15.829313623743104,14.956788839614688
17,44,331.30841121495325,328.0373831775701,1.2347965163750603,1.2347965163750603,16.715116260578437,15.829313623743104
18,44,570.9626168224299,565.4205607476636,1.2685621009743309,1.2685621009743309,18.154016273702457,16.715116260578437
19,44,321.3738317757009,318.60747663551405,1.27077809545655,1.27077809545655,19.871801050606063,18.154016273702457
20,44,548.8055555555555,544.2870370370371,1.4182462285981774,1.4182462285981774,36.47608118563621,19.871801050606063
1,45,4876.405660377359,4824.066037735849,1.5656860707969014,1.5656860707969014,3.180796486470582,0.0
2,45,3877.1869158878503,3838.2429906542056,1.4965929750947915,1.4965929750947915,4.199298262995014,3.180796486470582
3,45,1445.4766355140187,1430.214953271028,1.4093033811244198,1.4093033811244198,5.272455687869069,4.199298262995014
4,45,2630.654205607477,2604.6355140186915,1.3442379297977263,1.3442379297977263,6.193740596260733,5.272455687869069
5,45,3331.1495327102803,3298.3644859813085,1.3012187110685511,1.3012187110685511,7.05506785778168,6.193740596260733
6,45,702.6915887850467,695.5233644859813,1.2678754994973431,1.2678754994973431,7.953231296132531,7.05506785778168
7,45,575.9074074074074,570.0925925925926,1.253959154920958,1.253959154920958,9.018858595419156,7.953231296132531
8,45,429.31775700934577,424.7196261682243,1.2261529308469425,1.2261529308469425,9.988970078469205,9.018858595419156
9,45,601.7383177570093,595.1028037383178,1.2293206677104924,1.2293206677104924,10.72513829060439,9.988970078469205
10,45,424.1869158878505,420.1121495327103,1.258041117289132,1.258041117289132,11.48754368614339,10.72513829060439
11,45,437.8130841121495,433.05607476635515,1.2418203022589673,1.2418203022589673,12.092084039119785,11.48754368614339
12,45,453.86915887850466,449.1775700934579,1.23022060785209,1.23022060785209,12.748421000557512,12.092084039119785
13,45,412.3738317757009,408.58878504672896,1.2596331727668462,1.2596331727668462,13.501331419788942,12.748421000557512
14,45,499.98148148148147,495.3796296296296,1.2994425565779564,1.2994425565779564,14.1931526288167,13.501331419788942
15,45,336.95327102803736,333.8224299065421,1.2382498742678767,1.2382498742678767,14.956788839614688,14.1931526288167
16,45,462.66355140186914,458.25233644859816,1.279868554654993,1.279868554654993,15.829313623743104,14.956788839614688
17,45,331.74766355140184,328.38317757009344,1.2347965163750603,1.2347965163750603,16.715116260578437,15.829313623743104
18,45,568.3551401869158,562.8878504672897,1.2685621009743309,1.2685621009743309,18.154016273702457,16.715116260578437
19,45,322.06542056074767,319.3457943925234,1.27077809545655,1.27077809545655,19.871801050606063,18.154016273702457
20,45,548.7777777777778,544.8981481481482,1.4182462285981774,1.4182462285981774,36.47608118563621,19.871801050606063
1,46,4874.858490566037,4823.943396226415,1.5656860707969014,1.5656860707969014,3.180796486470582,0.0
2,46,3877.5233644859813,3837.196261682243,1.4965929750947915,1.4965929750947915,4.199298262995014,3.180796486470582
3,46,1450.5046728971963,1435.0467289719627,1.4093033811244198,1.4093033811244198,5.272455687869069,4.199298262995014
4,46,2623.9345794392525,2597.5233644859813,1.3442379297977263,1.3442379297977263,6.193740596260733,5.272455687869069
5,46,3334.6355140186915,3302.0467289719627,1.3012187110685511,1.3012187110685511,7.05506785778168,6.193740596260733
6,46,704.2990654205607,697.0093457943925,1.2678754994973431,1.2678754994973431,7.953231296132531,7.05506785778168
7,46,571.4166666666666,565.8981481481482,1.253959154920958,1.253959154920958,9.018858595419156,7.953231296132531
8,46,424.02803738317755,419.70093457943926,1.2261529308469425,1.2261529308469425,9.988970078469205,9.018858595419156
9,46,598.8130841121496,592.5420560747664,1.2293206677104924,1.2293206677104924,10.72513829060439,9.988970078469205
10,46,429.7102803738318,425.2429906542056,1.258041117289132,1.258041117289132,11.48754368614339,10.72513829060439
11,46,438.9626168224299,434.66355140186914,1.2418203022589673,1.2418203022589673,12.092084039119785,11.48754368614339
12,46,455.93457943925233,451.66355140186914,1.23022060785209,1.23022060785209,12.748421000557512,12.092084039119785
13,46,412.78504672897196,408.41121495327104,1.2596331727668462,1.2596331727668462,13.501331419788942,12.748421000557512
14,46,499.31481481481484,494.49074074074076,1.2994425565779564,1.2994425565779564,14.1931526288167,13.501331419788942
15,46,337.33644859813086,334.05607476635515,1.2382498742678767,1.2382498742678767,14.956788839614688,14.1931526288167
16,46,457.2616822429907,453.10280373831773,1.279868554654993,1.279868554654993,15.829313623743104,14.956788839614688
17,46,332.5700934579439,329.8785046728972,1.2347965163750603,1.2347965163750603,16.715116260578437,15.829313623743104
18,46,570.8598130841121,565.4579439252336,1.2685621009743309,1.2685621009743309,18.154016273702457,16.715116260578437
19,46,323.39252336448595,320.25233644859816,1.27077809545655,1.27077809545655,19.871801050606063,18.154016273702457
20,46,550.9351851851852,546.9444444444445,1.4182462285981774,1.4182462285981774,36.47608118563621,19.871801050606063
1,47,4878.301886792453,4826.009433962264,1.5656860707969014,1.5656860707969014,3.180796486470582,0.0
2,47,3881.3271028037384,3840.9065420560746,1.4965929750947915,1.4965929750947915,4.199298262995014,3.180796486470582
3,47,1447.785046728972,1432.3457943925234,1.4093033811244198,1.4093033811244198,5.272455687869069,4.199298262995014
4,47,2633.158878504673,2606.88785046729,1.3442379297977263,1.3442379297977263,6.193740596260733,5.272455687869069
5,47,3331.3644859813085,3298.92523364486,1.3012187110685511,1.3012187110685511,7.05506785778168,6.193740596260733
6,47,701.8504672897196,694.9345794392524,1.2678754994973431,1.2678754994973431,7.953231296132531,7.05506785778168
7,47,577.1203703703703,571.0555555555555,1.253959154920958,1.253959154920958,9.018858595419156,7.953231296132531
8,47,421.14953271028037,416.8785046728972,1.2261529308469425,1.2261529308469425,9.988970078469205,9.018858595419156
9,47,594.8598130841121,588.7943925233645,1.2293206677104924,1.2293206677104924,10.72513829060439,9.988970078469205
10,47,426.2803738317757,422.2897196261682,1.258041117289132,1.258041117289132,11.48754368614339,10.72513829060439
11,47,437.98130841121497,434.14018691588785,1.2418203022589673,1.2418203022589673,12.092084039119785,11.48754368614339
12,47,453.0747663551402,448.5327102803738,1.23022060785209,1.23022060785209,12.748421000557512,12.092084039119785
13,47,408.22429906542055,404.5140186915888,1.2596331727668462,1.2596331727668462,13.501331419788942,12.748421000557512
14,47,500.037037037037,495.1388888888889,1.2994425565779564,1.2994425565779564,14.1931526288167,13.501331419788942
15,47,336.61682242990656,333.5514018691589,1.2382498742678767,1.2382498742678767,14.956788839614688,14.1931526288167
16,47,458.3551401869159,453.8411214953271,1.279868554654993,1.279868554654993,15.829313623743104,14.956788839614688
17,47,332.0841121495327,329.05607476635515,1.2347965163750603,1.2347965163750603,16.715116260578437,15.829313623743104
18,47,571.5046728971963,566.2056074766355,1.2685621009743309,1.2685621009743309,18.154016273702457,16.715116260578437
19,47,322.76635514018693,319.70093457943926,1.27077809545655,1.27077809545655,19.871801050606063,18.154016273702457
20,47,555.675925925926,551.6666666666666,1.4182462285981774,1.4182462285981774,36.47608118563621,19.871801050606063
1,48,4873.981132075472,4822.490566037736,1.5656860707969014,1.5656860707969014,3.180796486470582,0.0
2,48,3878.6822429906542,3838.5794392523367,1.4965929750947915,1.4965929750947915,4.199298262995014,3.180796486470582
3,48,1451.4485981308412,1436.6822429906542,1.4093033811244198,1.4093033811244198,5.272455687869069,4.199298262995014
4,48,2622.299065420561,2596.233644859813,1.3442379297977263,1.3442379297977263,6.193740596260733,5.272455687869069
5,48,3334.700934579439,3302.0841121495328,1.3012187110685511,1.3012187110685511,7.05506785778168,6.193740596260733
6,48,701.8785046728972,694.6448598130842,1.2678754994973431,1.2678754994973431,7.953231296132531,7.05506785778168
7,48,576.7592592592592,570.7685185185185,1.253959154920958,1.253959154920958,9.018858595419156,7.953231296132531
8,48,425.5981308411215,421.29906542056074,1.2261529308469425,1.2261529308469425,9.988970078469205,9.018858595419156
9,48,596.6448598130842,590.1775700934579,1.2293206677104924,1.2293206677104924,10.72513829060439,9.988970078469205
10,48,428.29906542056074,423.9626168224299,1.258041117289132,1.258041117289132,11.48754368614339,10.72513829060439
11,48,436.5140186915888,431.9626168224299,1.2418203022589673,1.2418203022589673,12.092084039119785,11.48754368614339
12,48,450.1869158878505,445.5327102803738,1.23022060785209,1.23022060785209,12.748421000557512,12.092084039119785
13,48,411.74766355140184,407.0841121495327,1.2596331727668462,1.2596331727668462,13.501331419788942,12.748421000557512
14,48,502.8703703703704,498.23148148148147,1.2994425565779564,1.2994425565779564,14.1931526288167,13.501331419788942
15,48,338.38317757009344,335.04672897196264,1.2382498742678767,1.2382498742678767,14.956788839614688,14.1931526288167
16,48,462.8878504672897,459.04672897196264,1.279868554654993,1.279868554654993,15.829313623743104,14.956788839614688
17,48,333.0934579439252,330.14018691588785,1.2347965163750603,1.2347965163750603,16.715116260578437,15.829313623743104
18,48,569.5794392523364,563.9158878504672,1.2685621009743309,1.2685621009743309,18.154016273702457,16.715116260578437
19,48,322.9065420560748,319.67289719626166,1.27077809545655,1.27077809545655,19.871801050606063,18.154016273702457
20,48,551.4537037037037,547.6296296296297,1.4182462285981774,1.4182462285981774,36.47608118563621,19.871801050606063
1,49,4888.1509433962265,4836.377358490566,1.5656860707969014,1.5656860707969014,3.180796486470582,0.0
2,49,3868.700934579439,3828.7757009345796,1.4965929750947915,1.4965929750947915,4.199298262995014,3.180796486470582
3,49,1448.271028037383,1432.8504672897195,1.4093033811244198,1.4093033811244198,5.272455687869069,4.199298262995014
4,49,2626.2429906542056,2600.551401869159,1.3442379297977263,1.3442379297977263,6.193740596260733,5.272455687869069
5,49,3339.2429906542056,3306.785046728972,1.3012187110685511,1.3012187110685511,7.05506785778168,6.193740596260733
6,49,703.6822429906542,696.6915887850467,1.2678754994973431,1.2678754994973431,7.953231296132531,7.05506785778168
7,49,574.0277777777778,568.2777777777778,1.253959154920958,1.253959154920958,9.018858595419156,7.953231296132531
8,49,422.30841121495325,417.8878504672897,1.2261529308469425,1.2261529308469425,9.988970078469205,9.018858595419156
9,49,598.2429906542056,591.6355140186915,1.2293206677104924,1.2293206677104924,10.72513829060439,9.988970078469205
10,49,424.67289719626166,420.2803738317757,1.258041117289132,1.258041117289132,11.48754368614339,10.72513829060439
11,49,439.14953271028037,434.7570093457944,1.2418203022589673,1.2418203022589673,12.092084039119785,11.48754368614339
12,49,452.2897196261682,447.8411214953271,1.23022060785209,1.23022060785209,12.748421000557512,12.092084039119785
13,49,410.85981308411215,406.8411214953271,1.2596331727668462,1.2596331727668462,13.501331419788942,12.748421000557512
14,49,501.1759259259259,495.81481481481484,1.2994425565779564,1.2994425565779564,14.1931526288167,13.501331419788942
15,49,335.2616822429907,331.93457943925233,1.2382498742678767,1.2382498742678767,14.956788839614688,14.1931526288167
16,49,462.61682242990656,458.01869158878503,1.279868554654993,1.279868554654993,15.829313623743104,14.956788839614688
17,49,334.4485981308411,331.2897196261682,1.2347965163750603,1.2347965163750603,16.715116260578437,15.829313623743104
18,49,569.8971962616822,564.6915887850467,1.2685621009743309,1.2685621009743309,18.154016273702457,16.715116260578437
19,49,320.8878504672897,317.97196261682245,1.27077809545655,1.27077809545655,19.871801050606063,18.154016273702457
20,49,549.824074074074,545.8796296296297,1.4182462285981774,1.4182462285981774,36.47608118563621,19.871801050606063
1,50,4875.594339622641,4824.8490566037735,1.5656860707969014,1.5656860707969014,3.180796486470582,0.0
2,50,3871.663551401869,3831.644859813084,1.4965929750947915,1.4965929750947915,4.199298262995014,3.180796486470582
3,50,1450.1682242990655,1435.1401869158879,1.4093033811244198,1.4093033811244198,5.272455687869069,4.199298262995014
4,50,2625.9345794392525,2599.1308411214955,1.3442379297977263,1.3442379297977263,6.193740596260733,5.272455687869069
5,50,3330.0934579439254,3297.8971962616824,1.3012187110685511,1.3012187110685511,7.05506785778168,6.193740596260733
6,50,705.588785046729,698.4018691588785,1.2678754994973431,1.2678754994973431,7.953231296132531,7.05506785778168
7,50,576.7685185185185,571.0,1.253959154920958,1.253959154920958,9.018858595419156,7.953231296132531
8,50,422.8317757009346,418.4672897196262,1.2261529308469425,1.2261529308469425,9.988970078469205,9.018858595419156
9,50,598.4766355140187,592.7943925233645,1.2293206677104924,1.2293206677104924,10.72513829060439,9.988970078469205
10,50,430.2710280373832,425.9158878504673,1.258041117289132,1.258041117289132,11.48754368614339,10.72513829060439
11,50,439.5700934579439,435.41121495327104,1.2418203022589673,1.2418203022589673,12.092084039119785,11.48754368614339
12,50,453.01869158878503,448.8317757009346,1.23022060785209,1.23022060785209,12.748421000557512,12.092084039119785
13,50,410.85046728971963,406.5420560747664,1.2596331727668462,1.2596331727668462,13.501331419788942,12.748421000557512
14,50,499.0925925925926,494.25,1.2994425565779564,1.2994425565779564,14.1931526288167,13.501331419788942
15,50,338.0934579439252,334.74766355140184,1.2382498742678767,1.2382498742678767,14.956788839614688,14.1931526288167
16,50,459.0747663551402,454.5700934579439,1.279868554654993,1.279868554654993,15.829313623743104,14.956788839614688
17,50,333.6355140186916,330.50467289719626,1.2347965163750603,1.2347965163750603,16.715116260578437,15.829313623743104
18,50,572.1495327102804,567.2056074766355,1.2685621009743309,1.2685621009743309,18.154016273702457,16.715116260578437
19,50,324.1588785046729,321.29906542056074,1.27077809545655,1.27077809545655,19.871801050606063,18.154016273702457
20,50,551.5185185185185,547.0925925925926,1.4182462285981774,1.4182462285981774,36.47608118563621,19.871801050606063
1,51,4869.858490566037,4818.254716981132,1.5656860707969014,1.5656860707969014,3.180796486470582,0.0
2,51,3863.457943925234,3823.158878504673,1.4965929750947915,1.4965929750947915,4.199298262995014,3.180796486470582
3,51,1446.6635514018692,1431.5046728971963,1.4093033811244198,1.4093033811244198,5.272455687869069,4.199298262995014
4,51,2629.0186915887853,2603.411214953271,1.3442379297977263,1.3442379297977263,6.193740596260733,5.272455687869069
5,51,3341.5607476635514,3309.0280373831774,1.3012187110685511,1.3012187110685511,7.05506785778168,6.193740596260733
6,51,704.3831775700935,697.4953271028037,1.2678754994973431,1.2678754994973431,7.953231296132531,7.05506785778168
7,51,572.3055555555555,566.6388888888889,1.253959154920958,1.253959154920958,9.018858595419156,7.953231296132531
8,51,425.2897196261682,420.9158878504673,1.2261529308469425,1.2261529308469425,9.988970078469205,9.018858595419156
9,51,598.626168224299,592.1588785046729,1.2293206677104924,1.2293206677104924,10.72513829060439,9.988970078469205
10,51,432.3457943925234,428.0373831775701,1.258041117289132,1.258041117289132,11.48754368614339,10.72513829060439
11,51,436.196261682243,431.8878504672897,1.2418203022589673,1.2418203022589673,12.092084039119785,11.48754368614339
12,51,457.68224299065423,453.42056074766356,1.23022060785209,1.23022060785209,12.748421000557512,12.092084039119785
13,51,412.04672897196264,407.8130841121495,1.2596331727668462,1.2596331727668462,13.501331419788942,12.748421000557512
14,51,501.1203703703704,496.30555555555554,1.2994425565779564,1.2994425565779564,14.1931526288167,13.501331419788942
15,51,340.0747663551402,336.6261682242991,1.2382498742678767,1.2382498742678767,14.956788839614688,14.1931526288167
16,51,462.0841121495327,458.05607476635515,1.279868554654993,1.279868554654993,15.829313623743104,14.956788839614688
17,51,332.1214953271028,328.7289719626168,1.2347965163750603,1.2347965163750603,16.715116260578437,15.829313623743104
18,51,571.4205607476636,566.2336448598131,1.2685621009743309,1.2685621009743309,18.154016273702457,16.715116260578437
19,51,323.803738317757,320.58878504672896,1.27077809545655,1.27077809545655,19.871801050606063,18.154016273702457
20,51,549.3611111111111,545.0925925925926,1.4182462285981774,1.4182462285981774,36.47608118563621,19.871801050606063
1,52,4883.830188679245,4832.915094339623,1.5656860707969014,1.5656860707969014,3.180796486470582,0.0
2,52,3879.644859813084,3839.0186915887853,1.4965929750947915,1.4965929750947915,4.199298262995014,3.180796486470582
3,52,1449.3364485981308,1433.8317757009345,1.4093033811244198,1.4093033811244198,5.272455687869069,4.199298262995014
4,52,2626.9158878504672,2600.448598130841,1.3442379297977263,1.3442379297977263,6.193740596260733,5.272455687869069
5,52,3333.5140186915887,3300.8504672897197,1.3012187110685511,1.3012187110685511,7.05506785778168,6.193740596260733
6,52,707.2897196261682,700.2990654205607,1.2678754994973431,1.2678754994973431,7.953231296132531,7.05506785778168
7,52,575.8703703703703,570.0092592592592,1.253959154920958,1.253959154920958,9.018858595419156,7.953231296132531
8,52,419.1775700934579,415.10280373831773,1.2261529308469425,1.2261529308469425,9.988970078469205,9.018858595419156
9,52,594.9345794392524,589.1495327102804,1.2293206677104924,1.2293206677104924,10.72513829060439,9.988970078469205
10,52,428.1121495327103,423.6448598130841,1.258041117289132,1.258041117289132,11.48754368614339,10.72513829060439
11,52,435.76635514018693,431.5607476635514,1.2418203022589673,1.2418203022589673,12.092084039119785,11.48754368614339
12,52,457.1214953271028,452.69158878504675,1.23022060785209,1.23022060785209,12.748421000557512,12.092084039119785
13,52,408.61682242990656,404.4018691588785,1.2596331727668462,1.2596331727668462,13.501331419788942,12.748421000557512
14,52,499.712962962963,494.8425925925926,1.2994425565779564,1.2994425565779564,14.1931526288167,13.501331419788942
15,52,336.7383177570093,333.05607476635515,1.2382498742678767,1.2382498742678767,14.956788839614688,14.1931526288167
16,52,461.5420560747664,457.01869158878503,1.279868554654993,1.279868554654993,15.829313623743104,14.956788839614688
17,52,335.3644859813084,331.85046728971963,1.2347965163750603,1.2347965163750603,16.715116260578437,15.829313623743104
18,52,567.6168224299065,562.3364485981308,1.2685621009743309,1.2685621009743309,18.154016273702457,16.715116260578437
19,52,321.57943925233644,318.97196261682245,1.27077809545655,1.27077809545655,19.871801050606063,18.154016273702457
20,52,548.1111111111111,544.175925925926,1.4182462285981774,1.4182462285981774,36.47608118563621,19.871801050606063
1,53,4875.566037735849,4824.188679245283,1.5656860707969014,1.5656860707969014,3.180796486470582,0.0
2,53,3877.9158878504672,3838.177570093458,1.4965929750947915,1.4965929750947915,4.199298262995014,3.180796486470582
3,53,1445.1028037383178,1430.3271028037384,1.4093033811244198,1.4093033811244198,5.272455687869069,4.199298262995014
4,53,2622.373831775701,2596.766355140187,1.3442379297977263,1.3442379297977263,6.193740596260733,5.272455687869069
5,53,3330.8317757009345,3297.7102803738317,1.3012187110685511,1.3012187110685511,7.05506785778168,6.193740596260733
6,53,697.0280373831775,689.9065420560747,1.2678754994973431,1.2678754994973431,7.953231296132531,7.05506785778168
7,53,578.0462962962963,572.8055555555555,1.253959154920958,1.253959154920958,9.018858595419156,7.953231296132531
8,53,427.0373831775701,422.7570093457944,1.2261529308469425,1.2261529308469425,9.988970078469205,9.018858595419156
9,53,597.7289719626168,591.3271028037383,1.2293206677104924,1.2293206677104924,10.72513829060439,9.988970078469205
10,53,428.5420560747664,424.196261682243,1.258041117289132,1.258041117289132,11.48754368614339,10.72513829060439
11,53,438.5514018691589,434.41121495327104,1.2418203022589673,1.2418203022589673,12.092084039119785,11.48754368614339
12,53,451.70093457943926,447.1214953271028,1.23022060785209,1.23022060785209,12.748421000557512,12.092084039119785
13,53,410.4766355140187,406.14953271028037,1.2596331727668462,1.2596331727668462,13.501331419788942,12.748421000557512
14,53,502.98148148148147,498.1388888888889,1.2994425565779564,1.2994425565779564,14.1931526288167,13.501331419788942
15,53,335.8878504672897,332.6448598130841,1.2382498742678767,1.2382498742678767,14.956788839614688,14.1931526288167
16,53,462.9626168224299,458.7383177570093,1.279868554654993,1.279868554654993,15.829313623743104,14.956788839614688
17,53,337.6261682242991,334.23364485981307,1.2347965163750603,1.2347965163750603,16.715116260578437,15.829313623743104
18,53,572.7196261682243,567.4766355140187,1.2685621009743309,1.2685621009743309,18.154016273702457,16.715116260578437
19,53,323.60747663551405,320.69158878504675,1.27077809545655,1.27077809545655,19.871801050606063,18.154016273702457
20,53,552.4907407407408,548.2314814814815,1.4182462285981774,1.4182462285981774,36.47608118563621,19.871801050606063
1,54,4879.745283018868,4828.481132075472,1.5656860707969014,1.5656860707969014,3.180796486470582,0.0
2,54,3883.392523364486,3842.766355140187,1.4965929750947915,1.4965929750947915,4.199298262995014,3.180796486470582
3,54,1440.8598130841121,1425.411214953271,1.4093033811244198,1.4093033811244198,5.272455687869069,4.199298262995014
4,54,2623.570093457944,2597.429906542056,1.3442379297977263,1.3442379297977263,6.193740596260733,5.272455687869069
5,54,3329.8691588785045,3296.2803738317757,1.3012187110685511,1.3012187110685511,7.05506785778168,6.193740596260733
6,54,704.0467289719626,696.5607476635514,1.2678754994973431,1.2678754994973431,7.953231296132531,7.05506785778168
7,54,574.675925925926,568.4444444444445,1.253959154920958,1.253959154920958,9.018858595419156,7.953231296132531
8,54,424.5327102803738,420.13084112149534,1.2261529308469425,1.2261529308469425,9.988970078469205,9.018858595419156
9,54,597.5700934579439,591.5420560747664,1.2293206677104924,1.2293206677104924,10.72513829060439,9.988970078469205
10,54,429.06542056074767,424.42056074766356,1.258041117289132,1.258041117289132,11.48754368614339,10.72513829060439
11,54,440.21495327102804,436.5700934579439,1.2418203022589673,1.2418203022589673,12.092084039119785,11.48754368614339
12,54,453.02803738317755,448.02803738317755,1.23022060785209,1.23022060785209,12.748421000557512,12.092084039119785
13,54,407.1214953271028,402.8785046728972,1.2596331727668462,1.2596331727668462,13.501331419788942,12.748421000557512
14,54,501.19444444444446,496.3888888888889,1.2994425565779564,1.2994425565779564,14.1931526288167,13.501331419788942
15,54,335.61682242990656,332.60747663551405,1.2382498742678767,1.2382498742678767,14.956788839614688,14.1931526288167
16,54,464.1121495327103,459.3551401869159,1.279868554654993,1.279868554654993,15.829313623743104,14.956788839614688
17,54,334.86915887850466,331.4485981308411,1.2347965163750603,1.2347965163750603,16.715116260578437,15.829313623743104
18,54,572.6355140186915,567.6168224299065,1.2685621009743309,1.2685621009743309,18.154016273702457,16.715116260578437
19,54,321.22429906542055,318.21495327102804,1.27077809545655,1.27077809545655,19.871801050606063,18.154016273702457
20,54,551.9444444444445,547.7407407407408,1.4182462285981774,1.4182462285981774,36.47608118563621,19.871801050606063
1,55,4875.273584905661,4824.264150943396,1.5656860707969014,1.5656860707969014,3.180796486470582,0.0
2,55,3869.8317757009345,3829.7757009345796,1.4965929750947915,1.4965929750947915,4.199298262995014,3.180796486470582
3,55,1442.411214953271,1427.785046728972,1.4093033811244198,1.4093033811244198,5.272455687869069,4.199298262995014
4,55,2623.504672897196,2597.5140186915887,1.3442379297977263,1.3442379297977263,6.193740596260733,5.272455687869069
5,55,3332.299065420561,3299.3177570093458,1.3012187110685511,1.3012187110685511,7.05506785778168,6.193740596260733
6,55,707.4953271028037,700.2897196261682,1.2678754994973431,1.2678754994973431,7.953231296132531,7.05506785778168
7,55,576.6296296296297,570.9351851851852,1.253959154920958,1.253959154920958,9.018858595419156,7.953231296132531
8,55,425.89719626168227,421.4018691588785,1.2261529308469425,1.2261529308469425,9.988970078469205,9.018858595419156
9,55,597.8971962616822,591.4205607476636,1.2293206677104924,1.2293206677104924,10.72513829060439,9.988970078469205
10,55,428.1214953271028,423.94392523364485,1.258041117289132,1.258041117289132,11.48754368614339,10.72513829060439
11,55,439.5327102803738,435.0373831775701,1.2418203022589673,1.2418203022589673,12.092084039119785,11.48754368614339
12,55,452.8878504672897,448.78504672897196,1.23022060785209,1.23022060785209,12.748421000557512,12.092084039119785
13,55,410.1775700934579,405.8224299065421,1.2596331727668462,1.2596331727668462,13.501331419788942,12.748421000557512
14,55,499.50925925925924,494.6666666666667,1.2994425565779564,1.2994425565779564,14.1931526288167,13.501331419788942
15,55,336.5981308411215,333.4018691588785,1.2382498742678767,1.2382498742678767,14.956788839614688,14.1931526288167
16,55,463.9906542056075,459.69158878504675,1.279868554654993,1.279868554654993,15.829313623743104,14.956788839614688
17,55,333.86915887850466,330.5607476635514,1.2347965163750603,1.2347965163750603,16.715116260578437,15.829313623743104
18,55,574.626168224299,569.0373831775701,1.2685621009743309,1.2685621009743309,18.154016273702457,16.715116260578437
19,55,323.89719626168227,320.8785046728972,1.27077809545655,1.27077809545655,19.871801050606063,18.154016273702457
20,55,554.1574074074074,550.1018518518518,1.4182462285981774,1.4182462285981774,36.47608118563621,19.871801050606063
1,56,4883.88679245283,4833.5,1.5656860707969014,1.5656860707969014,3.180796486470582,0.0
2,56,3876.214953271028,3835.196261682243,1.4965929750947915,1.4965929750947915,4.199298262995014,3.180796486470582
3,56,1448.0747663551401,1432.981308411215,1.4093033811244198,1.4093033811244198,5.272455687869069,4.199298262995014
4,56,2616.4018691588785,2591.0841121495328,1.3442379297977263,1.3442379297977263,6.193740596260733,5.272455687869069
5,56,3330.5140186915887,3297.7196261682243,1.3012187110685511,1.3012187110685511,7.05506785778168,6.193740596260733
6,56,702.1308411214953,695.2429906542056,1.2678754994973431,1.2678754994973431,7.953231296132531,7.05506785778168
7,56,575.9074074074074,570.3981481481482,1.253959154920958,1.253959154920958,9.018858595419156,7.953231296132531
8,56,425.98130841121497,421.7196261682243,1.2261529308469425,1.2261529308469425,9.988970078469205,9.018858595419156
9,56,600.1495327102804,593.373831775701,1.2293206677104924,1.2293206677104924,10.72513829060439,9.988970078469205
10,56,423.7102803738318,419.3551401869159,1.258041117289132,1.258041117289132,11.48754368614339,10.72513829060439
11,56,438.14018691588785,434.14953271028037,1.2418203022589673,1.2418203022589673,12.092084039119785,11.48754368614339
12,56,459.8411214953271,455.2056074766355,1.23022060785209,1.23022060785209,12.748421000557512,12.092084039119785
13,56,410.7196261682243,406.70093457943926,1.2596331727668462,1.2596331727668462,13.501331419788942,12.748421000557512
14,56,496.49074074074076,491.27777777777777,1.2994425565779564,1.2994425565779564,14.1931526288167,13.501331419788942
15,56,335.2897196261682,331.94392523364485,1.2382498742678767,1.2382498742678767,14.956788839614688,14.1931526288167
16,56,465.21495327102804,460.77570093457945,1.279868554654993,1.279868554654993,15.829313623743104,14.956788839614688
17,56,336.76635514018693,333.68224299065423,1.2347965163750603,1.2347965163750603,16.715116260578437,15.829313623743104
18,56,571.6542056074767,565.7663551401869,1.2685621009743309,1.2685621009743309,18.154016273702457,16.715116260578437
19,56,322.13084112149534,319.21495327102804,1.27077809545655,1.27077809545655,19.871801050606063,18.154016273702457
20,56,549.9166666666666,546.2222222222222,1.4182462285981774,1.4182462285981774,36.47608118563621,19.871801050606063
1,57,4881.311320754717,4829.301886792453,1.5656860707969014,1.5656860707969014,3.180796486470582,0.0
2,57,3873.0560747663553,3832.214953271028,1.4965929750947915,1.4965929750947915,4.199298262995014,3.180796486470582
3,57,1440.8411214953271,1426.6261682242991,1.4093033811244198,1.4093033811244198,5.272455687869069,4.199298262995014
4,57,2622.766355140187,2596.233644859813,1.3442379297977263,1.3442379297977263,6.193740596260733,5.272455687869069
5,57,3336.6728971962616,3303.7102803738317,1.3012187110685511,1.3012187110685511,7.05506785778168,6.193740596260733
6,57,705.1495327102804,697.8785046728972,1.2678754994973431,1.2678754994973431,7.953231296132531,7.05506785778168
7,57,574.1481481481482,568.6018518518518,1.253959154920958,1.253959154920958,9.018858595419156,7.953231296132531
8,57,424.8785046728972,420.2056074766355,1.2261529308469425,1.2261529308469425,9.988970078469205,9.018858595419156
9,57,599.5700934579439,593.6355140186915,1.2293206677104924,1.2293206677104924,10.72513829060439,9.988970078469205
10,57,426.3738317757009,421.7943925233645,1.258041117289132,1.258041117289132,11.48754368614339,10.72513829060439
11,57,440.29906542056074,435.2429906542056,1.2418203022589673,1.2418203022589673,12.092084039119785,11.48754368614339
12,57,453.05607476635515,448.66355140186914,1.23022060785209,1.23022060785209,12.748421000557512,12.092084039119785
13,57,412.1775700934579,407.9906542056075,1.2596331727668462,1.2596331727668462,13.501331419788942,12.748421000557512
14,57,503.8425925925926,499.43518518518516,1.2994425565779564,1.2994425565779564,14.1931526288167,13.501331419788942
15,57,335.5514018691589,332.2803738317757,1.2382498742678767,1.2382498742678767,14.956788839614688,14.1931526288167
16,57,461.196261682243,456.85046728971963,1.279868554654993,1.279868554654993,15.829313623743104,14.956788839614688
17,57,337.86915887850466,334.77570093457945,1.2347965163750603,1.2347965163750603,16.715116260578437,15.829313623743104
18,57,567.5981308411215,562.1308411214953,1.2685621009743309,1.2685621009743309,18.154016273702457,16.715116260578437
19,57,323.95327102803736,320.67289719626166,1.27077809545655,1.27077809545655,19.871801050606063,18.154016273702457
20,57,548.675925925926,544.9074074074074,1.4182462285981774,1.4182462285981774,36.47608118563621,19.871801050606063
1,58,4881.811320754717,4829.764150943396,1.5656860707969014,1.5656860707969014,3.180796486470582,0.0
2,58,3868.214953271028,3828.214953271028,1.4965929750947915,1.4965929750947915,4.199298262995014,3.180796486470582
3,58,1443.5233644859813,1428.4859813084113,1.4093033811244198,1.4093033811244198,5.272455687869069,4.199298262995014
4,58,2629.5607476635514,2603.9906542056074,1.3442379297977263,1.3442379297977263,6.193740596260733,5.272455687869069
5,58,3328.2056074766356,3294.96261682243,1.3012187110685511,1.3012187110685511,7.05506785778168,6.193740596260733
6,58,708.2429906542056,700.9439252336449,1.2678754994973431,1.2678754994973431,7.953231296132531,7.05506785778168
7,58,578.824074074074,573.0185185185185,1.253959154920958,1.253959154920958,9.018858595419156,7.953231296132531
8,58,427.76635514018693,423.49532710280374,1.2261529308469425,1.2261529308469425,9.988970078469205,9.018858595419156
9,58,596.9345794392524,590.7383177570093,1.2293206677104924,1.2293206677104924,10.72513829060439,9.988970078469205
10,58,428.9065420560748,424.4299065420561,1.258041117289132,1.258041117289132,11.48754368614339,10.72513829060439
11,58,436.04672897196264,431.5140186915888,1.2418203022589673,1.2418203022589673,12.092084039119785,11.48754368614339
12,58,452.4018691588785,448.0747663551402,1.23022060785209,1.23022060785209,12.748421000557512,12.092084039119785
13,58,410.60747663551405,406.1775700934579,1.2596331727668462,1.2596331727668462,13.501331419788942,12.748421000557512
14,58,502.35185185185185,497.5833333333333,1.2994425565779564,1.2994425565779564,14.1931526288167,13.501331419788942
15,58,335.6542056074766,332.4672897196262,1.2382498742678767,1.2382498742678767,14.956788839614688,14.1931526288167
16,58,459.10280373831773,454.5233644859813,1.279868554654993,1.279868554654993,15.829313623743104,14.956788839614688
17,58,338.9252336448598,335.803738317757,1.2347965163750603,1.2347965163750603,16.715116260578437,15.829313623743104
18,58,568.6448598130842,562.7009345794393,1.2685621009743309,1.2685621009743309,18.154016273702457,16.715116260578437
19,58,325.1682242990654,321.8785046728972,1.27077809545655,1.27077809545655,19.871801050606063,18.154016273702457
20,58,548.2314814814815,544.4351851851852,1.4182462285981774,1.4182462285981774,36.47608118563621,19.871801050606063
1,59,4877.556603773585,4826.66037735849,1.5656860707969014,1.5656860707969014,3.180796486470582,0.0
2,59,3874.392523364486,3834.2056074766356,1.4965929750947915,1.4965929750947915,4.199298262995014,3.180796486470582
3,59,1442.177570093458,1427.5700934579438,1.4093033811244198,1.4093033811244198,5.272455687869069,4.199298262995014
4,59,2626.504672897196,2600.0654205607475,1.3442379297977263,1.3442379297977263,6.193740596260733,5.272455687869069
5,59,3322.644859813084,3290.9065420560746,1.3012187110685511,1.3012187110685511,7.05506785778168,6.193740596260733
6,59,704.5327102803739,697.3177570093458,1.2678754994973431,1.2678754994973431,7.953231296132531,7.05506785778168
7,59,573.75,568.1851851851852,1.253959154920958,1.253959154920958,9.018858595419156,7.953231296132531
8,59,421.94392523364485,417.7383177570093,1.2261529308469425,1.2261529308469425,9.988970078469205,9.018858595419156
9,59,602.7570093457944,597.1308411214953,1.2293206677104924,1.2293206677104924,10.72513829060439,9.988970078469205
10,59,427.85046728971963,423.58878504672896,1.258041117289132,1.258041117289132,11.48754368614339,10.72513829060439
11,59,439.4018691588785,435.2616822429907,1.2418203022589673,1.2418203022589673,12.092084039119785,11.48754368614339
12,59,453.50467289719626,449.3738317757009,1.23022060785209,1.23022060785209,12.748421000557512,12.092084039119785
13,59,408.2429906542056,404.10280373831773,1.2596331727668462,1.2596331727668462,13.501331419788942,12.748421000557512
14,59,503.9259259259259,499.22222222222223,1.2994425565779564,1.2994425565779564,14.1931526288167,13.501331419788942
15,59,339.0,335.94392523364485,1.2382498742678767,1.2382498742678767,14.956788839614688,14.1931526288167
16,59,465.6542056074766,461.1775700934579,1.279868554654993,1.279868554654993,15.829313623743104,14.956788839614688
17,59,336.3457943925234,332.95327102803736,1.2347965163750603,1.2347965163750603,16.715116260578437,15.829313623743104
18,59,573.3364485981308,568.4672897196261,1.2685621009743309,1.2685621009743309,18.154016273702457,16.715116260578437
19,59,325.4299065420561,322.60747663551405,1.27077809545655,1.27077809545655,19.871801050606063,18.154016273702457
20,59,550.9444444444445,546.7129629629629,1.4182462285981774,1.4182462285981774,36.47608118563621,19.871801050606063
1,60,4880.169811320755,4829.66037735849,1.5656860707969014,1.5656860707969014,3.180796486470582,0.0
2,60,3874.1401869158876,3833.299065420561,1.4965929750947915,1.4965929750947915,4.199298262995014,3.180796486470582
3,60,1444.8130841121495,1429.6355140186915,1.4093033811244198,1.4093033811244198,5.272455687869069,4.199298262995014
4,60,2627.0467289719627,2600.9345794392525,1.3442379297977263,1.3442379297977263,6.193740596260733,5.272455687869069
5,60,3336.0467289719627,3302.728971962617,1.3012187110685511,1.3012187110685511,7.05506785778168,6.193740596260733
6,60,701.0934579439253,693.1869158878504,1.2678754994973431,1.2678754994973431,7.953231296132531,7.05506785778168
7,60,577.2592592592592,571.5,1.253959154920958,1.253959154920958,9.018858595419156,7.953231296132531
8,60,422.86915887850466,418.42056074766356,1.2261529308469425,1.2261529308469425,9.988970078469205,9.018858595419156
9,60,596.7943925233645,590.5327102803739,1.2293206677104924,1.2293206677104924,10.72513829060439,9.988970078469205
10,60,429.61682242990656,425.13084112149534,1.258041117289132,1.258041117289132,11.48754368614339,10.72513829060439
11,60,437.74766355140184,433.5327102803738,1.2418203022589673,1.2418203022589673,12.092084039119785,11.48754368614339
12,60,453.3644859813084,448.95327102803736,1.23022060785209,1.23022060785209,12.748421000557512,12.092084039119785
13,60,409.61682242990656,405.5981308411215,1.2596331727668462,1.2596331727668462,13.501331419788942,12.748421000557512
14,60,500.43518518518516,495.4166666666667,1.2994425565779564,1.2994425565779564,14.1931526288167,13.501331419788942
15,60,335.23364485981307,332.42056074766356,1.2382498742678767,1.2382498742678767,14.956788839614688,14.1931526288167
16,60,468.2803738317757,463.6542056074766,1.279868554654993,1.279868554654993,15.829313623743104,14.956788839614688
17,60,331.85046728971963,328.77570093457945,1.2347965163750603,1.2347965163750603,16.715116260578437,15.829313623743104
18,60,567.8878504672897,562.5420560747664,1.2685621009743309,1.2685621009743309,18.154016273702457,16.715116260578437
19,60,323.6261682242991,320.30841121495325,1.27077809545655,1.27077809545655,19.871801050606063,18.154016273702457
20,60,550.8703703703703,546.8333333333334,1.4182462285981774,1.4182462285981774,36.47608118563621,19.871801050606063
1,61,4879.547169811321,4828.122641509434,1.5656860707969014,1.5656860707969014,3.180796486470582,0.0
2,61,3886.121495327103,3846.542056074766,1.4965929750947915,1.4965929750947915,4.199298262995014,3.180796486470582
3,61,1442.1214953271028,1427.2616822429907,1.4093033811244198,1.4093033811244198,5.272455687869069,4.199298262995014
4,61,2616.1401869158876,2588.2242990654204,1.3442379297977263,1.3442379297977263,6.193740596260733,5.272455687869069
5,61,3334.9813084112147,3302.299065420561,1.3012187110685511,1.3012187110685511,7.05506785778168,6.193740596260733
6,61,704.6915887850467,697.3457943925233,1.2678754994973431,1.2678754994973431,7.953231296132531,7.05506785778168
7,61,572.2222222222222,566.8611111111111,1.253959154920958,1.253959154920958,9.018858595419156,7.953231296132531
8,61,421.9065420560748,417.60747663551405,1.2261529308469425,1.2261529308469425,9.988970078469205,9.018858595419156
9,61,597.7476635514018,591.8317757009346,1.2293206677104924,1.2293206677104924,10.72513829060439,9.988970078469205
10,61,427.5981308411215,423.1869158878505,1.258041117289132,1.258041117289132,11.48754368614339,10.72513829060439
11,61,437.1682242990654,433.4299065420561,1.2418203022589673,1.2418203022589673,12.092084039119785,11.48754368614339
12,61,453.0841121495327,448.6448598130841,1.23022060785209,1.23022060785209,12.748421000557512,12.092084039119785
13,61,409.57943925233644,405.2897196261682,1.2596331727668462,1.2596331727668462,13.501331419788942,12.748421000557512
14,61,501.6759259259259,496.44444444444446,1.2994425565779564,1.2994425565779564,14.1931526288167,13.501331419788942
15,61,336.2710280373832,333.02803738317755,1.2382498742678767,1.2382498742678767,14.956788839614688,14.1931526288167
16,61,463.93457943925233,459.7289719626168,1.279868554654993,1.279868554654993,15.829313623743104,14.956788839614688
17,61,335.8785046728972,332.77570093457945,1.2347965163750603,1.2347965163750603,16.715116260578437,15.829313623743104
18,61,575.626168224299,569.9906542056075,1.2685621009743309,1.2685621009743309,18.154016273702457,16.715116260578437
19,61,319.98130841121497,317.29906542056074,1.27077809545655,1.27077809545655,19.871801050606063,18.154016273702457
20,61,553.5370370370371,549.9074074074074,1.4182462285981774,1.4182462285981774,36.47608118563621,19.871801050606063
1,62,4876.990566037736,4826.141509433963,1.5656860707969014,1.5656860707969014,3.180796486470582,0.0
2,62,3877.92523364486,3839.700934579439,1.4965929750947915,1.4965929750947915,4.199298262995014,3.180796486470582
3,62,1449.8598130841121,1434.6448598130842,1.4093033811244198,1.4093033811244198,5.272455687869069,4.199298262995014
4,62,2628.644859813084,2601.7476635514017,1.3442379297977263,1.3442379297977263,6.193740596260733,5.272455687869069
5,62,3332.457943925234,3300.07476635514,1.3012187110685511,1.3012187110685511,7.05506785778168,6.193740596260733
6,62,704.7102803738318,697.1775700934579,1.2678754994973431,1.2678754994973431,7.953231296132531,7.05506785778168
7,62,577.4351851851852,571.6296296296297,1.253959154920958,1.253959154920958,9.018858595419156,7.953231296132531
8,62,423.50467289719626,419.1588785046729,1.2261529308469425,1.2261529308469425,9.988970078469205,9.018858595419156
9,62,594.5140186915888,588.392523364486,1.2293206677104924,1.2293206677104924,10.72513829060439,9.988970078469205
10,62,425.4299065420561,421.1121495327103,1.258041117289132,1.258041117289132,11.48754368614339,10.72513829060439
11,62,438.69158878504675,434.14953271028037,1.2418203022589673,1.2418203022589673,12.092084039119785,11.48754368614339
12,62,450.7383177570093,446.23364485981307,1.23022060785209,1.23022060785209,12.748421000557512,12.092084039119785
13,62,410.2056074766355,406.196261682243,1.2596331727668462,1.2596331727668462,13.501331419788942,12.748421000557512
14,62,502.43518518518516,497.7962962962963,1.2994425565779564,1.2994425565779564,14.1931526288167,13.501331419788942
15,62,335.8411214953271,332.70093457943926,1.2382498742678767,1.2382498742678767,14.956788839614688,14.1931526288167
16,62,463.2429906542056,458.76635514018693,1.279868554654993,1.279868554654993,15.829313623743104,14.956788839614688
17,62,334.86915887850466,331.74766355140184,1.2347965163750603,1.2347965163750603,16.715116260578437,15.829313623743104
18,62,571.2056074766355,565.7943925233645,1.2685621009743309,1.2685621009743309,18.154016273702457,16.715116260578437
19,62,321.5140186915888,318.8317757009346,1.27077809545655,1.27077809545655,19.871801050606063,18.154016273702457
20,62,548.8796296296297,545.2129629629629,1.4182462285981774,1.4182462285981774,36.47608118563621,19.871801050606063
1,63,4867.83962264151,4816.61320754717,1.5656860707969014,1.5656860707969014,3.180796486470582,0.0
2,63,3885.9345794392525,3845.1401869158876,1.4965929750947915,1.4965929750947915,4.199298262995014,3.180796486470582
3,63,1443.4953271028037,1428.5981308411215,1.4093033811244198,1.4093033811244198,5.272455687869069,4.199298262995014
4,63,2625.9532710280373,2600.2429906542056,1.3442379297977263,1.3442379297977263,6.193740596260733,5.272455687869069
5,63,3326.8598130841124,3294.6355140186915,1.3012187110685511,1.3012187110685511,7.05506785778168,6.193740596260733
6,63,704.1028037383178,697.4485981308411,1.2678754994973431,1.2678754994973431,7.953231296132531,7.05506785778168
7,63,577.8981481481482,571.9722222222222,1.253959154920958,1.253959154920958,9.018858595419156,7.953231296132531
8,63,424.5420560747664,420.38317757009344,1.2261529308469425,1.2261529308469425,9.988970078469205,9.018858595419156
9,63,600.3271028037383,593.8598130841121,1.2293206677104924,1.2293206677104924,10.72513829060439,9.988970078469205
10,63,427.25233644859816,423.2616822429907,1.258041117289132,1.258041117289132,11.48754368614339,10.72513829060439
11,63,435.7943925233645,431.60747663551405,1.2418203022589673,1.2418203022589673,12.092084039119785,11.48754368614339
12,63,450.3457943925234,445.9906542056075,1.23022060785209,1.23022060785209,12.748421000557512,12.092084039119785
13,63,409.68224299065423,405.33644859813086,1.2596331727668462,1.2596331727668462,13.501331419788942,12.748421000557512
14,63,505.18518518518516,500.3796296296296,1.2994425565779564,1.2994425565779564,14.1931526288167,13.501331419788942
15,63,337.5140186915888,334.32710280373834,1.2382498742678767,1.2382498742678767,14.956788839614688,14.1931526288167
16,63,464.38317757009344,459.89719626168227,1.279868554654993,1.279868554654993,15.829313623743104,14.956788839614688
17,63,334.39252336448595,331.4392523364486,1.2347965163750603,1.2347965163750603,16.715116260578437,15.829313623743104
18,63,572.9252336448598,567.4672897196261,1.2685621009743309,1.2685621009743309,18.154016273702457,16.715116260578437
19,63,322.8224299065421,319.9252336448598,1.27077809545655,1.27077809545655,19.871801050606063,18.154016273702457
20,63,551.4629629629629,547.6481481481482,1.4182462285981774,1.4182462285981774,36.47608118563621,19.871801050606063
1,64,4889.056603773585,4836.198113207547,1.5656860707969014,1.5656860707969014,3.180796486470582,0.0
2,64,3876.4018691588785,3837.308411214953,1.4965929750947915,1.4965929750947915,4.199298262995014,3.180796486470582
3,64,1445.4953271028037,1430.1682242990655,1.4093033811244198,1.4093033811244198,5.272455687869069,4.199298262995014
4,64,2623.691588785047,2597.551401869159,1.3442379297977263,1.3442379297977263,6.193740596260733,5.272455687869069
5,64,3332.5140186915887,3300.570093457944,1.3012187110685511,1.3012187110685511,7.05506785778168,6.193740596260733
6,64,699.5420560747664,692.2616822429907,1.2678754994973431,1.2678754994973431,7.953231296132531,7.05506785778168
7,64,576.1111111111111,570.4351851851852,1.253959154920958,1.253959154920958,9.018858595419156,7.953231296132531
8,64,424.66355140186914,420.04672897196264,1.2261529308469425,1.2261529308469425,9.988970078469205,9.018858595419156
9,64,598.7383177570093,593.1869158878504,1.2293206677104924,1.2293206677104924,10.72513829060439,9.988970078469205
10,64,427.3457943925234,423.13084112149534,1.258041117289132,1.258041117289132,11.48754368614339,10.72513829060439
11,64,438.49532710280374,434.8130841121495,1.2418203022589673,1.2418203022589673,12.092084039119785,11.48754368614339
12,64,451.3457943925234,446.89719626168227,1.23022060785209,1.23022060785209,12.748421000557512,12.092084039119785
13,64,412.89719626168227,408.8130841121495,1.2596331727668462,1.2596331727668462,13.501331419788942,12.748421000557512
14,64,498.6203703703704,493.4537037037037,1.2994425565779564,1.2994425565779564,14.1931526288167,13.501331419788942
15,64,335.02803738317755,331.76635514018693,1.2382498742678767,1.2382498742678767,14.956788839614688,14.1931526288167
16,64,463.70093457943926,459.1682242990654,1.279868554654993,1.279868554654993,15.829313623743104,14.956788839614688
17,64,335.5700934579439,332.29906542056074,1.2347965163750603,1.2347965163750603,16.715116260578437,15.829313623743104
18,64,567.1495327102804,561.7009345794393,1.2685621009743309,1.2685621009743309,18.154016273702457,16.715116260578437
19,64,324.5233644859813,321.1869158878505,1.27077809545655,1.27077809545655,19.871801050606063,18.154016273702457
20,64,549.2685185185185,545.2685185185185,1.4182462285981774,1.4182462285981774,36.47608118563621,19.871801050606063
1,65,4882.622641509434,4831.254716981132,1.5656860707969014,1.5656860707969014,3.180796486470582,0.0
2,65,3880.233644859813,3839.8130841121497,1.4965929750947915,1.4965929750947915,4.199298262995014,3.180796486470582
3,65,1448.214953271028,1433.0280373831777,1.4093033811244198,1.4093033811244198,5.272455687869069,4.199298262995014
4,65,2618.2803738317757,2592.2523364485983,1.3442379297977263,1.3442379297977263,6.193740596260733,5.272455687869069
5,65,3333.0654205607475,3299.448598130841,1.3012187110685511,1.3012187110685511,7.05506785778168,6.193740596260733
6,65,703.2429906542056,695.8598130841121,1.2678754994973431,1.2678754994973431,7.953231296132531,7.05506785778168
7,65,576.0833333333334,570.0185185185185,1.253959154920958,1.253959154920958,9.018858595419156,7.953231296132531
8,65,423.3644859813084,419.0747663551402,1.2261529308469425,1.2261529308469425,9.988970078469205,9.018858595419156
9,65,599.0934579439253,592.8317757009346,1.2293206677104924,1.2293206677104924,10.72513829060439,9.988970078469205
10,65,427.3551401869159,422.9252336448598,1.258041117289132,1.258041117289132,11.48754368614339,10.72513829060439
11,65,436.7570093457944,432.2429906542056,1.2418203022589673,1.2418203022589673,12.092084039119785,11.48754368614339
12,65,452.7570093457944,448.5233644859813,1.23022060785209,1.23022060785209,12.748421000557512,12.092084039119785
13,65,408.85981308411215,405.04672897196264,1.2596331727668462,1.2596331727668462,13.501331419788942,12.748421000557512
14,65,498.9259259259259,494.22222222222223,1.2994425565779564,1.2994425565779564,14.1931526288167,13.501331419788942
15,65,338.05607476635515,335.0373831775701,1.2382498742678767,1.2382498742678767,14.956788839614688,14.1931526288167
16,65,462.5607476635514,457.68224299065423,1.279868554654993,1.279868554654993,15.829313623743104,14.956788839614688
17,65,333.9065420560748,330.7102803738318,1.2347965163750603,1.2347965163750603,16.715116260578437,15.829313623743104
18,65,573.7476635514018,568.2803738317757,1.2685621009743309,1.2685621009743309,18.154016273702457,16.715116260578437
19,65,322.4018691588785,319.7570093457944,1.27077809545655,1.27077809545655,19.871801050606063,18.154016273702457
20,65,549.3148148148148,545.4351851851852,1.4182462285981774,1.4182462285981774,36.47608118563621,19.871801050606063
1,66,4867.858490566037,4816.245283018868,1.5656860707969014,1.5656860707969014,3.180796486470582,0.0
2,66,3880.2803738317757,3841.0841121495328,1.4965929750947915,1.4965929750947915,4.199298262995014,3.180796486470582
3,66,1441.9158878504672,1426.6542056074766,1.4093033811244198,1.4093033811244198,5.272455687869069,4.199298262995014
4,66,2625.336448598131,2599.1682242990655,1.3442379297977263,1.3442379297977263,6.193740596260733,5.272455687869069
5,66,3334.9345794392525,3303.457943925234,1.3012187110685511,1.3012187110685511,7.05506785778168,6.193740596260733
6,66,705.411214953271,697.9626168224299,1.2678754994973431,1.2678754994973431,7.953231296132531,7.05506785778168
7,66,575.3148148148148,569.6388888888889,1.253959154920958,1.253959154920958,9.018858595419156,7.953231296132531
8,66,423.4859813084112,419.14953271028037,1.2261529308469425,1.2261529308469425,9.988970078469205,9.018858595419156
9,66,595.8878504672897,590.2242990654206,1.2293206677104924,1.2293206677104924,10.72513829060439,9.988970078469205
10,66,426.9065420560748,422.49532710280374,1.258041117289132,1.258041117289132,11.48754368614339,10.72513829060439
11,66,437.01869158878503,432.95327102803736,1.2418203022589673,1.2418203022589673,12.092084039119785,11.48754368614339
12,66,456.9158878504673,452.4018691588785,1.23022060785209,1.23022060785209,12.748421000557512,12.092084039119785
13,66,412.0934579439252,407.69158878504675,1.2596331727668462,1.2596331727668462,13.501331419788942,12.748421000557512
14,66,500.8796296296296,495.8425925925926,1.2994425565779564,1.2994425565779564,14.1931526288167,13.501331419788942
15,66,339.10280373831773,335.8878504672897,1.2382498742678767,1.2382498742678767,14.956788839614688,14.1931526288167
16,66,462.25233644859816,457.50467289719626,1.279868554654993,1.279868554654993,15.829313623743104,14.956788839614688
17,66,334.3551401869159,331.1214953271028,1.2347965163750603,1.2347965163750603,16.715116260578437,15.829313623743104
18,66,571.196261682243,566.2990654205607,1.2685621009743309,1.2685621009743309,18.154016273702457,16.715116260578437
19,66,324.14018691588785,321.0747663551402,1.27077809545655,1.27077809545655,19.871801050606063,18.154016273702457
20,66,553.6111111111111,549.574074074074,1.4182462285981774,1.4182462285981774,36.47608118563621,19.871801050606063
1,67,4876.509433962264,4825.396226415094,1.5656860707969014,1.5656860707969014,3.180796486470582,0.0
2,67,3883.841121495327,3844.345794392523,1.4965929750947915,1.4965929750947915,4.199298262995014,3.180796486470582
3,67,1450.7383177570093,1435.7009345794393,1.4093033811244198,1.4093033811244198,5.272455687869069,4.199298262995014
4,67,2628.542056074766,2602.663551401869,1.3442379297977263,1.3442379297977263,6.193740596260733,5.272455687869069
5,67,3322.0654205607475,3288.878504672897,1.3012187110685511,1.3012187110685511,7.05506785778168,6.193740596260733
6,67,704.2990654205607,697.4299065420561,1.2678754994973431,1.2678754994973431,7.953231296132531,7.05506785778168
7,67,573.9074074074074,567.9537037037037,1.253959154920958,1.253959154920958,9.018858595419156,7.953231296132531
8,67,424.7102803738318,420.6355140186916,1.2261529308469425,1.2261529308469425,9.988970078469205,9.018858595419156
9,67,597.8504672897196,591.373831775701,1.2293206677104924,1.2293206677104924,10.72513829060439,9.988970078469205
10,67,428.1121495327103,423.50467289719626,1.258041117289132,1.258041117289132,11.48754368614339,10.72513829060439
11,67,437.5140186915888,433.3457943925234,1.2418203022589673,1.2418203022589673,12.092084039119785,11.48754368614339
12,67,453.61682242990656,448.95327102803736,1.23022060785209,1.23022060785209,12.748421000557512,12.092084039119785
13,67,406.78504672897196,402.9626168224299,1.2596331727668462,1.2596331727668462,13.501331419788942,12.748421000557512
14,67,502.05555555555554,496.8333333333333,1.2994425565779564,1.2994425565779564,14.1931526288167,13.501331419788942
15,67,337.7943925233645,334.7289719626168,1.2382498742678767,1.2382498742678767,14.956788839614688,14.1931526288167
16,67,463.5140186915888,458.7196261682243,1.279868554654993,1.279868554654993,15.829313623743104,14.956788839614688
17,67,334.6448598130841,331.41121495327104,1.2347965163750603,1.2347965163750603,16.715116260578437,15.829313623743104
18,67,571.607476635514,565.9532710280374,1.2685621009743309,1.2685621009743309,18.154016273702457,16.715116260578437
19,67,322.196261682243,319.3644859813084,1.27077809545655,1.27077809545655,19.871801050606063,18.154016273702457
20,67,549.175925925926,545.4722222222222,1.4182462285981774,1.4182462285981774,36.47608118563621,19.871801050606063
1,68,4873.066037735849,4822.3490566037735,1.5656860707969014,1.5656860707969014,3.180796486470582,0.0
2,68,3877.766355140187,3838.0,1.4965929750947915,1.4965929750947915,4.199298262995014,3.180796486470582
3,68,1445.4953271028037,1430.4859813084113,1.4093033811244198,1.4093033811244198,5.272455687869069,4.199298262995014
4,68,2631.654205607477,2605.7476635514017,1.3442379297977263,1.3442379297977263,6.193740596260733,5.272455687869069
5,68,3327.542056074766,3294.392523364486,1.3012187110685511,1.3012187110685511,7.05506785778168,6.193740596260733
6,68,708.5981308411215,701.1401869158879,1.2678754994973431,1.2678754994973431,7.953231296132531,7.05506785778168
7,68,575.5185185185185,569.5277777777778,1.253959154920958,1.253959154920958,9.018858595419156,7.953231296132531
8,68,425.25233644859816,420.70093457943926,1.2261529308469425,1.2261529308469425,9.988970078469205,9.018858595419156
9,68,599.5700934579439,593.4018691588785,1.2293206677104924,1.2293206677104924,10.72513829060439,9.988970078469205
10,68,427.3457943925234,422.94392523364485,1.258041117289132,1.258041117289132,11.48754368614339,10.72513829060439
11,68,438.0841121495327,433.41121495327104,1.2418203022589673,1.2418203022589673,12.092084039119785,11.48754368614339
12,68,455.50467289719626,451.0373831775701,1.23022060785209,1.23022060785209,12.748421000557512,12.092084039119785
13,68,409.4392523364486,405.57943925233644,1.2596331727668462,1.2596331727668462,13.501331419788942,12.748421000557512
14,68,501.68518518518516,496.8796296296296,1.2994425565779564,1.2994425565779564,14.1931526288167,13.501331419788942
15,68,336.38317757009344,333.0747663551402,1.2382498742678767,1.2382498742678767,14.956788839614688,14.1931526288167
16,68,463.93457943925233,459.196261682243,1.279868554654993,1.279868554654993,15.829313623743104,14.956788839614688
17,68,333.8785046728972,330.4299065420561,1.2347965163750603,1.2347965163750603,16.715116260578437,15.829313623743104
18,68,570.2616822429907,564.9439252336449,1.2685621009743309,1.2685621009743309,18.154016273702457,16.715116260578437
19,68,321.14018691588785,317.94392523364485,1.27077809545655,1.27077809545655,19.871801050606063,18.154016273702457
20,68,548.8055555555555,544.7777777777778,1.4182462285981774,1.4182462285981774,36.47608118563621,19.871801050606063
1,69,4879.462264150943,4828.88679245283,1.5656860707969014,1.5656860707969014,3.180796486470582,0.0
2,69,3881.2523364485983,3840.9532710280373,1.4965929750947915,1.4965929750947915,4.199298262995014,3.180796486470582
3,69,1439.9345794392523,1425.9158878504672,1.4093033811244198,1.4093033811244198,5.272455687869069,4.199298262995014
4,69,2628.7757009345796,2602.5794392523367,1.3442379297977263,1.3442379297977263,6.193740596260733,5.272455687869069
5,69,3329.2242990654204,3296.3271028037384,1.3012187110685511,1.3012187110685511,7.05506785778168,6.193740596260733
6,69,705.6542056074767,698.0093457943925,1.2678754994973431,1.2678754994973431,7.953231296132531,7.05506785778168
7,69,573.3518518518518,567.8518518518518,1.253959154920958,1.253959154920958,9.018858595419156,7.953231296132531
8,69,427.23364485981307,422.61682242990656,1.2261529308469425,1.2261529308469425,9.988970078469205,9.018858595419156
9,69,597.3831775700935,591.4859813084112,1.2293206677104924,1.2293206677104924,10.72513829060439,9.988970078469205
10,69,427.5700934579439,423.1588785046729,1.258041117289132,1.258041117289132,11.48754368614339,10.72513829060439
11,69,437.06542056074767,432.66355140186914,1.2418203022589673,1.2418203022589673,12.092084039119785,11.48754368614339
12,69,453.29906542056074,449.0747663551402,1.23022060785209,1.23022060785209,12.748421000557512,12.092084039119785
13,69,409.1869158878505,404.67289719626166,1.2596331727668462,1.2596331727668462,13.501331419788942,12.748421000557512
14,69,500.47222222222223,495.8240740740741,1.2994425565779564,1.2994425565779564,14.1931526288167,13.501331419788942
15,69,336.7570093457944,333.6542056074766,1.2382498742678767,1.2382498742678767,14.956788839614688,14.1931526288167
16,69,465.4579439252336,460.9158878504673,1.279868554654993,1.279868554654993,15.829313623743104,14.956788839614688
17,69,335.3644859813084,332.4018691588785,1.2347965163750603,1.2347965163750603,16.715116260578437,15.829313623743104
18,69,568.8504672897196,563.8504672897196,1.2685621009743309,1.2685621009743309,18.154016273702457,16.715116260578437
19,69,323.85981308411215,320.8411214953271,1.27077809545655,1.27077809545655,19.871801050606063,18.154016273702457
20,69,548.9444444444445,544.5555555555555,1.4182462285981774,1.4182462285981774,36.47608118563621,19.871801050606063
1,70,4882.830188679245,4831.33962264151,1.5656860707969014,1.5656860707969014,3.180796486470582,0.0
2,70,3874.2897196261683,3833.177570093458,1.4965929750947915,1.4965929750947915,4.199298262995014,3.180796486470582
3,70,1443.6542056074766,1429.1682242990655,1.4093033811244198,1.4093033811244198,5.272455687869069,4.199298262995014
4,70,2624.271028037383,2597.457943925234,1.3442379297977263,1.3442379297977263,6.193740596260733,5.272455687869069
5,70,3334.3177570093458,3302.9532710280373,1.3012187110685511,1.3012187110685511,7.05506785778168,6.193740596260733
6,70,705.2616822429907,698.5420560747664,1.2678754994973431,1.2678754994973431,7.953231296132531,7.05506785778168
7,70,577.9444444444445,571.9166666666666,1.253959154920958,1.253959154920958,9.018858595419156,7.953231296132531
8,70,421.23364485981307,416.9252336448598,1.2261529308469425,1.2261529308469425,9.988970078469205,9.018858595419156
9,70,599.6822429906542,592.981308411215,1.2293206677104924,1.2293206677104924,10.72513829060439,9.988970078469205
10,70,428.31775700934577,423.9252336448598,1.258041117289132,1.258041117289132,11.48754368614339,10.72513829060439
11,70,437.8317757009346,433.5327102803738,1.2418203022589673,1.2418203022589673,12.092084039119785,11.48754368614339
12,70,451.8411214953271,447.57943925233644,1.23022060785209,1.23022060785209,12.748421000557512,12.092084039119785
13,70,408.10280373831773,404.23364485981307,1.2596331727668462,1.2596331727668462,13.501331419788942,12.748421000557512
14,70,500.9259259259259,495.4537037037037,1.2994425565779564,1.2994425565779564,14.1931526288167,13.501331419788942
15,70,337.7570093457944,334.60747663551405,1.2382498742678767,1.2382498742678767,14.956788839614688,14.1931526288167
16,70,461.57943925233644,457.196261682243,1.279868554654993,1.279868554654993,15.829313623743104,14.956788839614688
17,70,335.2803738317757,332.4299065420561,1.2347965163750603,1.2347965163750603,16.715116260578437,15.829313623743104
18,70,569.0373831775701,563.5607476635514,1.2685621009743309,1.2685621009743309,18.154016273702457,16.715116260578437
19,70,324.49532710280374,321.0,1.27077809545655,1.27077809545655,19.871801050606063,18.154016273702457
20,70,550.574074074074,546.7407407407408,1.4182462285981774,1.4182462285981774,36.47608118563621,19.871801050606063
1,71,4871.330188679245,4820.6509433962265,1.5656860707969014,1.5656860707969014,3.180796486470582,0.0
2,71,3866.392523364486,3826.607476635514,1.4965929750947915,1.4965929750947915,4.199298262995014,3.180796486470582
3,71,1447.8785046728972,1432.1308411214952,1.4093033811244198,1.4093033811244198,5.272455687869069,4.199298262995014
4,71,2632.336448598131,2606.1869158878503,1.3442379297977263,1.3442379297977263,6.193740596260733,5.272455687869069
5,71,3327.9065420560746,3294.9813084112147,1.3012187110685511,1.3012187110685511,7.05506785778168,6.193740596260733
6,71,706.4392523364486,699.2710280373832,1.2678754994973431,1.2678754994973431,7.953231296132531,7.05506785778168
7,71,579.3425925925926,573.3888888888889,1.253959154920958,1.253959154920958,9.018858595419156,7.953231296132531
8,71,421.14953271028037,416.85046728971963,1.2261529308469425,1.2261529308469425,9.988970078469205,9.018858595419156
9,71,601.8878504672897,595.2897196261682,1.2293206677104924,1.2293206677104924,10.72513829060439,9.988970078469205
10,71,431.9626168224299,427.25233644859816,1.258041117289132,1.258041117289132,11.48754368614339,10.72513829060439
11,71,437.98130841121497,433.9158878504673,1.2418203022589673,1.2418203022589673,12.092084039119785,11.48754368614339
12,71,452.2803738317757,447.803738317757,1.23022060785209,1.23022060785209,12.748421000557512,12.092084039119785
13,71,411.9158878504673,408.0747663551402,1.2596331727668462,1.2596331727668462,13.501331419788942,12.748421000557512
14,71,501.77777777777777,496.74074074074076,1.2994425565779564,1.2994425565779564,14.1931526288167,13.501331419788942
15,71,336.4672897196262,332.94392523364485,1.2382498742678767,1.2382498742678767,14.956788839614688,14.1931526288167
16,71,464.5420560747664,460.10280373831773,1.279868554654993,1.279868554654993,15.829313623743104,14.956788839614688
17,71,332.86915887850466,329.9065420560748,1.2347965163750603,1.2347965163750603,16.715116260578437,15.829313623743104
18,71,570.1121495327103,564.5700934579439,1.2685621009743309,1.2685621009743309,18.154016273702457,16.715116260578437
19,71,323.8785046728972,320.86915887850466,1.27077809545655,1.27077809545655,19.871801050606063,18.154016273702457
20,71,550.2685185185185,546.3888888888889,1.4182462285981774,1.4182462285981774,36.47608118563621,19.871801050606063
1,72,4878.669811320755,4827.443396226415,1.5656860707969014,1.5656860707969014,3.180796486470582,0.0
2,72,3882.2897196261683,3842.4205607476633,1.4965929750947915,1.4965929750947915,4.199298262995014,3.180796486470582
3,72,1445.6355140186915,1430.9906542056074,1.4093033811244198,1.4093033811244198,5.272455687869069,4.199298262995014
4,72,2623.691588785047,2596.841121495327,1.3442379297977263,1.3442379297977263,6.193740596260733,5.272455687869069
5,72,3321.6822429906542,3289.0467289719627,1.3012187110685511,1.3012187110685511,7.05506785778168,6.193740596260733
6,72,704.6542056074767,697.1775700934579,1.2678754994973431,1.2678754994973431,7.953231296132531,7.05506785778168
7,72,576.3055555555555,570.4537037037037,1.253959154920958,1.253959154920958,9.018858595419156,7.953231296132531
8,72,423.39252336448595,419.01869158878503,1.2261529308469425,1.2261529308469425,9.988970078469205,9.018858595419156
9,72,598.3271028037383,592.1121495327103,1.2293206677104924,1.2293206677104924,10.72513829060439,9.988970078469205
10,72,426.4299065420561,421.6448598130841,1.258041117289132,1.258041117289132,11.48754368614339,10.72513829060439
11,72,440.3738317757009,435.8224299065421,1.2418203022589673,1.2418203022589673,12.092084039119785,11.48754368614339
12,72,455.22429906542055,450.5327102803738,1.23022060785209,1.23022060785209,12.748421000557512,12.092084039119785
13,72,409.5607476635514,405.58878504672896,1.2596331727668462,1.2596331727668462,13.501331419788942,12.748421000557512
14,72,502.8888888888889,498.25,1.2994425565779564,1.2994425565779564,14.1931526288167,13.501331419788942
15,72,335.2616822429907,331.8224299065421,1.2382498742678767,1.2382498742678767,14.956788839614688,14.1931526288167
16,72,464.2056074766355,459.58878504672896,1.279868554654993,1.279868554654993,15.829313623743104,14.956788839614688
17,72,337.78504672897196,334.70093457943926,1.2347965163750603,1.2347965163750603,16.715116260578437,15.829313623743104
18,72,568.196261682243,562.9719626168225,1.2685621009743309,1.2685621009743309,18.154016273702457,16.715116260578437
19,72,325.1588785046729,322.29906542056074,1.27077809545655,1.27077809545655,19.871801050606063,18.154016273702457
20,72,549.0185185185185,545.1203703703703,1.4182462285981774,1.4182462285981774,36.47608118563621,19.871801050606063
1,73,4877.754716981132,4826.179245283019,1.5656860707969014,1.5656860707969014,3.180796486470582,0.0
2,73,3869.841121495327,3830.392523364486,1.4965929750947915,1.4965929750947915,4.199298262995014,3.180796486470582
3,73,1444.3831775700935,1429.4018691588785,1.4093033811244198,1.4093033811244198,5.272455687869069,4.199298262995014
4,73,2627.7196261682243,2601.3177570093458,1.3442379297977263,1.3442379297977263,6.193740596260733,5.272455687869069
5,73,3331.448598130841,3298.841121495327,1.3012187110685511,1.3012187110685511,7.05506785778168,6.193740596260733
6,73,712.5046728971963,705.2897196261682,1.2678754994973431,1.2678754994973431,7.953231296132531,7.05506785778168
7,73,573.1944444444445,566.7870370370371,1.253959154920958,1.253959154920958,9.018858595419156,7.953231296132531
8,73,425.8224299065421,421.5327102803738,1.2261529308469425,1.2261529308469425,9.988970078469205,9.018858595419156
9,73,603.2429906542056,596.7009345794393,1.2293206677104924,1.2293206677104924,10.72513829060439,9.988970078469205
10,73,427.6261682242991,423.4672897196262,1.258041117289132,1.258041117289132,11.48754368614339,10.72513829060439
11,73,442.61682242990656,438.22429906542055,1.2418203022589673,1.2418203022589673,12.092084039119785,11.48754368614339
12,73,453.1121495327103,449.22429906542055,1.23022060785209,1.23022060785209,12.748421000557512,12.092084039119785
13,73,408.5514018691589,404.196261682243,1.2596331727668462,1.2596331727668462,13.501331419788942,12.748421000557512
14,73,496.8888888888889,492.47222222222223,1.2994425565779564,1.2994425565779564,14.1931526288167,13.501331419788942
15,73,336.0,332.6355140186916,1.2382498742678767,1.2382498742678767,14.956788839614688,14.1931526288167
16,73,460.0373831775701,455.5700934579439,1.279868554654993,1.279868554654993,15.829313623743104,14.956788839614688
17,73,335.4672897196262,332.25233644859816,1.2347965163750603,1.2347965163750603,16.715116260578437,15.829313623743104
18,73,571.9439252336449,566.4953271028037,1.2685621009743309,1.2685621009743309,18.154016273702457,16.715116260578437
19,73,322.8411214953271,320.14018691588785,1.27077809545655,1.27077809545655,19.871801050606063,18.154016273702457
20,73,548.4722222222222,544.9444444444445,1.4182462285981774,1.4182462285981774,36.47608118563621,19.871801050606063
1,74,4882.537735849057,4829.915094339623,1.5656860707969014,1.5656860707969014,3.180796486470582,0.0
2,74,3867.0186915887853,3825.373831775701,1.4965929750947915,1.4965929750947915,4.199298262995014,3.180796486470582
3,74,1443.7102803738317,1429.392523364486,1.4093033811244198,1.4093033811244198,5.272455687869069,4.199298262995014
4,74,2625.3271028037384,2599.457943925234,1.3442379297977263,1.3442379297977263,6.193740596260733,5.272455687869069
5,74,3329.644859813084,3297.7102803738317,1.3012187110685511,1.3012187110685511,7.05506785778168,6.193740596260733
6,74,704.2056074766355,696.8598130841121,1.2678754994973431,1.2678754994973431,7.953231296132531,7.05506785778168
7,74,579.2962962962963,573.4351851851852,1.253959154920958,1.253959154920958,9.018858595419156,7.953231296132531
8,74,423.89719626168227,419.2710280373832,1.2261529308469425,1.2261529308469425,9.988970078469205,9.018858595419156
9,74,600.7850467289719,594.2336448598131,1.2293206677104924,1.2293206677104924,10.72513829060439,9.988970078469205
10,74,427.8130841121495,423.7196261682243,1.258041117289132,1.258041117289132,11.48754368614339,10.72513829060439
11,74,437.22429906542055,433.0841121495327,1.2418203022589673,1.2418203022589673,12.092084039119785,11.48754368614339
12,74,456.1121495327103,451.3738317757009,1.23022060785209,1.23022060785209,12.748421000557512,12.092084039119785
13,74,409.5514018691589,405.5140186915888,1.2596331727668462,1.2596331727668462,13.501331419788942,12.748421000557512
14,74,505.6203703703704,500.49074074074076,1.2994425565779564,1.2994425565779564,14.1931526288167,13.501331419788942
15,74,332.7943925233645,329.6355140186916,1.2382498742678767,1.2382498742678767,14.956788839614688,14.1931526288167
16,74,463.0373831775701,458.4672897196262,1.279868554654993,1.279868554654993,15.829313623743104,14.956788839614688
17,74,333.0934579439252,329.9252336448598,1.2347965163750603,1.2347965163750603,16.715116260578437,15.829313623743104
18,74,569.4205607476636,564.0280373831775,1.2685621009743309,1.2685621009743309,18.154016273702457,16.715116260578437
19,74,323.0093457943925,319.6448598130841,1.27077809545655,1.27077809545655,19.871801050606063,18.154016273702457
20,74,554.3981481481482,550.3425925925926,1.4182462285981774,1.4182462285981774,36.47608118563621,19.871801050606063
1,75,4868.358490566037,4816.358490566037,1.5656860707969014,1.5656860707969014,3.180796486470582,0.0
2,75,3869.3831775700933,3829.5140186915887,1.4965929750947915,1.4965929750947915,4.199298262995014,3.180796486470582
3,75,1448.2242990654206,1432.8504672897195,1.4093033811244198,1.4093033811244198,5.272455687869069,4.199298262995014
4,75,2627.766355140187,2602.0841121495328,1.3442379297977263,1.3442379297977263,6.193740596260733,5.272455687869069
5,75,3342.9065420560746,3310.766355140187,1.3012187110685511,1.3012187110685511,7.05506785778168,6.193740596260733
6,75,709.4766355140187,702.3551401869158,1.2678754994973431,1.2678754994973431,7.953231296132531,7.05506785778168
7,75,575.9166666666666,570.2777777777778,1.253959154920958,1.253959154920958,9.018858595419156,7.953231296132531
8,75,424.94392523364485,420.89719626168227,1.2261529308469425,1.2261529308469425,9.988970078469205,9.018858595419156
9,75,596.8878504672897,590.981308411215,1.2293206677104924,1.2293206677104924,10.72513829060439,9.988970078469205
10,75,429.01869158878503,424.5233644859813,1.258041117289132,1.258041117289132,11.48754368614339,10.72513829060439
11,75,437.2710280373832,433.0934579439252,1.2418203022589673,1.2418203022589673,12.092084039119785,11.48754368614339
12,75,453.14953271028037,448.70093457943926,1.23022060785209,1.23022060785209,12.748421000557512,12.092084039119785
13,75,407.7383177570093,403.2056074766355,1.2596331727668462,1.2596331727668462,13.501331419788942,12.748421000557512
14,75,499.74074074074076,494.89814814814815,1.2994425565779564,1.2994425565779564,14.1931526288167,13.501331419788942
15,75,336.86915887850466,333.85046728971963,1.2382498742678767,1.2382498742678767,14.956788839614688,14.1931526288167
16,75,462.7943925233645,458.4299065420561,1.279868554654993,1.279868554654993,15.829313623743104,14.956788839614688
17,75,334.85981308411215,331.8317757009346,1.2347965163750603,1.2347965163750603,16.715116260578437,15.829313623743104
18,75,572.0747663551402,566.981308411215,1.2685621009743309,1.2685621009743309,18.154016273702457,16.715116260578437
19,75,321.22429906542055,318.2429906542056,1.27077809545655,1.27077809545655,19.871801050606063,18.154016273702457
20,75,550.3425925925926,546.3425925925926,1.4182462285981774,1.4182462285981774,36.47608118563621,19.871801050606063
1,76,4873.2169811320755,4822.61320754717,1.5656860707969014,1.5656860707969014,3.180796486470582,0.0
2,76,3877.336448598131,3837.0186915887853,1.4965929750947915,1.4965929750947915,4.199298262995014,3.180796486470582
3,76,1442.4672897196263,1427.5140186915887,1.4093033811244198,1.4093033811244198,5.272455687869069,4.199298262995014
4,76,2634.0,2607.691588785047,1.3442379297977263,1.3442379297977263,6.193740596260733,5.272455687869069
5,76,3322.9158878504672,3290.7757009345796,1.3012187110685511,1.3012187110685511,7.05506785778168,6.193740596260733
6,76,702.2429906542056,694.7943925233645,1.2678754994973431,1.2678754994973431,7.953231296132531,7.05506785778168
7,76,578.3703703703703,572.5462962962963,1.253959154920958,1.253959154920958,9.018858595419156,7.953231296132531
8,76,427.9252336448598,423.7570093457944,1.2261529308469425,1.2261529308469425,9.988970078469205,9.018858595419156
9,76,606.1214953271028,599.7570093457944,1.2293206677104924,1.2293206677104924,10.72513829060439,9.988970078469205
10,76,427.7570093457944,423.4766355140187,1.258041117289132,1.258041117289132,11.48754368614339,10.72513829060439
11,76,437.1214953271028,432.8411214953271,1.2418203022589673,1.2418203022589673,12.092084039119785,11.48754368614339
12,76,452.0,447.6261682242991,1.23022060785209,1.23022060785209,12.748421000557512,12.092084039119785
13,76,410.8411214953271,406.7289719626168,1.2596331727668462,1.2596331727668462,13.501331419788942,12.748421000557512
14,76,500.5462962962963,495.462962962963,1.2994425565779564,1.2994425565779564,14.1931526288167,13.501331419788942
15,76,336.85981308411215,333.61682242990656,1.2382498742678767,1.2382498742678767,14.956788839614688,14.1931526288167
16,76,464.77570093457945,459.98130841121497,1.279868554654993,1.279868554654993,15.829313623743104,14.956788839614688
17,76,332.4859813084112,329.30841121495325,1.2347965163750603,1.2347965163750603,16.715116260578437,15.829313623743104
18,76,566.2990654205607,561.2710280373832,1.2685621009743309,1.2685621009743309,18.154016273702457,16.715116260578437
19,76,326.1214953271028,323.0,1.27077809545655,1.27077809545655,19.871801050606063,18.154016273702457
20,76,549.8333333333334,544.9537037037037,1.4182462285981774,1.4182462285981774,36.47608118563621,19.871801050606063
1,77,4869.132075471698,4818.566037735849,1.5656860707969014,1.5656860707969014,3.180796486470582,0.0
2,77,3877.0467289719627,3837.7476635514017,1.4965929750947915,1.4965929750947915,4.199298262995014,3.180796486470582
3,77,1444.196261682243,1429.411214953271,1.4093033811244198,1.4093033811244198,5.272455687869069,4.199298262995014
4,77,2637.5607476635514,2611.03738317757,1.3442379297977263,1.3442379297977263,6.193740596260733,5.272455687869069
5,77,3333.2897196261683,3300.551401869159,1.3012187110685511,1.3012187110685511,7.05506785778168,6.193740596260733
6,77,707.2710280373832,699.8785046728972,1.2678754994973431,1.2678754994973431,7.953231296132531,7.05506785778168
7,77,574.675925925926,568.8888888888889,1.253959154920958,1.253959154920958,9.018858595419156,7.953231296132531
8,77,422.1588785046729,417.9158878504673,1.2261529308469425,1.2261529308469425,9.988970078469205,9.018858595419156
9,77,596.6448598130842,590.3177570093458,1.2293206677104924,1.2293206677104924,10.72513829060439,9.988970078469205
10,77,427.4018691588785,422.6261682242991,1.258041117289132,1.258041117289132,11.48754368614339,10.72513829060439
11,77,440.02803738317755,435.5327102803738,1.2418203022589673,1.2418203022589673,12.092084039119785,11.48754368614339
12,77,453.0373831775701,448.1588785046729,1.23022060785209,1.23022060785209,12.748421000557512,12.092084039119785
13,77,409.2429906542056,405.2803738317757,1.2596331727668462,1.2596331727668462,13.501331419788942,12.748421000557512
14,77,505.6388888888889,500.80555555555554,1.2994425565779564,1.2994425565779564,14.1931526288167,13.501331419788942
15,77,334.1588785046729,331.13084112149534,1.2382498742678767,1.2382498742678767,14.956788839614688,14.1931526288167
16,77,461.5514018691589,457.31775700934577,1.279868554654993,1.279868554654993,15.829313623743104,14.956788839614688
17,77,334.25233644859816,330.803738317757,1.2347965163750603,1.2347965163750603,16.715116260578437,15.829313623743104
18,77,570.0373831775701,564.9252336448598,1.2685621009743309,1.2685621009743309,18.154016273702457,16.715116260578437
19,77,323.93457943925233,320.95327102803736,1.27077809545655,1.27077809545655,19.871801050606063,18.154016273702457
20,77,548.3981481481482,544.2870370370371,1.4182462285981774,1.4182462285981774,36.47608118563621,19.871801050606063
1,78,4867.2169811320755,4816.2169811320755,1.5656860707969014,1.5656860707969014,3.180796486470582,0.0
2,78,3877.9719626168226,3837.6822429906542,1.4965929750947915,1.4965929750947915,4.199298262995014,3.180796486470582
3,78,1449.4579439252336,1435.2056074766356,1.4093033811244198,1.4093033811244198,5.272455687869069,4.199298262995014
4,78,2634.532710280374,2608.355140186916,1.3442379297977263,1.3442379297977263,6.193740596260733,5.272455687869069
5,78,3329.8317757009345,3296.3644859813085,1.3012187110685511,1.3012187110685511,7.05506785778168,6.193740596260733
6,78,703.0280373831775,695.8878504672897,1.2678754994973431,1.2678754994973431,7.953231296132531,7.05506785778168
7,78,575.0370370370371,569.5185185185185,1.253959154920958,1.253959154920958,9.018858595419156,7.953231296132531
8,78,419.8130841121495,415.7570093457944,1.2261529308469425,1.2261529308469425,9.988970078469205,9.018858595419156
9,78,598.4018691588785,592.0934579439253,1.2293206677104924,1.2293206677104924,10.72513829060439,9.988970078469205
10,78,430.21495327102804,425.74766355140184,1.258041117289132,1.258041117289132,11.48754368614339,10.72513829060439
11,78,436.2616822429907,431.7570093457944,1.2418203022589673,1.2418203022589673,12.092084039119785,11.48754368614339
12,78,456.04672897196264,451.76635514018693,1.23022060785209,1.23022060785209,12.748421000557512,12.092084039119785
13,78,413.29906542056074,409.1214953271028,1.2596331727668462,1.2596331727668462,13.501331419788942,12.748421000557512
14,78,501.98148148148147,497.212962962963,1.2994425565779564,1.2994425565779564,14.1931526288167,13.501331419788942
15,78,335.0747663551402,332.06542056074767,1.2382498742678767,1.2382498742678767,14.956788839614688,14.1931526288167
16,78,462.74766355140184,458.3644859813084,1.279868554654993,1.279868554654993,15.829313623743104,14.956788839614688
17,78,333.05607476635515,329.74766355140184,1.2347965163750603,1.2347965163750603,16.715116260578437,15.829313623743104
18,78,572.5233644859813,567.4299065420561,1.2685621009743309,1.2685621009743309,18.154016273702457,16.715116260578437
19,78,323.1588785046729,320.2056074766355,1.27077809545655,1.27077809545655,19.871801050606063,18.154016273702457
20,78,549.9074074074074,546.6574074074074,1.4182462285981774,1.4182462285981774,36.47608118563621,19.871801050606063
1,79,4893.433962264151,4842.084905660377,1.5656860707969014,1.5656860707969014,3.180796486470582,0.0
2,79,3857.7102803738317,3817.429906542056,1.4965929750947915,1.4965929750947915,4.199298262995014,3.180796486470582
3,79,1449.4018691588785,1435.2990654205607,1.4093033811244198,1.4093033811244198,5.272455687869069,4.199298262995014
4,79,2627.196261682243,2601.196261682243,1.3442379297977263,1.3442379297977263,6.193740596260733,5.272455687869069
5,79,3330.0934579439254,3298.542056074766,1.3012187110685511,1.3012187110685511,7.05506785778168,6.193740596260733
6,79,702.5700934579439,695.4485981308411,1.2678754994973431,1.2678754994973431,7.953231296132531,7.05506785778168
7,79,578.3981481481482,572.6388888888889,1.253959154920958,1.253959154920958,9.018858595419156,7.953231296132531
8,79,425.77570093457945,421.6261682242991,1.2261529308469425,1.2261529308469425,9.988970078469205,9.018858595419156
9,79,597.3271028037383,591.2710280373832,1.2293206677104924,1.2293206677104924,10.72513829060439,9.988970078469205
10,79,426.94392523364485,422.49532710280374,1.258041117289132,1.258041117289132,11.48754368614339,10.72513829060439
11,79,436.60747663551405,432.0373831775701,1.2418203022589673,1.2418203022589673,12.092084039119785,11.48754368614339
12,79,453.5700934579439,449.196261682243,1.23022060785209,1.23022060785209,12.748421000557512,12.092084039119785
13,79,410.14018691588785,405.8317757009346,1.2596331727668462,1.2596331727668462,13.501331419788942,12.748421000557512
14,79,498.93518518518516,493.9537037037037,1.2994425565779564,1.2994425565779564,14.1931526288167,13.501331419788942
15,79,334.4485981308411,331.3551401869159,1.2382498742678767,1.2382498742678767,14.956788839614688,14.1931526288167
16,79,464.2616822429907,459.5607476635514,1.279868554654993,1.279868554654993,15.829313623743104,14.956788839614688
17,79,334.4579439252336,331.2897196261682,1.2347965163750603,1.2347965163750603,16.715116260578437,15.829313623743104
18,79,572.1028037383178,566.6448598130842,1.2685621009743309,1.2685621009743309,18.154016273702457,16.715116260578437
19,79,322.4672897196262,319.49532710280374,1.27077809545655,1.27077809545655,19.871801050606063,18.154016273702457
20,79,553.5,549.5277777777778,1.4182462285981774,1.4182462285981774,36.47608118563621,19.871801050606063
1,80,4867.235849056604,4816.424528301887,1.5656860707969014,1.5656860707969014,3.180796486470582,0.0
2,80,3873.411214953271,3833.0093457943926,1.4965929750947915,1.4965929750947915,4.199298262995014,3.180796486470582
3,80,1455.6168224299065,1441.1682242990655,1.4093033811244198,1.4093033811244198,5.272455687869069,4.199298262995014
4,80,2621.03738317757,2595.4859813084113,1.3442379297977263,1.3442379297977263,6.193740596260733,5.272455687869069
5,80,3336.7383177570096,3303.551401869159,1.3012187110685511,1.3012187110685511,7.05506785778168,6.193740596260733
6,80,707.373831775701,699.6168224299065,1.2678754994973431,1.2678754994973431,7.953231296132531,7.05506785778168
7,80,573.4166666666666,567.2592592592592,1.253959154920958,1.253959154920958,9.018858595419156,7.953231296132531
8,80,425.1682242990654,420.85046728971963,1.2261529308469425,1.2261529308469425,9.988970078469205,9.018858595419156
9,80,601.5327102803739,595.373831775701,1.2293206677104924,1.2293206677104924,10.72513829060439,9.988970078469205
10,80,428.803738317757,424.2710280373832,1.258041117289132,1.258041117289132,11.48754368614339,10.72513829060439
11,80,440.77570093457945,436.5981308411215,1.2418203022589673,1.2418203022589673,12.092084039119785,11.48754368614339
12,80,454.8130841121495,450.31775700934577,1.23022060785209,1.23022060785209,12.748421000557512,12.092084039119785
13,80,409.3551401869159,405.0934579439252,1.2596331727668462,1.2596331727668462,13.501331419788942,12.748421000557512
14,80,498.6666666666667,494.0,1.2994425565779564,1.2994425565779564,14.1931526288167,13.501331419788942
15,80,335.5700934579439,332.38317757009344,1.2382498742678767,1.2382498742678767,14.956788839614688,14.1931526288167
16,80,465.38317757009344,461.01869158878503,1.279868554654993,1.279868554654993,15.829313623743104,14.956788839614688
17,80,333.41121495327104,330.49532710280374,1.2347965163750603,1.2347965163750603,16.715116260578437,15.829313623743104
18,80,567.8971962616822,562.6448598130842,1.2685621009743309,1.2685621009743309,18.154016273702457,16.715116260578437
19,80,320.0841121495327,317.0934579439252,1.27077809545655,1.27077809545655,19.871801050606063,18.154016273702457
20,80,553.425925925926,549.5185185185185,1.4182462285981774,1.4182462285981774,36.47608118563621,19.871801050606063
1,81,4888.981132075472,4838.169811320755,1.5656860707969014,1.5656860707969014,3.180796486470582,0.0
2,81,3877.3177570093458,3836.841121495327,1.4965929750947915,1.4965929750947915,4.199298262995014,3.180796486470582
3,81,1443.6542056074766,1429.1401869158879,1.4093033811244198,1.4093033811244198,5.272455687869069,4.199298262995014
4,81,2626.803738317757,2601.1682242990655,1.3442379297977263,1.3442379297977263,6.193740596260733,5.272455687869069
5,81,3330.07476635514,3297.233644859813,1.3012187110685511,1.3012187110685511,7.05506785778168,6.193740596260733
6,81,702.7850467289719,695.3364485981308,1.2678754994973431,1.2678754994973431,7.953231296132531,7.05506785778168
7,81,572.3796296296297,566.5925925925926,1.253959154920958,1.253959154920958,9.018858595419156,7.953231296132531
8,81,423.01869158878503,418.68224299065423,1.2261529308469425,1.2261529308469425,9.988970078469205,9.018858595419156
9,81,596.626168224299,589.8971962616822,1.2293206677104924,1.2293206677104924,10.72513829060439,9.988970078469205
10,81,428.05607476635515,423.8130841121495,1.258041117289132,1.258041117289132,11.48754368614339,10.72513829060439
11,81,438.23364485981307,433.5327102803738,1.2418203022589673,1.2418203022589673,12.092084039119785,11.48754368614339
12,81,455.57943925233644,451.21495327102804,1.23022060785209,1.23022060785209,12.748421000557512,12.092084039119785
13,81,409.4018691588785,405.13084112149534,1.2596331727668462,1.2596331727668462,13.501331419788942,12.748421000557512
14,81,502.4259259259259,497.69444444444446,1.2994425565779564,1.2994425565779564,14.1931526288167,13.501331419788942
15,81,337.6355140186916,334.4299065420561,1.2382498742678767,1.2382498742678767,14.956788839614688,14.1931526288167
16,81,460.3551401869159,456.1775700934579,1.279868554654993,1.279868554654993,15.829313623743104,14.956788839614688
17,81,334.1775700934579,330.76635514018693,1.2347965163750603,1.2347965163750603,16.715116260578437,15.829313623743104
18,81,571.3551401869158,565.9065420560747,1.2685621009743309,1.2685621009743309,18.154016273702457,16.715116260578437
19,81,322.14018691588785,319.02803738317755,1.27077809545655,1.27077809545655,19.871801050606063,18.154016273702457
20,81,548.5092592592592,544.5185185185185,1.4182462285981774,1.4182462285981774,36.47608118563621,19.871801050606063
1,82,4888.933962264151,4836.575471698113,1.5656860707969014,1.5656860707969014,3.180796486470582,0.0
2,82,3875.11214953271,3834.6355140186915,1.4965929750947915,1.4965929750947915,4.199298262995014,3.180796486470582
3,82,1451.4766355140187,1436.8691588785048,1.4093033811244198,1.4093033811244198,5.272455687869069,4.199298262995014
4,82,2628.467289719626,2601.6168224299067,1.3442379297977263,1.3442379297977263,6.193740596260733,5.272455687869069
5,82,3323.663551401869,3291.345794392523,1.3012187110685511,1.3012187110685511,7.05506785778168,6.193740596260733
6,82,705.5794392523364,698.1214953271028,1.2678754994973431,1.2678754994973431,7.953231296132531,7.05506785778168
7,82,576.6666666666666,570.7129629629629,1.253959154920958,1.253959154920958,9.018858595419156,7.953231296132531
8,82,425.5327102803738,420.9906542056075,1.2261529308469425,1.2261529308469425,9.988970078469205,9.018858595419156
9,82,595.3551401869158,588.8130841121496,1.2293206677104924,1.2293206677104924,10.72513829060439,9.988970078469205
10,82,425.7570093457944,421.85046728971963,1.258041117289132,1.258041117289132,11.48754368614339,10.72513829060439
11,82,439.49532710280374,435.14953271028037,1.2418203022589673,1.2418203022589673,12.092084039119785,11.48754368614339
12,82,454.02803738317755,449.6261682242991,1.23022060785209,1.23022060785209,12.748421000557512,12.092084039119785
13,82,412.2056074766355,408.4392523364486,1.2596331727668462,1.2596331727668462,13.501331419788942,12.748421000557512
14,82,498.30555555555554,493.69444444444446,1.2994425565779564,1.2994425565779564,14.1931526288167,13.501331419788942
15,82,335.0093457943925,331.85046728971963,1.2382498742678767,1.2382498742678767,14.956788839614688,14.1931526288167
16,82,462.25233644859816,457.5233644859813,1.279868554654993,1.279868554654993,15.829313623743104,14.956788839614688
17,82,331.9158878504673,328.78504672897196,1.2347965163750603,1.2347965163750603,16.715116260578437,15.829313623743104
18,82,569.5514018691589,564.2149532710281,1.2685621009743309,1.2685621009743309,18.154016273702457,16.715116260578437
19,82,318.8785046728972,316.2616822429907,1.27077809545655,1.27077809545655,19.871801050606063,18.154016273702457
20,82,550.675925925926,545.9722222222222,1.4182462285981774,1.4182462285981774,36.47608118563621,19.871801050606063
1,83,4870.1509433962265,4818.301886792453,1.5656860707969014,1.5656860707969014,3.180796486470582,0.0
2,83,3875.158878504673,3834.803738317757,1.4965929750947915,1.4965929750947915,4.199298262995014,3.180796486470582
3,83,1448.8130841121495,1433.5140186915887,1.4093033811244198,1.4093033811244198,5.272455687869069,4.199298262995014
4,83,2626.6822429906542,2599.9345794392525,1.3442379297977263,1.3442379297977263,6.193740596260733,5.272455687869069
5,83,3335.457943925234,3302.8130841121497,1.3012187110685511,1.3012187110685511,7.05506785778168,6.193740596260733
6,83,704.0841121495328,696.9158878504672,1.2678754994973431,1.2678754994973431,7.953231296132531,7.05506785778168
7,83,575.2314814814815,569.1481481481482,1.253959154920958,1.253959154920958,9.018858595419156,7.953231296132531
8,83,424.7943925233645,419.85981308411215,1.2261529308469425,1.2261529308469425,9.988970078469205,9.018858595419156
9,83,598.626168224299,591.981308411215,1.2293206677104924,1.2293206677104924,10.72513829060439,9.988970078469205
10,83,424.85981308411215,420.22429906542055,1.258041117289132,1.258041117289132,11.48754368614339,10.72513829060439
11,83,440.7383177570093,436.4299065420561,1.2418203022589673,1.2418203022589673,12.092084039119785,11.48754368614339
12,83,452.4018691588785,447.9906542056075,1.23022060785209,1.23022060785209,12.748421000557512,12.092084039119785
13,83,412.8130841121495,408.86915887850466,1.2596331727668462,1.2596331727668462,13.501331419788942,12.748421000557512
14,83,501.3333333333333,496.05555555555554,1.2994425565779564,1.2994425565779564,14.1931526288167,13.501331419788942
15,83,337.6355140186916,334.0373831775701,1.2382498742678767,1.2382498742678767,14.956788839614688,14.1931526288167
16,83,462.05607476635515,457.2897196261682,1.279868554654993,1.279868554654993,15.829313623743104,14.956788839614688
17,83,335.0934579439252,331.70093457943926,1.2347965163750603,1.2347965163750603,16.715116260578437,15.829313623743104
18,83,570.6168224299065,565.392523364486,1.2685621009743309,1.2685621009743309,18.154016273702457,16.715116260578437
19,83,322.31775700934577,319.4018691588785,1.27077809545655,1.27077809545655,19.871801050606063,18.154016273702457
20,83,550.1944444444445,546.2685185185185,1.4182462285981774,1.4182462285981774,36.47608118563621,19.871801050606063
1,84,4877.584905660377,4826.198113207547,1.5656860707969014,1.5656860707969014,3.180796486470582,0.0
2,84,3876.0467289719627,3836.1028037383176,1.4965929750947915,1.4965929750947915,4.199298262995014,3.180796486470582
3,84,1440.588785046729,1426.1028037383178,1.4093033811244198,1.4093033811244198,5.272455687869069,4.199298262995014
4,84,2626.6822429906542,2600.07476635514,1.3442379297977263,1.3442379297977263,6.193740596260733,5.272455687869069
5,84,3334.7383177570096,3301.3644859813085,1.3012187110685511,1.3012187110685511,7.05506785778168,6.193740596260733
6,84,703.0280373831775,695.5233644859813,1.2678754994973431,1.2678754994973431,7.953231296132531,7.05506785778168
7,84,573.2407407407408,567.2407407407408,1.253959154920958,1.253959154920958,9.018858595419156,7.953231296132531
8,84,422.2056074766355,417.86915887850466,1.2261529308469425,1.2261529308469425,9.988970078469205,9.018858595419156
9,84,604.6822429906542,598.2056074766355,1.2293206677104924,1.2293206677104924,10.72513829060439,9.988970078469205
10,84,428.85981308411215,424.33644859813086,1.258041117289132,1.258041117289132,11.48754368614339,10.72513829060439
11,84,436.33644859813086,432.04672897196264,1.2418203022589673,1.2418203022589673,12.092084039119785,11.48754368614339
12,84,451.4672897196262,447.31775700934577,1.23022060785209,1.23022060785209,12.748421000557512,12.092084039119785
13,84,407.2429906542056,402.8130841121495,1.2596331727668462,1.2596331727668462,13.501331419788942,12.748421000557512
14,84,506.75,502.0462962962963,1.2994425565779564,1.2994425565779564,14.1931526288167,13.501331419788942
15,84,336.6448598130841,333.1682242990654,1.2382498742678767,1.2382498742678767,14.956788839614688,14.1931526288167
16,84,463.4766355140187,459.30841121495325,1.279868554654993,1.279868554654993,15.829313623743104,14.956788839614688
17,84,336.5607476635514,333.7570093457944,1.2347965163750603,1.2347965163750603,16.715116260578437,15.829313623743104
18,84,571.0,565.2990654205607,1.2685621009743309,1.2685621009743309,18.154016273702457,16.715116260578437
19,84,322.32710280373834,319.3644859813084,1.27077809545655,1.27077809545655,19.871801050606063,18.154016273702457
20,84,550.2407407407408,546.3703703703703,1.4182462285981774,1.4182462285981774,36.47608118563621,19.871801050606063
1,85,4877.481132075472,4826.7169811320755,1.5656860707969014,1.5656860707969014,3.180796486470582,0.0
2,85,3871.5140186915887,3831.7196261682243,1.4965929750947915,1.4965929750947915,4.199298262995014,3.180796486470582
3,85,1444.0934579439252,1429.411214953271,1.4093033811244198,1.4093033811244198,5.272455687869069,4.199298262995014
4,85,2631.8971962616824,2604.8691588785045,1.3442379297977263,1.3442379297977263,6.193740596260733,5.272455687869069
5,85,3334.0093457943926,3302.4018691588785,1.3012187110685511,1.3012187110685511,7.05506785778168,6.193740596260733
6,85,703.1214953271028,695.1401869158879,1.2678754994973431,1.2678754994973431,7.953231296132531,7.05506785778168
7,85,574.2407407407408,568.4629629629629,1.253959154920958,1.253959154920958,9.018858595419156,7.953231296132531
8,85,423.49532710280374,419.4859813084112,1.2261529308469425,1.2261529308469425,9.988970078469205,9.018858595419156
9,85,600.2056074766355,593.5233644859813,1.2293206677104924,1.2293206677104924,10.72513829060439,9.988970078469205
10,85,425.196261682243,420.60747663551405,1.258041117289132,1.258041117289132,11.48754368614339,10.72513829060439
11,85,439.93457943925233,435.7289719626168,1.2418203022589673,1.2418203022589673,12.092084039119785,11.48754368614339
12,85,453.21495327102804,449.14018691588785,1.23022060785209,1.23022060785209,12.748421000557512,12.092084039119785
13,85,410.6448598130841,406.5981308411215,1.2596331727668462,1.2596331727668462,13.501331419788942,12.748421000557512
14,85,501.69444444444446,496.6759259259259,1.2994425565779564,1.2994425565779564,14.1931526288167,13.501331419788942
15,85,334.98130841121497,331.86915887850466,1.2382498742678767,1.2382498742678767,14.956788839614688,14.1931526288167
16,85,462.7943925233645,458.33644859813086,1.279868554654993,1.279868554654993,15.829313623743104,14.956788839614688
17,85,335.01869158878503,331.89719626168227,1.2347965163750603,1.2347965163750603,16.715116260578437,15.829313623743104
18,85,569.8411214953271,563.8878504672897,1.2685621009743309,1.2685621009743309,18.154016273702457,16.715116260578437
19,85,324.70093457943926,321.4018691588785,1.27077809545655,1.27077809545655,19.871801050606063,18.154016273702457
20,85,550.7962962962963,546.6388888888889,1.4182462285981774,1.4182462285981774,36.47608118563621,19.871801050606063
1,86,4870.735849056604,4819.735849056604,1.5656860707969014,1.5656860707969014,3.180796486470582,0.0
2,86,3875.9439252336447,3837.373831775701,1.4965929750947915,1.4965929750947915,4.199298262995014,3.180796486470582
3,86,1450.6448598130842,1435.6915887850466,1.4093033811244198,1.4093033811244198,5.272455687869069,4.199298262995014
4,86,2622.588785046729,2597.6822429906542,1.3442379297977263,1.3442379297977263,6.193740596260733,5.272455687869069
5,86,3332.504672897196,3300.355140186916,1.3012187110685511,1.3012187110685511,7.05506785778168,6.193740596260733
6,86,704.9158878504672,698.018691588785,1.2678754994973431,1.2678754994973431,7.953231296132531,7.05506785778168
7,86,576.1944444444445,570.6851851851852,1.253959154920958,1.253959154920958,9.018858595419156,7.953231296132531
8,86,421.76635514018693,417.5607476635514,1.2261529308469425,1.2261529308469425,9.988970078469205,9.018858595419156
9,86,603.3551401869158,597.1028037383178,1.2293206677104924,1.2293206677104924,10.72513829060439,9.988970078469205
10,86,432.69158878504675,428.2429906542056,1.258041117289132,1.258041117289132,11.48754368614339,10.72513829060439
11,86,437.4766355140187,433.1682242990654,1.2418203022589673,1.2418203022589673,12.092084039119785,11.48754368614339
12,86,454.76635514018693,450.5233644859813,1.23022060785209,1.23022060785209,12.748421000557512,12.092084039119785
13,86,409.1588785046729,405.25233644859816,1.2596331727668462,1.2596331727668462,13.501331419788942,12.748421000557512
14,86,502.1388888888889,497.10185185185185,1.2994425565779564,1.2994425565779564,14.1931526288167,13.501331419788942
15,86,338.8878504672897,335.8130841121495,1.2382498742678767,1.2382498742678767,14.956788839614688,14.1931526288167
16,86,459.0093457943925,454.5607476635514,1.279868554654993,1.279868554654993,15.829313623743104,14.956788839614688
17,86,334.77570093457945,331.5233644859813,1.2347965163750603,1.2347965163750603,16.715116260578437,15.829313623743104
18,86,567.3551401869158,562.0934579439253,1.2685621009743309,1.2685621009743309,18.154016273702457,16.715116260578437
19,86,323.7943925233645,320.7196261682243,1.27077809545655,1.27077809545655,19.871801050606063,18.154016273702457
20,86,551.425925925926,547.2870370370371,1.4182462285981774,1.4182462285981774,36.47608118563621,19.871801050606063
1,87,4876.745283018868,4824.471698113208,1.5656860707969014,1.5656860707969014,3.180796486470582,0.0
2,87,3880.9158878504672,3840.9158878504672,1.4965929750947915,1.4965929750947915,4.199298262995014,3.180796486470582
3,87,1445.4299065420562,1430.2616822429907,1.4093033811244198,1.4093033811244198,5.272455687869069,4.199298262995014
4,87,2625.4766355140187,2598.9532710280373,1.3442379297977263,1.3442379297977263,6.193740596260733,5.272455687869069
5,87,3329.11214953271,3296.644859813084,1.3012187110685511,1.3012187110685511,7.05506785778168,6.193740596260733
6,87,705.2897196261682,698.2803738317757,1.2678754994973431,1.2678754994973431,7.953231296132531,7.05506785778168
7,87,576.8425925925926,570.8796296296297,1.253959154920958,1.253959154920958,9.018858595419156,7.953231296132531
8,87,423.14018691588785,419.196261682243,1.2261529308469425,1.2261529308469425,9.988970078469205,9.018858595419156
9,87,600.3084112149533,593.9626168224299,1.2293206677104924,1.2293206677104924,10.72513829060439,9.988970078469205
10,87,425.5420560747664,421.04672897196264,1.258041117289132,1.258041117289132,11.48754368614339,10.72513829060439
11,87,438.98130841121497,434.57943925233644,1.2418203022589673,1.2418203022589673,12.092084039119785,11.48754368614339
12,87,454.4018691588785,450.1588785046729,1.23022060785209,1.23022060785209,12.748421000557512,12.092084039119785
13,87,409.5420560747664,405.4485981308411,1.2596331727668462,1.2596331727668462,13.501331419788942,12.748421000557512
14,87,504.6111111111111,499.212962962963,1.2994425565779564,1.2994425565779564,14.1931526288167,13.501331419788942
15,87,335.0841121495327,331.58878504672896,1.2382498742678767,1.2382498742678767,14.956788839614688,14.1931526288167
16,87,461.2710280373832,456.85046728971963,1.279868554654993,1.279868554654993,15.829313623743104,14.956788839614688
17,87,333.6261682242991,330.6355140186916,1.2347965163750603,1.2347965163750603,16.715116260578437,15.829313623743104
18,87,571.6728971962617,566.3457943925233,1.2685621009743309,1.2685621009743309,18.154016273702457,16.715116260578437
19,87,322.1588785046729,319.2710280373832,1.27077809545655,1.27077809545655,19.871801050606063,18.154016273702457
20,87,549.2870370370371,545.4814814814815,1.4182462285981774,1.4182462285981774,36.47608118563621,19.871801050606063
1,88,4878.7830188679245,4826.641509433963,1.5656860707969014,1.5656860707969014,3.180796486470582,0.0
2,88,3875.448598130841,3834.607476635514,1.4965929750947915,1.4965929750947915,4.199298262995014,3.180796486470582
3,88,1443.5327102803737,1428.3644859813085,1.4093033811244198,1.4093033811244198,5.272455687869069,4.199298262995014
4,88,2630.644859813084,2603.92523364486,1.3442379297977263,1.3442379297977263,6.193740596260733,5.272455687869069
5,88,3337.308411214953,3304.121495327103,1.3012187110685511,1.3012187110685511,7.05506785778168,6.193740596260733
6,88,703.8598130841121,697.0654205607476,1.2678754994973431,1.2678754994973431,7.953231296132531,7.05506785778168
7,88,572.2685185185185,566.7962962962963,1.253959154920958,1.253959154920958,9.018858595419156,7.953231296132531
8,88,424.6448598130841,420.5140186915888,1.2261529308469425,1.2261529308469425,9.988970078469205,9.018858595419156
9,88,597.7009345794393,592.0560747663551,1.2293206677104924,1.2293206677104924,10.72513829060439,9.988970078469205
10,88,431.3551401869159,427.14953271028037,1.258041117289132,1.258041117289132,11.48754368614339,10.72513829060439
11,88,436.98130841121497,432.3551401869159,1.2418203022589673,1.2418203022589673,12.092084039119785,11.48754368614339
12,88,454.0373831775701,450.10280373831773,1.23022060785209,1.23022060785209,12.748421000557512,12.092084039119785
13,88,407.2429906542056,403.42056074766356,1.2596331727668462,1.2596331727668462,13.501331419788942,12.748421000557512
14,88,501.44444444444446,497.18518518518516,1.2994425565779564,1.2994425565779564,14.1931526288167,13.501331419788942
15,88,336.8785046728972,333.2710280373832,1.2382498742678767,1.2382498742678767,14.956788839614688,14.1931526288167
16,88,459.06542056074767,454.9252336448598,1.279868554654993,1.279868554654993,15.829313623743104,14.956788839614688
17,88,337.1121495327103,334.01869158878503,1.2347965163750603,1.2347965163750603,16.715116260578437,15.829313623743104
18,88,571.0747663551402,565.8411214953271,1.2685621009743309,1.2685621009743309,18.154016273702457,16.715116260578437
19,88,323.41121495327104,320.4859813084112,1.27077809545655,1.27077809545655,19.871801050606063,18.154016273702457
20,88,547.574074074074,543.6851851851852,1.4182462285981774,1.4182462285981774,36.47608118563621,19.871801050606063
1,89,4879.433962264151,4827.7830188679245,1.5656860707969014,1.5656860707969014,3.180796486470582,0.0
2,89,3876.822429906542,3837.0654205607475,1.4965929750947915,1.4965929750947915,4.199298262995014,3.180796486470582
3,89,1443.3831775700935,1428.6261682242991,1.4093033811244198,1.4093033811244198,5.272455687869069,4.199298262995014
4,89,2627.96261682243,2601.0093457943926,1.3442379297977263,1.3442379297977263,6.193740596260733,5.272455687869069
5,89,3324.504672897196,3291.728971962617,1.3012187110685511,1.3012187110685511,7.05506785778168,6.193740596260733
6,89,705.803738317757,698.3457943925233,1.2678754994973431,1.2678754994973431,7.953231296132531,7.05506785778168
7,89,574.6018518518518,568.9814814814815,1.253959154920958,1.253959154920958,9.018858595419156,7.953231296132531
8,89,422.9065420560748,418.95327102803736,1.2261529308469425,1.2261529308469425,9.988970078469205,9.018858595419156
9,89,596.0560747663551,590.1214953271028,1.2293206677104924,1.2293206677104924,10.72513829060439,9.988970078469205
10,89,428.76635514018693,424.4018691588785,1.258041117289132,1.258041117289132,11.48754368614339,10.72513829060439
11,89,444.14953271028037,439.76635514018693,1.2418203022589673,1.2418203022589673,12.092084039119785,11.48754368614339
12,89,455.38317757009344,450.7570093457944,1.23022060785209,1.23022060785209,12.748421000557512,12.092084039119785
13,89,408.3738317757009,404.2803738317757,1.2596331727668462,1.2596331727668462,13.501331419788942,12.748421000557512
14,89,499.75,494.9259259259259,1.2994425565779564,1.2994425565779564,14.1931526288167,13.501331419788942
15,89,335.41121495327104,332.1869158878505,1.2382498742678767,1.2382498742678767,14.956788839614688,14.1931526288167
16,89,466.1121495327103,461.5981308411215,1.279868554654993,1.279868554654993,15.829313623743104,14.956788839614688
17,89,334.5233644859813,331.1214953271028,1.2347965163750603,1.2347965163750603,16.715116260578437,15.829313623743104
18,89,568.2056074766355,562.8130841121496,1.2685621009743309,1.2685621009743309,18.154016273702457,16.715116260578437
19,89,325.1121495327103,321.9252336448598,1.27077809545655,1.27077809545655,19.871801050606063,18.154016273702457
20,89,552.1574074074074,547.7037037037037,1.4182462285981774,1.4182462285981774,36.47608118563621,19.871801050606063
1,90,4875.2169811320755,4825.396226415094,1.5656860707969014,1.5656860707969014,3.180796486470582,0.0
2,90,3881.9532710280373,3840.0934579439254,1.4965929750947915,1.4965929750947915,4.199298262995014,3.180796486470582
3,90,1448.9906542056074,1433.5140186915887,1.4093033811244198,1.4093033811244198,5.272455687869069,4.199298262995014
4,90,2632.177570093458,2605.0934579439254,1.3442379297977263,1.3442379297977263,6.193740596260733,5.272455687869069
5,90,3320.8598130841124,3288.429906542056,1.3012187110685511,1.3012187110685511,7.05506785778168,6.193740596260733
6,90,705.0934579439253,697.8971962616822,1.2678754994973431,1.2678754994973431,7.953231296132531,7.05506785778168
7,90,577.3425925925926,571.7407407407408,1.253959154920958,1.253959154920958,9.018858595419156,7.953231296132531
8,90,423.0934579439252,418.85981308411215,1.2261529308469425,1.2261529308469425,9.988970078469205,9.018858595419156
9,90,595.5140186915888,589.5420560747664,1.2293206677104924,1.2293206677104924,10.72513829060439,9.988970078469205
10,90,426.66355140186914,422.42056074766356,1.258041117289132,1.258041117289132,11.48754368614339,10.72513829060439
11,90,437.42056074766356,433.2897196261682,1.2418203022589673,1.2418203022589673,12.092084039119785,11.48754368614339
12,90,452.58878504672896,448.0093457943925,1.23022060785209,1.23022060785209,12.748421000557512,12.092084039119785
13,90,410.78504672897196,406.67289719626166,1.2596331727668462,1.2596331727668462,13.501331419788942,12.748421000557512
14,90,501.10185185185185,496.0833333333333,1.2994425565779564,1.2994425565779564,14.1931526288167,13.501331419788942
15,90,338.68224299065423,335.31775700934577,1.2382498742678767,1.2382498742678767,14.956788839614688,14.1931526288167
16,90,463.9906542056075,459.3457943925234,1.279868554654993,1.279868554654993,15.829313623743104,14.956788839614688
17,90,335.78504672897196,332.41121495327104,1.2347965163750603,1.2347965163750603,16.715116260578437,15.829313623743104
18,90,569.9626168224299,564.6728971962617,1.2685621009743309,1.2685621009743309,18.154016273702457,16.715116260578437
19,90,318.4018691588785,315.57943925233644,1.27077809545655,1.27077809545655,19.871801050606063,18.154016273702457
20,90,552.8148148148148,548.5555555555555,1.4182462285981774,1.4182462285981774,36.47608118563621,19.871801050606063
1,91,4867.490566037736,4816.915094339623,1.5656860707969014,1.5656860707969014,3.180796486470582,0.0
2,91,3881.3177570093458,3841.5140186915887,1.4965929750947915,1.4965929750947915,4.199298262995014,3.180796486470582
3,91,1453.8317757009345,1438.2803738317757,1.4093033811244198,1.4093033811244198,5.272455687869069,4.199298262995014
4,91,2619.07476635514,2593.158878504673,1.3442379297977263,1.3442379297977263,6.193740596260733,5.272455687869069
5,91,3341.1495327102803,3308.1308411214955,1.3012187110685511,1.3012187110685511,7.05506785778168,6.193740596260733
6,91,704.4766355140187,697.6822429906542,1.2678754994973431,1.2678754994973431,7.953231296132531,7.05506785778168
7,91,575.9351851851852,569.6203703703703,1.253959154920958,1.253959154920958,9.018858595419156,7.953231296132531
8,91,421.78504672897196,417.8317757009346,1.2261529308469425,1.2261529308469425,9.988970078469205,9.018858595419156
9,91,597.8317757009346,591.2336448598131,1.2293206677104924,1.2293206677104924,10.72513829060439,9.988970078469205
10,91,428.3644859813084,423.95327102803736,1.258041117289132,1.258041117289132,11.48754368614339,10.72513829060439
11,91,437.7289719626168,433.25233644859816,1.2418203022589673,1.2418203022589673,12.092084039119785,11.48754368614339
12,91,455.10280373831773,450.97196261682245,1.23022060785209,1.23022060785209,12.748421000557512,12.092084039119785
13,91,413.7196261682243,409.5981308411215,1.2596331727668462,1.2596331727668462,13.501331419788942,12.748421000557512
14,91,502.1759259259259,497.50925925925924,1.2994425565779564,1.2994425565779564,14.1931526288167,13.501331419788942
15,91,336.60747663551405,333.25233644859816,1.2382498742678767,1.2382498742678767,14.956788839614688,14.1931526288167
16,91,458.8411214953271,453.95327102803736,1.279868554654993,1.279868554654993,15.829313623743104,14.956788839614688
17,91,335.8785046728972,333.02803738317755,1.2347965163750603,1.2347965163750603,16.715116260578437,15.829313623743104
18,91,570.1775700934579,564.6635514018692,1.2685621009743309,1.2685621009743309,18.154016273702457,16.715116260578437
19,91,322.2803738317757,319.41121495327104,1.27077809545655,1.27077809545655,19.871801050606063,18.154016273702457
20,91,545.2407407407408,540.9722222222222,1.4182462285981774,1.4182462285981774,36.47608118563621,19.871801050606063
1,92,4861.8490566037735,4810.830188679245,1.5656860707969014,1.5656860707969014,3.180796486470582,0.0
2,92,3880.1869158878503,3840.6168224299067,1.4965929750947915,1.4965929750947915,4.199298262995014,3.180796486470582
3,92,1449.2056074766356,1434.271028037383,1.4093033811244198,1.4093033811244198,5.272455687869069,4.199298262995014
4,92,2621.3271028037384,2594.7383177570096,1.3442379297977263,1.3442379297977263,6.193740596260733,5.272455687869069
5,92,3341.1308411214955,3307.663551401869,1.3012187110685511,1.3012187110685511,7.05506785778168,6.193740596260733
6,92,711.0093457943925,703.9626168224299,1.2678754994973431,1.2678754994973431,7.953231296132531,7.05506785778168
7,92,573.2314814814815,567.2407407407408,1.253959154920958,1.253959154920958,9.018858595419156,7.953231296132531
8,92,422.9626168224299,418.5233644859813,1.2261529308469425,1.2261529308469425,9.988970078469205,9.018858595419156
9,92,596.7570093457944,590.6728971962617,1.2293206677104924,1.2293206677104924,10.72513829060439,9.988970078469205
10,92,431.61682242990656,427.4392523364486,1.258041117289132,1.258041117289132,11.48754368614339,10.72513829060439
11,92,436.57943925233644,432.0373831775701,1.2418203022589673,1.2418203022589673,12.092084039119785,11.48754368614339
12,92,455.8878504672897,451.4485981308411,1.23022060785209,1.23022060785209,12.748421000557512,12.092084039119785
13,92,407.7570093457944,403.6448598130841,1.2596331727668462,1.2596331727668462,13.501331419788942,12.748421000557512
14,92,501.50925925925924,496.6574074074074,1.2994425565779564,1.2994425565779564,14.1931526288167,13.501331419788942
15,92,337.33644859813086,333.85046728971963,1.2382498742678767,1.2382498742678767,14.956788839614688,14.1931526288167
16,92,463.13084112149534,459.06542056074767,1.279868554654993,1.279868554654993,15.829313623743104,14.956788839614688
17,92,334.5140186915888,331.10280373831773,1.2347965163750603,1.2347965163750603,16.715116260578437,15.829313623743104
18,92,570.1401869158879,565.0373831775701,1.2685621009743309,1.2685621009743309,18.154016273702457,16.715116260578437
19,92,324.49532710280374,321.50467289719626,1.27077809545655,1.27077809545655,19.871801050606063,18.154016273702457
20,92,548.925925925926,544.5370370370371,1.4182462285981774,1.4182462285981774,36.47608118563621,19.871801050606063
1,93,4888.688679245283,4836.433962264151,1.5656860707969014,1.5656860707969014,3.180796486470582,0.0
2,93,3871.822429906542,3831.607476635514,1.4965929750947915,1.4965929750947915,4.199298262995014,3.180796486470582
3,93,1444.2056074766356,1429.7009345794393,1.4093033811244198,1.4093033811244198,5.272455687869069,4.199298262995014
4,93,2612.9906542056074,2587.3271028037384,1.3442379297977263,1.3442379297977263,6.193740596260733,5.272455687869069
5,93,3330.504672897196,3297.158878504673,1.3012187110685511,1.3012187110685511,7.05506785778168,6.193740596260733
6,93,709.5981308411215,702.3551401869158,1.2678754994973431,1.2678754994973431,7.953231296132531,7.05506785778168
7,93,575.3055555555555,569.8425925925926,1.253959154920958,1.253959154920958,9.018858595419156,7.953231296132531
8,93,423.33644859813086,419.2056074766355,1.2261529308469425,1.2261529308469425,9.988970078469205,9.018858595419156
9,93,600.4299065420561,594.0467289719626,1.2293206677104924,1.2293206677104924,10.72513829060439,9.988970078469205
10,93,425.41121495327104,421.5140186915888,1.258041117289132,1.258041117289132,11.48754368614339,10.72513829060439
11,93,439.77570093457945,435.25233644859816,1.2418203022589673,1.2418203022589673,12.092084039119785,11.48754368614339
12,93,452.86915887850466,448.196261682243,1.23022060785209,1.23022060785209,12.748421000557512,12.092084039119785
13,93,409.4766355140187,405.74766355140184,1.2596331727668462,1.2596331727668462,13.501331419788942,12.748421000557512
14,93,505.1111111111111,500.26851851851853,1.2994425565779564,1.2994425565779564,14.1931526288167,13.501331419788942
15,93,336.803738317757,333.4392523364486,1.2382498742678767,1.2382498742678767,14.956788839614688,14.1931526288167
16,93,465.14018691588785,460.9065420560748,1.279868554654993,1.279868554654993,15.829313623743104,14.956788839614688
17,93,335.7383177570093,332.57943925233644,1.2347965163750603,1.2347965163750603,16.715116260578437,15.829313623743104
18,93,569.3084112149533,564.0373831775701,1.2685621009743309,1.2685621009743309,18.154016273702457,16.715116260578437
19,93,321.4766355140187,318.4859813084112,1.27077809545655,1.27077809545655,19.871801050606063,18.154016273702457
20,93,551.9814814814815,547.7407407407408,1.4182462285981774,1.4182462285981774,36.47608118563621,19.871801050606063
1,94,4889.66037735849,4836.811320754717,1.5656860707969014,1.5656860707969014,3.180796486470582,0.0
2,94,3868.392523364486,3827.96261682243,1.4965929750947915,1.4965929750947915,4.199298262995014,3.180796486470582
3,94,1445.3271028037384,1430.018691588785,1.4093033811244198,1.4093033811244198,5.272455687869069,4.199298262995014
4,94,2625.822429906542,2599.8317757009345,1.3442379297977263,1.3442379297977263,6.193740596260733,5.272455687869069
5,94,3333.570093457944,3300.0,1.3012187110685511,1.3012187110685511,7.05506785778168,6.193740596260733
6,94,702.6168224299065,695.4018691588785,1.2678754994973431,1.2678754994973431,7.953231296132531,7.05506785778168
7,94,571.6388888888889,565.8888888888889,1.253959154920958,1.253959154920958,9.018858595419156,7.953231296132531
8,94,423.1682242990654,419.13084112149534,1.2261529308469425,1.2261529308469425,9.988970078469205,9.018858595419156
9,94,599.6355140186915,593.7009345794393,1.2293206677104924,1.2293206677104924,10.72513829060439,9.988970078469205
10,94,425.5514018691589,421.1214953271028,1.258041117289132,1.258041117289132,11.48754368614339,10.72513829060439
11,94,439.2803738317757,435.04672897196264,1.2418203022589673,1.2418203022589673,12.092084039119785,11.48754368614339
12,94,453.5514018691589,448.9252336448598,1.23022060785209,1.23022060785209,12.748421000557512,12.092084039119785
13,94,410.5514018691589,406.42056074766356,1.2596331727668462,1.2596331727668462,13.501331419788942,12.748421000557512
14,94,499.8611111111111,494.99074074074076,1.2994425565779564,1.2994425565779564,14.1931526288167,13.501331419788942
15,94,336.1869158878505,333.02803738317755,1.2382498742678767,1.2382498742678767,14.956788839614688,14.1931526288167
16,94,466.33644859813086,461.9252336448598,1.279868554654993,1.279868554654993,15.829313623743104,14.956788839614688
17,94,335.5327102803738,332.41121495327104,1.2347965163750603,1.2347965163750603,16.715116260578437,15.829313623743104
18,94,571.0654205607476,565.8317757009346,1.2685621009743309,1.2685621009743309,18.154016273702457,16.715116260578437
19,94,320.0093457943925,317.0841121495327,1.27077809545655,1.27077809545655,19.871801050606063,18.154016273702457
20,94,551.8518518518518,547.7037037037037,1.4182462285981774,1.4182462285981774,36.47608118563621,19.871801050606063
1,95,4875.075471698113,4823.575471698113,1.5656860707969014,1.5656860707969014,3.180796486470582,0.0
2,95,3866.691588785047,3826.0093457943926,1.4965929750947915,1.4965929750947915,4.199298262995014,3.180796486470582
3,95,1447.8785046728972,1432.8411214953271,1.4093033811244198,1.4093033811244198,5.272455687869069,4.199298262995014
4,95,2624.355140186916,2598.691588785047,1.3442379297977263,1.3442379297977263,6.193740596260733,5.272455687869069
5,95,3328.7943925233644,3295.4766355140187,1.3012187110685511,1.3012187110685511,7.05506785778168,6.193740596260733
6,95,707.5233644859813,700.5607476635514,1.2678754994973431,1.2678754994973431,7.953231296132531,7.05506785778168
7,95,575.675925925926,569.925925925926,1.253959154920958,1.253959154920958,9.018858595419156,7.953231296132531
8,95,423.14953271028037,419.13084112149534,1.2261529308469425,1.2261529308469425,9.988970078469205,9.018858595419156
9,95,603.7850467289719,597.5514018691589,1.2293206677104924,1.2293206677104924,10.72513829060439,9.988970078469205
10,95,426.95327102803736,422.803738317757,1.258041117289132,1.258041117289132,11.48754368614339,10.72513829060439
11,95,438.5327102803738,433.94392523364485,1.2418203022589673,1.2418203022589673,12.092084039119785,11.48754368614339
12,95,455.7383177570093,451.4299065420561,1.23022060785209,1.23022060785209,12.748421000557512,12.092084039119785
13,95,407.22429906542055,402.86915887850466,1.2596331727668462,1.2596331727668462,13.501331419788942,12.748421000557512
14,95,501.74074074074076,497.037037037037,1.2994425565779564,1.2994425565779564,14.1931526288167,13.501331419788942
15,95,339.10280373831773,335.98130841121497,1.2382498742678767,1.2382498742678767,14.956788839614688,14.1931526288167
16,95,462.78504672897196,458.39252336448595,1.279868554654993,1.279868554654993,15.829313623743104,14.956788839614688
17,95,334.14018691588785,330.8878504672897,1.2347965163750603,1.2347965163750603,16.715116260578437,15.829313623743104
18,95,572.0280373831775,566.8878504672897,1.2685621009743309,1.2685621009743309,18.154016273702457,16.715116260578437
19,95,325.22429906542055,322.2056074766355,1.27077809545655,1.27077809545655,19.871801050606063,18.154016273702457
20,95,552.5092592592592,549.0277777777778,1.4182462285981774,1.4182462285981774,36.47608118563621,19.871801050606063
1,96,4867.971698113208,4817.641509433963,1.5656860707969014,1.5656860707969014,3.180796486470582,0.0
2,96,3875.4392523364486,3834.9906542056074,1.4965929750947915,1.4965929750947915,4.199298262995014,3.180796486470582
3,96,1443.4859813084113,1428.018691588785,1.4093033811244198,1.4093033811244198,5.272455687869069,4.199298262995014
4,96,2621.2242990654204,2595.8691588785045,1.3442379297977263,1.3442379297977263,6.193740596260733,5.272455687869069
5,96,3324.345794392523,3291.5981308411215,1.3012187110685511,1.3012187110685511,7.05506785778168,6.193740596260733
6,96,709.4205607476636,701.8691588785047,1.2678754994973431,1.2678754994973431,7.953231296132531,7.05506785778168
7,96,572.8981481481482,566.4722222222222,1.253959154920958,1.253959154920958,9.018858595419156,7.953231296132531
8,96,425.9906542056075,421.9906542056075,1.2261529308469425,1.2261529308469425,9.988970078469205,9.018858595419156
9,96,600.0654205607476,593.5607476635514,1.2293206677104924,1.2293206677104924,10.72513829060439,9.988970078469205
10,96,428.31775700934577,423.803738317757,1.258041117289132,1.258041117289132,11.48754368614339,10.72513829060439
11,96,438.7570093457944,434.7943925233645,1.2418203022589673,1.2418203022589673,12.092084039119785,11.48754368614339
12,96,451.69158878504675,447.3644859813084,1.23022060785209,1.23022060785209,12.748421000557512,12.092084039119785
13,96,412.6542056074766,408.7289719626168,1.2596331727668462,1.2596331727668462,13.501331419788942,12.748421000557512
14,96,506.9166666666667,502.23148148148147,1.2994425565779564,1.2994425565779564,14.1931526288167,13.501331419788942
15,96,336.8224299065421,333.8411214953271,1.2382498742678767,1.2382498742678767,14.956788839614688,14.1931526288167
16,96,467.42056074766356,463.13084112149534,1.279868554654993,1.279868554654993,15.829313623743104,14.956788839614688
17,96,335.05607476635515,331.89719626168227,1.2347965163750603,1.2347965163750603,16.715116260578437,15.829313623743104
18,96,572.4579439252336,566.8785046728972,1.2685621009743309,1.2685621009743309,18.154016273702457,16.715116260578437
19,96,322.9906542056075,319.9252336448598,1.27077809545655,1.27077809545655,19.871801050606063,18.154016273702457
20,96,555.8796296296297,552.1851851851852,1.4182462285981774,1.4182462285981774,36.47608118563621,19.871801050606063
1,97,4871.726415094339,4820.443396226415,1.5656860707969014,1.5656860707969014,3.180796486470582,0.0
2,97,3870.214953271028,3831.158878504673,1.4965929750947915,1.4965929750947915,4.199298262995014,3.180796486470582
3,97,1445.5046728971963,1430.943925233645,1.4093033811244198,1.4093033811244198,5.272455687869069,4.199298262995014
4,97,2622.8971962616824,2595.8317757009345,1.3442379297977263,1.3442379297977263,6.193740596260733,5.272455687869069
5,97,3335.6355140186915,3302.570093457944,1.3012187110685511,1.3012187110685511,7.05506785778168,6.193740596260733
6,97,706.4859813084112,699.1588785046729,1.2678754994973431,1.2678754994973431,7.953231296132531,7.05506785778168
7,97,573.574074074074,567.2129629629629,1.253959154920958,1.253959154920958,9.018858595419156,7.953231296132531
8,97,425.4579439252336,421.3644859813084,1.2261529308469425,1.2261529308469425,9.988970078469205,9.018858595419156
9,97,597.981308411215,591.9906542056075,1.2293206677104924,1.2293206677104924,10.72513829060439,9.988970078469205
10,97,427.196261682243,422.68224299065423,1.258041117289132,1.258041117289132,11.48754368614339,10.72513829060439
11,97,440.3457943925234,436.0747663551402,1.2418203022589673,1.2418203022589673,12.092084039119785,11.48754368614339
12,97,452.61682242990656,448.7570093457944,1.23022060785209,1.23022060785209,12.748421000557512,12.092084039119785
13,97,410.3644859813084,406.4018691588785,1.2596331727668462,1.2596331727668462,13.501331419788942,12.748421000557512
14,97,502.962962962963,497.75,1.2994425565779564,1.2994425565779564,14.1931526288167,13.501331419788942
15,97,336.14018691588785,332.68224299065423,1.2382498742678767,1.2382498742678767,14.956788839614688,14.1931526288167
16,97,465.2616822429907,460.9252336448598,1.279868554654993,1.279868554654993,15.829313623743104,14.956788839614688
17,97,336.803738317757,333.2803738317757,1.2347965163750603,1.2347965163750603,16.715116260578437,15.829313623743104
18,97,572.7570093457944,567.0747663551402,1.2685621009743309,1.2685621009743309,18.154016273702457,16.715116260578437
19,97,322.38317757009344,319.5420560747664,1.27077809545655,1.27077809545655,19.871801050606063,18.154016273702457
20,97,552.9907407407408,548.7870370370371,1.4182462285981774,1.4182462285981774,36.47608118563621,19.871801050606063
1,98,4883.792452830188,4831.1509433962265,1.5656860707969014,1.5656860707969014,3.180796486470582,0.0
2,98,3871.3644859813085,3831.654205607477,1.4965929750947915,1.4965929750947915,4.199298262995014,3.180796486470582
3,98,1446.6822429906542,1431.03738317757,1.4093033811244198,1.4093033811244198,5.272455687869069,4.199298262995014
4,98,2625.663551401869,2598.7102803738317,1.3442379297977263,1.3442379297977263,6.193740596260733,5.272455687869069
5,98,3329.158878504673,3297.03738317757,1.3012187110685511,1.3012187110685511,7.05506785778168,6.193740596260733
6,98,708.5046728971963,701.392523364486,1.2678754994973431,1.2678754994973431,7.953231296132531,7.05506785778168
7,98,575.9537037037037,570.175925925926,1.253959154920958,1.253959154920958,9.018858595419156,7.953231296132531
8,98,424.2803738317757,420.3551401869159,1.2261529308469425,1.2261529308469425,9.988970078469205,9.018858595419156
9,98,597.2336448598131,590.5981308411215,1.2293206677104924,1.2293206677104924,10.72513829060439,9.988970078469205
10,98,423.21495327102804,419.1121495327103,1.258041117289132,1.258041117289132,11.48754368614339,10.72513829060439
11,98,436.4859813084112,432.32710280373834,1.2418203022589673,1.2418203022589673,12.092084039119785,11.48754368614339
12,98,453.8224299065421,449.6261682242991,1.23022060785209,1.23022060785209,12.748421000557512,12.092084039119785
13,98,413.78504672897196,409.5700934579439,1.2596331727668462,1.2596331727668462,13.501331419788942,12.748421000557512
14,98,499.73148148148147,494.50925925925924,1.2994425565779564,1.2994425565779564,14.1931526288167,13.501331419788942
15,98,338.1869158878505,334.8317757009346,1.2382498742678767,1.2382498742678767,14.956788839614688,14.1931526288167
16,98,460.4672897196262,456.196261682243,1.279868554654993,1.279868554654993,15.829313623743104,14.956788839614688
17,98,337.04672897196264,333.49532710280374,1.2347965163750603,1.2347965163750603,16.715116260578437,15.829313623743104
18,98,572.6822429906542,567.1869158878504,1.2685621009743309,1.2685621009743309,18.154016273702457,16.715116260578437
19,98,319.6355140186916,316.74766355140184,1.27077809545655,1.27077809545655,19.871801050606063,18.154016273702457
20,98,551.2222222222222,547.1851851851852,1.4182462285981774,1.4182462285981774,36.47608118563621,19.871801050606063
1,99,4875.547169811321,4823.754716981132,1.5656860707969014,1.5656860707969014,3.180796486470582,0.0
2,99,3879.551401869159,3839.196261682243,1.4965929750947915,1.4965929750947915,4.199298262995014,3.180796486470582
3,99,1442.3738317757009,1428.177570093458,1.4093033811244198,1.4093033811244198,5.272455687869069,4.199298262995014
4,99,2621.0467289719627,2595.2242990654204,1.3442379297977263,1.3442379297977263,6.193740596260733,5.272455687869069
5,99,3336.654205607477,3304.0,1.3012187110685511,1.3012187110685511,7.05506785778168,6.193740596260733
6,99,706.5514018691589,699.196261682243,1.2678754994973431,1.2678754994973431,7.953231296132531,7.05506785778168
7,99,577.0185185185185,570.9722222222222,1.253959154920958,1.253959154920958,9.018858595419156,7.953231296132531
8,99,427.67289719626166,423.5700934579439,1.2261529308469425,1.2261529308469425,9.988970078469205,9.018858595419156
9,99,593.8691588785047,587.2803738317757,1.2293206677104924,1.2293206677104924,10.72513829060439,9.988970078469205
10,99,427.6261682242991,422.9158878504673,1.258041117289132,1.258041117289132,11.48754368614339,10.72513829060439
11,99,440.8224299065421,436.32710280373834,1.2418203022589673,1.2418203022589673,12.092084039119785,11.48754368614339
12,99,455.1588785046729,450.9065420560748,1.23022060785209,1.23022060785209,12.748421000557512,12.092084039119785
13,99,408.49532710280374,404.5420560747664,1.2596331727668462,1.2596331727668462,13.501331419788942,12.748421000557512
14,99,503.77777777777777,499.35185185185185,1.2994425565779564,1.2994425565779564,14.1931526288167,13.501331419788942
15,99,332.7943925233645,329.7102803738318,1.2382498742678767,1.2382498742678767,14.956788839614688,14.1931526288167
16,99,463.38317757009344,458.8411214953271,1.279868554654993,1.279868554654993,15.829313623743104,14.956788839614688
17,99,333.8317757009346,330.5420560747664,1.2347965163750603,1.2347965163750603,16.715116260578437,15.829313623743104
18,99,568.7383177570093,563.3644859813085,1.2685621009743309,1.2685621009743309,18.154016273702457,16.715116260578437
19,99,322.4018691588785,318.9158878504673,1.27077809545655,1.27077809545655,19.871801050606063,18.154016273702457
20,99,552.1018518518518,547.9444444444445,1.4182462285981774,1.4182462285981774,36.47608118563621,19.871801050606063
1,100,4880.801886792453,4829.433962264151,1.5656860707969014,1.5656860707969014,3.180796486470582,0.0
2,100,3874.2429906542056,3835.3177570093458,1.4965929750947915,1.4965929750947915,4.199298262995014,3.180796486470582
3,100,1443.5140186915887,1428.0280373831777,1.4093033811244198,1.4093033811244198,5.272455687869069,4.199298262995014
4,100,2631.1869158878503,2605.0093457943926,1.3442379297977263,1.3442379297977263,6.193740596260733,5.272455687869069
5,100,3331.2429906542056,3298.07476635514,1.3012187110685511,1.3012187110685511,7.05506785778168,6.193740596260733
6,100,705.1588785046729,697.6915887850467,1.2678754994973431,1.2678754994973431,7.953231296132531,7.05506785778168
7,100,575.3796296296297,569.8425925925926,1.253959154920958,1.253959154920958,9.018858595419156,7.953231296132531
8,100,421.9158878504673,417.9906542056075,1.2261529308469425,1.2261529308469425,9.988970078469205,9.018858595419156
9,100,591.6728971962617,586.1028037383178,1.2293206677104924,1.2293206677104924,10.72513829060439,9.988970078469205
10,100,428.4579439252336,424.69158878504675,1.258041117289132,1.258041117289132,11.48754368614339,10.72513829060439
11,100,438.4766355140187,434.32710280373834,1.2418203022589673,1.2418203022589673,12.092084039119785,11.48754368614339
12,100,454.7102803738318,450.2429906542056,1.23022060785209,1.23022060785209,12.748421000557512,12.092084039119785
13,100,411.22429906542055,406.7570093457944,1.2596331727668462,1.2596331727668462,13.501331419788942,12.748421000557512
14,100,502.0462962962963,497.6111111111111,1.2994425565779564,1.2994425565779564,14.1931526288167,13.501331419788942
15,100,333.9252336448598,330.8224299065421,1.2382498742678767,1.2382498742678767,14.956788839614688,14.1931526288167
16,100,461.38317757009344,456.9065420560748,1.279868554654993,1.279868554654993,15.829313623743104,14.956788839614688
17,100,334.78504672897196,331.86915887850466,1.2347965163750603,1.2347965163750603,16.715116260578437,15.829313623743104
18,100,572.626168224299,567.4579439252336,1.2685621009743309,1.2685621009743309,18.154016273702457,16.715116260578437
19,100,324.0934579439252,321.196261682243,1.27077809545655,1.27077809545655,19.871801050606063,18.154016273702457
20,100,551.8055555555555,547.824074074074,1.4182462285981774,1.4182462285981774,36.47608118563621,19.871801050606063
