ventile_id,simulation_id,real_rb_mean,real_ra_mean,res_b_mean,res_a_mean,dist_ij_maximum,dist_ij_minimum
1,1,18832.957659714655,18965.21545053076,1632.398148148148,1633.8425925925926,3.2207496030095855,0.0
2,1,16805.82127176181,16930.432004546776,1667.9444444444443,1669.0092592592594,4.209577041627323,3.2207496030095855
3,1,16869.457172448558,16994.461116486844,1429.4259259259259,1430.0833333333333,5.273829034979965,4.209577041627323
4,1,15366.533633015018,15492.214859072445,1410.5833333333333,1412.4907407407406,6.2193607634696795,5.273829034979965
5,1,16612.43779013326,16726.040468459872,1238.5555555555557,1238.4537037037037,7.099010562158709,6.2193607634696795
6,1,16274.05696941012,16390.362503930595,1185.8148148148148,1185.6759259259259,8.009865765886136,7.099010562158709
7,1,15701.697902948888,15814.679177318505,1215.1296296296296,1215.6851851851852,9.067303845096996,8.009865765886136
8,1,15835.848041789528,15930.141041227367,1076.212962962963,1076.1296296296296,10.04996750303151,9.067303845096996
9,1,15220.878534805483,15332.727639622206,1077.8333333333333,1077.962962962963,10.757118479298125,10.04996750303151
10,1,14985.403246099253,15039.676089103841,1101.962962962963,1100.9259259259259,11.497848880095894,10.757118479298125
11,1,14444.592182408274,14534.131832346566,1026.5925925925926,1026.6666666666667,12.109091001333718,11.497848880095894
12,1,13879.35760031587,13952.135352276822,1128.861111111111,1128.1944444444443,12.807556292781596,12.109091001333718
13,1,14230.093556181619,14297.773678063686,983.2870370370371,982.4444444444445,13.534002919449897,12.807556292781596
14,1,14920.25970057325,14999.784280710423,935.9722222222222,935.6574074074074,14.213223355492133,13.534002919449897
15,1,13903.61395295322,13965.017871922404,906.675925925926,906.1388888888889,14.990022927080933,14.213223355492133
16,1,14271.08892251742,14340.478069066028,858.8518518518518,859.2314814814815,15.857134762354208,14.990022927080933
17,1,13918.199424659888,13981.595218060405,851.4444444444445,850.6574074074074,16.73930680095249,15.857134762354208
18,1,12619.484048488186,12676.500837095038,1016.5092592592592,1016.4907407407408,18.185193908963573,16.73930680095249
19,1,11496.122352585639,11556.42413841916,921.0555555555555,920.9907407407408,20.03230371924933,18.185193908963573
20,1,8332.525847134833,8382.203668424214,1380.3055555555557,1378.6851851851852,36.47608118563621,20.03230371924933
1,2,19297.748711698256,19446.601755315547,1629.4537037037037,1630.2962962962963,3.2207496030095855,0.0
2,2,16719.14343361347,16836.999175943238,1660.9074074074074,1662.398148148148,4.209577041627323,3.2207496030095855
3,2,17230.233863397414,17367.086418365565,1435.9444444444443,1436.7037037037037,5.273829034979965,4.209577041627323
4,2,15453.563886049054,15574.710872004533,1411.1203703703704,1411.3796296296296,6.2193607634696795,5.273829034979965
5,2,16522.341371806102,16643.244088891017,1228.1574074074074,1228.9722222222222,7.099010562158709,6.2193607634696795
6,2,16444.282685172497,16560.420430537193,1193.898148148148,1194.0648148148148,8.009865765886136,7.099010562158709
7,2,15853.899401696066,15942.594647835731,1221.7407407407406,1221.4351851851852,9.067303845096996,8.009865765886136
8,2,15753.02243893847,15806.8919828459,1077.648148148148,1077.1574074074074,10.04996750303151,9.067303845096996
9,2,15268.222372753462,15364.968122024122,1078.5,1079.0833333333333,10.757118479298125,10.04996750303151
10,2,14828.481540872473,14918.725861821797,1099.287037037037,1098.4259259259259,11.497848880095894,10.757118479298125
11,2,14318.064952713614,14385.565511402358,1029.611111111111,1029.1666666666667,12.109091001333718,11.497848880095894
12,2,14172.360513387011,14246.49419928727,1130.1296296296296,1129.9907407407406,12.807556292781596,12.109091001333718
13,2,14188.79424422785,14270.866226567154,980.6203703703703,980.5185185185185,13.534002919449897,12.807556292781596
14,2,15501.485496705249,15580.614633353309,936.8703703703703,936.8981481481482,14.213223355492133,13.534002919449897
15,2,13883.947813934137,13951.795155349913,903.9351851851852,903.5555555555555,14.990022927080933,14.213223355492133
16,2,14135.201438834903,14198.821503713227,859.9351851851852,859.1296296296297,15.857134762354208,14.990022927080933
17,2,13962.624699605012,14033.536882003964,851.0925925925926,850.7407407407408,16.73930680095249,15.857134762354208
18,2,12777.841188610457,12871.758105039991,1015.925925925926,1015.8703703703703,18.185193908963573,16.73930680095249
19,2,11497.469549932763,11559.69852662652,922.2685185185185,922.1203703703703,20.03230371924933,18.185193908963573
20,2,7960.683017150788,7991.10796135963,1378.3703703703704,1377.5092592592594,36.47608118563621,20.03230371924933
1,3,18784.499246089388,19065.882867629924,1626.7777777777778,1627.5648148148148,3.2207496030095855,0.0
2,3,16838.150800615753,16975.694723874258,1672.5185185185185,1674.2777777777778,4.209577041627323,3.2207496030095855
3,3,17211.946283826965,17337.30791173843,1434.7407407407406,1434.351851851852,5.273829034979965,4.209577041627323
4,3,15565.664042300727,15658.994475299676,1409.0925925925926,1408.5925925925926,6.2193607634696795,5.273829034979965
5,3,16413.09997111908,16529.96672392641,1232.2962962962963,1232.9351851851852,7.099010562158709,6.2193607634696795
6,3,16357.591484979634,16451.54716200555,1192.6851851851852,1192.787037037037,8.009865765886136,7.099010562158709
7,3,15699.006801934915,15781.28239754663,1217.3055555555557,1217.0462962962963,9.067303845096996,8.009865765886136
8,3,15600.4105094351,15691.788746067023,1077.898148148148,1078.3055555555557,10.04996750303151,9.067303845096996
9,3,15421.928389368337,15499.474588921528,1077.8055555555557,1077.4907407407406,10.757118479298125,10.04996750303151
10,3,14978.353671779963,15074.819280443948,1103.9259259259259,1103.648148148148,11.497848880095894,10.757118479298125
11,3,14473.775063320347,14547.934738979466,1030.0,1029.9537037037037,12.109091001333718,11.497848880095894
12,3,13768.365811462934,13842.152469140894,1124.351851851852,1124.361111111111,12.807556292781596,12.109091001333718
13,3,14136.014395243501,14221.970538846554,976.0555555555555,976.75,13.534002919449897,12.807556292781596
14,3,16158.1989076482,16247.6656153025,938.0555555555555,937.6944444444445,14.213223355492133,13.534002919449897
15,3,13926.76265920023,14000.75006573687,906.7314814814815,906.8796296296297,14.990022927080933,14.213223355492133
16,3,14355.362947496875,14424.411274415967,863.9074074074074,863.4814814814815,15.857134762354208,14.990022927080933
17,3,13975.634123506563,14054.64913918766,854.1296296296297,853.7037037037037,16.73930680095249,15.857134762354208
18,3,12744.072639709642,12794.55820901942,1017.8611111111111,1016.7037037037037,18.185193908963573,16.73930680095249
19,3,11464.577440080862,11523.929267390937,918.7962962962963,918.7129629629629,20.03230371924933,18.185193908963573
20,3,8155.1168736730015,8221.204338192483,1370.4814814814815,1370.1759259259259,36.47608118563621,20.03230371924933
1,4,19218.661697582604,19393.595920453914,1630.537037037037,1631.361111111111,3.2207496030095855,0.0
2,4,16788.783843632773,16904.00417515143,1674.4259259259259,1674.6296296296296,4.209577041627323,3.2207496030095855
3,4,17428.160535190014,17562.939812508397,1433.6851851851852,1434.0,5.273829034979965,4.209577041627323
4,4,15464.821471792284,15577.571799571337,1416.2962962962963,1416.851851851852,6.2193607634696795,5.273829034979965
5,4,16440.850585845874,16556.543169259254,1229.9814814814815,1230.287037037037,7.099010562158709,6.2193607634696795
6,4,16258.450500712244,16361.158219525705,1190.6944444444443,1191.1296296296296,8.009865765886136,7.099010562158709
7,4,15755.624652474029,15848.814457781855,1224.361111111111,1224.712962962963,9.067303845096996,8.009865765886136
8,4,15788.292035764558,15875.631650792344,1084.138888888889,1084.388888888889,10.04996750303151,9.067303845096996
9,4,15251.919461399515,15324.682314100473,1075.1851851851852,1074.3148148148148,10.757118479298125,10.04996750303151
10,4,14924.182742603107,15013.359908068187,1094.5185185185185,1094.2777777777778,11.497848880095894,10.757118479298125
11,4,14455.175869711216,14533.59361454423,1026.4074074074074,1025.8796296296296,12.109091001333718,11.497848880095894
12,4,14436.890530164943,14517.727680475098,1118.287037037037,1118.2314814814815,12.807556292781596,12.109091001333718
13,4,14214.239406234385,14283.653376429296,979.5,979.2962962962963,13.534002919449897,12.807556292781596
14,4,14947.953274603009,15025.460971786217,941.3055555555555,941.1388888888889,14.213223355492133,13.534002919449897
15,4,13842.67180028049,13922.341596116954,904.6944444444445,904.5555555555555,14.990022927080933,14.213223355492133
16,4,14347.167593628077,14425.358403595517,859.8981481481482,859.8796296296297,15.857134762354208,14.990022927080933
17,4,13922.953909489166,13990.504549409161,851.8518518518518,851.6851851851852,16.73930680095249,15.857134762354208
18,4,12649.361228764534,12707.527921563982,1015.2592592592592,1015.3148148148148,18.185193908963573,16.73930680095249
19,4,11468.599406651516,11522.034510337558,916.6851851851852,916.0462962962963,20.03230371924933,18.185193908963573
20,4,8179.630466864343,8192.969697179917,1377.7037037037037,1377.4351851851852,36.47608118563621,20.03230371924933
1,5,19044.321369117526,19011.675938607616,1636.0092592592594,1637.537037037037,3.2207496030095855,0.0
2,5,16926.69626835054,17044.92105875678,1668.5185185185185,1669.1666666666667,4.209577041627323,3.2207496030095855
3,5,17252.511541571403,17376.844418724915,1428.75,1428.8148148148148,5.273829034979965,4.209577041627323
4,5,15381.533340074637,15490.256904485426,1413.5,1413.7407407407406,6.2193607634696795,5.273829034979965
5,5,16569.127353823584,16678.2102706093,1237.037037037037,1237.5555555555557,7.099010562158709,6.2193607634696795
6,5,16228.110543340383,16278.843752373998,1188.6944444444443,1188.787037037037,8.009865765886136,7.099010562158709
7,5,15798.856350878035,15885.789966968909,1219.648148148148,1219.3796296296296,9.067303845096996,8.009865765886136
8,5,15607.98634468149,15721.740725859945,1076.2962962962963,1076.4907407407406,10.04996750303151,9.067303845096996
9,5,15302.696938897048,15390.251549734145,1076.9074074074074,1077.0740740740741,10.757118479298125,10.04996750303151
10,5,15049.169631384351,15117.030276894078,1101.4351851851852,1100.861111111111,11.497848880095894,10.757118479298125
11,5,14432.528839658957,14509.255237266663,1024.8055555555557,1024.5277777777778,12.109091001333718,11.497848880095894
12,5,14367.332798137051,14449.18247956357,1130.287037037037,1130.3055555555557,12.807556292781596,12.109091001333718
13,5,14181.783273270223,14259.529492505571,984.1574074074074,984.6203703703703,13.534002919449897,12.807556292781596
14,5,14135.133391608231,14207.04412736313,937.4629629629629,937.2037037037037,14.213223355492133,13.534002919449897
15,5,13871.701680020324,13938.181970481422,904.8518518518518,903.7314814814815,14.990022927080933,14.213223355492133
16,5,14321.297094184532,14405.954123591333,865.0277777777778,864.7222222222222,15.857134762354208,14.990022927080933
17,5,14218.402970213447,14291.990946483229,852.3611111111111,851.8888888888889,16.73930680095249,15.857134762354208
18,5,12638.249245038945,12677.131456606889,1014.25,1013.6203703703703,18.185193908963573,16.73930680095249
19,5,11390.616010093347,11461.94369245641,910.824074074074,911.3703703703703,20.03230371924933,18.185193908963573
20,5,7942.136402100308,7950.200419227098,1374.5925925925926,1374.0185185185185,36.47608118563621,20.03230371924933
1,6,19554.478642028287,19689.580114355318,1635.537037037037,1635.6666666666667,3.2207496030095855,0.0
2,6,16766.01534872979,16898.548326174077,1674.898148148148,1675.2407407407406,4.209577041627323,3.2207496030095855
3,6,17111.97407881244,17247.46299181437,1434.3333333333333,1434.888888888889,5.273829034979965,4.209577041627323
4,6,15530.296471620506,15635.521933106273,1412.1203703703704,1412.7037037037037,6.2193607634696795,5.273829034979965
5,6,16329.922710463665,16435.311947570586,1224.5185185185185,1224.398148148148,7.099010562158709,6.2193607634696795
6,6,16396.890938080523,16491.63077090169,1191.1944444444443,1190.888888888889,8.009865765886136,7.099010562158709
7,6,15782.218202043241,15870.236107210016,1215.8425925925926,1215.7777777777778,9.067303845096996,8.009865765886136
8,6,15802.229881456027,15887.359641851941,1087.3333333333333,1087.7685185185185,10.04996750303151,9.067303845096996
9,6,15195.542000504453,15262.455822243555,1075.9351851851852,1075.638888888889,10.757118479298125,10.04996750303151
10,6,14959.290508418542,15038.705038207396,1096.7962962962963,1096.962962962963,11.497848880095894,10.757118479298125
11,6,14573.915972483743,14655.59543555784,1031.0648148148148,1031.0092592592594,12.109091001333718,11.497848880095894
12,6,14238.499809187997,14310.915386057746,1126.2222222222222,1126.3425925925926,12.807556292781596,12.109091001333718
13,6,14234.266928076939,14328.881974214095,980.4722222222222,980.6574074074074,13.534002919449897,12.807556292781596
14,6,15740.457139244605,15644.860906460683,940.1851851851852,940.4074074074074,14.213223355492133,13.534002919449897
15,6,13977.539894026782,14037.251480979021,903.9537037037037,903.7037037037037,14.990022927080933,14.213223355492133
16,6,14147.764276881015,14234.841413676257,862.0185185185185,861.8518518518518,15.857134762354208,14.990022927080933
17,6,13904.457143410318,13970.154749210496,851.324074074074,850.8888888888889,16.73930680095249,15.857134762354208
18,6,12709.315680612599,12764.448795322662,1012.6666666666666,1012.3148148148148,18.185193908963573,16.73930680095249
19,6,11378.160341683197,11444.83055826186,912.0277777777778,912.074074074074,20.03230371924933,18.185193908963573
20,6,7976.250503825415,7989.2656020026525,1376.9722222222222,1376.2314814814815,36.47608118563621,20.03230371924933
1,7,18962.24921784773,19128.920086205715,1636.0833333333333,1637.0092592592594,3.2207496030095855,0.0
2,7,16926.29123036287,17035.200624485795,1671.9722222222222,1671.9722222222222,4.209577041627323,3.2207496030095855
3,7,17407.981225667572,17518.489553114232,1435.9537037037037,1435.5277777777778,5.273829034979965,4.209577041627323
4,7,15517.72345585689,15647.395860228979,1415.0833333333333,1415.8703703703704,6.2193607634696795,5.273829034979965
5,7,16168.89698051427,16283.981764550845,1225.7407407407406,1226.1296296296296,7.099010562158709,6.2193607634696795
6,7,16266.270939044342,16339.991900959112,1191.2407407407406,1190.9814814814815,8.009865765886136,7.099010562158709
7,7,15785.928983482465,15900.51160203413,1224.0185185185185,1224.8240740740741,9.067303845096996,8.009865765886136
8,7,15910.783745677323,15980.401887203174,1077.2592592592594,1076.6296296296296,10.04996750303151,9.067303845096996
9,7,15223.010303735862,15325.089319739258,1071.5740740740741,1071.8240740740741,10.757118479298125,10.04996750303151
10,7,14832.836379027382,14921.377344935345,1102.638888888889,1102.5092592592594,11.497848880095894,10.757118479298125
11,7,14543.873531401914,14652.84317243673,1026.3333333333333,1026.3240740740741,12.109091001333718,11.497848880095894
12,7,13856.870202469428,13932.388556974052,1127.7777777777778,1127.6944444444443,12.807556292781596,12.109091001333718
13,7,14168.244962123592,14241.667225962405,979.8518518518518,979.6388888888889,13.534002919449897,12.807556292781596
14,7,15038.204011902282,14894.077387677773,936.574074074074,936.3518518518518,14.213223355492133,13.534002919449897
15,7,13862.833873266449,13931.255970481432,901.8981481481482,901.2870370370371,14.990022927080933,14.213223355492133
16,7,14142.326719506611,14229.96659789644,863.2314814814815,863.2685185185185,15.857134762354208,14.990022927080933
17,7,13964.976661262437,14031.392464289578,849.824074074074,849.9444444444445,16.73930680095249,15.857134762354208
18,7,12783.219715412997,12874.25588943899,1013.4537037037037,1013.7407407407408,18.185193908963573,16.73930680095249
19,7,11466.872555529091,11535.63321284127,919.6018518518518,920.2685185185185,20.03230371924933,18.185193908963573
20,7,8106.748673645176,8128.913540875881,1375.3055555555557,1373.6203703703704,36.47608118563621,20.03230371924933
1,8,19005.40788782335,19132.81660419496,1636.4814814814815,1636.4444444444443,3.2207496030095855,0.0
2,8,16840.587340315324,16970.711758328165,1675.8240740740741,1677.101851851852,4.209577041627323,3.2207496030095855
3,8,17471.797412052605,17581.261957379003,1434.648148148148,1435.5185185185185,5.273829034979965,4.209577041627323
4,8,15509.26086205996,15626.212218749717,1410.4537037037037,1411.0648148148148,6.2193607634696795,5.273829034979965
5,8,16491.347132736046,16591.469033984722,1228.5833333333333,1228.3703703703704,7.099010562158709,6.2193607634696795
6,8,16348.173274717366,16483.671643551355,1189.148148148148,1189.851851851852,8.009865765886136,7.099010562158709
7,8,15839.662451495427,15926.094215242689,1226.138888888889,1226.0185185185185,9.067303845096996,8.009865765886136
8,8,15587.527181034438,15704.31487188618,1070.5185185185185,1070.9259259259259,10.04996750303151,9.067303845096996
9,8,15156.894665525668,15265.392912914216,1076.601851851852,1077.388888888889,10.757118479298125,10.04996750303151
10,8,14864.16523979844,14958.732486778152,1098.111111111111,1097.9722222222222,11.497848880095894,10.757118479298125
11,8,14497.327635872243,14565.198060676037,1028.25,1027.7222222222222,12.109091001333718,11.497848880095894
12,8,13343.234448472076,13529.34364223145,1127.1944444444443,1126.4074074074074,12.807556292781596,12.109091001333718
13,8,14229.309383406024,14297.894819488276,977.9722222222222,977.5370370370371,13.534002919449897,12.807556292781596
14,8,16115.12043840473,16202.779684595882,935.3888888888889,935.3148148148148,14.213223355492133,13.534002919449897
15,8,14002.297021574397,14074.232503888508,907.8796296296297,907.7685185185185,14.990022927080933,14.213223355492133
16,8,14300.736849559398,14382.24256626028,863.8333333333334,863.7962962962963,15.857134762354208,14.990022927080933
17,8,13923.694684196964,13990.844030278071,852.074074074074,851.4351851851852,16.73930680095249,15.857134762354208
18,8,12666.326305626922,12730.058691789005,1012.4351851851852,1012.0925925925926,18.185193908963573,16.73930680095249
19,8,11543.317304444987,11596.708671169976,918.4537037037037,917.3796296296297,20.03230371924933,18.185193908963573
20,8,8153.512330048119,8192.16899155618,1375.4259259259259,1375.3055555555557,36.47608118563621,20.03230371924933
1,9,19197.18782450805,19319.084322555973,1634.0833333333333,1634.9907407407406,3.2207496030095855,0.0
2,9,16769.73708255972,16896.615294395706,1666.962962962963,1667.898148148148,4.209577041627323,3.2207496030095855
3,9,17085.32442781932,17209.545166386855,1432.148148148148,1433.0833333333333,5.273829034979965,4.209577041627323
4,9,15572.872289451285,15667.688203810698,1419.3148148148148,1418.9166666666667,6.2193607634696795,5.273829034979965
5,9,16423.54693591305,16536.04376864798,1232.638888888889,1233.2222222222222,7.099010562158709,6.2193607634696795
6,9,16167.427873612125,16279.174188937817,1186.7592592592594,1187.2407407407406,8.009865765886136,7.099010562158709
7,9,15788.703398309866,15894.329596703072,1219.2314814814815,1219.8055555555557,9.067303845096996,8.009865765886136
8,9,15638.003576492112,15710.475251181148,1079.8703703703704,1079.9537037037037,10.04996750303151,9.067303845096996
9,9,15329.086646178059,15409.938068571068,1078.7777777777778,1078.7314814814815,10.757118479298125,10.04996750303151
10,9,14946.320119238893,15043.307162962554,1101.787037037037,1101.0925925925926,11.497848880095894,10.757118479298125
11,9,14455.117577400753,14525.232922583937,1030.3055555555557,1029.7777777777778,12.109091001333718,11.497848880095894
12,9,13857.771593764588,13845.94786411109,1118.7777777777778,1117.9074074074074,12.807556292781596,12.109091001333718
13,9,14131.853255142354,14218.697684595409,977.8055555555555,977.6574074074074,13.534002919449897,12.807556292781596
14,9,14375.43261281682,14458.38976834619,935.175925925926,935.3425925925926,14.213223355492133,13.534002919449897
15,9,13815.078034595472,13893.379610480893,901.3518518518518,901.3703703703703,14.990022927080933,14.213223355492133
16,9,14153.786042224245,14254.456084498157,857.1111111111111,857.7870370370371,15.857134762354208,14.990022927080933
17,9,13901.172994541666,13964.867406109637,855.3518518518518,855.0092592592592,16.73930680095249,15.857134762354208
18,9,12778.311656436474,12815.492940595132,1020.8703703703703,1020.0648148148148,18.185193908963573,16.73930680095249
19,9,11486.092677257517,11541.703735913768,915.1944444444445,914.6296296296297,20.03230371924933,18.185193908963573
20,9,8282.430547809283,8314.259883056888,1381.898148148148,1380.9351851851852,36.47608118563621,20.03230371924933
1,10,19015.368394920766,19171.645959760008,1631.148148148148,1631.7777777777778,3.2207496030095855,0.0
2,10,16946.69414020628,17079.91874437666,1675.037037037037,1675.6666666666667,4.209577041627323,3.2207496030095855
3,10,17288.79952678037,17419.851911217047,1435.0648148148148,1435.851851851852,5.273829034979965,4.209577041627323
4,10,15421.521999178454,15541.715694469052,1408.2592592592594,1409.287037037037,6.2193607634696795,5.273829034979965
5,10,16470.017114112048,16584.27587570363,1230.5833333333333,1230.8333333333333,7.099010562158709,6.2193607634696795
6,10,16304.608369354006,16419.4825671994,1187.2777777777778,1187.712962962963,8.009865765886136,7.099010562158709
7,10,15721.221378092192,15807.129275617815,1218.2685185185185,1217.9722222222222,9.067303845096996,8.009865765886136
8,10,15545.872966727904,15664.918440245288,1078.148148148148,1078.8240740740741,10.04996750303151,9.067303845096996
9,10,15114.487130156765,15193.862961718625,1076.4907407407406,1076.5277777777778,10.757118479298125,10.04996750303151
10,10,14892.02940595796,14950.204084687632,1099.4074074074074,1099.537037037037,11.497848880095894,10.757118479298125
11,10,14374.452018979237,14451.449690585434,1026.7592592592594,1026.638888888889,12.109091001333718,11.497848880095894
12,10,14339.443666421073,14319.628274721386,1124.4814814814815,1123.7037037037037,12.807556292781596,12.109091001333718
13,10,14247.467912635177,14304.039847252398,982.5648148148148,981.8333333333334,13.534002919449897,12.807556292781596
14,10,15466.442178070525,15544.85718651797,936.8703703703703,936.4537037037037,14.213223355492133,13.534002919449897
15,10,13861.647882813078,13938.356527333757,909.0462962962963,909.0185185185185,14.990022927080933,14.213223355492133
16,10,14220.139682839766,14287.790455556982,860.8518518518518,860.6851851851852,15.857134762354208,14.990022927080933
17,10,14068.01294482072,14131.396341229627,855.0833333333334,854.3333333333334,16.73930680095249,15.857134762354208
18,10,12804.788734073447,12865.878632008858,1019.1203703703703,1019.1574074074074,18.185193908963573,16.73930680095249
19,10,11395.72501607834,11457.950468657507,915.3703703703703,915.6574074074074,20.03230371924933,18.185193908963573
20,10,8383.797613278295,8407.860493947634,1375.5833333333333,1373.9444444444443,36.47608118563621,20.03230371924933
1,11,19423.806656674926,19553.96956829789,1636.9907407407406,1637.5833333333333,3.2207496030095855,0.0
2,11,16892.141150710228,17031.67889823835,1668.6296296296296,1669.4166666666667,4.209577041627323,3.2207496030095855
3,11,17054.085005821158,17168.197560700806,1433.5740740740741,1433.601851851852,5.273829034979965,4.209577041627323
4,11,15514.237625447837,15614.580418058504,1409.2314814814815,1409.9907407407406,6.2193607634696795,5.273829034979965
5,11,16466.741938761075,16582.066504644383,1234.148148148148,1235.3055555555557,7.099010562158709,6.2193607634696795
6,11,16283.662112809046,16360.668493689947,1184.8148148148148,1184.2037037037037,8.009865765886136,7.099010562158709
7,11,15885.254244210126,15958.295996809993,1224.2685185185185,1223.5555555555557,9.067303845096996,8.009865765886136
8,11,15727.377334732202,15810.812001573773,1075.8055555555557,1076.5740740740741,10.04996750303151,9.067303845096996
9,11,15282.499263669868,15375.116117039395,1076.3240740740741,1077.0277777777778,10.757118479298125,10.04996750303151
10,11,14876.08470277863,14964.268859909615,1095.287037037037,1095.7407407407406,11.497848880095894,10.757118479298125
11,11,14480.779740851855,14565.785016003158,1027.4814814814815,1027.6851851851852,12.109091001333718,11.497848880095894
12,11,13632.499349927855,13813.420883199213,1125.111111111111,1124.712962962963,12.807556292781596,12.109091001333718
13,11,14344.979990890246,14419.317081804664,991.7314814814815,991.574074074074,13.534002919449897,12.807556292781596
14,11,14112.31115279578,14399.827786554666,938.8055555555555,937.6018518518518,14.213223355492133,13.534002919449897
15,11,14010.241281691531,14076.755606294175,908.4907407407408,908.3518518518518,14.990022927080933,14.213223355492133
16,11,14303.209746557477,14375.027224515587,859.8333333333334,859.6851851851852,15.857134762354208,14.990022927080933
17,11,13989.193079260827,14054.921032220711,855.0462962962963,854.9907407407408,16.73930680095249,15.857134762354208
18,11,12673.643167516364,12744.222959762204,1013.4444444444445,1013.5185185185185,18.185193908963573,16.73930680095249
19,11,11422.797247915318,11471.950469761774,910.9814814814815,910.6018518518518,20.03230371924933,18.185193908963573
20,11,8007.5848002927805,8029.254295327865,1375.4166666666667,1373.6944444444443,36.47608118563621,20.03230371924933
1,12,18773.24257207352,18849.292589750563,1636.7407407407406,1637.7037037037037,3.2207496030095855,0.0
2,12,16866.343982767634,17003.777437207882,1671.6851851851852,1673.361111111111,4.209577041627323,3.2207496030095855
3,12,17194.655949538243,17308.357503533338,1433.138888888889,1434.7962962962963,5.273829034979965,4.209577041627323
4,12,15502.194523793265,15614.307886274459,1415.4166666666667,1415.7777777777778,6.2193607634696795,5.273829034979965
5,12,16427.62280223196,16548.76908248285,1231.1203703703704,1231.6944444444443,7.099010562158709,6.2193607634696795
6,12,16318.465276258723,16469.195432613946,1195.3703703703704,1195.7037037037037,8.009865765886136,7.099010562158709
7,12,15674.330998375373,15783.470774627958,1216.6203703703704,1216.6851851851852,9.067303845096996,8.009865765886136
8,12,15721.994928659717,15793.259659744033,1077.9351851851852,1077.6944444444443,10.04996750303151,9.067303845096996
9,12,15130.63352209008,15207.014740641876,1073.2777777777778,1072.8425925925926,10.757118479298125,10.04996750303151
10,12,14752.517505707789,14831.441845248553,1097.75,1097.5648148148148,11.497848880095894,10.757118479298125
11,12,14459.00722352397,14512.820417175117,1028.8240740740741,1027.5092592592594,12.109091001333718,11.497848880095894
12,12,13687.06487318784,13752.151939928493,1129.4444444444443,1128.0833333333333,12.807556292781596,12.109091001333718
13,12,14312.693823018179,14376.827202114688,985.6666666666666,985.5,13.534002919449897,12.807556292781596
14,12,14771.178991421019,14851.581613762248,935.5833333333334,935.8148148148148,14.213223355492133,13.534002919449897
15,12,13851.278310809017,13931.114362474196,902.9074074074074,902.75,14.990022927080933,14.213223355492133
16,12,14295.00189591831,14373.860672917044,855.7962962962963,855.6296296296297,15.857134762354208,14.990022927080933
17,12,13914.825938255872,13979.768817258257,851.324074074074,850.9907407407408,16.73930680095249,15.857134762354208
18,12,12805.357709983984,12908.132706351673,1012.8796296296297,1012.8981481481482,18.185193908963573,16.73930680095249
19,12,11445.319037876267,11506.616344564294,917.6944444444445,917.1018518518518,20.03230371924933,18.185193908963573
20,12,7982.4057327983455,8043.077519769636,1376.2407407407406,1375.3148148148148,36.47608118563621,20.03230371924933
1,13,19396.500604865116,19507.69399454191,1633.6851851851852,1634.9537037037037,3.2207496030095855,0.0
2,13,16825.892099082706,16950.513049338995,1673.2685185185185,1674.0833333333333,4.209577041627323,3.2207496030095855
3,13,17285.999553840844,17413.33867582376,1440.9351851851852,1441.7592592592594,5.273829034979965,4.209577041627323
4,13,15419.522714696177,15534.283572800223,1411.0277777777778,1411.138888888889,6.2193607634696795,5.273829034979965
5,13,16497.3312859624,16601.68655844726,1228.5740740740741,1228.9814814814815,7.099010562158709,6.2193607634696795
6,13,16019.477770106914,16114.849500877901,1186.9166666666667,1187.148148148148,8.009865765886136,7.099010562158709
7,13,15881.713702375859,15988.810773021527,1216.5925925925926,1216.9166666666667,9.067303845096996,8.009865765886136
8,13,15762.21122650491,15898.296997639782,1078.2685185185185,1078.648148148148,10.04996750303151,9.067303845096996
9,13,15223.907494103698,15309.727191334801,1076.138888888889,1075.6574074074074,10.757118479298125,10.04996750303151
10,13,14893.627431944544,14977.351406530783,1100.8796296296296,1100.6944444444443,11.497848880095894,10.757118479298125
11,13,14426.96041824289,14516.905620078727,1026.8796296296296,1026.287037037037,12.109091001333718,11.497848880095894
12,13,14016.925135529462,14094.415996111418,1127.888888888889,1127.8796296296296,12.807556292781596,12.109091001333718
13,13,14200.390840160424,14277.075181623855,982.7222222222222,982.2685185185185,13.534002919449897,12.807556292781596
14,13,14787.738600775829,14858.776300171061,944.5555555555555,944.3888888888889,14.213223355492133,13.534002919449897
15,13,13910.376237838274,13994.439844962992,902.0833333333334,901.8796296296297,14.990022927080933,14.213223355492133
16,13,14297.635954810996,14345.263071345735,861.5833333333334,860.25,15.857134762354208,14.990022927080933
17,13,14151.94832992115,14217.853687973475,853.3333333333334,852.6574074074074,16.73930680095249,15.857134762354208
18,13,12692.24334592917,12757.56649301825,1013.5,1013.3611111111111,18.185193908963573,16.73930680095249
19,13,11339.471029024253,11393.87455503857,914.2685185185185,914.425925925926,20.03230371924933,18.185193908963573
20,13,7923.053006965157,7929.4510629037895,1372.3148148148148,1372.037037037037,36.47608118563621,20.03230371924933
1,14,19452.331507530685,19613.11200411645,1624.2407407407406,1625.5,3.2207496030095855,0.0
2,14,16851.30637236344,16964.81053985833,1671.3333333333333,1673.0,4.209577041627323,3.2207496030095855
3,14,17294.259075162747,17398.34979844573,1434.138888888889,1435.2314814814815,5.273829034979965,4.209577041627323
4,14,15513.969108237034,15618.654713399348,1414.388888888889,1414.75,6.2193607634696795,5.273829034979965
5,14,16381.449172587143,16487.483021636624,1228.6944444444443,1228.4259259259259,7.099010562158709,6.2193607634696795
6,14,16242.626304423004,16352.245219732597,1188.0555555555557,1188.1666666666667,8.009865765886136,7.099010562158709
7,14,15910.232768439575,16009.032350243344,1221.7407407407406,1222.2777777777778,9.067303845096996,8.009865765886136
8,14,15795.556577222977,15881.288199455013,1083.4259259259259,1083.4259259259259,10.04996750303151,9.067303845096996
9,14,15321.099667080436,15404.48673094662,1081.6759259259259,1080.9351851851852,10.757118479298125,10.04996750303151
10,14,14831.942811918538,14908.979019666984,1097.5277777777778,1096.7037037037037,11.497848880095894,10.757118479298125
11,14,14485.629333204148,14557.98084748489,1027.5462962962963,1027.7037037037037,12.109091001333718,11.497848880095894
12,14,13971.734256063084,13936.52733236246,1122.5555555555557,1122.5925925925926,12.807556292781596,12.109091001333718
13,14,14154.752458481877,14234.501375256965,980.3518518518518,979.574074074074,13.534002919449897,12.807556292781596
14,14,15079.779652447947,15167.547161380317,941.8425925925926,942.425925925926,14.213223355492133,13.534002919449897
15,14,13920.691691680788,13998.455654549425,909.0092592592592,909.0092592592592,14.990022927080933,14.213223355492133
16,14,14268.982518734507,14338.179561735622,858.9444444444445,858.5277777777778,15.857134762354208,14.990022927080933
17,14,13993.416499139155,14058.24969910374,848.8055555555555,848.5925925925926,16.73930680095249,15.857134762354208
18,14,12607.132505510164,12691.268170653071,1014.5555555555555,1014.1018518518518,18.185193908963573,16.73930680095249
19,14,11449.839914957442,11512.90800406042,917.2407407407408,917.0648148148148,20.03230371924933,18.185193908963573
20,14,8287.784832664298,8316.94139839296,1379.3425925925926,1377.4074074074074,36.47608118563621,20.03230371924933
1,15,19693.43347544111,19835.623191712082,1629.0555555555557,1629.3333333333333,3.2207496030095855,0.0
2,15,16811.984727766547,16930.095057688293,1671.5925925925926,1671.1759259259259,4.209577041627323,3.2207496030095855
3,15,17343.855756760684,17429.424450965187,1434.5555555555557,1435.1203703703704,5.273829034979965,4.209577041627323
4,15,15379.526063043864,15470.868722593295,1405.3148148148148,1405.638888888889,6.2193607634696795,5.273829034979965
5,15,16487.05894030942,16616.355380966706,1235.1203703703704,1235.962962962963,7.099010562158709,6.2193607634696795
6,15,16328.858365948663,16457.27187057624,1195.5925925925926,1196.6666666666667,8.009865765886136,7.099010562158709
7,15,15915.563394929906,16024.020257883014,1223.5277777777778,1223.898148148148,9.067303845096996,8.009865765886136
8,15,15676.698597792654,15766.623198293166,1079.8333333333333,1079.4537037037037,10.04996750303151,9.067303845096996
9,15,15319.466155988264,15429.504581936848,1079.9444444444443,1079.5092592592594,10.757118479298125,10.04996750303151
10,15,14958.011190665475,15051.04264521179,1093.7037037037037,1094.0185185185185,11.497848880095894,10.757118479298125
11,15,14381.516400924302,14449.20089166318,1025.611111111111,1025.1759259259259,12.109091001333718,11.497848880095894
12,15,14491.785538725011,14574.426259566188,1128.9166666666667,1129.1759259259259,12.807556292781596,12.109091001333718
13,15,14217.596317860578,14284.989143531748,982.8888888888889,982.574074074074,13.534002919449897,12.807556292781596
14,15,15376.60471148593,15249.695605914962,943.074074074074,942.2407407407408,14.213223355492133,13.534002919449897
15,15,13897.592862639782,13973.729653362174,903.1574074074074,903.324074074074,14.990022927080933,14.213223355492133
16,15,14117.898488434548,14209.560345656399,857.7314814814815,858.6111111111111,15.857134762354208,14.990022927080933
17,15,14044.101483862016,14099.182515598948,850.1481481481482,849.9814814814815,16.73930680095249,15.857134762354208
18,15,12691.374535037534,12714.595224452503,1017.0,1016.6851851851852,18.185193908963573,16.73930680095249
19,15,11500.138546434502,11536.34750072551,918.5,917.4444444444445,20.03230371924933,18.185193908963573
20,15,7882.321793417171,7915.600014309443,1370.148148148148,1369.4259259259259,36.47608118563621,20.03230371924933
1,16,19453.70986786464,19573.045549927276,1630.6203703703704,1630.638888888889,3.2207496030095855,0.0
2,16,16755.66600758518,16857.360540363556,1670.4259259259259,1670.3148148148148,4.209577041627323,3.2207496030095855
3,16,17331.45495517272,17496.806273140886,1442.5092592592594,1444.0555555555557,5.273829034979965,4.209577041627323
4,16,15367.112597960842,15473.913385492411,1408.9722222222222,1408.7592592592594,6.2193607634696795,5.273829034979965
5,16,16362.124298688028,16474.551619851773,1227.9166666666667,1229.0277777777778,7.099010562158709,6.2193607634696795
6,16,16156.656590291184,16275.797967796128,1189.6203703703704,1190.5,8.009865765886136,7.099010562158709
7,16,15756.466497641253,15858.294955629486,1216.2592592592594,1216.9166666666667,9.067303845096996,8.009865765886136
8,16,15731.67587703345,15818.150198599871,1075.3148148148148,1075.7592592592594,10.04996750303151,9.067303845096996
9,16,15455.53978657989,15538.742883756815,1080.7314814814815,1080.9444444444443,10.757118479298125,10.04996750303151
10,16,14695.72777992028,14764.811083442308,1096.5648148148148,1096.0925925925926,11.497848880095894,10.757118479298125
11,16,14479.488771458133,14575.277071839315,1029.787037037037,1030.5740740740741,12.109091001333718,11.497848880095894
12,16,14443.037616554291,14512.402310520642,1126.8796296296296,1125.898148148148,12.807556292781596,12.109091001333718
13,16,14204.651411756475,14276.454407231595,977.8055555555555,977.2870370370371,13.534002919449897,12.807556292781596
14,16,14135.973210891629,14211.83206654036,940.7592592592592,940.5,14.213223355492133,13.534002919449897
15,16,13927.810724829047,13991.61982061544,907.7777777777778,907.4722222222222,14.990022927080933,14.213223355492133
16,16,14252.708337125221,14327.036989705268,858.8796296296297,858.7962962962963,15.857134762354208,14.990022927080933
17,16,14059.356416822407,14143.188279771026,855.5370370370371,855.8888888888889,16.73930680095249,15.857134762354208
18,16,12870.576404014731,12917.396976749727,1014.8796296296297,1014.2407407407408,18.185193908963573,16.73930680095249
19,16,11506.287374068183,11536.931609077426,913.2962962962963,911.5185185185185,20.03230371924933,18.185193908963573
20,16,8193.679590368003,8218.467982635144,1380.8796296296296,1380.2314814814815,36.47608118563621,20.03230371924933
1,17,19234.658970022774,19671.124125075454,1638.5092592592594,1639.0833333333333,3.2207496030095855,0.0
2,17,16774.700376319615,16902.76484240955,1669.7314814814815,1670.462962962963,4.209577041627323,3.2207496030095855
3,17,17149.580722450548,17287.46718354403,1433.4907407407406,1434.898148148148,5.273829034979965,4.209577041627323
4,17,15417.403853831862,15524.743487174568,1415.6203703703704,1416.462962962963,6.2193607634696795,5.273829034979965
5,17,16516.494002790194,16634.67558589314,1227.5740740740741,1229.111111111111,7.099010562158709,6.2193607634696795
6,17,16102.623171158644,16246.741222254082,1187.9537037037037,1187.8055555555557,8.009865765886136,7.099010562158709
7,17,15787.877141339184,15875.61438889409,1220.9444444444443,1221.1944444444443,9.067303845096996,8.009865765886136
8,17,15953.437041239675,16026.57595593386,1082.0092592592594,1081.2407407407406,10.04996750303151,9.067303845096996
9,17,15209.745908856428,15281.84404590679,1077.1851851851852,1077.5185185185185,10.757118479298125,10.04996750303151
10,17,14703.336771805807,14792.661852984005,1093.3148148148148,1093.4074074074074,11.497848880095894,10.757118479298125
11,17,14475.5659587967,14576.333232392491,1028.1944444444443,1028.2407407407406,12.109091001333718,11.497848880095894
12,17,13900.482324302007,13987.230317900601,1118.8796296296296,1118.6666666666667,12.807556292781596,12.109091001333718
13,17,14195.596101020814,14256.688498572374,976.9166666666666,976.2129629629629,13.534002919449897,12.807556292781596
14,17,15323.92579917915,15404.441201756956,943.3333333333334,942.8796296296297,14.213223355492133,13.534002919449897
15,17,14086.88664654398,14167.5886865216,908.1111111111111,907.7777777777778,14.990022927080933,14.213223355492133
16,17,14283.746312593847,14339.232055590359,858.3981481481482,858.074074074074,15.857134762354208,14.990022927080933
17,17,13922.955792439885,13995.369557729342,846.3981481481482,845.9444444444445,16.73930680095249,15.857134762354208
18,17,13036.12066166627,13112.585600172371,1015.3796296296297,1014.5277777777778,18.185193908963573,16.73930680095249
19,17,11502.59282821746,11557.63048221582,925.1111111111111,924.4814814814815,20.03230371924933,18.185193908963573
20,17,8142.308343182943,8100.354456934601,1378.361111111111,1377.4259259259259,36.47608118563621,20.03230371924933
1,18,19432.66106638662,19586.443467342975,1637.1759259259259,1638.3055555555557,3.2207496030095855,0.0
2,18,16709.543440951213,16834.09141048387,1670.2962962962963,1670.6851851851852,4.209577041627323,3.2207496030095855
3,18,17141.816422550375,17300.61718493624,1433.0277777777778,1434.2407407407406,5.273829034979965,4.209577041627323
4,18,15443.466927301879,15551.910385443656,1413.8703703703704,1413.8055555555557,6.2193607634696795,5.273829034979965
5,18,16536.554353044965,16631.72527470916,1232.9074074074074,1232.5740740740741,7.099010562158709,6.2193607634696795
6,18,16344.970241272427,16446.52735302509,1191.9259259259259,1191.898148148148,8.009865765886136,7.099010562158709
7,18,15702.671153941968,15784.645135346278,1217.7592592592594,1217.611111111111,9.067303845096996,8.009865765886136
8,18,15577.141067797134,15671.2536671605,1078.7962962962963,1079.3703703703704,10.04996750303151,9.067303845096996
9,18,15194.711975721913,15273.700220013048,1076.462962962963,1075.7685185185185,10.757118479298125,10.04996750303151
10,18,14837.943897965482,14932.918969015751,1099.5740740740741,1099.2592592592594,11.497848880095894,10.757118479298125
11,18,14382.768990019566,14463.928228899093,1028.037037037037,1027.5277777777778,12.109091001333718,11.497848880095894
12,18,14542.285806783417,14544.1295966111,1126.2407407407406,1126.462962962963,12.807556292781596,12.109091001333718
13,18,14132.053096078373,14225.19688076589,976.8055555555555,976.4722222222222,13.534002919449897,12.807556292781596
14,18,15397.917875529405,15498.225232634406,936.1388888888889,937.0,14.213223355492133,13.534002919449897
15,18,13681.732105156329,13732.160826787667,900.2407407407408,898.824074074074,14.990022927080933,14.213223355492133
16,18,14130.21656990438,14212.861987835553,862.175925925926,863.1851851851852,15.857134762354208,14.990022927080933
17,18,13931.491948231127,14005.227555452982,855.4814814814815,855.1111111111111,16.73930680095249,15.857134762354208
18,18,12868.867422128938,12910.611241432152,1017.6666666666666,1016.8148148148148,18.185193908963573,16.73930680095249
19,18,11425.400574046947,11483.566737788336,920.6388888888889,920.6851851851852,20.03230371924933,18.185193908963573
20,18,8188.357588600128,8230.299556776834,1370.1944444444443,1369.8148148148148,36.47608118563621,20.03230371924933
1,19,19074.81027631662,19305.75104369605,1636.7777777777778,1637.4814814814815,3.2207496030095855,0.0
2,19,16812.992476481584,16952.295757101758,1673.5462962962963,1674.287037037037,4.209577041627323,3.2207496030095855
3,19,17223.962101540797,17349.908076867738,1432.5648148148148,1433.3425925925926,5.273829034979965,4.209577041627323
4,19,15446.260058616012,15560.379675364398,1411.287037037037,1411.6203703703704,6.2193607634696795,5.273829034979965
5,19,16368.009731875061,16469.60644690869,1228.5740740740741,1228.7685185185185,7.099010562158709,6.2193607634696795
6,19,16227.199806389703,16356.348200774031,1192.9259259259259,1193.0833333333333,8.009865765886136,7.099010562158709
7,19,15828.110591940806,15906.699049662777,1218.3796296296296,1218.7222222222222,9.067303845096996,8.009865765886136
8,19,15734.226275146902,15823.45081175152,1077.898148148148,1078.2777777777778,10.04996750303151,9.067303845096996
9,19,15308.217741660426,15389.335468498057,1079.1296296296296,1078.8425925925926,10.757118479298125,10.04996750303151
10,19,15085.513539161273,15164.983526220523,1102.6666666666667,1102.3148148148148,11.497848880095894,10.757118479298125
11,19,14317.690475137624,14425.732733756437,1028.8055555555557,1029.5833333333333,12.109091001333718,11.497848880095894
12,19,13413.915436668958,13497.130531120603,1123.0925925925926,1123.6759259259259,12.807556292781596,12.109091001333718
13,19,14070.224100863277,14150.744363122469,975.4351851851852,975.25,13.534002919449897,12.807556292781596
14,19,14304.871171666817,14376.38202486718,941.2407407407408,940.6111111111111,14.213223355492133,13.534002919449897
15,19,13910.003868807406,13965.946974369173,905.3518518518518,904.4351851851852,14.990022927080933,14.213223355492133
16,19,14293.582336727262,14359.59909624325,860.8425925925926,860.8981481481482,15.857134762354208,14.990022927080933
17,19,13965.005447036589,14007.20581148643,853.8981481481482,853.4907407407408,16.73930680095249,15.857134762354208
18,19,12781.183363307184,12849.61855073581,1015.2685185185185,1015.2685185185185,18.185193908963573,16.73930680095249
19,19,11406.390484655052,11456.241183610688,911.925925925926,911.0648148148148,20.03230371924933,18.185193908963573
20,19,7941.376586318342,7998.430892534438,1375.8055555555557,1374.398148148148,36.47608118563621,20.03230371924933
1,20,18882.22178399448,19031.122193420833,1636.0462962962963,1637.3703703703704,3.2207496030095855,0.0
2,20,16838.067132962686,16927.55508983061,1671.537037037037,1670.3148148148148,4.209577041627323,3.2207496030095855
3,20,16968.46976500476,17116.139528610478,1428.9722222222222,1429.861111111111,5.273829034979965,4.209577041627323
4,20,15534.473514141131,15640.314729221414,1413.3796296296296,1414.4351851851852,6.2193607634696795,5.273829034979965
5,20,16501.162458264494,16607.60106863567,1231.898148148148,1232.1851851851852,7.099010562158709,6.2193607634696795
6,20,16135.956720662694,16252.710063137954,1188.1759259259259,1188.138888888889,8.009865765886136,7.099010562158709
7,20,15920.340744257359,16006.938561342307,1218.3796296296296,1218.5740740740741,9.067303845096996,8.009865765886136
8,20,15777.106476576884,15888.122150707159,1079.0925925925926,1079.2314814814815,10.04996750303151,9.067303845096996
9,20,15203.05903779779,15299.888082527303,1078.2685185185185,1078.351851851852,10.757118479298125,10.04996750303151
10,20,14906.15774077101,15010.44678484913,1098.3240740740741,1098.7314814814815,11.497848880095894,10.757118479298125
11,20,14434.78823373806,14501.781659342549,1031.1944444444443,1030.8148148148148,12.109091001333718,11.497848880095894
12,20,14270.183705206877,14228.758791926091,1123.851851851852,1123.75,12.807556292781596,12.109091001333718
13,20,14202.983097836308,14259.417039315087,974.5370370370371,973.6203703703703,13.534002919449897,12.807556292781596
14,20,15521.87322061899,15594.779909036397,940.8518518518518,939.9907407407408,14.213223355492133,13.534002919449897
15,20,13932.946001020493,14001.121531665356,905.8148148148148,905.6851851851852,14.990022927080933,14.213223355492133
16,20,14316.694487408551,14388.762409480076,867.25,867.1666666666666,15.857134762354208,14.990022927080933
17,20,13962.285491680706,14032.539829493368,854.7314814814815,855.0092592592592,16.73930680095249,15.857134762354208
18,20,12747.991761505351,12826.842456290657,1015.4444444444445,1015.8981481481482,18.185193908963573,16.73930680095249
19,20,11411.80152428915,11469.771047809634,915.2037037037037,915.1388888888889,20.03230371924933,18.185193908963573
20,20,8168.759490679907,8211.85229754788,1372.462962962963,1371.148148148148,36.47608118563621,20.03230371924933
1,21,19178.852023625546,19259.09669527914,1636.962962962963,1637.4351851851852,3.2207496030095855,0.0
2,21,16748.80784623322,16869.11510869023,1666.101851851852,1667.3703703703704,4.209577041627323,3.2207496030095855
3,21,17441.028972318298,17524.405549572977,1441.6666666666667,1442.0,5.273829034979965,4.209577041627323
4,21,15430.690151106563,15544.578803860124,1413.2314814814815,1413.5462962962963,6.2193607634696795,5.273829034979965
5,21,16341.143074357517,16467.39434161756,1224.7407407407406,1224.648148148148,7.099010562158709,6.2193607634696795
6,21,16317.83766473646,16450.345518714377,1186.1574074074074,1186.6759259259259,8.009865765886136,7.099010562158709
7,21,15881.005027799889,15973.746356989048,1222.7592592592594,1222.5,9.067303845096996,8.009865765886136
8,21,15814.72177553811,15911.828842383486,1072.0555555555557,1072.3796296296296,10.04996750303151,9.067303845096996
9,21,15223.756495481271,15313.729481580687,1077.5092592592594,1076.9722222222222,10.757118479298125,10.04996750303151
10,21,15101.431947691586,15185.22062781884,1102.6851851851852,1102.9074074074074,11.497848880095894,10.757118479298125
11,21,14272.637828478591,14325.151541856576,1024.5833333333333,1024.351851851852,12.109091001333718,11.497848880095894
12,21,13770.050701379352,13842.803999290723,1126.851851851852,1126.7314814814815,12.807556292781596,12.109091001333718
13,21,14214.400256059773,14301.480572067501,978.8333333333334,979.2222222222222,13.534002919449897,12.807556292781596
14,21,14749.224525242167,14834.597239984902,942.3425925925926,942.4074074074074,14.213223355492133,13.534002919449897
15,21,13944.696911292473,14023.546211264855,908.5462962962963,908.4074074074074,14.990022927080933,14.213223355492133
16,21,14096.29023375194,14171.171842733549,854.574074074074,853.9814814814815,15.857134762354208,14.990022927080933
17,21,14023.500778849193,14095.516308190874,848.3055555555555,848.175925925926,16.73930680095249,15.857134762354208
18,21,12848.270744503927,12904.255132296386,1017.574074074074,1016.8518518518518,18.185193908963573,16.73930680095249
19,21,11514.15778066285,11566.984713321737,920.9537037037037,920.675925925926,20.03230371924933,18.185193908963573
20,21,7933.645716933218,7968.344502574523,1378.9814814814815,1378.1759259259259,36.47608118563621,20.03230371924933
1,22,19730.30889086796,19804.830442892504,1635.5,1636.5833333333333,3.2207496030095855,0.0
2,22,16794.78463091761,16905.667841650386,1667.287037037037,1668.7592592592594,4.209577041627323,3.2207496030095855
3,22,17122.85059149985,17234.606841173696,1432.4537037037037,1433.0,5.273829034979965,4.209577041627323
4,22,15469.448368625797,15570.336800546045,1410.7037037037037,1410.787037037037,6.2193607634696795,5.273829034979965
5,22,16362.297781261628,16481.183433437538,1229.4351851851852,1229.398148148148,7.099010562158709,6.2193607634696795
6,22,16494.323835077364,16619.993183764258,1190.037037037037,1191.0555555555557,8.009865765886136,7.099010562158709
7,22,15837.392212957915,15940.372503645278,1224.0277777777778,1224.361111111111,9.067303845096996,8.009865765886136
8,22,15590.389898360312,15686.455379147163,1073.0462962962963,1073.4074074074074,10.04996750303151,9.067303845096996
9,22,15134.464918292868,15234.428807144412,1081.398148148148,1081.287037037037,10.757118479298125,10.04996750303151
10,22,15019.174139251916,15122.347601299387,1093.712962962963,1093.9444444444443,11.497848880095894,10.757118479298125
11,22,14541.581126045388,14601.045111324782,1033.351851851852,1032.9722222222222,12.109091001333718,11.497848880095894
12,22,13622.03040650323,13701.051561474733,1128.3796296296296,1128.7685185185185,12.807556292781596,12.109091001333718
13,22,14154.992063722802,14227.69506374121,977.3518518518518,977.0462962962963,13.534002919449897,12.807556292781596
14,22,14484.623611785875,14766.392946029942,936.0555555555555,935.4074074074074,14.213223355492133,13.534002919449897
15,22,13863.639298389862,13934.895736965604,903.5,902.8518518518518,14.990022927080933,14.213223355492133
16,22,14136.97321453103,14209.108816050759,860.2685185185185,859.8888888888889,15.857134762354208,14.990022927080933
17,22,13928.915569185729,13993.222164761748,853.0185185185185,852.0092592592592,16.73930680095249,15.857134762354208
18,22,12676.654258473114,12741.206125913173,1016.7962962962963,1016.4629629629629,18.185193908963573,16.73930680095249
19,22,11379.177001449714,11433.011037536377,917.5277777777778,916.9537037037037,20.03230371924933,18.185193908963573
20,22,8296.416686232928,8368.04098076483,1381.5648148148148,1380.4722222222222,36.47608118563621,20.03230371924933
1,23,18825.34707724779,18970.235911063355,1640.2037037037037,1640.5648148148148,3.2207496030095855,0.0
2,23,16868.161763790085,16955.774122042658,1669.5,1668.9814814814815,4.209577041627323,3.2207496030095855
3,23,17415.439303300514,17577.37484100656,1434.462962962963,1435.4074074074074,5.273829034979965,4.209577041627323
4,23,15485.896848467368,15596.980811551362,1413.361111111111,1414.148148148148,6.2193607634696795,5.273829034979965
5,23,16541.480237275966,16668.912441019693,1232.0462962962963,1232.398148148148,7.099010562158709,6.2193607634696795
6,23,16170.557579080923,16266.967657913443,1192.9907407407406,1192.8055555555557,8.009865765886136,7.099010562158709
7,23,15740.880160317256,15842.48246703319,1219.5555555555557,1219.9074074074074,9.067303845096996,8.009865765886136
8,23,15807.911344707967,15914.507547597788,1079.4537037037037,1079.4907407407406,10.04996750303151,9.067303845096996
9,23,15273.596902291007,15396.156526955674,1076.851851851852,1077.1296296296296,10.757118479298125,10.04996750303151
10,23,14929.846985552806,14986.09859247439,1101.2685185185185,1101.0833333333333,11.497848880095894,10.757118479298125
11,23,14504.46093258286,14583.387492614956,1030.111111111111,1030.148148148148,12.109091001333718,11.497848880095894
12,23,13636.182044702038,13702.67994555285,1127.0833333333333,1126.9351851851852,12.807556292781596,12.109091001333718
13,23,14179.94093466529,14250.153698105207,980.6851851851852,980.0833333333334,13.534002919449897,12.807556292781596
14,23,15435.58314049854,15521.819519444443,938.5185185185185,939.1574074074074,14.213223355492133,13.534002919449897
15,23,13861.748627277471,13951.389989797619,902.9351851851852,902.8981481481482,14.990022927080933,14.213223355492133
16,23,14139.565820141175,14212.679932276424,852.9537037037037,852.9074074074074,15.857134762354208,14.990022927080933
17,23,13950.398066996435,14005.697571259285,849.7129629629629,849.7962962962963,16.73930680095249,15.857134762354208
18,23,12858.047062307156,12913.323877884048,1019.9537037037037,1018.9722222222222,18.185193908963573,16.73930680095249
19,23,11391.420977381773,11430.864620796418,915.0,914.6944444444445,20.03230371924933,18.185193908963573
20,23,8097.716707860132,8120.739450137522,1368.7685185185185,1367.9074074074074,36.47608118563621,20.03230371924933
1,24,18843.07115748696,18981.586520698125,1641.6851851851852,1643.101851851852,3.2207496030095855,0.0
2,24,16820.563783807385,16950.064589256443,1669.9074074074074,1670.388888888889,4.209577041627323,3.2207496030095855
3,24,17099.642823807713,17235.872602571293,1431.7685185185185,1432.2592592592594,5.273829034979965,4.209577041627323
4,24,15495.117551387699,15598.90945819893,1409.111111111111,1409.212962962963,6.2193607634696795,5.273829034979965
5,24,16442.31187175011,16565.572858331616,1228.7777777777778,1229.9722222222222,7.099010562158709,6.2193607634696795
6,24,16203.286242711214,16290.403803169344,1191.6574074074074,1191.4259259259259,8.009865765886136,7.099010562158709
7,24,15904.177475427818,15989.843813557918,1224.8703703703704,1224.611111111111,9.067303845096996,8.009865765886136
8,24,15562.718002992282,15637.043573013067,1069.9537037037037,1069.851851851852,10.04996750303151,9.067303845096996
9,24,15159.702277519995,15240.993446613908,1073.787037037037,1073.6666666666667,10.757118479298125,10.04996750303151
10,24,14951.932058416047,15040.355124426416,1099.3148148148148,1099.138888888889,11.497848880095894,10.757118479298125
11,24,14337.633588677121,14419.339604141136,1029.1944444444443,1028.7962962962963,12.109091001333718,11.497848880095894
12,24,13928.867647673631,14007.20403821887,1125.5925925925926,1125.4074074074074,12.807556292781596,12.109091001333718
13,24,14268.89432120291,14341.038895459164,980.6203703703703,980.2870370370371,13.534002919449897,12.807556292781596
14,24,15135.332575240755,15220.218894789867,940.9814814814815,941.1388888888889,14.213223355492133,13.534002919449897
15,24,13954.379484223888,14019.42661498792,905.5092592592592,905.1111111111111,14.990022927080933,14.213223355492133
16,24,14216.387533316252,14292.940029718944,860.7037037037037,860.5092592592592,15.857134762354208,14.990022927080933
17,24,13983.842318658271,14047.644440306816,854.8055555555555,854.5185185185185,16.73930680095249,15.857134762354208
18,24,12662.13248664631,12742.135631124074,1017.1944444444445,1017.2037037037037,18.185193908963573,16.73930680095249
19,24,11403.813384632153,11479.945976283112,912.8425925925926,913.0185185185185,20.03230371924933,18.185193908963573
20,24,7803.970459123601,7835.024916296709,1377.138888888889,1375.7962962962963,36.47608118563621,20.03230371924933
1,25,19505.951502197655,19678.132272726598,1630.8148148148148,1631.5925925925926,3.2207496030095855,0.0
2,25,16796.97547955334,16926.418675792822,1666.6203703703704,1667.3055555555557,4.209577041627323,3.2207496030095855
3,25,17265.894827352935,17434.19371688283,1438.0925925925926,1439.2685185185185,5.273829034979965,4.209577041627323
4,25,15565.21828567998,15664.93571664633,1414.148148148148,1414.111111111111,6.2193607634696795,5.273829034979965
5,25,16407.810311896414,16531.527263897922,1231.8055555555557,1232.6296296296296,7.099010562158709,6.2193607634696795
6,25,16567.93496327367,16673.729601636096,1184.648148148148,1184.7685185185185,8.009865765886136,7.099010562158709
7,25,15755.53392552965,15844.134065065618,1220.861111111111,1221.5740740740741,9.067303845096996,8.009865765886136
8,25,15877.354864088235,15998.202627118453,1083.1851851851852,1082.9444444444443,10.04996750303151,9.067303845096996
9,25,15297.723498671166,15394.831286124934,1080.1759259259259,1080.3425925925926,10.757118479298125,10.04996750303151
10,25,14990.079551847199,15090.422085621405,1098.148148148148,1098.1296296296296,11.497848880095894,10.757118479298125
11,25,14400.26538281022,14488.568890817884,1026.4814814814815,1026.6944444444443,12.109091001333718,11.497848880095894
12,25,13573.281085681616,13653.920204090839,1121.7314814814815,1121.9722222222222,12.807556292781596,12.109091001333718
13,25,14266.946186251977,14348.772521812909,976.574074074074,976.6944444444445,13.534002919449897,12.807556292781596
14,25,15699.705878944964,15773.404452647186,937.7314814814815,937.6388888888889,14.213223355492133,13.534002919449897
15,25,13951.890239030205,14037.244265104751,907.6203703703703,907.4629629629629,14.990022927080933,14.213223355492133
16,25,14220.419389538714,14278.240233140552,862.3981481481482,861.7962962962963,15.857134762354208,14.990022927080933
17,25,14040.538096726117,14103.333096448261,852.4166666666666,852.0555555555555,16.73930680095249,15.857134762354208
18,25,12787.836382326037,12854.978200382677,1018.3888888888889,1017.5277777777778,18.185193908963573,16.73930680095249
19,25,11616.216181982976,11651.272477890128,920.0555555555555,919.3333333333334,20.03230371924933,18.185193908963573
20,25,8244.236991711756,8273.00918086177,1373.5185185185185,1371.5740740740741,36.47608118563621,20.03230371924933
1,26,19044.31944372109,19141.270957433262,1632.2685185185185,1632.9351851851852,3.2207496030095855,0.0
2,26,16863.68922583296,16966.699178228788,1672.1944444444443,1671.8240740740741,4.209577041627323,3.2207496030095855
3,26,17263.74988527208,17387.366660934025,1433.388888888889,1434.5277777777778,5.273829034979965,4.209577041627323
4,26,15503.602150326122,15609.136655984084,1417.101851851852,1417.7314814814815,6.2193607634696795,5.273829034979965
5,26,16496.396628546838,16610.935290666526,1231.0277777777778,1230.6296296296296,7.099010562158709,6.2193607634696795
6,26,16273.173001545914,16372.547105662517,1187.898148148148,1188.5462962962963,8.009865765886136,7.099010562158709
7,26,15850.802517530015,15953.780940242073,1220.101851851852,1220.4444444444443,9.067303845096996,8.009865765886136
8,26,15715.301198913075,15801.66169103853,1078.5555555555557,1078.5462962962963,10.04996750303151,9.067303845096996
9,26,15239.138382783582,15304.384107826527,1074.4259259259259,1074.3240740740741,10.757118479298125,10.04996750303151
10,26,14948.24746945432,15041.38637558261,1097.2407407407406,1097.2592592592594,11.497848880095894,10.757118479298125
11,26,14437.437473993494,14504.011248971612,1030.0648148148148,1029.2685185185185,12.109091001333718,11.497848880095894
12,26,13689.392576093482,13779.711652319353,1130.0462962962963,1130.75,12.807556292781596,12.109091001333718
13,26,14127.325985096655,14208.181807367519,975.8611111111111,976.3611111111111,13.534002919449897,12.807556292781596
14,26,15928.917650757903,15613.222876423431,940.6851851851852,941.2685185185185,14.213223355492133,13.534002919449897
15,26,13846.543520299008,13908.34997331058,899.8981481481482,899.1296296296297,14.990022927080933,14.213223355492133
16,26,14245.068809737468,14322.47121512546,862.6203703703703,862.0092592592592,15.857134762354208,14.990022927080933
17,26,13835.972919640733,13919.922283992575,849.925925925926,850.175925925926,16.73930680095249,15.857134762354208
18,26,12693.35812833116,12745.318817872905,1013.574074074074,1013.2962962962963,18.185193908963573,16.73930680095249
19,26,11391.671678559194,11437.867248541788,918.75,917.9166666666666,20.03230371924933,18.185193908963573
20,26,8105.769762973676,8136.255995717597,1379.787037037037,1378.4722222222222,36.47608118563621,20.03230371924933
1,27,18592.52809165161,18751.39122464126,1630.5277777777778,1630.9351851851852,3.2207496030095855,0.0
2,27,16735.711466580753,16865.420762967424,1663.9166666666667,1664.9722222222222,4.209577041627323,3.2207496030095855
3,27,17304.39188778034,17414.020491599516,1440.398148148148,1440.287037037037,5.273829034979965,4.209577041627323
4,27,15551.292997733735,15660.105621532468,1413.7777777777778,1414.0277777777778,6.2193607634696795,5.273829034979965
5,27,16396.999380409336,16511.527843434673,1230.3703703703704,1230.5833333333333,7.099010562158709,6.2193607634696795
6,27,16263.463699522188,16428.380659474515,1188.3333333333333,1189.2037037037037,8.009865765886136,7.099010562158709
7,27,15818.952346582408,15921.433080038489,1220.611111111111,1220.851851851852,9.067303845096996,8.009865765886136
8,27,15707.22321181579,15796.62357335297,1081.9351851851852,1082.4074074074074,10.04996750303151,9.067303845096996
9,27,15238.67638074099,15329.435331236826,1072.1666666666667,1072.1574074074074,10.757118479298125,10.04996750303151
10,27,14814.034755066536,14899.658147100123,1098.037037037037,1097.148148148148,11.497848880095894,10.757118479298125
11,27,14483.954861301941,14562.937745649442,1030.6944444444443,1030.0740740740741,12.109091001333718,11.497848880095894
12,27,13840.514475682088,14038.690660551041,1123.4444444444443,1123.787037037037,12.807556292781596,12.109091001333718
13,27,14192.196003394725,14292.328378213408,980.9537037037037,981.2037037037037,13.534002919449897,12.807556292781596
14,27,14582.72116442501,14656.29583438935,943.9537037037037,943.4814814814815,14.213223355492133,13.534002919449897
15,27,13897.44723911994,13961.623064721121,907.074074074074,906.4537037037037,14.990022927080933,14.213223355492133
16,27,14197.073140162543,14284.570094628558,858.1666666666666,858.5092592592592,15.857134762354208,14.990022927080933
17,27,14020.543955303468,14090.325225054581,853.6018518518518,853.7222222222222,16.73930680095249,15.857134762354208
18,27,12668.886722574802,12725.345100355578,1014.9629629629629,1014.9629629629629,18.185193908963573,16.73930680095249
19,27,11490.689213064832,11543.904095162392,912.4722222222222,911.7314814814815,20.03230371924933,18.185193908963573
20,27,8004.945245511787,8032.3426780222035,1380.0185185185185,1378.9166666666667,36.47608118563621,20.03230371924933
1,28,19545.627170126507,19700.971586341577,1634.3703703703704,1635.1944444444443,3.2207496030095855,0.0
2,28,16852.76348475077,16973.84141972566,1676.7037037037037,1677.1574074074074,4.209577041627323,3.2207496030095855
3,28,17251.044902223195,17393.509616082945,1432.5185185185185,1432.537037037037,5.273829034979965,4.209577041627323
4,28,15417.996843926729,15535.453917344616,1409.7407407407406,1410.1944444444443,6.2193607634696795,5.273829034979965
5,28,16379.34567766215,16501.221103936623,1233.2037037037037,1233.787037037037,7.099010562158709,6.2193607634696795
6,28,16171.796825371059,16288.027496150171,1189.7685185185185,1189.7777777777778,8.009865765886136,7.099010562158709
7,28,15676.088692838313,15771.575187606559,1213.0740740740741,1213.212962962963,9.067303845096996,8.009865765886136
8,28,15860.671605172676,15968.42729830876,1077.601851851852,1078.037037037037,10.04996750303151,9.067303845096996
9,28,15125.773049739522,15209.372151541416,1073.3333333333333,1073.6944444444443,10.757118479298125,10.04996750303151
10,28,14964.087784824458,15055.040003070315,1097.4722222222222,1097.1759259259259,11.497848880095894,10.757118479298125
11,28,14494.655742576548,14569.725782703328,1028.7592592592594,1028.2314814814815,12.109091001333718,11.497848880095894
12,28,14083.592918448066,14146.664421073385,1124.9166666666667,1124.101851851852,12.807556292781596,12.109091001333718
13,28,14234.682899198555,14310.308451344517,985.0370370370371,985.1481481481482,13.534002919449897,12.807556292781596
14,28,15533.179357092933,15620.473051975197,937.7222222222222,937.5092592592592,14.213223355492133,13.534002919449897
15,28,13926.383525184305,14012.578034242488,906.7685185185185,906.2962962962963,14.990022927080933,14.213223355492133
16,28,14073.667765253806,14161.469927568794,855.6111111111111,855.9629629629629,15.857134762354208,14.990022927080933
17,28,14071.164099207586,14125.965701028748,859.4907407407408,859.2592592592592,16.73930680095249,15.857134762354208
18,28,12675.289437191883,12740.781612398561,1013.5370370370371,1013.2870370370371,18.185193908963573,16.73930680095249
19,28,11290.321379169434,11346.141574373252,912.4351851851852,912.0,20.03230371924933,18.185193908963573
20,28,8471.91362123386,8520.222954134997,1383.351851851852,1382.851851851852,36.47608118563621,20.03230371924933
1,29,19446.21523448907,19606.66991692237,1636.0277777777778,1637.351851851852,3.2207496030095855,0.0
2,29,16910.173769597863,17032.98880634382,1669.8425925925926,1670.601851851852,4.209577041627323,3.2207496030095855
3,29,17053.183936850433,17191.671749238896,1428.3333333333333,1428.3055555555557,5.273829034979965,4.209577041627323
4,29,15392.396291670655,15507.647422370977,1411.7037037037037,1412.5277777777778,6.2193607634696795,5.273829034979965
5,29,16442.448431334917,16549.732006194576,1232.0462962962963,1232.388888888889,7.099010562158709,6.2193607634696795
6,29,16363.602335753581,16481.110151968922,1191.2407407407406,1191.4722222222222,8.009865765886136,7.099010562158709
7,29,15717.072623358972,15805.060151901604,1217.0277777777778,1218.101851851852,9.067303845096996,8.009865765886136
8,29,15585.545621284537,15648.214164517482,1080.9537037037037,1080.4537037037037,10.04996750303151,9.067303845096996
9,29,15163.058107313429,15249.834575927956,1073.0555555555557,1073.712962962963,10.757118479298125,10.04996750303151
10,29,14950.343807669147,15044.754919837324,1107.0,1107.351851851852,11.497848880095894,10.757118479298125
11,29,14651.252594943006,14719.647187338069,1035.7314814814815,1035.212962962963,12.109091001333718,11.497848880095894
12,29,13771.476560004541,13625.808138356848,1124.361111111111,1123.9444444444443,12.807556292781596,12.109091001333718
13,29,14081.98890754124,14149.50910669029,977.8796296296297,977.0277777777778,13.534002919449897,12.807556292781596
14,29,14744.01531695847,14824.846374814615,941.2407407407408,940.925925925926,14.213223355492133,13.534002919449897
15,29,13783.06297255042,13849.875127223613,901.675925925926,901.3055555555555,14.990022927080933,14.213223355492133
16,29,14237.652503924588,14338.014744884571,856.9166666666666,857.0925925925926,15.857134762354208,14.990022927080933
17,29,13793.943360227977,13882.050286495069,853.175925925926,853.2870370370371,16.73930680095249,15.857134762354208
18,29,12617.34036309913,12671.820017694225,1013.9444444444445,1013.8796296296297,18.185193908963573,16.73930680095249
19,29,11332.860760474663,11403.64596632794,911.5,911.0092592592592,20.03230371924933,18.185193908963573
20,29,8117.60401282321,8141.163566407875,1381.7592592592594,1379.462962962963,36.47608118563621,20.03230371924933
1,30,18826.875248070188,18977.47770541774,1633.5092592592594,1634.9907407407406,3.2207496030095855,0.0
2,30,16769.023186347305,16876.482054992528,1666.287037037037,1666.2222222222222,4.209577041627323,3.2207496030095855
3,30,17266.010196834344,17417.295308734265,1437.0092592592594,1437.962962962963,5.273829034979965,4.209577041627323
4,30,15492.356952743907,15603.357754325205,1408.2407407407406,1409.4722222222222,6.2193607634696795,5.273829034979965
5,30,16401.44826167684,16518.722373892,1225.8333333333333,1226.5185185185185,7.099010562158709,6.2193607634696795
6,30,16397.615845289172,16500.870511676298,1195.7407407407406,1195.101851851852,8.009865765886136,7.099010562158709
7,30,15690.880320869603,15771.415119207053,1217.2407407407406,1216.787037037037,9.067303845096996,8.009865765886136
8,30,15894.454878495411,15973.428180734638,1077.9166666666667,1078.7685185185185,10.04996750303151,9.067303845096996
9,30,15439.460068402941,15518.910073074747,1077.0277777777778,1077.101851851852,10.757118479298125,10.04996750303151
10,30,14914.356153061299,15017.540163859232,1098.1851851851852,1098.1296296296296,11.497848880095894,10.757118479298125
11,30,14561.542746972795,14633.033567684157,1030.0833333333333,1029.462962962963,12.109091001333718,11.497848880095894
12,30,13462.586932141205,13543.4589684359,1124.9722222222222,1125.25,12.807556292781596,12.109091001333718
13,30,14288.631179855947,14358.453565862319,981.3796296296297,980.9629629629629,13.534002919449897,12.807556292781596
14,30,15252.518101371463,15341.413945445493,940.6018518518518,940.4814814814815,14.213223355492133,13.534002919449897
15,30,13993.966720373413,14044.255962293653,910.0370370370371,908.9074074074074,14.990022927080933,14.213223355492133
16,30,14130.406416489612,14187.325743693802,855.5185185185185,855.0833333333334,15.857134762354208,14.990022927080933
17,30,14063.418284086278,14128.849634882676,859.0185185185185,858.8703703703703,16.73930680095249,15.857134762354208
18,30,12504.546324276527,12557.659869626234,1012.175925925926,1011.4814814814815,18.185193908963573,16.73930680095249
19,30,11351.356433068095,11413.109811286233,914.8888888888889,914.7129629629629,20.03230371924933,18.185193908963573
20,30,7984.859310425723,8017.985054297101,1379.75,1379.148148148148,36.47608118563621,20.03230371924933
1,31,19636.144308618044,19805.481121296823,1635.648148148148,1635.9351851851852,3.2207496030095855,0.0
2,31,16727.118901914535,16853.984335161353,1664.601851851852,1665.9074074074074,4.209577041627323,3.2207496030095855
3,31,17269.575548906316,17383.02591853826,1437.0648148148148,1437.9444444444443,5.273829034979965,4.209577041627323
4,31,15408.144832735557,15529.601688589884,1410.0555555555557,1411.5833333333333,6.2193607634696795,5.273829034979965
5,31,16435.72692525824,16545.761026201417,1230.8425925925926,1230.4814814814815,7.099010562158709,6.2193607634696795
6,31,16238.005890084978,16342.68444412887,1191.7407407407406,1191.601851851852,8.009865765886136,7.099010562158709
7,31,15776.59988267644,15865.585696387117,1219.6666666666667,1220.138888888889,9.067303845096996,8.009865765886136
8,31,15714.108443747662,15793.05013965833,1079.6666666666667,1078.8333333333333,10.04996750303151,9.067303845096996
9,31,15283.744848519587,15365.190617364746,1078.8333333333333,1078.5277777777778,10.757118479298125,10.04996750303151
10,31,14959.720148230914,15046.724288401612,1101.8055555555557,1102.0092592592594,11.497848880095894,10.757118479298125
11,31,14467.026208970658,14561.817460741278,1026.8055555555557,1026.537037037037,12.109091001333718,11.497848880095894
12,31,13832.167674057344,13916.451534210357,1121.7777777777778,1121.7777777777778,12.807556292781596,12.109091001333718
13,31,14142.5047942572,14214.002802140412,978.6944444444445,978.25,13.534002919449897,12.807556292781596
14,31,14382.095259559548,14452.122386501105,937.8703703703703,937.4351851851852,14.213223355492133,13.534002919449897
15,31,13878.216125900413,13947.592377560612,904.5,904.5092592592592,14.990022927080933,14.213223355492133
16,31,14230.655547390685,14294.06216303812,861.7592592592592,861.6111111111111,15.857134762354208,14.990022927080933
17,31,14005.783297046422,14069.325990358293,857.6481481481482,856.8703703703703,16.73930680095249,15.857134762354208
18,31,12685.553093354602,12744.832850872386,1014.4537037037037,1014.324074074074,18.185193908963573,16.73930680095249
19,31,11355.974654157288,11396.911790818609,916.0277777777778,915.3981481481482,20.03230371924933,18.185193908963573
20,31,7961.878231337088,8001.393032994323,1375.9537037037037,1375.7407407407406,36.47608118563621,20.03230371924933
1,32,19549.64139705507,19632.001742689376,1638.9166666666667,1640.0740740740741,3.2207496030095855,0.0
2,32,16805.05803626117,16947.293445610016,1667.6666666666667,1669.0555555555557,4.209577041627323,3.2207496030095855
3,32,17289.9385646613,17423.96038805125,1437.9537037037037,1438.9907407407406,5.273829034979965,4.209577041627323
4,32,15468.928254675355,15574.008906892383,1411.4814814814815,1412.2407407407406,6.2193607634696795,5.273829034979965
5,32,16482.90195190827,16598.865806088765,1229.9722222222222,1230.5185185185185,7.099010562158709,6.2193607634696795
6,32,16469.381060333053,16570.85335456332,1185.0185185185185,1184.111111111111,8.009865765886136,7.099010562158709
7,32,15650.794666596455,15748.638404013527,1216.4444444444443,1216.388888888889,9.067303845096996,8.009865765886136
8,32,15824.280527273133,15901.251780817796,1078.0,1077.888888888889,10.04996750303151,9.067303845096996
9,32,15041.670752350903,15131.722566748429,1073.5740740740741,1072.6296296296296,10.757118479298125,10.04996750303151
10,32,14931.51518097604,15017.814909356375,1101.9074074074074,1102.212962962963,11.497848880095894,10.757118479298125
11,32,14482.673481309577,14566.17800289324,1029.9814814814815,1029.0555555555557,12.109091001333718,11.497848880095894
12,32,14788.773717145235,14863.889139166595,1123.1759259259259,1123.0277777777778,12.807556292781596,12.109091001333718
13,32,14234.071213195264,14300.758267917883,982.925925925926,982.6111111111111,13.534002919449897,12.807556292781596
14,32,14443.431765746112,14515.73342370862,934.5555555555555,934.0555555555555,14.213223355492133,13.534002919449897
15,32,13814.534726382648,13880.279352429758,906.324074074074,905.7129629629629,14.990022927080933,14.213223355492133
16,32,14107.232794972993,14180.336363777807,857.7777777777778,857.0277777777778,15.857134762354208,14.990022927080933
17,32,14041.201342425207,14106.724997877733,853.175925925926,853.675925925926,16.73930680095249,15.857134762354208
18,32,12733.32723180541,12824.055678460827,1019.2129629629629,1019.5277777777778,18.185193908963573,16.73930680095249
19,32,11510.200603488958,11572.182177207918,917.9444444444445,918.0277777777778,20.03230371924933,18.185193908963573
20,32,7852.181062796989,7847.910931649247,1379.4074074074074,1378.5833333333333,36.47608118563621,20.03230371924933
1,33,19047.832249454983,19119.367537488677,1639.4074074074074,1640.6296296296296,3.2207496030095855,0.0
2,33,16624.047131330273,16728.567063090093,1663.0,1663.6296296296296,4.209577041627323,3.2207496030095855
3,33,17086.64651007531,17213.546350696262,1436.6574074074074,1436.6296296296296,5.273829034979965,4.209577041627323
4,33,15494.00572953105,15619.401471635048,1412.5833333333333,1414.537037037037,6.2193607634696795,5.273829034979965
5,33,16399.407297997626,16522.645341965945,1226.6944444444443,1227.7592592592594,7.099010562158709,6.2193607634696795
6,33,16232.387703301512,16339.507526353933,1192.3148148148148,1193.398148148148,8.009865765886136,7.099010562158709
7,33,15707.07541881078,15803.673674628919,1217.7222222222222,1217.7407407407406,9.067303845096996,8.009865765886136
8,33,15698.307359864493,15818.263810829756,1081.2222222222222,1081.1944444444443,10.04996750303151,9.067303845096996
9,33,15309.887807656165,15371.784288946636,1083.4259259259259,1082.7777777777778,10.757118479298125,10.04996750303151
10,33,14764.882054761181,14849.929429969494,1100.0092592592594,1099.9444444444443,11.497848880095894,10.757118479298125
11,33,14387.044921270932,14474.337804644507,1023.4722222222222,1023.8703703703703,12.109091001333718,11.497848880095894
12,33,13732.009267858617,13812.70894246247,1124.7685185185185,1124.5462962962963,12.807556292781596,12.109091001333718
13,33,14334.561687161871,14421.000129669113,980.9722222222222,980.9629629629629,13.534002919449897,12.807556292781596
14,33,15377.060387218371,15449.369630022278,935.6018518518518,935.3888888888889,14.213223355492133,13.534002919449897
15,33,13869.622749574175,13950.49453128033,905.9814814814815,905.675925925926,14.990022927080933,14.213223355492133
16,33,14214.708526643877,14277.330965150872,860.425925925926,859.1666666666666,15.857134762354208,14.990022927080933
17,33,14026.090458991857,14085.242824725192,853.8518518518518,853.4351851851852,16.73930680095249,15.857134762354208
18,33,12601.44190230939,12677.946728680658,1017.1851851851852,1016.5555555555555,18.185193908963573,16.73930680095249
19,33,11324.854071669086,11380.56448041204,914.8148148148148,914.3148148148148,20.03230371924933,18.185193908963573
20,33,8016.089920658146,8064.476809804385,1375.3055555555557,1373.2592592592594,36.47608118563621,20.03230371924933
1,34,19224.323388033314,19293.082673539364,1638.898148148148,1640.3055555555557,3.2207496030095855,0.0
2,34,16758.204780175638,16872.069140285927,1663.037037037037,1663.8148148148148,4.209577041627323,3.2207496030095855
3,34,17258.151014445146,17392.910762610543,1434.1666666666667,1435.7037037037037,5.273829034979965,4.209577041627323
4,34,15516.656288264669,15625.005434422768,1410.851851851852,1411.287037037037,6.2193607634696795,5.273829034979965
5,34,16409.922920446177,16521.42906922263,1228.9722222222222,1228.5185185185185,7.099010562158709,6.2193607634696795
6,34,16309.620807240119,16424.64515157162,1195.388888888889,1195.8148148148148,8.009865765886136,7.099010562158709
7,34,15841.544803352017,15944.43782199064,1222.4351851851852,1223.2592592592594,9.067303845096996,8.009865765886136
8,34,15745.212790437936,15822.370158864198,1078.2592592592594,1078.8703703703704,10.04996750303151,9.067303845096996
9,34,15111.357129240374,15210.358539565535,1075.851851851852,1075.4444444444443,10.757118479298125,10.04996750303151
10,34,14825.767461342717,14884.824986049744,1095.5925925925926,1095.148148148148,11.497848880095894,10.757118479298125
11,34,14539.98371957798,14613.28511306213,1028.9259259259259,1028.388888888889,12.109091001333718,11.497848880095894
12,34,13341.000628789898,13419.731447685415,1123.8796296296296,1123.5462962962963,12.807556292781596,12.109091001333718
13,34,14218.652774467635,14296.650330430035,976.8518518518518,977.0185185185185,13.534002919449897,12.807556292781596
14,34,14978.715306722806,15044.33505973303,942.4351851851852,941.425925925926,14.213223355492133,13.534002919449897
15,34,13960.264374021523,14026.349552962669,909.6944444444445,909.1296296296297,14.990022927080933,14.213223355492133
16,34,14259.30103625229,14346.766686948324,860.6666666666666,860.6203703703703,15.857134762354208,14.990022927080933
17,34,13918.316205421175,13983.71691630185,854.7592592592592,854.4166666666666,16.73930680095249,15.857134762354208
18,34,12668.055992005255,12740.626141791858,1012.4444444444445,1012.1574074074074,18.185193908963573,16.73930680095249
19,34,11394.359133650314,11448.158644039402,913.6388888888889,913.5,20.03230371924933,18.185193908963573
20,34,8161.724306321989,8194.297937358557,1378.6666666666667,1377.0462962962963,36.47608118563621,20.03230371924933
1,35,19422.89269062288,19494.705794585137,1628.5277777777778,1629.4351851851852,3.2207496030095855,0.0
2,35,16813.433292117497,16919.15622972779,1668.75,1669.4351851851852,4.209577041627323,3.2207496030095855
3,35,17296.02834415376,17384.045823094293,1427.8333333333333,1427.8425925925926,5.273829034979965,4.209577041627323
4,35,15423.685353436318,15550.153873742676,1412.1203703703704,1413.9259259259259,6.2193607634696795,5.273829034979965
5,35,16312.152326575891,16443.50895284377,1226.9537037037037,1227.9444444444443,7.099010562158709,6.2193607634696795
6,35,15953.22285320242,16058.231350523409,1186.6944444444443,1187.138888888889,8.009865765886136,7.099010562158709
7,35,15951.006218130577,16028.517242288533,1227.9814814814815,1227.4259259259259,9.067303845096996,8.009865765886136
8,35,15766.913445077991,15897.228793378205,1083.2592592592594,1083.3148148148148,10.04996750303151,9.067303845096996
9,35,15152.315546501542,15220.897371498948,1072.4444444444443,1072.3148148148148,10.757118479298125,10.04996750303151
10,35,15089.602801933119,15167.44259426953,1105.4259259259259,1104.1759259259259,11.497848880095894,10.757118479298125
11,35,14453.777309752975,14528.127363317592,1030.111111111111,1029.8425925925926,12.109091001333718,11.497848880095894
12,35,13830.405817337847,13901.666979641017,1129.5648148148148,1129.1851851851852,12.807556292781596,12.109091001333718
13,35,14225.807693731462,14312.098342747275,979.6944444444445,980.1851851851852,13.534002919449897,12.807556292781596
14,35,14907.895476876334,14975.41276892577,941.5277777777778,941.1666666666666,14.213223355492133,13.534002919449897
15,35,13935.647120859134,14012.871430441865,907.8981481481482,908.1296296296297,14.990022927080933,14.213223355492133
16,35,14356.02826393862,14425.098581682849,858.2129629629629,858.1203703703703,15.857134762354208,14.990022927080933
17,35,14035.707815620242,14104.456876965156,856.8055555555555,856.175925925926,16.73930680095249,15.857134762354208
18,35,12732.818527172385,12791.782710473484,1014.2592592592592,1013.6851851851852,18.185193908963573,16.73930680095249
19,35,11291.883454729348,11353.308639387866,912.2314814814815,912.0833333333334,20.03230371924933,18.185193908963573
20,35,8120.170514017156,8114.861102974824,1375.1203703703704,1373.888888888889,36.47608118563621,20.03230371924933
1,36,20087.101702658067,20240.002498888774,1637.8703703703704,1639.3425925925926,3.2207496030095855,0.0
2,36,16771.590549080996,16914.898005230432,1660.5277777777778,1660.9444444444443,4.209577041627323,3.2207496030095855
3,36,17302.355738100112,17404.948559536293,1431.2314814814815,1431.2592592592594,5.273829034979965,4.209577041627323
4,36,15435.342653019272,15556.829071514509,1412.2685185185185,1412.7222222222222,6.2193607634696795,5.273829034979965
5,36,16518.457084651294,16641.13451025458,1231.7962962962963,1231.9907407407406,7.099010562158709,6.2193607634696795
6,36,16450.564826412505,16577.09365070687,1193.8148148148148,1193.1944444444443,8.009865765886136,7.099010562158709
7,36,15778.467130182335,15894.699562285574,1216.8055555555557,1216.9074074074074,9.067303845096996,8.009865765886136
8,36,15827.08196405766,15913.4129114755,1080.8333333333333,1080.1851851851852,10.04996750303151,9.067303845096996
9,36,15161.074094383834,15260.328056622637,1076.7222222222222,1076.9907407407406,10.757118479298125,10.04996750303151
10,36,14918.354242692069,15012.268727458977,1101.888888888889,1101.6851851851852,11.497848880095894,10.757118479298125
11,36,14478.778128328442,14560.857998178422,1034.361111111111,1034.3796296296296,12.109091001333718,11.497848880095894
12,36,13944.934560122874,14028.009680655563,1121.5648148148148,1122.1574074074074,12.807556292781596,12.109091001333718
13,36,14221.846389206832,14289.307451836956,976.9537037037037,976.675925925926,13.534002919449897,12.807556292781596
14,36,15105.418055682465,15163.805178952052,939.4074074074074,938.5092592592592,14.213223355492133,13.534002919449897
15,36,13891.73240977741,13975.036174451114,904.2870370370371,904.4537037037037,14.990022927080933,14.213223355492133
16,36,14246.25261319391,14299.455233623392,862.9166666666666,862.5833333333334,15.857134762354208,14.990022927080933
17,36,13964.822881971722,14048.213135165559,855.2777777777778,855.4722222222222,16.73930680095249,15.857134762354208
18,36,12868.0266040136,12909.517420581858,1018.2870370370371,1017.6851851851852,18.185193908963573,16.73930680095249
19,36,11453.353031879698,11535.933086711842,917.2870370370371,917.5185185185185,20.03230371924933,18.185193908963573
20,36,8058.529561501031,8042.442172077635,1371.3148148148148,1370.7592592592594,36.47608118563621,20.03230371924933
1,37,19918.108208746038,20066.11003777582,1636.148148148148,1636.9444444444443,3.2207496030095855,0.0
2,37,16844.22480804872,16965.57453147415,1670.2962962962963,1671.4351851851852,4.209577041627323,3.2207496030095855
3,37,17087.11020077873,17198.08048635444,1433.101851851852,1433.8055555555557,5.273829034979965,4.209577041627323
4,37,15471.395874189106,15584.196611563946,1408.5462962962963,1409.6574074074074,6.2193607634696795,5.273829034979965
5,37,16448.07725910302,16574.437279072994,1232.6759259259259,1232.9907407407406,7.099010562158709,6.2193607634696795
6,37,16292.110005681632,16379.500809703217,1190.1759259259259,1189.4907407407406,8.009865765886136,7.099010562158709
7,37,15818.226337361599,15916.864470739678,1219.5740740740741,1219.9537037037037,9.067303845096996,8.009865765886136
8,37,15723.138604641192,15801.123675820287,1074.8055555555557,1075.1296296296296,10.04996750303151,9.067303845096996
9,37,15141.812504945823,15214.763786100646,1076.037037037037,1075.2037037037037,10.757118479298125,10.04996750303151
10,37,14935.779263589977,15035.63554289024,1104.9814814814815,1104.7592592592594,11.497848880095894,10.757118479298125
11,37,14460.762585278184,14530.50618168821,1027.4722222222222,1027.3240740740741,12.109091001333718,11.497848880095894
12,37,14119.632285964672,14200.713247146166,1126.851851851852,1126.6574074074074,12.807556292781596,12.109091001333718
13,37,14292.349133717586,14365.882485336959,981.3333333333334,980.8425925925926,13.534002919449897,12.807556292781596
14,37,15109.757651274327,15027.913036704644,939.0,937.9907407407408,14.213223355492133,13.534002919449897
15,37,13824.262367290468,13897.168522788328,900.9351851851852,900.6388888888889,14.990022927080933,14.213223355492133
16,37,14067.629264187559,14171.52799738606,857.0185185185185,856.7685185185185,15.857134762354208,14.990022927080933
17,37,13969.716282843856,14028.076914621694,856.0833333333334,856.2777777777778,16.73930680095249,15.857134762354208
18,37,12950.964834693448,13031.33920824443,1020.3796296296297,1020.3425925925926,18.185193908963573,16.73930680095249
19,37,11484.407779144283,11534.365424939293,915.25,915.2129629629629,20.03230371924933,18.185193908963573
20,37,7912.226055679687,7896.72963953137,1374.75,1373.9907407407406,36.47608118563621,20.03230371924933
1,38,18848.715982014175,19078.306165277714,1626.1574074074074,1626.7037037037037,3.2207496030095855,0.0
2,38,16795.75084434896,16895.120965504128,1664.1574074074074,1664.0277777777778,4.209577041627323,3.2207496030095855
3,38,17140.029476122898,17288.417926047536,1430.5092592592594,1431.4814814814815,5.273829034979965,4.209577041627323
4,38,15484.773860002657,15594.06554564468,1411.638888888889,1412.6296296296296,6.2193607634696795,5.273829034979965
5,38,16317.01346929794,16440.036039365932,1225.6574074074074,1226.851851851852,7.099010562158709,6.2193607634696795
6,38,16358.276752426229,16458.75999598713,1195.7314814814815,1196.3703703703704,8.009865765886136,7.099010562158709
7,38,15818.479264523692,15914.80497520334,1217.5648148148148,1216.7222222222222,9.067303845096996,8.009865765886136
8,38,15878.815934707854,15953.59633911527,1083.111111111111,1082.537037037037,10.04996750303151,9.067303845096996
9,38,15238.894067912102,15311.745597002433,1077.101851851852,1076.1851851851852,10.757118479298125,10.04996750303151
10,38,15075.093757616281,15145.219178157906,1103.1944444444443,1103.037037037037,11.497848880095894,10.757118479298125
11,38,14548.630356492728,14631.60440546449,1032.1851851851852,1032.5185185185185,12.109091001333718,11.497848880095894
12,38,13856.598736618504,13928.564474820936,1128.7314814814815,1128.601851851852,12.807556292781596,12.109091001333718
13,38,14367.66719310143,14459.758527295784,982.4629629629629,983.0462962962963,13.534002919449897,12.807556292781596
14,38,16016.157585596004,16100.707143002857,945.8148148148148,945.3981481481482,14.213223355492133,13.534002919449897
15,38,13907.567328188776,13971.238121130466,903.2962962962963,902.7222222222222,14.990022927080933,14.213223355492133
16,38,14266.651923046433,14349.332878356343,861.0555555555555,861.0555555555555,15.857134762354208,14.990022927080933
17,38,13827.504967239125,13887.405790492832,850.0370370370371,849.5648148148148,16.73930680095249,15.857134762354208
18,38,12763.326633911605,12815.367345368726,1015.0185185185185,1014.2129629629629,18.185193908963573,16.73930680095249
19,38,11488.989050120887,11556.851813946552,919.0925925925926,919.074074074074,20.03230371924933,18.185193908963573
20,38,8122.923787000227,8165.060147659259,1372.898148148148,1372.6759259259259,36.47608118563621,20.03230371924933
1,39,19699.768738645613,19747.249292475553,1633.9074074074074,1636.2037037037037,3.2207496030095855,0.0
2,39,17023.73712480068,17127.743004297256,1673.3796296296296,1672.9259259259259,4.209577041627323,3.2207496030095855
3,39,17044.862038955867,17136.980261090197,1430.537037037037,1431.0925925925926,5.273829034979965,4.209577041627323
4,39,15487.24470598173,15608.396187019951,1411.8425925925926,1413.1759259259259,6.2193607634696795,5.273829034979965
5,39,16372.499269760114,16485.00870766144,1226.4074074074074,1226.8055555555557,7.099010562158709,6.2193607634696795
6,39,16301.200957601563,16380.926403184681,1186.611111111111,1187.6944444444443,8.009865765886136,7.099010562158709
7,39,15736.752027363333,15832.960414641862,1221.962962962963,1220.962962962963,9.067303845096996,8.009865765886136
8,39,15566.323838609744,15669.38855074856,1079.101851851852,1079.9537037037037,10.04996750303151,9.067303845096996
9,39,15353.089782501966,15439.47427586966,1071.2962962962963,1071.3055555555557,10.757118479298125,10.04996750303151
10,39,14966.603066566018,15036.747278016219,1097.6851851851852,1097.9907407407406,11.497848880095894,10.757118479298125
11,39,14532.677705954786,14608.47708575298,1027.962962962963,1027.9259259259259,12.109091001333718,11.497848880095894
12,39,14571.439344129634,14641.328650684864,1126.9166666666667,1126.5462962962963,12.807556292781596,12.109091001333718
13,39,14222.027286063305,14291.638705537884,982.6388888888889,982.1851851851852,13.534002919449897,12.807556292781596
14,39,14950.680723722411,15018.711452793914,933.3425925925926,932.8703703703703,14.213223355492133,13.534002919449897
15,39,13890.728801307188,13956.263499715496,905.7129629629629,904.9814814814815,14.990022927080933,14.213223355492133
16,39,14260.671364537466,14327.797639137378,863.4537037037037,863.1388888888889,15.857134762354208,14.990022927080933
17,39,14115.971288115137,14180.272148411248,854.0277777777778,853.4907407407408,16.73930680095249,15.857134762354208
18,39,12921.444876719477,12981.642027866748,1016.8888888888889,1016.1944444444445,18.185193908963573,16.73930680095249
19,39,11409.4026804198,11467.102756995126,918.5555555555555,917.9814814814815,20.03230371924933,18.185193908963573
20,39,8266.669489775011,8295.099171691623,1383.1851851851852,1381.9907407407406,36.47608118563621,20.03230371924933
1,40,18985.53951971158,19061.245430739633,1632.851851851852,1633.3055555555557,3.2207496030095855,0.0
2,40,16737.240789811196,16861.946938017165,1668.5277777777778,1668.9444444444443,4.209577041627323,3.2207496030095855
3,40,17267.985102305356,17366.49736808845,1433.9444444444443,1434.888888888889,5.273829034979965,4.209577041627323
4,40,15515.001314352061,15646.933662030495,1409.3425925925926,1409.9166666666667,6.2193607634696795,5.273829034979965
5,40,16429.47486110884,16536.410601711632,1228.3240740740741,1228.3796296296296,7.099010562158709,6.2193607634696795
6,40,16092.97702741333,16192.953441142581,1189.4814814814815,1189.287037037037,8.009865765886136,7.099010562158709
7,40,15783.056004374672,15889.98726409078,1218.4259259259259,1218.638888888889,9.067303845096996,8.009865765886136
8,40,15987.436732727634,16089.53005694752,1082.1666666666667,1082.2592592592594,10.04996750303151,9.067303845096996
9,40,15429.31462277055,15533.226180211195,1081.3240740740741,1081.2685185185185,10.757118479298125,10.04996750303151
10,40,14976.282855328378,15059.534777282632,1102.3055555555557,1102.4259259259259,11.497848880095894,10.757118479298125
11,40,14573.609892331095,14647.56286386176,1036.111111111111,1036.25,12.109091001333718,11.497848880095894
12,40,14272.56782150386,14463.588821475298,1125.6759259259259,1126.0740740740741,12.807556292781596,12.109091001333718
13,40,14282.473357428858,14354.308800059534,977.4814814814815,977.1851851851852,13.534002919449897,12.807556292781596
14,40,15871.353016640025,15781.256167138954,934.824074074074,934.75,14.213223355492133,13.534002919449897
15,40,13865.253625645675,13942.641109631768,904.175925925926,904.2870370370371,14.990022927080933,14.213223355492133
16,40,14141.611959390908,14221.247413844803,861.1574074074074,861.2129629629629,15.857134762354208,14.990022927080933
17,40,13983.484819295012,14056.82538371629,853.7685185185185,853.4444444444445,16.73930680095249,15.857134762354208
18,40,12740.828766006707,12795.752095200014,1014.0462962962963,1013.3796296296297,18.185193908963573,16.73930680095249
19,40,11451.035676223466,11507.93313823711,917.9629629629629,917.4444444444445,20.03230371924933,18.185193908963573
20,40,7837.881147504952,7866.130780958711,1373.5185185185185,1372.0740740740741,36.47608118563621,20.03230371924933
1,41,19115.141518272092,19254.884250891242,1633.5925925925926,1634.6851851851852,3.2207496030095855,0.0
2,41,16813.051551907032,16927.209476151886,1666.9907407407406,1667.5185185185185,4.209577041627323,3.2207496030095855
3,41,17273.501738433944,17375.73231471363,1430.287037037037,1431.0740740740741,5.273829034979965,4.209577041627323
4,41,15566.795818009841,15681.37936189143,1416.0092592592594,1417.8240740740741,6.2193607634696795,5.273829034979965
5,41,16420.042375973542,16515.015302642863,1229.9814814814815,1229.4814814814815,7.099010562158709,6.2193607634696795
6,41,16363.35212824945,16476.0148927922,1189.75,1189.638888888889,8.009865765886136,7.099010562158709
7,41,15773.872569505087,15854.236993928207,1222.1944444444443,1222.4907407407406,9.067303845096996,8.009865765886136
8,41,15862.985331119391,15915.660082208131,1081.7037037037037,1081.2592592592594,10.04996750303151,9.067303845096996
9,41,15191.845941748625,15281.960442634641,1079.611111111111,1079.3333333333333,10.757118479298125,10.04996750303151
10,41,14924.952812840045,15030.647719530663,1098.6759259259259,1099.1851851851852,11.497848880095894,10.757118479298125
11,41,14362.23190557675,14448.107927529058,1021.2777777777778,1020.9537037037037,12.109091001333718,11.497848880095894
12,41,14351.52063162781,14538.992987778654,1125.1296296296296,1124.3425925925926,12.807556292781596,12.109091001333718
13,41,14224.706474324359,14318.357567704146,981.4166666666666,981.5092592592592,13.534002919449897,12.807556292781596
14,41,14023.57138510084,14088.0160334159,937.5555555555555,937.2314814814815,14.213223355492133,13.534002919449897
15,41,13919.192675628788,13983.084619039158,906.824074074074,906.3148148148148,14.990022927080933,14.213223355492133
16,41,14298.173330715075,14372.778367655366,861.7222222222222,861.7037037037037,15.857134762354208,14.990022927080933
17,41,13983.866035949557,14048.194752681957,852.2222222222222,851.8148148148148,16.73930680095249,15.857134762354208
18,41,12786.148541724962,12846.213180678584,1017.0277777777778,1016.2129629629629,18.185193908963573,16.73930680095249
19,41,11411.579472657133,11464.550499764202,915.2407407407408,914.925925925926,20.03230371924933,18.185193908963573
20,41,7983.785635074997,8015.045181642081,1378.2037037037037,1377.9166666666667,36.47608118563621,20.03230371924933
1,42,19820.33005970779,20084.982669735826,1633.5092592592594,1635.0185185185185,3.2207496030095855,0.0
2,42,16861.819859031923,16971.830191662993,1667.6574074074074,1668.5462962962963,4.209577041627323,3.2207496030095855
3,42,17222.66337108887,17312.022940898576,1434.4074074074074,1435.2685185185185,5.273829034979965,4.209577041627323
4,42,15589.816218596867,15717.753260587275,1414.111111111111,1414.9722222222222,6.2193607634696795,5.273829034979965
5,42,16518.950126546915,16635.53292212248,1231.4907407407406,1231.7314814814815,7.099010562158709,6.2193607634696795
6,42,16134.146638412776,16218.836718654564,1187.8240740740741,1187.962962962963,8.009865765886136,7.099010562158709
7,42,15687.333236166813,15773.852615116826,1219.8425925925926,1220.25,9.067303845096996,8.009865765886136
8,42,15672.31017611811,15796.129045843774,1080.5555555555557,1081.648148148148,10.04996750303151,9.067303845096996
9,42,15207.665874871589,15285.62617618339,1072.9074074074074,1072.9722222222222,10.757118479298125,10.04996750303151
10,42,14869.949721173503,14964.850198298127,1094.9814814814815,1094.4907407407406,11.497848880095894,10.757118479298125
11,42,14478.137357212472,14545.448554966006,1026.8148148148148,1026.2962962962963,12.109091001333718,11.497848880095894
12,42,13866.286152776664,13935.441389503647,1125.5833333333333,1124.8796296296296,12.807556292781596,12.109091001333718
13,42,14258.69220392596,14326.547329298466,982.4814814814815,981.7962962962963,13.534002919449897,12.807556292781596
14,42,15043.917612910922,15120.972149302104,936.3425925925926,936.074074074074,14.213223355492133,13.534002919449897
15,42,14006.83546427062,14076.860683329005,909.9722222222222,909.4351851851852,14.990022927080933,14.213223355492133
16,42,14170.945848828393,14243.703694095919,858.8518518518518,857.9444444444445,15.857134762354208,14.990022927080933
17,42,13960.508916769611,14057.96422431277,852.2037037037037,851.4814814814815,16.73930680095249,15.857134762354208
18,42,12724.410080338215,12792.55615282169,1018.3425925925926,1018.0462962962963,18.185193908963573,16.73930680095249
19,42,11466.433566970103,11524.098120470098,919.7037037037037,919.4814814814815,20.03230371924933,18.185193908963573
20,42,7987.26072534373,8034.028682648882,1377.8333333333333,1377.1203703703704,36.47608118563621,20.03230371924933
1,43,19547.53079215377,19695.079596325424,1632.851851851852,1633.6666666666667,3.2207496030095855,0.0
2,43,16826.817219579178,16944.575003377908,1665.0092592592594,1665.6296296296296,4.209577041627323,3.2207496030095855
3,43,17228.36327347296,17386.732405139544,1431.4907407407406,1431.6574074074074,5.273829034979965,4.209577041627323
4,43,15502.818521972908,15608.01397611472,1414.6759259259259,1415.111111111111,6.2193607634696795,5.273829034979965
5,43,16398.26273583285,16505.1975547295,1226.8703703703704,1227.0555555555557,7.099010562158709,6.2193607634696795
6,43,16040.039585810679,16156.796397664048,1189.9537037037037,1190.7592592592594,8.009865765886136,7.099010562158709
7,43,15749.170869579604,15832.71516375508,1216.0,1216.0,9.067303845096996,8.009865765886136
8,43,15750.386207110116,15812.716954381262,1074.1944444444443,1073.9074074074074,10.04996750303151,9.067303845096996
9,43,15172.700311149085,15273.615745137467,1074.0185185185185,1073.25,10.757118479298125,10.04996750303151
10,43,14790.870027058956,14865.928074350564,1094.9074074074074,1094.787037037037,11.497848880095894,10.757118479298125
11,43,14444.281040207696,14542.736708774219,1029.787037037037,1030.148148148148,12.109091001333718,11.497848880095894
12,43,13764.72684050697,13952.087956138554,1131.8796296296296,1131.6203703703704,12.807556292781596,12.109091001333718
13,43,14193.643085319922,14268.695720094185,980.9166666666666,980.3055555555555,13.534002919449897,12.807556292781596
14,43,14640.309604071737,14721.790072749349,940.5555555555555,940.7962962962963,14.213223355492133,13.534002919449897
15,43,13924.307438755857,14013.568775970574,909.2592592592592,909.8333333333334,14.990022927080933,14.213223355492133
16,43,14397.31784113862,14461.009344696246,862.6296296296297,861.8981481481482,15.857134762354208,14.990022927080933
17,43,14106.23418920252,14184.696465139392,859.324074074074,859.3425925925926,16.73930680095249,15.857134762354208
18,43,12761.351185854473,12825.954813847724,1015.9629629629629,1015.8055555555555,18.185193908963573,16.73930680095249
19,43,11513.781466833685,11560.568632650202,920.5555555555555,920.0185185185185,20.03230371924933,18.185193908963573
20,43,7969.982785133814,7962.013087896053,1374.5740740740741,1373.8240740740741,36.47608118563621,20.03230371924933
1,44,19524.625705917846,19680.82357092057,1627.787037037037,1628.9537037037037,3.2207496030095855,0.0
2,44,16730.618748173085,16855.212145805974,1665.4351851851852,1666.787037037037,4.209577041627323,3.2207496030095855
3,44,17155.044518407063,17277.958353826456,1429.8333333333333,1430.3796296296296,5.273829034979965,4.209577041627323
4,44,15629.61046105718,15735.804997437643,1416.0648148148148,1415.9907407407406,6.2193607634696795,5.273829034979965
5,44,16491.77863443131,16597.23868168909,1236.7314814814815,1236.787037037037,7.099010562158709,6.2193607634696795
6,44,16335.642673423325,16447.46792610482,1190.0740740740741,1190.4259259259259,8.009865765886136,7.099010562158709
7,44,15809.795537272064,15907.097132285286,1221.3333333333333,1221.712962962963,9.067303845096996,8.009865765886136
8,44,15556.92297333567,15630.367143094176,1079.5185185185185,1079.537037037037,10.04996750303151,9.067303845096996
9,44,15282.556537530098,15351.523188033329,1076.7037037037037,1076.7037037037037,10.757118479298125,10.04996750303151
10,44,14767.867783644911,14846.161864706339,1099.6296296296296,1099.3333333333333,11.497848880095894,10.757118479298125
11,44,14473.693576853955,14557.907425497038,1032.4074074074074,1032.0740740740741,12.109091001333718,11.497848880095894
12,44,14296.880882433159,14373.10458146237,1129.4722222222222,1129.25,12.807556292781596,12.109091001333718
13,44,14121.047994751554,14194.947573725127,976.9074074074074,976.6481481481482,13.534002919449897,12.807556292781596
14,44,15078.572763245216,15169.647487530327,939.5833333333334,940.3981481481482,14.213223355492133,13.534002919449897
15,44,13942.87995840404,14007.182023431791,903.8333333333334,903.6111111111111,14.990022927080933,14.213223355492133
16,44,14178.72806134742,14250.084946134208,859.9351851851852,859.074074074074,15.857134762354208,14.990022927080933
17,44,13953.513021140421,14016.789777400598,851.75,852.0185185185185,16.73930680095249,15.857134762354208
18,44,12629.686849092564,12686.523005805435,1021.0370370370371,1020.7037037037037,18.185193908963573,16.73930680095249
19,44,11439.267665930638,11484.833308637,915.4074074074074,914.6018518518518,20.03230371924933,18.185193908963573
20,44,7987.361923757617,8016.358320086424,1371.9722222222222,1370.4259259259259,36.47608118563621,20.03230371924933
1,45,19570.318537822266,19697.243547428185,1642.3425925925926,1644.1203703703704,3.2207496030095855,0.0
2,45,16751.038088714962,16905.923930601308,1661.75,1662.851851851852,4.209577041627323,3.2207496030095855
3,45,17030.797393397806,17188.78364132142,1432.101851851852,1431.7407407407406,5.273829034979965,4.209577041627323
4,45,15500.465732183293,15585.525011981888,1411.5462962962963,1411.601851851852,6.2193607634696795,5.273829034979965
5,45,16433.887951751112,16540.31547122562,1227.2962962962963,1227.7037037037037,7.099010562158709,6.2193607634696795
6,45,16168.716960313408,16297.710572842114,1191.0092592592594,1192.398148148148,8.009865765886136,7.099010562158709
7,45,15886.668949635106,15966.016291993032,1222.1851851851852,1222.0,9.067303845096996,8.009865765886136
8,45,15733.141279654263,15810.698540628639,1078.2962962962963,1078.037037037037,10.04996750303151,9.067303845096996
9,45,15280.076705473728,15336.95048812279,1075.5185185185185,1075.4259259259259,10.757118479298125,10.04996750303151
10,45,15076.799963998652,15160.708985368443,1098.4537037037037,1098.6296296296296,11.497848880095894,10.757118479298125
11,45,14561.058822245615,14645.979978477502,1032.398148148148,1031.648148148148,12.109091001333718,11.497848880095894
12,45,13654.846189035545,13730.28832678362,1119.6944444444443,1119.4722222222222,12.807556292781596,12.109091001333718
13,45,14278.319761006891,14366.475918944445,980.3333333333334,979.9907407407408,13.534002919449897,12.807556292781596
14,45,14349.961228693099,14425.37439269669,936.6574074074074,936.1666666666666,14.213223355492133,13.534002919449897
15,45,13953.42456270213,14029.718151734876,905.9907407407408,905.8703703703703,14.990022927080933,14.213223355492133
16,45,14384.340111789112,14444.642030707628,864.8888888888889,864.2592592592592,15.857134762354208,14.990022927080933
17,45,14027.033131546827,14111.46064937781,852.6018518518518,852.3333333333334,16.73930680095249,15.857134762354208
18,45,12589.77208287913,12651.394123922228,1020.0925925925926,1019.7222222222222,18.185193908963573,16.73930680095249
19,45,11436.020806491942,11500.108567601994,918.3518518518518,918.4444444444445,20.03230371924933,18.185193908963573
20,45,8091.950294281195,8124.622364224585,1373.9074074074074,1373.0,36.47608118563621,20.03230371924933
1,46,19196.246861659387,19281.892775737226,1624.1296296296296,1625.9537037037037,3.2207496030095855,0.0
2,46,16675.963469446517,16798.93953026016,1665.7777777777778,1665.7407407407406,4.209577041627323,3.2207496030095855
3,46,17201.2885200347,17299.13040537263,1435.3148148148148,1434.787037037037,5.273829034979965,4.209577041627323
4,46,15413.311470430788,15547.3897028871,1414.388888888889,1415.712962962963,6.2193607634696795,5.273829034979965
5,46,16448.995372809608,16570.130453856596,1225.4537037037037,1226.4814814814815,7.099010562158709,6.2193607634696795
6,46,16692.759873145176,16787.607465091503,1198.5277777777778,1198.638888888889,8.009865765886136,7.099010562158709
7,46,15805.541878170912,15940.454645520418,1219.5185185185185,1220.388888888889,9.067303845096996,8.009865765886136
8,46,15773.452225068759,15894.681302253619,1079.101851851852,1079.7592592592594,10.04996750303151,9.067303845096996
9,46,15324.812026415831,15408.042224077593,1069.9074074074074,1069.5740740740741,10.757118479298125,10.04996750303151
10,46,14803.098777847019,14880.52149062064,1100.212962962963,1100.7592592592594,11.497848880095894,10.757118479298125
11,46,14341.676379996827,14412.3854385511,1023.3703703703703,1022.8611111111111,12.109091001333718,11.497848880095894
12,46,13397.00091293863,13468.261819824042,1128.5925925925926,1127.8240740740741,12.807556292781596,12.109091001333718
13,46,14230.85202322816,14303.238946462121,986.5,986.2037037037037,13.534002919449897,12.807556292781596
14,46,14650.500253202476,14714.067832980798,939.2685185185185,938.6018518518518,14.213223355492133,13.534002919449897
15,46,13951.023508860257,14015.334643587501,908.3981481481482,908.2037037037037,14.990022927080933,14.213223355492133
16,46,14262.136084038744,14333.241690227824,862.3148148148148,861.8333333333334,15.857134762354208,14.990022927080933
17,46,13960.440168242118,14033.521817784793,854.7222222222222,854.2129629629629,16.73930680095249,15.857134762354208
18,46,12721.763949217568,12798.235862834626,1014.5370370370371,1014.4166666666666,18.185193908963573,16.73930680095249
19,46,11472.33799145923,11515.277706197652,919.5277777777778,918.7592592592592,20.03230371924933,18.185193908963573
20,46,8096.866163533735,8119.2581466102,1375.851851851852,1374.7037037037037,36.47608118563621,20.03230371924933
1,47,19130.700926999765,19297.863286369466,1637.9259259259259,1638.5740740740741,3.2207496030095855,0.0
2,47,16849.400881638747,16977.30838110689,1664.5092592592594,1665.351851851852,4.209577041627323,3.2207496030095855
3,47,17190.177260892866,17350.989206712547,1434.9351851851852,1435.861111111111,5.273829034979965,4.209577041627323
4,47,15523.333079805248,15624.230399679998,1415.0185185185185,1415.851851851852,6.2193607634696795,5.273829034979965
5,47,16459.287687695425,16564.87496484186,1231.1574074074074,1231.2592592592594,7.099010562158709,6.2193607634696795
6,47,16461.620944690443,16560.51557348619,1193.388888888889,1194.148148148148,8.009865765886136,7.099010562158709
7,47,15825.50778777443,15917.940130407484,1216.9722222222222,1217.037037037037,9.067303845096996,8.009865765886136
8,47,15771.350648813646,15850.498715063577,1081.1851851851852,1081.25,10.04996750303151,9.067303845096996
9,47,15115.027995258182,15205.857383621214,1075.712962962963,1075.5,10.757118479298125,10.04996750303151
10,47,15055.4030241946,15126.679758486858,1094.8425925925926,1094.8703703703704,11.497848880095894,10.757118479298125
11,47,14435.124648281086,14494.278732757188,1028.212962962963,1027.3148148148148,12.109091001333718,11.497848880095894
12,47,14179.919731128628,14256.103322938314,1126.4722222222222,1126.8055555555557,12.807556292781596,12.109091001333718
13,47,14259.996458369134,14341.537157738205,979.6481481481482,979.75,13.534002919449897,12.807556292781596
14,47,15403.997595407573,15487.26846964427,935.8981481481482,935.6481481481482,14.213223355492133,13.534002919449897
15,47,13905.694500114892,13975.755007311938,905.6203703703703,905.5370370370371,14.990022927080933,14.213223355492133
16,47,14253.74996773533,14333.134842652407,858.5833333333334,858.1296296296297,15.857134762354208,14.990022927080933
17,47,14074.026819830613,14128.742779180575,857.1018518518518,856.4907407407408,16.73930680095249,15.857134762354208
18,47,12744.81980439249,12779.383599167593,1014.8796296296297,1014.5462962962963,18.185193908963573,16.73930680095249
19,47,11333.034609072902,11384.306257507635,913.3981481481482,912.7777777777778,20.03230371924933,18.185193908963573
20,47,8341.985714055938,8380.483222061792,1379.9537037037037,1378.712962962963,36.47608118563621,20.03230371924933
1,48,19107.191716993042,19347.522675276694,1635.8055555555557,1637.0740740740741,3.2207496030095855,0.0
2,48,16944.031461819264,17063.873076474443,1673.5833333333333,1674.712962962963,4.209577041627323,3.2207496030095855
3,48,17156.636528078594,17338.533433556597,1430.361111111111,1432.138888888889,5.273829034979965,4.209577041627323
4,48,15518.67435596215,15615.94886324245,1415.2314814814815,1415.0833333333333,6.2193607634696795,5.273829034979965
5,48,16594.73060885309,16715.87937600271,1234.4537037037037,1235.1296296296296,7.099010562158709,6.2193607634696795
6,48,16277.307942937105,16364.112949526405,1189.851851851852,1190.101851851852,8.009865765886136,7.099010562158709
7,48,15798.568774324165,15874.507154932951,1220.3240740740741,1220.212962962963,9.067303845096996,8.009865765886136
8,48,15636.511882017208,15741.451505545256,1073.6203703703704,1073.6574074074074,10.04996750303151,9.067303845096996
9,48,15184.386602989936,15261.385495452892,1076.8425925925926,1076.5555555555557,10.757118479298125,10.04996750303151
10,48,14971.52747830564,15051.795229679641,1103.4537037037037,1104.0092592592594,11.497848880095894,10.757118479298125
11,48,14312.054749906012,14381.489664178851,1024.5740740740741,1023.3703703703703,12.109091001333718,11.497848880095894
12,48,14409.865810770438,14479.634514362071,1127.5277777777778,1126.9166666666667,12.807556292781596,12.109091001333718
13,48,14140.621721407324,14228.597175704586,978.3333333333334,977.9629629629629,13.534002919449897,12.807556292781596
14,48,15931.753740195465,16006.189690460396,935.1574074074074,934.425925925926,14.213223355492133,13.534002919449897
15,48,13903.892188314228,13971.842905960173,903.074074074074,902.9166666666666,14.990022927080933,14.213223355492133
16,48,14326.929573998263,14404.180530814903,860.9166666666666,861.1481481481482,15.857134762354208,14.990022927080933
17,48,13854.441230910203,13928.334135514267,849.6666666666666,849.8981481481482,16.73930680095249,15.857134762354208
18,48,12667.084048736413,12759.396943801994,1021.1851851851852,1020.5370370370371,18.185193908963573,16.73930680095249
19,48,11501.016612001564,11552.727594682094,916.3796296296297,916.2777777777778,20.03230371924933,18.185193908963573
20,48,8122.774973019625,8140.486897736803,1375.0740740740741,1373.287037037037,36.47608118563621,20.03230371924933
1,49,18648.50300906331,18792.35966128747,1633.8796296296296,1635.4074074074074,3.2207496030095855,0.0
2,49,16933.423698892442,17056.298841534965,1674.4074074074074,1676.1851851851852,4.209577041627323,3.2207496030095855
3,49,17079.866280167244,17238.072788193167,1435.8148148148148,1436.037037037037,5.273829034979965,4.209577041627323
4,49,15528.177304894865,15656.720103466949,1411.462962962963,1412.888888888889,6.2193607634696795,5.273829034979965
5,49,16515.04586091997,16628.8593227552,1230.7962962962963,1231.8148148148148,7.099010562158709,6.2193607634696795
6,49,16449.285780310332,16588.1819336592,1192.0185185185185,1192.5648148148148,8.009865765886136,7.099010562158709
7,49,15749.367932668642,15825.692648071506,1217.9074074074074,1217.2314814814815,9.067303845096996,8.009865765886136
8,49,15833.384312987513,15934.62069045653,1076.1203703703704,1076.1944444444443,10.04996750303151,9.067303845096996
9,49,15353.150682563528,15446.976902753799,1079.4814814814815,1078.75,10.757118479298125,10.04996750303151
10,49,14941.88242523958,15048.879058735878,1094.9351851851852,1095.537037037037,11.497848880095894,10.757118479298125
11,49,14452.61597285804,14520.72461262559,1028.888888888889,1028.5925925925926,12.109091001333718,11.497848880095894
12,49,13587.18583410737,13657.206648009756,1119.1203703703704,1118.787037037037,12.807556292781596,12.109091001333718
13,49,14174.165699373798,14259.65082667414,977.1111111111111,977.3518518518518,13.534002919449897,12.807556292781596
14,49,16375.855363639583,16452.68576862873,939.6018518518518,938.6018518518518,14.213223355492133,13.534002919449897
15,49,13933.396615608652,13997.802054301766,910.675925925926,910.0833333333334,14.990022927080933,14.213223355492133
16,49,14233.323342289934,14320.154270756406,860.2777777777778,860.0555555555555,15.857134762354208,14.990022927080933
17,49,13890.861272923134,13936.911946691896,853.2685185185185,852.7037037037037,16.73930680095249,15.857134762354208
18,49,12629.239642297312,12673.429272944992,1011.6296296296297,1010.4351851851852,18.185193908963573,16.73930680095249
19,49,11447.877751896518,11512.052680703435,922.2870370370371,922.6481481481482,20.03230371924933,18.185193908963573
20,49,8580.80577155457,8600.02746253741,1375.7314814814815,1373.5462962962963,36.47608118563621,20.03230371924933
1,50,19122.750447841954,19314.45986761985,1632.0740740740741,1632.4166666666667,3.2207496030095855,0.0
2,50,16751.075644380067,16849.492113309167,1667.9074074074074,1668.0925925925926,4.209577041627323,3.2207496030095855
3,50,17327.206607149732,17450.10309502994,1435.8055555555557,1437.2037037037037,5.273829034979965,4.209577041627323
4,50,15463.667375163695,15580.113887852976,1409.111111111111,1409.5740740740741,6.2193607634696795,5.273829034979965
5,50,16518.73835313173,16646.72489207924,1234.462962962963,1234.8240740740741,7.099010562158709,6.2193607634696795
6,50,16429.043948325496,16546.405464500156,1187.3703703703704,1188.138888888889,8.009865765886136,7.099010562158709
7,50,15737.604609050548,15820.282087652462,1218.1944444444443,1217.8333333333333,9.067303845096996,8.009865765886136
8,50,15726.007573851522,15815.837656628604,1081.4074074074074,1081.4351851851852,10.04996750303151,9.067303845096996
9,50,15114.348977951655,15219.56031095787,1073.6574074074074,1074.4351851851852,10.757118479298125,10.04996750303151
10,50,14795.40814809907,14894.97024829368,1096.9537037037037,1097.2962962962963,11.497848880095894,10.757118479298125
11,50,14576.559415147474,14640.42704060294,1034.3240740740741,1033.8148148148148,12.109091001333718,11.497848880095894
12,50,14069.243408275699,14129.897186397175,1120.898148148148,1119.7222222222222,12.807556292781596,12.109091001333718
13,50,14247.09889153902,14325.317119389523,983.6296296296297,983.75,13.534002919449897,12.807556292781596
14,50,15296.138283079685,15356.1655723469,944.1944444444445,942.7777777777778,14.213223355492133,13.534002919449897
15,50,13873.653101734366,13942.163781805473,905.1296296296297,904.9444444444445,14.990022927080933,14.213223355492133
16,50,14089.99166030887,14171.194816313337,854.0925925925926,854.4074074074074,15.857134762354208,14.990022927080933
17,50,13895.741729580237,13954.30528811144,849.9907407407408,849.3611111111111,16.73930680095249,15.857134762354208
18,50,12556.342235863629,12624.308484458024,1014.574074074074,1014.824074074074,18.185193908963573,16.73930680095249
19,50,11534.206436107539,11579.404218176802,924.675925925926,924.2222222222222,20.03230371924933,18.185193908963573
20,50,8015.403626910452,8085.669484996075,1376.962962962963,1376.3425925925926,36.47608118563621,20.03230371924933
1,51,19010.207435519107,19071.50605076433,1631.9907407407406,1632.7962962962963,3.2207496030095855,0.0
2,51,16889.213398711127,17011.314578662354,1671.101851851852,1671.6944444444443,4.209577041627323,3.2207496030095855
3,51,17009.994955917442,17148.710567260412,1435.6666666666667,1436.1851851851852,5.273829034979965,4.209577041627323
4,51,15394.070722660315,15510.5207979544,1409.0648148148148,1409.6666666666667,6.2193607634696795,5.273829034979965
5,51,16409.21212416106,16499.941725645986,1229.8148148148148,1229.8240740740741,7.099010562158709,6.2193607634696795
6,51,16225.620756159238,16309.831686076473,1187.6203703703704,1187.8796296296296,8.009865765886136,7.099010562158709
7,51,15773.147075581635,15864.15281198439,1222.388888888889,1222.8703703703704,9.067303845096996,8.009865765886136
8,51,15848.071364805122,15953.547140773184,1074.6666666666667,1075.462962962963,10.04996750303151,9.067303845096996
9,51,15033.871375115794,15144.563128412483,1078.3425925925926,1079.1759259259259,10.757118479298125,10.04996750303151
10,51,14823.22861892866,14902.38646065375,1098.3148148148148,1097.5277777777778,11.497848880095894,10.757118479298125
11,51,14537.886973796943,14597.604538079411,1029.9166666666667,1029.4166666666667,12.109091001333718,11.497848880095894
12,51,13857.197318215043,13933.413663991316,1126.287037037037,1126.1203703703704,12.807556292781596,12.109091001333718
13,51,14348.644458200399,14422.240068837784,983.1388888888889,982.5,13.534002919449897,12.807556292781596
14,51,15269.419150267067,15347.545070483837,942.5648148148148,942.3333333333334,14.213223355492133,13.534002919449897
15,51,13845.50824934349,13926.037214977367,902.3518518518518,902.1481481481482,14.990022927080933,14.213223355492133
16,51,14244.485210843883,14326.070936432416,860.0,859.8796296296297,15.857134762354208,14.990022927080933
17,51,13941.883371639431,13999.944897215306,849.9907407407408,849.9814814814815,16.73930680095249,15.857134762354208
18,51,12624.629646331845,12686.07811967307,1019.5092592592592,1019.1203703703703,18.185193908963573,16.73930680095249
19,51,11460.561338705607,11502.78731335097,919.6944444444445,918.9444444444445,20.03230371924933,18.185193908963573
20,51,8164.374792349484,8194.579795738016,1372.9907407407406,1371.888888888889,36.47608118563621,20.03230371924933
1,52,18765.268248997803,18895.54233989163,1632.4444444444443,1632.0648148148148,3.2207496030095855,0.0
2,52,16647.215339294165,16743.139177367855,1663.9537037037037,1663.462962962963,4.209577041627323,3.2207496030095855
3,52,17180.139872208292,17310.44599006351,1431.712962962963,1432.8703703703704,5.273829034979965,4.209577041627323
4,52,15506.29251936226,15598.777971200425,1410.398148148148,1409.8240740740741,6.2193607634696795,5.273829034979965
5,52,16420.909513476978,16534.444424606365,1230.1296296296296,1229.9351851851852,7.099010562158709,6.2193607634696795
6,52,16513.8053355273,16628.94327102705,1191.2222222222222,1192.287037037037,8.009865765886136,7.099010562158709
7,52,15675.226284046183,15775.66390567826,1217.3796296296296,1218.0648148148148,9.067303845096996,8.009865765886136
8,52,15911.216471627995,15995.274605638471,1077.0925925925926,1077.398148148148,10.04996750303151,9.067303845096996
9,52,15546.62413144779,15649.075545440908,1081.1574074074074,1080.9074074074074,10.757118479298125,10.04996750303151
10,52,14838.016889536566,14916.152725158141,1095.9907407407406,1096.5185185185185,11.497848880095894,10.757118479298125
11,52,14522.19876869911,14596.85301323684,1031.0277777777778,1032.0740740740741,12.109091001333718,11.497848880095894
12,52,13763.624094879122,13837.161224833857,1128.0277777777778,1128.0833333333333,12.807556292781596,12.109091001333718
13,52,14227.320735769956,14300.50235417986,981.5555555555555,981.6203703703703,13.534002919449897,12.807556292781596
14,52,16078.433915872914,16172.191510042148,942.6111111111111,942.3981481481482,14.213223355492133,13.534002919449897
15,52,13794.200090634762,13851.469934406901,902.6296296296297,901.7129629629629,14.990022927080933,14.213223355492133
16,52,14282.703858951145,14391.630730336068,864.9814814814815,865.1018518518518,15.857134762354208,14.990022927080933
17,52,14017.320219898058,14099.779074643724,854.7777777777778,854.3425925925926,16.73930680095249,15.857134762354208
18,52,12482.396576172274,12570.647585126131,1014.4537037037037,1014.2314814814815,18.185193908963573,16.73930680095249
19,52,11518.141445282046,11579.1639645752,920.8981481481482,920.8888888888889,20.03230371924933,18.185193908963573
20,52,7981.6159128800855,8006.831920283205,1372.9722222222222,1371.6296296296296,36.47608118563621,20.03230371924933
1,53,19441.474584300297,19578.403645024573,1626.6666666666667,1628.0,3.2207496030095855,0.0
2,53,16872.37294306124,16996.130715652303,1667.462962962963,1667.75,4.209577041627323,3.2207496030095855
3,53,17335.683417866003,17443.81994080184,1436.4814814814815,1436.2592592592594,5.273829034979965,4.209577041627323
4,53,15474.3423375345,15598.122416420849,1412.138888888889,1412.8055555555557,6.2193607634696795,5.273829034979965
5,53,16527.5572483271,16634.096291620986,1237.3796296296296,1237.3055555555557,7.099010562158709,6.2193607634696795
6,53,16366.728731808464,16494.323339127135,1185.1203703703704,1185.1203703703704,8.009865765886136,7.099010562158709
7,53,15718.282694184476,15803.253372369893,1220.888888888889,1221.0833333333333,9.067303845096996,8.009865765886136
8,53,15836.937772373716,15951.303986992281,1081.888888888889,1082.861111111111,10.04996750303151,9.067303845096996
9,53,15181.572762867638,15285.300052929133,1075.0925925925926,1074.8148148148148,10.757118479298125,10.04996750303151
10,53,14978.559685781793,15052.350733142495,1096.7962962962963,1096.6296296296296,11.497848880095894,10.757118479298125
11,53,14391.554964744906,14476.009014252644,1028.8796296296296,1028.5277777777778,12.109091001333718,11.497848880095894
12,53,14174.903217908779,14254.144854839782,1130.8333333333333,1130.8055555555557,12.807556292781596,12.109091001333718
13,53,14225.110986701506,14300.171703182059,983.0925925925926,983.0648148148148,13.534002919449897,12.807556292781596
14,53,14710.473029016246,14793.785885079045,941.2222222222222,940.8333333333334,14.213223355492133,13.534002919449897
15,53,14008.207656624018,14085.107206824425,908.8611111111111,908.7314814814815,14.990022927080933,14.213223355492133
16,53,14118.691723688973,14180.4891452812,856.925925925926,856.6203703703703,15.857134762354208,14.990022927080933
17,53,13902.573247609207,13983.352622432278,850.6574074074074,850.574074074074,16.73930680095249,15.857134762354208
18,53,12500.36356755426,12569.876714041096,1013.3796296296297,1013.6851851851852,18.185193908963573,16.73930680095249
19,53,11355.83946905534,11406.68369628246,914.4444444444445,913.5370370370371,20.03230371924933,18.185193908963573
20,53,8144.992533540779,8139.718515530811,1377.2037037037037,1376.4074074074074,36.47608118563621,20.03230371924933
1,54,19004.17508475078,19181.624109921224,1634.287037037037,1635.9259259259259,3.2207496030095855,0.0
2,54,16833.555614628323,16946.710802534322,1668.9351851851852,1670.1851851851852,4.209577041627323,3.2207496030095855
3,54,17424.091483973323,17539.461768581357,1435.3055555555557,1435.4074074074074,5.273829034979965,4.209577041627323
4,54,15410.631549732769,15511.541760280068,1410.8148148148148,1411.2314814814815,6.2193607634696795,5.273829034979965
5,54,16515.080004876476,16634.9431903336,1230.2685185185185,1231.1296296296296,7.099010562158709,6.2193607634696795
6,54,16228.776476412544,16278.258576257704,1187.4537037037037,1186.2314814814815,8.009865765886136,7.099010562158709
7,54,15999.451197628148,16088.388912501936,1224.611111111111,1224.398148148148,9.067303845096996,8.009865765886136
8,54,15543.320013439814,15618.313007113315,1069.7314814814815,1069.6296296296296,10.04996750303151,9.067303845096996
9,54,15187.415502675107,15271.537595988022,1074.388888888889,1074.0277777777778,10.757118479298125,10.04996750303151
10,54,14772.682484731145,14881.893153655194,1097.8148148148148,1098.5277777777778,11.497848880095894,10.757118479298125
11,54,14400.88572377386,14484.574890468146,1028.712962962963,1028.5462962962963,12.109091001333718,11.497848880095894
12,54,13990.241472913764,14063.757714990139,1127.5092592592594,1127.537037037037,12.807556292781596,12.109091001333718
13,54,14234.51918246242,14303.435543199532,984.1481481481482,983.4074074074074,13.534002919449897,12.807556292781596
14,54,14658.827075159406,14733.040244354359,937.2222222222222,936.9074074074074,14.213223355492133,13.534002919449897
15,54,13967.916331683518,14053.932806434572,910.2222222222222,910.2777777777778,14.990022927080933,14.213223355492133
16,54,14352.433030728787,14427.226418496788,860.4907407407408,860.6666666666666,15.857134762354208,14.990022927080933
17,54,13979.140309778977,14056.813820427384,853.1574074074074,853.4629629629629,16.73930680095249,15.857134762354208
18,54,12686.25089481937,12768.03607245543,1016.0925925925926,1015.6851851851852,18.185193908963573,16.73930680095249
19,54,11454.125876750695,11494.970092874746,918.074074074074,917.4907407407408,20.03230371924933,18.185193908963573
20,54,8155.857466120306,8187.092766117399,1376.1759259259259,1374.7407407407406,36.47608118563621,20.03230371924933
1,55,19428.696788288216,19622.74801834262,1632.1666666666667,1633.5833333333333,3.2207496030095855,0.0
2,55,16728.368163910247,16853.236631022966,1668.1296296296296,1669.0092592592594,4.209577041627323,3.2207496030095855
3,55,17200.292897895186,17308.57712496792,1432.2962962962963,1432.1944444444443,5.273829034979965,4.209577041627323
4,55,15464.920110725854,15578.182234467193,1408.898148148148,1409.7407407407406,6.2193607634696795,5.273829034979965
5,55,16548.439725173645,16651.65077012671,1234.7314814814815,1233.9166666666667,7.099010562158709,6.2193607634696795
6,55,16185.131136337448,16290.191475006963,1185.6851851851852,1185.8333333333333,8.009865765886136,7.099010562158709
7,55,16094.088597564107,16192.918409371663,1228.2407407407406,1227.9537037037037,9.067303845096996,8.009865765886136
8,55,15630.296773517788,15715.441882753767,1078.148148148148,1077.9166666666667,10.04996750303151,9.067303845096996
9,55,15371.927437692499,15465.192810948934,1082.9351851851852,1082.1851851851852,10.757118479298125,10.04996750303151
10,55,14930.469227165895,15023.860644800057,1099.0555555555557,1099.361111111111,11.497848880095894,10.757118479298125
11,55,14433.931891029553,14501.180516891283,1026.4907407407406,1025.6203703703704,12.109091001333718,11.497848880095894
12,55,14185.111843747103,14268.106279565742,1127.0740740740741,1127.5833333333333,12.807556292781596,12.109091001333718
13,55,14075.45849791626,14166.975775844301,972.3148148148148,972.4814814814815,13.534002919449897,12.807556292781596
14,55,15242.604471840978,15550.220250618593,942.1481481481482,942.1481481481482,14.213223355492133,13.534002919449897
15,55,13868.5134926472,13932.066016583365,903.425925925926,902.3611111111111,14.990022927080933,14.213223355492133
16,55,14186.06782280389,14288.540352501628,858.9814814814815,859.4074074074074,15.857134762354208,14.990022927080933
17,55,13829.20497320887,13898.452128945533,852.2129629629629,852.2592592592592,16.73930680095249,15.857134762354208
18,55,12934.09689964543,12971.816568313547,1019.0277777777778,1018.75,18.185193908963573,16.73930680095249
19,55,11433.338637657904,11501.440997196843,911.4074074074074,911.2962962962963,20.03230371924933,18.185193908963573
20,55,8188.709131922555,8242.084435794728,1382.0462962962963,1381.8148148148148,36.47608118563621,20.03230371924933
1,56,19858.728180258386,20019.765229371536,1637.1203703703704,1637.5277777777778,3.2207496030095855,0.0
2,56,16852.067277069338,16956.285680033026,1675.601851851852,1674.861111111111,4.209577041627323,3.2207496030095855
3,56,17214.065144281387,17345.593571207268,1434.638888888889,1435.287037037037,5.273829034979965,4.209577041627323
4,56,15474.328151246566,15593.695287188302,1411.25,1411.9537037037037,6.2193607634696795,5.273829034979965
5,56,16286.741043402999,16405.41031218445,1227.0740740740741,1228.2037037037037,7.099010562158709,6.2193607634696795
6,56,16330.541304959299,16423.885056436313,1197.6944444444443,1198.5462962962963,8.009865765886136,7.099010562158709
7,56,15686.076479314397,15785.602495177947,1218.8148148148148,1219.0648148148148,9.067303845096996,8.009865765886136
8,56,15737.649710162674,15836.803123418851,1079.4259259259259,1079.4537037037037,10.04996750303151,9.067303845096996
9,56,15227.92053348181,15304.191339757259,1069.7592592592594,1069.6574074074074,10.757118479298125,10.04996750303151
10,56,14776.104804832488,14861.591624725032,1095.351851851852,1095.6666666666667,11.497848880095894,10.757118479298125
11,56,14384.80522601029,14486.844737771837,1027.1574074074074,1028.0740740740741,12.109091001333718,11.497848880095894
12,56,14088.255905211498,13992.89316032132,1127.0185185185185,1127.0925925925926,12.807556292781596,12.109091001333718
13,56,14260.168428971994,14327.624142867699,986.4537037037037,985.8425925925926,13.534002919449897,12.807556292781596
14,56,15807.771589577917,15887.552468932492,934.2407407407408,933.9074074074074,14.213223355492133,13.534002919449897
15,56,13913.855994570493,13990.804481109466,905.0648148148148,904.925925925926,14.990022927080933,14.213223355492133
16,56,14205.619919208822,14266.26339879869,856.0555555555555,854.8425925925926,15.857134762354208,14.990022927080933
17,56,13925.117315303965,13992.982218566214,850.6481481481482,850.3981481481482,16.73930680095249,15.857134762354208
18,56,12711.09611561112,12745.306447632891,1019.4722222222222,1019.3611111111111,18.185193908963573,16.73930680095249
19,56,11391.8398963229,11442.144159698619,916.6481481481482,916.6574074074074,20.03230371924933,18.185193908963573
20,56,8081.466286524326,8108.857840338997,1375.9259259259259,1374.0925925925926,36.47608118563621,20.03230371924933
1,57,19667.347103423905,19827.79851281762,1634.0277777777778,1634.9814814814815,3.2207496030095855,0.0
2,57,16816.95591867449,16940.75276276464,1662.8796296296296,1664.037037037037,4.209577041627323,3.2207496030095855
3,57,17114.5548414279,17245.448173275494,1431.3796296296296,1431.138888888889,5.273829034979965,4.209577041627323
4,57,15532.378988288661,15639.522533862562,1414.851851851852,1415.2592592592594,6.2193607634696795,5.273829034979965
5,57,16340.436166714726,16463.551195027612,1225.1759259259259,1225.5555555555557,7.099010562158709,6.2193607634696795
6,57,16298.037512974817,16413.725517516763,1192.3703703703704,1192.888888888889,8.009865765886136,7.099010562158709
7,57,15880.989303779043,15942.49383803319,1223.1759259259259,1222.398148148148,9.067303845096996,8.009865765886136
8,57,15553.72665029566,15642.195784342472,1076.148148148148,1076.1666666666667,10.04996750303151,9.067303845096996
9,57,15359.087010369867,15429.0692999048,1075.4907407407406,1074.9722222222222,10.757118479298125,10.04996750303151
10,57,14931.38489412767,15041.276234289235,1098.462962962963,1098.351851851852,11.497848880095894,10.757118479298125
11,57,14461.212098881037,14535.77973038818,1027.138888888889,1026.2685185185185,12.109091001333718,11.497848880095894
12,57,13776.022523696422,13859.78459988544,1125.9351851851852,1126.5648148148148,12.807556292781596,12.109091001333718
13,57,14175.433503434213,14254.685387029429,984.0092592592592,983.9722222222222,13.534002919449897,12.807556292781596
14,57,14890.289764897174,14970.95727702493,936.6203703703703,936.4814814814815,14.213223355492133,13.534002919449897
15,57,13860.169497626204,13918.105570035834,907.8333333333334,907.1666666666666,14.990022927080933,14.213223355492133
16,57,14247.938761280986,14322.82467837048,860.4166666666666,860.2870370370371,15.857134762354208,14.990022927080933
17,57,14107.723881178696,14191.303644964064,856.8703703703703,857.2314814814815,16.73930680095249,15.857134762354208
18,57,12674.629704929746,12735.404791790023,1017.2314814814815,1016.675925925926,18.185193908963573,16.73930680095249
19,57,11436.968278083647,11495.060697493576,916.6944444444445,916.3148148148148,20.03230371924933,18.185193908963573
20,57,8136.067273413081,8167.704888626804,1378.7037037037037,1378.7037037037037,36.47608118563621,20.03230371924933
1,58,19368.600560111892,19523.926903661104,1633.037037037037,1633.5648148148148,3.2207496030095855,0.0
2,58,16886.683277884527,17000.68124721435,1670.2037037037037,1670.9537037037037,4.209577041627323,3.2207496030095855
3,58,17220.017447609935,17333.19073078113,1433.5,1433.5648148148148,5.273829034979965,4.209577041627323
4,58,15556.162154094047,15678.85063598502,1416.4537037037037,1417.537037037037,6.2193607634696795,5.273829034979965
5,58,16440.838049164635,16566.841022313412,1225.2222222222222,1225.638888888889,7.099010562158709,6.2193607634696795
6,58,16325.620175368815,16426.121612647003,1189.9259259259259,1190.388888888889,8.009865765886136,7.099010562158709
7,58,15802.489609089978,15899.940554730674,1220.1574074074074,1220.5185185185185,9.067303845096996,8.009865765886136
8,58,15701.651184067952,15795.493917714675,1080.8796296296296,1080.6666666666667,10.04996750303151,9.067303845096996
9,58,14997.28535231195,15119.169791476344,1074.0555555555557,1075.3425925925926,10.757118479298125,10.04996750303151
10,58,15007.35575752929,15088.327765426722,1097.398148148148,1097.8240740740741,11.497848880095894,10.757118479298125
11,58,14410.26683628929,14478.00548190904,1029.5185185185185,1028.9351851851852,12.109091001333718,11.497848880095894
12,58,13288.143967024955,13360.898855290507,1124.648148148148,1124.111111111111,12.807556292781596,12.109091001333718
13,58,14171.934691781704,14251.822709976188,983.9537037037037,983.8703703703703,13.534002919449897,12.807556292781596
14,58,14177.121218409253,14262.223907768624,935.8611111111111,935.7129629629629,14.213223355492133,13.534002919449897
15,58,13951.960617702423,14004.483789560634,904.8981481481482,903.75,14.990022927080933,14.213223355492133
16,58,14311.822259787537,14399.814614758394,863.9814814814815,863.0555555555555,15.857134762354208,14.990022927080933
17,58,13816.902387327935,13871.772368467115,850.3148148148148,849.7685185185185,16.73930680095249,15.857134762354208
18,58,12680.986137064197,12752.63227862014,1016.1666666666666,1015.6944444444445,18.185193908963573,16.73930680095249
19,58,11390.889226032172,11451.726620146097,915.8703703703703,915.6481481481482,20.03230371924933,18.185193908963573
20,58,8134.570499820996,8180.558758480158,1379.3703703703704,1378.8703703703704,36.47608118563621,20.03230371924933
1,59,19032.304882468565,19117.78523973552,1634.9814814814815,1635.7777777777778,3.2207496030095855,0.0
2,59,16741.1382147793,16858.518336738533,1668.7222222222222,1669.3333333333333,4.209577041627323,3.2207496030095855
3,59,17000.953858880323,17126.419309150533,1429.5185185185185,1430.2037037037037,5.273829034979965,4.209577041627323
4,59,15509.651626469451,15611.81745822227,1413.5740740740741,1413.6296296296296,6.2193607634696795,5.273829034979965
5,59,16428.600533501394,16530.83914634608,1226.7962962962963,1226.5648148148148,7.099010562158709,6.2193607634696795
6,59,16283.318521793179,16385.341495850615,1190.037037037037,1190.638888888889,8.009865765886136,7.099010562158709
7,59,15699.802304631485,15829.716610809566,1216.2592592592594,1217.5833333333333,9.067303845096996,8.009865765886136
8,59,15757.171152465235,15818.867684310137,1082.6574074074074,1082.0277777777778,10.04996750303151,9.067303845096996
9,59,15222.487553659299,15302.26667044636,1084.3148148148148,1083.9351851851852,10.757118479298125,10.04996750303151
10,59,14875.032899020522,14983.52718621226,1093.1203703703704,1093.601851851852,11.497848880095894,10.757118479298125
11,59,14500.344503423115,14567.12346161961,1027.0,1026.9074074074074,12.109091001333718,11.497848880095894
12,59,13191.513672254743,13256.80490964379,1117.6574074074074,1116.8148148148148,12.807556292781596,12.109091001333718
13,59,14291.164204532455,14374.644617518194,980.7222222222222,981.2314814814815,13.534002919449897,12.807556292781596
14,59,15212.245425085257,15293.444166202526,938.6574074074074,938.2962962962963,14.213223355492133,13.534002919449897
15,59,13935.313729203004,14004.555813942236,910.3055555555555,909.6111111111111,14.990022927080933,14.213223355492133
16,59,14232.088584327485,14297.45197955188,862.5462962962963,862.3703703703703,15.857134762354208,14.990022927080933
17,59,14027.651518475868,14093.2906433901,854.2685185185185,853.574074074074,16.73930680095249,15.857134762354208
18,59,12744.572716843008,12825.696286404955,1020.7407407407408,1021.0925925925926,18.185193908963573,16.73930680095249
19,59,11434.351386560435,11509.324597353778,917.2870370370371,917.6296296296297,20.03230371924933,18.185193908963573
20,59,8264.9040753488,8293.379130546375,1376.25,1374.5925925925926,36.47608118563621,20.03230371924933
1,60,19036.311619270014,19186.531034232514,1629.2592592592594,1630.9259259259259,3.2207496030095855,0.0
2,60,16741.96842408259,16858.361309354277,1673.0,1673.6944444444443,4.209577041627323,3.2207496030095855
3,60,17296.141535350733,17416.847573492832,1437.8333333333333,1437.2592592592594,5.273829034979965,4.209577041627323
4,60,15460.96178675561,15566.621308318352,1411.6203703703704,1411.75,6.2193607634696795,5.273829034979965
5,60,16474.121216352683,16594.018950203972,1229.75,1230.2592592592594,7.099010562158709,6.2193607634696795
6,60,16421.61115264415,16517.777909088938,1194.2407407407406,1194.4259259259259,8.009865765886136,7.099010562158709
7,60,15909.446720782582,15994.342785054438,1220.888888888889,1220.1574074074074,9.067303845096996,8.009865765886136
8,60,15709.093315250399,15819.563802661003,1073.287037037037,1073.3425925925926,10.04996750303151,9.067303845096996
9,60,15210.073086978678,15318.399593905802,1081.6944444444443,1082.2592592592594,10.757118479298125,10.04996750303151
10,60,14927.226008553065,15024.027753683882,1092.6944444444443,1092.8425925925926,11.497848880095894,10.757118479298125
11,60,14493.96184125611,14567.528291554116,1024.888888888889,1024.5833333333333,12.109091001333718,11.497848880095894
12,60,13766.467385658752,13850.602088781712,1127.787037037037,1128.4166666666667,12.807556292781596,12.109091001333718
13,60,14166.546267618916,14253.448552367125,980.3148148148148,980.7407407407408,13.534002919449897,12.807556292781596
14,60,14464.931393543402,14532.459222511172,937.3333333333334,937.0370370370371,14.213223355492133,13.534002919449897
15,60,13890.304892374257,13987.075894496891,906.75,906.9444444444445,14.990022927080933,14.213223355492133
16,60,14197.796318579223,14254.392762603227,864.0092592592592,863.425925925926,15.857134762354208,14.990022927080933
17,60,13987.497722228476,14064.48908386297,851.5277777777778,851.1944444444445,16.73930680095249,15.857134762354208
18,60,12802.773958552221,12875.256849980024,1018.0,1017.9166666666666,18.185193908963573,16.73930680095249
19,60,11444.235428087886,11510.922575363955,918.824074074074,918.0277777777778,20.03230371924933,18.185193908963573
20,60,8025.201103896664,8051.6975510665325,1371.712962962963,1370.212962962963,36.47608118563621,20.03230371924933
1,61,19278.139018968166,19638.393693859245,1639.5092592592594,1640.5462962962963,3.2207496030095855,0.0
2,61,16787.702521597814,16889.65686775701,1671.212962962963,1671.1296296296296,4.209577041627323,3.2207496030095855
3,61,17249.072454331832,17368.517122923527,1436.7407407407406,1437.9259259259259,5.273829034979965,4.209577041627323
4,61,15524.439121920666,15625.304844042766,1411.6296296296296,1411.6944444444443,6.2193607634696795,5.273829034979965
5,61,16543.80608055938,16638.991131337905,1234.6944444444443,1234.6759259259259,7.099010562158709,6.2193607634696795
6,61,16442.92508787801,16524.387814426453,1193.5925925925926,1194.2592592592594,8.009865765886136,7.099010562158709
7,61,15903.607808292158,16001.523535489636,1223.638888888889,1223.462962962963,9.067303845096996,8.009865765886136
8,61,15827.102101094175,15920.470451258108,1079.7037037037037,1079.4351851851852,10.04996750303151,9.067303845096996
9,61,15394.078752491037,15487.987071829128,1077.6296296296296,1078.1574074074074,10.757118479298125,10.04996750303151
10,61,14944.071480352422,15021.579579585914,1097.5833333333333,1097.8425925925926,11.497848880095894,10.757118479298125
11,61,14543.512855982015,14631.852848768964,1028.7592592592594,1028.9074074074074,12.109091001333718,11.497848880095894
12,61,13821.27892233778,13885.661902518736,1120.2962962962963,1119.6759259259259,12.807556292781596,12.109091001333718
13,61,14172.21187892569,14242.833894974237,974.3425925925926,974.3148148148148,13.534002919449897,12.807556292781596
14,61,15717.900844675665,15795.83787193132,940.3796296296297,940.0277777777778,14.213223355492133,13.534002919449897
15,61,14010.164861163263,14083.77559857621,905.8611111111111,905.4351851851852,14.990022927080933,14.213223355492133
16,61,14127.681300933224,14227.172831237314,858.2962962962963,858.574074074074,15.857134762354208,14.990022927080933
17,61,13982.002484720184,14068.232427659046,852.074074074074,852.3333333333334,16.73930680095249,15.857134762354208
18,61,12601.211087378151,12668.359760162713,1010.8981481481482,1010.6018518518518,18.185193908963573,16.73930680095249
19,61,11454.921574744421,11503.829546366956,915.7685185185185,915.0648148148148,20.03230371924933,18.185193908963573
20,61,8091.457392738045,8152.181794895639,1372.8055555555557,1371.351851851852,36.47608118563621,20.03230371924933
1,62,19074.691032264385,19259.1757447558,1629.4537037037037,1631.1203703703704,3.2207496030095855,0.0
2,62,16838.21606175925,16937.66418286224,1666.1203703703704,1667.2222222222222,4.209577041627323,3.2207496030095855
3,62,17275.968803816413,17397.829165559247,1436.7592592592594,1436.537037037037,5.273829034979965,4.209577041627323
4,62,15421.561699999738,15526.797130030172,1409.5648148148148,1409.9351851851852,6.2193607634696795,5.273829034979965
5,62,16562.560913892255,16672.095314985785,1235.1944444444443,1235.611111111111,7.099010562158709,6.2193607634696795
6,62,16322.201423005767,16432.74603525614,1187.2685185185185,1187.6296296296296,8.009865765886136,7.099010562158709
7,62,15884.869586170558,15968.63596163101,1222.3148148148148,1222.601851851852,9.067303845096996,8.009865765886136
8,62,15711.520554109697,15795.949857701318,1077.5277777777778,1077.0740740740741,10.04996750303151,9.067303845096996
9,62,15261.508122278085,15331.81854131626,1079.8703703703704,1080.1296296296296,10.757118479298125,10.04996750303151
10,62,14843.230110779044,14917.205550639654,1102.8425925925926,1102.712962962963,11.497848880095894,10.757118479298125
11,62,14443.982139551987,14523.82071004281,1032.8333333333333,1032.3425925925926,12.109091001333718,11.497848880095894
12,62,14139.074581989364,14213.255569605471,1120.0185185185185,1119.3055555555557,12.807556292781596,12.109091001333718
13,62,14247.051899020445,14332.081130975057,981.8981481481482,981.6481481481482,13.534002919449897,12.807556292781596
14,62,14982.227787973849,15059.275288086306,940.0185185185185,939.7685185185185,14.213223355492133,13.534002919449897
15,62,13984.620133867871,14071.542644161604,907.0185185185185,907.1203703703703,14.990022927080933,14.213223355492133
16,62,14255.582733032996,14309.51991225192,860.9166666666666,860.4722222222222,15.857134762354208,14.990022927080933
17,62,13859.720885038892,13921.316480075378,850.7314814814815,849.8796296296297,16.73930680095249,15.857134762354208
18,62,12830.105490178523,12883.229599651202,1016.7592592592592,1016.8981481481482,18.185193908963573,16.73930680095249
19,62,11330.73634915337,11406.971613094272,912.7222222222222,912.7222222222222,20.03230371924933,18.185193908963573
20,62,8075.781867639333,8106.887165288427,1375.5833333333333,1374.6851851851852,36.47608118563621,20.03230371924933
1,63,19725.897480133764,19806.199063849504,1636.4722222222222,1637.861111111111,3.2207496030095855,0.0
2,63,16832.755110350976,16960.234755392357,1664.1944444444443,1664.7592592592594,4.209577041627323,3.2207496030095855
3,63,17317.672337494023,17406.19885832405,1436.8796296296296,1436.5925925925926,5.273829034979965,4.209577041627323
4,63,15501.040327369234,15614.74283563663,1409.5462962962963,1410.0833333333333,6.2193607634696795,5.273829034979965
5,63,16458.325012273486,16556.517150263302,1231.111111111111,1231.6574074074074,7.099010562158709,6.2193607634696795
6,63,16127.0269648667,16233.821469409706,1186.9814814814815,1187.101851851852,8.009865765886136,7.099010562158709
7,63,15767.315996901596,15865.275514410181,1220.5925925925926,1220.7314814814815,9.067303845096996,8.009865765886136
8,63,15688.398441453117,15739.370550042624,1077.537037037037,1076.462962962963,10.04996750303151,9.067303845096996
9,63,15194.407027393521,15267.681217932884,1076.75,1076.5555555555557,10.757118479298125,10.04996750303151
10,63,15040.818455160626,15141.422431320685,1102.2222222222222,1103.0648148148148,11.497848880095894,10.757118479298125
11,63,14430.496899529671,14520.033974551827,1025.3055555555557,1025.6851851851852,12.109091001333718,11.497848880095894
12,63,13524.897566149699,13599.060783292727,1129.0555555555557,1128.6574074074074,12.807556292781596,12.109091001333718
13,63,14252.12294068002,14319.675139675855,981.0370370370371,980.574074074074,13.534002919449897,12.807556292781596
14,63,15192.602553682895,15263.555869184445,937.6481481481482,937.1481481481482,14.213223355492133,13.534002919449897
15,63,13798.711737580636,13869.73288060952,902.3518518518518,902.2685185185185,14.990022927080933,14.213223355492133
16,63,14151.068878248803,14220.583287874237,861.4074074074074,860.8611111111111,15.857134762354208,14.990022927080933
17,63,13923.116104883002,13999.435392387233,852.574074074074,852.3703703703703,16.73930680095249,15.857134762354208
18,63,12728.229583918182,12770.861802708687,1015.5462962962963,1015.3148148148148,18.185193908963573,16.73930680095249
19,63,11497.582568373318,11573.898105044858,917.7777777777778,917.5092592592592,20.03230371924933,18.185193908963573
20,63,8045.109591950687,8072.2384490962395,1380.4259259259259,1380.1574074074074,36.47608118563621,20.03230371924933
1,64,19322.20536211866,19481.390559882002,1635.0925925925926,1635.5,3.2207496030095855,0.0
2,64,16765.9330928552,16898.807858224118,1671.398148148148,1670.9537037037037,4.209577041627323,3.2207496030095855
3,64,17442.59820022929,17590.282332445677,1428.6203703703704,1429.3055555555557,5.273829034979965,4.209577041627323
4,64,15572.597808684595,15672.65770860492,1413.8703703703704,1413.962962962963,6.2193607634696795,5.273829034979965
5,64,16447.091656618148,16561.476681893477,1228.1203703703704,1228.6759259259259,7.099010562158709,6.2193607634696795
6,64,16201.585729923878,16310.639774058014,1185.962962962963,1186.9537037037037,8.009865765886136,7.099010562158709
7,64,15825.453459199962,15923.474101586045,1222.5833333333333,1223.0,9.067303845096996,8.009865765886136
8,64,15747.024521600197,15833.114771209446,1080.6203703703704,1080.537037037037,10.04996750303151,9.067303845096996
9,64,15231.870949078442,15323.131169334507,1079.5648148148148,1080.037037037037,10.757118479298125,10.04996750303151
10,64,14743.70814239901,14825.708777484242,1093.5,1093.6851851851852,11.497848880095894,10.757118479298125
11,64,14389.222938642502,14454.933764149448,1025.3703703703704,1025.148148148148,12.109091001333718,11.497848880095894
12,64,13959.493353725806,14039.156505164194,1121.9074074074074,1122.0555555555557,12.807556292781596,12.109091001333718
13,64,14339.802294870899,14404.75054116519,978.25,977.3796296296297,13.534002919449897,12.807556292781596
14,64,15456.585450724864,15533.430904645786,945.4722222222222,945.5648148148148,14.213223355492133,13.534002919449897
15,64,13885.049368467247,13961.891233286518,907.1018518518518,906.6111111111111,14.990022927080933,14.213223355492133
16,64,14388.08919089163,14446.95295548819,866.5185185185185,866.175925925926,15.857134762354208,14.990022927080933
17,64,14037.301480172257,14092.392814293667,853.0462962962963,852.4074074074074,16.73930680095249,15.857134762354208
18,64,12916.842250210195,12985.454765853394,1014.1296296296297,1013.7407407407408,18.185193908963573,16.73930680095249
19,64,11475.478724773326,11544.48687053279,915.6388888888889,915.4907407407408,20.03230371924933,18.185193908963573
20,64,7908.807836745832,7941.647579966141,1378.648148148148,1378.2314814814815,36.47608118563621,20.03230371924933
1,65,19072.31057503174,19227.593965522017,1636.4814814814815,1636.8240740740741,3.2207496030095855,0.0
2,65,16835.378493558226,16975.167952541706,1672.0185185185185,1672.75,4.209577041627323,3.2207496030095855
3,65,17324.427662401195,17453.567314277843,1433.1666666666667,1433.7685185185185,5.273829034979965,4.209577041627323
4,65,15420.616083365734,15539.448743310793,1408.3703703703704,1408.351851851852,6.2193607634696795,5.273829034979965
5,65,16424.304915576577,16538.25609409807,1229.351851851852,1230.1944444444443,7.099010562158709,6.2193607634696795
6,65,16166.587187383875,16249.659881054615,1187.7777777777778,1188.037037037037,8.009865765886136,7.099010562158709
7,65,15816.607676835965,15915.154498229043,1223.787037037037,1224.4259259259259,9.067303845096996,8.009865765886136
8,65,15850.17812339957,15935.756960431474,1084.2314814814815,1084.2314814814815,10.04996750303151,9.067303845096996
9,65,15157.863337422508,15242.72236493286,1073.3425925925926,1073.111111111111,10.757118479298125,10.04996750303151
10,65,14928.135071884883,14972.398622083883,1099.5555555555557,1099.1203703703704,11.497848880095894,10.757118479298125
11,65,14436.833168283383,14532.825312479268,1025.8703703703704,1025.2962962962963,12.109091001333718,11.497848880095894
12,65,14092.774670992538,14176.101309722,1126.5277777777778,1127.25,12.807556292781596,12.109091001333718
13,65,14156.87477111558,14253.700262917313,976.6481481481482,977.0092592592592,13.534002919449897,12.807556292781596
14,65,14480.564899694482,14557.742963901092,943.0092592592592,942.6111111111111,14.213223355492133,13.534002919449897
15,65,13900.548427180942,13987.94776092214,902.9537037037037,903.0277777777778,14.990022927080933,14.213223355492133
16,65,14313.865637612398,14388.955887234382,860.3055555555555,860.0555555555555,15.857134762354208,14.990022927080933
17,65,13977.850731388946,14037.054759508574,849.4444444444445,848.324074074074,16.73930680095249,15.857134762354208
18,65,12571.886950980414,12631.868134402317,1019.2407407407408,1019.0370370370371,18.185193908963573,16.73930680095249
19,65,11443.238507604932,11497.70024148282,916.2314814814815,915.425925925926,20.03230371924933,18.185193908963573
20,65,8250.268218493487,8289.157243635755,1377.101851851852,1376.5648148148148,36.47608118563621,20.03230371924933
1,66,19212.000701921785,19473.481976232117,1628.0740740740741,1628.9444444444443,3.2207496030095855,0.0
2,66,16661.83240174424,16791.229763166146,1663.6759259259259,1664.5185185185185,4.209577041627323,3.2207496030095855
3,66,17507.33682886876,17653.49027568997,1434.0185185185185,1434.7037037037037,5.273829034979965,4.209577041627323
4,66,15611.40926110934,15737.871030614266,1413.851851851852,1413.7222222222222,6.2193607634696795,5.273829034979965
5,66,16463.22584525401,16569.75358897701,1234.5648148148148,1234.6759259259259,7.099010562158709,6.2193607634696795
6,66,16188.446334272901,16283.358716242548,1188.9259259259259,1188.4907407407406,8.009865765886136,7.099010562158709
7,66,15918.011247019047,15990.667594094215,1228.0277777777778,1227.9259259259259,9.067303845096996,8.009865765886136
8,66,15725.972112718131,15845.533236193105,1076.5833333333333,1076.1944444444443,10.04996750303151,9.067303845096996
9,66,15369.4271412367,15468.968941476727,1077.5740740740741,1078.212962962963,10.757118479298125,10.04996750303151
10,66,14916.323373899482,15021.625885817371,1097.5833333333333,1098.138888888889,11.497848880095894,10.757118479298125
11,66,14507.00090517534,14590.570871318829,1031.4351851851852,1031.861111111111,12.109091001333718,11.497848880095894
12,66,13636.408070673537,13713.447857945388,1122.4814814814815,1122.4351851851852,12.807556292781596,12.109091001333718
13,66,14191.720169028225,14252.020641367575,978.0833333333334,977.4629629629629,13.534002919449897,12.807556292781596
14,66,14518.557479985924,14605.868420378592,945.4814814814815,945.8333333333334,14.213223355492133,13.534002919449897
15,66,13996.438401217552,14083.914773239134,910.0648148148148,909.925925925926,14.990022927080933,14.213223355492133
16,66,14135.807615126914,14177.882355025458,857.2777777777778,856.5092592592592,15.857134762354208,14.990022927080933
17,66,14012.889684745918,14072.890253967445,855.3333333333334,855.0648148148148,16.73930680095249,15.857134762354208
18,66,12767.644537977912,12823.420342750165,1013.0185185185185,1012.3703703703703,18.185193908963573,16.73930680095249
19,66,11478.60190903442,11543.006095214863,913.7037037037037,913.7685185185185,20.03230371924933,18.185193908963573
20,66,8022.50534137474,8042.94124338118,1375.6574074074074,1374.6574074074074,36.47608118563621,20.03230371924933
1,67,19277.67929507699,19444.795919883032,1629.7592592592594,1631.0648148148148,3.2207496030095855,0.0
2,67,16885.687055214566,16987.027539413324,1672.111111111111,1672.4351851851852,4.209577041627323,3.2207496030095855
3,67,17011.43058087848,17144.247774974137,1432.898148148148,1433.287037037037,5.273829034979965,4.209577041627323
4,67,15507.704399765471,15610.15859860013,1413.0092592592594,1412.537037037037,6.2193607634696795,5.273829034979965
5,67,16414.474534155248,16537.73285131655,1224.5462962962963,1225.6944444444443,7.099010562158709,6.2193607634696795
6,67,16411.517445158253,16502.208405880912,1194.4351851851852,1194.0,8.009865765886136,7.099010562158709
7,67,15763.799008384833,15867.961156718902,1222.5185185185185,1222.8333333333333,9.067303845096996,8.009865765886136
8,67,15644.755993447452,15735.267455904304,1079.1296296296296,1079.5648148148148,10.04996750303151,9.067303845096996
9,67,15252.735894222145,15339.030850044244,1080.462962962963,1080.2407407407406,10.757118479298125,10.04996750303151
10,67,14872.208515160977,14944.78751280371,1092.1944444444443,1092.5277777777778,11.497848880095894,10.757118479298125
11,67,14534.19696530233,14623.934690382644,1035.361111111111,1035.3703703703704,12.109091001333718,11.497848880095894
12,67,13856.845835787539,13924.708944308628,1123.2407407407406,1123.212962962963,12.807556292781596,12.109091001333718
13,67,14134.383777398674,14207.753705831721,977.7314814814815,977.2685185185185,13.534002919449897,12.807556292781596
14,67,14813.536822803764,14877.30173453046,941.6666666666666,940.6666666666666,14.213223355492133,13.534002919449897
15,67,13993.731538720724,14056.369519595777,908.425925925926,908.3148148148148,14.990022927080933,14.213223355492133
16,67,14183.650901968042,14271.179133836667,856.4166666666666,856.3888888888889,15.857134762354208,14.990022927080933
17,67,14121.969675948043,14204.999987376463,853.0925925925926,853.2777777777778,16.73930680095249,15.857134762354208
18,67,12645.81682656436,12700.159635444825,1017.1203703703703,1016.7129629629629,18.185193908963573,16.73930680095249
19,67,11363.74863319364,11423.657326460469,916.6111111111111,916.6666666666666,20.03230371924933,18.185193908963573
20,67,7962.527059486211,7961.723237396577,1374.6851851851852,1373.351851851852,36.47608118563621,20.03230371924933
1,68,19354.50224790775,19613.69600779747,1638.2685185185185,1639.4722222222222,3.2207496030095855,0.0
2,68,16940.33020478344,17075.9215138198,1671.6203703703704,1672.7777777777778,4.209577041627323,3.2207496030095855
3,68,17206.06269584364,17332.883216189635,1429.8333333333333,1429.9814814814815,5.273829034979965,4.209577041627323
4,68,15589.544015750553,15694.095110061042,1413.4166666666667,1413.787037037037,6.2193607634696795,5.273829034979965
5,68,16367.329381319947,16464.677028740636,1227.8425925925926,1227.7962962962963,7.099010562158709,6.2193607634696795
6,68,16144.794721899241,16226.410145121052,1183.8240740740741,1183.5648148148148,8.009865765886136,7.099010562158709
7,68,15833.144664805453,15924.280616727017,1222.4907407407406,1222.851851851852,9.067303845096996,8.009865765886136
8,68,15785.94328917096,15878.205649545745,1078.8240740740741,1078.287037037037,10.04996750303151,9.067303845096996
9,68,15339.971627376699,15418.078546736691,1074.0555555555557,1074.537037037037,10.757118479298125,10.04996750303151
10,68,15086.916041341055,15160.874624264827,1103.5185185185185,1103.5185185185185,11.497848880095894,10.757118479298125
11,68,14460.706580222668,14550.976895568881,1028.6759259259259,1028.4722222222222,12.109091001333718,11.497848880095894
12,68,13407.300590333956,13487.98148243033,1124.9259259259259,1125.0555555555557,12.807556292781596,12.109091001333718
13,68,14162.045888302522,14229.051644014657,978.1388888888889,977.7222222222222,13.534002919449897,12.807556292781596
14,68,14599.127147386838,14670.517316464238,939.6296296296297,938.8425925925926,14.213223355492133,13.534002919449897
15,68,13846.801302379694,13907.127169269543,905.0277777777778,904.3333333333334,14.990022927080933,14.213223355492133
16,68,14205.579073628676,14275.835018611133,862.0092592592592,861.6481481481482,15.857134762354208,14.990022927080933
17,68,13944.130721896814,14026.031119938694,849.824074074074,850.0925925925926,16.73930680095249,15.857134762354208
18,68,12599.641157949774,12667.416398369764,1020.7685185185185,1021.0833333333334,18.185193908963573,16.73930680095249
19,68,11334.990417289522,11401.681288043117,919.3796296296297,918.9814814814815,20.03230371924933,18.185193908963573
20,68,7920.730351239607,7898.27763494115,1373.3425925925926,1372.611111111111,36.47608118563621,20.03230371924933
1,69,19119.81712827044,19307.70093009023,1632.7777777777778,1634.0833333333333,3.2207496030095855,0.0
2,69,16698.126510410893,16814.165494975496,1669.9166666666667,1670.0555555555557,4.209577041627323,3.2207496030095855
3,69,17114.6494342414,17194.31748699611,1432.8796296296296,1431.9074074074074,5.273829034979965,4.209577041627323
4,69,15601.32679123206,15710.757380498488,1412.6944444444443,1413.5185185185185,6.2193607634696795,5.273829034979965
5,69,16441.28455996002,16552.31821415284,1228.888888888889,1228.9814814814815,7.099010562158709,6.2193607634696795
6,69,16225.866246615364,16310.056483349485,1194.148148148148,1193.6296296296296,8.009865765886136,7.099010562158709
7,69,15838.307772112343,15961.941459962625,1225.398148148148,1225.8703703703704,9.067303845096996,8.009865765886136
8,69,15657.821381418275,15734.72279056999,1072.7222222222222,1073.7314814814815,10.04996750303151,9.067303845096996
9,69,15236.41472531636,15347.565711920826,1078.6851851851852,1079.25,10.757118479298125,10.04996750303151
10,69,14813.390016254192,14888.018091465043,1100.75,1100.5833333333333,11.497848880095894,10.757118479298125
11,69,14669.414659146174,14754.54748581111,1031.5740740740741,1031.3333333333333,12.109091001333718,11.497848880095894
12,69,14775.274304592858,14847.269295702336,1133.148148148148,1132.8055555555557,12.807556292781596,12.109091001333718
13,69,14187.070036978585,14243.942807585105,979.75,979.1296296296297,13.534002919449897,12.807556292781596
14,69,14497.44663218855,14574.233537216858,937.9537037037037,937.5833333333334,14.213223355492133,13.534002919449897
15,69,13916.271114030978,13982.471874573012,905.824074074074,905.8981481481482,14.990022927080933,14.213223355492133
16,69,14221.559508964625,14320.18623583377,856.2685185185185,857.1296296296297,15.857134762354208,14.990022927080933
17,69,13914.414491331496,13987.841035726597,852.5833333333334,852.6111111111111,16.73930680095249,15.857134762354208
18,69,12637.142426437638,12701.805184396542,1014.7037037037037,1013.3148148148148,18.185193908963573,16.73930680095249
19,69,11368.96295273065,11433.826513626564,909.8055555555555,909.7314814814815,20.03230371924933,18.185193908963573
20,69,8031.694901255782,8020.937692676984,1374.9444444444443,1374.2685185185185,36.47608118563621,20.03230371924933
1,70,19395.773976207285,19528.798917301006,1636.9074074074074,1638.648148148148,3.2207496030095855,0.0
2,70,16872.186124053715,16995.973534947618,1673.7314814814815,1673.361111111111,4.209577041627323,3.2207496030095855
3,70,17103.57745692929,17225.29565758337,1435.4074074074074,1435.5555555555557,5.273829034979965,4.209577041627323
4,70,15438.130704343796,15539.44340605825,1409.287037037037,1410.101851851852,6.2193607634696795,5.273829034979965
5,70,16508.83109177782,16611.15262828989,1231.638888888889,1231.3055555555557,7.099010562158709,6.2193607634696795
6,70,16236.213808163613,16339.668316330362,1186.5092592592594,1187.2777777777778,8.009865765886136,7.099010562158709
7,70,15792.135225745575,15887.357784377145,1218.7037037037037,1219.712962962963,9.067303845096996,8.009865765886136
8,70,15870.329326658553,15975.963732363192,1080.138888888889,1080.3055555555557,10.04996750303151,9.067303845096996
9,70,15127.112936572592,15199.419406308085,1070.398148148148,1070.2314814814815,10.757118479298125,10.04996750303151
10,70,14938.039983363686,15030.224885247238,1099.9722222222222,1099.962962962963,11.497848880095894,10.757118479298125
11,70,14462.111992662829,14546.290414380595,1029.0833333333333,1029.3240740740741,12.109091001333718,11.497848880095894
12,70,14353.34216956524,14423.272228460968,1125.8333333333333,1125.0555555555557,12.807556292781596,12.109091001333718
13,70,14196.748605316468,14289.996456717783,980.324074074074,980.3981481481482,13.534002919449897,12.807556292781596
14,70,14886.833148249289,14952.077682695977,939.6851851851852,938.8888888888889,14.213223355492133,13.534002919449897
15,70,13938.826785253761,14010.264937885122,905.0462962962963,904.7314814814815,14.990022927080933,14.213223355492133
16,70,14242.307076149538,14301.97882893977,856.2962962962963,855.8518518518518,15.857134762354208,14.990022927080933
17,70,14042.10303664049,14128.13229147268,857.8981481481482,857.9722222222222,16.73930680095249,15.857134762354208
18,70,12640.754685477928,12689.293896163705,1013.7592592592592,1012.8888888888889,18.185193908963573,16.73930680095249
19,70,11419.966816087159,11482.145341743259,917.6666666666666,917.2870370370371,20.03230371924933,18.185193908963573
20,70,7948.529095479666,7979.965440589589,1377.1296296296296,1376.5555555555557,36.47608118563621,20.03230371924933
1,71,19635.16301148119,19906.0779288388,1638.0740740740741,1639.0555555555557,3.2207496030095855,0.0
2,71,16735.49636963558,16867.561112946376,1668.2222222222222,1668.787037037037,4.209577041627323,3.2207496030095855
3,71,17194.339233393068,17334.075457919767,1433.351851851852,1434.3240740740741,5.273829034979965,4.209577041627323
4,71,15497.243702062184,15610.49847112155,1406.5185185185185,1407.0648148148148,6.2193607634696795,5.273829034979965
5,71,16470.831149084723,16580.84041963185,1231.962962962963,1232.3796296296296,7.099010562158709,6.2193607634696795
6,71,16264.995342341055,16415.15517947886,1191.4351851851852,1192.0833333333333,8.009865765886136,7.099010562158709
7,71,15930.035680375482,16002.45151000845,1226.75,1227.138888888889,9.067303845096996,8.009865765886136
8,71,15904.515738178565,15998.749643977577,1076.7407407407406,1076.5740740740741,10.04996750303151,9.067303845096996
9,71,15303.61030392874,15375.29746798527,1074.138888888889,1073.7777777777778,10.757118479298125,10.04996750303151
10,71,14739.236843998833,14830.590509616588,1095.537037037037,1095.0092592592594,11.497848880095894,10.757118479298125
11,71,14494.16234526307,14577.000545120154,1031.648148148148,1031.9351851851852,12.109091001333718,11.497848880095894
12,71,13550.836436611786,13549.009727216991,1122.601851851852,1123.2685185185185,12.807556292781596,12.109091001333718
13,71,14156.08866975011,14227.80262845732,979.2129629629629,979.0092592592592,13.534002919449897,12.807556292781596
14,71,14718.477043416688,14774.13912286772,938.7222222222222,937.8981481481482,14.213223355492133,13.534002919449897
15,71,13939.985255754795,13997.424898374824,907.0092592592592,906.6111111111111,14.990022927080933,14.213223355492133
16,71,14089.182224982884,14143.658730290972,855.8333333333334,854.8425925925926,15.857134762354208,14.990022927080933
17,71,14022.762371742017,14085.771829955942,854.4722222222222,853.9351851851852,16.73930680095249,15.857134762354208
18,71,12739.092366726398,12803.744990046436,1017.9074074074074,1017.8888888888889,18.185193908963573,16.73930680095249
19,71,11453.557868917364,11510.38282683304,918.0092592592592,917.7037037037037,20.03230371924933,18.185193908963573
20,71,7962.723208081462,7993.97576632672,1377.2685185185185,1376.1296296296296,36.47608118563621,20.03230371924933
1,72,18927.13120211437,19139.451957552446,1627.3703703703704,1629.25,3.2207496030095855,0.0
2,72,16822.44721899059,16930.1250356057,1666.0,1665.9444444444443,4.209577041627323,3.2207496030095855
3,72,17113.093111965376,17253.849917830696,1432.7685185185185,1433.1851851851852,5.273829034979965,4.209577041627323
4,72,15418.57469017183,15515.675846714013,1407.5648148148148,1407.138888888889,6.2193607634696795,5.273829034979965
5,72,16459.635076726227,16565.09129470072,1228.7407407407406,1229.1944444444443,7.099010562158709,6.2193607634696795
6,72,16380.817312824314,16514.019914630186,1193.2314814814815,1193.351851851852,8.009865765886136,7.099010562158709
7,72,15740.48728887935,15846.821406433153,1222.0925925925926,1222.0462962962963,9.067303845096996,8.009865765886136
8,72,15622.468462396933,15719.26826093312,1077.2685185185185,1077.787037037037,10.04996750303151,9.067303845096996
9,72,15598.620675440276,15684.904169576519,1082.5555555555557,1083.2407407407406,10.757118479298125,10.04996750303151
10,72,14819.282151136955,14888.379488313289,1097.3240740740741,1097.3148148148148,11.497848880095894,10.757118479298125
11,72,14506.089123773449,14592.123206809594,1028.8240740740741,1028.6944444444443,12.109091001333718,11.497848880095894
12,72,14195.810824596809,14204.46348015022,1122.2222222222222,1122.0925925925926,12.807556292781596,12.109091001333718
13,72,14338.254322021874,14418.559011224088,983.7222222222222,983.1018518518518,13.534002919449897,12.807556292781596
14,72,14893.87859573308,14967.002748440524,940.0648148148148,939.8611111111111,14.213223355492133,13.534002919449897
15,72,13921.998520524623,14000.47429348465,906.3425925925926,906.1944444444445,14.990022927080933,14.213223355492133
16,72,14260.649779284475,14348.756826364684,860.3425925925926,860.4629629629629,15.857134762354208,14.990022927080933
17,72,14170.890496072787,14255.640754228616,859.6851851851852,859.925925925926,16.73930680095249,15.857134762354208
18,72,12652.752364992622,12729.236029483382,1012.0925925925926,1011.574074074074,18.185193908963573,16.73930680095249
19,72,11311.591340075,11364.752581369667,920.074074074074,919.6851851851852,20.03230371924933,18.185193908963573
20,72,8054.361831088238,8123.309072742488,1377.1296296296296,1375.3703703703704,36.47608118563621,20.03230371924933
1,73,19650.39237599983,19816.042525548804,1631.1851851851852,1632.4537037037037,3.2207496030095855,0.0
2,73,16890.14243591204,17025.948061842824,1669.6203703703704,1669.3148148148148,4.209577041627323,3.2207496030095855
3,73,17402.866022253373,17515.34791955123,1432.9907407407406,1433.2314814814815,5.273829034979965,4.209577041627323
4,73,15567.61769952019,15698.55262122186,1415.4537037037037,1416.3055555555557,6.2193607634696795,5.273829034979965
5,73,16503.68619836602,16615.014088850938,1233.101851851852,1233.6759259259259,7.099010562158709,6.2193607634696795
6,73,16432.943485227082,16539.79158503296,1195.6759259259259,1195.8240740740741,8.009865765886136,7.099010562158709
7,73,15733.897514360013,15837.896633907536,1221.6296296296296,1221.7222222222222,9.067303845096996,8.009865765886136
8,73,15714.619589548758,15794.072480728479,1076.5925925925926,1075.9444444444443,10.04996750303151,9.067303845096996
9,73,15101.266649434052,15185.13399625435,1068.851851851852,1069.4814814814815,10.757118479298125,10.04996750303151
10,73,15124.097216913313,15204.305610056095,1101.3055555555557,1101.4537037037037,11.497848880095894,10.757118479298125
11,73,14392.148406567212,14473.436961789967,1031.4722222222222,1031.4074074074074,12.109091001333718,11.497848880095894
12,73,14359.526218478077,14552.563057636913,1125.1296296296296,1124.851851851852,12.807556292781596,12.109091001333718
13,73,14261.2516687457,14350.84545716884,982.6018518518518,982.6851851851852,13.534002919449897,12.807556292781596
14,73,14665.977021272327,14742.351125047682,936.1203703703703,935.7592592592592,14.213223355492133,13.534002919449897
15,73,13962.032633522342,14042.400939430749,905.9629629629629,905.9907407407408,14.990022927080933,14.213223355492133
16,73,14248.821083612818,14330.293756390172,855.3981481481482,854.9537037037037,15.857134762354208,14.990022927080933
17,73,13972.00588376059,14030.670720872597,855.4537037037037,854.5833333333334,16.73930680095249,15.857134762354208
18,73,12700.757771744453,12770.246139510162,1008.9629629629629,1008.824074074074,18.185193908963573,16.73930680095249
19,73,11411.727039053441,11461.203705242197,917.8981481481482,917.324074074074,20.03230371924933,18.185193908963573
20,73,8192.19571403067,8202.02015992693,1380.0092592592594,1379.6296296296296,36.47608118563621,20.03230371924933
1,74,19726.181130312525,19882.47141799226,1638.4259259259259,1638.6944444444443,3.2207496030095855,0.0
2,74,16845.102372132387,16949.78944222768,1668.5648148148148,1668.8425925925926,4.209577041627323,3.2207496030095855
3,74,17209.303699357013,17324.548519087086,1428.388888888889,1427.861111111111,5.273829034979965,4.209577041627323
4,74,15553.291565580485,15669.239021750864,1416.787037037037,1417.898148148148,6.2193607634696795,5.273829034979965
5,74,16437.24980495331,16568.55716367858,1230.8333333333333,1232.0555555555557,7.099010562158709,6.2193607634696795
6,74,16337.051176656732,16429.7984715694,1195.0,1195.5,8.009865765886136,7.099010562158709
7,74,15837.479134898012,15937.471867718772,1219.7777777777778,1220.4444444444443,9.067303845096996,8.009865765886136
8,74,15660.008247646569,15727.749133607498,1076.7037037037037,1076.7592592592594,10.04996750303151,9.067303845096996
9,74,15225.0635199343,15326.087607536969,1073.9537037037037,1074.8240740740741,10.757118479298125,10.04996750303151
10,74,14915.788761626094,15016.958354644259,1102.9907407407406,1103.2685185185185,11.497848880095894,10.757118479298125
11,74,14546.367559375676,14641.915482418732,1031.7407407407406,1032.148148148148,12.109091001333718,11.497848880095894
12,74,14067.372129342946,14148.134209948275,1124.7962962962963,1124.537037037037,12.807556292781596,12.109091001333718
13,74,14103.131507701097,14187.66318564964,978.6944444444445,979.0925925925926,13.534002919449897,12.807556292781596
14,74,15130.69766503875,15223.083992521882,942.7685185185185,942.3518518518518,14.213223355492133,13.534002919449897
15,74,13834.54726645894,13887.2639092982,900.0277777777778,899.4444444444445,14.990022927080933,14.213223355492133
16,74,14131.659977312262,14190.434249484122,857.175925925926,856.6481481481482,15.857134762354208,14.990022927080933
17,74,13876.413849777067,13937.389149883351,847.824074074074,847.3518518518518,16.73930680095249,15.857134762354208
18,74,12811.32349819678,12865.850652684421,1017.175925925926,1016.0462962962963,18.185193908963573,16.73930680095249
19,74,11411.298241268601,11469.353270359188,918.0555555555555,917.8055555555555,20.03230371924933,18.185193908963573
20,74,8034.778441242342,8069.614055345859,1375.7314814814815,1373.8425925925926,36.47608118563621,20.03230371924933
1,75,19471.723014452287,19634.385248061648,1632.0925925925926,1633.2685185185185,3.2207496030095855,0.0
2,75,16774.13915053431,16919.422447683322,1672.2314814814815,1673.2962962962963,4.209577041627323,3.2207496030095855
3,75,17264.548142493608,17402.34659733241,1436.5185185185185,1436.2314814814815,5.273829034979965,4.209577041627323
4,75,15454.943528072563,15579.146698047945,1411.7314814814815,1412.638888888889,6.2193607634696795,5.273829034979965
5,75,16375.917494768177,16498.891537297957,1230.7222222222222,1231.351851851852,7.099010562158709,6.2193607634696795
6,75,16428.59001415199,16535.623304597342,1193.7407407407406,1193.5833333333333,8.009865765886136,7.099010562158709
7,75,15670.350757252543,15742.31749738611,1219.5648148148148,1218.2222222222222,9.067303845096996,8.009865765886136
8,75,15845.027114072689,15947.593033398862,1079.9351851851852,1079.7685185185185,10.04996750303151,9.067303845096996
9,75,15363.501364942616,15449.187048597438,1076.787037037037,1076.5555555555557,10.757118479298125,10.04996750303151
10,75,14838.386389342148,14944.27610015739,1095.2037037037037,1095.351851851852,11.497848880095894,10.757118479298125
11,75,14488.39940048123,14541.463199672196,1031.1666666666667,1030.0462962962963,12.109091001333718,11.497848880095894
12,75,14144.844416072832,14346.573631749301,1123.212962962963,1123.5740740740741,12.807556292781596,12.109091001333718
13,75,14199.579684799994,14287.10588439413,981.7129629629629,981.7685185185185,13.534002919449897,12.807556292781596
14,75,14026.78760812617,14111.449603043264,930.2777777777778,930.4537037037037,14.213223355492133,13.534002919449897
15,75,13995.506021390273,14072.379723857335,908.4537037037037,907.6203703703703,14.990022927080933,14.213223355492133
16,75,14135.312994841493,14224.138750437927,857.1851851851852,857.5185185185185,15.857134762354208,14.990022927080933
17,75,14080.394009237505,14153.124616137966,857.0277777777778,857.1203703703703,16.73930680095249,15.857134762354208
18,75,12688.416446143048,12754.065515326623,1016.4629629629629,1016.7407407407408,18.185193908963573,16.73930680095249
19,75,11351.142643545427,11412.542599745488,914.7222222222222,914.1481481481482,20.03230371924933,18.185193908963573
20,75,8049.411524071785,8044.891490191727,1376.6666666666667,1376.1574074074074,36.47608118563621,20.03230371924933
1,76,19394.119787578264,19560.20121233987,1631.1574074074074,1632.9074074074074,3.2207496030095855,0.0
2,76,16747.98032315596,16869.6861717424,1668.7314814814815,1670.138888888889,4.209577041627323,3.2207496030095855
3,76,17215.115197212363,17352.884732501374,1432.7037037037037,1433.8796296296296,5.273829034979965,4.209577041627323
4,76,15401.925088862454,15508.50295659998,1408.3055555555557,1408.0925925925926,6.2193607634696795,5.273829034979965
5,76,16444.006630425745,16559.175694409932,1229.7685185185185,1229.8796296296296,7.099010562158709,6.2193607634696795
6,76,16195.664616243073,16320.78842381858,1188.148148148148,1188.7222222222222,8.009865765886136,7.099010562158709
7,76,15767.714558031577,15850.11020223438,1218.851851851852,1219.6666666666667,9.067303845096996,8.009865765886136
8,76,15602.292951701094,15631.823812522878,1078.8796296296296,1077.6759259259259,10.04996750303151,9.067303845096996
9,76,14985.87954754346,15054.465905642528,1077.1759259259259,1076.9351851851852,10.757118479298125,10.04996750303151
10,76,14907.335954392222,14987.560615791506,1101.8703703703704,1102.537037037037,11.497848880095894,10.757118479298125
11,76,14538.794249221499,14629.140951198995,1033.888888888889,1034.0833333333333,12.109091001333718,11.497848880095894
12,76,14011.34386129795,14093.88795324042,1126.138888888889,1126.138888888889,12.807556292781596,12.109091001333718
13,76,14130.85746743867,14214.84257021644,975.1111111111111,974.8611111111111,13.534002919449897,12.807556292781596
14,76,14601.583865667633,14673.595869742796,937.7592592592592,937.1666666666666,14.213223355492133,13.534002919449897
15,76,14036.073970503978,14116.966990414387,906.0462962962963,905.7777777777778,14.990022927080933,14.213223355492133
16,76,14196.156446736979,14274.539532461276,858.9351851851852,858.3796296296297,15.857134762354208,14.990022927080933
17,76,13840.335970886506,13909.864772884579,854.6851851851852,854.6018518518518,16.73930680095249,15.857134762354208
18,76,12877.586716964926,12931.355262622974,1021.5925925925926,1020.925925925926,18.185193908963573,16.73930680095249
19,76,11457.057569515278,11526.337059003285,917.3888888888889,916.8333333333334,20.03230371924933,18.185193908963573
20,76,7921.808625681995,7910.301501066964,1378.2777777777778,1376.212962962963,36.47608118563621,20.03230371924933
1,77,19432.949657742898,19506.037885253016,1631.2777777777778,1632.0092592592594,3.2207496030095855,0.0
2,77,16759.970522939286,16890.374539874883,1663.2592592592594,1663.7314814814815,4.209577041627323,3.2207496030095855
3,77,17293.723183835154,17412.07373726119,1437.2592592592594,1436.7962962962963,5.273829034979965,4.209577041627323
4,77,15581.518077181621,15714.132942442911,1416.712962962963,1417.5,6.2193607634696795,5.273829034979965
5,77,16363.610787749662,16487.535757347014,1226.8148148148148,1228.0462962962963,7.099010562158709,6.2193607634696795
6,77,16142.460755171582,16257.191224953163,1187.2037037037037,1187.0648148148148,8.009865765886136,7.099010562158709
7,77,15976.562213968056,16059.897840072816,1221.9722222222222,1221.888888888889,9.067303845096996,8.009865765886136
8,77,15704.670718210125,15797.686648270976,1077.75,1077.9351851851852,10.04996750303151,9.067303845096996
9,77,15150.252742198447,15251.00096957893,1077.0,1076.851851851852,10.757118479298125,10.04996750303151
10,77,14880.9004437926,14977.678738714478,1100.0833333333333,1100.5925925925926,11.497848880095894,10.757118479298125
11,77,14392.156834184154,14485.553147041914,1031.898148148148,1031.3148148148148,12.109091001333718,11.497848880095894
12,77,13488.533528948643,13571.860022965146,1124.6574074074074,1124.8055555555557,12.807556292781596,12.109091001333718
13,77,14101.404717507496,14175.265114109467,975.1203703703703,975.2592592592592,13.534002919449897,12.807556292781596
14,77,14572.71294409131,14658.41757485264,941.5833333333334,941.9629629629629,14.213223355492133,13.534002919449897
15,77,13825.828448822713,13904.019352012221,900.5370370370371,900.4074074074074,14.990022927080933,14.213223355492133
16,77,14246.005421633216,14321.154670796383,863.7962962962963,863.8611111111111,15.857134762354208,14.990022927080933
17,77,13938.86003731789,14012.354928251494,855.0648148148148,855.175925925926,16.73930680095249,15.857134762354208
18,77,12727.09758294195,12780.988450524423,1018.4907407407408,1017.6481481481482,18.185193908963573,16.73930680095249
19,77,11505.693989017223,11548.153355744147,918.3518518518518,917.0555555555555,20.03230371924933,18.185193908963573
20,77,8039.63242106319,8109.325077752797,1376.5833333333333,1375.5092592592594,36.47608118563621,20.03230371924933
1,78,19029.338736410285,19210.842931409545,1631.0,1632.7037037037037,3.2207496030095855,0.0
2,78,16835.32152064547,16929.44897743568,1671.7962962962963,1672.0462962962963,4.209577041627323,3.2207496030095855
3,78,16933.19018046461,17043.32037829706,1428.0277777777778,1427.9166666666667,5.273829034979965,4.209577041627323
4,78,15499.505222379106,15622.499995074411,1408.75,1410.398148148148,6.2193607634696795,5.273829034979965
5,78,16335.283157205658,16456.84561609443,1226.7314814814815,1227.4537037037037,7.099010562158709,6.2193607634696795
6,78,16438.073111237954,16487.60847915991,1193.462962962963,1192.6759259259259,8.009865765886136,7.099010562158709
7,78,15868.581708559299,15951.794315476642,1216.7407407407406,1216.8703703703704,9.067303845096996,8.009865765886136
8,78,15851.431372253266,15959.638327701106,1084.2592592592594,1084.351851851852,10.04996750303151,9.067303845096996
9,78,15322.016397958609,15406.799223107351,1077.4722222222222,1077.25,10.757118479298125,10.04996750303151
10,78,14823.5421730681,14882.74633311727,1092.388888888889,1091.601851851852,11.497848880095894,10.757118479298125
11,78,14545.061811143378,14602.984733704638,1033.25,1033.3796296296296,12.109091001333718,11.497848880095894
12,78,14433.666539995736,14503.333799259712,1125.5833333333333,1125.25,12.807556292781596,12.109091001333718
13,78,14326.08470993845,14425.918118384676,985.2407407407408,985.8888888888889,13.534002919449897,12.807556292781596
14,78,16065.140024683045,16148.351701259917,942.8518518518518,942.4074074074074,14.213223355492133,13.534002919449897
15,78,13965.711187188002,14039.868545409925,906.5092592592592,906.324074074074,14.990022927080933,14.213223355492133
16,78,14335.983670996377,14422.28751701771,862.2037037037037,862.1111111111111,15.857134762354208,14.990022927080933
17,78,13889.23168121263,13962.078245761608,857.6388888888889,857.0555555555555,16.73930680095249,15.857134762354208
18,78,12643.368674256732,12689.122335669988,1012.8981481481482,1012.4444444444445,18.185193908963573,16.73930680095249
19,78,11457.807023985837,11537.759100259686,916.4722222222222,916.4629629629629,20.03230371924933,18.185193908963573
20,78,8258.431756855416,8286.219562649077,1372.138888888889,1370.8240740740741,36.47608118563621,20.03230371924933
1,79,19275.41097964006,19520.212193755346,1633.388888888889,1634.4814814814815,3.2207496030095855,0.0
2,79,16721.226589257607,16833.27579458607,1667.351851851852,1667.7037037037037,4.209577041627323,3.2207496030095855
3,79,17082.40045161925,17221.952249281356,1432.9722222222222,1433.4814814814815,5.273829034979965,4.209577041627323
4,79,15440.105325194014,15560.907624203288,1407.5648148148148,1408.3055555555557,6.2193607634696795,5.273829034979965
5,79,16423.926460232553,16548.970052618166,1228.2314814814815,1229.2222222222222,7.099010562158709,6.2193607634696795
6,79,16361.719719492765,16463.287944843985,1190.962962962963,1191.648148148148,8.009865765886136,7.099010562158709
7,79,15837.895806046894,15948.07881414419,1221.2222222222222,1221.2685185185185,9.067303845096996,8.009865765886136
8,79,15693.889153017311,15770.43845247504,1074.898148148148,1074.4722222222222,10.04996750303151,9.067303845096996
9,79,15161.913635322811,15257.736042539515,1074.2777777777778,1074.2777777777778,10.757118479298125,10.04996750303151
10,79,14701.554627069065,14783.963071453843,1096.6851851851852,1097.1296296296296,11.497848880095894,10.757118479298125
11,79,14476.819196895709,14546.49246405177,1028.4074074074074,1028.361111111111,12.109091001333718,11.497848880095894
12,79,13896.091232131139,13978.466391311973,1126.9537037037037,1126.8148148148148,12.807556292781596,12.109091001333718
13,79,14152.47128558266,14243.084433404229,977.6481481481482,977.8796296296297,13.534002919449897,12.807556292781596
14,79,15074.993522550816,15391.308458604815,943.8333333333334,943.925925925926,14.213223355492133,13.534002919449897
15,79,13847.289131706013,13930.102915923195,906.1851851851852,906.0925925925926,14.990022927080933,14.213223355492133
16,79,14416.650730820547,14475.8254714204,864.1111111111111,862.5462962962963,15.857134762354208,14.990022927080933
17,79,14038.798704920735,14112.474673965875,859.1388888888889,858.7407407407408,16.73930680095249,15.857134762354208
18,79,12731.487051623311,12760.80298148345,1018.9722222222222,1018.4722222222222,18.185193908963573,16.73930680095249
19,79,11471.353970520431,11515.764688332518,915.0833333333334,914.3055555555555,20.03230371924933,18.185193908963573
20,79,7960.015855031317,7980.213088990571,1377.5277777777778,1376.287037037037,36.47608118563621,20.03230371924933
1,80,19736.43135663364,19867.08260634936,1633.0555555555557,1634.0648148148148,3.2207496030095855,0.0
2,80,16851.565227364343,16974.590086465647,1672.1666666666667,1673.25,4.209577041627323,3.2207496030095855
3,80,17158.643816704054,17274.945509091685,1432.962962962963,1433.1666666666667,5.273829034979965,4.209577041627323
4,80,15525.525451740474,15609.783159523286,1415.1666666666667,1414.5277777777778,6.2193607634696795,5.273829034979965
5,80,16464.26861261185,16582.723875696254,1228.8148148148148,1229.1203703703704,7.099010562158709,6.2193607634696795
6,80,16449.94855239356,16539.251044479483,1190.537037037037,1191.138888888889,8.009865765886136,7.099010562158709
7,80,15700.1599713023,15792.82182200842,1219.1574074074074,1219.4722222222222,9.067303845096996,8.009865765886136
8,80,15660.225618543853,15740.652491853341,1076.0277777777778,1076.2685185185185,10.04996750303151,9.067303845096996
9,80,15285.129169810281,15358.913714131526,1075.4907407407406,1074.1759259259259,10.757118479298125,10.04996750303151
10,80,15115.415241165718,15226.883380846728,1104.4907407407406,1104.8796296296296,11.497848880095894,10.757118479298125
11,80,14393.58529308975,14457.148635038933,1025.2407407407406,1024.4166666666667,12.109091001333718,11.497848880095894
12,80,14107.725727318322,14181.345533074318,1123.4444444444443,1122.9722222222222,12.807556292781596,12.109091001333718
13,80,14166.852821495671,14260.976336240792,981.9351851851852,982.7222222222222,13.534002919449897,12.807556292781596
14,80,14852.987311355171,15162.23964667437,936.5185185185185,936.7685185185185,14.213223355492133,13.534002919449897
15,80,13823.204577945822,13900.672619286506,899.5833333333334,899.4907407407408,14.990022927080933,14.213223355492133
16,80,14262.773062481812,14341.437031538297,861.175925925926,860.9814814814815,15.857134762354208,14.990022927080933
17,80,14010.534422352343,14049.696337618456,857.824074074074,857.0370370370371,16.73930680095249,15.857134762354208
18,80,12551.487001913296,12621.653760559335,1015.3518518518518,1015.4351851851852,18.185193908963573,16.73930680095249
19,80,11326.454465917379,11384.359046686046,915.9814814814815,915.75,20.03230371924933,18.185193908963573
20,80,7938.639121889432,7972.457830664341,1380.4907407407406,1379.7777777777778,36.47608118563621,20.03230371924933
1,81,19251.729424412988,19510.24905361577,1630.9074074074074,1632.361111111111,3.2207496030095855,0.0
2,81,17069.52346608142,17194.06335997989,1676.101851851852,1675.8333333333333,4.209577041627323,3.2207496030095855
3,81,17164.494977338964,17289.160131374698,1429.7962962962963,1430.4074074074074,5.273829034979965,4.209577041627323
4,81,15375.646913779228,15476.649050521812,1408.0833333333333,1409.2592592592594,6.2193607634696795,5.273829034979965
5,81,16417.040067301055,16542.155183388557,1228.0462962962963,1228.75,7.099010562158709,6.2193607634696795
6,81,16393.32146872717,16535.609948667956,1191.0277777777778,1191.2037037037037,8.009865765886136,7.099010562158709
7,81,15804.399838869493,15915.645643836719,1217.962962962963,1218.7314814814815,9.067303845096996,8.009865765886136
8,81,15568.571142879735,15650.022402052922,1076.7592592592594,1075.9074074074074,10.04996750303151,9.067303845096996
9,81,15208.738411738923,15322.758043065855,1074.0833333333333,1075.1759259259259,10.757118479298125,10.04996750303151
10,81,14931.445278755444,15023.627445660504,1096.4722222222222,1096.5277777777778,11.497848880095894,10.757118479298125
11,81,14596.293262028306,14669.039543272842,1031.7222222222222,1031.3425925925926,12.109091001333718,11.497848880095894
12,81,14146.085841095844,14228.58877123472,1127.388888888889,1127.7222222222222,12.807556292781596,12.109091001333718
13,81,14330.57406344444,14399.81729075401,987.0,986.8981481481482,13.534002919449897,12.807556292781596
14,81,14867.89873239276,14939.75818944695,939.25,938.5925925925926,14.213223355492133,13.534002919449897
15,81,13864.329674667844,13937.956860363614,905.4814814814815,904.7407407407408,14.990022927080933,14.213223355492133
16,81,14322.359249698522,14412.125743998437,861.5925925925926,861.6296296296297,15.857134762354208,14.990022927080933
17,81,13969.211213335891,14045.954622474996,853.1666666666666,852.1388888888889,16.73930680095249,15.857134762354208
18,81,12790.08914795784,12844.053762242558,1016.1851851851852,1015.3055555555555,18.185193908963573,16.73930680095249
19,81,11543.21608034741,11592.75825253865,918.2870370370371,917.9351851851852,20.03230371924933,18.185193908963573
20,81,7922.904435131873,7912.997501967241,1376.101851851852,1374.9537037037037,36.47608118563621,20.03230371924933
1,82,19253.764980842145,19407.922356655592,1636.138888888889,1636.3148148148148,3.2207496030095855,0.0
2,82,16738.381795845657,16828.61429213053,1669.537037037037,1669.0185185185185,4.209577041627323,3.2207496030095855
3,82,17261.659552432375,17381.671271766274,1443.638888888889,1444.6851851851852,5.273829034979965,4.209577041627323
4,82,15431.89837903191,15530.075341739555,1412.9351851851852,1412.5648148148148,6.2193607634696795,5.273829034979965
5,82,16373.566139126677,16506.287667436256,1230.2685185185185,1230.9166666666667,7.099010562158709,6.2193607634696795
6,82,16320.601684779378,16412.662474472927,1188.638888888889,1188.8148148148148,8.009865765886136,7.099010562158709
7,82,15776.146521185037,15871.890559167716,1220.9722222222222,1221.3333333333333,9.067303845096996,8.009865765886136
8,82,15728.082766205516,15817.10221744393,1080.888888888889,1080.601851851852,10.04996750303151,9.067303845096996
9,82,15237.243667584095,15318.475810008844,1080.138888888889,1080.2962962962963,10.757118479298125,10.04996750303151
10,82,14797.475522766472,14887.819121628174,1093.3425925925926,1092.861111111111,11.497848880095894,10.757118479298125
11,82,14498.21631228818,14585.687532227053,1030.7407407407406,1030.6574074074074,12.109091001333718,11.497848880095894
12,82,14055.132944582901,14249.242826725349,1131.3796296296296,1131.537037037037,12.807556292781596,12.109091001333718
13,82,14180.030922756703,14258.69869133527,977.2962962962963,976.9351851851852,13.534002919449897,12.807556292781596
14,82,15323.928193978221,15406.873995723594,935.0555555555555,934.9351851851852,14.213223355492133,13.534002919449897
15,82,13866.573603535026,13935.886528860363,901.3425925925926,901.675925925926,14.990022927080933,14.213223355492133
16,82,14197.259462272574,14272.389236620422,860.25,860.0925925925926,15.857134762354208,14.990022927080933
17,82,13923.89682957706,14008.598632625663,850.1111111111111,850.3333333333334,16.73930680095249,15.857134762354208
18,82,12806.597383211114,12845.297835084535,1013.1018518518518,1013.3055555555555,18.185193908963573,16.73930680095249
19,82,11412.608930561364,11476.80239748711,916.0185185185185,915.8518518518518,20.03230371924933,18.185193908963573
20,82,8057.081154804923,8094.263541025478,1373.6203703703704,1372.6851851851852,36.47608118563621,20.03230371924933
1,83,18873.0926002366,18947.43596722575,1630.0462962962963,1631.4814814814815,3.2207496030095855,0.0
2,83,16762.30219908234,16899.930222546995,1666.5648148148148,1667.111111111111,4.209577041627323,3.2207496030095855
3,83,17227.908275742197,17346.280552553908,1435.8055555555557,1436.9907407407406,5.273829034979965,4.209577041627323
4,83,15408.038067995893,15542.38443632633,1406.148148148148,1408.0648148148148,6.2193607634696795,5.273829034979965
5,83,16440.857612286396,16563.95532926743,1223.4537037037037,1224.4074074074074,7.099010562158709,6.2193607634696795
6,83,16418.081852301933,16528.688954337125,1195.3425925925926,1195.6574074074074,8.009865765886136,7.099010562158709
7,83,15772.986897942283,15855.627869905973,1219.3425925925926,1218.7314814814815,9.067303845096996,8.009865765886136
8,83,15711.649406975046,15804.759335110171,1076.9166666666667,1076.9166666666667,10.04996750303151,9.067303845096996
9,83,15493.102101029213,15575.17430271491,1079.3333333333333,1079.0462962962963,10.757118479298125,10.04996750303151
10,83,14896.289227831468,15002.646746780805,1099.138888888889,1098.8425925925926,11.497848880095894,10.757118479298125
11,83,14489.029564639592,14573.443765717377,1034.2685185185185,1033.9814814814815,12.109091001333718,11.497848880095894
12,83,14057.416714779652,14134.692365667246,1124.9444444444443,1124.5277777777778,12.807556292781596,12.109091001333718
13,83,14247.600144731721,14315.198086183434,983.7314814814815,983.1666666666666,13.534002919449897,12.807556292781596
14,83,14138.299612807961,14212.33378964473,938.9722222222222,938.175925925926,14.213223355492133,13.534002919449897
15,83,13877.424732990572,13951.172730850025,904.8148148148148,904.5277777777778,14.990022927080933,14.213223355492133
16,83,14286.808084938975,14365.699513764726,864.1666666666666,863.824074074074,15.857134762354208,14.990022927080933
17,83,13922.71904760625,13999.46945108825,854.1111111111111,853.4907407407408,16.73930680095249,15.857134762354208
18,83,12838.583095643851,12908.725581062852,1020.5833333333334,1021.4074074074074,18.185193908963573,16.73930680095249
19,83,11383.752881463168,11420.203937073835,912.3425925925926,911.0,20.03230371924933,18.185193908963573
20,83,7941.780730973143,7974.456778391127,1375.388888888889,1374.0648148148148,36.47608118563621,20.03230371924933
1,84,19696.68249643024,19868.817252803598,1634.5,1635.787037037037,3.2207496030095855,0.0
2,84,17049.16409957502,17177.695275480655,1676.9259259259259,1677.5648148148148,4.209577041627323,3.2207496030095855
3,84,17340.307176573668,17475.44344719876,1429.1851851851852,1430.7962962962963,5.273829034979965,4.209577041627323
4,84,15435.334769478834,15544.880167572592,1410.0925925925926,1411.0740740740741,6.2193607634696795,5.273829034979965
5,84,16494.12699569407,16578.125235933276,1230.2592592592594,1229.4722222222222,7.099010562158709,6.2193607634696795
6,84,16103.181102703313,16273.03443813081,1185.648148148148,1185.3796296296296,8.009865765886136,7.099010562158709
7,84,15629.820721811351,15705.81586443643,1218.1203703703704,1217.7685185185185,9.067303845096996,8.009865765886136
8,84,15708.517465530464,15815.17771306785,1080.2407407407406,1081.4074074074074,10.04996750303151,9.067303845096996
9,84,15153.253571393907,15237.17675971114,1076.9907407407406,1076.5277777777778,10.757118479298125,10.04996750303151
10,84,14939.794553933953,15026.029731546387,1102.6759259259259,1102.6574074074074,11.497848880095894,10.757118479298125
11,84,14487.053768436235,14557.749349772565,1032.8796296296296,1032.4259259259259,12.109091001333718,11.497848880095894
12,84,13540.095488348868,13527.280976963277,1128.1666666666667,1127.9259259259259,12.807556292781596,12.109091001333718
13,84,14183.160842499257,14254.820215839718,979.6018518518518,979.7222222222222,13.534002919449897,12.807556292781596
14,84,14706.577084134025,15011.116177771646,939.5925925925926,939.6574074074074,14.213223355492133,13.534002919449897
15,84,13757.321037004713,13838.509980540877,897.9722222222222,897.5648148148148,14.990022927080933,14.213223355492133
16,84,14262.98288147398,14335.00889541846,859.8518518518518,859.6388888888889,15.857134762354208,14.990022927080933
17,84,13888.725033020026,13967.008011157319,848.75,849.0833333333334,16.73930680095249,15.857134762354208
18,84,12591.332794121652,12650.494526239267,1016.0,1015.2962962962963,18.185193908963573,16.73930680095249
19,84,11468.66736194664,11509.708160597016,921.6296296296297,920.25,20.03230371924933,18.185193908963573
20,84,7933.656400872975,7966.610029140761,1376.3333333333333,1375.4166666666667,36.47608118563621,20.03230371924933
1,85,18687.131618886957,19012.448705401228,1628.6574074074074,1628.861111111111,3.2207496030095855,0.0
2,85,16678.643925502252,16779.292805996698,1663.75,1664.3333333333333,4.209577041627323,3.2207496030095855
3,85,17277.98456863071,17419.477805898365,1435.8055555555557,1436.462962962963,5.273829034979965,4.209577041627323
4,85,15622.653187198195,15755.201268428806,1416.2407407407406,1417.4166666666667,6.2193607634696795,5.273829034979965
5,85,16440.162917229936,16548.616189748762,1225.6574074074074,1225.9444444444443,7.099010562158709,6.2193607634696795
6,85,16272.835721115405,16366.515819408416,1191.9074074074074,1192.7037037037037,8.009865765886136,7.099010562158709
7,85,15758.172571200412,15840.405209347839,1217.037037037037,1216.5925925925926,9.067303845096996,8.009865765886136
8,85,15466.433089694512,15567.902156307779,1077.9166666666667,1077.4351851851852,10.04996750303151,9.067303845096996
9,85,15126.444368733968,15232.662603153374,1079.2962962962963,1079.5555555555557,10.757118479298125,10.04996750303151
10,85,14842.805325189183,14926.913363035028,1097.5092592592594,1097.7407407407406,11.497848880095894,10.757118479298125
11,85,14327.524038940059,14407.783788187515,1025.5925925925926,1026.4166666666667,12.109091001333718,11.497848880095894
12,85,13958.952296034333,14170.56447280578,1129.9166666666667,1130.6574074074074,12.807556292781596,12.109091001333718
13,85,14153.75502227438,14214.816573365462,977.9444444444445,977.3425925925926,13.534002919449897,12.807556292781596
14,85,14961.427322512767,15037.281485824544,943.0092592592592,942.9537037037037,14.213223355492133,13.534002919449897
15,85,13932.957776453668,13998.5494150843,905.3611111111111,905.074074074074,14.990022927080933,14.213223355492133
16,85,14282.19225533261,14362.06000115373,862.6666666666666,862.3425925925926,15.857134762354208,14.990022927080933
17,85,13966.106539354383,14038.914761454213,855.4444444444445,854.7777777777778,16.73930680095249,15.857134762354208
18,85,12679.602436612795,12704.215749629668,1017.5462962962963,1016.5,18.185193908963573,16.73930680095249
19,85,11448.227998570677,11496.564945658036,919.9907407407408,919.1296296296297,20.03230371924933,18.185193908963573
20,85,8029.097019382128,8047.672890115629,1374.1666666666667,1373.1759259259259,36.47608118563621,20.03230371924933
1,86,19057.296989870254,19209.44280032435,1632.5092592592594,1633.0185185185185,3.2207496030095855,0.0
2,86,16826.053081850638,16943.7532319657,1668.5462962962963,1669.8148148148148,4.209577041627323,3.2207496030095855
3,86,17198.577130798396,17310.47732146667,1429.7592592592594,1430.1944444444443,5.273829034979965,4.209577041627323
4,86,15525.808224315617,15626.331528760773,1415.75,1414.8796296296296,6.2193607634696795,5.273829034979965
5,86,16361.772470887418,16468.27813058733,1225.4907407407406,1225.8796296296296,7.099010562158709,6.2193607634696795
6,86,16282.071434245876,16388.77598584736,1186.9814814814815,1186.7407407407406,8.009865765886136,7.099010562158709
7,86,15772.758118058755,15890.378903314053,1221.0185185185185,1221.6851851851852,9.067303845096996,8.009865765886136
8,86,15724.199306806424,15802.414423376338,1077.601851851852,1077.7685185185185,10.04996750303151,9.067303845096996
9,86,15213.97395491158,15264.438429857719,1081.212962962963,1080.111111111111,10.757118479298125,10.04996750303151
10,86,14871.895928956616,14977.175257446183,1091.7222222222222,1092.5277777777778,11.497848880095894,10.757118479298125
11,86,14461.736464954389,14553.007113512978,1027.2777777777778,1027.4259259259259,12.109091001333718,11.497848880095894
12,86,13461.865757067271,13534.836915659733,1128.2314814814815,1128.1574074074074,12.807556292781596,12.109091001333718
13,86,14193.090222950628,14279.903513993037,982.8611111111111,983.1111111111111,13.534002919449897,12.807556292781596
14,86,14754.169398844686,14840.788897377588,943.7962962962963,944.0925925925926,14.213223355492133,13.534002919449897
15,86,13932.72516709893,14004.026744914381,905.1481481481482,904.8148148148148,14.990022927080933,14.213223355492133
16,86,14181.009261318928,14254.822298444751,864.0462962962963,863.4537037037037,15.857134762354208,14.990022927080933
17,86,13895.63776709023,13985.645472519656,854.3611111111111,854.3703703703703,16.73930680095249,15.857134762354208
18,86,12625.653260809231,12697.291999495157,1011.7777777777778,1011.6018518518518,18.185193908963573,16.73930680095249
19,86,11454.676158895421,11517.836847111499,914.7129629629629,914.2870370370371,20.03230371924933,18.185193908963573
20,86,7963.039895135124,8026.862920105941,1382.611111111111,1381.4814814814815,36.47608118563621,20.03230371924933
1,87,19354.572287175157,19522.23523332361,1634.3055555555557,1635.861111111111,3.2207496030095855,0.0
2,87,16858.243566941368,16980.52901419508,1670.888888888889,1671.7222222222222,4.209577041627323,3.2207496030095855
3,87,17111.520891140935,17239.96564907856,1427.1666666666667,1427.0833333333333,5.273829034979965,4.209577041627323
4,87,15449.078799580842,15558.41294986921,1416.6851851851852,1417.1574074074074,6.2193607634696795,5.273829034979965
5,87,16460.554622272768,16570.753058603048,1226.2222222222222,1226.6203703703704,7.099010562158709,6.2193607634696795
6,87,16276.396376532211,16391.40978642828,1191.3425925925926,1192.462962962963,8.009865765886136,7.099010562158709
7,87,15724.720302276675,15810.62037409609,1220.0185185185185,1220.2037037037037,9.067303845096996,8.009865765886136
8,87,15538.663076536874,15596.41817492502,1075.111111111111,1075.3425925925926,10.04996750303151,9.067303845096996
9,87,15100.31442661379,15220.761242380764,1074.3148148148148,1074.3148148148148,10.757118479298125,10.04996750303151
10,87,14891.52250987588,14954.419229050975,1097.2314814814815,1097.3425925925926,11.497848880095894,10.757118479298125
11,87,14613.777174297931,14716.253829359133,1033.6759259259259,1033.9259259259259,12.109091001333718,11.497848880095894
12,87,13758.50275485786,13945.322932993751,1127.0462962962963,1127.0462962962963,12.807556292781596,12.109091001333718
13,87,14269.611542269795,14333.943965853432,983.8148148148148,982.824074074074,13.534002919449897,12.807556292781596
14,87,14681.004968638485,14761.015193003223,940.9074074074074,940.8611111111111,14.213223355492133,13.534002919449897
15,87,13951.609348535814,14028.371361399117,904.8518518518518,904.4814814814815,14.990022927080933,14.213223355492133
16,87,14313.542626597904,14374.09376136574,861.0370370370371,859.925925925926,15.857134762354208,14.990022927080933
17,87,14116.670627229803,14192.88040154303,855.2129629629629,854.8611111111111,16.73930680095249,15.857134762354208
18,87,12599.416960851539,12664.254969727623,1013.0555555555555,1012.5277777777778,18.185193908963573,16.73930680095249
19,87,11392.193396327846,11450.745229337586,916.3148148148148,915.9444444444445,20.03230371924933,18.185193908963573
20,87,7988.115273680824,8048.9901494177975,1376.212962962963,1374.9074074074074,36.47608118563621,20.03230371924933
1,88,19798.671079786516,19799.250518102253,1631.8703703703704,1631.7962962962963,3.2207496030095855,0.0
2,88,16614.260791565208,16757.696542465415,1659.8240740740741,1661.0092592592594,4.209577041627323,3.2207496030095855
3,88,17078.555683206127,17198.468264776235,1431.138888888889,1431.962962962963,5.273829034979965,4.209577041627323
4,88,15662.772305237326,15770.081647679264,1414.1203703703704,1413.962962962963,6.2193607634696795,5.273829034979965
5,88,16515.07814601561,16613.494375418108,1232.5092592592594,1232.3703703703704,7.099010562158709,6.2193607634696795
6,88,16063.137678779336,16183.792205191661,1187.4444444444443,1188.0462962962963,8.009865765886136,7.099010562158709
7,88,15761.116153349529,15853.643161177008,1223.4814814814815,1223.4444444444443,9.067303845096996,8.009865765886136
8,88,15818.355386905538,15904.17908338336,1075.462962962963,1075.601851851852,10.04996750303151,9.067303845096996
9,88,15285.21246285724,15371.492769863371,1076.3333333333333,1076.2962962962963,10.757118479298125,10.04996750303151
10,88,15068.314975085137,15154.319668808646,1102.0555555555557,1102.2407407407406,11.497848880095894,10.757118479298125
11,88,14569.758432038045,14633.00414509406,1032.5185185185185,1031.8425925925926,12.109091001333718,11.497848880095894
12,88,13819.827354560004,13895.781658356444,1122.5277777777778,1122.2037037037037,12.807556292781596,12.109091001333718
13,88,14234.371002383288,14311.946882978225,981.0833333333334,980.9907407407408,13.534002919449897,12.807556292781596
14,88,14615.229124479238,14692.340750508654,945.2962962962963,945.0370370370371,14.213223355492133,13.534002919449897
15,88,13901.435546140416,13992.508149676873,905.3796296296297,905.8425925925926,14.990022927080933,14.213223355492133
16,88,14346.163979076164,14421.418035361905,857.6296296296297,857.8333333333334,15.857134762354208,14.990022927080933
17,88,14020.529327736629,14072.898373763443,854.5277777777778,853.7962962962963,16.73930680095249,15.857134762354208
18,88,12780.127573321599,12829.845562883198,1016.8148148148148,1016.7870370370371,18.185193908963573,16.73930680095249
19,88,11412.649710649694,11462.218969038422,918.3981481481482,917.5462962962963,20.03230371924933,18.185193908963573
20,88,8041.947081669145,8080.3603575195675,1377.0,1376.8055555555557,36.47608118563621,20.03230371924933
1,89,19638.893829584584,19913.362986586504,1631.962962962963,1633.851851851852,3.2207496030095855,0.0
2,89,16647.325463203844,16746.96770874982,1660.9814814814815,1660.9259259259259,4.209577041627323,3.2207496030095855
3,89,17235.91787833098,17360.40837812046,1437.1851851851852,1437.462962962963,5.273829034979965,4.209577041627323
4,89,15508.935420912208,15621.418037214158,1412.2592592592594,1413.0833333333333,6.2193607634696795,5.273829034979965
5,89,16506.87013229908,16626.872703931196,1229.9537037037037,1230.9907407407406,7.099010562158709,6.2193607634696795
6,89,16542.54511772029,16655.04638381779,1185.611111111111,1185.5,8.009865765886136,7.099010562158709
7,89,15867.58622139744,15956.036936323088,1219.5833333333333,1219.5740740740741,9.067303845096996,8.009865765886136
8,89,15694.512764433863,15794.499358346204,1078.5833333333333,1078.9814814814815,10.04996750303151,9.067303845096996
9,89,15173.89482008367,15272.34654924539,1073.9259259259259,1073.7777777777778,10.757118479298125,10.04996750303151
10,89,15119.149546572075,15174.09545082537,1106.9351851851852,1106.0277777777778,11.497848880095894,10.757118479298125
11,89,14537.210822803967,14611.904121624682,1027.2314814814815,1027.0740740740741,12.109091001333718,11.497848880095894
12,89,13551.514855083915,13736.485156105928,1127.1203703703704,1126.7407407407406,12.807556292781596,12.109091001333718
13,89,14184.045168977334,14276.058201971648,980.2962962962963,980.4629629629629,13.534002919449897,12.807556292781596
14,89,14741.953563610858,14816.293779843794,939.4351851851852,939.2870370370371,14.213223355492133,13.534002919449897
15,89,14001.374874395211,14085.324686344493,909.074074074074,909.2222222222222,14.990022927080933,14.213223355492133
16,89,14224.798872920532,14293.283630193422,864.1481481481482,863.675925925926,15.857134762354208,14.990022927080933
17,89,14030.348198595306,14099.303763904936,853.25,852.8981481481482,16.73930680095249,15.857134762354208
18,89,12731.818407110879,12799.634718305584,1014.4629629629629,1014.9537037037037,18.185193908963573,16.73930680095249
19,89,11446.434517073096,11505.532985395806,916.0555555555555,915.8703703703703,20.03230371924933,18.185193908963573
20,89,7855.34349640471,7895.367061851941,1377.361111111111,1375.0555555555557,36.47608118563621,20.03230371924933
1,90,19003.237962911036,19213.205183430444,1635.0925925925926,1635.2962962962963,3.2207496030095855,0.0
2,90,16759.600002031897,16898.476043638482,1670.8240740740741,1672.601851851852,4.209577041627323,3.2207496030095855
3,90,17102.109329794952,17253.426723316385,1425.2037037037037,1426.0740740740741,5.273829034979965,4.209577041627323
4,90,15454.841512397594,15564.135755041303,1405.0092592592594,1405.5277777777778,6.2193607634696795,5.273829034979965
5,90,16287.686720828533,16411.253964147978,1222.2685185185185,1222.9537037037037,7.099010562158709,6.2193607634696795
6,90,16290.394794698837,16420.333137436246,1196.3425925925926,1196.4722222222222,8.009865765886136,7.099010562158709
7,90,15795.143247838143,15902.049854513676,1220.5462962962963,1220.787037037037,9.067303845096996,8.009865765886136
8,90,15568.987099432112,15671.400778107523,1077.2592592592594,1077.2777777777778,10.04996750303151,9.067303845096996
9,90,15157.707117241182,15250.028339255088,1077.6296296296296,1078.148148148148,10.757118479298125,10.04996750303151
10,90,14939.965377585884,15010.876878926916,1102.148148148148,1102.6296296296296,11.497848880095894,10.757118479298125
11,90,14459.397896886872,14534.898112288758,1027.351851851852,1027.4259259259259,12.109091001333718,11.497848880095894
12,90,13682.653157491799,13755.906104975393,1125.4351851851852,1125.4722222222222,12.807556292781596,12.109091001333718
13,90,14305.209334907735,14382.664917294342,984.9537037037037,984.25,13.534002919449897,12.807556292781596
14,90,14653.317319540718,14713.425812191832,940.9351851851852,940.5,14.213223355492133,13.534002919449897
15,90,14009.004079655473,14070.225928212221,910.1944444444445,909.6018518518518,14.990022927080933,14.213223355492133
16,90,14259.38277838854,14349.51603253937,861.9629629629629,862.0,15.857134762354208,14.990022927080933
17,90,13929.627312885454,14004.17836628198,851.3333333333334,850.824074074074,16.73930680095249,15.857134762354208
18,90,12585.68436093619,12659.61249816502,1010.425925925926,1010.2962962962963,18.185193908963573,16.73930680095249
19,90,11481.341242448269,11546.236385282198,916.425925925926,915.4351851851852,20.03230371924933,18.185193908963573
20,90,8203.584447586563,8229.74427539318,1384.0740740740741,1381.8425925925926,36.47608118563621,20.03230371924933
1,91,19521.339033074066,19681.225969815587,1634.398148148148,1635.2037037037037,3.2207496030095855,0.0
2,91,16913.087494893534,17010.26106460776,1674.7314814814815,1674.8240740740741,4.209577041627323,3.2207496030095855
3,91,17323.05337898374,17462.520640852657,1431.4814814814815,1432.0555555555557,5.273829034979965,4.209577041627323
4,91,15403.683802265456,15505.485721136061,1404.898148148148,1405.0555555555557,6.2193607634696795,5.273829034979965
5,91,16388.954576526678,16511.898468716547,1226.712962962963,1227.4537037037037,7.099010562158709,6.2193607634696795
6,91,16155.212105161141,16245.206594003548,1190.7962962962963,1191.0092592592594,8.009865765886136,7.099010562158709
7,91,15926.435672876576,16022.816634964176,1222.361111111111,1222.537037037037,9.067303845096996,8.009865765886136
8,91,15785.074551539836,15873.229619436157,1080.1296296296296,1080.5740740740741,10.04996750303151,9.067303845096996
9,91,15220.862909842703,15296.187460281864,1076.212962962963,1076.962962962963,10.757118479298125,10.04996750303151
10,91,14840.521544183097,14928.498486259203,1096.3148148148148,1095.8240740740741,11.497848880095894,10.757118479298125
11,91,14380.034449984008,14455.713528473718,1029.537037037037,1029.5555555555557,12.109091001333718,11.497848880095894
12,91,14063.985972544462,14149.479757084046,1129.9814814814815,1130.4074074074074,12.807556292781596,12.109091001333718
13,91,14270.488163961129,14337.253655760456,980.6666666666666,979.8333333333334,13.534002919449897,12.807556292781596
14,91,14812.622105381808,14887.317857438538,940.4907407407408,940.5462962962963,14.213223355492133,13.534002919449897
15,91,13895.754933027913,13950.470110763203,907.0833333333334,906.0462962962963,14.990022927080933,14.213223355492133
16,91,14205.762746307884,14290.557927800293,858.5833333333334,858.9537037037037,15.857134762354208,14.990022927080933
17,91,13957.803454019464,14027.349407235424,851.0648148148148,850.5555555555555,16.73930680095249,15.857134762354208
18,91,12940.847877304026,13009.469052889946,1016.4722222222222,1016.3611111111111,18.185193908963573,16.73930680095249
19,91,11481.83194520663,11532.957055592064,919.7685185185185,919.0648148148148,20.03230371924933,18.185193908963573
20,91,7991.7621961652685,8019.406455202289,1373.7314814814815,1372.5925925925926,36.47608118563621,20.03230371924933
1,92,19384.393794080926,19629.93031105085,1635.4259259259259,1636.5,3.2207496030095855,0.0
2,92,16743.231440032156,16895.84960565438,1668.6296296296296,1670.9074074074074,4.209577041627323,3.2207496030095855
3,92,17181.024113726427,17287.60213822037,1436.388888888889,1435.9814814814815,5.273829034979965,4.209577041627323
4,92,15445.662476771442,15554.92242425689,1413.4074074074074,1413.4074074074074,6.2193607634696795,5.273829034979965
5,92,16375.976975373876,16487.867442415292,1228.6851851851852,1228.3703703703704,7.099010562158709,6.2193607634696795
6,92,16102.684054727386,16180.83555409897,1188.1851851851852,1188.7777777777778,8.009865765886136,7.099010562158709
7,92,15729.127037859014,15839.953094134826,1217.0925925925926,1217.537037037037,9.067303845096996,8.009865765886136
8,92,15859.367479696362,15963.508527336482,1078.75,1079.0648148148148,10.04996750303151,9.067303845096996
9,92,15190.527627957026,15244.858211244491,1070.3796296296296,1069.962962962963,10.757118479298125,10.04996750303151
10,92,15004.313290156468,15093.458011572087,1097.962962962963,1097.8240740740741,11.497848880095894,10.757118479298125
11,92,14578.567943671673,14664.76408905617,1037.462962962963,1037.6666666666667,12.109091001333718,11.497848880095894
12,92,14138.4696419384,14220.944290250845,1125.3240740740741,1125.398148148148,12.807556292781596,12.109091001333718
13,92,14258.818170870105,14326.152466338048,984.8611111111111,984.5185185185185,13.534002919449897,12.807556292781596
14,92,14532.768790291246,14608.610444470025,937.0648148148148,937.0833333333334,14.213223355492133,13.534002919449897
15,92,13861.570912789006,13944.769389653948,907.2777777777778,907.1111111111111,14.990022927080933,14.213223355492133
16,92,14502.93772708783,14563.035805734875,864.9074074074074,864.6296296296297,15.857134762354208,14.990022927080933
17,92,13970.309962094507,14030.930052155813,850.9074074074074,850.1481481481482,16.73930680095249,15.857134762354208
18,92,12640.060483730855,12691.312644421849,1009.675925925926,1009.2592592592592,18.185193908963573,16.73930680095249
19,92,11485.977737856996,11539.449142022435,920.3518518518518,919.9444444444445,20.03230371924933,18.185193908963573
20,92,8344.174816272074,8383.693270587093,1372.6759259259259,1371.3240740740741,36.47608118563621,20.03230371924933
1,93,19385.541132265276,19653.40080171058,1635.3148148148148,1636.611111111111,3.2207496030095855,0.0
2,93,16754.222845920995,16877.9086334557,1664.7592592592594,1665.8796296296296,4.209577041627323,3.2207496030095855
3,93,16995.236933572218,17121.837255141945,1432.8703703703704,1433.8425925925926,5.273829034979965,4.209577041627323
4,93,15464.591316129503,15589.36290581364,1413.9722222222222,1414.5092592592594,6.2193607634696795,5.273829034979965
5,93,16408.649489495216,16508.105775976488,1232.388888888889,1231.4814814814815,7.099010562158709,6.2193607634696795
6,93,16264.993844766756,16360.8115104506,1191.7407407407406,1191.712962962963,8.009865765886136,7.099010562158709
7,93,15650.131643383116,15752.454821947145,1215.138888888889,1215.4074074074074,9.067303845096996,8.009865765886136
8,93,15655.759170461908,15718.147702572136,1075.7777777777778,1075.2777777777778,10.04996750303151,9.067303845096996
9,93,15263.656832109533,15354.631619114129,1079.3703703703704,1078.9259259259259,10.757118479298125,10.04996750303151
10,93,15032.503775622523,15143.554574688818,1104.712962962963,1104.462962962963,11.497848880095894,10.757118479298125
11,93,14519.116829303703,14595.777342850188,1031.361111111111,1030.6944444444443,12.109091001333718,11.497848880095894
12,93,13629.343248255322,13702.143281940596,1123.1759259259259,1122.962962962963,12.807556292781596,12.109091001333718
13,93,14214.216793460935,14299.061558443604,979.7777777777778,979.5370370370371,13.534002919449897,12.807556292781596
14,93,15266.546965163005,15362.309670944125,939.4444444444445,939.3611111111111,14.213223355492133,13.534002919449897
15,93,13746.646192929502,13820.810449647985,901.9722222222222,901.574074074074,14.990022927080933,14.213223355492133
16,93,14317.142291257289,14397.854360295123,862.2129629629629,861.8055555555555,15.857134762354208,14.990022927080933
17,93,14135.760199827926,14215.434230139565,854.2777777777778,854.4722222222222,16.73930680095249,15.857134762354208
18,93,12652.400414376321,12709.977177360443,1019.2870370370371,1019.9351851851852,18.185193908963573,16.73930680095249
19,93,11414.582519254593,11490.803735901698,914.9629629629629,914.8888888888889,20.03230371924933,18.185193908963573
20,93,7887.274873981765,7917.340181669517,1372.898148148148,1372.0740740740741,36.47608118563621,20.03230371924933
1,94,19229.356517681437,19447.966453885318,1632.4907407407406,1632.5185185185185,3.2207496030095855,0.0
2,94,16754.250233092025,16864.180582977566,1668.8148148148148,1669.6574074074074,4.209577041627323,3.2207496030095855
3,94,17108.707221875855,17223.521721897454,1435.2037037037037,1435.3703703703704,5.273829034979965,4.209577041627323
4,94,15504.814822789249,15638.139961680645,1413.9537037037037,1415.5740740740741,6.2193607634696795,5.273829034979965
5,94,16412.386648735028,16522.17912407253,1223.4259259259259,1223.638888888889,7.099010562158709,6.2193607634696795
6,94,16202.566233593105,16341.345019421775,1189.1666666666667,1189.601851851852,8.009865765886136,7.099010562158709
7,94,15815.585443180256,15911.777622421927,1221.1296296296296,1221.111111111111,9.067303845096996,8.009865765886136
8,94,15761.197301363965,15816.320061574164,1082.388888888889,1082.4444444444443,10.04996750303151,9.067303845096996
9,94,15323.203836001245,15382.27998621097,1077.9351851851852,1077.4074074074074,10.757118479298125,10.04996750303151
10,94,14914.463921853718,14993.736702240472,1095.1666666666667,1094.7407407407406,11.497848880095894,10.757118479298125
11,94,14524.269153879273,14586.049516102126,1029.5925925925926,1029.2314814814815,12.109091001333718,11.497848880095894
12,94,13784.284294523482,13865.603978390074,1124.5925925925926,1124.6574074074074,12.807556292781596,12.109091001333718
13,94,14333.864481135768,14410.581099634022,980.7592592592592,981.0648148148148,13.534002919449897,12.807556292781596
14,94,14677.255044654617,14739.164797185547,942.9166666666666,941.9907407407408,14.213223355492133,13.534002919449897
15,94,13941.125226084376,14017.723789232236,907.6944444444445,907.6203703703703,14.990022927080933,14.213223355492133
16,94,14131.707449397709,14220.71315986115,856.7685185185185,856.6111111111111,15.857134762354208,14.990022927080933
17,94,14084.321169872836,14150.011165077727,854.9814814814815,854.6018518518518,16.73930680095249,15.857134762354208
18,94,12748.846010171987,12809.553987672689,1017.2962962962963,1016.7129629629629,18.185193908963573,16.73930680095249
19,94,11371.233848421663,11438.328920744174,911.5370370370371,911.6203703703703,20.03230371924933,18.185193908963573
20,94,8051.639911555822,8082.138947502027,1379.601851851852,1379.2407407407406,36.47608118563621,20.03230371924933
1,95,19519.669327812404,19667.37858389847,1634.6944444444443,1635.1851851851852,3.2207496030095855,0.0
2,95,16922.754154230814,17044.682611772434,1670.2407407407406,1670.5648148148148,4.209577041627323,3.2207496030095855
3,95,17127.47244442374,17233.862635804646,1435.9074074074074,1436.037037037037,5.273829034979965,4.209577041627323
4,95,15387.2225407592,15489.266224114343,1406.6759259259259,1406.648148148148,6.2193607634696795,5.273829034979965
5,95,16390.253296199055,16502.324997238655,1230.6851851851852,1230.898148148148,7.099010562158709,6.2193607634696795
6,95,16210.115760551218,16317.450041794174,1190.7777777777778,1191.287037037037,8.009865765886136,7.099010562158709
7,95,15808.826691239618,15901.47032367487,1218.3703703703704,1219.3148148148148,9.067303845096996,8.009865765886136
8,95,15877.416362645095,15960.680968743582,1084.25,1084.712962962963,10.04996750303151,9.067303845096996
9,95,15265.580117867454,15348.282073262686,1073.8240740740741,1073.6944444444443,10.757118479298125,10.04996750303151
10,95,14981.976214836395,15061.535698448193,1098.8703703703704,1098.2777777777778,11.497848880095894,10.757118479298125
11,95,14473.696556221224,14564.36297043614,1026.4537037037037,1026.7962962962963,12.109091001333718,11.497848880095894
12,95,14179.988492879476,14264.41272450257,1128.0833333333333,1127.888888888889,12.807556292781596,12.109091001333718
13,95,14282.124069006633,14356.845785198031,985.9629629629629,985.7037037037037,13.534002919449897,12.807556292781596
14,95,14375.38013434294,14320.197191341345,933.9074074074074,934.5092592592592,14.213223355492133,13.534002919449897
15,95,13976.711953044121,14064.052992921688,904.7777777777778,905.074074074074,14.990022927080933,14.213223355492133
16,95,14239.592477724564,14301.763266391483,860.0185185185185,859.3888888888889,15.857134762354208,14.990022927080933
17,95,14085.439699117953,14154.454298522134,856.3981481481482,855.7037037037037,16.73930680095249,15.857134762354208
18,95,12777.503763048608,12870.901912022257,1015.8703703703703,1015.4907407407408,18.185193908963573,16.73930680095249
19,95,11351.446189927196,11409.215777603738,913.8333333333334,913.0,20.03230371924933,18.185193908963573
20,95,7949.058813256398,7977.606787405225,1375.8148148148148,1375.2407407407406,36.47608118563621,20.03230371924933
1,96,18943.016965824314,19125.124066251126,1628.148148148148,1629.9444444444443,3.2207496030095855,0.0
2,96,16814.247458660844,16922.345319087104,1672.9444444444443,1672.9259259259259,4.209577041627323,3.2207496030095855
3,96,17258.313421793828,17410.140565847076,1431.75,1431.9444444444443,5.273829034979965,4.209577041627323
4,96,15690.647397822342,15813.117262263471,1420.4259259259259,1420.7592592592594,6.2193607634696795,5.273829034979965
5,96,16490.574031873504,16626.120881125265,1230.4444444444443,1231.601851851852,7.099010562158709,6.2193607634696795
6,96,16227.391212590217,16363.911643357926,1187.1296296296296,1187.0092592592594,8.009865765886136,7.099010562158709
7,96,15813.789926248637,15924.071459557583,1213.7592592592594,1214.4259259259259,9.067303845096996,8.009865765886136
8,96,15667.570145283562,15779.319191901273,1072.8333333333333,1073.1944444444443,10.04996750303151,9.067303845096996
9,96,15326.174115860429,15423.050759778433,1078.5092592592594,1077.75,10.757118479298125,10.04996750303151
10,96,14963.009326235993,15043.396758215194,1099.1574074074074,1098.5648148148148,11.497848880095894,10.757118479298125
11,96,14479.96907260405,14575.918523381073,1030.4722222222222,1031.4074074074074,12.109091001333718,11.497848880095894
12,96,13419.008508022598,13582.11562314958,1123.2962962962963,1123.1759259259259,12.807556292781596,12.109091001333718
13,96,14211.929748560236,14291.44787820823,980.425925925926,979.8981481481482,13.534002919449897,12.807556292781596
14,96,14035.727660768274,14106.974965147825,940.0277777777778,939.7870370370371,14.213223355492133,13.534002919449897
15,96,13983.268334307613,14049.38062185827,907.2037037037037,906.8611111111111,14.990022927080933,14.213223355492133
16,96,14243.567989457119,14311.485792079937,860.2222222222222,860.0,15.857134762354208,14.990022927080933
17,96,14014.444959954111,14084.320001460705,856.6111111111111,856.7037037037037,16.73930680095249,15.857134762354208
18,96,12850.43464507855,12902.487116060718,1019.9074074074074,1018.9074074074074,18.185193908963573,16.73930680095249
19,96,11422.100597575305,11493.77439858329,914.8518518518518,914.6851851851852,20.03230371924933,18.185193908963573
20,96,8005.6358744224,8036.9963571757935,1377.2962962962963,1375.8703703703704,36.47608118563621,20.03230371924933
1,97,19398.731468642345,19527.2383691097,1639.3796296296296,1640.398148148148,3.2207496030095855,0.0
2,97,16881.593333063265,16979.43449828165,1666.111111111111,1665.9444444444443,4.209577041627323,3.2207496030095855
3,97,17260.265664028208,17348.369418565377,1430.388888888889,1431.0925925925926,5.273829034979965,4.209577041627323
4,97,15590.875189208136,15696.465780005745,1410.9074074074074,1411.4166666666667,6.2193607634696795,5.273829034979965
5,97,16437.523959966293,16552.64702782279,1231.9351851851852,1232.8240740740741,7.099010562158709,6.2193607634696795
6,97,16315.325169321732,16414.56653628421,1193.101851851852,1193.3796296296296,8.009865765886136,7.099010562158709
7,97,15821.533535933371,15921.17059876511,1219.2314814814815,1219.5462962962963,9.067303845096996,8.009865765886136
8,97,15684.611022607643,15773.492349797076,1077.5555555555557,1077.5462962962963,10.04996750303151,9.067303845096996
9,97,15286.535982483312,15357.718854347337,1077.287037037037,1076.851851851852,10.757118479298125,10.04996750303151
10,97,15008.825320380232,15085.96076483128,1095.5,1095.3240740740741,11.497848880095894,10.757118479298125
11,97,14505.155826016793,14574.340142602983,1034.2037037037037,1034.1851851851852,12.109091001333718,11.497848880095894
12,97,13687.389850867236,13766.588758927739,1126.6759259259259,1126.9166666666667,12.807556292781596,12.109091001333718
13,97,14116.170277948202,14207.794146186343,977.4537037037037,977.4629629629629,13.534002919449897,12.807556292781596
14,97,14763.257557712366,14861.302268267946,937.7685185185185,937.9722222222222,14.213223355492133,13.534002919449897
15,97,13984.260130385748,14083.12569762047,908.324074074074,908.7407407407408,14.990022927080933,14.213223355492133
16,97,14365.690152876068,14438.90463241492,862.8518518518518,862.3981481481482,15.857134762354208,14.990022927080933
17,97,13819.870234129878,13913.257539273247,847.7129629629629,847.8425925925926,16.73930680095249,15.857134762354208
18,97,12803.375599967783,12889.023790097575,1016.4907407407408,1015.0462962962963,18.185193908963573,16.73930680095249
19,97,11424.544458871962,11475.523028684001,914.8981481481482,914.2962962962963,20.03230371924933,18.185193908963573
20,97,8247.684928596565,8277.452479096404,1377.638888888889,1376.2314814814815,36.47608118563621,20.03230371924933
1,98,19479.888518914806,19549.05868401977,1635.9444444444443,1636.6296296296296,3.2207496030095855,0.0
2,98,16717.854107655727,16817.993160731745,1668.212962962963,1669.0833333333333,4.209577041627323,3.2207496030095855
3,98,17136.245114095018,17257.53128688105,1434.212962962963,1434.9259259259259,5.273829034979965,4.209577041627323
4,98,15515.727045018626,15641.871309243676,1415.8333333333333,1415.8055555555557,6.2193607634696795,5.273829034979965
5,98,16359.300934155963,16479.273012412716,1227.5,1228.3425925925926,7.099010562158709,6.2193607634696795
6,98,16351.16559287992,16432.518741617165,1193.8333333333333,1193.3055555555557,8.009865765886136,7.099010562158709
7,98,15739.631168090762,15825.655995750893,1217.601851851852,1216.7407407407406,9.067303845096996,8.009865765886136
8,98,15952.110933303691,16043.922804527052,1078.8703703703704,1078.9259259259259,10.04996750303151,9.067303845096996
9,98,15240.444460148772,15340.57941651202,1074.3425925925926,1074.6574074074074,10.757118479298125,10.04996750303151
10,98,14745.29494813343,14833.54492569093,1095.0092592592594,1095.0555555555557,11.497848880095894,10.757118479298125
11,98,14549.210410535103,14652.48750802558,1033.6574074074074,1033.9444444444443,12.109091001333718,11.497848880095894
12,98,14259.682466670618,14330.159638114412,1119.0555555555557,1118.6574074074074,12.807556292781596,12.109091001333718
13,98,14194.701697121143,14277.616244038658,980.9351851851852,981.074074074074,13.534002919449897,12.807556292781596
14,98,14659.854623459662,14729.399037370567,940.5462962962963,939.824074074074,14.213223355492133,13.534002919449897
15,98,13926.810353593248,14035.299572314085,908.2222222222222,908.7592592592592,14.990022927080933,14.213223355492133
16,98,14229.14302901577,14302.904903662262,860.6944444444445,860.8148148148148,15.857134762354208,14.990022927080933
17,98,14028.130755998232,14095.751329821795,853.9166666666666,853.4814814814815,16.73930680095249,15.857134762354208
18,98,12734.893914322269,12808.882187712648,1014.4537037037037,1014.0925925925926,18.185193908963573,16.73930680095249
19,98,11479.565278895176,11538.620884360094,913.4629629629629,912.7962962962963,20.03230371924933,18.185193908963573
20,98,7962.185996626377,7993.300826121005,1379.111111111111,1378.5,36.47608118563621,20.03230371924933
1,99,18675.38659662512,18813.52572370516,1639.0833333333333,1639.6944444444443,3.2207496030095855,0.0
2,99,16737.29795500464,16873.916200380787,1669.111111111111,1670.3240740740741,4.209577041627323,3.2207496030095855
3,99,17241.73747065886,17344.615034560364,1433.0462962962963,1433.3796296296296,5.273829034979965,4.209577041627323
4,99,15360.214892398139,15466.082303735146,1406.1574074074074,1407.75,6.2193607634696795,5.273829034979965
5,99,16405.41841239519,16521.69869833933,1224.7407407407406,1225.7407407407406,7.099010562158709,6.2193607634696795
6,99,16415.493722209554,16517.965854877068,1192.148148148148,1192.7407407407406,8.009865765886136,7.099010562158709
7,99,15742.566123209204,15850.677786544702,1218.5,1219.0648148148148,9.067303845096996,8.009865765886136
8,99,15560.605634402695,15645.065785730541,1072.4814814814815,1071.962962962963,10.04996750303151,9.067303845096996
9,99,15162.351992442042,15252.450093851203,1077.398148148148,1077.6203703703704,10.757118479298125,10.04996750303151
10,99,14828.844940645398,14909.224083133755,1095.1203703703704,1094.8333333333333,11.497848880095894,10.757118479298125
11,99,14626.95616179473,14702.653890515254,1033.5185185185185,1032.851851851852,12.109091001333718,11.497848880095894
12,99,13764.65917573673,13824.357753877486,1127.7777777777778,1126.8055555555557,12.807556292781596,12.109091001333718
13,99,14203.230955349925,14291.596114775864,982.0092592592592,982.1666666666666,13.534002919449897,12.807556292781596
14,99,14360.455764279815,14432.194558338066,941.2037037037037,940.8611111111111,14.213223355492133,13.534002919449897
15,99,13864.125651590972,13952.04771049156,907.4722222222222,907.2592592592592,14.990022927080933,14.213223355492133
16,99,14239.837067618277,14324.624383740236,862.4814814814815,861.9722222222222,15.857134762354208,14.990022927080933
17,99,13948.886695341076,14015.6488964199,853.2962962962963,853.4814814814815,16.73930680095249,15.857134762354208
18,99,12912.236184226058,12964.156759962314,1014.5185185185185,1013.8611111111111,18.185193908963573,16.73930680095249
19,99,11437.205732602175,11484.79353254371,916.7962962962963,915.8888888888889,20.03230371924933,18.185193908963573
20,99,8157.946859980091,8181.788285216163,1378.5555555555557,1377.1574074074074,36.47608118563621,20.03230371924933
1,100,19573.988188649804,19761.495293988115,1633.1296296296296,1634.2592592592594,3.2207496030095855,0.0
2,100,16758.78518857926,16870.24317275253,1665.611111111111,1665.5648148148148,4.209577041627323,3.2207496030095855
3,100,17161.78537631306,17313.89891317278,1431.462962962963,1432.212962962963,5.273829034979965,4.209577041627323
4,100,15565.6219312469,15666.83969893985,1419.712962962963,1419.962962962963,6.2193607634696795,5.273829034979965
5,100,16354.739615442266,16452.547942438054,1226.8703703703704,1227.25,7.099010562158709,6.2193607634696795
6,100,16079.396853993405,16179.043827593576,1191.5555555555557,1191.712962962963,8.009865765886136,7.099010562158709
7,100,15721.408821082114,15809.710533082352,1221.6851851851852,1222.0185185185185,9.067303845096996,8.009865765886136
8,100,15656.427242504642,15766.021706120531,1080.7962962962963,1081.2314814814815,10.04996750303151,9.067303845096996
9,100,15166.936261662608,15254.58089212171,1076.7592592592594,1076.7592592592594,10.757118479298125,10.04996750303151
10,100,14694.90412157085,14766.10436164168,1095.6944444444443,1094.8148148148148,11.497848880095894,10.757118479298125
11,100,14452.352521535011,14533.043291968412,1029.0185185185185,1028.9722222222222,12.109091001333718,11.497848880095894
12,100,15066.630809210325,15028.212728371525,1124.2685185185185,1123.9907407407406,12.807556292781596,12.109091001333718
13,100,14251.144689381475,14332.764979900468,979.6666666666666,979.8981481481482,13.534002919449897,12.807556292781596
14,100,14083.293500037644,14164.21283756297,934.2592592592592,933.9629629629629,14.213223355492133,13.534002919449897
15,100,13926.044282946496,13987.357096495005,907.7407407407408,907.4907407407408,14.990022927080933,14.213223355492133
16,100,14178.0999607079,14247.309332021152,857.1018518518518,856.8611111111111,15.857134762354208,14.990022927080933
17,100,13998.422734741183,14049.791658103872,852.4814814814815,851.9074074074074,16.73930680095249,15.857134762354208
18,100,12798.022618919682,12871.892153081859,1017.5925925925926,1017.7870370370371,18.185193908963573,16.73930680095249
19,100,11458.233608720768,11518.043482841924,920.4814814814815,920.2870370370371,20.03230371924933,18.185193908963573
20,100,8239.562609402557,8265.931827011957,1379.5277777777778,1378.4722222222222,36.47608118563621,20.03230371924933
