ventile_id,simulation_id,emp_b_mean,emp_a_mean,real_wb_mean,real_wa_mean,dist_ij_maximum,dist_ij_minimum
1,1,4884.688679245283,4835.037735849057,106.05006482685407,106.47713891722223,3.180796486470582,0.0
2,1,3878.785046728972,3838.8598130841124,101.45596299050537,101.86750943281048,4.199298262995014,3.180796486470582
3,1,1444.3364485981308,1429.8317757009345,95.29247602565718,95.67412934852766,5.272455687869069,4.199298262995014
4,1,2608.5794392523367,2581.7570093457944,91.26161074633298,91.6725227084438,6.193740596260733,5.272455687869069
5,1,3335.532710280374,3302.0186915887853,88.36904419321233,88.74716405356541,7.05506785778168,6.193740596260733
6,1,702.7850467289719,696.1214953271028,86.33302856078555,86.68321497741833,7.953231296132531,7.05506785778168
7,1,575.425925925926,569.4537037037037,84.9431205732055,85.30019093495987,9.018858595419156,7.953231296132531
8,1,425.4766355140187,420.803738317757,83.3597999009428,83.73139701718101,9.988970078469205,9.018858595419156
9,1,599.0093457943925,592.588785046729,83.44686665064938,83.76717973502095,10.72513829060439,9.988970078469205
10,1,430.0093457943925,425.31775700934577,85.04118849159049,85.37423519196143,11.48754368614339,10.72513829060439
11,1,437.1682242990654,432.89719626168227,84.20817575142316,84.54496567673952,12.092084039119785,11.48754368614339
12,1,453.21495327102804,448.5607476635514,83.59759838653075,83.92443499887953,12.748421000557512,12.092084039119785
13,1,409.89719626168227,406.21495327102804,85.59454367694718,85.92381072717707,13.501331419788942,12.748421000557512
14,1,504.3888888888889,499.98148148148147,88.16244142433487,88.46811421296482,14.1931526288167,13.501331419788942
15,1,337.6261682242991,334.0747663551402,84.01362072428208,84.36535696193873,14.956788839614688,14.1931526288167
16,1,459.94392523364485,455.7383177570093,87.07043091635605,87.387991081051,15.829313623743104,14.956788839614688
17,1,335.21495327102804,331.4392523364486,83.99800119049908,84.32021689243436,16.715116260578437,15.829313623743104
18,1,572.803738317757,567.1775700934579,86.00335311238382,86.36541783877236,18.154016273702457,16.715116260578437
19,1,323.32710280373834,320.196261682243,85.7893060644822,86.13154555073552,19.871801050606063,18.154016273702457
20,1,550.9537037037037,545.9537037037037,96.26857696377166,96.65117095335545,36.47608118563621,19.871801050606063
1,2,4873.547169811321,4824.943396226415,106.25136400692016,106.67968683412991,3.180796486470582,0.0
2,2,3877.551401869159,3838.0093457943926,101.34473457302582,101.76862483343702,4.199298262995014,3.180796486470582
3,2,1443.803738317757,1428.6261682242991,95.58374059893687,96.03238276839669,5.272455687869069,4.199298262995014
4,2,2623.308411214953,2596.457943925234,91.25597200003169,91.61602824895708,6.193740596260733,5.272455687869069
5,2,3321.355140186916,3287.6728971962616,88.4385473598969,88.76455265452081,7.05506785778168,6.193740596260733
6,2,706.5981308411215,699.626168224299,85.9011726906307,86.26466926676954,7.953231296132531,7.05506785778168
7,2,577.324074074074,571.5648148148148,84.9983325074586,85.32107519139187,9.018858595419156,7.953231296132531
8,2,423.4766355140187,419.66355140186914,83.32692633072442,83.669200564471,9.988970078469205,9.018858595419156
9,2,599.2990654205607,593.0841121495328,83.25344615774043,83.60195070652387,10.72513829060439,9.988970078469205
10,2,429.2710280373832,424.4392523364486,85.27179286197932,85.6453908715664,11.48754368614339,10.72513829060439
11,2,439.89719626168227,435.42056074766356,84.2649245046289,84.62040785210543,12.092084039119785,11.48754368614339
12,2,454.7102803738318,450.30841121495325,83.21971676323597,83.53815039896298,12.748421000557512,12.092084039119785
13,2,413.60747663551405,409.2710280373832,85.54370390228054,85.87849093920704,13.501331419788942,12.748421000557512
14,2,506.72222222222223,501.75925925925924,87.99966226734456,88.36033666566826,14.1931526288167,13.501331419788942
15,2,338.69158878504675,335.2710280373832,84.09889621934774,84.42336153632208,14.956788839614688,14.1931526288167
16,2,460.8224299065421,456.29906542056074,87.03687251140124,87.3949672005293,15.829313623743104,14.956788839614688
17,2,333.97196261682245,330.76635514018693,83.9311683082864,84.24522801610698,16.715116260578437,15.829313623743104
18,2,568.2523364485982,562.3084112149533,86.37451932225582,86.74894053791246,18.154016273702457,16.715116260578437
19,2,323.4485981308411,320.14018691588785,85.01360362007796,85.3979329595126,19.871801050606063,18.154016273702457
20,2,553.925925925926,549.1481481481482,96.0767137690107,96.43649280870335,36.47608118563621,19.871801050606063
1,3,4872.226415094339,4822.377358490566,106.31851481984174,106.74465957089961,3.180796486470582,0.0
2,3,3879.457943925234,3839.6168224299067,101.43199885319663,101.83038003871972,4.199298262995014,3.180796486470582
3,3,1443.5607476635514,1429.5327102803737,95.65664906778028,96.05462266025883,5.272455687869069,4.199298262995014
4,3,2629.5981308411215,2602.700934579439,91.47391451403442,91.8505625532974,6.193740596260733,5.272455687869069
5,3,3331.1028037383176,3298.3177570093458,88.36909283524784,88.72653620239221,7.05506785778168,6.193740596260733
6,3,702.8785046728972,695.626168224299,85.82691898447143,86.16359953547642,7.953231296132531,7.05506785778168
7,3,575.0648148148148,569.5833333333334,85.24236313983364,85.56348163719403,9.018858595419156,7.953231296132531
8,3,428.04672897196264,423.5327102803738,82.65942490610837,83.03181412496579,9.988970078469205,9.018858595419156
9,3,592.8224299065421,587.2523364485982,83.352989512398,83.66868356853936,10.72513829060439,9.988970078469205
10,3,425.1869158878505,421.0,85.84993767993623,86.1765920337148,11.48754368614339,10.72513829060439
11,3,440.9252336448598,436.3644859813084,84.23026605515551,84.59192603051433,12.092084039119785,11.48754368614339
12,3,454.95327102803736,450.5140186915888,83.22280462666018,83.54826574208768,12.748421000557512,12.092084039119785
13,3,411.85046728971963,408.06542056074767,85.39275680554583,85.7008210327136,13.501331419788942,12.748421000557512
14,3,505.0740740740741,499.93518518518516,88.18047371093486,88.51832391846929,14.1931526288167,13.501331419788942
15,3,334.2429906542056,330.77570093457945,84.34821712364678,84.67786193860557,14.956788839614688,14.1931526288167
16,3,462.29906542056074,457.5233644859813,87.22820031409375,87.59052301515476,15.829313623743104,14.956788839614688
17,3,335.30841121495325,331.803738317757,83.68734120868609,84.02584829653996,16.715116260578437,15.829313623743104
18,3,571.1869158878504,565.8130841121496,86.06935974723532,86.42576651281642,18.154016273702457,16.715116260578437
19,3,323.4672897196262,320.0841121495327,86.43800529885783,86.78045008915647,19.871801050606063,18.154016273702457
20,3,549.4444444444445,544.5185185185185,96.4206425192435,96.7927759209204,36.47608118563621,19.871801050606063
1,4,4878.424528301887,4829.075471698113,106.19093698540239,106.62585793254857,3.180796486470582,0.0
2,4,3874.7570093457944,3835.7196261682243,101.52136432486773,101.94199414600534,4.199298262995014,3.180796486470582
3,4,1451.3177570093458,1437.0,95.53950465656253,95.93221371083428,5.272455687869069,4.199298262995014
4,4,2621.336448598131,2594.551401869159,91.41062846363238,91.81417267582087,6.193740596260733,5.272455687869069
5,4,3324.495327102804,3292.1495327102803,88.44715929376954,88.80861062336132,7.05506785778168,6.193740596260733
6,4,705.7383177570093,698.2803738317757,86.01287836971973,86.34443168273928,7.953231296132531,7.05506785778168
7,4,574.8518518518518,569.6111111111111,85.03262489189203,85.35606008037287,9.018858595419156,7.953231296132531
8,4,420.5514018691589,416.5327102803738,82.94072077295067,83.22757084944439,9.988970078469205,9.018858595419156
9,4,605.6355140186915,599.5981308411215,83.31320980615459,83.66318078942167,10.72513829060439,9.988970078469205
10,4,428.70093457943926,424.1869158878505,85.10038556419805,85.45367569745136,11.48754368614339,10.72513829060439
11,4,434.61682242990656,430.4392523364486,84.33925637271994,84.6733342605911,12.092084039119785,11.48754368614339
12,4,450.7289719626168,446.25233644859816,83.90893269891492,84.23717184853024,12.748421000557512,12.092084039119785
13,4,411.8785046728972,407.41121495327104,85.26939907085524,85.63446957648529,13.501331419788942,12.748421000557512
14,4,500.9074074074074,496.47222222222223,88.17045160127299,88.50004252641892,14.1931526288167,13.501331419788942
15,4,335.9626168224299,332.5607476635514,84.32653882168734,84.6885602973054,14.956788839614688,14.1931526288167
16,4,463.8317757009346,459.4859813084112,87.00259733209688,87.34939564831738,15.829313623743104,14.956788839614688
17,4,334.7570093457944,331.5607476635514,83.99508069613807,84.33580423126537,16.715116260578437,15.829313623743104
18,4,569.7663551401869,563.8785046728972,85.86863951457104,86.23512011375351,18.154016273702457,16.715116260578437
19,4,325.2897196261682,322.0747663551402,85.79786120601177,86.11920767566147,19.871801050606063,18.154016273702457
20,4,555.7222222222222,550.7314814814815,95.85666001273482,96.20448536170888,36.47608118563621,19.871801050606063
1,5,4887.292452830188,4836.8490566037735,106.2636403520327,106.70176773239962,3.180796486470582,0.0
2,5,3857.803738317757,3820.5233644859813,101.94331178537675,102.31679036603309,4.199298262995014,3.180796486470582
3,5,1442.018691588785,1428.0093457943926,95.53921591455926,95.91049744932265,5.272455687869069,4.199298262995014
4,5,2626.6728971962616,2601.0093457943926,91.33880724179282,91.69862212050108,6.193740596260733,5.272455687869069
5,5,3328.7102803738317,3294.5794392523367,88.62376082252351,89.00125769919899,7.05506785778168,6.193740596260733
6,5,704.7757009345794,697.5420560747664,86.08942190103454,86.43060508656086,7.953231296132531,7.05506785778168
7,5,578.8333333333334,573.1203703703703,85.19057032640394,85.53082675922641,9.018858595419156,7.953231296132531
8,5,422.7289719626168,418.4672897196262,82.95443704541731,83.30026534956961,9.988970078469205,9.018858595419156
9,5,599.2336448598131,592.8878504672897,83.54801627794626,83.93844598861841,10.72513829060439,9.988970078469205
10,5,428.95327102803736,424.85981308411215,85.39408169710421,85.74063934959935,11.48754368614339,10.72513829060439
11,5,438.85046728971963,434.9065420560748,84.33109811359319,84.6422307101251,12.092084039119785,11.48754368614339
12,5,456.41121495327104,451.4018691588785,83.3395458216189,83.70982037456616,12.748421000557512,12.092084039119785
13,5,416.14018691588785,411.7102803738318,85.31928187968622,85.69603893509418,13.501331419788942,12.748421000557512
14,5,501.8703703703704,496.7962962962963,88.1972950010801,88.55627165874951,14.1931526288167,13.501331419788942
15,5,339.0093457943925,335.41121495327104,83.99507488238484,84.32740146407424,14.956788839614688,14.1931526288167
16,5,461.57943925233644,457.23364485981307,86.81056104822035,87.11963850213601,15.829313623743104,14.956788839614688
17,5,335.29906542056074,331.7570093457944,83.98992522937719,84.35695880162771,16.715116260578437,15.829313623743104
18,5,573.0934579439253,567.6542056074767,85.95368470386985,86.31443729431759,18.154016273702457,16.715116260578437
19,5,322.5607476635514,319.1682242990654,85.81271822540666,86.15816581029102,19.871801050606063,18.154016273702457
20,5,547.8796296296297,543.0462962962963,96.28923259599102,96.62571966036633,36.47608118563621,19.871801050606063
1,6,4878.3490566037735,4830.075471698113,106.1806481456611,106.61803909017988,3.180796486470582,0.0
2,6,3880.8971962616824,3841.878504672897,101.60835454450016,102.01027215281493,4.199298262995014,3.180796486470582
3,6,1444.7196261682243,1430.822429906542,95.7615650354313,96.11849612156377,5.272455687869069,4.199298262995014
4,6,2630.2056074766356,2605.03738317757,91.21226676518107,91.57065798751927,6.193740596260733,5.272455687869069
5,6,3328.392523364486,3295.11214953271,88.31115847232738,88.67025695891518,7.05506785778168,6.193740596260733
6,6,699.9345794392524,692.7102803738318,85.74210309052266,86.07841586974949,7.953231296132531,7.05506785778168
7,6,574.2592592592592,568.0925925925926,84.98829848511224,85.33111662756988,9.018858595419156,7.953231296132531
8,6,424.2710280373832,419.7289719626168,83.16655441394323,83.53028743560752,9.988970078469205,9.018858595419156
9,6,599.1682242990654,592.8130841121496,82.85409548517485,83.20557132583585,10.72513829060439,9.988970078469205
10,6,428.5700934579439,424.4859813084112,85.55928881934285,85.87113770188088,11.48754368614339,10.72513829060439
11,6,439.0841121495327,434.7943925233645,84.09709537487328,84.41572938977063,12.092084039119785,11.48754368614339
12,6,453.9626168224299,449.4485981308411,83.65676571703167,84.0121266826924,12.748421000557512,12.092084039119785
13,6,408.2429906542056,403.78504672897196,85.89670286504418,86.23505975156392,13.501331419788942,12.748421000557512
14,6,500.1759259259259,495.0,88.31080982762556,88.6526101974859,14.1931526288167,13.501331419788942
15,6,337.38317757009344,334.0841121495327,84.13290779330147,84.44749320490291,14.956788839614688,14.1931526288167
16,6,462.1775700934579,457.60747663551405,86.84177917716687,87.21550541498439,15.829313623743104,14.956788839614688
17,6,336.29906542056074,333.04672897196264,83.99018484624322,84.32068385424053,16.715116260578437,15.829313623743104
18,6,568.8317757009346,563.3644859813085,85.54223577804993,85.88266834440167,18.154016273702457,16.715116260578437
19,6,322.41121495327104,318.8878504672897,86.02616396155264,86.39355754117146,19.871801050606063,18.154016273702457
20,6,552.4074074074074,547.5648148148148,96.21014659281435,96.53370442025044,36.47608118563621,19.871801050606063
1,7,4870.5,4819.801886792453,106.25240116904936,106.70266206734908,3.180796486470582,0.0
2,7,3879.96261682243,3841.2056074766356,101.39550185676981,101.79249448103351,4.199298262995014,3.180796486470582
3,7,1446.0,1431.1121495327102,95.5851539552067,95.98049401535518,5.272455687869069,4.199298262995014
4,7,2636.4392523364486,2609.6355140186915,90.68428653841457,91.06008829488302,6.193740596260733,5.272455687869069
5,7,3340.88785046729,3308.0280373831774,88.56758660858208,88.96572850657789,7.05506785778168,6.193740596260733
6,7,702.0280373831775,695.018691588785,86.07803353862626,86.42496987736105,7.953231296132531,7.05506785778168
7,7,571.3518518518518,565.9537037037037,85.37345571346778,85.68442812376952,9.018858595419156,7.953231296132531
8,7,423.95327102803736,419.57943925233644,83.36423466095106,83.70313045381081,9.988970078469205,9.018858595419156
9,7,597.3084112149533,591.4299065420561,83.52711045115646,83.89263212826339,10.72513829060439,9.988970078469205
10,7,425.2616822429907,420.93457943925233,86.05155816418925,86.43336298521653,11.48754368614339,10.72513829060439
11,7,438.05607476635515,433.30841121495325,84.23585052678243,84.61616572221153,12.092084039119785,11.48754368614339
12,7,449.6355140186916,445.14953271028037,83.56286658111934,83.92430015749294,12.748421000557512,12.092084039119785
13,7,410.94392523364485,406.7196261682243,85.1895470323228,85.54810782089868,13.501331419788942,12.748421000557512
14,7,498.98148148148147,493.77777777777777,88.29156086708782,88.63026822636742,14.1931526288167,13.501331419788942
15,7,336.50467289719626,333.25233644859816,84.13535763530835,84.45655195351526,14.956788839614688,14.1931526288167
16,7,462.21495327102804,457.8224299065421,86.61052294804895,86.95436638784292,15.829313623743104,14.956788839614688
17,7,332.4485981308411,329.29906542056074,83.82130851137394,84.16774707673045,16.715116260578437,15.829313623743104
18,7,571.9345794392524,566.1308411214953,85.86407843449108,86.20190819453585,18.154016273702457,16.715116260578437
19,7,326.14018691588785,323.02803738317755,86.06694667221268,86.38866165270977,19.871801050606063,18.154016273702457
20,7,548.8611111111111,543.925925925926,96.45358672731155,96.812798882248,36.47608118563621,19.871801050606063
1,8,4876.471698113208,4826.556603773585,106.30138344624875,106.72391800177637,3.180796486470582,0.0
2,8,3874.392523364486,3834.5794392523367,101.52833951444666,101.9493690650001,4.199298262995014,3.180796486470582
3,8,1451.2897196261683,1436.0747663551401,95.65216443970714,96.04977901823648,5.272455687869069,4.199298262995014
4,8,2631.373831775701,2605.2056074766356,91.36458574394236,91.7357359140951,6.193740596260733,5.272455687869069
5,8,3331.6728971962616,3298.878504672897,88.34190874917896,88.69563557417607,7.05506785778168,6.193740596260733
6,8,702.5607476635514,695.411214953271,85.89823923212307,86.2349009310457,7.953231296132531,7.05506785778168
7,8,577.5462962962963,572.1481481481482,85.03959145079463,85.3831518565852,9.018858595419156,7.953231296132531
8,8,424.67289719626166,420.2616822429907,83.15185296466753,83.51128316667376,9.988970078469205,9.018858595419156
9,8,597.6542056074767,591.411214953271,83.5533146274039,83.86066109962378,10.72513829060439,9.988970078469205
10,8,426.2897196261682,422.31775700934577,85.27236727212207,85.59611666579191,11.48754368614339,10.72513829060439
11,8,441.04672897196264,436.67289719626166,84.22108295084024,84.54282279055545,12.092084039119785,11.48754368614339
12,8,452.85046728971963,448.31775700934577,83.88717873673312,84.21593077709669,12.748421000557512,12.092084039119785
13,8,408.9626168224299,405.04672897196264,85.52176610782517,85.92462474933859,13.501331419788942,12.748421000557512
14,8,500.64814814814815,495.69444444444446,88.3368259435221,88.69205690473845,14.1931526288167,13.501331419788942
15,8,335.33644859813086,332.1775700934579,84.13689950491684,84.44842716568455,14.956788839614688,14.1931526288167
16,8,457.5514018691589,452.5700934579439,87.16170139069987,87.51453821444218,15.829313623743104,14.956788839614688
17,8,335.0093457943925,331.7289719626168,83.40878766636732,83.71712998763213,16.715116260578437,15.829313623743104
18,8,569.4392523364486,563.8878504672897,86.05756450343341,86.38838024365481,18.154016273702457,16.715116260578437
19,8,322.58878504672896,319.196261682243,86.7438855967915,87.09546469026093,19.871801050606063,18.154016273702457
20,8,552.4444444444445,547.8148148148148,95.63516241000274,95.96318798758259,36.47608118563621,19.871801050606063
1,9,4877.358490566037,4828.11320754717,106.06820214901148,106.50171872588874,3.180796486470582,0.0
2,9,3880.691588785047,3841.2523364485983,101.54857025522111,101.9650581749357,4.199298262995014,3.180796486470582
3,9,1444.2242990654206,1429.6355140186915,95.6503952512666,96.05184573034863,5.272455687869069,4.199298262995014
4,9,2626.355140186916,2599.1028037383176,91.0812594228606,91.4296822601178,6.193740596260733,5.272455687869069
5,9,3328.1308411214955,3294.644859813084,88.54937942352701,88.92933303521602,7.05506785778168,6.193740596260733
6,9,704.9719626168225,697.8785046728972,86.0416734488699,86.41038712349298,7.953231296132531,7.05506785778168
7,9,575.7962962962963,570.0185185185185,85.24970115757417,85.59416517683324,9.018858595419156,7.953231296132531
8,9,422.5327102803738,418.49532710280374,83.19882282232948,83.50371158524857,9.988970078469205,9.018858595419156
9,9,601.0560747663551,594.9532710280374,83.20392082622563,83.5303594346895,10.72513829060439,9.988970078469205
10,9,431.38317757009344,426.9065420560748,85.2240813311091,85.56949908477155,11.48754368614339,10.72513829060439
11,9,436.7570093457944,432.22429906542055,84.55196004315657,84.8752748577635,12.092084039119785,11.48754368614339
12,9,451.7102803738318,447.1869158878505,83.82288586464571,84.16079802698835,12.748421000557512,12.092084039119785
13,9,407.8785046728972,403.76635514018693,85.66539365846943,86.0035785351979,13.501331419788942,12.748421000557512
14,9,495.9259259259259,490.94444444444446,88.4111989977898,88.7552449583465,14.1931526288167,13.501331419788942
15,9,338.2803738317757,334.42056074766356,84.09653343041109,84.46773259624433,14.956788839614688,14.1931526288167
16,9,465.31775700934577,460.8411214953271,86.89969698947641,87.25685553656848,15.829313623743104,14.956788839614688
17,9,335.1214953271028,331.7289719626168,83.65223163762901,84.01713331535863,16.715116260578437,15.829313623743104
18,9,569.392523364486,563.607476635514,85.86382931047982,86.2497009324472,18.154016273702457,16.715116260578437
19,9,324.9065420560748,321.5420560747664,86.51577867325007,86.84191762950208,19.871801050606063,18.154016273702457
20,9,551.5833333333334,546.6481481481482,96.20651961406095,96.54985944865595,36.47608118563621,19.871801050606063
1,10,4864.38679245283,4815.075471698113,106.27386371962615,106.69405791700892,3.180796486470582,0.0
2,10,3883.4766355140187,3845.2803738317757,101.3687360454687,101.77881912987688,4.199298262995014,3.180796486470582
3,10,1446.607476635514,1431.8317757009345,95.01704554216042,95.41022544343164,5.272455687869069,4.199298262995014
4,10,2625.841121495327,2600.2056074766356,91.3918778002238,91.73262507506828,6.193740596260733,5.272455687869069
5,10,3336.196261682243,3302.9158878504672,88.49374013004557,88.84494131316761,7.05506785778168,6.193740596260733
6,10,700.5233644859813,693.1121495327103,86.35030695590534,86.71500668646478,7.953231296132531,7.05506785778168
7,10,575.1296296296297,569.1296296296297,84.79478593115313,85.16793392610099,9.018858595419156,7.953231296132531
8,10,422.0373831775701,417.8411214953271,83.10978397081118,83.4387360303843,9.988970078469205,9.018858595419156
9,10,602.6168224299065,596.5233644859813,83.33710570708597,83.734454402163,10.72513829060439,9.988970078469205
10,10,424.8130841121495,420.50467289719626,85.49276721549339,85.82598406038873,11.48754368614339,10.72513829060439
11,10,440.7943925233645,436.41121495327104,84.46598656199617,84.78961190434106,12.092084039119785,11.48754368614339
12,10,450.4766355140187,446.0,83.92806220502531,84.25105934419265,12.748421000557512,12.092084039119785
13,10,410.3738317757009,406.2429906542056,85.74859132997936,86.07023275017494,13.501331419788942,12.748421000557512
14,10,502.39814814814815,497.24074074074076,88.10575998545033,88.46966476683063,14.1931526288167,13.501331419788942
15,10,339.5514018691589,336.1214953271028,84.07338330702648,84.41395165777966,14.956788839614688,14.1931526288167
16,10,465.9626168224299,461.31775700934577,87.09571974296394,87.47654838862861,15.829313623743104,14.956788839614688
17,10,334.6261682242991,331.2710280373832,83.87688680373138,84.17368317722523,16.715116260578437,15.829313623743104
18,10,573.3457943925233,567.7570093457944,86.03959720474663,86.3516410213711,18.154016273702457,16.715116260578437
19,10,323.25233644859816,320.13084112149534,86.1521384146874,86.4949676686363,19.871801050606063,18.154016273702457
20,10,547.3518518518518,542.4166666666666,96.70288666977162,97.0822118625498,36.47608118563621,19.871801050606063
1,11,4879.009433962264,4830.066037735849,106.28493104040417,106.71872740653141,3.180796486470582,0.0
2,11,3874.9906542056074,3836.785046728972,101.7087820747097,102.1165494939964,4.199298262995014,3.180796486470582
3,11,1447.9719626168223,1432.7570093457944,95.68944747670275,96.08108677773757,5.272455687869069,4.199298262995014
4,11,2624.8598130841124,2599.9532710280373,91.03415950771596,91.38900908949404,6.193740596260733,5.272455687869069
5,11,3328.0841121495328,3293.7943925233644,88.18366559027682,88.54638376919989,7.05506785778168,6.193740596260733
6,11,704.6542056074767,697.373831775701,86.0245918295892,86.38491796135877,7.953231296132531,7.05506785778168
7,11,572.3703703703703,567.1203703703703,85.34972644309164,85.70086247961325,9.018858595419156,7.953231296132531
8,11,425.7102803738318,421.33644859813086,82.9560646810881,83.330206978553,9.988970078469205,9.018858595419156
9,11,601.2616822429907,595.9158878504672,83.17044951554911,83.46872262988673,10.72513829060439,9.988970078469205
10,11,423.6448598130841,419.4859813084112,85.35237647348882,85.67059573741929,11.48754368614339,10.72513829060439
11,11,441.1588785046729,436.9626168224299,84.26471038687902,84.58262054257163,12.092084039119785,11.48754368614339
12,11,455.5327102803738,450.7383177570093,83.16813662526468,83.50783135821186,12.748421000557512,12.092084039119785
13,11,410.0,405.5607476635514,85.5253598977715,85.88248689967794,13.501331419788942,12.748421000557512
14,11,503.7962962962963,498.89814814814815,87.97934728273376,88.33367999986504,14.1931526288167,13.501331419788942
15,11,337.66355140186914,334.13084112149534,83.8787646669327,84.22150908790591,14.956788839614688,14.1931526288167
16,11,463.8411214953271,458.94392523364485,86.78814496351893,87.14774927146047,15.829313623743104,14.956788839614688
17,11,330.67289719626166,327.5233644859813,84.27991577678003,84.59557025151135,16.715116260578437,15.829313623743104
18,11,572.5420560747664,566.9719626168225,86.37513806474794,86.72400020683168,18.154016273702457,16.715116260578437
19,11,321.0841121495327,318.2710280373832,85.99969560414391,86.31748434301585,19.871801050606063,18.154016273702457
20,11,550.3703703703703,545.2222222222222,96.14400387185646,96.5006561872873,36.47608118563621,19.871801050606063
1,12,4884.264150943396,4835.301886792453,106.18172496949012,106.60628444769306,3.180796486470582,0.0
2,12,3871.7383177570096,3831.5140186915887,101.42141842129027,101.83675146629457,4.199298262995014,3.180796486470582
3,12,1449.943925233645,1435.3084112149534,95.2729564436571,95.66365571415591,5.272455687869069,4.199298262995014
4,12,2630.355140186916,2604.1682242990655,91.13670037170087,91.49642091330281,6.193740596260733,5.272455687869069
5,12,3321.03738317757,3287.5233644859813,88.24068996084347,88.57098374927378,7.05506785778168,6.193740596260733
6,12,705.4205607476636,698.392523364486,86.02684407923792,86.3468590477579,7.953231296132531,7.05506785778168
7,12,575.0555555555555,569.3796296296297,84.52631829483353,84.87803938910646,9.018858595419156,7.953231296132531
8,12,425.196261682243,421.0,83.00628746624064,83.35844048563835,9.988970078469205,9.018858595419156
9,12,598.0373831775701,591.8317757009346,83.24906423527618,83.58158126794693,10.72513829060439,9.988970078469205
10,12,426.61682242990656,422.5981308411215,85.54434401344221,85.89114685593518,11.48754368614339,10.72513829060439
11,12,441.7196261682243,437.1588785046729,84.28953392858318,84.65767752774248,12.092084039119785,11.48754368614339
12,12,454.9252336448598,450.6542056074766,83.5799900526809,83.88964795344926,12.748421000557512,12.092084039119785
13,12,412.7943925233645,408.2429906542056,85.75266904639336,86.11199456187666,13.501331419788942,12.748421000557512
14,12,500.98148148148147,496.25,88.48548435316404,88.80388063347579,14.1931526288167,13.501331419788942
15,12,336.93457943925233,333.7102803738318,84.02138776919546,84.36627579120136,14.956788839614688,14.1931526288167
16,12,461.7570093457944,456.93457943925233,87.35172580574093,87.68210458601813,15.829313623743104,14.956788839614688
17,12,332.13084112149534,328.9158878504673,83.88583044539594,84.21002299559001,16.715116260578437,15.829313623743104
18,12,567.4299065420561,561.7663551401869,85.87699803100149,86.22111669974967,18.154016273702457,16.715116260578437
19,12,322.5140186915888,319.4392523364486,85.51639973004387,85.82418457173378,19.871801050606063,18.154016273702457
20,12,550.1666666666666,545.074074074074,96.19381370350077,96.58487800050968,36.47608118563621,19.871801050606063
1,13,4881.122641509434,4831.896226415094,106.2461223868402,106.68944651838594,3.180796486470582,0.0
2,13,3871.700934579439,3832.0654205607475,101.50561327058728,101.92711482145309,4.199298262995014,3.180796486470582
3,13,1449.3364485981308,1435.0934579439252,95.68234325457398,96.07126153627735,5.272455687869069,4.199298262995014
4,13,2624.177570093458,2598.9158878504672,91.12730901667003,91.49715633514212,6.193740596260733,5.272455687869069
5,13,3339.355140186916,3305.9439252336447,88.31160752675781,88.65779351368015,7.05506785778168,6.193740596260733
6,13,707.5233644859813,700.1869158878504,86.12124000711793,86.48226381439912,7.953231296132531,7.05506785778168
7,13,575.3055555555555,569.4166666666666,85.02248219495577,85.3496665405077,9.018858595419156,7.953231296132531
8,13,423.9626168224299,419.8878504672897,82.75939534819834,83.07538140387443,9.988970078469205,9.018858595419156
9,13,597.607476635514,591.4766355140187,83.33461505711516,83.66962420124936,10.72513829060439,9.988970078469205
10,13,424.2710280373832,420.06542056074767,85.89368711149795,86.24426669966098,11.48754368614339,10.72513829060439
11,13,438.31775700934577,434.06542056074767,84.27255226526529,84.5995286446968,12.092084039119785,11.48754368614339
12,13,450.5700934579439,446.38317757009344,83.62307791094499,83.92029240701436,12.748421000557512,12.092084039119785
13,13,405.5981308411215,401.7943925233645,85.80372574711457,86.13366557759542,13.501331419788942,12.748421000557512
14,13,502.1574074074074,497.24074074074076,88.27111161926025,88.5972225376073,14.1931526288167,13.501331419788942
15,13,335.38317757009344,331.9252336448598,84.14252893928554,84.47608769765914,14.956788839614688,14.1931526288167
16,13,463.9626168224299,459.4672897196262,86.79998172207932,87.15864127845828,15.829313623743104,14.956788839614688
17,13,332.5420560747664,329.0093457943925,84.02274406813699,84.35099195884568,16.715116260578437,15.829313623743104
18,13,573.4299065420561,567.6822429906542,86.18555944035622,86.50012903616715,18.154016273702457,16.715116260578437
19,13,322.5514018691589,319.5700934579439,85.73874711621708,86.08985846538695,19.871801050606063,18.154016273702457
20,13,550.2314814814815,545.0370370370371,96.26902209091557,96.62278573966195,36.47608118563621,19.871801050606063
1,14,4877.226415094339,4827.622641509434,106.30152446048719,106.73299495288953,3.180796486470582,0.0
2,14,3877.542056074766,3838.271028037383,101.50858909424052,101.92359856680723,4.199298262995014,3.180796486470582
3,14,1447.747663551402,1433.9532710280373,95.35124161853928,95.73778657798427,5.272455687869069,4.199298262995014
4,14,2620.0186915887853,2594.2523364485983,91.4578861718403,91.83354543612883,6.193740596260733,5.272455687869069
5,14,3328.663551401869,3294.345794392523,88.37234414168876,88.7088035903349,7.05506785778168,6.193740596260733
6,14,702.7757009345794,695.588785046729,86.47676330581886,86.83986303589386,7.953231296132531,7.05506785778168
7,14,573.8148148148148,568.4074074074074,85.35103549977318,85.66435351477789,9.018858595419156,7.953231296132531
8,14,425.9065420560748,421.5327102803738,83.12041328355954,83.44857669706818,9.988970078469205,9.018858595419156
9,14,598.5514018691589,592.3177570093458,83.74324822605067,84.12119883017509,10.72513829060439,9.988970078469205
10,14,430.25233644859816,425.6542056074766,85.3832347548508,85.73394970640584,11.48754368614339,10.72513829060439
11,14,443.0373831775701,439.01869158878503,84.23400882872737,84.55458612745625,12.092084039119785,11.48754368614339
12,14,457.6261682242991,453.38317757009344,83.05793149668736,83.37482870067126,12.748421000557512,12.092084039119785
13,14,409.85046728971963,405.8411214953271,84.93889692507592,85.28120491793813,13.501331419788942,12.748421000557512
14,14,498.3240740740741,493.6203703703704,88.45305767425332,88.77711705105297,14.1931526288167,13.501331419788942
15,14,339.1775700934579,335.66355140186914,83.85500714709661,84.21441251543622,14.956788839614688,14.1931526288167
16,14,461.7196261682243,456.8411214953271,86.95232026217813,87.30561132590847,15.829313623743104,14.956788839614688
17,14,336.7289719626168,333.42056074766356,83.66077046243221,84.02028002184578,16.715116260578437,15.829313623743104
18,14,568.9532710280374,563.2803738317757,85.79528208877103,86.10158473694686,18.154016273702457,16.715116260578437
19,14,321.4579439252336,318.4485981308411,85.31571815110858,85.68558955642769,19.871801050606063,18.154016273702457
20,14,550.1851851851852,545.0648148148148,96.5299555210417,96.90667843853164,36.47608118563621,19.871801050606063
1,15,4878.047169811321,4829.047169811321,106.3583923963402,106.78729620675252,3.180796486470582,0.0
2,15,3885.8971962616824,3847.504672897196,101.44418439984804,101.85314008400769,4.199298262995014,3.180796486470582
3,15,1445.0747663551401,1430.0280373831777,95.68081417483573,96.07010211261311,5.272455687869069,4.199298262995014
4,15,2630.2056074766356,2603.9906542056074,91.40397491679094,91.75709348931355,6.193740596260733,5.272455687869069
5,15,3329.532710280374,3296.3177570093458,88.55488129754266,88.9204201929372,7.05506785778168,6.193740596260733
6,15,701.0934579439253,694.1121495327103,86.197520736168,86.55144996608114,7.953231296132531,7.05506785778168
7,15,571.7870370370371,566.5833333333334,85.14442718738931,85.46844440153863,9.018858595419156,7.953231296132531
8,15,426.25233644859816,421.97196261682245,82.90058518817777,83.23978855363109,9.988970078469205,9.018858595419156
9,15,596.392523364486,589.7943925233645,83.68890997801566,84.02673296506049,10.72513829060439,9.988970078469205
10,15,429.69158878504675,425.1869158878505,85.37173146821642,85.73359981055557,11.48754368614339,10.72513829060439
11,15,438.30841121495325,434.06542056074767,84.41596635436953,84.75325991666337,12.092084039119785,11.48754368614339
12,15,453.70093457943926,448.9158878504673,83.44055125961748,83.77948499871646,12.748421000557512,12.092084039119785
13,15,409.94392523364485,406.0093457943925,85.65874693996965,86.05031992598127,13.501331419788942,12.748421000557512
14,15,498.1388888888889,493.1574074074074,88.4151973216537,88.757851067797,14.1931526288167,13.501331419788942
15,15,335.4485981308411,332.58878504672896,84.2955736879514,84.57774308409198,14.956788839614688,14.1931526288167
16,15,458.14018691588785,453.8785046728972,87.18027328285886,87.55047736123917,15.829313623743104,14.956788839614688
17,15,333.3457943925234,330.1121495327103,83.97078214250143,84.31291180349012,16.715116260578437,15.829313623743104
18,15,572.7196261682243,567.3271028037383,85.85879410016473,86.20924680774192,18.154016273702457,16.715116260578437
19,15,324.42056074766356,321.0934579439252,86.07215817408247,86.42854130668239,19.871801050606063,18.154016273702457
20,15,552.0092592592592,547.0185185185185,96.47487780736749,96.8219952374658,36.47608118563621,19.871801050606063
1,16,4880.594339622641,4830.594339622641,106.20218019085333,106.63431193163085,3.180796486470582,0.0
2,16,3868.196261682243,3828.9813084112147,101.47851751784314,101.88976429946993,4.199298262995014,3.180796486470582
3,16,1448.1401869158879,1433.2242990654206,95.98791603694447,96.39890710763386,5.272455687869069,4.199298262995014
4,16,2624.9906542056074,2598.663551401869,91.07261605325168,91.43464376115267,6.193740596260733,5.272455687869069
5,16,3329.3177570093458,3295.0654205607475,88.27951338864104,88.6887093658021,7.05506785778168,6.193740596260733
6,16,706.0280373831775,698.5327102803739,86.11291582063492,86.4890239833533,7.953231296132531,7.05506785778168
7,16,573.9074074074074,567.8703703703703,85.40033787547792,85.73860344197976,9.018858595419156,7.953231296132531
8,16,427.0373831775701,422.68224299065423,83.14387928321784,83.50952171699345,9.988970078469205,9.018858595419156
9,16,599.8691588785047,593.5046728971963,83.39423923728094,83.73771863081174,10.72513829060439,9.988970078469205
10,16,429.29906542056074,425.1775700934579,85.38637686642764,85.73054455899207,11.48754368614339,10.72513829060439
11,16,438.9906542056075,434.2803738317757,84.22218963811618,84.56293997656765,12.092084039119785,11.48754368614339
12,16,452.6542056074766,448.23364485981307,83.81754574880344,84.10503590506387,12.748421000557512,12.092084039119785
13,16,415.4018691588785,411.13084112149534,85.38503928659627,85.71871362450915,13.501331419788942,12.748421000557512
14,16,502.22222222222223,497.23148148148147,88.35809378523788,88.72081646990452,14.1931526288167,13.501331419788942
15,16,338.78504672897196,335.5420560747664,83.68972595762689,84.0082023549378,14.956788839614688,14.1931526288167
16,16,462.4485981308411,457.5420560747664,86.94293048800692,87.30536065311499,15.829313623743104,14.956788839614688
17,16,333.06542056074767,329.8878504672897,83.91605208286533,84.22196484606519,16.715116260578437,15.829313623743104
18,16,568.3271028037383,562.7476635514018,85.58303250419334,85.88547806035346,18.154016273702457,16.715116260578437
19,16,321.8130841121495,318.3457943925234,86.15484893476342,86.54962977690734,19.871801050606063,18.154016273702457
20,16,548.074074074074,542.824074074074,96.29516491392536,96.64517162271015,36.47608118563621,19.871801050606063
1,17,4870.330188679245,4820.037735849057,106.12218111868955,106.55009037743868,3.180796486470582,0.0
2,17,3878.8130841121497,3839.9813084112147,101.53119285239039,101.93207057371616,4.199298262995014,3.180796486470582
3,17,1448.943925233645,1433.7943925233644,95.74877973405296,96.13808019400948,5.272455687869069,4.199298262995014
4,17,2619.3831775700933,2593.5607476635514,91.77615089242708,92.17045660158881,6.193740596260733,5.272455687869069
5,17,3335.2897196261683,3301.271028037383,88.71983753498766,89.0461692958049,7.05506785778168,6.193740596260733
6,17,704.2429906542056,697.0934579439253,86.21468916578641,86.54667420552569,7.953231296132531,7.05506785778168
7,17,576.9537037037037,571.0648148148148,85.0545173903068,85.40044341336517,9.018858595419156,7.953231296132531
8,17,426.5514018691589,422.1121495327103,82.66595678999019,83.0485045422389,9.988970078469205,9.018858595419156
9,17,595.3084112149533,589.3364485981308,83.7167042533635,84.07077099828061,10.72513829060439,9.988970078469205
10,17,428.2429906542056,424.04672897196264,85.33302445283975,85.69193554477805,11.48754368614339,10.72513829060439
11,17,441.67289719626166,437.5140186915888,84.3382896747194,84.65697843220615,12.092084039119785,11.48754368614339
12,17,454.14953271028037,449.5981308411215,83.63601989108857,83.98973110495112,12.748421000557512,12.092084039119785
13,17,407.39252336448595,403.3551401869159,85.65094714454703,85.9820713819989,13.501331419788942,12.748421000557512
14,17,500.02777777777777,495.6203703703704,88.34610402891938,88.65589319524527,14.1931526288167,13.501331419788942
15,17,336.94392523364485,333.33644859813086,84.03619802268216,84.39061460173073,14.956788839614688,14.1931526288167
16,17,461.10280373831773,456.4672897196262,86.91012781384323,87.22891728361388,15.829313623743104,14.956788839614688
17,17,336.4485981308411,332.94392523364485,83.81340020810146,84.16796371395613,16.715116260578437,15.829313623743104
18,17,570.2616822429907,564.7663551401869,85.899578680049,86.1954749085571,18.154016273702457,16.715116260578437
19,17,324.13084112149534,321.1121495327103,85.75360803464666,86.08355777601716,19.871801050606063,18.154016273702457
20,17,553.6111111111111,548.3981481481482,96.17157454858108,96.53364270865944,36.47608118563621,19.871801050606063
1,18,4881.207547169812,4831.566037735849,106.31150267758245,106.77183143634016,3.180796486470582,0.0
2,18,3872.588785046729,3834.336448598131,101.5364315821216,101.95979524903451,4.199298262995014,3.180796486470582
3,18,1454.1682242990655,1438.8785046728972,95.1496662395487,95.5349808391272,5.272455687869069,4.199298262995014
4,18,2629.700934579439,2602.03738317757,91.39172958556345,91.76104293404217,6.193740596260733,5.272455687869069
5,18,3331.1869158878503,3297.495327102804,88.74967705040814,89.11148639135665,7.05506785778168,6.193740596260733
6,18,704.6635514018692,697.7850467289719,86.07684627241692,86.4336566760029,7.953231296132531,7.05506785778168
7,18,578.1481481481482,572.3981481481482,84.74051726192828,85.03804282341616,9.018858595419156,7.953231296132531
8,18,419.1121495327103,415.06542056074767,83.50763663131835,83.83964938452509,9.988970078469205,9.018858595419156
9,18,598.2990654205607,592.0373831775701,83.6426894894571,83.95467078092408,10.72513829060439,9.988970078469205
10,18,429.3644859813084,425.21495327102804,85.15943162298043,85.50664253700404,11.48754368614339,10.72513829060439
11,18,436.42056074766356,431.66355140186914,84.30674716307718,84.65572684051507,12.092084039119785,11.48754368614339
12,18,455.1214953271028,450.29906542056074,83.35368310587467,83.72307155872288,12.748421000557512,12.092084039119785
13,18,409.2616822429907,405.5420560747664,85.66573844272094,85.97144876745493,13.501331419788942,12.748421000557512
14,18,501.4166666666667,496.2037037037037,88.2270902133276,88.62443613998238,14.1931526288167,13.501331419788942
15,18,335.76635514018693,332.0093457943925,84.21572204618,84.58519625874182,14.956788839614688,14.1931526288167
16,18,462.49532710280374,457.89719626168227,87.11879462423754,87.46636145509851,15.829313623743104,14.956788839614688
17,18,335.8878504672897,332.7289719626168,83.58124671750429,83.93256557925099,16.715116260578437,15.829313623743104
18,18,563.5420560747664,557.6448598130842,86.53497066502975,86.90537299173516,18.154016273702457,16.715116260578437
19,18,321.4392523364486,318.4299065420561,85.55352860748002,85.86753222484106,19.871801050606063,18.154016273702457
20,18,550.1944444444445,545.425925925926,96.68304215621094,97.03656060628421,36.47608118563621,19.871801050606063
1,19,4885.047169811321,4834.415094339623,106.22968110150444,106.66467124058902,3.180796486470582,0.0
2,19,3874.3644859813085,3836.9719626168226,101.49241375798945,101.88180185264204,4.199298262995014,3.180796486470582
3,19,1440.03738317757,1424.9252336448599,95.94180399790947,96.35024858992239,5.272455687869069,4.199298262995014
4,19,2618.7383177570096,2593.196261682243,91.37926903432933,91.75791551899998,6.193740596260733,5.272455687869069
5,19,3329.07476635514,3297.1869158878503,88.11988994892327,88.5125736727468,7.05506785778168,6.193740596260733
6,19,707.8224299065421,700.7476635514018,86.09164300186968,86.47200503326472,7.953231296132531,7.05506785778168
7,19,573.9537037037037,568.2870370370371,85.0088653568401,85.36533180250137,9.018858595419156,7.953231296132531
8,19,425.58878504672896,421.33644859813086,83.26228780096874,83.588100928809,9.988970078469205,9.018858595419156
9,19,601.3177570093458,595.2056074766355,83.56442074185492,83.91394205938967,10.72513829060439,9.988970078469205
10,19,425.04672897196264,420.5514018691589,85.63532402912337,86.00251030882698,11.48754368614339,10.72513829060439
11,19,438.4018691588785,433.85046728971963,84.11783943510225,84.45761655591912,12.092084039119785,11.48754368614339
12,19,454.1588785046729,449.86915887850466,83.10836134482875,83.42428303395444,12.748421000557512,12.092084039119785
13,19,410.9906542056075,406.74766355140184,85.09906886330374,85.43540380328511,13.501331419788942,12.748421000557512
14,19,503.9074074074074,499.10185185185185,88.14536509486126,88.47229359162331,14.1931526288167,13.501331419788942
15,19,334.4392523364486,331.01869158878503,83.80320219883811,84.11020384039601,14.956788839614688,14.1931526288167
16,19,462.93457943925233,458.2616822429907,86.70801542692328,87.06631017426177,15.829313623743104,14.956788839614688
17,19,336.01869158878503,332.5140186915888,83.47958564826376,83.80831923200805,16.715116260578437,15.829313623743104
18,19,574.4018691588785,568.373831775701,85.57995381322577,85.93674019825232,18.154016273702457,16.715116260578437
19,19,322.4299065420561,319.29906542056074,85.94812455689946,86.31676433008259,19.871801050606063,18.154016273702457
20,19,550.4629629629629,545.4722222222222,96.59450347230374,96.93301427034459,36.47608118563621,19.871801050606063
1,20,4883.698113207547,4833.754716981132,106.17117649619962,106.61187971179704,3.180796486470582,0.0
2,20,3873.495327102804,3833.663551401869,101.43048612211868,101.84508639955821,4.199298262995014,3.180796486470582
3,20,1454.747663551402,1439.3644859813085,95.57661822942879,95.98688553984455,5.272455687869069,4.199298262995014
4,20,2625.7196261682243,2599.4205607476633,91.17150481592574,91.53486294974151,6.193740596260733,5.272455687869069
5,20,3324.2803738317757,3291.4205607476633,88.47276080163941,88.81385091796236,7.05506785778168,6.193740596260733
6,20,701.2990654205607,694.3831775700935,86.55337789285562,86.90340438642052,7.953231296132531,7.05506785778168
7,20,576.6944444444445,571.0925925925926,85.3253306259255,85.64474918740035,9.018858595419156,7.953231296132531
8,20,423.5607476635514,419.05607476635515,82.80195868326562,83.14595047412143,9.988970078469205,9.018858595419156
9,20,596.5794392523364,590.9158878504672,83.4715230878248,83.79831614838416,10.72513829060439,9.988970078469205
10,20,430.33644859813086,425.9906542056075,85.41225455450788,85.76594234786697,11.48754368614339,10.72513829060439
11,20,437.42056074766356,432.9252336448598,84.80421861982478,85.15587959895032,12.092084039119785,11.48754368614339
12,20,454.02803738317755,449.4018691588785,83.10784592776469,83.4489384250007,12.748421000557512,12.092084039119785
13,20,410.1869158878505,405.85046728971963,85.45954021723519,85.78879693259287,13.501331419788942,12.748421000557512
14,20,503.6203703703704,498.3333333333333,88.04483066980447,88.41191903489944,14.1931526288167,13.501331419788942
15,20,335.6542056074766,332.2056074766355,84.27049372764901,84.60512007415436,14.956788839614688,14.1931526288167
16,20,461.23364485981307,456.76635514018693,87.17367399558607,87.49111176779188,15.829313623743104,14.956788839614688
17,20,334.7943925233645,331.5140186915888,84.1246164755795,84.44538603813757,16.715116260578437,15.829313623743104
18,20,570.1682242990654,564.4205607476636,85.36624717699245,85.73666298168318,18.154016273702457,16.715116260578437
19,20,323.7943925233645,320.7570093457944,85.96231573040527,86.27117544234923,19.871801050606063,18.154016273702457
20,20,548.3611111111111,543.7962962962963,96.4900437743483,96.83230114618803,36.47608118563621,19.871801050606063
1,21,4886.8490566037735,4837.537735849057,106.19523782223862,106.62357013630249,3.180796486470582,0.0
2,21,3870.8504672897197,3831.5607476635514,101.59269627974997,102.00039362150338,4.199298262995014,3.180796486470582
3,21,1444.8504672897195,1430.4859813084113,95.59619832949993,95.99670213533975,5.272455687869069,4.199298262995014
4,21,2624.9719626168226,2598.2429906542056,91.19716994571877,91.57291649001787,6.193740596260733,5.272455687869069
5,21,3334.392523364486,3302.2056074766356,88.20440770605475,88.53243009801625,7.05506785778168,6.193740596260733
6,21,703.2056074766355,695.8785046728972,86.23665557205808,86.6346413325918,7.953231296132531,7.05506785778168
7,21,576.1666666666666,570.574074074074,85.01373834123403,85.36408805800086,9.018858595419156,7.953231296132531
8,21,424.1682242990654,420.0093457943925,82.37356383409049,82.71997262762552,9.988970078469205,9.018858595419156
9,21,598.7943925233645,592.9252336448598,82.99100451077715,83.28305792390238,10.72513829060439,9.988970078469205
10,21,426.803738317757,422.85981308411215,85.61950890999579,85.93994625442902,11.48754368614339,10.72513829060439
11,21,435.1121495327103,430.94392523364485,84.55610016325939,84.87054388624921,12.092084039119785,11.48754368614339
12,21,454.9158878504673,450.50467289719626,82.9513824645323,83.31829563490963,12.748421000557512,12.092084039119785
13,21,407.1682242990654,402.94392523364485,85.55393563404874,85.89912390094578,13.501331419788942,12.748421000557512
14,21,498.89814814814815,493.6203703703704,88.13807898162085,88.53554378952886,14.1931526288167,13.501331419788942
15,21,337.1682242990654,333.7943925233645,84.0316029813357,84.38921458185382,14.956788839614688,14.1931526288167
16,21,461.13084112149534,456.58878504672896,87.17693781882525,87.49091914935951,15.829313623743104,14.956788839614688
17,21,337.5327102803738,334.70093457943926,83.70612602121551,83.98367167702332,16.715116260578437,15.829313623743104
18,21,570.7102803738318,565.2990654205607,86.03377553525077,86.40068877180717,18.154016273702457,16.715116260578437
19,21,324.6542056074766,321.23364485981307,85.52375624175883,85.84702701899904,19.871801050606063,18.154016273702457
20,21,551.4907407407408,545.7870370370371,96.03054713226453,96.4456782287143,36.47608118563621,19.871801050606063
1,22,4868.6509433962265,4819.726415094339,106.36843070814135,106.79819412808916,3.180796486470582,0.0
2,22,3875.07476635514,3836.2523364485983,101.52071492391552,101.92695733569221,4.199298262995014,3.180796486470582
3,22,1449.1495327102805,1434.1588785046729,95.65451228875163,96.05522016734365,5.272455687869069,4.199298262995014
4,22,2623.9439252336447,2597.3271028037384,91.53522047547325,91.90879197462836,6.193740596260733,5.272455687869069
5,22,3333.7943925233644,3300.504672897196,88.5696996650033,88.91499682928304,7.05506785778168,6.193740596260733
6,22,707.1869158878504,700.018691588785,85.99135455449222,86.3301925656168,7.953231296132531,7.05506785778168
7,22,576.2037037037037,569.9166666666666,85.18885973834693,85.56292435852603,9.018858595419156,7.953231296132531
8,22,427.1869158878505,422.4766355140187,82.9858546291301,83.3648888311071,9.988970078469205,9.018858595419156
9,22,595.8691588785047,589.7850467289719,83.22341620225944,83.5675259451198,10.72513829060439,9.988970078469205
10,22,429.5420560747664,425.31775700934577,85.54770267998143,85.91059806074378,11.48754368614339,10.72513829060439
11,22,438.4579439252336,433.4672897196262,84.26284936305704,84.68910605260692,12.092084039119785,11.48754368614339
12,22,454.22429906542055,449.85981308411215,83.38939709273654,83.70879790313603,12.748421000557512,12.092084039119785
13,22,411.9252336448598,407.69158878504675,85.44106063540643,85.83421124809065,13.501331419788942,12.748421000557512
14,22,501.462962962963,496.10185185185185,88.32202201159811,88.68702884807064,14.1931526288167,13.501331419788942
15,22,337.2429906542056,333.6355140186916,83.9811809336352,84.33001057109729,14.956788839614688,14.1931526288167
16,22,461.06542056074767,456.74766355140184,87.0811573583632,87.40582911481053,15.829313623743104,14.956788839614688
17,22,334.5233644859813,331.1588785046729,84.09550528927493,84.50229880958481,16.715116260578437,15.829313623743104
18,22,572.9065420560747,567.0280373831775,86.26901016909268,86.62947546722181,18.154016273702457,16.715116260578437
19,22,321.2429906542056,318.10280373831773,85.90902531970171,86.20028780913144,19.871801050606063,18.154016273702457
20,22,549.2777777777778,544.25,95.8286070584686,96.2031731809161,36.47608118563621,19.871801050606063
1,23,4875.962264150943,4825.933962264151,106.2108185524282,106.66321039121408,3.180796486470582,0.0
2,23,3894.4018691588785,3854.9439252336447,101.411529271418,101.82996449971643,4.199298262995014,3.180796486470582
3,23,1442.6355140186915,1428.0747663551401,95.756247304898,96.16128781601695,5.272455687869069,4.199298262995014
4,23,2618.9813084112147,2593.1308411214955,91.16366463377305,91.54326216785529,6.193740596260733,5.272455687869069
5,23,3336.448598130841,3303.2803738317757,88.37020632075706,88.72723151843132,7.05506785778168,6.193740596260733
6,23,703.6542056074767,696.8504672897196,86.10411577067853,86.44276158708912,7.953231296132531,7.05506785778168
7,23,574.7962962962963,569.0092592592592,85.13012103722014,85.46798658762638,9.018858595419156,7.953231296132531
8,23,425.0,420.97196261682245,83.36602356983953,83.69006552500771,9.988970078469205,9.018858595419156
9,23,594.0654205607476,588.2803738317757,83.54302052331732,83.88567502898685,10.72513829060439,9.988970078469205
10,23,424.5327102803738,419.6542056074766,85.82274955509321,86.17441198995434,11.48754368614339,10.72513829060439
11,23,439.7570093457944,435.7383177570093,84.2183004945719,84.533917084436,12.092084039119785,11.48754368614339
12,23,451.8224299065421,447.77570093457945,83.33179344610902,83.64177038579648,12.748421000557512,12.092084039119785
13,23,410.3738317757009,406.22429906542055,85.49091334306536,85.82527092140977,13.501331419788942,12.748421000557512
14,23,504.7037037037037,499.68518518518516,88.31006801954771,88.64885096471514,14.1931526288167,13.501331419788942
15,23,336.2803738317757,333.3551401869159,84.24345504106618,84.53644207187392,14.956788839614688,14.1931526288167
16,23,458.0934579439252,453.2710280373832,87.28943342099794,87.69505016496142,15.829313623743104,14.956788839614688
17,23,332.5327102803738,329.0934579439252,83.92017440452224,84.25025205974693,16.715116260578437,15.829313623743104
18,23,568.3831775700935,562.5607476635514,86.23667004699342,86.57071913399065,18.154016273702457,16.715116260578437
19,23,325.02803738317755,321.6448598130841,85.9744646634221,86.77256094194617,19.871801050606063,18.154016273702457
20,23,550.9814814814815,546.6018518518518,96.13280525713513,96.44046301599361,36.47608118563621,19.871801050606063
1,24,4875.2830188679245,4825.915094339623,106.31219721922544,106.74437278373138,3.180796486470582,0.0
2,24,3869.4859813084113,3829.9345794392525,101.50057857213827,101.92988749205102,4.199298262995014,3.180796486470582
3,24,1447.4485981308412,1433.2990654205607,95.45059841109777,95.83268255336746,5.272455687869069,4.199298262995014
4,24,2627.373831775701,2601.841121495327,91.52254057985675,91.89849334897919,6.193740596260733,5.272455687869069
5,24,3334.495327102804,3300.5607476635514,88.03072068966834,88.43263514262892,7.05506785778168,6.193740596260733
6,24,705.5046728971963,698.2710280373832,86.01117856488685,86.3490509593689,7.953231296132531,7.05506785778168
7,24,570.3703703703703,564.5370370370371,85.5547840701832,85.93154014540126,9.018858595419156,7.953231296132531
8,24,422.1682242990654,417.69158878504675,83.24484053260755,83.57925455154806,9.988970078469205,9.018858595419156
9,24,599.0654205607476,593.3551401869158,83.02302083097378,83.39258966657056,10.72513829060439,9.988970078469205
10,24,426.1682242990654,421.38317757009344,85.25830007292625,85.62071223351703,11.48754368614339,10.72513829060439
11,24,439.0747663551402,434.9626168224299,84.38534332623354,84.73563159120232,12.092084039119785,11.48754368614339
12,24,455.61682242990656,451.02803738317755,83.35843061095754,83.67765292296795,12.748421000557512,12.092084039119785
13,24,408.89719626168227,404.70093457943926,85.9034646473922,86.257907442482,13.501331419788942,12.748421000557512
14,24,501.05555555555554,496.05555555555554,88.20816973691689,88.55160688053323,14.1931526288167,13.501331419788942
15,24,340.4672897196262,336.9906542056075,83.54520884376062,83.86039031162846,14.956788839614688,14.1931526288167
16,24,461.7943925233645,457.1869158878505,87.0835234008993,87.42505610336933,15.829313623743104,14.956788839614688
17,24,338.1121495327103,334.4859813084112,83.81239182705168,84.13246141394885,16.715116260578437,15.829313623743104
18,24,571.7850467289719,565.9626168224299,85.48079568983077,85.7887627103492,18.154016273702457,16.715116260578437
19,24,321.5607476635514,318.4299065420561,86.35721878160948,86.69001469302923,19.871801050606063,18.154016273702457
20,24,552.5,546.8703703703703,96.48861041097386,96.97613325406208,36.47608118563621,19.871801050606063
1,25,4881.16037735849,4831.971698113208,106.2739398401471,106.70425261977145,3.180796486470582,0.0
2,25,3861.700934579439,3823.0467289719627,101.56699993554523,101.97486831716601,4.199298262995014,3.180796486470582
3,25,1445.4672897196263,1430.5981308411215,95.75285703495193,96.15542496384498,5.272455687869069,4.199298262995014
4,25,2636.9345794392525,2611.6728971962616,91.12872163125171,91.49259361174641,6.193740596260733,5.272455687869069
5,25,3336.467289719626,3304.03738317757,88.50818551348685,88.86204327652482,7.05506785778168,6.193740596260733
6,25,700.8878504672897,694.3457943925233,86.26447131426869,86.60425065965758,7.953231296132531,7.05506785778168
7,25,575.8703703703703,570.3148148148148,85.31611760284713,85.659742215425,9.018858595419156,7.953231296132531
8,25,423.4859813084112,419.2429906542056,83.25027612834374,83.56285832593059,9.988970078469205,9.018858595419156
9,25,596.4672897196261,590.411214953271,83.14185205091233,83.49727899863758,10.72513829060439,9.988970078469205
10,25,431.1775700934579,426.68224299065423,85.18766212634716,85.54513760354774,11.48754368614339,10.72513829060439
11,25,439.98130841121497,435.6355140186916,84.07318065848075,84.4173006655914,12.092084039119785,11.48754368614339
12,25,452.61682242990656,448.1682242990654,82.90085815646306,83.22545936814632,12.748421000557512,12.092084039119785
13,25,411.7570093457944,407.1121495327103,85.60020393708524,85.94804217424941,13.501331419788942,12.748421000557512
14,25,496.69444444444446,491.6666666666667,88.43873250379225,88.81652423704236,14.1931526288167,13.501331419788942
15,25,335.8878504672897,332.5607476635514,84.17567332611408,84.50304486181693,14.956788839614688,14.1931526288167
16,25,462.38317757009344,457.5607476635514,86.92312760336347,87.2437258944203,15.829313623743104,14.956788839614688
17,25,333.7289719626168,330.3457943925234,83.99055467584878,84.33563472657757,16.715116260578437,15.829313623743104
18,25,572.8598130841121,567.3831775700935,85.6592384861464,86.03778632345238,18.154016273702457,16.715116260578437
19,25,323.61682242990656,320.1869158878505,86.61028250975508,86.99814695649567,19.871801050606063,18.154016273702457
20,25,550.1851851851852,545.2870370370371,95.73093081973238,96.09321715474695,36.47608118563621,19.871801050606063
1,26,4863.981132075472,4815.33962264151,106.3256405842095,106.77520477339039,3.180796486470582,0.0
2,26,3875.0186915887853,3835.121495327103,101.60286318837389,102.03677473311254,4.199298262995014,3.180796486470582
3,26,1443.6915887850466,1428.6635514018692,95.9104056418566,96.21674744698748,5.272455687869069,4.199298262995014
4,26,2635.373831775701,2609.121495327103,90.93683887646068,91.26489220681675,6.193740596260733,5.272455687869069
5,26,3333.570093457944,3300.271028037383,88.53950917010108,88.91426232174814,7.05506785778168,6.193740596260733
6,26,705.2056074766355,698.2056074766355,86.10740963055514,86.43061817936966,7.953231296132531,7.05506785778168
7,26,575.675925925926,569.8888888888889,84.84262351516647,85.23623779753191,9.018858595419156,7.953231296132531
8,26,424.29906542056074,419.6448598130841,83.20570124601427,83.55571132787806,9.988970078469205,9.018858595419156
9,26,602.1028037383178,595.4859813084112,83.28121346086942,83.62925826578126,10.72513829060439,9.988970078469205
10,26,425.74766355140184,421.69158878504675,85.51512915312202,85.86540832739097,11.48754368614339,10.72513829060439
11,26,439.7196261682243,435.14018691588785,83.96676450277552,84.29935975021824,12.092084039119785,11.48754368614339
12,26,453.93457943925233,449.3457943925234,82.98303993964637,83.33262784163693,12.748421000557512,12.092084039119785
13,26,409.5327102803738,405.57943925233644,85.40849890855672,85.73720814079068,13.501331419788942,12.748421000557512
14,26,504.50925925925924,499.19444444444446,88.17502837029923,88.55129015313494,14.1931526288167,13.501331419788942
15,26,335.8317757009346,332.1775700934579,84.64612913279936,85.02833063338761,14.956788839614688,14.1931526288167
16,26,462.23364485981307,457.8785046728972,86.99381876467285,87.34022669420698,15.829313623743104,14.956788839614688
17,26,338.5514018691589,335.33644859813086,83.69471469827332,83.99656096900853,16.715116260578437,15.829313623743104
18,26,569.588785046729,563.8317757009346,85.73478435572655,86.09212318150394,18.154016273702457,16.715116260578437
19,26,322.10280373831773,319.1121495327103,85.77600378052138,86.09053762448445,19.871801050606063,18.154016273702457
20,26,548.6574074074074,543.1666666666666,96.49221099765336,96.87225491451466,36.47608118563621,19.871801050606063
1,27,4878.38679245283,4828.367924528302,106.21898441531513,106.67414375820127,3.180796486470582,0.0
2,27,3868.8598130841124,3828.878504672897,101.61455074149387,102.04621500541322,4.199298262995014,3.180796486470582
3,27,1443.8504672897195,1429.1401869158879,95.68302442863332,96.0799778184323,5.272455687869069,4.199298262995014
4,27,2631.2242990654204,2604.308411214953,91.36339812547496,91.75384989579153,6.193740596260733,5.272455687869069
5,27,3328.607476635514,3295.5233644859813,88.44069812352997,88.7977894295315,7.05506785778168,6.193740596260733
6,27,709.1588785046729,701.8224299065421,85.93848933571255,86.2855189464431,7.953231296132531,7.05506785778168
7,27,576.9351851851852,571.1851851851852,85.05948695385014,85.44001635919831,9.018858595419156,7.953231296132531
8,27,427.6261682242991,422.76635514018693,83.0864572177631,83.44317609266936,9.988970078469205,9.018858595419156
9,27,598.6355140186915,592.7196261682243,83.1812767394581,83.50163751437799,10.72513829060439,9.988970078469205
10,27,424.97196261682245,420.1869158878505,85.61932814884737,85.98150670745294,11.48754368614339,10.72513829060439
11,27,436.9065420560748,432.94392523364485,84.48416310913966,84.83734002057855,12.092084039119785,11.48754368614339
12,27,452.67289719626166,448.0373831775701,83.44689356344145,83.77984376090761,12.748421000557512,12.092084039119785
13,27,412.5607476635514,408.1775700934579,85.21619753205077,85.59456616239721,13.501331419788942,12.748421000557512
14,27,497.6759259259259,492.8240740740741,88.49234471396421,88.85889851616322,14.1931526288167,13.501331419788942
15,27,338.1775700934579,334.8130841121495,84.26184633129152,84.61621743310316,14.956788839614688,14.1931526288167
16,27,462.6261682242991,458.04672897196264,87.00240351647525,87.35528458588547,15.829313623743104,14.956788839614688
17,27,336.70093457943926,333.69158878504675,83.80916080500475,84.11950419657954,16.715116260578437,15.829313623743104
18,27,572.0,566.6915887850467,86.1825364983209,86.57412391845808,18.154016273702457,16.715116260578437
19,27,322.76635514018693,319.5327102803738,85.22979387970331,85.58518525816585,19.871801050606063,18.154016273702457
20,27,548.7870370370371,543.5833333333334,96.39288548878669,96.21205444227877,36.47608118563621,19.871801050606063
1,28,4884.61320754717,4833.273584905661,106.15766449977353,106.61349358053647,3.180796486470582,0.0
2,28,3870.214953271028,3831.2523364485983,101.43739633193132,101.85455568814356,4.199298262995014,3.180796486470582
3,28,1446.4766355140187,1431.588785046729,95.4805118229334,95.87656238545145,5.272455687869069,4.199298262995014
4,28,2618.0934579439254,2591.9906542056074,91.29848627660681,91.66483318397218,6.193740596260733,5.272455687869069
5,28,3333.7476635514017,3300.1401869158876,88.41274083184497,88.77282005478882,7.05506785778168,6.193740596260733
6,28,707.411214953271,699.8504672897196,85.90612177720463,86.25983772225776,7.953231296132531,7.05506785778168
7,28,578.574074074074,572.5462962962963,84.99986078820673,85.33306371880006,9.018858595419156,7.953231296132531
8,28,422.31775700934577,418.4766355140187,83.01922076160288,83.38763253989147,9.988970078469205,9.018858595419156
9,28,595.4579439252336,589.5607476635514,83.42759750115951,83.80118988540752,10.72513829060439,9.988970078469205
10,28,426.10280373831773,421.76635514018693,85.49511374253059,85.85414495808268,11.48754368614339,10.72513829060439
11,28,441.06542056074767,436.5514018691589,84.25481549180151,84.60947921517797,12.092084039119785,11.48754368614339
12,28,453.8411214953271,449.196261682243,83.65063528943524,83.97600394165931,12.748421000557512,12.092084039119785
13,28,411.31775700934577,407.0747663551402,85.48732786476276,85.81577661913069,13.501331419788942,12.748421000557512
14,28,500.06481481481484,494.9074074074074,88.36465891312194,88.73878092814768,14.1931526288167,13.501331419788942
15,28,338.85981308411215,335.25233644859816,83.36684023326413,83.7348383806693,14.956788839614688,14.1931526288167
16,28,462.67289719626166,458.32710280373834,87.00363313805593,87.31176191656945,15.829313623743104,14.956788839614688
17,28,335.74766355140184,332.38317757009344,83.79726231956721,84.11938625991027,16.715116260578437,15.829313623743104
18,28,568.8504672897196,563.4672897196261,85.917477069851,86.24828012341204,18.154016273702457,16.715116260578437
19,28,321.25233644859816,317.8224299065421,85.45528359462037,85.83382155071637,19.871801050606063,18.154016273702457
20,28,552.8796296296297,548.0277777777778,96.27411680137169,96.61399011152007,36.47608118563621,19.871801050606063
1,29,4873.981132075472,4824.311320754717,106.27351358586695,106.71422107344499,3.180796486470582,0.0
2,29,3870.177570093458,3829.92523364486,101.52111786232437,101.95976208817982,4.199298262995014,3.180796486470582
3,29,1450.3831775700935,1435.7102803738317,95.32050252722148,95.6978243739025,5.272455687869069,4.199298262995014
4,29,2629.0280373831774,2602.5981308411215,91.13985473653557,91.49475789752832,6.193740596260733,5.272455687869069
5,29,3332.308411214953,3299.345794392523,88.22723087266327,88.58674876526678,7.05506785778168,6.193740596260733
6,29,710.4672897196261,703.0654205607476,86.03415711416241,86.37903868288231,7.953231296132531,7.05506785778168
7,29,573.9444444444445,568.5185185185185,85.27276819870879,85.61505138672528,9.018858595419156,7.953231296132531
8,29,424.4018691588785,420.23364485981307,83.28456118496659,83.61828617053146,9.988970078469205,9.018858595419156
9,29,596.3831775700935,590.1308411214953,83.28473156318631,83.64200015721791,10.72513829060439,9.988970078469205
10,29,428.8130841121495,424.5607476635514,85.47575737589005,85.8355436769401,11.48754368614339,10.72513829060439
11,29,440.49532710280374,435.9626168224299,84.24573385402557,84.6167535756157,12.092084039119785,11.48754368614339
12,29,452.01869158878503,447.69158878504675,83.89666046171995,84.21966490457987,12.748421000557512,12.092084039119785
13,29,410.7289719626168,406.5420560747664,85.63977892697083,86.0043174770037,13.501331419788942,12.748421000557512
14,29,501.05555555555554,496.24074074074076,88.09565677723715,88.45411695016683,14.1931526288167,13.501331419788942
15,29,336.06542056074767,332.7943925233645,84.13151245628404,84.41913359404462,14.956788839614688,14.1931526288167
16,29,460.78504672897196,456.1869158878505,86.85895515464262,87.19637396693678,15.829313623743104,14.956788839614688
17,29,336.58878504672896,333.5233644859813,84.13604725791558,84.48241743251049,16.715116260578437,15.829313623743104
18,29,567.9439252336449,562.7663551401869,86.43533201541929,86.74723787355917,18.154016273702457,16.715116260578437
19,29,323.41121495327104,320.32710280373834,85.51884844542687,85.83875132832594,19.871801050606063,18.154016273702457
20,29,550.7870370370371,545.675925925926,96.05797532446347,96.4141421440747,36.47608118563621,19.871801050606063
1,30,4876.320754716981,4827.226415094339,106.23695455089032,106.67220613030771,3.180796486470582,0.0
2,30,3873.2056074766356,3833.336448598131,101.50126406353024,101.89747232895414,4.199298262995014,3.180796486470582
3,30,1445.5046728971963,1431.2990654205607,95.52930834159245,95.92372529724217,5.272455687869069,4.199298262995014
4,30,2621.7383177570096,2595.9532710280373,91.3090404878217,91.6850892141098,6.193740596260733,5.272455687869069
5,30,3339.0,3305.9906542056074,88.4449347706321,88.81262359669527,7.05506785778168,6.193740596260733
6,30,704.9532710280374,697.6915887850467,85.98796930960721,86.35727648528155,7.953231296132531,7.05506785778168
7,30,575.8055555555555,569.6944444444445,84.99882972090148,85.34442761627362,9.018858595419156,7.953231296132531
8,30,420.31775700934577,416.04672897196264,82.82759262407293,83.17349916124603,9.988970078469205,9.018858595419156
9,30,600.8317757009346,594.6168224299065,82.81664791205667,83.16840854577735,10.72513829060439,9.988970078469205
10,30,426.8785046728972,422.5140186915888,85.58005722763832,85.93251877553848,11.48754368614339,10.72513829060439
11,30,439.02803738317755,434.25233644859816,84.428624055108,84.77621998781393,12.092084039119785,11.48754368614339
12,30,454.14018691588785,449.196261682243,83.717643586373,84.08309735769018,12.748421000557512,12.092084039119785
13,30,410.7383177570093,406.70093457943926,85.64677258758722,85.97202417640301,13.501331419788942,12.748421000557512
14,30,500.77777777777777,495.80555555555554,88.20411826091166,88.53919543028339,14.1931526288167,13.501331419788942
15,30,336.4299065420561,332.8317757009346,83.25732865189198,83.64210998191966,14.956788839614688,14.1931526288167
16,30,459.8785046728972,455.2897196261682,87.08828298340684,87.44618650198018,15.829313623743104,14.956788839614688
17,30,333.7102803738318,330.5514018691589,83.77207677698661,84.10297454479027,16.715116260578437,15.829313623743104
18,30,573.0280373831775,567.2523364485982,86.25080459434875,86.59357521209252,18.154016273702457,16.715116260578437
19,30,322.66355140186914,319.42056074766356,86.27760644313774,86.62394121842027,19.871801050606063,18.154016273702457
20,30,553.9814814814815,548.8796296296297,96.38061533452634,96.74598384644399,36.47608118563621,19.871801050606063
1,31,4887.622641509434,4838.33962264151,106.11403966103245,106.52896626270845,3.180796486470582,0.0
2,31,3873.495327102804,3834.3271028037384,101.3920364156194,101.80966570336238,4.199298262995014,3.180796486470582
3,31,1446.1869158878505,1431.252336448598,95.40374916857803,95.79377970766343,5.272455687869069,4.199298262995014
4,31,2625.495327102804,2598.570093457944,91.11210035958271,91.4678813239236,6.193740596260733,5.272455687869069
5,31,3331.9158878504672,3299.7476635514017,88.13893927244067,88.48619297254695,7.05506785778168,6.193740596260733
6,31,705.2523364485982,697.6728971962617,86.09721576816328,86.45534912139897,7.953231296132531,7.05506785778168
7,31,576.5462962962963,570.5648148148148,84.957898212906,85.3073832105674,9.018858595419156,7.953231296132531
8,31,421.5140186915888,417.196261682243,82.95828473346208,83.2886219265917,9.988970078469205,9.018858595419156
9,31,596.1214953271028,590.018691588785,83.07909495868148,83.38072212726107,10.72513829060439,9.988970078469205
10,31,426.2056074766355,422.1869158878505,85.37707692286492,85.69143096293989,11.48754368614339,10.72513829060439
11,31,437.67289719626166,433.5140186915888,84.46898947169393,84.82302080525993,12.092084039119785,11.48754368614339
12,31,454.01869158878503,449.5233644859813,83.4105602156617,83.71869263445281,12.748421000557512,12.092084039119785
13,31,410.77570093457945,406.4859813084112,85.39812201376861,85.7533063104997,13.501331419788942,12.748421000557512
14,31,500.3240740740741,495.4537037037037,88.27092699309851,88.6114616724942,14.1931526288167,13.501331419788942
15,31,335.3644859813084,332.0093457943925,84.24209926567848,84.5705775379344,14.956788839614688,14.1931526288167
16,31,459.1775700934579,454.4299065420561,87.21963498641036,87.58587897346528,15.829313623743104,14.956788839614688
17,31,332.95327102803736,329.5514018691589,83.53070194961542,83.882569460101,16.715116260578437,15.829313623743104
18,31,572.1682242990654,566.5140186915888,85.83044953312879,86.18329576700005,18.154016273702457,16.715116260578437
19,31,323.4766355140187,320.2803738317757,85.93713686996904,86.27020379319083,19.871801050606063,18.154016273702457
20,31,552.4074074074074,547.4907407407408,95.71628774858209,96.04100033952602,36.47608118563621,19.871801050606063
1,32,4881.622641509434,4830.830188679245,106.285380743437,106.74769454592699,3.180796486470582,0.0
2,32,3868.8130841121497,3829.7476635514017,101.6068584171205,102.03382750264562,4.199298262995014,3.180796486470582
3,32,1449.271028037383,1434.1214953271028,95.02779053643548,95.42914304894622,5.272455687869069,4.199298262995014
4,32,2625.0560747663553,2598.9065420560746,91.11293133092809,91.48046086478473,6.193740596260733,5.272455687869069
5,32,3326.803738317757,3292.532710280374,88.12466311361248,88.49743549702372,7.05506785778168,6.193740596260733
6,32,707.2149532710281,699.9439252336449,86.19860603854625,86.53157269829745,7.953231296132531,7.05506785778168
7,32,577.574074074074,571.8518518518518,85.08628223728272,85.41873513121799,9.018858595419156,7.953231296132531
8,32,424.6448598130841,420.7196261682243,82.70328032088717,83.02436731074498,9.988970078469205,9.018858595419156
9,32,600.6915887850467,594.5607476635514,83.32730174544884,83.67705570125368,10.72513829060439,9.988970078469205
10,32,428.2710280373832,424.0093457943925,85.3234718429534,85.63899312823597,11.48754368614339,10.72513829060439
11,32,436.7289719626168,432.6448598130841,84.45082429361439,84.77025900382183,12.092084039119785,11.48754368614339
12,32,449.0934579439252,444.67289719626166,83.6414131992126,83.98224084195334,12.748421000557512,12.092084039119785
13,32,409.1121495327103,404.94392523364485,85.23318042628085,85.59260755986085,13.501331419788942,12.748421000557512
14,32,501.9074074074074,497.1388888888889,87.76736986506575,88.14006592111339,14.1931526288167,13.501331419788942
15,32,339.14953271028037,335.9252336448598,84.05377319093556,84.39000395905136,14.956788839614688,14.1931526288167
16,32,465.0747663551402,460.22429906542055,86.70543273026634,87.09319016043032,15.829313623743104,14.956788839614688
17,32,334.66355140186914,331.49532710280374,83.41169424357211,83.70758440330889,16.715116260578437,15.829313623743104
18,32,571.3177570093458,565.7102803738318,85.83759944802809,86.1545386060004,18.154016273702457,16.715116260578437
19,32,324.0747663551402,321.14018691588785,86.22179729675936,86.53744215493184,19.871801050606063,18.154016273702457
20,32,548.1944444444445,543.4351851851852,96.41310783362287,96.74007978234903,36.47608118563621,19.871801050606063
1,33,4880.320754716981,4829.452830188679,105.92358081744085,106.36012162535482,3.180796486470582,0.0
2,33,3873.9906542056074,3834.6355140186915,101.53146956491297,101.95181126724849,4.199298262995014,3.180796486470582
3,33,1450.4392523364486,1435.607476635514,95.18402545654538,95.5516457631429,5.272455687869069,4.199298262995014
4,33,2627.4018691588785,2601.411214953271,91.54271514498535,91.89764040395667,6.193740596260733,5.272455687869069
5,33,3328.700934579439,3295.9532710280373,88.27263450907093,88.69151011574,7.05506785778168,6.193740596260733
6,33,701.5420560747664,694.5046728971963,85.45734236442868,85.80144516045145,7.953231296132531,7.05506785778168
7,33,574.3981481481482,568.7870370370371,85.17320284206119,85.5376071943673,9.018858595419156,7.953231296132531
8,33,428.69158878504675,424.32710280373834,83.01846627099994,83.36227846175082,9.988970078469205,9.018858595419156
9,33,597.1028037383178,590.4485981308411,83.17565371924968,83.52773541129561,10.72513829060439,9.988970078469205
10,33,427.93457943925233,423.5140186915888,85.3881041702098,85.74750862376388,11.48754368614339,10.72513829060439
11,33,436.196261682243,431.5233644859813,84.46136841954824,84.85870427519056,12.092084039119785,11.48754368614339
12,33,454.5607476635514,449.8411214953271,83.51726597473885,83.86396869505307,12.748421000557512,12.092084039119785
13,33,408.5607476635514,404.5420560747664,86.15742197724155,86.5081798063805,13.501331419788942,12.748421000557512
14,33,504.212962962963,498.9259259259259,88.4256216038414,88.79302945742032,14.1931526288167,13.501331419788942
15,33,337.02803738317755,333.76635514018693,84.18131744506137,84.53229672029354,14.956788839614688,14.1931526288167
16,33,462.66355140186914,457.9626168224299,86.51848908809137,86.86157757959532,15.829313623743104,14.956788839614688
17,33,333.30841121495325,330.14018691588785,84.03048369234813,84.35006102544133,16.715116260578437,15.829313623743104
18,33,569.7476635514018,563.8411214953271,86.06301976182341,86.45362124911429,18.154016273702457,16.715116260578437
19,33,321.30841121495325,318.02803738317755,86.7854011857855,87.13394510443896,19.871801050606063,18.154016273702457
20,33,551.0185185185185,546.1018518518518,96.66054717679779,97.00570254559825,36.47608118563621,19.871801050606063
1,34,4877.66037735849,4827.830188679245,106.1475114293009,106.57997623914892,3.180796486470582,0.0
2,34,3883.0560747663553,3842.8971962616824,101.56330117517768,101.99860011817717,4.199298262995014,3.180796486470582
3,34,1448.1682242990655,1433.056074766355,95.22374721407323,95.59833299994966,5.272455687869069,4.199298262995014
4,34,2625.6728971962616,2599.96261682243,91.2231440021163,91.61021402496216,6.193740596260733,5.272455687869069
5,34,3330.0280373831774,3296.8317757009345,88.41751227691643,88.78279628977468,7.05506785778168,6.193740596260733
6,34,707.626168224299,700.2616822429907,86.233714166106,86.60914538750308,7.953231296132531,7.05506785778168
7,34,581.0185185185185,575.2592592592592,85.13458116615014,85.48858513861906,9.018858595419156,7.953231296132531
8,34,424.6448598130841,420.4299065420561,83.1396795217221,83.434104087705,9.988970078469205,9.018858595419156
9,34,597.4859813084112,591.1495327102804,83.16870982457692,83.53002574428977,10.72513829060439,9.988970078469205
10,34,426.06542056074767,422.0093457943925,85.21489521007392,85.52123380093285,11.48754368614339,10.72513829060439
11,34,436.7383177570093,432.38317757009344,84.48146666141527,84.82760915632134,12.092084039119785,11.48754368614339
12,34,452.38317757009344,448.32710280373834,83.00149641306648,83.2932653643718,12.748421000557512,12.092084039119785
13,34,410.14018691588785,405.66355140186914,85.29094552512129,85.63391800163097,13.501331419788942,12.748421000557512
14,34,497.44444444444446,491.8703703703704,88.3821254160813,88.74175673419529,14.1931526288167,13.501331419788942
15,34,335.32710280373834,332.2710280373832,84.40628216445845,84.73285126489264,14.956788839614688,14.1931526288167
16,34,459.5140186915888,455.60747663551405,87.0335909349777,87.35782440351107,15.829313623743104,14.956788839614688
17,34,333.9626168224299,330.94392523364485,83.88528997547714,84.21478471542451,16.715116260578437,15.829313623743104
18,34,568.6542056074767,562.803738317757,85.64684034301847,85.96218499141357,18.154016273702457,16.715116260578437
19,34,322.803738317757,319.7383177570093,85.65843239118216,86.01318443148195,19.871801050606063,18.154016273702457
20,34,550.3425925925926,545.1481481481482,95.70572612070399,96.0599999738858,36.47608118563621,19.871801050606063
1,35,4876.962264150943,4826.603773584906,106.20070148554368,106.64623015105738,3.180796486470582,0.0
2,35,3865.5981308411215,3825.9813084112147,101.41848191008621,101.84687586886389,4.199298262995014,3.180796486470582
3,35,1449.2429906542056,1434.1401869158879,95.70824744780356,96.10133742444016,5.272455687869069,4.199298262995014
4,35,2631.7102803738317,2605.570093457944,91.29659853642636,91.65404341688621,6.193740596260733,5.272455687869069
5,35,3327.7196261682243,3294.0,88.31483178957265,88.69183939272355,7.05506785778168,6.193740596260733
6,35,711.6915887850467,704.2710280373832,86.08372054281973,86.45384761093715,7.953231296132531,7.05506785778168
7,35,574.7129629629629,569.1203703703703,85.1614798129049,85.49161172576049,9.018858595419156,7.953231296132531
8,35,424.86915887850466,420.39252336448595,82.91608173821525,83.28441337032812,9.988970078469205,9.018858595419156
9,35,593.1401869158879,587.0280373831775,83.29624586942899,83.64730987813789,10.72513829060439,9.988970078469205
10,35,429.9626168224299,425.8317757009346,85.3978845981146,85.71620584400453,11.48754368614339,10.72513829060439
11,35,437.66355140186914,433.30841121495325,84.1556348654026,84.47246304145989,12.092084039119785,11.48754368614339
12,35,453.4485981308411,448.5233644859813,83.50927011713674,83.84072509733086,12.748421000557512,12.092084039119785
13,35,410.1682242990654,406.2710280373832,85.69390311197061,85.99859844928528,13.501331419788942,12.748421000557512
14,35,502.26851851851853,497.23148148148147,88.02872183990586,88.39200107432282,14.1931526288167,13.501331419788942
15,35,338.9065420560748,335.5607476635514,84.05923066618674,84.38394103609961,14.956788839614688,14.1931526288167
16,35,463.97196261682245,459.41121495327104,86.73662495126027,87.03296706193763,15.829313623743104,14.956788839614688
17,35,337.66355140186914,334.50467289719626,83.49627054692559,83.83207341170126,16.715116260578437,15.829313623743104
18,35,572.018691588785,565.9906542056075,85.93167793496795,86.34878760072937,18.154016273702457,16.715116260578437
19,35,321.2056074766355,317.8317757009346,86.32630594931842,86.64178607475758,19.871801050606063,18.154016273702457
20,35,547.074074074074,541.5648148148148,96.71261836182401,97.24246878724081,36.47608118563621,19.871801050606063
1,36,4876.188679245283,4826.773584905661,106.32032697684046,106.75357696083907,3.180796486470582,0.0
2,36,3874.2242990654204,3833.700934579439,101.45579410783827,101.8571535612571,4.199298262995014,3.180796486470582
3,36,1441.0280373831777,1426.0747663551401,95.64109542305312,96.08157729436367,5.272455687869069,4.199298262995014
4,36,2622.7196261682243,2595.4205607476633,91.46366373753082,91.83450500399643,6.193740596260733,5.272455687869069
5,36,3331.03738317757,3298.6168224299067,88.47248862863859,88.87042703835527,7.05506785778168,6.193740596260733
6,36,707.2336448598131,700.392523364486,85.81089477728943,86.14831321220917,7.953231296132531,7.05506785778168
7,36,576.0833333333334,570.4722222222222,85.16445234329007,85.51384050872132,9.018858595419156,7.953231296132531
8,36,421.4766355140187,417.2710280373832,83.5086902927296,83.85312917477835,9.988970078469205,9.018858595419156
9,36,599.4018691588785,593.2056074766355,83.05182285725179,83.41341880721188,10.72513829060439,9.988970078469205
10,36,429.0,424.78504672897196,85.05461411168054,85.372527692028,11.48754368614339,10.72513829060439
11,36,439.5514018691589,435.0747663551402,84.68329609103768,85.03265460659188,12.092084039119785,11.48754368614339
12,36,452.8785046728972,448.4299065420561,83.51022307221847,83.86032308463216,12.748421000557512,12.092084039119785
13,36,410.0747663551402,406.0,85.49910111384429,85.79396685036446,13.501331419788942,12.748421000557512
14,36,503.3611111111111,498.462962962963,88.26052627832158,88.60439498768102,14.1931526288167,13.501331419788942
15,36,338.8130841121495,335.70093457943926,83.97065151284116,84.28517110211804,14.956788839614688,14.1931526288167
16,36,464.2056074766355,459.2056074766355,86.97968418407227,87.31442603021127,15.829313623743104,14.956788839614688
17,36,333.1869158878505,329.67289719626166,84.0132475785185,84.37204723192629,16.715116260578437,15.829313623743104
18,36,575.3831775700935,569.9345794392524,85.75717223790316,86.07660154712417,18.154016273702457,16.715116260578437
19,36,323.5607476635514,320.4859813084112,85.78128716460711,86.09514100269446,19.871801050606063,18.154016273702457
20,36,549.5092592592592,544.3796296296297,96.3669283518697,96.73601512373874,36.47608118563621,19.871801050606063
1,37,4870.066037735849,4820.584905660377,106.353318530773,106.7833569477486,3.180796486470582,0.0
2,37,3882.2803738317757,3842.822429906542,101.47257069097117,101.89583359279257,4.199298262995014,3.180796486470582
3,37,1441.8411214953271,1427.392523364486,95.86685902780567,96.25893568735374,5.272455687869069,4.199298262995014
4,37,2616.7476635514017,2591.2523364485983,91.25618466801342,91.61348205167677,6.193740596260733,5.272455687869069
5,37,3342.663551401869,3309.9439252336447,88.43693274525658,88.8141604735183,7.05506785778168,6.193740596260733
6,37,703.0934579439253,695.6822429906542,86.33962276101416,86.75544547122833,7.953231296132531,7.05506785778168
7,37,574.9722222222222,568.6481481481482,85.01617555080799,85.38423299453964,9.018858595419156,7.953231296132531
8,37,423.8130841121495,419.0747663551402,82.84050549285519,83.20087941883956,9.988970078469205,9.018858595419156
9,37,599.8317757009346,593.981308411215,83.59347499122977,83.91022224133164,10.72513829060439,9.988970078469205
10,37,425.42056074766356,421.10280373831773,85.41204854577511,85.75221181586842,11.48754368614339,10.72513829060439
11,37,437.1775700934579,432.8411214953271,84.32947928205996,84.6587382568143,12.092084039119785,11.48754368614339
12,37,455.2803738317757,450.41121495327104,82.86511376250787,83.16861882785285,12.748421000557512,12.092084039119785
13,37,413.14953271028037,408.7289719626168,85.48418351734718,85.84682638595456,13.501331419788942,12.748421000557512
14,37,500.48148148148147,495.6296296296296,88.37233048559327,88.72768401172416,14.1931526288167,13.501331419788942
15,37,338.32710280373834,335.1121495327103,83.89891470822728,84.23622722972635,14.956788839614688,14.1931526288167
16,37,461.3551401869159,457.1588785046729,86.93856230982843,87.26894990549901,15.829313623743104,14.956788839614688
17,37,336.85046728971963,333.7943925233645,83.37464716348609,83.71542453387407,16.715116260578437,15.829313623743104
18,37,572.803738317757,567.3271028037383,85.84127545499358,86.17335795300082,18.154016273702457,16.715116260578437
19,37,325.02803738317755,321.93457943925233,86.31580356018651,86.67826665017732,19.871801050606063,18.154016273702457
20,37,548.2962962962963,543.324074074074,96.50626739903436,96.85559028350737,36.47608118563621,19.871801050606063
1,38,4877.547169811321,4827.6509433962265,106.32112810046797,106.75034297208103,3.180796486470582,0.0
2,38,3861.7943925233644,3823.728971962617,101.74302755145382,102.14958565569272,4.199298262995014,3.180796486470582
3,38,1444.3457943925234,1429.8971962616822,95.71860858574446,96.10412388848403,5.272455687869069,4.199298262995014
4,38,2627.457943925234,2601.0560747663553,91.68950272062136,92.03913654627219,6.193740596260733,5.272455687869069
5,38,3332.1495327102803,3298.92523364486,88.22922835306115,88.60517196247272,7.05506785778168,6.193740596260733
6,38,701.7943925233645,693.9158878504672,86.50936675205136,86.85295835054878,7.953231296132531,7.05506785778168
7,38,580.4814814814815,574.4722222222222,84.8534932868896,85.18385120089552,9.018858595419156,7.953231296132531
8,38,425.93457943925233,421.78504672897196,82.7352089008487,83.06112504572522,9.988970078469205,9.018858595419156
9,38,598.7757009345794,592.7850467289719,83.48370876913681,83.82212649892836,10.72513829060439,9.988970078469205
10,38,432.21495327102804,428.14018691588785,85.04464814442214,85.3796341129016,11.48754368614339,10.72513829060439
11,38,439.4485981308411,434.60747663551405,84.49897094091368,84.83400547757974,12.092084039119785,11.48754368614339
12,38,451.14953271028037,446.7570093457944,83.95899506490814,84.26672319193435,12.748421000557512,12.092084039119785
13,38,412.57943925233644,408.49532710280374,85.45719275122956,85.81574323456732,13.501331419788942,12.748421000557512
14,38,500.43518518518516,495.2962962962963,88.5504218226476,88.90278585925459,14.1931526288167,13.501331419788942
15,38,339.01869158878503,336.01869158878503,84.08601725921851,84.37623468650173,14.956788839614688,14.1931526288167
16,38,464.2056074766355,459.21495327102804,86.63501511627625,86.99627644480044,15.829313623743104,14.956788839614688
17,38,335.50467289719626,332.1775700934579,83.2521480024804,83.587684431975,16.715116260578437,15.829313623743104
18,38,571.0093457943925,565.4018691588785,86.16732882655263,86.50676156615522,18.154016273702457,16.715116260578437
19,38,322.77570093457945,319.93457943925233,86.10377445757108,86.4013365598412,19.871801050606063,18.154016273702457
20,38,551.1944444444445,546.6018518518518,96.31191590858849,96.65233381493763,36.47608118563621,19.871801050606063
1,39,4891.311320754717,4840.773584905661,106.35188909341066,106.7815055306593,3.180796486470582,0.0
2,39,3870.0467289719627,3832.196261682243,101.55056619684063,101.9470668622754,4.199298262995014,3.180796486470582
3,39,1442.5794392523364,1427.3551401869158,95.10814376675847,95.53862339750447,5.272455687869069,4.199298262995014
4,39,2618.88785046729,2592.355140186916,91.08637718231677,91.45367267832644,6.193740596260733,5.272455687869069
5,39,3323.4205607476633,3289.9345794392525,88.22065688531272,88.59421330431331,7.05506785778168,6.193740596260733
6,39,706.018691588785,698.8504672897196,85.35513300485053,85.70314285569715,7.953231296132531,7.05506785778168
7,39,573.5,567.6018518518518,84.91885573825883,85.24807094667166,9.018858595419156,7.953231296132531
8,39,423.89719626168227,420.02803738317755,83.34865573381119,83.66166888447262,9.988970078469205,9.018858595419156
9,39,598.4018691588785,592.1308411214953,83.38653127971685,83.70793052485928,10.72513829060439,9.988970078469205
10,39,427.1214953271028,422.8130841121495,85.47306337435607,85.94360256657943,11.48754368614339,10.72513829060439
11,39,440.4672897196262,436.06542056074767,84.22691749496572,84.56901046945096,12.092084039119785,11.48754368614339
12,39,452.41121495327104,447.8224299065421,83.15604213397515,83.51232557210275,12.748421000557512,12.092084039119785
13,39,408.9906542056075,404.60747663551405,85.64403442398066,85.99680421795847,13.501331419788942,12.748421000557512
14,39,503.4537037037037,498.2962962962963,88.08708717763403,88.44725686084149,14.1931526288167,13.501331419788942
15,39,336.01869158878503,332.7943925233645,84.36856320032547,84.70104170593845,14.956788839614688,14.1931526288167
16,39,464.01869158878503,459.2803738317757,86.84221215328512,87.19272111512723,15.829313623743104,14.956788839614688
17,39,334.1869158878505,330.98130841121497,83.6838082049131,84.02219309778417,16.715116260578437,15.829313623743104
18,39,574.5514018691589,568.9626168224299,86.33118956059572,86.66155010448016,18.154016273702457,16.715116260578437
19,39,324.1121495327103,321.0841121495327,85.48023648789743,85.7980843405423,19.871801050606063,18.154016273702457
20,39,555.9074074074074,550.6203703703703,95.97151304750786,96.36108547053607,36.47608118563621,19.871801050606063
1,40,4873.641509433963,4824.632075471698,106.33419791357225,106.76082326014397,3.180796486470582,0.0
2,40,3876.1682242990655,3836.392523364486,101.64575464960441,102.05909029381843,4.199298262995014,3.180796486470582
3,40,1448.5046728971963,1434.03738317757,95.70013148492734,96.07731236863083,5.272455687869069,4.199298262995014
4,40,2625.766355140187,2598.878504672897,91.19628031491307,91.57027037002149,6.193740596260733,5.272455687869069
5,40,3334.92523364486,3299.7476635514017,88.22563016592126,88.6205012855455,7.05506785778168,6.193740596260733
6,40,705.0934579439253,698.1588785046729,85.93633887510416,86.2912852280174,7.953231296132531,7.05506785778168
7,40,576.925925925926,571.0462962962963,85.39400171886263,85.75356078870153,9.018858595419156,7.953231296132531
8,40,421.9626168224299,417.7943925233645,83.4419485908272,83.76015887383286,9.988970078469205,9.018858595419156
9,40,598.1869158878504,592.2242990654206,83.62667469541638,83.96631162952933,10.72513829060439,9.988970078469205
10,40,423.6542056074766,419.1588785046729,85.61681813621169,85.94936495932514,11.48754368614339,10.72513829060439
11,40,435.04672897196264,430.94392523364485,84.45328835027438,84.79210203988046,12.092084039119785,11.48754368614339
12,40,456.38317757009344,451.5233644859813,83.3408091779588,83.71566859149728,12.748421000557512,12.092084039119785
13,40,409.0747663551402,404.9065420560748,85.59905726302591,85.94678465619072,13.501331419788942,12.748421000557512
14,40,503.1574074074074,498.35185185185185,88.10582241189967,88.48974487988029,14.1931526288167,13.501331419788942
15,40,338.4299065420561,335.39252336448595,84.00218407212702,84.30926187128719,14.956788839614688,14.1931526288167
16,40,460.4766355140187,455.74766355140184,86.7060257846362,87.04668673325035,15.829313623743104,14.956788839614688
17,40,335.50467289719626,332.4018691588785,84.01598468989941,84.32408078328926,16.715116260578437,15.829313623743104
18,40,572.607476635514,566.8504672897196,85.64098923317547,86.00508513106944,18.154016273702457,16.715116260578437
19,40,322.04672897196264,318.7289719626168,85.54232781452397,86.02298697419342,19.871801050606063,18.154016273702457
20,40,551.9444444444445,546.5370370370371,96.19355913686938,96.56692479198145,36.47608118563621,19.871801050606063
1,41,4879.820754716981,4828.603773584906,106.25441830210168,106.70438041751784,3.180796486470582,0.0
2,41,3872.691588785047,3833.336448598131,101.60890540113446,102.03342137757875,4.199298262995014,3.180796486470582
3,41,1445.3831775700935,1429.9252336448599,95.35861166082108,95.75831776582761,5.272455687869069,4.199298262995014
4,41,2622.766355140187,2595.9906542056074,91.53331956176557,91.91276804668932,6.193740596260733,5.272455687869069
5,41,3337.654205607477,3305.1308411214955,88.16564502947553,88.52129259773633,7.05506785778168,6.193740596260733
6,41,705.0093457943925,697.5327102803739,86.03493983371791,86.4394534480045,7.953231296132531,7.05506785778168
7,41,577.9166666666666,572.675925925926,85.3504479723744,85.66052948460776,9.018858595419156,7.953231296132531
8,41,425.49532710280374,420.8878504672897,82.69599210847677,83.04567920114565,9.988970078469205,9.018858595419156
9,41,598.7383177570093,592.6542056074767,83.3724058322684,83.67852452027908,10.72513829060439,9.988970078469205
10,41,426.8411214953271,422.5327102803738,85.56855567362703,85.90076926359538,11.48754368614339,10.72513829060439
11,41,439.69158878504675,435.2803738317757,84.41356976354994,84.8165880993571,12.092084039119785,11.48754368614339
12,41,452.38317757009344,447.9065420560748,83.9241738105487,84.32151353628075,12.748421000557512,12.092084039119785
13,41,407.02803738317755,403.13084112149534,85.79139929573348,86.1343560938087,13.501331419788942,12.748421000557512
14,41,500.81481481481484,496.05555555555554,88.16705926394583,88.51147650695317,14.1931526288167,13.501331419788942
15,41,333.41121495327104,330.196261682243,84.23400363048769,84.55429398028323,14.956788839614688,14.1931526288167
16,41,465.50467289719626,460.76635514018693,86.72170096767326,87.0608339427665,15.829313623743104,14.956788839614688
17,41,333.86915887850466,330.8130841121495,83.64039204021692,83.95119235277757,16.715116260578437,15.829313623743104
18,41,573.3551401869158,568.2897196261682,85.94852162865276,86.23897592978935,18.154016273702457,16.715116260578437
19,41,320.13084112149534,316.9626168224299,86.68534246408906,87.00616848177346,19.871801050606063,18.154016273702457
20,41,550.9814814814815,546.25,96.1837359783354,96.5440860034878,36.47608118563621,19.871801050606063
1,42,4875.88679245283,4826.292452830188,106.33467653385351,106.76820922131562,3.180796486470582,0.0
2,42,3871.607476635514,3831.5607476635514,101.47957559906314,101.88909977615452,4.199298262995014,3.180796486470582
3,42,1448.8971962616822,1434.3831775700935,95.01932145491159,95.42160140232505,5.272455687869069,4.199298262995014
4,42,2627.214953271028,2601.2897196261683,91.09148941374308,91.45246094180902,6.193740596260733,5.272455687869069
5,42,3332.504672897196,3299.0,88.22598493491091,88.56040563080596,7.05506785778168,6.193740596260733
6,42,706.9626168224299,699.6168224299065,86.27673098587563,86.63896601711151,7.953231296132531,7.05506785778168
7,42,576.2037037037037,570.5092592592592,85.31923966302956,85.66760404030165,9.018858595419156,7.953231296132531
8,42,423.05607476635515,418.85046728971963,82.53893085775816,82.84791261848373,9.988970078469205,9.018858595419156
9,42,597.6448598130842,591.4018691588785,83.08322015179608,83.42106807135852,10.72513829060439,9.988970078469205
10,42,426.6448598130841,422.06542056074767,85.5206879282692,85.87791216977419,11.48754368614339,10.72513829060439
11,42,436.1121495327103,431.9626168224299,84.39004185903708,84.69097702710907,12.092084039119785,11.48754368614339
12,42,454.10280373831773,449.4392523364486,83.12275896823031,83.45230409317784,12.748421000557512,12.092084039119785
13,42,409.33644859813086,405.3551401869159,85.76432182260032,86.14958594119031,13.501331419788942,12.748421000557512
14,42,504.27777777777777,499.287037037037,88.16917773842513,88.50961203615087,14.1931526288167,13.501331419788942
15,42,337.74766355140184,334.1214953271028,83.95490394820433,84.29760997028019,14.956788839614688,14.1931526288167
16,42,457.196261682243,452.4672897196262,87.23415076870872,87.55071059816854,15.829313623743104,14.956788839614688
17,42,336.2710280373832,333.0934579439252,83.14139368316461,83.45535369852428,16.715116260578437,15.829313623743104
18,42,571.9345794392524,566.4205607476636,86.09120173602732,86.43037104268964,18.154016273702457,16.715116260578437
19,42,325.7943925233645,322.50467289719626,86.02037897317334,86.34920771056326,19.871801050606063,18.154016273702457
20,42,550.175925925926,544.8333333333334,96.52327504383851,96.89617254194614,36.47608118563621,19.871801050606063
1,43,4885.367924528302,4835.773584905661,106.23646579092554,106.68674489165875,3.180796486470582,0.0
2,43,3867.663551401869,3829.1308411214955,101.46568786017596,101.86580552252498,4.199298262995014,3.180796486470582
3,43,1450.747663551402,1436.4766355140187,95.06169505279726,95.45598097564739,5.272455687869069,4.199298262995014
4,43,2630.1401869158876,2603.6728971962616,91.31363816950439,91.68577700372687,6.193740596260733,5.272455687869069
5,43,3323.7570093457944,3289.8691588785045,88.73415235661227,89.1358050042384,7.05506785778168,6.193740596260733
6,43,707.3831775700935,700.2710280373832,86.10580866137131,86.47258335755468,7.953231296132531,7.05506785778168
7,43,575.8518518518518,570.1111111111111,85.15409111291683,85.49725502967131,9.018858595419156,7.953231296132531
8,43,425.68224299065423,421.49532710280374,83.17183842976262,83.49171955813604,9.988970078469205,9.018858595419156
9,43,599.2336448598131,593.018691588785,83.54598937488974,83.8774763839548,10.72513829060439,9.988970078469205
10,43,423.4579439252336,418.97196261682245,85.57363056248785,85.92269385116654,11.48754368614339,10.72513829060439
11,43,438.04672897196264,433.70093457943926,84.37327148256838,84.70639823182941,12.092084039119785,11.48754368614339
12,43,452.4485981308411,447.5233644859813,83.69582495305434,84.06170135728642,12.748421000557512,12.092084039119785
13,43,411.39252336448595,407.4392523364486,85.49555971320808,85.85660389401087,13.501331419788942,12.748421000557512
14,43,498.6388888888889,493.85185185185185,88.18596786196146,88.50274247151123,14.1931526288167,13.501331419788942
15,43,337.196261682243,333.8317757009346,83.9732477884368,84.29993012989446,14.956788839614688,14.1931526288167
16,43,462.68224299065423,458.06542056074767,86.89080427668786,87.24455390959217,15.829313623743104,14.956788839614688
17,43,336.76635514018693,333.4018691588785,83.78876299118463,84.110228094334,16.715116260578437,15.829313623743104
18,43,571.626168224299,565.5420560747664,85.56702240272438,85.95217922711768,18.154016273702457,16.715116260578437
19,43,319.68224299065423,316.6355140186916,85.93712876329177,86.26611402825088,19.871801050606063,18.154016273702457
20,43,551.25,546.7592592592592,96.41414323818368,96.73658614774476,36.47608118563621,19.871801050606063
1,44,4884.575471698113,4834.8490566037735,106.18930881548224,106.64251636275523,3.180796486470582,0.0
2,44,3872.88785046729,3833.448598130841,101.58352151851291,101.99096705468193,4.199298262995014,3.180796486470582
3,44,1444.6168224299065,1429.4205607476636,95.35837848561751,95.75780407666578,5.272455687869069,4.199298262995014
4,44,2625.448598130841,2598.6355140186915,91.19106564572517,91.57233032682369,6.193740596260733,5.272455687869069
5,44,3331.1028037383176,3299.233644859813,88.36916655793323,88.73372021716544,7.05506785778168,6.193740596260733
6,44,706.4672897196261,699.1869158878504,86.01159236890004,86.37266177307572,7.953231296132531,7.05506785778168
7,44,574.1111111111111,568.75,84.83095019559849,85.14530181778764,9.018858595419156,7.953231296132531
8,44,424.97196261682245,420.61682242990656,83.2371018664885,83.58269435804507,9.988970078469205,9.018858595419156
9,44,601.4579439252336,595.3084112149533,83.36438392371858,83.69727704474889,10.72513829060439,9.988970078469205
10,44,428.6355140186916,424.5981308411215,85.37356367381966,85.68951866234555,11.48754368614339,10.72513829060439
11,44,442.7289719626168,438.0,84.14075154211251,84.49282247006845,12.092084039119785,11.48754368614339
12,44,451.95327102803736,447.38317757009344,83.48022829818079,83.8010630037246,12.748421000557512,12.092084039119785
13,44,410.67289719626166,406.76635514018693,85.52892702603737,85.84575817883753,13.501331419788942,12.748421000557512
14,44,502.30555555555554,497.3888888888889,87.95253296202884,88.29907567364656,14.1931526288167,13.501331419788942
15,44,332.9626168224299,329.5514018691589,84.16824988590947,84.53531838969496,14.956788839614688,14.1931526288167
16,44,461.803738317757,457.3457943925234,86.8976649698376,87.22844309648603,15.829313623743104,14.956788839614688
17,44,331.30841121495325,327.9065420560748,84.02507621475999,84.33087310597095,16.715116260578437,15.829313623743104
18,44,570.9626168224299,565.1869158878504,85.90555427394462,86.22340667701184,18.154016273702457,16.715116260578437
19,44,321.3738317757009,318.3738317757009,86.35885440495194,86.64505764723745,19.871801050606063,18.154016273702457
20,44,548.8055555555555,543.3703703703703,96.28116238193385,96.65112111996801,36.47608118563621,19.871801050606063
1,45,4876.405660377359,4825.8490566037735,106.22407224643888,106.65338342979713,3.180796486470582,0.0
2,45,3877.1869158878503,3838.9065420560746,101.57206073022478,101.98769457039948,4.199298262995014,3.180796486470582
3,45,1445.4766355140187,1430.5981308411215,95.6285695171137,96.01587441740357,5.272455687869069,4.199298262995014
4,45,2630.654205607477,2604.822429906542,91.53074448460947,91.93221924983857,6.193740596260733,5.272455687869069
5,45,3331.1495327102803,3297.588785046729,88.28232459678944,88.63337994766508,7.05506785778168,6.193740596260733
6,45,702.6915887850467,695.5794392523364,86.28118076496693,86.62289254122373,7.953231296132531,7.05506785778168
7,45,575.9074074074074,570.0370370370371,85.0393818963217,85.38931564958375,9.018858595419156,7.953231296132531
8,45,429.31775700934577,424.7102803738318,82.57584200086592,82.92516716246823,9.988970078469205,9.018858595419156
9,45,601.7383177570093,595.1775700934579,83.11730606393083,83.46757556966071,10.72513829060439,9.988970078469205
10,45,424.1869158878505,420.2897196261682,85.63120295958078,85.95813291845418,11.48754368614339,10.72513829060439
11,45,437.8130841121495,432.89719626168227,84.26324409344201,84.6171350022973,12.092084039119785,11.48754368614339
12,45,453.86915887850466,448.97196261682245,83.00869586669269,83.35564710057365,12.748421000557512,12.092084039119785
13,45,412.3738317757009,408.5420560747664,85.55922674280345,85.87926025198657,13.501331419788942,12.748421000557512
14,45,499.98148148148147,495.25925925925924,88.41969292645138,88.77441585901835,14.1931526288167,13.501331419788942
15,45,336.95327102803736,333.7196261682243,84.15712413633395,84.47317536359625,14.956788839614688,14.1931526288167
16,45,462.66355140186914,458.01869158878503,86.79761225116953,87.15040533558913,15.829313623743104,14.956788839614688
17,45,331.74766355140184,328.2429906542056,84.0847961845663,84.46852016228513,16.715116260578437,15.829313623743104
18,45,568.3551401869158,562.5607476635514,85.98525213035097,86.33418521490653,18.154016273702457,16.715116260578437
19,45,322.06542056074767,319.23364485981307,85.69398111717736,85.9839259738266,19.871801050606063,18.154016273702457
20,45,548.7777777777778,543.9351851851852,96.56977277432664,96.91726647295657,36.47608118563621,19.871801050606063
1,46,4874.858490566037,4825.7830188679245,106.1416525501908,106.56738200093746,3.180796486470582,0.0
2,46,3877.5233644859813,3837.9158878504672,101.58512135405962,102.02235685572046,4.199298262995014,3.180796486470582
3,46,1450.5046728971963,1435.271028037383,95.74076832542599,96.14158156573657,5.272455687869069,4.199298262995014
4,46,2623.9345794392525,2597.4766355140187,91.07773543961072,91.45415849704567,6.193740596260733,5.272455687869069
5,46,3334.6355140186915,3301.7196261682243,88.31721305627848,88.66543251005488,7.05506785778168,6.193740596260733
6,46,704.2990654205607,697.1308411214953,86.07931962550822,86.39425534118465,7.953231296132531,7.05506785778168
7,46,571.4166666666666,565.8611111111111,85.40759679918932,85.7308733461385,9.018858595419156,7.953231296132531
8,46,424.02803738317755,419.77570093457945,82.77472783236337,83.10377377743896,9.988970078469205,9.018858595419156
9,46,598.8130841121496,592.626168224299,83.06973493174793,83.41354233632897,10.72513829060439,9.988970078469205
10,46,429.7102803738318,425.1869158878505,85.5241473578575,85.88069317534601,11.48754368614339,10.72513829060439
11,46,438.9626168224299,434.61682242990656,84.35063592483253,84.65182588215431,12.092084039119785,11.48754368614339
12,46,455.93457943925233,451.5327102803738,82.68468361411794,83.0626038786107,12.748421000557512,12.092084039119785
13,46,412.78504672897196,408.32710280373834,85.3236275588774,85.72984801131982,13.501331419788942,12.748421000557512
14,46,499.31481481481484,494.31481481481484,88.3295747474459,88.69009445285992,14.1931526288167,13.501331419788942
15,46,337.33644859813086,333.9158878504673,84.03178165786781,84.40797824037841,14.956788839614688,14.1931526288167
16,46,457.2616822429907,452.76635514018693,87.22067111887262,87.53497964524269,15.829313623743104,14.956788839614688
17,46,332.5700934579439,329.68224299065423,84.04840404200377,84.37766730969892,16.715116260578437,15.829313623743104
18,46,570.8598130841121,565.196261682243,85.9691103199747,86.33722351763531,18.154016273702457,16.715116260578437
19,46,323.39252336448595,320.14953271028037,85.23730447518909,85.55519107676373,19.871801050606063,18.154016273702457
20,46,550.9351851851852,545.8888888888889,95.91478000084919,96.27511514210383,36.47608118563621,19.871801050606063
1,47,4878.301886792453,4827.773584905661,106.18238234455235,106.60978711175203,3.180796486470582,0.0
2,47,3881.3271028037384,3841.6822429906542,101.55267152692885,101.95997175997469,4.199298262995014,3.180796486470582
3,47,1447.785046728972,1432.747663551402,95.80594531125142,96.18095722823523,5.272455687869069,4.199298262995014
4,47,2633.158878504673,2606.6355140186915,91.46954954335206,91.81978471471032,6.193740596260733,5.272455687869069
5,47,3331.3644859813085,3298.214953271028,88.26521382483274,88.60274506915621,7.05506785778168,6.193740596260733
6,47,701.8504672897196,694.9626168224299,86.28482667919394,86.62764583588915,7.953231296132531,7.05506785778168
7,47,577.1203703703703,571.1666666666666,85.19989876550959,85.5520351871346,9.018858595419156,7.953231296132531
8,47,421.14953271028037,416.98130841121497,82.84950084703314,83.18534672202045,9.988970078469205,9.018858595419156
9,47,594.8598130841121,588.8878504672897,83.37562233208435,83.70188589922104,10.72513829060439,9.988970078469205
10,47,426.2803738317757,422.33644859813086,85.80631573416012,86.13296775260538,11.48754368614339,10.72513829060439
11,47,437.98130841121497,434.06542056074767,84.21292583687685,84.52975598266222,12.092084039119785,11.48754368614339
12,47,453.0747663551402,448.30841121495325,83.35633768214697,83.71493567720435,12.748421000557512,12.092084039119785
13,47,408.22429906542055,404.4859813084112,85.88279749812075,86.21602092799446,13.501331419788942,12.748421000557512
14,47,500.037037037037,495.0462962962963,88.39222256737297,88.74497181117975,14.1931526288167,13.501331419788942
15,47,336.61682242990656,333.4018691588785,84.35103531371331,84.66175764712274,14.956788839614688,14.1931526288167
16,47,458.3551401869159,453.7289719626168,87.43493548953587,87.78462601837863,15.829313623743104,14.956788839614688
17,47,332.0841121495327,328.86915887850466,83.69199553602606,84.00313462234296,16.715116260578437,15.829313623743104
18,47,571.5046728971963,565.981308411215,85.59886763989752,85.9352244185131,18.154016273702457,16.715116260578437
19,47,322.76635514018693,319.4859813084112,85.79099258529479,86.15145204165138,19.871801050606063,18.154016273702457
20,47,555.675925925926,550.675925925926,95.9778072143529,96.34567740127159,36.47608118563621,19.871801050606063
1,48,4873.981132075472,4824.16037735849,106.25409370780527,106.69023617261684,3.180796486470582,0.0
2,48,3878.6822429906542,3839.2242990654204,101.55402871801704,101.9648022474928,4.199298262995014,3.180796486470582
3,48,1451.4485981308412,1437.1028037383178,95.79531728238264,96.1765682696195,5.272455687869069,4.199298262995014
4,48,2622.299065420561,2596.2523364485983,91.44307611500308,91.82759025336857,6.193740596260733,5.272455687869069
5,48,3334.700934579439,3301.5233644859813,88.44310420292094,88.78894585552872,7.05506785778168,6.193740596260733
6,48,701.8785046728972,694.6448598130842,86.12048584536022,86.4749474730621,7.953231296132531,7.05506785778168
7,48,576.7592592592592,570.7407407407408,85.0486658506285,85.39247129365461,9.018858595419156,7.953231296132531
8,48,425.5981308411215,421.39252336448595,82.82088502086945,83.17167594677844,9.988970078469205,9.018858595419156
9,48,596.6448598130842,590.3457943925233,83.31498034774388,83.70116733236605,10.72513829060439,9.988970078469205
10,48,428.29906542056074,424.0093457943925,85.13667277512185,85.46568028514021,11.48754368614339,10.72513829060439
11,48,436.5140186915888,431.93457943925233,84.48825656742356,84.8615977477817,12.092084039119785,11.48754368614339
12,48,450.1869158878505,445.3738317757009,83.39674426856305,83.7441002313051,12.748421000557512,12.092084039119785
13,48,411.74766355140184,406.9626168224299,85.42641863793428,85.78692138072223,13.501331419788942,12.748421000557512
14,48,502.8703703703704,498.0462962962963,88.17326553978462,88.55048712137815,14.1931526288167,13.501331419788942
15,48,338.38317757009344,334.9626168224299,84.07993436711438,84.426941508685,14.956788839614688,14.1931526288167
16,48,462.8878504672897,458.9158878504673,87.00736653110533,87.30763172178604,15.829313623743104,14.956788839614688
17,48,333.0934579439252,329.98130841121497,84.20927706594212,84.53522762134246,16.715116260578437,15.829313623743104
18,48,569.5794392523364,563.5514018691589,85.97033435348206,86.32359870338719,18.154016273702457,16.715116260578437
19,48,322.9065420560748,319.4859813084112,86.2805982109415,86.62618250259827,19.871801050606063,18.154016273702457
20,48,551.4537037037037,546.6388888888889,96.43334193107036,96.7910239800319,36.47608118563621,19.871801050606063
1,49,4888.1509433962265,4837.981132075472,106.24395579565542,106.7022073369944,3.180796486470582,0.0
2,49,3868.700934579439,3829.5607476635514,101.56147464304495,101.97701897012367,4.199298262995014,3.180796486470582
3,49,1448.271028037383,1433.3364485981308,95.8483053901858,96.2199133294303,5.272455687869069,4.199298262995014
4,49,2626.2429906542056,2600.4766355140187,91.5387004287291,91.9862194698157,6.193740596260733,5.272455687869069
5,49,3339.2429906542056,3306.158878504673,88.5001297019672,88.86808859297523,7.05506785778168,6.193740596260733
6,49,703.6822429906542,696.8224299065421,86.14141764691264,86.49270255330788,7.953231296132531,7.05506785778168
7,49,574.0277777777778,568.2777777777778,85.23968112322491,85.59164902584469,9.018858595419156,7.953231296132531
8,49,422.30841121495325,417.9252336448598,83.42966252230376,83.75929474072501,9.988970078469205,9.018858595419156
9,49,598.2429906542056,591.803738317757,83.22900233988078,83.5595813386205,10.72513829060439,9.988970078469205
10,49,424.67289719626166,420.2056074766355,85.70217005730575,86.05104133263286,11.48754368614339,10.72513829060439
11,49,439.14953271028037,434.6542056074766,84.21693681555898,84.53907943202623,12.092084039119785,11.48754368614339
12,49,452.2897196261682,447.69158878504675,83.8232178672779,84.19870735996761,12.748421000557512,12.092084039119785
13,49,410.85981308411215,406.803738317757,85.52675985705086,85.89300297521162,13.501331419788942,12.748421000557512
14,49,501.1759259259259,495.73148148148147,88.30009817138358,88.69951682832382,14.1931526288167,13.501331419788942
15,49,335.2616822429907,331.8130841121495,83.96936040278705,84.29952333527558,14.956788839614688,14.1931526288167
16,49,462.61682242990656,457.8130841121495,86.96078723109785,87.30843019164416,15.829313623743104,14.956788839614688
17,49,334.4485981308411,331.04672897196264,83.95555204746152,84.36479677432092,16.715116260578437,15.829313623743104
18,49,569.8971962616822,564.4579439252336,86.50291273255225,86.8551968403198,18.154016273702457,16.715116260578437
19,49,320.8878504672897,317.74766355140184,85.84564207878398,86.19194100126838,19.871801050606063,18.154016273702457
20,49,549.824074074074,544.9074074074074,96.43618671766386,96.7868765180564,36.47608118563621,19.871801050606063
1,50,4875.594339622641,4826.7169811320755,106.2510645685811,106.67071876728946,3.180796486470582,0.0
2,50,3871.663551401869,3832.551401869159,101.40466941089312,101.81967800274062,4.199298262995014,3.180796486470582
3,50,1450.1682242990655,1435.3271028037384,95.56038965123818,95.9480692065439,5.272455687869069,4.199298262995014
4,50,2625.9345794392525,2599.03738317757,91.08230188857789,91.45789958947434,6.193740596260733,5.272455687869069
5,50,3330.0934579439254,3297.345794392523,88.7058783635283,89.05525698751642,7.05506785778168,6.193740596260733
6,50,705.588785046729,698.5046728971963,86.0780000741545,86.4165834614829,7.953231296132531,7.05506785778168
7,50,576.7685185185185,571.0370370370371,85.06695977598511,85.40364194958751,9.018858595419156,7.953231296132531
8,50,422.8317757009346,418.41121495327104,83.35814959042942,83.7113308932117,9.988970078469205,9.018858595419156
9,50,598.4766355140187,592.8785046728972,83.13739822788382,83.45846215732188,10.72513829060439,9.988970078469205
10,50,430.2710280373832,426.0093457943925,85.47379962260482,85.80466010382938,11.48754368614339,10.72513829060439
11,50,439.5700934579439,435.32710280373834,84.12733820455131,84.51933973802417,12.092084039119785,11.48754368614339
12,50,453.01869158878503,448.70093457943926,83.84794046265768,84.21507358195889,12.748421000557512,12.092084039119785
13,50,410.85046728971963,406.4672897196262,85.47650478804046,85.83090772922543,13.501331419788942,12.748421000557512
14,50,499.0925925925926,494.0740740740741,88.35104845426083,88.69348619507585,14.1931526288167,13.501331419788942
15,50,338.0934579439252,334.49532710280374,83.79497418609373,84.1629881584462,14.956788839614688,14.1931526288167
16,50,459.0747663551402,454.4485981308411,87.28182580790731,87.61289408783036,15.829313623743104,14.956788839614688
17,50,333.6355140186916,330.38317757009344,83.8853577883977,84.20641103330331,16.715116260578437,15.829313623743104
18,50,572.1495327102804,566.8971962616822,85.85703194148952,86.22664545212359,18.154016273702457,16.715116260578437
19,50,324.1588785046729,321.04672897196264,86.37719552778172,86.70029956079152,19.871801050606063,18.154016273702457
20,50,551.5185185185185,546.0833333333334,96.13597374261319,96.50840267898336,36.47608118563621,19.871801050606063
1,51,4869.858490566037,4820.018867924528,106.1608477921992,106.59967760771767,3.180796486470582,0.0
2,51,3863.457943925234,3824.1495327102803,101.63783243041127,102.04981738354554,4.199298262995014,3.180796486470582
3,51,1446.6635514018692,1431.7570093457944,95.83448618151495,96.22526620736487,5.272455687869069,4.199298262995014
4,51,2629.0186915887853,2603.2897196261683,91.2133546145644,91.5969896296535,6.193740596260733,5.272455687869069
5,51,3341.5607476635514,3308.4018691588785,88.38156333831944,88.72499105431899,7.05506785778168,6.193740596260733
6,51,704.3831775700935,697.5420560747664,86.04054604491328,86.37579701490678,7.953231296132531,7.05506785778168
7,51,572.3055555555555,566.6481481481482,85.37404303456627,85.72056820358529,9.018858595419156,7.953231296132531
8,51,425.2897196261682,420.95327102803736,82.75847257247575,83.09764914562615,9.988970078469205,9.018858595419156
9,51,598.626168224299,592.2523364485982,83.21495139912356,83.5110324236985,10.72513829060439,9.988970078469205
10,51,432.3457943925234,428.02803738317755,85.27037851368793,85.62227003014047,11.48754368614339,10.72513829060439
11,51,436.196261682243,431.7289719626168,84.67866851096584,84.98021342891451,12.092084039119785,11.48754368614339
12,51,457.68224299065423,453.2710280373832,83.34064409217343,83.67071848462706,12.748421000557512,12.092084039119785
13,51,412.04672897196264,407.8130841121495,85.5137747163327,85.87682736008964,13.501331419788942,12.748421000557512
14,51,501.1203703703704,496.1666666666667,88.11691339892833,88.47046269370952,14.1931526288167,13.501331419788942
15,51,340.0747663551402,336.4766355140187,84.02609536876707,84.35739298381972,14.956788839614688,14.1931526288167
16,51,462.0841121495327,457.85981308411215,86.84507488261416,87.17812129848339,15.829313623743104,14.956788839614688
17,51,332.1214953271028,328.5420560747664,84.22173483859596,84.59261619245852,16.715116260578437,15.829313623743104
18,51,571.4205607476636,565.8504672897196,85.96584977757153,86.28597899591873,18.154016273702457,16.715116260578437
19,51,323.803738317757,320.4392523364486,85.27066186606028,85.6092666726653,19.871801050606063,18.154016273702457
20,51,549.3611111111111,544.1851851851852,96.22577721036899,96.59971892877664,36.47608118563621,19.871801050606063
1,52,4883.830188679245,4834.679245283019,105.9665303502618,106.4117784352782,3.180796486470582,0.0
2,52,3879.644859813084,3839.8598130841124,101.48690268518097,101.92261007254646,4.199298262995014,3.180796486470582
3,52,1449.3364485981308,1434.177570093458,95.72637492731485,96.11909607526067,5.272455687869069,4.199298262995014
4,52,2626.9158878504672,2600.271028037383,91.40311723674648,91.7921734652419,6.193740596260733,5.272455687869069
5,52,3333.5140186915887,3300.3644859813085,88.47702664861613,88.82314063744472,7.05506785778168,6.193740596260733
6,52,707.2897196261682,700.3831775700935,85.98921824123146,86.34602929207747,7.953231296132531,7.05506785778168
7,52,575.8703703703703,570.1296296296297,85.38084652595911,85.73023023287651,9.018858595419156,7.953231296132531
8,52,419.1775700934579,415.0934579439252,83.18060214550381,83.50716445457647,9.988970078469205,9.018858595419156
9,52,594.9345794392524,589.2242990654206,83.64768711221977,83.9690871497929,10.72513829060439,9.988970078469205
10,52,428.1121495327103,423.60747663551405,85.52412197367491,85.85846021254085,11.48754368614339,10.72513829060439
11,52,435.76635514018693,431.4579439252336,84.44766954646542,84.79618657624577,12.092084039119785,11.48754368614339
12,52,457.1214953271028,452.5700934579439,83.48125223273277,83.84961562803193,12.748421000557512,12.092084039119785
13,52,408.61682242990656,404.3551401869159,85.70132532075264,86.02849089388336,13.501331419788942,12.748421000557512
14,52,499.712962962963,494.68518518518516,88.33504900593569,88.68099420729675,14.1931526288167,13.501331419788942
15,52,336.7383177570093,332.85981308411215,83.9489336190924,84.30769316142731,14.956788839614688,14.1931526288167
16,52,461.5420560747664,456.8878504672897,86.86619060589666,87.22586411094164,15.829313623743104,14.956788839614688
17,52,335.3644859813084,331.61682242990656,83.80543158035546,84.1530397716528,16.715116260578437,15.829313623743104
18,52,567.6168224299065,561.9532710280374,86.48020385863138,86.80618739473243,18.154016273702457,16.715116260578437
19,52,321.57943925233644,318.77570093457945,85.67840393158147,85.9924732099515,19.871801050606063,18.154016273702457
20,52,548.1111111111111,543.25,96.52479882227041,96.90374064112233,36.47608118563621,19.871801050606063
1,53,4875.566037735849,4825.877358490566,106.18900636521239,106.63565534067197,3.180796486470582,0.0
2,53,3877.9158878504672,3838.88785046729,101.478650302834,101.88518527235121,4.199298262995014,3.180796486470582
3,53,1445.1028037383178,1430.4766355140187,95.79821647535086,96.20056499646266,5.272455687869069,4.199298262995014
4,53,2622.373831775701,2596.5233644859813,91.38313053455163,91.769021923973,6.193740596260733,5.272455687869069
5,53,3330.8317757009345,3297.345794392523,87.93181769616592,88.29306072124561,7.05506785778168,6.193740596260733
6,53,697.0280373831775,690.0,86.322600218216,86.6693107338168,7.953231296132531,7.05506785778168
7,53,578.0462962962963,572.7870370370371,84.85746180448656,85.20467181264613,9.018858595419156,7.953231296132531
8,53,427.0373831775701,422.7570093457944,83.07061782805486,83.43590138418196,9.988970078469205,9.018858595419156
9,53,597.7289719626168,591.5607476635514,83.05388111210665,83.39316987054599,10.72513829060439,9.988970078469205
10,53,428.5420560747664,424.29906542056074,85.14122811082139,85.48902516458135,11.48754368614339,10.72513829060439
11,53,438.5514018691589,434.30841121495325,84.13325923235894,84.47585504248197,12.092084039119785,11.48754368614339
12,53,451.70093457943926,446.95327102803736,83.46003045407642,83.80193924364134,12.748421000557512,12.092084039119785
13,53,410.4766355140187,406.14018691588785,84.98645039848401,85.34474606694201,13.501331419788942,12.748421000557512
14,53,502.98148148148147,497.97222222222223,88.0588271717962,88.40892598335415,14.1931526288167,13.501331419788942
15,53,335.8878504672897,332.50467289719626,84.11831114029631,84.45954217792438,14.956788839614688,14.1931526288167
16,53,462.9626168224299,458.50467289719626,86.82831704634121,87.14756128821249,15.829313623743104,14.956788839614688
17,53,337.6261682242991,334.0841121495327,83.9147343917272,84.24528063311178,16.715116260578437,15.829313623743104
18,53,572.7196261682243,567.2429906542056,85.79358219793427,86.14075674820248,18.154016273702457,16.715116260578437
19,53,323.60747663551405,320.4859813084112,86.53463490555474,86.86941155352753,19.871801050606063,18.154016273702457
20,53,552.4907407407408,547.3333333333334,96.15270744298753,96.5550814910559,36.47608118563621,19.871801050606063
1,54,4879.745283018868,4830.3490566037735,106.28084839077232,106.7045207066639,3.180796486470582,0.0
2,54,3883.392523364486,3843.5981308411215,101.5598588531838,101.96409345037743,4.199298262995014,3.180796486470582
3,54,1440.8598130841121,1425.803738317757,95.80069495419211,96.19103688658365,5.272455687869069,4.199298262995014
4,54,2623.570093457944,2597.1308411214955,91.41967503026811,91.80382437631602,6.193740596260733,5.272455687869069
5,54,3329.8691588785045,3295.495327102804,88.53503281621346,88.94458309138966,7.05506785778168,6.193740596260733
6,54,704.0467289719626,696.6542056074767,85.9386366245585,86.30654305932002,7.953231296132531,7.05506785778168
7,54,574.675925925926,568.4907407407408,85.3927099286926,85.78543223663148,9.018858595419156,7.953231296132531
8,54,424.5327102803738,420.14018691588785,83.24224735212475,83.58465798785066,9.988970078469205,9.018858595419156
9,54,597.5700934579439,591.6355140186915,82.98800028411239,83.30442519132262,10.72513829060439,9.988970078469205
10,54,429.06542056074767,424.5327102803738,85.07653197093832,85.44663780130446,11.48754368614339,10.72513829060439
11,54,440.21495327102804,436.4392523364486,84.08814288917883,84.41957037354824,12.092084039119785,11.48754368614339
12,54,453.02803738317755,447.9065420560748,83.8156575426415,84.17177232992827,12.748421000557512,12.092084039119785
13,54,407.1214953271028,402.77570093457945,85.84529999635592,86.192837931167,13.501331419788942,12.748421000557512
14,54,501.19444444444446,496.3333333333333,88.31981413726646,88.66596451743756,14.1931526288167,13.501331419788942
15,54,335.61682242990656,332.50467289719626,84.07227311972349,84.38954522288113,14.956788839614688,14.1931526288167
16,54,464.1121495327103,459.23364485981307,87.1265577292128,87.48604811974899,15.829313623743104,14.956788839614688
17,54,334.86915887850466,331.32710280373834,84.06698225557003,84.41375467411699,16.715116260578437,15.829313623743104
18,54,572.6355140186915,567.2710280373832,85.93040452120687,86.26185902406498,18.154016273702457,16.715116260578437
19,54,321.22429906542055,318.01869158878503,85.50994219809752,85.88921588980843,19.871801050606063,18.154016273702457
20,54,551.9444444444445,546.7407407407408,96.09910247514328,96.46826747777352,36.47608118563621,19.871801050606063
1,55,4875.273584905661,4826.037735849057,106.25223310719764,106.69323299458982,3.180796486470582,0.0
2,55,3869.8317757009345,3830.4392523364486,101.43072746266836,101.83420959518308,4.199298262995014,3.180796486470582
3,55,1442.411214953271,1427.96261682243,95.55955756796685,95.93433775008013,5.272455687869069,4.199298262995014
4,55,2623.504672897196,2597.467289719626,91.08836621021322,91.46330514945443,6.193740596260733,5.272455687869069
5,55,3332.299065420561,3298.785046728972,88.14220342539211,88.5042371267856,7.05506785778168,6.193740596260733
6,55,707.4953271028037,700.3551401869158,85.93064043866042,86.31238753981495,7.953231296132531,7.05506785778168
7,55,576.6296296296297,570.925925925926,85.10093844978006,85.43621918974961,9.018858595419156,7.953231296132531
8,55,425.89719626168227,421.49532710280374,82.67461420249928,83.00157820773293,9.988970078469205,9.018858595419156
9,55,597.8971962616822,591.6542056074767,83.29198337344238,83.61843555148586,10.72513829060439,9.988970078469205
10,55,428.1214953271028,423.98130841121497,85.76143266534318,86.09051887631823,11.48754368614339,10.72513829060439
11,55,439.5327102803738,434.9158878504673,84.29922419075425,84.68837093674775,12.092084039119785,11.48754368614339
12,55,452.8878504672897,448.5700934579439,83.20075040830474,83.54040613386164,12.748421000557512,12.092084039119785
13,55,410.1775700934579,405.76635514018693,85.52798645512702,85.8903215229933,13.501331419788942,12.748421000557512
14,55,499.50925925925924,494.52777777777777,88.30175751637893,88.66311109190447,14.1931526288167,13.501331419788942
15,55,336.5981308411215,333.32710280373834,83.96477650235468,84.27034408163273,14.956788839614688,14.1931526288167
16,55,463.9906542056075,459.5233644859813,86.80649736893965,87.13226970119335,15.829313623743104,14.956788839614688
17,55,333.86915887850466,330.4485981308411,83.94631336300377,84.29987218057866,16.715116260578437,15.829313623743104
18,55,574.626168224299,568.8317757009346,86.38406667130003,86.7035987866956,18.154016273702457,16.715116260578437
19,55,323.89719626168227,320.57943925233644,86.40157740948318,86.7078796423944,19.871801050606063,18.154016273702457
20,55,554.1574074074074,549.0925925925926,96.21310154555522,96.56112208695602,36.47608118563621,19.871801050606063
1,56,4883.88679245283,4835.33962264151,106.07250618052974,106.49183110593783,3.180796486470582,0.0
2,56,3876.214953271028,3836.0186915887853,101.55015959966158,101.95790866422264,4.199298262995014,3.180796486470582
3,56,1448.0747663551401,1433.2429906542056,95.40986631887289,95.80556690395429,5.272455687869069,4.199298262995014
4,56,2616.4018691588785,2590.9439252336447,91.32268810881456,91.68878946398864,6.193740596260733,5.272455687869069
5,56,3330.5140186915887,3297.0186915887853,88.3590766272899,88.70791492256318,7.05506785778168,6.193740596260733
6,56,702.1308411214953,695.3831775700935,86.1780692166979,86.52294437410531,7.953231296132531,7.05506785778168
7,56,575.9074074074074,570.3796296296297,85.0832204966281,85.42537872024852,9.018858595419156,7.953231296132531
8,56,425.98130841121497,421.77570093457945,82.9609563711771,83.29521630743696,9.988970078469205,9.018858595419156
9,56,600.1495327102804,593.5981308411215,83.48909098927832,83.84779762256535,10.72513829060439,9.988970078469205
10,56,423.7102803738318,419.41121495327104,85.59255066216085,85.98900619327523,11.48754368614339,10.72513829060439
11,56,438.14018691588785,434.01869158878503,84.54663075478149,84.84421731098602,12.092084039119785,11.48754368614339
12,56,459.8411214953271,454.97196261682245,83.44920224099224,83.80392592178877,12.748421000557512,12.092084039119785
13,56,410.7196261682243,406.6448598130841,85.29237133099542,85.62464802420014,13.501331419788942,12.748421000557512
14,56,496.49074074074076,490.99074074074076,88.4903578878115,88.84491200889526,14.1931526288167,13.501331419788942
15,56,335.2897196261682,331.803738317757,84.20634220658388,84.53079252952486,14.956788839614688,14.1931526288167
16,56,465.21495327102804,460.74766355140184,86.87491828300273,87.22790897861282,15.829313623743104,14.956788839614688
17,56,336.76635514018693,333.50467289719626,83.69199512590558,84.01854429978559,16.715116260578437,15.829313623743104
18,56,571.6542056074767,565.5700934579439,86.19416143107036,86.59302672242191,18.154016273702457,16.715116260578437
19,56,322.13084112149534,319.0841121495327,85.89742020621303,86.22487406826494,19.871801050606063,18.154016273702457
20,56,549.9166666666666,545.1111111111111,95.76297999516238,96.10935455287984,36.47608118563621,19.871801050606063
1,57,4881.311320754717,4830.8490566037735,106.139097688252,106.58213715640628,3.180796486470582,0.0
2,57,3873.0560747663553,3832.9345794392525,101.50500899941275,101.9312628889827,4.199298262995014,3.180796486470582
3,57,1440.8411214953271,1426.9158878504672,95.93229583669631,96.30571841778631,5.272455687869069,4.199298262995014
4,57,2622.766355140187,2596.233644859813,91.38261656699285,91.77285639646733,6.193740596260733,5.272455687869069
5,57,3336.6728971962616,3303.271028037383,88.30816491494856,88.65418453807673,7.05506785778168,6.193740596260733
6,57,705.1495327102804,697.9532710280374,85.9299618043649,86.3025075187283,7.953231296132531,7.05506785778168
7,57,574.1481481481482,568.7222222222222,84.86819980808775,85.17640153867181,9.018858595419156,7.953231296132531
8,57,424.8785046728972,420.2803738317757,82.57310302712771,82.9279577293288,9.988970078469205,9.018858595419156
9,57,599.5700934579439,593.7102803738318,83.16084000997961,83.45440856253677,10.72513829060439,9.988970078469205
10,57,426.3738317757009,421.8224299065421,85.59157023285366,85.93386507592172,11.48754368614339,10.72513829060439
11,57,440.29906542056074,435.21495327102804,84.3657522998794,84.78895295900519,12.092084039119785,11.48754368614339
12,57,453.05607476635515,448.5233644859813,83.44199813638247,83.76882077456884,12.748421000557512,12.092084039119785
13,57,412.1775700934579,407.97196261682245,85.60695884623904,85.95761857478664,13.501331419788942,12.748421000557512
14,57,503.8425925925926,499.25,88.10308623324651,88.41827169942692,14.1931526288167,13.501331419788942
15,57,335.5514018691589,332.14953271028037,83.96712094947802,84.35090527634134,14.956788839614688,14.1931526288167
16,57,461.196261682243,456.6261682242991,86.75384517381585,87.06200966415594,15.829313623743104,14.956788839614688
17,57,337.86915887850466,334.6355140186916,82.8820088656555,83.17834127153935,16.715116260578437,15.829313623743104
18,57,567.5981308411215,561.8785046728972,86.20436137902182,86.56201959855599,18.154016273702457,16.715116260578437
19,57,323.95327102803736,320.5327102803738,86.02272849099371,86.37749893189095,19.871801050606063,18.154016273702457
20,57,548.675925925926,543.7407407407408,96.31675610349181,96.66244906598014,36.47608118563621,19.871801050606063
1,58,4881.811320754717,4831.556603773585,106.0838098505577,106.52290128396717,3.180796486470582,0.0
2,58,3868.214953271028,3829.0186915887853,101.51379671553023,101.92988133040764,4.199298262995014,3.180796486470582
3,58,1443.5233644859813,1428.8317757009345,95.60893693269107,96.0137250452174,5.272455687869069,4.199298262995014
4,58,2629.5607476635514,2603.8130841121497,91.29384027091966,91.69338932976898,6.193740596260733,5.272455687869069
5,58,3328.2056074766356,3294.4018691588785,88.20660647345797,88.55793841182326,7.05506785778168,6.193740596260733
6,58,708.2429906542056,701.0747663551402,85.89678332327505,86.231752360803,7.953231296132531,7.05506785778168
7,58,578.824074074074,573.0185185185185,84.9305485439185,85.26870724051281,9.018858595419156,7.953231296132531
8,58,427.76635514018693,423.5420560747664,83.0388529716812,83.35407791735601,9.988970078469205,9.018858595419156
9,58,596.9345794392524,590.8878504672897,83.55710085315437,83.87513880200952,10.72513829060439,9.988970078469205
10,58,428.9065420560748,424.3551401869159,85.5348198725572,85.85709656976202,11.48754368614339,10.72513829060439
11,58,436.04672897196264,431.3457943925234,84.37344126241122,84.70910630886162,12.092084039119785,11.48754368614339
12,58,452.4018691588785,447.97196261682245,83.65864720134097,83.96521898438198,12.748421000557512,12.092084039119785
13,58,410.60747663551405,406.0841121495327,85.40225521908029,85.73513590536604,13.501331419788942,12.748421000557512
14,58,502.35185185185185,497.3796296296296,88.23872787220263,88.61774480104062,14.1931526288167,13.501331419788942
15,58,335.6542056074766,332.30841121495325,84.18335569665575,84.52614960124914,14.956788839614688,14.1931526288167
16,58,459.10280373831773,454.38317757009344,87.41565740941203,87.78995857559588,15.829313623743104,14.956788839614688
17,58,338.9252336448598,335.66355140186914,83.73378130721316,84.07377947671193,16.715116260578437,15.829313623743104
18,58,568.6448598130842,562.392523364486,86.18855302007954,86.57262502488389,18.154016273702457,16.715116260578437
19,58,325.1682242990654,321.7102803738318,85.16150235872936,85.48332338461202,19.871801050606063,18.154016273702457
20,58,548.2314814814815,543.5,96.49190923730765,96.81863702047278,36.47608118563621,19.871801050606063
1,59,4877.556603773585,4828.235849056604,106.21588716412218,106.64294344967189,3.180796486470582,0.0
2,59,3874.392523364486,3835.214953271028,101.40571961881105,101.80830047421193,4.199298262995014,3.180796486470582
3,59,1442.177570093458,1427.8878504672898,95.58609124660255,95.97048626045837,5.272455687869069,4.199298262995014
4,59,2626.504672897196,2600.0467289719627,91.38108306568235,91.73606944942001,6.193740596260733,5.272455687869069
5,59,3322.644859813084,3290.355140186916,88.46787085080653,88.79882663800966,7.05506785778168,6.193740596260733
6,59,704.5327102803739,697.4953271028037,86.10199595546241,86.47102769731293,7.953231296132531,7.05506785778168
7,59,573.75,568.2777777777778,85.24209385837882,85.5802557158522,9.018858595419156,7.953231296132531
8,59,421.94392523364485,417.68224299065423,83.25690033449494,83.5927073980379,9.988970078469205,9.018858595419156
9,59,602.7570093457944,597.1214953271028,83.43096480481827,83.71860299607599,10.72513829060439,9.988970078469205
10,59,427.85046728971963,423.67289719626166,85.45215707795502,85.81337002320109,11.48754368614339,10.72513829060439
11,59,439.4018691588785,435.1214953271028,84.0726429862996,84.4127106785088,12.092084039119785,11.48754368614339
12,59,453.50467289719626,449.21495327102804,83.52082412871391,83.82442910239932,12.748421000557512,12.092084039119785
13,59,408.2429906542056,403.9626168224299,85.88395042809299,86.25387831614471,13.501331419788942,12.748421000557512
14,59,503.9259259259259,499.0833333333333,88.18006341387101,88.51771783757937,14.1931526288167,13.501331419788942
15,59,339.0,335.77570093457945,83.95109798017435,84.27608828945267,14.956788839614688,14.1931526288167
16,59,465.6542056074766,460.97196261682245,86.76738409203364,87.12728932103695,15.829313623743104,14.956788839614688
17,59,336.3457943925234,332.78504672897196,83.82445981542668,84.1525318288325,16.715116260578437,15.829313623743104
18,59,573.3364485981308,568.1775700934579,86.04531320358176,86.38292805549533,18.154016273702457,16.715116260578437
19,59,325.4299065420561,322.50467289719626,85.77597268099868,86.12513177387194,19.871801050606063,18.154016273702457
20,59,550.9444444444445,545.6574074074074,96.44804709221843,96.8034750157406,36.47608118563621,19.871801050606063
1,60,4880.169811320755,4831.396226415094,106.24525196277104,106.67753537686959,3.180796486470582,0.0
2,60,3874.1401869158876,3834.158878504673,101.50309768161424,101.92970417305754,4.199298262995014,3.180796486470582
3,60,1444.8130841121495,1429.8785046728972,95.96688615934892,96.35581342251464,5.272455687869069,4.199298262995014
4,60,2627.0467289719627,2600.803738317757,91.52162052708185,91.88427244042951,6.193740596260733,5.272455687869069
5,60,3336.0467289719627,3302.158878504673,88.54572775468816,88.88273663726066,7.05506785778168,6.193740596260733
6,60,701.0934579439253,693.2523364485982,86.13558172662464,86.51707835894621,7.953231296132531,7.05506785778168
7,60,577.2592592592592,571.574074074074,84.9994199433189,85.33317318759686,9.018858595419156,7.953231296132531
8,60,422.86915887850466,418.4018691588785,83.33529477735901,83.67491658143643,9.988970078469205,9.018858595419156
9,60,596.7943925233645,590.7196261682243,83.12612488484932,83.46357786269742,10.72513829060439,9.988970078469205
10,60,429.61682242990656,425.10280373831773,85.4082746718237,85.7572612544747,11.48754368614339,10.72513829060439
11,60,437.74766355140184,433.3457943925234,84.18883159004882,84.5576444655349,12.092084039119785,11.48754368614339
12,60,453.3644859813084,448.85046728971963,83.63952725254975,84.0588297952202,12.748421000557512,12.092084039119785
13,60,409.61682242990656,405.5140186915888,85.71304746548645,86.0425628111001,13.501331419788942,12.748421000557512
14,60,500.43518518518516,495.1574074074074,88.29285675926147,88.68006267114771,14.1931526288167,13.501331419788942
15,60,335.23364485981307,332.3644859813084,83.62370940110064,83.90039547523253,14.956788839614688,14.1931526288167
16,60,468.2803738317757,463.5514018691589,86.60775747421108,86.9575567583196,15.829313623743104,14.956788839614688
17,60,331.85046728971963,328.4485981308411,84.18168884001285,84.52986039188724,16.715116260578437,15.829313623743104
18,60,567.8878504672897,562.2336448598131,85.89952189474819,86.22626307318723,18.154016273702457,16.715116260578437
19,60,323.6261682242991,320.22429906542055,85.55559849820305,85.89672942351233,19.871801050606063,18.154016273702457
20,60,550.8703703703703,545.8888888888889,96.16714472235827,96.52197501668864,36.47608118563621,19.871801050606063
1,61,4879.547169811321,4830.028301886792,106.31068190563724,106.73981714508456,3.180796486470582,0.0
2,61,3886.121495327103,3847.570093457944,101.55681529658634,101.95347861989468,4.199298262995014,3.180796486470582
3,61,1442.1214953271028,1427.6728971962616,95.71229246380685,96.09499012967346,5.272455687869069,4.199298262995014
4,61,2616.1401869158876,2588.0654205607475,91.41312656156737,91.82059719567599,6.193740596260733,5.272455687869069
5,61,3334.9813084112147,3301.355140186916,88.15637980554605,88.54800303249246,7.05506785778168,6.193740596260733
6,61,704.6915887850467,697.2710280373832,85.85638672989211,86.21112411465147,7.953231296132531,7.05506785778168
7,61,572.2222222222222,566.8518518518518,85.61791719800736,85.93763065522361,9.018858595419156,7.953231296132531
8,61,421.9065420560748,417.68224299065423,83.22850174234242,83.55213110822724,9.988970078469205,9.018858595419156
9,61,597.7476635514018,591.9345794392524,83.60860617824325,83.98755523302705,10.72513829060439,9.988970078469205
10,61,427.5981308411215,423.2897196261682,85.39045510842303,85.74165653608748,11.48754368614339,10.72513829060439
11,61,437.1682242990654,433.2803738317757,84.56705317008596,84.87790206181705,12.092084039119785,11.48754368614339
12,61,453.0841121495327,448.49532710280374,83.60244819056041,83.93288517138025,12.748421000557512,12.092084039119785
13,61,409.57943925233644,405.3457943925234,85.33694480723241,85.67896155398037,13.501331419788942,12.748421000557512
14,61,501.6759259259259,496.25925925925924,88.52194473523579,88.91697083824383,14.1931526288167,13.501331419788942
15,61,336.2710280373832,332.85046728971963,84.38539126879321,84.74019635752784,14.956788839614688,14.1931526288167
16,61,463.93457943925233,459.69158878504675,86.83388353148982,87.14495118147822,15.829313623743104,14.956788839614688
17,61,335.8785046728972,332.5233644859813,83.5863902332805,83.90415286963199,16.715116260578437,15.829313623743104
18,61,575.626168224299,569.6168224299065,86.07257496531305,86.42752524510061,18.154016273702457,16.715116260578437
19,61,319.98130841121497,317.14018691588785,86.17117576683266,86.47438717717972,19.871801050606063,18.154016273702457
20,61,553.5370370370371,548.9166666666666,96.33740116025513,96.67098777232712,36.47608118563621,19.871801050606063
1,62,4876.990566037736,4827.88679245283,106.15036880173771,106.58395523845593,3.180796486470582,0.0
2,62,3877.92523364486,3840.551401869159,101.7180955342929,102.11636363263185,4.199298262995014,3.180796486470582
3,62,1449.8598130841121,1435.03738317757,95.76490222077574,96.14404374966693,5.272455687869069,4.199298262995014
4,62,2628.644859813084,2601.6168224299067,91.18249993337241,91.58294195883936,6.193740596260733,5.272455687869069
5,62,3332.457943925234,3299.3644859813085,88.30479382333031,88.68561210176095,7.05506785778168,6.193740596260733
6,62,704.7102803738318,697.2056074766355,86.21933870948565,86.5729807153905,7.953231296132531,7.05506785778168
7,62,577.4351851851852,571.6944444444445,85.04541991394316,85.36699806367064,9.018858595419156,7.953231296132531
8,62,423.50467289719626,419.13084112149534,82.70409757737224,83.02857118293954,9.988970078469205,9.018858595419156
9,62,594.5140186915888,588.5046728971963,83.64668695850666,83.96692137592744,10.72513829060439,9.988970078469205
10,62,425.4299065420561,421.1214953271028,85.61024619725059,85.94313968139512,11.48754368614339,10.72513829060439
11,62,438.69158878504675,434.1121495327103,84.16851818906324,84.52523721577252,12.092084039119785,11.48754368614339
12,62,450.7383177570093,446.0934579439252,83.45148557937378,83.7567575205249,12.748421000557512,12.092084039119785
13,62,410.2056074766355,406.22429906542055,86.01954242003868,86.34832337296713,13.501331419788942,12.748421000557512
14,62,502.43518518518516,497.6296296296296,88.40228025150456,88.7388315810727,14.1931526288167,13.501331419788942
15,62,335.8411214953271,332.5514018691589,83.88127202138719,84.18968101287442,14.956788839614688,14.1931526288167
16,62,463.2429906542056,458.6261682242991,86.7294029132608,87.10945866803839,15.829313623743104,14.956788839614688
17,62,334.86915887850466,331.57943925233644,84.25014048124093,84.55069141936941,16.715116260578437,15.829313623743104
18,62,571.2056074766355,565.6542056074767,85.82474284035357,86.1399785839497,18.154016273702457,16.715116260578437
19,62,321.5140186915888,318.6542056074766,86.20107469854207,86.5542866692086,19.871801050606063,18.154016273702457
20,62,548.8796296296297,544.0185185185185,96.64936793232899,97.03629745519646,36.47608118563621,19.871801050606063
1,63,4867.83962264151,4818.264150943396,106.37068006940122,106.81200750967525,3.180796486470582,0.0
2,63,3885.9345794392525,3845.92523364486,101.4263016276892,101.8421804978121,4.199298262995014,3.180796486470582
3,63,1443.4953271028037,1429.0093457943926,95.6695528013343,96.06038536794202,5.272455687869069,4.199298262995014
4,63,2625.9532710280373,2600.2242990654204,91.13979799952196,91.50204000046998,6.193740596260733,5.272455687869069
5,63,3326.8598130841124,3293.9813084112147,88.39070468905123,88.76366009393541,7.05506785778168,6.193740596260733
6,63,704.1028037383178,697.5700934579439,86.23564338718391,86.55714956514973,7.953231296132531,7.05506785778168
7,63,577.8981481481482,571.9351851851852,85.14922847985218,85.4850329144271,9.018858595419156,7.953231296132531
8,63,424.5420560747664,420.42056074766356,83.29478801508236,83.62425808901726,9.988970078469205,9.018858595419156
9,63,600.3271028037383,593.9252336448598,83.4313955105414,83.8298352552912,10.72513829060439,9.988970078469205
10,63,427.25233644859816,423.2803738317757,85.3613502122498,85.67764999243785,11.48754368614339,10.72513829060439
11,63,435.7943925233645,431.50467289719626,84.51255111217114,84.85374974092512,12.092084039119785,11.48754368614339
12,63,450.3457943925234,445.9065420560748,83.60461263962826,83.90646596509481,12.748421000557512,12.092084039119785
13,63,409.68224299065423,405.39252336448595,85.5334577713846,85.87332141823107,13.501331419788942,12.748421000557512
14,63,505.18518518518516,500.18518518518516,87.86207718138533,88.20221896592814,14.1931526288167,13.501331419788942
15,63,337.5140186915888,334.22429906542055,83.86945793686158,84.18917038764152,14.956788839614688,14.1931526288167
16,63,464.38317757009344,459.7102803738318,86.9070290539137,87.23071525697485,15.829313623743104,14.956788839614688
17,63,334.39252336448595,331.1682242990654,84.22929163067768,84.56400612962872,16.715116260578437,15.829313623743104
18,63,572.9252336448598,567.1682242990654,86.19975415017254,86.54664647136835,18.154016273702457,16.715116260578437
19,63,322.8224299065421,319.74766355140184,86.50909735791939,86.8446768666355,19.871801050606063,18.154016273702457
20,63,551.4629629629629,546.6388888888889,96.48901391475141,96.83371176411917,36.47608118563621,19.871801050606063
1,64,4889.056603773585,4838.396226415094,106.10873939263143,106.55219513062926,3.180796486470582,0.0
2,64,3876.4018691588785,3837.9719626168226,101.54972251851964,101.96561880056265,4.199298262995014,3.180796486470582
3,64,1445.4953271028037,1430.4485981308412,95.67234541715199,96.04273699168625,5.272455687869069,4.199298262995014
4,64,2623.691588785047,2597.3644859813085,91.64807356483539,92.03725163680286,6.193740596260733,5.272455687869069
5,64,3332.5140186915887,3299.785046728972,88.65563894627823,89.03249051975186,7.05506785778168,6.193740596260733
6,64,699.5420560747664,692.3084112149533,86.36489337132133,86.7209599665074,7.953231296132531,7.05506785778168
7,64,576.1111111111111,570.4629629629629,84.47285410512204,84.83298023621117,9.018858595419156,7.953231296132531
8,64,424.66355140186914,420.0747663551402,83.27191322547347,83.63924688406917,9.988970078469205,9.018858595419156
9,64,598.7383177570093,593.3177570093458,83.62010830178785,83.94995725874503,10.72513829060439,9.988970078469205
10,64,427.3457943925234,423.21495327102804,85.51831444664545,85.87691473206863,11.48754368614339,10.72513829060439
11,64,438.49532710280374,434.6355140186916,84.41749689611346,84.75400392919592,12.092084039119785,11.48754368614339
12,64,451.3457943925234,446.76635514018693,83.61878049463955,83.96118056870311,12.748421000557512,12.092084039119785
13,64,412.89719626168227,408.69158878504675,85.21906717767604,85.0328527772655,13.501331419788942,12.748421000557512
14,64,498.6203703703704,493.39814814814815,88.30317461689611,88.66123873630892,14.1931526288167,13.501331419788942
15,64,335.02803738317755,331.66355140186914,84.70139465279341,85.02361445519297,14.956788839614688,14.1931526288167
16,64,463.70093457943926,458.9906542056075,86.71445230595947,87.0396677958138,15.829313623743104,14.956788839614688
17,64,335.5700934579439,332.1588785046729,84.16055058542845,84.56592608734096,16.715116260578437,15.829313623743104
18,64,567.1495327102804,561.4859813084112,86.53190554322539,86.85779776786171,18.154016273702457,16.715116260578437
19,64,324.5233644859813,320.97196261682245,85.96222183010985,86.30646399981275,19.871801050606063,18.154016273702457
20,64,549.2685185185185,544.1666666666666,96.20063838609578,96.54966536633962,36.47608118563621,19.871801050606063
1,65,4882.622641509434,4832.981132075472,106.23408559991792,106.67499910546805,3.180796486470582,0.0
2,65,3880.233644859813,3840.626168224299,101.59503698002821,102.02618621145504,4.199298262995014,3.180796486470582
3,65,1448.214953271028,1433.2897196261683,95.6288676532111,96.04370287258759,5.272455687869069,4.199298262995014
4,65,2618.2803738317757,2592.214953271028,91.21474152288387,91.59535398068174,6.193740596260733,5.272455687869069
5,65,3333.0654205607475,3298.7383177570096,88.48121337350157,88.85740700195542,7.05506785778168,6.193740596260733
6,65,703.2429906542056,696.0654205607476,86.13158040159861,86.49606324426497,7.953231296132531,7.05506785778168
7,65,576.0833333333334,569.9814814814815,85.06502327126655,85.45324172168546,9.018858595419156,7.953231296132531
8,65,423.3644859813084,419.10280373831773,82.40930543422931,82.73961870383798,9.988970078469205,9.018858595419156
9,65,599.0934579439253,593.018691588785,83.91569039155769,84.26168384765865,10.72513829060439,9.988970078469205
10,65,427.3551401869159,422.94392523364485,85.39516110109895,85.75133852110534,11.48754368614339,10.72513829060439
11,65,436.7570093457944,432.1869158878505,84.11469490070806,84.50946531811476,12.092084039119785,11.48754368614339
12,65,452.7570093457944,448.41121495327104,83.37064203275119,83.69020362097808,12.748421000557512,12.092084039119785
13,65,408.85981308411215,404.97196261682245,85.59427784751121,85.8996360033034,13.501331419788942,12.748421000557512
14,65,498.9259259259259,494.05555555555554,88.2581117415493,88.62750947208514,14.1931526288167,13.501331419788942
15,65,338.05607476635515,334.86915887850466,84.19266890031336,84.51508108244202,14.956788839614688,14.1931526288167
16,65,462.5607476635514,457.5700934579439,87.15301332239375,87.5261307500525,15.829313623743104,14.956788839614688
17,65,333.9065420560748,330.5327102803738,83.80255303287964,84.12917596778978,16.715116260578437,15.829313623743104
18,65,573.7476635514018,568.0,85.81583324429783,86.17599761394348,18.154016273702457,16.715116260578437
19,65,322.4018691588785,319.4859813084112,85.91920855689042,86.25270363567968,19.871801050606063,18.154016273702457
20,65,549.3148148148148,544.3888888888889,96.26472893993794,96.62867837466064,36.47608118563621,19.871801050606063
1,66,4867.858490566037,4818.009433962264,106.20809797136553,106.64818722667952,3.180796486470582,0.0
2,66,3880.2803738317757,3841.785046728972,101.41247849363796,101.80438653459197,4.199298262995014,3.180796486470582
3,66,1441.9158878504672,1426.96261682243,95.1964571815109,95.59750496930653,5.272455687869069,4.199298262995014
4,66,2625.336448598131,2598.92523364486,91.26930461847734,91.6844138965303,6.193740596260733,5.272455687869069
5,66,3334.9345794392525,3303.0186915887853,88.23866650476111,88.59284319392926,7.05506785778168,6.193740596260733
6,66,705.411214953271,698.0654205607476,86.13492727608724,86.50164279367561,7.953231296132531,7.05506785778168
7,66,575.3148148148148,569.6388888888889,85.1438884122358,85.49071619854669,9.018858595419156,7.953231296132531
8,66,423.4859813084112,419.1588785046729,83.07409815263175,83.40354045222382,9.988970078469205,9.018858595419156
9,66,595.8878504672897,590.3551401869158,83.67955178540015,83.99177081402344,10.72513829060439,9.988970078469205
10,66,426.9065420560748,422.5514018691589,85.44330588453876,85.77032481516592,11.48754368614339,10.72513829060439
11,66,437.01869158878503,432.9158878504673,84.36245035421823,84.67973731647146,12.092084039119785,11.48754368614339
12,66,456.9158878504673,452.3551401869159,83.16718798863754,83.53329115338114,12.748421000557512,12.092084039119785
13,66,412.0934579439252,407.7383177570093,85.40193614097126,85.76257192924204,13.501331419788942,12.748421000557512
14,66,500.8796296296296,495.6388888888889,88.32221999983943,88.69367195005253,14.1931526288167,13.501331419788942
15,66,339.10280373831773,335.7383177570093,83.87682845498531,84.19158581536892,14.956788839614688,14.1931526288167
16,66,462.25233644859816,457.3457943925234,86.65323479675115,86.99125059568125,15.829313623743104,14.956788839614688
17,66,334.3551401869159,330.93457943925233,84.24234723424999,84.57670808612575,16.715116260578437,15.829313623743104
18,66,571.196261682243,565.9626168224299,86.00543291948541,86.33082674645831,18.154016273702457,16.715116260578437
19,66,324.14018691588785,320.9252336448598,85.09525679070782,85.42844689856555,19.871801050606063,18.154016273702457
20,66,553.6111111111111,548.4629629629629,96.19306089525051,96.5615215333965,36.47608118563621,19.871801050606063
1,67,4876.509433962264,4826.962264150943,106.1823404315522,106.62318867095142,3.180796486470582,0.0
2,67,3883.841121495327,3845.1308411214955,101.68956584967785,102.10443106179682,4.199298262995014,3.180796486470582
3,67,1450.7383177570093,1436.018691588785,95.6545742126781,96.04210873942517,5.272455687869069,4.199298262995014
4,67,2628.542056074766,2602.542056074766,91.00013020362614,91.36233304744678,6.193740596260733,5.272455687869069
5,67,3322.0654205607475,3288.392523364486,88.31054125174123,88.66301425664659,7.05506785778168,6.193740596260733
6,67,704.2990654205607,697.4859813084112,86.08575585400942,86.42678893944502,7.953231296132531,7.05506785778168
7,67,573.9074074074074,568.0370370370371,85.0650834002573,85.42644090164828,9.018858595419156,7.953231296132531
8,67,424.7102803738318,420.67289719626166,82.68331179927101,83.00542251767995,9.988970078469205,9.018858595419156
9,67,597.8504672897196,591.4859813084112,83.15532760834479,83.49732285212909,10.72513829060439,9.988970078469205
10,67,428.1121495327103,423.49532710280374,84.93121286854075,85.27828197794,11.48754368614339,10.72513829060439
11,67,437.5140186915888,433.30841121495325,84.74201730553983,85.06747020906688,12.092084039119785,11.48754368614339
12,67,453.61682242990656,448.76635514018693,83.40956130124631,83.73253949757841,12.748421000557512,12.092084039119785
13,67,406.78504672897196,403.0373831775701,85.55813203914367,85.89446828848786,13.501331419788942,12.748421000557512
14,67,502.05555555555554,496.6666666666667,88.1840517537785,88.57011015400676,14.1931526288167,13.501331419788942
15,67,337.7943925233645,334.67289719626166,84.12033319133728,84.43536708900994,14.956788839614688,14.1931526288167
16,67,463.5140186915888,458.5327102803738,87.05987021940432,87.41717695844841,15.829313623743104,14.956788839614688
17,67,334.6448598130841,331.2429906542056,84.39791038176988,84.73550217772626,16.715116260578437,15.829313623743104
18,67,571.607476635514,565.6822429906542,85.51854011711568,85.8601609087149,18.154016273702457,16.715116260578437
19,67,322.196261682243,319.21495327102804,85.88393712881765,86.20625868747284,19.871801050606063,18.154016273702457
20,67,549.175925925926,544.3055555555555,95.82079870343797,96.17521644312247,36.47608118563621,19.871801050606063
1,68,4873.066037735849,4824.141509433963,106.13664894903694,106.55138758339191,3.180796486470582,0.0
2,68,3877.766355140187,3838.766355140187,101.59181798825112,102.01404433171074,4.199298262995014,3.180796486470582
3,68,1445.4953271028037,1430.7570093457944,95.6035662977251,95.97579917913484,5.272455687869069,4.199298262995014
4,68,2631.654205607477,2605.7383177570096,91.1828930471046,91.5337909309373,6.193740596260733,5.272455687869069
5,68,3327.542056074766,3293.8691588785045,88.54253379024111,88.89592644247467,7.05506785778168,6.193740596260733
6,68,708.5981308411215,701.0747663551402,85.87361776674359,86.27524862110155,7.953231296132531,7.05506785778168
7,68,575.5185185185185,569.5648148148148,85.06731474625188,85.40474158371627,9.018858595419156,7.953231296132531
8,68,425.25233644859816,420.67289719626166,83.15122080063946,83.50264059400821,9.988970078469205,9.018858595419156
9,68,599.5700934579439,593.5233644859813,83.51769590485723,83.8403651520812,10.72513829060439,9.988970078469205
10,68,427.3457943925234,423.04672897196264,84.9935473651068,85.33602666877717,11.48754368614339,10.72513829060439
11,68,438.0841121495327,433.1869158878505,84.2105676549001,84.56835278938368,12.092084039119785,11.48754368614339
12,68,455.50467289719626,450.9065420560748,83.11892221563674,83.42829358481441,12.748421000557512,12.092084039119785
13,68,409.4392523364486,405.5327102803738,85.8472103041039,86.20585889524745,13.501331419788942,12.748421000557512
14,68,501.68518518518516,496.8240740740741,88.44065530997199,88.80638104247002,14.1931526288167,13.501331419788942
15,68,336.38317757009344,332.9626168224299,84.16110580472389,84.48718002875457,14.956788839614688,14.1931526288167
16,68,463.93457943925233,459.01869158878503,86.75575975306576,87.11577192799457,15.829313623743104,14.956788839614688
17,68,333.8785046728972,330.23364485981307,83.96797728647046,84.3440918317422,16.715116260578437,15.829313623743104
18,68,570.2616822429907,564.5700934579439,86.30889570354378,86.65804839735898,18.154016273702457,16.715116260578437
19,68,321.14018691588785,317.7289719626168,86.18584047169443,86.5394259603927,19.871801050606063,18.154016273702457
20,68,548.8055555555555,543.8888888888889,96.47199159210734,96.80999209499515,36.47608118563621,19.871801050606063
1,69,4879.462264150943,4830.396226415094,106.15183774769726,106.60229339016038,3.180796486470582,0.0
2,69,3881.2523364485983,3841.841121495327,101.5401241145511,101.94296693848091,4.199298262995014,3.180796486470582
3,69,1439.9345794392523,1426.271028037383,95.76683105133087,96.16254259803887,5.272455687869069,4.199298262995014
4,69,2628.7757009345796,2602.4766355140187,91.18516854115242,91.57259961032841,6.193740596260733,5.272455687869069
5,69,3329.2242990654204,3295.822429906542,88.36872591071173,88.72243458848962,7.05506785778168,6.193740596260733
6,69,705.6542056074767,698.2149532710281,86.09531042580359,86.44893733077885,7.953231296132531,7.05506785778168
7,69,573.3518518518518,567.8703703703703,85.28827176574094,85.64919693077293,9.018858595419156,7.953231296132531
8,69,427.23364485981307,422.5607476635514,83.06111154529138,83.41559927113809,9.988970078469205,9.018858595419156
9,69,597.3831775700935,591.6168224299065,83.28883827154439,83.64344682101034,10.72513829060439,9.988970078469205
10,69,427.5700934579439,423.1121495327103,85.54074809132295,85.89358064867345,11.48754368614339,10.72513829060439
11,69,437.06542056074767,432.5327102803738,84.6326311238127,84.97499296183759,12.092084039119785,11.48754368614339
12,69,453.29906542056074,448.85981308411215,83.21760061925107,83.5361791065401,12.748421000557512,12.092084039119785
13,69,409.1869158878505,404.5981308411215,85.72314900093625,86.06472987607603,13.501331419788942,12.748421000557512
14,69,500.47222222222223,495.6388888888889,88.277031339475,88.59614434435845,14.1931526288167,13.501331419788942
15,69,336.7570093457944,333.5607476635514,84.14340911491468,84.46609333672527,14.956788839614688,14.1931526288167
16,69,465.4579439252336,460.803738317757,86.87888607608903,87.2154801322678,15.829313623743104,14.956788839614688
17,69,335.3644859813084,332.30841121495325,83.7439274326493,84.07803698201528,16.715116260578437,15.829313623743104
18,69,568.8504672897196,563.4672897196261,86.38012473862327,86.73863246097609,18.154016273702457,16.715116260578437
19,69,323.85981308411215,320.67289719626166,85.75891748610482,86.14692441605389,19.871801050606063,18.154016273702457
20,69,548.9444444444445,543.6481481481482,96.56193337677368,96.94597696632343,36.47608118563621,19.871801050606063
1,70,4882.830188679245,4833.132075471698,106.30283632830286,106.74895396974541,3.180796486470582,0.0
2,70,3874.2897196261683,3833.6728971962616,101.4525919485458,101.88420948369738,4.199298262995014,3.180796486470582
3,70,1443.6542056074766,1429.588785046729,95.58738153730276,95.96687950735377,5.272455687869069,4.199298262995014
4,70,2624.271028037383,2597.4018691588785,91.04088206233374,91.42303546880682,6.193740596260733,5.272455687869069
5,70,3334.3177570093458,3302.2523364485983,88.26080691393722,88.60880684115499,7.05506785778168,6.193740596260733
6,70,705.2616822429907,698.6355140186915,86.13777704729883,86.51862678979288,7.953231296132531,7.05506785778168
7,70,577.9444444444445,571.9074074074074,85.26596326163502,85.61138405398951,9.018858595419156,7.953231296132531
8,70,421.23364485981307,416.98130841121497,82.80330456261659,83.12267485653007,9.988970078469205,9.018858595419156
9,70,599.6822429906542,593.1121495327103,83.42246739286225,83.79426994447374,10.72513829060439,9.988970078469205
10,70,428.31775700934577,423.93457943925233,85.46525228788785,85.82591104343157,11.48754368614339,10.72513829060439
11,70,437.8317757009346,433.5140186915888,84.46016859856752,84.77624485791378,12.092084039119785,11.48754368614339
12,70,451.8411214953271,447.39252336448595,83.43460434527752,83.78719072184988,12.748421000557512,12.092084039119785
13,70,408.10280373831773,404.1775700934579,85.39183465461177,85.71276336295759,13.501331419788942,12.748421000557512
14,70,500.9259259259259,495.2962962962963,88.28270613323475,88.60683120842498,14.1931526288167,13.501331419788942
15,70,337.7570093457944,334.42056074766356,84.22131291801351,84.54999075658417,14.956788839614688,14.1931526288167
16,70,461.57943925233644,457.05607476635515,86.79889484191482,87.1493504011822,15.829313623743104,14.956788839614688
17,70,335.2803738317757,332.3644859813084,84.02831777375955,84.35130474141573,16.715116260578437,15.829313623743104
18,70,569.0373831775701,563.411214953271,85.63374824487413,85.98631234650264,18.154016273702457,16.715116260578437
19,70,324.49532710280374,320.803738317757,86.24188448412568,86.63811572228394,19.871801050606063,18.154016273702457
20,70,550.574074074074,545.7407407407408,96.26540847701561,96.60154440731361,36.47608118563621,19.871801050606063
1,71,4871.330188679245,4822.594339622641,106.36272414132974,106.78236176716779,3.180796486470582,0.0
2,71,3866.392523364486,3827.4392523364486,101.37131300604875,101.79279141948652,4.199298262995014,3.180796486470582
3,71,1447.8785046728972,1432.5700934579438,95.45372139309801,95.84374158739767,5.272455687869069,4.199298262995014
4,71,2632.336448598131,2605.7383177570096,90.92760644720147,91.311549423654,6.193740596260733,5.272455687869069
5,71,3327.9065420560746,3294.4018691588785,88.36499304994825,88.71756524806406,7.05506785778168,6.193740596260733
6,71,706.4392523364486,699.3457943925233,86.15985923050668,86.50798175441331,7.953231296132531,7.05506785778168
7,71,579.3425925925926,573.3148148148148,85.28200230139566,85.61044617183752,9.018858595419156,7.953231296132531
8,71,421.14953271028037,416.9065420560748,83.53532351365912,83.87372563289173,9.988970078469205,9.018858595419156
9,71,601.8878504672897,595.392523364486,83.80549808639961,84.19183370490786,10.72513829060439,9.988970078469205
10,71,431.9626168224299,427.30841121495325,85.05282311308287,85.39104396980854,11.48754368614339,10.72513829060439
11,71,437.98130841121497,433.8224299065421,84.17385913569923,84.48817876923503,12.092084039119785,11.48754368614339
12,71,452.2803738317757,447.70093457943926,83.77652073047034,84.11249697428181,12.748421000557512,12.092084039119785
13,71,411.9158878504673,408.02803738317755,85.39630349461738,85.69721994368693,13.501331419788942,12.748421000557512
14,71,501.77777777777777,496.537037037037,88.03781192439003,88.38182895587187,14.1931526288167,13.501331419788942
15,71,336.4672897196262,332.7943925233645,84.14530394948832,84.51550016960296,14.956788839614688,14.1931526288167
16,71,464.5420560747664,460.04672897196264,86.64187949599251,86.99097413385388,15.829313623743104,14.956788839614688
17,71,332.86915887850466,329.7570093457944,83.89279223253048,84.20958441449518,16.715116260578437,15.829313623743104
18,71,570.1121495327103,564.3831775700935,86.27212258554613,86.57236725531902,18.154016273702457,16.715116260578437
19,71,323.8785046728972,320.5700934579439,86.06722928606214,86.3386080571655,19.871801050606063,18.154016273702457
20,71,550.2685185185185,545.2962962962963,96.2241719829366,96.56482284286639,36.47608118563621,19.871801050606063
1,72,4878.669811320755,4829.518867924528,106.16441689924673,106.58966383773145,3.180796486470582,0.0
2,72,3882.2897196261683,3843.158878504673,101.46710922727571,101.86981074989743,4.199298262995014,3.180796486470582
3,72,1445.6355140186915,1431.2616822429907,95.63942670673903,96.05177973133043,5.272455687869069,4.199298262995014
4,72,2623.691588785047,2596.392523364486,91.3795453605617,91.7354168279561,6.193740596260733,5.272455687869069
5,72,3321.6822429906542,3288.5607476635514,88.3772403061586,88.75538426066652,7.05506785778168,6.193740596260733
6,72,704.6542056074767,697.3084112149533,86.04225081331131,86.41213041788001,7.953231296132531,7.05506785778168
7,72,576.3055555555555,570.5,84.70051796773035,85.04762901261877,9.018858595419156,7.953231296132531
8,72,423.39252336448595,419.0,82.50731928052728,82.87122243215305,9.988970078469205,9.018858595419156
9,72,598.3271028037383,592.2803738317757,83.28992999353902,83.63542750271085,10.72513829060439,9.988970078469205
10,72,426.4299065420561,421.68224299065423,85.4832543323676,85.85899934761473,11.48754368614339,10.72513829060439
11,72,440.3738317757009,435.8130841121495,84.36123598043588,84.71380009021863,12.092084039119785,11.48754368614339
12,72,455.22429906542055,450.3457943925234,82.99785111388086,83.32647661395806,12.748421000557512,12.092084039119785
13,72,409.5607476635514,405.67289719626166,85.48594697976918,85.80350141511605,13.501331419788942,12.748421000557512
14,72,502.8888888888889,497.99074074074076,87.9527705829894,88.27573751740928,14.1931526288167,13.501331419788942
15,72,335.2616822429907,331.6355140186916,84.20664303344276,84.5670415962999,14.956788839614688,14.1931526288167
16,72,464.2056074766355,459.4766355140187,86.966349187207,87.32453484171336,15.829313623743104,14.956788839614688
17,72,337.78504672897196,334.50467289719626,82.73361789403066,83.06128335140647,16.715116260578437,15.829313623743104
18,72,568.196261682243,562.6355140186915,86.00278761573688,86.32560887460785,18.154016273702457,16.715116260578437
19,72,325.1588785046729,322.02803738317755,85.20912544209135,85.54043145523264,19.871801050606063,18.154016273702457
20,72,549.0185185185185,544.1203703703703,96.22362236110918,96.57384742051701,36.47608118563621,19.871801050606063
1,73,4877.754716981132,4827.867924528302,106.3255922939257,106.74729495836607,3.180796486470582,0.0
2,73,3869.841121495327,3831.308411214953,101.53235338996915,101.9484254624036,4.199298262995014,3.180796486470582
3,73,1444.3831775700935,1429.588785046729,95.68059262969093,96.10091094734172,5.272455687869069,4.199298262995014
4,73,2627.7196261682243,2601.1401869158876,91.60419161769963,91.9890810022601,6.193740596260733,5.272455687869069
5,73,3331.448598130841,3298.392523364486,88.38095639423402,88.73396627612429,7.05506785778168,6.193740596260733
6,73,712.5046728971963,705.4018691588785,86.01095084047536,86.36567759740115,7.953231296132531,7.05506785778168
7,73,573.1944444444445,566.8333333333334,85.32021484638999,85.65371364513811,9.018858595419156,7.953231296132531
8,73,425.8224299065421,421.61682242990656,82.28431445380724,82.5843604976184,9.988970078469205,9.018858595419156
9,73,603.2429906542056,596.9345794392524,82.66077474110223,82.97460419377947,10.72513829060439,9.988970078469205
10,73,427.6261682242991,423.4485981308411,84.83681698500612,85.18257173357964,11.48754368614339,10.72513829060439
11,73,442.61682242990656,438.13084112149534,84.10808856994453,84.43833670899579,12.092084039119785,11.48754368614339
12,73,453.1121495327103,448.9906542056075,83.45129278223212,83.76467741205,12.748421000557512,12.092084039119785
13,73,408.5514018691589,404.0934579439252,85.74131674689889,86.09013563381941,13.501331419788942,12.748421000557512
14,73,496.8888888888889,492.24074074074076,88.61646346017072,88.99244131912468,14.1931526288167,13.501331419788942
15,73,336.0,332.4766355140187,84.36972285404397,84.72269366922727,14.956788839614688,14.1931526288167
16,73,460.0373831775701,455.49532710280374,87.01876315925914,87.3778395978325,15.829313623743104,14.956788839614688
17,73,335.4672897196262,332.01869158878503,83.13618422702788,83.4517576360048,16.715116260578437,15.829313623743104
18,73,571.9439252336449,566.2990654205607,85.81668822237698,86.17230555737731,18.154016273702457,16.715116260578437
19,73,322.8411214953271,319.9252336448598,86.61554573567902,86.92371428035923,19.871801050606063,18.154016273702457
20,73,548.4722222222222,543.925925925926,96.1646962480732,96.46706711700959,36.47608118563621,19.871801050606063
1,74,4882.537735849057,4831.641509433963,106.21834260028446,106.65188572827057,3.180796486470582,0.0
2,74,3867.0186915887853,3826.121495327103,101.64776536611394,102.08449213468666,4.199298262995014,3.180796486470582
3,74,1443.7102803738317,1429.6448598130842,95.27340941809658,95.64559333638583,5.272455687869069,4.199298262995014
4,74,2625.3271028037384,2599.214953271028,91.25885103245697,91.63094440103548,6.193740596260733,5.272455687869069
5,74,3329.644859813084,3297.373831775701,88.4530299128041,88.78043738877015,7.05506785778168,6.193740596260733
6,74,704.2056074766355,696.9345794392524,86.19677784376982,86.56526063999696,7.953231296132531,7.05506785778168
7,74,579.2962962962963,573.4722222222222,85.12397156661528,85.45303826654602,9.018858595419156,7.953231296132531
8,74,423.89719626168227,419.2710280373832,83.12739865735116,83.49296315488375,9.988970078469205,9.018858595419156
9,74,600.7850467289719,594.3364485981308,83.24625498003454,83.60347315895947,10.72513829060439,9.988970078469205
10,74,427.8130841121495,423.74766355140184,85.80124224660781,86.12577574264178,11.48754368614339,10.72513829060439
11,74,437.22429906542055,432.9252336448598,84.48233604613247,84.82221792540243,12.092084039119785,11.48754368614339
12,74,456.1121495327103,451.25233644859816,83.10602775251841,83.44169321890554,12.748421000557512,12.092084039119785
13,74,409.5514018691589,405.4766355140187,85.62959237878573,85.94791424168275,13.501331419788942,12.748421000557512
14,74,505.6203703703704,500.4074074074074,88.05552908211573,88.42598355074928,14.1931526288167,13.501331419788942
15,74,332.7943925233645,329.5327102803738,84.57372761591424,84.88964356607696,14.956788839614688,14.1931526288167
16,74,463.0373831775701,458.2710280373832,86.48358861587784,86.83516481141088,15.829313623743104,14.956788839614688
17,74,333.0934579439252,329.8130841121495,83.29955625608886,83.67959833853394,16.715116260578437,15.829313623743104
18,74,569.4205607476636,563.6822429906542,86.23038636332558,86.60634015040249,18.154016273702457,16.715116260578437
19,74,323.0093457943925,319.4485981308411,86.48882421653713,86.85712481990056,19.871801050606063,18.154016273702457
20,74,554.3981481481482,549.3055555555555,96.03255186813179,96.39650353254609,36.47608118563621,19.871801050606063
1,75,4868.358490566037,4818.094339622641,106.28345145049761,106.73196582676121,3.180796486470582,0.0
2,75,3869.3831775700933,3830.3644859813085,101.61309385922574,102.01975104541425,4.199298262995014,3.180796486470582
3,75,1448.2242990654206,1433.2056074766356,95.72943326102795,96.13114857793161,5.272455687869069,4.199298262995014
4,75,2627.766355140187,2601.878504672897,91.30394495464299,91.69470269851384,6.193740596260733,5.272455687869069
5,75,3342.9065420560746,3310.336448598131,88.38589625844023,88.73326500627898,7.05506785778168,6.193740596260733
6,75,709.4766355140187,702.4018691588785,85.93553966139415,86.28463712507336,7.953231296132531,7.05506785778168
7,75,575.9166666666666,570.25,84.88747397858221,85.21294857694238,9.018858595419156,7.953231296132531
8,75,424.94392523364485,420.89719626168227,83.32783034763891,83.6191932096579,9.988970078469205,9.018858595419156
9,75,596.8878504672897,591.1495327102804,83.34899713566097,83.69575254546619,10.72513829060439,9.988970078469205
10,75,429.01869158878503,424.68224299065423,85.50039462807236,85.84969636406424,11.48754368614339,10.72513829060439
11,75,437.2710280373832,432.97196261682245,84.52144189416107,84.87150027664659,12.092084039119785,11.48754368614339
12,75,453.14953271028037,448.49532710280374,83.72380178197301,84.04625901056973,12.748421000557512,12.092084039119785
13,75,407.7383177570093,403.13084112149534,85.87617701962986,86.25257171017377,13.501331419788942,12.748421000557512
14,75,499.74074074074076,494.76851851851853,88.39555427423673,88.76269694832472,14.1931526288167,13.501331419788942
15,75,336.86915887850466,333.78504672897196,84.08242095821308,84.3945865446341,14.956788839614688,14.1931526288167
16,75,462.7943925233645,458.3551401869159,86.89085528737372,87.22978385709867,15.829313623743104,14.956788839614688
17,75,334.85981308411215,331.6261682242991,84.07575965006194,84.4517256154753,16.715116260578437,15.829313623743104
18,75,572.0747663551402,566.6728971962617,86.1031738631557,86.47601427306596,18.154016273702457,16.715116260578437
19,75,321.22429906542055,318.02803738317755,85.45996141727636,85.83138229430537,19.871801050606063,18.154016273702457
20,75,550.3425925925926,545.1851851851852,96.13216425485903,96.48914310024891,36.47608118563621,19.871801050606063
1,76,4873.2169811320755,4824.509433962264,106.29162589027081,106.71262875873049,3.180796486470582,0.0
2,76,3877.336448598131,3837.7943925233644,101.39675375985063,101.81519191046704,4.199298262995014,3.180796486470582
3,76,1442.4672897196263,1427.8504672897195,95.22358213213046,95.617163287413,5.272455687869069,4.199298262995014
4,76,2634.0,2607.355140186916,91.26729090792303,91.64921749841193,6.193740596260733,5.272455687869069
5,76,3322.9158878504672,3290.11214953271,88.6029888656549,89.0837321954646,7.05506785778168,6.193740596260733
6,76,702.2429906542056,694.8691588785047,86.19773083766351,86.55576264487368,7.953231296132531,7.05506785778168
7,76,578.3703703703703,572.5462962962963,85.07268702002801,85.44125714496795,9.018858595419156,7.953231296132531
8,76,427.9252336448598,423.77570093457945,82.42593886847081,82.74377761682315,9.988970078469205,9.018858595419156
9,76,606.1214953271028,599.8411214953271,82.98409424070972,83.32376946431958,10.72513829060439,9.988970078469205
10,76,427.7570093457944,423.4859813084112,85.47085387142347,85.78804930232988,11.48754368614339,10.72513829060439
11,76,437.1214953271028,432.78504672897196,84.09022104159823,84.47324828534036,12.092084039119785,11.48754368614339
12,76,452.0,447.5140186915888,83.59613581347809,83.94336886025471,12.748421000557512,12.092084039119785
13,76,410.8411214953271,406.76635514018693,85.04360279059296,85.36749203162228,13.501331419788942,12.748421000557512
14,76,500.5462962962963,495.3425925925926,88.33949602803698,88.71862948197129,14.1931526288167,13.501331419788942
15,76,336.85981308411215,333.4392523364486,84.42686975970413,84.7795477881086,14.956788839614688,14.1931526288167
16,76,464.77570093457945,459.8411214953271,86.69374518198865,87.05738521932767,15.829313623743104,14.956788839614688
17,76,332.4859813084112,329.2056074766355,83.87892126732636,84.21049790084967,16.715116260578437,15.829313623743104
18,76,566.2990654205607,561.018691588785,86.0702101424237,86.428283794199,18.154016273702457,16.715116260578437
19,76,326.1214953271028,322.76635514018693,85.89257675024743,86.20938075283593,19.871801050606063,18.154016273702457
20,76,549.8333333333334,543.9074074074074,96.16868157186607,96.54107030823396,36.47608118563621,19.871801050606063
1,77,4869.132075471698,4820.38679245283,106.45679369546292,106.87918534572309,3.180796486470582,0.0
2,77,3877.0467289719627,3838.542056074766,101.35406509263497,101.76431759803408,4.199298262995014,3.180796486470582
3,77,1444.196261682243,1429.6355140186915,95.68633932003425,96.08956335476222,5.272455687869069,4.199298262995014
4,77,2637.5607476635514,2610.9439252336447,91.329293714098,91.68650698859568,6.193740596260733,5.272455687869069
5,77,3333.2897196261683,3299.9345794392525,88.41770516165211,88.77583659743419,7.05506785778168,6.193740596260733
6,77,707.2710280373832,700.0093457943925,85.93825019429669,86.3564522703497,7.953231296132531,7.05506785778168
7,77,574.675925925926,568.8796296296297,84.72214282046968,85.07874462190115,9.018858595419156,7.953231296132531
8,77,422.1588785046729,417.95327102803736,83.13337348928698,83.46643638409607,9.988970078469205,9.018858595419156
9,77,596.6448598130842,590.4953271028037,83.37065673665757,83.71509417674126,10.72513829060439,9.988970078469205
10,77,427.4018691588785,422.6542056074766,85.12375222254232,85.46231587625282,11.48754368614339,10.72513829060439
11,77,440.02803738317755,435.29906542056074,84.15483018851334,84.50869786405775,12.092084039119785,11.48754368614339
12,77,453.0373831775701,447.9906542056075,83.56183286519698,83.90534010505837,12.748421000557512,12.092084039119785
13,77,409.2429906542056,405.21495327102804,85.64250872865651,85.96733724651502,13.501331419788942,12.748421000557512
14,77,505.6388888888889,500.6666666666667,87.81038731344468,88.1737970527096,14.1931526288167,13.501331419788942
15,77,334.1588785046729,330.97196261682245,84.06167459098334,84.38624003335472,14.956788839614688,14.1931526288167
16,77,461.5514018691589,457.2056074766355,86.94954064748362,87.28156198042805,15.829313623743104,14.956788839614688
17,77,334.25233644859816,330.6355140186916,83.86029120264458,84.1911578564209,16.715116260578437,15.829313623743104
18,77,570.0373831775701,564.5981308411215,85.91617018144247,86.24218809018026,18.154016273702457,16.715116260578437
19,77,323.93457943925233,320.85046728971963,85.41506862828709,85.70321599282562,19.871801050606063,18.154016273702457
20,77,548.3981481481482,543.3148148148148,96.23127343251997,96.55927717197905,36.47608118563621,19.871801050606063
1,78,4867.2169811320755,4818.11320754717,106.29489807776433,106.74103865867312,3.180796486470582,0.0
2,78,3877.9719626168226,3838.448598130841,101.50411485941954,101.91295429033258,4.199298262995014,3.180796486470582
3,78,1449.4579439252336,1435.4766355140187,95.75421308816156,96.1375846531182,5.272455687869069,4.199298262995014
4,78,2634.532710280374,2608.4018691588785,91.17777153517225,91.55330689566206,6.193740596260733,5.272455687869069
5,78,3329.8317757009345,3295.8130841121497,88.37753637884805,88.72996010918757,7.05506785778168,6.193740596260733
6,78,703.0280373831775,695.9906542056075,85.97326474914415,86.3146257424861,7.953231296132531,7.05506785778168
7,78,575.0370370370371,569.4907407407408,85.11015692034783,85.44485701844464,9.018858595419156,7.953231296132531
8,78,419.8130841121495,415.7196261682243,83.16737910282765,83.51614537170278,9.988970078469205,9.018858595419156
9,78,598.4018691588785,592.2149532710281,83.2326959586362,83.56940122206737,10.72513829060439,9.988970078469205
10,78,430.21495327102804,425.77570093457945,85.06176927834987,85.43471043777501,11.48754368614339,10.72513829060439
11,78,436.2616822429907,431.70093457943926,84.51495119688589,84.89406631421255,12.092084039119785,11.48754368614339
12,78,456.04672897196264,451.5700934579439,83.30940649573232,83.6388074076717,12.748421000557512,12.092084039119785
13,78,413.29906542056074,409.0934579439252,85.1013511292348,85.43682766489198,13.501331419788942,12.748421000557512
14,78,501.98148148148147,497.0833333333333,88.52901077481802,88.85199971405062,14.1931526288167,13.501331419788942
15,78,335.0747663551402,331.8785046728972,84.23733620375863,84.56749248829158,14.956788839614688,14.1931526288167
16,78,462.74766355140184,458.29906542056074,87.03701977384819,87.38406592017088,15.829313623743104,14.956788839614688
17,78,333.05607476635515,329.6542056074766,83.50643731875796,83.83354060969081,16.715116260578437,15.829313623743104
18,78,572.5233644859813,567.0934579439253,85.93829123452171,86.26616228881979,18.154016273702457,16.715116260578437
19,78,323.1588785046729,319.97196261682245,85.25802566712532,85.61042825819729,19.871801050606063,18.154016273702457
20,78,549.9074074074074,545.4166666666666,96.30525005706122,96.6316286450615,36.47608118563621,19.871801050606063
1,79,4893.433962264151,4843.584905660377,106.08667869238113,106.51167258956414,3.180796486470582,0.0
2,79,3857.7102803738317,3818.392523364486,101.53283548615659,101.96287593088111,4.199298262995014,3.180796486470582
3,79,1449.4018691588785,1435.4766355140187,95.74876538846685,96.14518823378887,5.272455687869069,4.199298262995014
4,79,2627.196261682243,2600.9439252336447,91.30602391106167,91.7196557909576,6.193740596260733,5.272455687869069
5,79,3330.0934579439254,3298.0,88.46203914601816,88.81253879882102,7.05506785778168,6.193740596260733
6,79,702.5700934579439,695.607476635514,85.92440750895113,86.27387951129539,7.953231296132531,7.05506785778168
7,79,578.3981481481482,572.6296296296297,84.7539311256566,85.07827142622749,9.018858595419156,7.953231296132531
8,79,425.77570093457945,421.7102803738318,83.17810251158464,83.49744067538609,9.988970078469205,9.018858595419156
9,79,597.3271028037383,591.373831775701,83.55204036606109,83.89145056790072,10.72513829060439,9.988970078469205
10,79,426.94392523364485,422.49532710280374,85.37134288062197,85.74526995128532,11.48754368614339,10.72513829060439
11,79,436.60747663551405,432.0,84.60216705014729,84.96722657752709,12.092084039119785,11.48754368614339
12,79,453.5700934579439,449.04672897196264,83.76644342401059,84.05858102461531,12.748421000557512,12.092084039119785
13,79,410.14018691588785,405.95327102803736,85.38596853428481,85.77462610211592,13.501331419788942,12.748421000557512
14,79,498.93518518518516,493.74074074074076,88.39294721618451,88.71469487624707,14.1931526288167,13.501331419788942
15,79,334.4485981308411,331.2710280373832,84.23280312335658,84.54090555125491,14.956788839614688,14.1931526288167
16,79,464.2616822429907,459.4018691588785,86.60058708160805,86.93121820542393,15.829313623743104,14.956788839614688
17,79,334.4579439252336,331.06542056074767,83.32594877327149,83.79345557137674,16.715116260578437,15.829313623743104
18,79,572.1028037383178,566.4018691588785,86.32403869312087,86.66164518179805,18.154016273702457,16.715116260578437
19,79,322.4672897196262,319.2897196261682,86.03181159856545,86.36722550042197,19.871801050606063,18.154016273702457
20,79,553.5,548.5277777777778,95.90233131713565,96.30282129805934,36.47608118563621,19.871801050606063
1,80,4867.235849056604,4818.443396226415,106.24849170898325,106.6851078219502,3.180796486470582,0.0
2,80,3873.411214953271,3833.8504672897197,101.80692354000081,102.1953062998918,4.199298262995014,3.180796486470582
3,80,1455.6168224299065,1441.5514018691588,95.33814485457724,95.71197218927774,5.272455687869069,4.199298262995014
4,80,2621.03738317757,2595.4018691588785,91.23612792770925,91.5956991372899,6.193740596260733,5.272455687869069
5,80,3336.7383177570096,3303.0093457943926,88.11428022428984,88.4778526032691,7.05506785778168,6.193740596260733
6,80,707.373831775701,699.7196261682243,86.33825446439334,86.69201488461295,7.953231296132531,7.05506785778168
7,80,573.4166666666666,567.1203703703703,85.36348335786009,85.73594077170252,9.018858595419156,7.953231296132531
8,80,425.1682242990654,420.8878504672897,83.23899987712461,83.58873130628673,9.988970078469205,9.018858595419156
9,80,601.5327102803739,595.3831775700935,83.53580651724778,83.85842725394224,10.72513829060439,9.988970078469205
10,80,428.803738317757,424.3457943925234,85.61627399814819,85.9718752721102,11.48754368614339,10.72513829060439
11,80,440.77570093457945,436.42056074766356,84.46658230431572,84.7846052986942,12.092084039119785,11.48754368614339
12,80,454.8130841121495,450.1869158878505,83.42113188371508,83.7632013025076,12.748421000557512,12.092084039119785
13,80,409.3551401869159,405.10280373831773,85.79551102753136,86.18150738326248,13.501331419788942,12.748421000557512
14,80,498.6666666666667,493.72222222222223,88.23543321504248,88.58992500671631,14.1931526288167,13.501331419788942
15,80,335.5700934579439,332.2056074766355,84.23676054210421,84.57161603067074,14.956788839614688,14.1931526288167
16,80,465.38317757009344,460.89719626168227,87.18758210865391,87.54207635663832,15.829313623743104,14.956788839614688
17,80,333.41121495327104,330.3457943925234,83.91639463890922,84.25967119288306,16.715116260578437,15.829313623743104
18,80,567.8971962616822,562.3644859813085,86.0612882186296,86.37700334477158,18.154016273702457,16.715116260578437
19,80,320.0841121495327,316.8411214953271,85.60912174196207,85.93292471754822,19.871801050606063,18.154016273702457
20,80,553.425925925926,548.4074074074074,95.98384866333052,96.35769308087785,36.47608118563621,19.871801050606063
1,81,4888.981132075472,4839.679245283019,106.23671550444834,106.6742021908641,3.180796486470582,0.0
2,81,3877.3177570093458,3837.6355140186915,101.48160848661196,101.89824845593077,4.199298262995014,3.180796486470582
3,81,1443.6542056074766,1429.3644859813085,95.03507051392486,95.42557739370922,5.272455687869069,4.199298262995014
4,81,2626.803738317757,2601.2056074766356,91.34694493109434,91.69649581470236,6.193740596260733,5.272455687869069
5,81,3330.07476635514,3296.691588785047,88.18329689363573,88.55013313518312,7.05506785778168,6.193740596260733
6,81,702.7850467289719,695.4859813084112,86.08481617090347,86.42984410810539,7.953231296132531,7.05506785778168
7,81,572.3796296296297,566.7314814814815,85.30258654877595,85.66500853879943,9.018858595419156,7.953231296132531
8,81,423.01869158878503,418.69158878504675,83.28492868975565,83.58953379983107,9.988970078469205,9.018858595419156
9,81,596.626168224299,590.0934579439253,83.76929422365582,84.12851651454375,10.72513829060439,9.988970078469205
10,81,428.05607476635515,423.77570093457945,85.61084476881992,85.95970697294825,11.48754368614339,10.72513829060439
11,81,438.23364485981307,433.39252336448595,84.28214145791331,84.63938755015944,12.092084039119785,11.48754368614339
12,81,455.57943925233644,451.0093457943925,83.10831647651692,83.40109882897266,12.748421000557512,12.092084039119785
13,81,409.4018691588785,405.1869158878505,85.8319515073534,86.1588349974098,13.501331419788942,12.748421000557512
14,81,502.4259259259259,497.52777777777777,88.1746561955457,88.52265215381202,14.1931526288167,13.501331419788942
15,81,337.6355140186916,334.25233644859816,83.95317265900503,84.31412791385998,14.956788839614688,14.1931526288167
16,81,460.3551401869159,455.97196261682245,86.8107683398029,87.14888095738871,15.829313623743104,14.956788839614688
17,81,334.1775700934579,330.60747663551405,83.56776125669484,83.92007429867202,16.715116260578437,15.829313623743104
18,81,571.3551401869158,565.4672897196261,86.20397521062553,86.53632475033349,18.154016273702457,16.715116260578437
19,81,322.14018691588785,318.86915887850466,86.18360820328817,86.56237393121037,19.871801050606063,18.154016273702457
20,81,548.5092592592592,543.6851851851852,96.30129424782317,96.64571001550998,36.47608118563621,19.871801050606063
1,82,4888.933962264151,4838.11320754717,106.2348809563097,106.68185048957427,3.180796486470582,0.0
2,82,3875.11214953271,3835.271028037383,101.67430988462074,102.07102231123314,4.199298262995014,3.180796486470582
3,82,1451.4766355140187,1437.1682242990655,95.69777687076451,96.07909915291374,5.272455687869069,4.199298262995014
4,82,2628.467289719626,2601.5794392523367,91.10208344758487,91.46513104246053,6.193740596260733,5.272455687869069
5,82,3323.663551401869,3290.9065420560746,88.88096177234164,89.24609993079095,7.05506785778168,6.193740596260733
6,82,705.5794392523364,698.2056074766355,86.20911322249113,86.56914443640379,7.953231296132531,7.05506785778168
7,82,576.6666666666666,570.675925925926,85.0286422138904,85.38084293675666,9.018858595419156,7.953231296132531
8,82,425.5327102803738,421.04672897196264,82.90350599581558,83.23164189466593,9.988970078469205,9.018858595419156
9,82,595.3551401869158,589.0373831775701,83.25553008017187,83.58448371866767,10.72513829060439,9.988970078469205
10,82,425.7570093457944,421.95327102803736,85.57139613357148,85.91840425300492,11.48754368614339,10.72513829060439
11,82,439.49532710280374,435.14953271028037,84.09636750032014,84.44536890763146,12.092084039119785,11.48754368614339
12,82,454.02803738317755,449.4485981308411,83.51025682497507,83.86765914973498,12.748421000557512,12.092084039119785
13,82,412.2056074766355,408.32710280373834,85.52448206076897,85.85516601161216,13.501331419788942,12.748421000557512
14,82,498.30555555555554,493.52777777777777,88.13524350355276,88.4518732734824,14.1931526288167,13.501331419788942
15,82,335.0093457943925,331.74766355140184,84.019819502483,84.35614051378359,14.956788839614688,14.1931526288167
16,82,462.25233644859816,457.29906542056074,87.27313309295748,87.6329682427362,15.829313623743104,14.956788839614688
17,82,331.9158878504673,328.6448598130841,83.91441468223584,84.21587139063323,16.715116260578437,15.829313623743104
18,82,569.5514018691589,563.8224299065421,86.06527184189551,86.40118127874901,18.154016273702457,16.715116260578437
19,82,318.8785046728972,316.0093457943925,85.40814020990584,85.71459524501594,19.871801050606063,18.154016273702457
20,82,550.675925925926,545.1296296296297,96.53484050443166,96.91421703031855,36.47608118563621,19.871801050606063
1,83,4870.1509433962265,4819.981132075472,106.36728623551133,106.80122857037864,3.180796486470582,0.0
2,83,3875.158878504673,3835.7476635514017,101.60917011304763,102.03166993032005,4.199298262995014,3.180796486470582
3,83,1448.8130841121495,1433.7196261682243,95.4685095968458,95.86162174094092,5.272455687869069,4.199298262995014
4,83,2626.6822429906542,2599.8971962616824,91.55767571999225,91.9380832221004,6.193740596260733,5.272455687869069
5,83,3335.457943925234,3302.299065420561,88.31199579304295,88.65886475797099,7.05506785778168,6.193740596260733
6,83,704.0841121495328,697.0373831775701,86.06971961897517,86.44617154056989,7.953231296132531,7.05506785778168
7,83,575.2314814814815,569.1666666666666,85.1916135425154,85.52164306088109,9.018858595419156,7.953231296132531
8,83,424.7943925233645,419.95327102803736,82.89021197575192,83.24576237203499,9.988970078469205,9.018858595419156
9,83,598.626168224299,592.0747663551402,83.90309868779066,84.31420936738868,10.72513829060439,9.988970078469205
10,83,424.85981308411215,420.3457943925234,85.8270165164185,86.17949454944237,11.48754368614339,10.72513829060439
11,83,440.7383177570093,436.4018691588785,84.27567873307348,84.59697664915632,12.092084039119785,11.48754368614339
12,83,452.4018691588785,447.85981308411215,83.4265369158448,83.77684029456545,12.748421000557512,12.092084039119785
13,83,412.8130841121495,408.85046728971963,84.8752773236141,85.2248471650489,13.501331419788942,12.748421000557512
14,83,501.3333333333333,495.8240740740741,88.13146721208795,88.50664772653705,14.1931526288167,13.501331419788942
15,83,337.6355140186916,333.93457943925233,84.04269886174639,84.42951382271055,14.956788839614688,14.1931526288167
16,83,462.05607476635515,457.06542056074767,87.1727051593148,87.55633805847465,15.829313623743104,14.956788839614688
17,83,335.0934579439252,331.5140186915888,84.00259825742252,84.31442911783977,16.715116260578437,15.829313623743104
18,83,570.6168224299065,565.0560747663551,85.5549365921,85.84744216017576,18.154016273702457,16.715116260578437
19,83,322.31775700934577,319.1214953271028,85.95716271145727,86.27216948861306,19.871801050606063,18.154016273702457
20,83,550.1944444444445,545.0555555555555,96.29738215894764,96.6847383925494,36.47608118563621,19.871801050606063
1,84,4877.584905660377,4827.603773584906,106.23263873893313,106.67007672976229,3.180796486470582,0.0
2,84,3876.0467289719627,3836.8971962616824,101.51961048925243,101.93860386753272,4.199298262995014,3.180796486470582
3,84,1440.588785046729,1426.4485981308412,95.9139541355911,96.2804156496778,5.272455687869069,4.199298262995014
4,84,2626.6822429906542,2599.9719626168226,91.36458448096214,91.73631140404122,6.193740596260733,5.272455687869069
5,84,3334.7383177570096,3300.822429906542,88.68190554116781,89.0427515223022,7.05506785778168,6.193740596260733
6,84,703.0280373831775,695.6822429906542,85.82876220026716,86.1819588851916,7.953231296132531,7.05506785778168
7,84,573.2407407407408,567.2592592592592,85.08933174428114,85.45472254537626,9.018858595419156,7.953231296132531
8,84,422.2056074766355,417.94392523364485,83.13350861170717,83.49019091714337,9.988970078469205,9.018858595419156
9,84,604.6822429906542,598.2616822429907,82.91260996538881,83.29102115248361,10.72513829060439,9.988970078469205
10,84,428.85981308411215,424.50467289719626,85.21353259293787,85.5457756802968,11.48754368614339,10.72513829060439
11,84,436.33644859813086,431.93457943925233,84.59147818503463,84.92289426162012,12.092084039119785,11.48754368614339
12,84,451.4672897196262,447.13084112149534,83.44973780931888,83.8060118010272,12.748421000557512,12.092084039119785
13,84,407.2429906542056,402.77570093457945,85.91551642470354,86.2874131241391,13.501331419788942,12.748421000557512
14,84,506.75,501.9074074074074,87.9711825765434,88.34124564817358,14.1931526288167,13.501331419788942
15,84,336.6448598130841,333.04672897196264,84.3994431181793,84.74661539962304,14.956788839614688,14.1931526288167
16,84,463.4766355140187,459.06542056074767,86.81028514355609,87.13702864982794,15.829313623743104,14.956788839614688
17,84,336.5607476635514,333.5140186915888,83.6484363072287,83.98928414483616,16.715116260578437,15.829313623743104
18,84,571.0,565.1028037383178,85.91829513415107,86.28473878241769,18.154016273702457,16.715116260578437
19,84,322.32710280373834,319.1214953271028,85.65626377457646,85.95657699657835,19.871801050606063,18.154016273702457
20,84,550.2407407407408,545.4722222222222,95.63914799197768,95.99620370484347,36.47608118563621,19.871801050606063
1,85,4877.481132075472,4828.254716981132,106.30832706546249,106.74827833065227,3.180796486470582,0.0
2,85,3871.5140186915887,3832.4205607476633,101.5930770727449,102.03971960853077,4.199298262995014,3.180796486470582
3,85,1444.0934579439252,1429.5981308411215,95.49296631777476,95.85991135964042,5.272455687869069,4.199298262995014
4,85,2631.8971962616824,2604.700934579439,91.3788237685617,91.76049349354645,6.193740596260733,5.272455687869069
5,85,3334.0093457943926,3301.7943925233644,88.31999793167422,88.69912624790898,7.05506785778168,6.193740596260733
6,85,703.1214953271028,695.3644859813085,85.86580064461765,86.2350232492787,7.953231296132531,7.05506785778168
7,85,574.2407407407408,568.4351851851852,85.03724104383971,85.39303009245094,9.018858595419156,7.953231296132531
8,85,423.49532710280374,419.4299065420561,83.48836027165765,83.8329244551373,9.988970078469205,9.018858595419156
9,85,600.2056074766355,593.6542056074767,83.21668948125115,83.53391369195987,10.72513829060439,9.988970078469205
10,85,425.196261682243,420.7289719626168,85.51467544895809,85.87209998356585,11.48754368614339,10.72513829060439
11,85,439.93457943925233,435.7289719626168,84.39695733095971,84.73979589190026,12.092084039119785,11.48754368614339
12,85,453.21495327102804,449.02803738317755,83.69991307692607,84.03136165133611,12.748421000557512,12.092084039119785
13,85,410.6448598130841,406.60747663551405,85.76282479740442,86.09871868449444,13.501331419788942,12.748421000557512
14,85,501.69444444444446,496.5833333333333,87.97178004255144,88.30729302396874,14.1931526288167,13.501331419788942
15,85,334.98130841121497,331.77570093457945,84.11033483268062,84.4332732037933,14.956788839614688,14.1931526288167
16,85,462.7943925233645,458.25233644859816,86.70727345025074,87.0361234637623,15.829313623743104,14.956788839614688
17,85,335.01869158878503,331.803738317757,83.44725778250547,83.73424901675175,16.715116260578437,15.829313623743104
18,85,569.8411214953271,563.6542056074767,85.78364831709015,86.110283213532,18.154016273702457,16.715116260578437
19,85,324.70093457943926,321.196261682243,85.82380682682127,86.1875677346006,19.871801050606063,18.154016273702457
20,85,550.7962962962963,545.4907407407408,95.94760677793629,96.28795787118216,36.47608118563621,19.871801050606063
1,86,4870.735849056604,4821.5,106.32434795716098,106.75264716421005,3.180796486470582,0.0
2,86,3875.9439252336447,3838.308411214953,101.39824587152195,101.81536539143428,4.199298262995014,3.180796486470582
3,86,1450.6448598130842,1435.9719626168223,95.56931759401509,95.94997712641798,5.272455687869069,4.199298262995014
4,86,2622.588785046729,2597.542056074766,91.33609624773715,91.67098781956315,6.193740596260733,5.272455687869069
5,86,3332.504672897196,3299.6355140186915,88.09540685839802,88.46029514402167,7.05506785778168,6.193740596260733
6,86,704.9158878504672,698.1869158878504,86.06293901721882,86.3945656177775,7.953231296132531,7.05506785778168
7,86,576.1944444444445,570.6851851851852,85.08809753383038,85.41845814189648,9.018858595419156,7.953231296132531
8,86,421.76635514018693,417.58878504672896,83.279083056871,83.60725895445356,9.988970078469205,9.018858595419156
9,86,603.3551401869158,597.1775700934579,83.32504396122214,83.64813720727435,10.72513829060439,9.988970078469205
10,86,432.69158878504675,428.32710280373834,85.3767558924732,85.73263490642846,11.48754368614339,10.72513829060439
11,86,437.4766355140187,433.02803738317755,84.55366785636986,84.91577832968872,12.092084039119785,11.48754368614339
12,86,454.76635514018693,450.38317757009344,83.37147209371567,83.68876099440203,12.748421000557512,12.092084039119785
13,86,409.1588785046729,405.196261682243,85.37270497736738,85.69944794895072,13.501331419788942,12.748421000557512
14,86,502.1388888888889,496.98148148148147,88.3311959190657,88.6997918191016,14.1931526288167,13.501331419788942
15,86,338.8878504672897,335.7102803738318,83.90987000415016,84.22634194790926,14.956788839614688,14.1931526288167
16,86,459.0093457943925,454.3738317757009,87.13721438451657,87.47554497404373,15.829313623743104,14.956788839614688
17,86,334.77570093457945,331.38317757009344,84.12490848460682,84.4774069956731,16.715116260578437,15.829313623743104
18,86,567.3551401869158,561.7383177570093,85.68367881756015,86.01422093899879,18.154016273702457,16.715116260578437
19,86,323.7943925233645,320.4859813084112,86.27892652771756,86.614474638114,19.871801050606063,18.154016273702457
20,86,551.425925925926,546.3333333333334,96.3083661732035,96.6818678551168,36.47608118563621,19.871801050606063
1,87,4876.745283018868,4826.377358490566,106.1284556941388,106.56529832372456,3.180796486470582,0.0
2,87,3880.9158878504672,3841.7476635514017,101.36502968019961,101.79026270200252,4.199298262995014,3.180796486470582
3,87,1445.4299065420562,1430.5981308411215,95.57982659975357,95.98169056286538,5.272455687869069,4.199298262995014
4,87,2625.4766355140187,2598.766355140187,91.2598849198684,91.63809673925999,6.193740596260733,5.272455687869069
5,87,3329.11214953271,3296.07476635514,88.41954844684655,88.79512799800926,7.05506785778168,6.193740596260733
6,87,705.2897196261682,698.4672897196261,86.13984572236355,86.46638996373507,7.953231296132531,7.05506785778168
7,87,576.8425925925926,570.8703703703703,85.2096766650875,85.54678271423901,9.018858595419156,7.953231296132531
8,87,423.14018691588785,419.14018691588785,82.81594260886278,83.13333571473662,9.988970078469205,9.018858595419156
9,87,600.3084112149533,594.0934579439253,83.45666996578169,83.82050461262556,10.72513829060439,9.988970078469205
10,87,425.5420560747664,421.06542056074767,85.72631156440676,86.08473247829497,11.48754368614339,10.72513829060439
11,87,438.98130841121497,434.5233644859813,84.27218069487414,84.61612655323708,12.092084039119785,11.48754368614339
12,87,454.4018691588785,449.9626168224299,83.62752977714628,84.02097381939751,12.748421000557512,12.092084039119785
13,87,409.5420560747664,405.32710280373834,85.97505469980352,86.30748121419781,13.501331419788942,12.748421000557512
14,87,504.6111111111111,499.00925925925924,88.26809342644096,88.64100299542622,14.1931526288167,13.501331419788942
15,87,335.0841121495327,331.5140186915888,83.96926612027133,84.30061459278312,14.956788839614688,14.1931526288167
16,87,461.2710280373832,456.70093457943926,87.13244913176204,87.47002479681737,15.829313623743104,14.956788839614688
17,87,333.6261682242991,330.4299065420561,83.58540149649397,83.89611487000087,16.715116260578437,15.829313623743104
18,87,571.6728971962617,565.9719626168225,86.3750178129176,86.6883799849576,18.154016273702457,16.715116260578437
19,87,322.1588785046729,319.05607476635515,85.11674091913159,85.43295315712696,19.871801050606063,18.154016273702457
20,87,549.2870370370371,544.5,96.19857153930424,96.55315125754366,36.47608118563621,19.871801050606063
1,88,4878.7830188679245,4828.424528301887,106.02715829530536,106.46155318548021,3.180796486470582,0.0
2,88,3875.448598130841,3835.542056074766,101.44003469939626,101.86681683297908,4.199298262995014,3.180796486470582
3,88,1443.5327102803737,1428.6915887850466,95.73007602737604,96.13006226695764,5.272455687869069,4.199298262995014
4,88,2630.644859813084,2603.532710280374,91.20160161649778,91.64460089621682,6.193740596260733,5.272455687869069
5,88,3337.308411214953,3303.822429906542,88.20140725786943,88.56489465322383,7.05506785778168,6.193740596260733
6,88,703.8598130841121,697.1495327102804,85.96216350301805,86.29395462045335,7.953231296132531,7.05506785778168
7,88,572.2685185185185,566.7777777777778,84.71618856810838,85.03820065725549,9.018858595419156,7.953231296132531
8,88,424.6448598130841,420.5327102803738,83.04945246060373,83.40778763359761,9.988970078469205,9.018858595419156
9,88,597.7009345794393,592.1401869158879,83.69897877700723,84.03657681632018,10.72513829060439,9.988970078469205
10,88,431.3551401869159,427.2616822429907,85.15937078703261,85.4795162285512,11.48754368614339,10.72513829060439
11,88,436.98130841121497,432.14953271028037,84.56165834159188,84.9395792450943,12.092084039119785,11.48754368614339
12,88,454.0373831775701,450.01869158878503,83.31931318739684,83.63397573120106,12.748421000557512,12.092084039119785
13,88,407.2429906542056,403.4299065420561,85.24574818934596,85.57894389634534,13.501331419788942,12.748421000557512
14,88,501.44444444444446,496.98148148148147,88.12915959311312,88.45373376783424,14.1931526288167,13.501331419788942
15,88,336.8785046728972,333.1682242990654,84.13894965269034,84.53470110946384,14.956788839614688,14.1931526288167
16,88,459.06542056074767,454.78504672897196,86.84512011905136,87.16263288061454,15.829313623743104,14.956788839614688
17,88,337.1121495327103,333.8130841121495,84.29156343976388,84.60408354792008,16.715116260578437,15.829313623743104
18,88,571.0747663551402,565.4392523364486,86.51051912488347,86.84191397258341,18.154016273702457,16.715116260578437
19,88,323.41121495327104,320.23364485981307,86.15612211469524,86.51573776515129,19.871801050606063,18.154016273702457
20,88,547.574074074074,542.675925925926,96.32428897979376,96.67116670612614,36.47608118563621,19.871801050606063
1,89,4879.433962264151,4829.320754716981,106.0778769484539,106.51579699882497,3.180796486470582,0.0
2,89,3876.822429906542,3837.96261682243,101.43637637039481,101.84064987772076,4.199298262995014,3.180796486470582
3,89,1443.3831775700935,1428.8971962616822,95.67488556289531,96.07766404198969,5.272455687869069,4.199298262995014
4,89,2627.96261682243,2600.7102803738317,91.17259274869036,91.57976723129676,6.193740596260733,5.272455687869069
5,89,3324.504672897196,3291.196261682243,88.29428354440766,88.65478437670752,7.05506785778168,6.193740596260733
6,89,705.803738317757,698.5046728971963,86.08841963759319,86.44783460764265,7.953231296132531,7.05506785778168
7,89,574.6018518518518,569.074074074074,84.96347695922161,85.30410824858272,9.018858595419156,7.953231296132531
8,89,422.9065420560748,418.94392523364485,82.86142413900262,83.18324260315282,9.988970078469205,9.018858595419156
9,89,596.0560747663551,590.2336448598131,82.97018224759259,83.29113778945363,10.72513829060439,9.988970078469205
10,89,428.76635514018693,424.5327102803738,85.51653557445472,85.84666900441017,11.48754368614339,10.72513829060439
11,89,444.14953271028037,439.6261682242991,83.88615004121651,84.22471284962877,12.092084039119785,11.48754368614339
12,89,455.38317757009344,450.6448598130841,83.74388295186556,84.11519336393332,12.748421000557512,12.092084039119785
13,89,408.3738317757009,404.2803738317757,85.6648772569825,85.99665556089174,13.501331419788942,12.748421000557512
14,89,499.75,494.73148148148147,88.17936038604867,88.56168569311592,14.1931526288167,13.501331419788942
15,89,335.41121495327104,332.0747663551402,84.53960210149616,84.88625016419253,14.956788839614688,14.1931526288167
16,89,466.1121495327103,461.4485981308411,86.73589221702123,87.0708274934576,15.829313623743104,14.956788839614688
17,89,334.5233644859813,330.9626168224299,83.69818299046348,84.03139815483044,16.715116260578437,15.829313623743104
18,89,568.2056074766355,562.607476635514,86.33944222236686,86.68388376271518,18.154016273702457,16.715116260578437
19,89,325.1121495327103,321.77570093457945,85.72078540200735,86.09471528016411,19.871801050606063,18.154016273702457
20,89,552.1574074074074,546.5648148148148,95.24826149638075,95.59901071657863,36.47608118563621,19.871801050606063
1,90,4875.2169811320755,4827.018867924528,106.18230872395598,106.6070870385571,3.180796486470582,0.0
2,90,3881.9532710280373,3841.07476635514,101.45554361852683,101.88670017806729,4.199298262995014,3.180796486470582
3,90,1448.9906542056074,1433.7757009345794,95.63363724753684,96.03028483018636,5.272455687869069,4.199298262995014
4,90,2632.177570093458,2604.92523364486,91.27378550699291,91.6907009033268,6.193740596260733,5.272455687869069
5,90,3320.8598130841124,3287.8317757009345,88.42134495466367,88.79560938793315,7.05506785778168,6.193740596260733
6,90,705.0934579439253,698.0747663551402,86.24683994885827,86.59542317052448,7.953231296132531,7.05506785778168
7,90,577.3425925925926,571.7314814814815,84.91740941704614,85.25148832299776,9.018858595419156,7.953231296132531
8,90,423.0934579439252,418.8878504672897,82.88912708422964,83.21567136529951,9.988970078469205,9.018858595419156
9,90,595.5140186915888,589.7476635514018,83.59048686252713,83.89980071849396,10.72513829060439,9.988970078469205
10,90,426.66355140186914,422.4018691588785,85.5992938994325,85.94529813758376,11.48754368614339,10.72513829060439
11,90,437.42056074766356,433.0841121495327,84.32835059410172,84.66199795595708,12.092084039119785,11.48754368614339
12,90,452.58878504672896,447.9065420560748,83.23003192327437,83.59763976457454,12.748421000557512,12.092084039119785
13,90,410.78504672897196,406.6448598130841,85.56526008593289,85.8939290748912,13.501331419788942,12.748421000557512
14,90,501.10185185185185,495.9537037037037,88.40272244726111,88.76173084004031,14.1931526288167,13.501331419788942
15,90,338.68224299065423,335.32710280373834,83.86178974287317,84.1951413325212,14.956788839614688,14.1931526288167
16,90,463.9906542056075,459.2803738317757,86.93623794950226,87.28451842430194,15.829313623743104,14.956788839614688
17,90,335.78504672897196,332.22429906542055,83.63403977723102,83.94891788021526,16.715116260578437,15.829313623743104
18,90,569.9626168224299,564.3084112149533,86.25508694884861,86.59782759909814,18.154016273702457,16.715116260578437
19,90,318.4018691588785,315.3644859813084,86.54764271455961,86.90138246945678,19.871801050606063,18.154016273702457
20,90,552.8148148148148,547.3703703703703,95.64338617020985,96.01419898156925,36.47608118563621,19.871801050606063
1,91,4867.490566037736,4818.509433962264,106.16196317418238,106.62632043435417,3.180796486470582,0.0
2,91,3881.3177570093458,3842.2429906542056,101.47728795697596,101.87645654356642,4.199298262995014,3.180796486470582
3,91,1453.8317757009345,1438.6355140186915,95.43142518685165,95.82343743967135,5.272455687869069,4.199298262995014
4,91,2619.07476635514,2593.0654205607475,91.28361165569967,91.64658075612567,6.193740596260733,5.272455687869069
5,91,3341.1495327102803,3307.785046728972,88.65922329396606,89.03323165031095,7.05506785778168,6.193740596260733
6,91,704.4766355140187,697.8224299065421,86.26271748812238,86.61334571056838,7.953231296132531,7.05506785778168
7,91,575.9351851851852,569.6574074074074,84.94462842897286,85.34519585101353,9.018858595419156,7.953231296132531
8,91,421.78504672897196,417.8224299065421,82.99928831216822,83.33637666877918,9.988970078469205,9.018858595419156
9,91,597.8317757009346,591.2803738317757,83.36276865831938,83.6956780914745,10.72513829060439,9.988970078469205
10,91,428.3644859813084,424.0747663551402,85.04480190963756,85.39867876274381,11.48754368614339,10.72513829060439
11,91,437.7289719626168,433.0093457943925,84.22406343660109,84.58968689130072,12.092084039119785,11.48754368614339
12,91,455.10280373831773,450.85046728971963,83.30164206018286,83.6296762401856,12.748421000557512,12.092084039119785
13,91,413.7196261682243,409.5607476635514,85.12600856012564,85.46975768647093,13.501331419788942,12.748421000557512
14,91,502.1759259259259,497.287037037037,88.21663447918156,88.55855183618613,14.1931526288167,13.501331419788942
15,91,336.60747663551405,333.1588785046729,84.17668729880099,84.49323687722331,14.956788839614688,14.1931526288167
16,91,458.8411214953271,453.7383177570093,87.42220734402945,87.79331524207487,15.829313623743104,14.956788839614688
17,91,335.8785046728972,332.8317757009346,83.44910982477259,83.78477498669766,16.715116260578437,15.829313623743104
18,91,570.1775700934579,564.2710280373832,85.54426364396856,85.87042249969923,18.154016273702457,16.715116260578437
19,91,322.2803738317757,319.1682242990654,85.35099275065471,85.68428962656841,19.871801050606063,18.154016273702457
20,91,545.2407407407408,540.25,96.4370011773314,96.80669103009949,36.47608118563621,19.871801050606063
1,92,4861.8490566037735,4812.38679245283,106.33739043063892,106.77724211370963,3.180796486470582,0.0
2,92,3880.1869158878503,3841.336448598131,101.41528504927753,101.83926706685548,4.199298262995014,3.180796486470582
3,92,1449.2056074766356,1434.607476635514,94.53821237033698,94.92977923252548,5.272455687869069,4.199298262995014
4,92,2621.3271028037384,2594.644859813084,91.12009179447446,91.46992102214276,6.193740596260733,5.272455687869069
5,92,3341.1308411214955,3307.11214953271,88.30393068682783,88.64996115339966,7.05506785778168,6.193740596260733
6,92,711.0093457943925,704.0654205607476,85.70039180051354,86.06208354263498,7.953231296132531,7.05506785778168
7,92,573.2314814814815,567.2870370370371,85.24841569190701,85.59944952642638,9.018858595419156,7.953231296132531
8,92,422.9626168224299,418.5140186915888,83.47831428097867,83.82466942891358,9.988970078469205,9.018858595419156
9,92,596.7570093457944,590.8878504672897,83.81220422030783,84.09859850138801,10.72513829060439,9.988970078469205
10,92,431.61682242990656,427.50467289719626,85.12355297752742,85.44265219967419,11.48754368614339,10.72513829060439
11,92,436.57943925233644,431.9906542056075,84.39833543096714,84.66415567480158,12.092084039119785,11.48754368614339
12,92,455.8878504672897,451.31775700934577,83.3016766444391,83.63804877357946,12.748421000557512,12.092084039119785
13,92,407.7570093457944,403.60747663551405,85.46726839317304,85.8265556545731,13.501331419788942,12.748421000557512
14,92,501.50925925925924,496.50925925925924,88.31825806749872,88.63517977113581,14.1931526288167,13.501331419788942
15,92,337.33644859813086,333.7289719626168,84.01258118514916,84.37803238713501,14.956788839614688,14.1931526288167
16,92,463.13084112149534,458.8411214953271,86.97094489332238,87.29741117701529,15.829313623743104,14.956788839614688
17,92,334.5140186915888,330.9906542056075,83.75917461465812,84.0852481007682,16.715116260578437,15.829313623743104
18,92,570.1401869158879,564.7757009345794,86.53211043271166,86.86661321878613,18.154016273702457,16.715116260578437
19,92,324.49532710280374,321.2429906542056,86.38199863056519,86.75071505545331,19.871801050606063,18.154016273702457
20,92,548.925925925926,543.5277777777778,96.429675738675,96.82591309234668,36.47608118563621,19.871801050606063
1,93,4888.688679245283,4838.330188679245,106.32508363983398,106.75220278093144,3.180796486470582,0.0
2,93,3871.822429906542,3832.4205607476633,101.52247656388484,101.94033835324696,4.199298262995014,3.180796486470582
3,93,1444.2056074766356,1429.9906542056074,95.73599700662979,96.12204394226711,5.272455687869069,4.199298262995014
4,93,2612.9906542056074,2587.2242990654204,91.38971025260494,91.76272144993504,6.193740596260733,5.272455687869069
5,93,3330.504672897196,3296.3177570093458,88.49299392647623,88.88529326428244,7.05506785778168,6.193740596260733
6,93,709.5981308411215,702.4392523364486,85.67712821271701,86.04851056561735,7.953231296132531,7.05506785778168
7,93,575.3055555555555,569.7777777777778,84.89963151334149,85.23178588350662,9.018858595419156,7.953231296132531
8,93,423.33644859813086,419.22429906542055,82.70804519292231,83.02931271514292,9.988970078469205,9.018858595419156
9,93,600.4299065420561,594.3084112149533,83.71966971356801,84.05708874269239,10.72513829060439,9.988970078469205
10,93,425.41121495327104,421.58878504672896,85.70165587492686,86.00224300310715,11.48754368614339,10.72513829060439
11,93,439.77570093457945,435.1588785046729,84.38706750690032,84.73293388012789,12.092084039119785,11.48754368614339
12,93,452.86915887850466,448.06542056074767,84.08059551366215,84.41686026742713,12.748421000557512,12.092084039119785
13,93,409.4766355140187,405.7102803738318,85.68523596619279,85.99297491955896,13.501331419788942,12.748421000557512
14,93,505.1111111111111,500.0,87.8458360871555,88.17981887711673,14.1931526288167,13.501331419788942
15,93,336.803738317757,333.2616822429907,84.22199928129602,84.57707556597028,14.956788839614688,14.1931526288167
16,93,465.14018691588785,460.7943925233645,86.95629061282663,87.25661229564243,15.829313623743104,14.956788839614688
17,93,335.7383177570093,332.41121495327104,83.73356731375134,84.09961698981317,16.715116260578437,15.829313623743104
18,93,569.3084112149533,563.7570093457944,86.28636088095682,86.62445838595664,18.154016273702457,16.715116260578437
19,93,321.4766355140187,318.2710280373832,85.6887358635126,86.05284621078198,19.871801050606063,18.154016273702457
20,93,551.9814814814815,546.7962962962963,96.33391994997815,96.13828250128583,36.47608118563621,19.871801050606063
1,94,4889.66037735849,4838.754716981132,106.08515194952807,106.52634358667305,3.180796486470582,0.0
2,94,3868.392523364486,3828.9906542056074,101.55279909804942,101.9755397067167,4.199298262995014,3.180796486470582
3,94,1445.3271028037384,1430.3177570093458,95.67060934179563,96.0618104101625,5.272455687869069,4.199298262995014
4,94,2625.822429906542,2599.588785046729,91.28679238554051,91.64918977655053,6.193740596260733,5.272455687869069
5,94,3333.570093457944,3299.3644859813085,88.16959817223628,88.54994866944183,7.05506785778168,6.193740596260733
6,94,702.6168224299065,695.5607476635514,86.06119351539522,86.40904644580986,7.953231296132531,7.05506785778168
7,94,571.6388888888889,565.8611111111111,85.47750288584744,85.84017720551323,9.018858595419156,7.953231296132531
8,94,423.1682242990654,419.06542056074767,82.96385465305296,83.29630460026542,9.988970078469205,9.018858595419156
9,94,599.6355140186915,593.8411214953271,83.46343910535695,83.79230911922554,10.72513829060439,9.988970078469205
10,94,425.5514018691589,421.10280373831773,85.57713891545505,85.94970966827808,11.48754368614339,10.72513829060439
11,94,439.2803738317757,434.8785046728972,84.16016256906055,84.49498970171116,12.092084039119785,11.48754368614339
12,94,453.5514018691589,448.78504672897196,83.23425709159866,83.55665987213875,12.748421000557512,12.092084039119785
13,94,410.5514018691589,406.41121495327104,85.43433765216955,85.75426847528655,13.501331419788942,12.748421000557512
14,94,499.8611111111111,494.8425925925926,88.4021742818918,88.74461104228075,14.1931526288167,13.501331419788942
15,94,336.1869158878505,332.85046728971963,84.11857393689402,84.43308615608838,14.956788839614688,14.1931526288167
16,94,466.33644859813086,461.76635514018693,86.91265882675948,87.27316601216181,15.829313623743104,14.956788839614688
17,94,335.5327102803738,332.1775700934579,83.93790772053609,84.25171212038825,16.715116260578437,15.829313623743104
18,94,571.0654205607476,565.4299065420561,85.77828724933231,86.1005548615012,18.154016273702457,16.715116260578437
19,94,320.0093457943925,316.8130841121495,85.97680196517659,86.30096645559837,19.871801050606063,18.154016273702457
20,94,551.8518518518518,546.824074074074,96.1569798137326,96.49962599763595,36.47608118563621,19.871801050606063
1,95,4875.075471698113,4825.2169811320755,106.37056094291573,106.82307035842102,3.180796486470582,0.0
2,95,3866.691588785047,3826.8130841121497,101.54296667566773,101.94939662664765,4.199298262995014,3.180796486470582
3,95,1447.8785046728972,1433.1588785046729,95.45820000881218,95.87289408526168,5.272455687869069,4.199298262995014
4,95,2624.355140186916,2598.5607476635514,91.25148221742405,91.62986155403618,6.193740596260733,5.272455687869069
5,95,3328.7943925233644,3294.822429906542,88.47488835565225,88.81836767307739,7.05506785778168,6.193740596260733
6,95,707.5233644859813,700.6728971962617,86.09001011380556,86.4122025175966,7.953231296132531,7.05506785778168
7,95,575.675925925926,569.9629629629629,85.17804889153591,85.51930814707993,9.018858595419156,7.953231296132531
8,95,423.14953271028037,419.13084112149534,82.82614905240368,83.13039990452504,9.988970078469205,9.018858595419156
9,95,603.7850467289719,597.6168224299065,83.50390302842123,83.88477876794195,10.72513829060439,9.988970078469205
10,95,426.95327102803736,422.85046728971963,85.51308677654275,85.86946039367832,11.48754368614339,10.72513829060439
11,95,438.5327102803738,433.8130841121495,84.15475006705097,84.51146618905446,12.092084039119785,11.48754368614339
12,95,455.7383177570093,451.3644859813084,83.46969281618534,83.79490685717799,12.748421000557512,12.092084039119785
13,95,407.22429906542055,402.78504672897196,85.874245490976,86.23773414801765,13.501331419788942,12.748421000557512
14,95,501.74074074074076,496.81481481481484,88.12552006833673,88.46967442999974,14.1931526288167,13.501331419788942
15,95,339.10280373831773,335.9065420560748,83.97738352875109,84.31981577500973,14.956788839614688,14.1931526288167
16,95,462.78504672897196,458.2897196261682,86.91827323793159,87.23825378185157,15.829313623743104,14.956788839614688
17,95,334.14018691588785,330.8130841121495,83.95666577913559,84.28061886391184,16.715116260578437,15.829313623743104
18,95,572.0280373831775,566.607476635514,85.97527509884087,86.32046448251329,18.154016273702457,16.715116260578437
19,95,325.22429906542055,321.94392523364485,86.10294609695052,86.45248005608215,19.871801050606063,18.154016273702457
20,95,552.5092592592592,548.1296296296297,95.62639207077106,95.94839433166935,36.47608118563621,19.871801050606063
1,96,4867.971698113208,4819.367924528302,106.58954804822147,107.0134732840398,3.180796486470582,0.0
2,96,3875.4392523364486,3835.785046728972,101.42387201652762,101.84725277059911,4.199298262995014,3.180796486470582
3,96,1443.4859813084113,1428.3271028037384,95.66878385874877,96.05798955664632,5.272455687869069,4.199298262995014
4,96,2621.2242990654204,2595.728971962617,91.1277738256188,91.49102900714857,6.193740596260733,5.272455687869069
5,96,3324.345794392523,3291.2803738317757,88.30893154420076,88.67829715519147,7.05506785778168,6.193740596260733
6,96,709.4205607476636,701.9532710280374,86.00900075916002,86.36523882205627,7.953231296132531,7.05506785778168
7,96,572.8981481481482,566.5833333333334,85.22254348219015,85.6032019671313,9.018858595419156,7.953231296132531
8,96,425.9906542056075,421.98130841121497,83.18211124572291,83.50913717459956,9.988970078469205,9.018858595419156
9,96,600.0654205607476,593.6728971962617,83.29941715646542,83.59229237352571,10.72513829060439,9.988970078469205
10,96,428.31775700934577,423.86915887850466,85.3097151594864,85.65072454672985,11.48754368614339,10.72513829060439
11,96,438.7570093457944,434.66355140186914,84.4738377415808,84.79055216256414,12.092084039119785,11.48754368614339
12,96,451.69158878504675,447.1869158878505,83.79235497056322,84.11730987694148,12.748421000557512,12.092084039119785
13,96,412.6542056074766,408.6542056074766,85.269744073016,85.60188405794078,13.501331419788942,12.748421000557512
14,96,506.9166666666667,502.05555555555554,88.02717088799874,88.36811150607565,14.1931526288167,13.501331419788942
15,96,336.8224299065421,333.67289719626166,84.49105964030619,84.81520645324781,14.956788839614688,14.1931526288167
16,96,467.42056074766356,462.93457943925233,86.85124234861748,87.25646432295474,15.829313623743104,14.956788839614688
17,96,335.05607476635515,331.69158878504675,83.48724873294452,83.82111705228365,16.715116260578437,15.829313623743104
18,96,572.4579439252336,566.5327102803739,86.36628964440199,86.71083081273277,18.154016273702457,16.715116260578437
19,96,322.9906542056075,319.78504672897196,85.14279116799477,85.46174491807251,19.871801050606063,18.154016273702457
20,96,555.8796296296297,551.1296296296297,96.12226212661952,96.44021798140517,36.47608118563621,19.871801050606063
1,97,4871.726415094339,4822.122641509434,106.22347068283295,106.65143749352967,3.180796486470582,0.0
2,97,3870.214953271028,3831.9065420560746,101.58074252250027,101.96387924424444,4.199298262995014,3.180796486470582
3,97,1445.5046728971963,1431.3364485981308,95.66871054701517,96.02299612097356,5.272455687869069,4.199298262995014
4,97,2622.8971962616824,2595.8691588785045,91.22136689456622,91.59985246165769,6.193740596260733,5.272455687869069
5,97,3335.6355140186915,3302.0934579439254,88.48268424632512,88.8564453314347,7.05506785778168,6.193740596260733
6,97,706.4859813084112,699.2056074766355,85.96582208601234,86.32529246575471,7.953231296132531,7.05506785778168
7,97,573.574074074074,567.1851851851852,85.15467159951602,85.52176436214005,9.018858595419156,7.953231296132531
8,97,425.4579439252336,421.4392523364486,83.11880411238631,83.44283776400547,9.988970078469205,9.018858595419156
9,97,597.981308411215,592.0467289719626,83.54418404981621,83.89779895874752,10.72513829060439,9.988970078469205
10,97,427.196261682243,422.77570093457945,85.42556917707972,85.81335411882026,11.48754368614339,10.72513829060439
11,97,440.3457943925234,435.9252336448598,84.4062453517271,84.77895519969044,12.092084039119785,11.48754368614339
12,97,452.61682242990656,448.6542056074766,83.72039197466955,84.1739489768852,12.748421000557512,12.092084039119785
13,97,410.3644859813084,406.39252336448595,85.2317986029963,85.54877389685186,13.501331419788942,12.748421000557512
14,97,502.962962962963,497.5462962962963,88.08290056428575,88.45346371091715,14.1931526288167,13.501331419788942
15,97,336.14018691588785,332.5233644859813,84.31066092818727,84.62734123204886,14.956788839614688,14.1931526288167
16,97,465.2616822429907,460.78504672897196,86.92964597411716,87.24048732693353,15.829313623743104,14.956788839614688
17,97,336.803738317757,333.10280373831773,83.65079690798039,84.01403967527266,16.715116260578437,15.829313623743104
18,97,572.7570093457944,566.7570093457944,86.18037558959269,86.72074252481518,18.154016273702457,16.715116260578437
19,97,322.38317757009344,319.25233644859816,86.38825202812066,86.74322553348402,19.871801050606063,18.154016273702457
20,97,552.9907407407408,547.7407407407408,96.39905879098306,96.78809573258552,36.47608118563621,19.871801050606063
1,98,4883.792452830188,4833.028301886792,106.16417398141057,106.60594789387123,3.180796486470582,0.0
2,98,3871.3644859813085,3832.2616822429904,101.77866432995344,102.18609767088515,4.199298262995014,3.180796486470582
3,98,1446.6822429906542,1431.1869158878505,95.57695896088151,95.97142354396988,5.272455687869069,4.199298262995014
4,98,2625.663551401869,2598.4766355140187,91.33731162614049,91.71311860014944,6.193740596260733,5.272455687869069
5,98,3329.158878504673,3296.6822429906542,88.422609341023,88.79194619461221,7.05506785778168,6.193740596260733
6,98,708.5046728971963,701.4859813084112,85.90457748205732,86.2716868484908,7.953231296132531,7.05506785778168
7,98,575.9537037037037,570.1851851851852,85.25919343689523,85.60914218663629,9.018858595419156,7.953231296132531
8,98,424.2803738317757,420.32710280373834,83.03508676832469,83.33676123817459,9.988970078469205,9.018858595419156
9,98,597.2336448598131,590.626168224299,83.51198474989413,83.84878995010062,10.72513829060439,9.988970078469205
10,98,423.21495327102804,419.21495327102804,85.6326334119867,85.93121882429422,11.48754368614339,10.72513829060439
11,98,436.4859813084112,432.2710280373832,84.40521918327569,84.74565751849072,12.092084039119785,11.48754368614339
12,98,453.8224299065421,449.4672897196262,83.40860810852566,83.72414528156918,12.748421000557512,12.092084039119785
13,98,413.78504672897196,409.60747663551405,85.45615137488582,85.81203805634237,13.501331419788942,12.748421000557512
14,98,499.73148148148147,494.3333333333333,88.23936140509151,88.61407933029422,14.1931526288167,13.501331419788942
15,98,338.1869158878505,334.7383177570093,83.51893045377642,83.85102043944003,14.956788839614688,14.1931526288167
16,98,460.4672897196262,456.04672897196264,87.25988463343182,87.59021960097101,15.829313623743104,14.956788839614688
17,98,337.04672897196264,333.3551401869159,83.56732740050784,83.91910201492193,16.715116260578437,15.829313623743104
18,98,572.6822429906542,566.8785046728972,85.4366426923423,85.7768883831831,18.154016273702457,16.715116260578437
19,98,319.6355140186916,316.6355140186916,86.99736288757707,87.31708487391616,19.871801050606063,18.154016273702457
20,98,551.2222222222222,546.1203703703703,96.25624509852443,96.61118566618092,36.47608118563621,19.871801050606063
1,99,4875.547169811321,4825.575471698113,106.21022698087383,106.64786462173966,3.180796486470582,0.0
2,99,3879.551401869159,3840.0186915887853,101.31834814967016,101.73251418581758,4.199298262995014,3.180796486470582
3,99,1442.3738317757009,1428.5140186915887,95.64378692465714,96.05893278522039,5.272455687869069,4.199298262995014
4,99,2621.0467289719627,2594.9065420560746,91.34772667305855,91.71577514182822,6.193740596260733,5.272455687869069
5,99,3336.654205607477,3303.411214953271,88.21915680037193,88.5808561208861,7.05506785778168,6.193740596260733
6,99,706.5514018691589,699.2336448598131,86.18266441432641,86.52365647510476,7.953231296132531,7.05506785778168
7,99,577.0185185185185,571.0277777777778,85.01234321638111,85.3721376242178,9.018858595419156,7.953231296132531
8,99,427.67289719626166,423.69158878504675,83.16955985595794,83.46634969286987,9.988970078469205,9.018858595419156
9,99,593.8691588785047,587.3831775700935,83.46045670026093,83.79152854890711,10.72513829060439,9.988970078469205
10,99,427.6261682242991,422.95327102803736,85.46354915276054,85.81436598568322,11.48754368614339,10.72513829060439
11,99,440.8224299065421,436.21495327102804,84.10632660144132,84.47793798133422,12.092084039119785,11.48754368614339
12,99,455.1588785046729,450.76635514018693,83.06782745289397,83.43132848241235,12.748421000557512,12.092084039119785
13,99,408.49532710280374,404.5233644859813,85.54811128315677,85.89955368531085,13.501331419788942,12.748421000557512
14,99,503.77777777777777,499.23148148148147,87.9795209944724,88.31053953479244,14.1931526288167,13.501331419788942
15,99,332.7943925233645,329.5514018691589,84.33819146647164,84.65826340980789,14.956788839614688,14.1931526288167
16,99,463.38317757009344,458.78504672897196,86.88702559637419,87.23170439496826,15.829313623743104,14.956788839614688
17,99,333.8317757009346,330.3644859813084,83.96906306992513,84.29420795727466,16.715116260578437,15.829313623743104
18,99,568.7383177570093,562.9906542056075,86.40896608179148,86.73471974537549,18.154016273702457,16.715116260578437
19,99,322.4018691588785,318.67289719626166,85.94905021335319,86.30546138420436,19.871801050606063,18.154016273702457
20,99,552.1018518518518,546.9166666666666,96.22617674305768,96.58137215849247,36.47608118563621,19.871801050606063
1,100,4880.801886792453,4830.745283018868,106.21923234022226,106.6751594263048,3.180796486470582,0.0
2,100,3874.2429906542056,3836.0280373831774,101.43723250391866,101.84177016356199,4.199298262995014,3.180796486470582
3,100,1443.5140186915887,1428.4392523364486,95.71045395567397,96.18105955319162,5.272455687869069,4.199298262995014
4,100,2631.1869158878503,2604.878504672897,91.2041510991906,91.57230449979612,6.193740596260733,5.272455687869069
5,100,3331.2429906542056,3297.5981308411215,88.44087368310116,88.79596861040477,7.05506785778168,6.193740596260733
6,100,705.1588785046729,697.803738317757,85.80276275755887,86.15549714900055,7.953231296132531,7.05506785778168
7,100,575.3796296296297,569.8148148148148,84.98952648823622,85.32128118696636,9.018858595419156,7.953231296132531
8,100,421.9158878504673,418.01869158878503,82.70993068696309,83.0301079500712,9.988970078469205,9.018858595419156
9,100,591.6728971962617,586.2149532710281,83.09747969778039,83.41482251769753,10.72513829060439,9.988970078469205
10,100,428.4579439252336,424.6355140186916,85.25879843446367,85.59455207796555,11.48754368614339,10.72513829060439
11,100,438.4766355140187,434.2710280373832,84.29630023286492,84.6400220400361,12.092084039119785,11.48754368614339
12,100,454.7102803738318,450.05607476635515,83.5839774568349,83.91946983193564,12.748421000557512,12.092084039119785
13,100,411.22429906542055,406.7943925233645,85.1921078566378,85.54679912134891,13.501331419788942,12.748421000557512
14,100,502.0462962962963,497.51851851851853,88.22334169126832,88.55078848957082,14.1931526288167,13.501331419788942
15,100,333.9252336448598,330.7196261682243,83.85340089056044,84.2146741109563,14.956788839614688,14.1931526288167
16,100,461.38317757009344,456.85046728971963,87.09377264110157,87.444704519944,15.829313623743104,14.956788839614688
17,100,334.78504672897196,331.7383177570093,83.73946644373365,84.04117308488466,16.715116260578437,15.829313623743104
18,100,572.626168224299,567.2990654205607,85.70934427557404,86.10770238704815,18.154016273702457,16.715116260578437
19,100,324.0934579439252,320.9626168224299,85.323772127036,85.65290420995183,19.871801050606063,18.154016273702457
20,100,551.8055555555555,546.8518518518518,96.05924379356995,96.39033072906055,36.47608118563621,19.871801050606063
