ventile_id,simulation_id,real_rb_mean,real_ra_mean,res_b_mean,res_a_mean,dist_ij_maximum,dist_ij_minimum
1,1,277.71263478035627,278.5199824590468,1632.398148148148,1633.6851851851852,3.2207496030095855,0.0
2,1,247.80941441361205,248.65925934083546,1667.9444444444443,1669.0277777777778,4.209577041627323,3.2207496030095855
3,1,248.73512977156201,249.594920775498,1429.4259259259259,1430.1666666666667,5.273829034979965,4.209577041627323
4,1,226.5820911449204,227.492337963689,1410.5833333333333,1412.388888888889,6.2193607634696795,5.273829034979965
5,1,244.95230732059775,245.63019265053555,1238.5555555555557,1238.388888888889,7.099010562158709,6.2193607634696795
6,1,239.96183677506775,240.70535317805866,1185.8148148148148,1185.7407407407406,8.009865765886136,7.099010562158709
7,1,231.5299442394233,232.23322229103456,1215.1296296296296,1215.5555555555557,9.067303845096996,8.009865765886136
8,1,233.50646541785045,233.922897225697,1076.212962962963,1076.037037037037,10.04996750303151,9.067303845096996
9,1,224.44215322155483,225.18500805192605,1077.8333333333333,1077.9722222222222,10.757118479298125,10.04996750303151
10,1,220.97598983862565,220.90684304547563,1101.962962962963,1100.888888888889,11.497848880095894,10.757118479298125
11,1,212.9919453038883,213.49357123020835,1026.5925925925926,1026.888888888889,12.109091001333718,11.497848880095894
12,1,204.66338855288973,204.8813125608697,1128.861111111111,1128.0277777777778,12.807556292781596,12.109091001333718
13,1,209.8280696790864,209.96853794582455,983.2870370370371,982.4722222222222,13.534002919449897,12.807556292781596
14,1,220.03998299041632,220.32358952667434,935.9722222222222,935.6388888888889,14.213223355492133,13.534002919449897
15,1,205.03175786380018,205.08115763259175,906.675925925926,906.0185185185185,14.990022927080933,14.213223355492133
16,1,210.45216451874825,210.61547503959687,858.8518518518518,859.2314814814815,15.857134762354208,14.990022927080933
17,1,205.25287084896843,205.3921225150194,851.4444444444445,850.7592592592592,16.73930680095249,15.857134762354208
18,1,186.10488880407388,186.20652692014443,1016.5092592592592,1016.5092592592592,18.185193908963573,16.73930680095249
19,1,169.53055297770737,169.7407499095645,921.0555555555555,921.0,20.03230371924933,18.185193908963573
20,1,122.85567501747045,123.10846065852968,1380.3055555555557,1379.0185185185185,36.47608118563621,20.03230371924933
1,2,284.5285738761743,285.5980253676345,1629.4537037037037,1630.462962962963,3.2207496030095855,0.0
2,2,246.5156598282402,247.26747785959725,1660.9074074074074,1662.351851851852,4.209577041627323,3.2207496030095855
3,2,254.04376384370764,255.0709343612984,1435.9444444444443,1436.8148148148148,5.273829034979965,4.209577041627323
4,2,227.868053939212,228.7416820482797,1411.1203703703704,1411.3333333333333,6.2193607634696795,5.273829034979965
5,2,243.62108662750057,244.40429558334728,1228.1574074074074,1228.9074074074074,7.099010562158709,6.2193607634696795
6,2,242.474672020612,243.21545490024332,1193.898148148148,1194.0833333333333,8.009865765886136,7.099010562158709
7,2,233.76084155431923,234.11988140436512,1221.7407407407406,1221.388888888889,9.067303845096996,8.009865765886136
8,2,232.29236666302552,232.16160326581698,1077.648148148148,1077.111111111111,10.04996750303151,9.067303845096996
9,2,225.12938558902812,225.6274606770214,1078.5,1078.851851851852,10.757118479298125,10.04996750303151
10,2,218.66706947334865,219.11425189472507,1099.287037037037,1098.3703703703704,11.497848880095894,10.757118479298125
11,2,211.14037244172698,211.2973143333183,1029.611111111111,1029.1944444444443,12.109091001333718,11.497848880095894
12,2,209.02716214432772,209.2947865718242,1130.1296296296296,1129.9722222222222,12.807556292781596,12.109091001333718
13,2,209.2261956387814,209.57823735356058,980.6203703703703,980.3796296296297,13.534002919449897,12.807556292781596
14,2,228.6577600702024,228.88572320148657,936.8703703703703,936.8981481481482,14.213223355492133,13.534002919449897
15,2,204.73672719245255,204.88303474806276,903.9351851851852,903.4722222222222,14.990022927080933,14.213223355492133
16,2,208.4301604092348,208.53562190958314,859.9351851851852,859.1574074074074,15.857134762354208,14.990022927080933
17,2,205.89908910918754,206.11302435943387,851.0925925925926,850.6574074074074,16.73930680095249,15.857134762354208
18,2,188.43310791697954,189.06158183821427,1015.925925925926,1016.0185185185185,18.185193908963573,16.73930680095249
19,2,169.5602526888481,169.808825660096,922.2685185185185,922.2407407407408,20.03230371924933,18.185193908963573
20,2,117.39614394921466,117.39881024043665,1378.3703703703704,1377.75,36.47608118563621,20.03230371924933
1,3,276.9604111025254,279.9677610323906,1626.7777777777778,1627.5555555555557,3.2207496030095855,0.0
2,3,248.27610379775686,249.30610301169656,1672.5185185185185,1674.3055555555557,4.209577041627323,3.2207496030095855
3,3,253.7884798328343,254.5963774912912,1434.7407407407406,1434.351851851852,5.273829034979965,4.209577041627323
4,3,229.52106104032046,229.9714065700784,1409.0925925925926,1408.601851851852,6.2193607634696795,5.273829034979965
5,3,242.01904191279903,242.7691150750837,1232.2962962962963,1232.9814814814815,7.099010562158709,6.2193607634696795
6,3,241.20988527219907,241.47430816670973,1192.6851851851852,1192.75,8.009865765886136,7.099010562158709
7,3,231.49517782614765,231.78149634742624,1217.3055555555557,1217.0185185185185,9.067303845096996,8.009865765886136
8,3,230.03806015903925,230.4507231052002,1077.898148148148,1078.287037037037,10.04996750303151,9.067303845096996
9,3,227.40712411463562,227.62791936601494,1077.8055555555557,1077.4537037037037,10.757118479298125,10.04996750303151
10,3,220.85580303515286,221.34736731691586,1103.9259259259259,1103.5740740740741,11.497848880095894,10.757118479298125
11,3,213.43182621905387,213.65806028433454,1030.0,1029.962962962963,12.109091001333718,11.497848880095894
12,3,202.99894197472156,203.26577072505066,1124.351851851852,1124.2777777777778,12.807556292781596,12.109091001333718
13,3,208.45266360130734,208.8369459217731,976.0555555555555,976.6851851851852,13.534002919449897,12.807556292781596
14,3,238.19093982432156,238.5245654072012,938.0555555555555,937.6296296296297,14.213223355492133,13.534002919449897
15,3,205.38008867381126,205.64376007926862,906.7314814814815,906.8518518518518,14.990022927080933,14.213223355492133
16,3,211.68681682706622,211.8560806291421,863.9074074074074,863.5555555555555,15.857134762354208,14.990022927080933
17,3,206.09135811522316,206.41203022128926,854.1296296296297,853.6574074074074,16.73930680095249,15.857134762354208
18,3,187.9297466394755,187.92135309258035,1017.8611111111111,1016.75,18.185193908963573,16.73930680095249
19,3,169.05964098698183,169.26045857575687,918.7962962962963,918.7592592592592,20.03230371924933,18.185193908963573
20,3,120.23742907260092,120.74872649118525,1370.4814814814815,1370.4074074074074,36.47608118563621,20.03230371924933
1,4,283.3881220437408,284.8100650784159,1630.537037037037,1631.2962962962963,3.2207496030095855,0.0
2,4,247.55249229213774,248.2233977783348,1674.4259259259259,1674.5277777777778,4.209577041627323,3.2207496030095855
3,4,256.99835580525024,257.92541805007414,1433.6851851851852,1434.0185185185185,5.273829034979965,4.209577041627323
4,4,228.02514044994362,228.74482578124295,1416.2962962962963,1416.851851851852,6.2193607634696795,5.273829034979965
5,4,242.41846754579396,243.1694176094015,1229.9814814814815,1230.2037037037037,7.099010562158709,6.2193607634696795
6,4,239.74338160558995,240.31121623689128,1190.6944444444443,1191.2037037037037,8.009865765886136,7.099010562158709
7,4,232.3114739362011,232.76551021643184,1224.361111111111,1224.7407407407406,9.067303845096996,8.009865765886136
8,4,232.8098537788402,233.1451718257624,1084.138888888889,1084.2685185185185,10.04996750303151,9.067303845096996
9,4,224.87368841489467,225.03415745411309,1075.1851851851852,1074.2777777777778,10.757118479298125,10.04996750303151
10,4,220.07833210460478,220.44081012779156,1094.5185185185185,1094.1296296296296,11.497848880095894,10.757118479298125
11,4,213.1345209629098,213.5295769126193,1026.4074074074074,1026.0185185185185,12.109091001333718,11.497848880095894
12,4,212.87780599254324,213.20614116738292,1118.287037037037,1118.2037037037037,12.807556292781596,12.109091001333718
13,4,209.58424639709952,209.7578243876142,979.5,979.2962962962963,13.534002919449897,12.807556292781596
14,4,220.50086062080032,220.76137431421515,941.3055555555555,941.175925925926,14.213223355492133,13.534002919449897
15,4,204.12380956257496,204.43060292400267,904.6944444444445,904.5185185185185,14.990022927080933,14.213223355492133
16,4,211.56581423726837,211.9002703180555,859.8981481481482,859.9444444444445,15.857134762354208,14.990022927080933
17,4,205.31885313100653,205.45504619871934,851.8518518518518,851.6296296296297,16.73930680095249,15.857134762354208
18,4,186.53964955188584,186.8395091147413,1015.2592592592592,1015.2870370370371,18.185193908963573,16.73930680095249
19,4,169.1247025802113,169.25481710221882,916.6851851851852,916.2314814814815,20.03230371924933,18.185193908963573
20,4,120.64551889862604,120.39253285470426,1377.7037037037037,1377.5925925925926,36.47608118563621,20.03230371924933
1,5,280.83777766697,279.2193026262448,1636.0092592592594,1637.638888888889,3.2207496030095855,0.0
2,5,249.58158866672258,250.31757405539307,1668.5185185185185,1669.0925925925926,4.209577041627323,3.2207496030095855
3,5,254.38219792320965,255.17460624946997,1428.75,1428.6759259259259,5.273829034979965,4.209577041627323
4,5,226.7898932456755,227.4622834986796,1413.5,1413.6203703703704,6.2193607634696795,5.273829034979965
5,5,244.30264786730464,244.8940885220267,1237.037037037037,1237.4259259259259,7.099010562158709,6.2193607634696795
6,5,239.27805601495726,239.13948434805644,1188.6944444444443,1188.75,8.009865765886136,7.099010562158709
7,5,232.9585447853425,233.2941367530398,1219.648148148148,1219.3055555555557,9.067303845096996,8.009865765886136
8,5,230.16746062815852,230.92153568121134,1076.2962962962963,1076.4814814814815,10.04996750303151,9.067303845096996
9,5,225.67510290072502,226.1526403365218,1076.9074074074074,1077.0833333333333,10.757118479298125,10.04996750303151
10,5,221.91361980943657,221.97809183572167,1101.4351851851852,1100.8240740740741,11.497848880095894,10.757118479298125
11,5,212.84273987546402,213.08742015907632,1024.8055555555557,1024.4259259259259,12.109091001333718,11.497848880095894
12,5,211.85932165083224,212.22366527728278,1130.287037037037,1130.3055555555557,12.807556292781596,12.109091001333718
13,5,209.15215512474805,209.4552613721866,984.1574074074074,984.675925925926,13.534002919449897,12.807556292781596
14,5,208.48385985029796,208.71891968008742,937.4629629629629,937.175925925926,14.213223355492133,13.534002919449897
15,5,204.57239150194454,204.7750545808694,904.8518518518518,903.75,14.990022927080933,14.213223355492133
16,5,211.19936846750056,211.60962373658,865.0277777777778,864.7962962962963,15.857134762354208,14.990022927080933
17,5,209.6736928458469,209.9625608543313,852.3611111111111,852.0277777777778,16.73930680095249,15.857134762354208
18,5,186.39505179901482,186.26977285011932,1014.25,1013.7407407407408,18.185193908963573,16.73930680095249
19,5,167.96954572908376,168.35520371580134,910.824074074074,911.3703703703703,20.03230371924933,18.185193908963573
20,5,117.14047957915675,116.80455498826895,1374.5925925925926,1374.25,36.47608118563621,20.03230371924933
1,6,288.35458240090344,289.16575483463606,1635.537037037037,1635.6574074074074,3.2207496030095855,0.0
2,6,247.21965040700528,248.1945662244619,1674.898148148148,1675.138888888889,4.209577041627323,3.2207496030095855
3,6,252.3189139640155,253.29359820766228,1434.3333333333333,1434.861111111111,5.273829034979965,4.209577041627323
4,6,229.00012566107003,229.61362409515493,1412.1203703703704,1412.6203703703704,6.2193607634696795,5.273829034979965
5,6,240.79179294113086,241.35460408633443,1224.5185185185185,1224.2685185185185,7.099010562158709,6.2193607634696795
6,6,241.78012023588246,242.1859382237086,1191.1944444444443,1190.8703703703704,8.009865765886136,7.099010562158709
7,6,232.70030197971093,233.06614758459278,1215.8425925925926,1215.7777777777778,9.067303845096996,8.009865765886136
8,6,233.0064410346475,233.3418183488697,1087.3333333333333,1087.7685185185185,10.04996750303151,9.067303845096996
9,6,224.06031277871642,224.08093491904395,1075.9351851851852,1075.601851851852,10.757118479298125,10.04996750303151
10,6,220.5546636716361,220.86207724851295,1096.7962962962963,1096.9444444444443,11.497848880095894,10.757118479298125
11,6,214.8921309019028,215.21795331748993,1031.0648148148148,1030.9074074074074,12.109091001333718,11.497848880095894
12,6,209.90149024510907,210.13146836018078,1126.2222222222222,1126.351851851852,12.807556292781596,12.109091001333718
13,6,209.88575740545295,210.4466956104496,980.4722222222222,980.75,13.534002919449897,12.807556292781596
14,6,232.02421005339042,229.6500890357957,940.1851851851852,940.4722222222222,14.213223355492133,13.534002919449897
15,6,206.10801513614345,206.1401373428498,903.9537037037037,903.675925925926,14.990022927080933,14.213223355492133
16,6,208.60766909986293,209.0583883462013,862.0185185185185,861.9074074074074,15.857134762354208,14.990022927080933
17,6,205.01713972775573,205.14846010875868,851.324074074074,850.8518518518518,16.73930680095249,15.857134762354208
18,6,187.4254715339299,187.50332125181134,1012.6666666666666,1012.5370370370371,18.185193908963573,16.73930680095249
19,6,167.79033694731393,168.11395673519166,912.0277777777778,912.1018518518518,20.03230371924933,18.185193908963573
20,6,117.6221144171196,116.92362685798572,1376.9722222222222,1376.351851851852,36.47608118563621,20.03230371924933
1,7,279.61123154602916,280.8782716713874,1636.0833333333333,1636.9074074074074,3.2207496030095855,0.0
2,7,249.58833575782754,250.21897897433095,1671.9722222222222,1672.111111111111,4.209577041627323,3.2207496030095855
3,7,256.6900640292518,257.27932293989215,1435.9537037037037,1435.462962962963,5.273829034979965,4.209577041627323
4,7,228.83845286308784,229.83065175977924,1415.0833333333333,1415.8796296296296,6.2193607634696795,5.273829034979965
5,7,238.44430250765748,239.16417279079155,1225.7407407407406,1226.0833333333333,7.099010562158709,6.2193607634696795
6,7,239.8637175696786,239.97647373565965,1191.2407407407406,1190.9259259259259,8.009865765886136,7.099010562158709
7,7,232.7841972737945,233.52724102512278,1224.0185185185185,1224.7777777777778,9.067303845096996,8.009865765886136
8,7,234.6220199745179,234.68671812340523,1077.2592592592594,1076.5925925925926,10.04996750303151,9.067303845096996
9,7,224.47258083195908,225.03387217779886,1071.5740740740741,1071.638888888889,10.757118479298125,10.04996750303151
10,7,218.72340719900478,219.22238779300108,1102.638888888889,1102.4907407407406,11.497848880095894,10.757118479298125
11,7,214.46043809649615,215.2000174595305,1026.3333333333333,1026.2962962962963,12.109091001333718,11.497848880095894
12,7,204.3103672898598,204.61796790155893,1127.7777777777778,1127.8425925925926,12.807556292781596,12.109091001333718
13,7,208.91816270773603,209.17129413095932,979.8518518518518,979.6481481481482,13.534002919449897,12.807556292781596
14,7,221.73622082783345,218.69030677806458,936.574074074074,936.2129629629629,14.213223355492133,13.534002919449897
15,7,204.410614090663,204.59052316514368,901.8981481481482,901.3055555555555,14.990022927080933,14.213223355492133
16,7,208.54455728890775,209.0226508610713,863.2314814814815,863.3518518518518,15.857134762354208,14.990022927080933
17,7,205.91282949481334,206.08959738448007,849.824074074074,849.9629629629629,16.73930680095249,15.857134762354208
18,7,188.50001496654073,189.10875340478597,1013.4537037037037,1013.6944444444445,18.185193908963573,16.73930680095249
19,7,169.0956481003776,169.45127564659663,919.6018518518518,920.3888888888889,20.03230371924933,18.185193908963573
20,7,119.54513909454766,119.42245989234677,1375.3055555555557,1373.8425925925926,36.47608118563621,20.03230371924933
1,8,280.26202224324,281.0767870827265,1636.4814814814815,1636.4259259259259,3.2207496030095855,0.0
2,8,248.32642139453048,249.21184583829057,1675.8240740740741,1676.9814814814815,4.209577041627323,3.2207496030095855
3,8,257.6414741924557,258.2523015115005,1434.648148148148,1435.5092592592594,5.273829034979965,4.209577041627323
4,8,228.70370395129328,229.48359859746736,1410.4537037037037,1410.898148148148,6.2193607634696795,5.273829034979965
5,8,243.1894203582,243.71398816363484,1228.5833333333333,1228.388888888889,7.099010562158709,6.2193607634696795
6,8,241.0740785598359,242.06715003359858,1189.148148148148,1189.75,8.009865765886136,7.099010562158709
7,8,233.5648873453364,233.8952917214043,1226.138888888889,1226.0555555555557,9.067303845096996,8.009865765886136
8,8,229.86489284957722,230.66912501852022,1070.5185185185185,1070.9444444444443,10.04996750303151,9.067303845096996
9,8,223.50189164079367,224.12247953308335,1076.601851851852,1077.3148148148148,10.757118479298125,10.04996750303151
10,8,219.1866560016162,219.72593067643248,1098.111111111111,1097.898148148148,11.497848880095894,10.757118479298125
11,8,213.7692839530377,213.90846244475873,1028.25,1027.7222222222222,12.109091001333718,11.497848880095894
12,8,196.7492298931047,198.67658587758376,1127.1944444444443,1126.2962962962963,12.807556292781596,12.109091001333718
13,8,209.81431001812027,209.96626015408972,977.9722222222222,977.4537037037037,13.534002919449897,12.807556292781596
14,8,237.65314253041967,238.00299330116772,935.3888888888889,935.3796296296297,14.213223355492133,13.534002919449897
15,8,206.46400343533895,206.69600782125232,907.8796296296297,907.8055555555555,14.990022927080933,14.213223355492133
16,8,210.85261951872886,211.2158797633673,863.8333333333334,863.9722222222222,15.857134762354208,14.990022927080933
17,8,205.30393375876687,205.48309853483832,852.074074074074,851.4629629629629,16.73930680095249,15.857134762354208
18,8,186.7566835630487,186.89185527493368,1012.4351851851852,1012.0925925925926,18.185193908963573,16.73930680095249
19,8,170.20823393566786,170.3055744262217,918.4537037037037,917.3611111111111,20.03230371924933,18.185193908963573
20,8,120.24316339252027,120.37509252480577,1375.4259259259259,1375.7037037037037,36.47608118563621,20.03230371924933
1,9,283.1596591681732,283.7920486222953,1634.0833333333333,1634.9166666666667,3.2207496030095855,0.0
2,9,247.28329239787342,248.1493296354831,1666.962962962963,1667.861111111111,4.209577041627323,3.2207496030095855
3,9,251.92417015386457,252.7386581882751,1432.148148148148,1433.0740740740741,5.273829034979965,4.209577041627323
4,9,229.62207685102905,230.08966119944085,1419.3148148148148,1418.962962962963,6.2193607634696795,5.273829034979965
5,9,242.17394562490816,242.8396762014693,1232.638888888889,1233.1851851851852,7.099010562158709,6.2193607634696795
6,9,238.4014075122701,239.05887083111926,1186.7592592592594,1187.1759259259259,8.009865765886136,7.099010562158709
7,9,232.80735692650958,233.45195713811395,1219.2314814814815,1219.7592592592594,9.067303845096996,8.009865765886136
8,9,230.5875349732678,230.71646480665717,1079.8703703703704,1079.9259259259259,10.04996750303151,9.067303845096996
9,9,226.01654518742234,226.32939695744037,1078.7777777777778,1078.898148148148,10.757118479298125,10.04996750303151
10,9,220.38712743196587,220.86033110811448,1101.787037037037,1101.0092592592594,11.497848880095894,10.757118479298125
11,9,213.14069594439297,213.30814688247332,1030.3055555555557,1029.6944444444443,12.109091001333718,11.497848880095894
12,9,204.349187152339,203.34870361933093,1118.7777777777778,1117.898148148148,12.807556292781596,12.109091001333718
13,9,208.3648455219007,208.80902300073643,977.8055555555555,977.6203703703703,13.534002919449897,12.807556292781596
14,9,211.9153267636822,212.28715863231523,935.175925925926,935.3425925925926,14.213223355492133,13.534002919449897
15,9,203.69165469016437,204.02083625786904,901.3518518518518,901.2685185185185,14.990022927080933,14.213223355492133
16,9,208.70741741465534,209.3085386302036,857.1111111111111,857.7037037037037,15.857134762354208,14.990022927080933
17,9,204.98478474624116,205.12186314503637,855.3518518518518,855.0370370370371,16.73930680095249,15.857134762354208
18,9,188.4227001459447,188.2268464177064,1020.8703703703703,1020.1666666666666,18.185193908963573,16.73930680095249
19,9,169.3750211754207,169.5089240885045,915.1944444444445,914.6018518518518,20.03230371924933,18.185193908963573
20,9,122.15685046454576,122.21656373958143,1381.898148148148,1381.3148148148148,36.47608118563621,20.03230371924933
1,10,280.3787645571077,281.56244839204453,1631.148148148148,1631.861111111111,3.2207496030095855,0.0
2,10,249.8679439860027,250.7953145727806,1675.037037037037,1675.5185185185185,4.209577041627323,3.2207496030095855
3,10,254.91558883643896,255.7350816315338,1435.0648148148148,1435.851851851852,5.273829034979965,4.209577041627323
4,10,227.38694998466624,228.28338323170516,1408.2592592592594,1409.4166666666667,6.2193607634696795,5.273829034979965
5,10,242.84674400921816,243.57382700712202,1230.5833333333333,1230.851851851852,7.099010562158709,6.2193607634696795
6,10,240.4148722485534,241.12757894313404,1187.2777777777778,1187.6666666666667,8.009865765886136,7.099010562158709
7,10,231.80900178738352,232.1373906625718,1218.2685185185185,1217.9351851851852,9.067303845096996,8.009865765886136
8,10,229.22382244003717,230.12512448251604,1078.148148148148,1078.8240740740741,10.04996750303151,9.067303845096996
9,10,222.8654591489061,223.12485900885437,1076.4907407407406,1076.4814814814815,10.757118479298125,10.04996750303151
10,10,219.59952928131773,219.58190281640648,1099.4074074074074,1099.5555555555557,11.497848880095894,10.757118479298125
11,10,211.9565029344767,212.2410803823573,1026.7592592592594,1026.6203703703704,12.109091001333718,11.497848880095894
12,10,211.49255856890056,210.3412870420298,1124.4814814814815,1123.601851851852,12.807556292781596,12.109091001333718
13,10,210.10545585534294,210.0965943552504,982.5648148148148,981.8611111111111,13.534002919449897,12.807556292781596
14,10,228.12303989804676,228.36395394167508,936.8703703703703,936.3981481481482,14.213223355492133,13.534002919449897
15,10,204.4044327977437,204.7052145506532,909.0462962962963,908.9537037037037,14.990022927080933,14.213223355492133
16,10,209.70786410399955,209.8461610998891,860.8518518518518,860.6111111111111,15.857134762354208,14.990022927080933
17,10,207.45724403314216,207.5313837932116,855.0833333333334,854.2777777777778,16.73930680095249,15.857134762354208
18,10,188.8352668357953,188.95680594986317,1019.1203703703703,1019.1296296296297,18.185193908963573,16.73930680095249
19,10,168.06245038371375,168.32764156041773,915.3703703703703,915.75,20.03230371924933,18.185193908963573
20,10,123.64054783521598,123.5411172903817,1375.5833333333333,1374.25,36.47608118563621,20.03230371924933
1,11,286.42311541426926,287.1724344684938,1636.9907407407406,1637.4444444444443,3.2207496030095855,0.0
2,11,249.08340506552983,250.13740777453572,1668.6296296296296,1669.4351851851852,4.209577041627323,3.2207496030095855
3,11,251.45104943941007,252.14120733776664,1433.5740740740741,1433.5925925925926,5.273829034979965,4.209577041627323
4,11,228.76389122100338,229.33467059756282,1409.2314814814815,1410.111111111111,6.2193607634696795,5.273829034979965
5,11,242.80821660633032,243.55923971688387,1234.148148148148,1235.4444444444443,7.099010562158709,6.2193607634696795
6,11,240.12028293774068,240.29216803901042,1184.8148148148148,1184.1759259259259,8.009865765886136,7.099010562158709
7,11,234.23370229478184,234.35256735605967,1224.2685185185185,1223.462962962963,9.067303845096996,8.009865765886136
8,11,231.90481130407068,232.19367029772766,1075.8055555555557,1076.5092592592594,10.04996750303151,9.067303845096996
9,11,225.35969464644117,225.80629565268893,1076.3240740740741,1076.9351851851852,10.757118479298125,10.04996750303151
10,11,219.35684877319187,219.77756911770413,1095.287037037037,1095.7407407407406,11.497848880095894,10.757118479298125
11,11,213.52911568394336,213.9786607457583,1027.4814814814815,1027.7407407407406,12.109091001333718,11.497848880095894
12,11,201.07221188241806,202.91118579911176,1125.111111111111,1124.638888888889,12.807556292781596,12.109091001333718
13,11,211.54056242620862,211.78673005982535,991.7314814814815,991.5277777777778,13.534002919449897,12.807556292781596
14,11,208.0696578181861,211.46345843883202,938.8055555555555,937.6574074074074,14.213223355492133,13.534002919449897
15,11,206.59947175879435,206.74865183767986,908.4907407407408,908.3888888888889,14.990022927080933,14.213223355492133
16,11,210.91199870486864,211.00165738586844,859.8333333333334,859.7037037037037,15.857134762354208,14.990022927080933
17,11,206.27926961459502,206.43885002714808,855.0462962962963,855.0648148148148,16.73930680095249,15.857134762354208
18,11,186.87023780546332,187.15246537028014,1013.4444444444445,1013.5,18.185193908963573,16.73930680095249
19,11,168.4293172835831,168.4718574873024,910.9814814814815,910.574074074074,20.03230371924933,18.185193908963573
20,11,118.04401007828825,117.90113149800656,1375.4166666666667,1373.7685185185185,36.47608118563621,20.03230371924933
1,12,276.84107169699695,276.84403442919734,1636.7407407407406,1637.6203703703704,3.2207496030095855,0.0
2,12,248.7108170271964,249.69737014525654,1671.6851851851852,1673.2592592592594,4.209577041627323,3.2207496030095855
3,12,253.5703989892137,254.20028691332337,1433.138888888889,1434.6666666666667,5.273829034979965,4.209577041627323
4,12,228.59994147029968,229.35447767337791,1415.4166666666667,1415.8333333333333,6.2193607634696795,5.273829034979965
5,12,242.24326137279937,243.05965892228545,1231.1203703703704,1231.6759259259259,7.099010562158709,6.2193607634696795
6,12,240.63487312311392,241.8551603927882,1195.3703703703704,1195.6296296296296,8.009865765886136,7.099010562158709
7,12,231.11405634244713,231.76517536302174,1216.6203703703704,1216.6759259259259,9.067303845096996,8.009865765886136
8,12,231.82569488662006,232.06021060546084,1077.9351851851852,1077.7777777777778,10.04996750303151,9.067303845096996
9,12,223.1094793871008,223.34102149863546,1073.2777777777778,1072.8240740740741,10.757118479298125,10.04996750303151
10,12,217.52860301415032,217.81131595402653,1097.75,1097.5092592592594,11.497848880095894,10.757118479298125
11,12,213.21071859388383,213.1509077970925,1028.8240740740741,1027.5648148148148,12.109091001333718,11.497848880095894
12,12,201.81330082595235,201.97897985089583,1129.4444444444443,1128.138888888889,12.807556292781596,12.109091001333718
13,12,211.05888346161387,211.2017942925288,985.6666666666666,985.5555555555555,13.534002919449897,12.807556292781596
14,12,217.68329892354524,217.96987703712978,935.5833333333334,935.6944444444445,14.213223355492133,13.534002919449897
15,12,204.2341006185213,204.5663899535675,902.9074074074074,902.8055555555555,14.990022927080933,14.213223355492133
16,12,210.77427310548316,211.09080829329136,855.7962962962963,855.675925925926,15.857134762354208,14.990022927080933
17,12,205.17283138692582,205.31097664622797,851.324074074074,851.0555555555555,16.73930680095249,15.857134762354208
18,12,188.79622662778894,189.57463844392845,1012.8796296296297,1012.9351851851852,18.185193908963573,16.73930680095249
19,12,168.7320720087169,168.95022142277315,917.6944444444445,917.1296296296297,20.03230371924933,18.185193908963573
20,12,117.70002835052547,118.13174853334543,1376.2407407407406,1375.388888888889,36.47608118563621,20.03230371924933
1,13,286.0400309458338,286.5037599413882,1633.6851851851852,1634.8796296296296,3.2207496030095855,0.0
2,13,248.1116289211892,248.94706623374637,1673.2685185185185,1673.9814814814815,4.209577041627323,3.2207496030095855
3,13,254.90987061743274,255.73331001971087,1440.9351851851852,1441.6203703703704,5.273829034979965,4.209577041627323
4,13,227.384715821628,228.1534632742743,1411.0277777777778,1411.0740740740741,6.2193607634696795,5.273829034979965
5,13,243.27926974723246,243.8259155943912,1228.5740740740741,1228.9351851851852,7.099010562158709,6.2193607634696795
6,13,236.21411513355955,236.65223023861174,1186.9166666666667,1187.1203703703704,8.009865765886136,7.099010562158709
7,13,234.18795753070535,234.80442922494566,1216.5925925925926,1216.9166666666667,9.067303845096996,8.009865765886136
8,13,232.4244622352821,233.5138619572169,1078.2685185185185,1078.7222222222222,10.04996750303151,9.067303845096996
9,13,224.47599730721802,224.8289532528695,1076.138888888889,1075.611111111111,10.757118479298125,10.04996750303151
10,13,219.58956427229367,219.8811825565407,1100.8796296296296,1100.6666666666667,11.497848880095894,10.757118479298125
11,13,212.73298592704646,213.21613776748796,1026.8796296296296,1026.351851851852,12.109091001333718,11.497848880095894
12,13,206.70822727997657,207.02878951641213,1127.888888888889,1127.9537037037037,12.807556292781596,12.109091001333718
13,13,209.38628141894623,209.7148547297788,982.7222222222222,982.1666666666666,13.534002919449897,12.807556292781596
14,13,218.05433513480796,218.22139129795607,944.5555555555555,944.4166666666666,14.213223355492133,13.534002919449897
15,13,205.11334471403012,205.55956568117003,902.0833333333334,901.9444444444445,14.990022927080933,14.213223355492133
16,13,210.82587416908635,210.65232102545838,861.5833333333334,860.2592592592592,15.857134762354208,14.990022927080933
17,13,208.67557522840477,208.79816098612548,853.3333333333334,852.6574074074074,16.73930680095249,15.857134762354208
18,13,187.1468497127428,187.38190480068056,1013.5,1013.3703703703703,18.185193908963573,16.73930680095249
19,13,167.199676077516,167.3331830305203,914.2685185185185,914.5185185185185,20.03230371924933,18.185193908963573
20,13,116.84299779300211,116.49921105856778,1372.3148148148148,1372.25,36.47608118563621,20.03230371924933
1,14,286.83616458841595,288.0190754832341,1624.2407407407406,1625.4259259259259,3.2207496030095855,0.0
2,14,248.4688190692963,249.14693977295804,1671.3333333333333,1672.8425925925926,4.209577041627323,3.2207496030095855
3,14,254.99857810164414,255.61622987301467,1434.138888888889,1435.0925925925926,5.273829034979965,4.209577041627323
4,14,228.74650239464492,229.3427168264391,1414.388888888889,1414.6666666666667,6.2193607634696795,5.273829034979965
5,14,241.5444133663076,242.11436902138868,1228.6944444444443,1228.4074074074074,7.099010562158709,6.2193607634696795
6,14,239.4925765019192,240.12937544767954,1188.0555555555557,1188.138888888889,8.009865765886136,7.099010562158709
7,14,234.6001719725495,235.11407496669733,1221.7407407407406,1222.3240740740741,9.067303845096996,8.009865765886136
8,14,232.88975967865983,233.17265734425334,1083.4259259259259,1083.3333333333333,10.04996750303151,9.067303845096996
9,14,225.90875933932494,226.24570234317326,1081.6759259259259,1080.9722222222222,10.757118479298125,10.04996750303151
10,14,218.70197102223509,218.967638617934,1097.5277777777778,1096.7222222222222,11.497848880095894,10.757118479298125
11,14,213.60843018764814,213.79054936329632,1027.5462962962963,1027.7037037037037,12.109091001333718,11.497848880095894
12,14,206.08366277101118,204.7481652742296,1122.5555555555557,1122.5925925925926,12.807556292781596,12.109091001333718
13,14,208.73193035311618,209.12621207840797,980.3518518518518,979.6944444444445,13.534002919449897,12.807556292781596
14,14,222.381379611947,222.76042466659834,941.8425925925926,942.4166666666666,14.213223355492133,13.534002919449897
15,14,205.28915838533428,205.62084256480546,909.0092592592592,909.0925925925926,14.990022927080933,14.213223355492133
16,14,210.40001045868797,210.57901277934394,858.9444444444445,858.3333333333334,15.857134762354208,14.990022927080933
17,14,206.35210732642753,206.48083430993054,848.8055555555555,848.5925925925926,16.73930680095249,15.857134762354208
18,14,185.89688854389303,186.38741462180485,1014.5555555555555,1014.1296296296297,18.185193908963573,16.73930680095249
19,14,168.81903866336847,169.08748847174178,917.2407407407408,917.2407407407408,20.03230371924933,18.185193908963573
20,14,122.21317081314616,122.19427066450507,1379.3425925925926,1377.6944444444443,36.47608118563621,20.03230371924933
1,15,290.421480039872,291.3291160889382,1629.0555555555557,1629.2407407407406,3.2207496030095855,0.0
2,15,247.90954423742912,248.6790955985636,1671.5925925925926,1671.1574074074074,4.209577041627323,3.2207496030095855
3,15,255.77361477601383,255.9634787361381,1434.5555555555557,1435.0648148148148,5.273829034979965,4.209577041627323
4,15,226.79312498391045,227.24417935202715,1405.3148148148148,1405.7407407407406,6.2193607634696795,5.273829034979965
5,15,243.11712358997573,244.03530223831075,1235.1203703703704,1235.9814814814815,7.099010562158709,6.2193607634696795
6,15,240.78258170060897,241.69117114165002,1195.5925925925926,1196.638888888889,8.009865765886136,7.099010562158709
7,15,234.69166433325185,235.3418671704332,1223.5277777777778,1223.8240740740741,9.067303845096996,8.009865765886136
8,15,231.13310785556678,231.53532375820362,1079.8333333333333,1079.4259259259259,10.04996750303151,9.067303845096996
9,15,225.8789503001211,226.58040528935112,1079.9444444444443,1079.4722222222222,10.757118479298125,10.04996750303151
10,15,220.55393537057267,221.03930545884378,1093.7037037037037,1094.0277777777778,11.497848880095894,10.757118479298125
11,15,212.05706838292573,212.19932076070546,1025.611111111111,1025.148148148148,12.109091001333718,11.497848880095894
12,15,213.64072347204873,213.9987381796144,1128.9166666666667,1129.1851851851852,12.807556292781596,12.109091001333718
13,15,209.6469950970772,209.79394224410368,982.8888888888889,982.5370370370371,13.534002919449897,12.807556292781596
14,15,226.71973670371318,224.02145895092255,943.074074074074,942.2870370370371,14.213223355492133,13.534002919449897
15,15,204.90832009910082,205.22415086852422,903.1574074074074,903.3888888888889,14.990022927080933,14.213223355492133
16,15,208.17183968186328,208.66492256021414,857.7314814814815,858.5833333333334,15.857134762354208,14.990022927080933
17,15,207.07784136314476,207.09393521852027,850.1481481481482,850.0,16.73930680095249,15.857134762354208
18,15,187.13169766173655,186.7197894491232,1017.0,1016.6388888888889,18.185193908963573,16.73930680095249
19,15,169.56570089366892,169.45692911070597,918.5,917.5648148148148,20.03230371924933,18.185193908963573
20,15,116.27320166704338,116.33673201668365,1370.148148148148,1369.5092592592594,36.47608118563621,20.03230371924933
1,16,286.81462946665005,287.36879060967976,1630.6203703703704,1630.5092592592594,3.2207496030095855,0.0
2,16,247.063021560817,247.57886265149457,1670.4259259259259,1670.2962962962963,4.209577041627323,3.2207496030095855
3,16,255.5712683837473,256.89951967362384,1442.5092592592594,1443.9907407407406,5.273829034979965,4.209577041627323
4,16,226.59519150570225,227.24069285833224,1408.9722222222222,1408.8055555555557,6.2193607634696795,5.273829034979965
5,16,241.26846791541305,241.94500037024542,1227.9166666666667,1228.8796296296296,7.099010562158709,6.2193607634696795
6,16,238.2403174456615,239.04419426598415,1189.6203703703704,1190.4722222222222,8.009865765886136,7.099010562158709
7,16,232.33686927801156,232.93020259815762,1216.2592592592594,1217.1666666666667,9.067303845096996,8.009865765886136
8,16,231.9652914816315,232.30826932749574,1075.3148148148148,1075.8425925925926,10.04996750303151,9.067303845096996
9,16,227.91215099263013,228.2984582346521,1080.7314814814815,1081.0277777777778,10.757118479298125,10.04996750303151
10,16,216.7299993731988,216.87311513202334,1096.5648148148148,1096.0277777777778,11.497848880095894,10.757118479298125
11,16,213.51787275789306,213.96443230664863,1029.787037037037,1030.5555555555557,12.109091001333718,11.497848880095894
12,16,213.02352096683293,213.18271406299604,1126.8796296296296,1125.861111111111,12.807556292781596,12.109091001333718
13,16,209.46540930569765,209.69150382442746,977.8055555555555,977.2962962962963,13.534002919449897,12.807556292781596
14,16,208.502093773205,208.77594895434643,940.7592592592592,940.4537037037037,14.213223355492133,13.534002919449897
15,16,205.37956492975462,205.50177583813823,907.7777777777778,907.4629629629629,14.990022927080933,14.213223355492133
16,16,210.168514398378,210.50491349193186,858.8796296296297,858.7962962962963,15.857134762354208,14.990022927080933
17,16,207.3116373954028,207.7232600818021,855.5370370370371,855.9814814814815,16.73930680095249,15.857134762354208
18,16,189.7746232756561,189.70103055948505,1014.8796296296297,1014.1018518518518,18.185193908963573,16.73930680095249
19,16,169.642453176074,169.38468494715593,913.2962962962963,911.4444444444445,20.03230371924933,18.185193908963573
20,16,120.79443329086182,120.69742584510186,1380.8796296296296,1380.4444444444443,36.47608118563621,20.03230371924933
1,17,283.6091246752102,288.8915873329314,1638.5092592592594,1638.9074074074074,3.2207496030095855,0.0
2,17,247.34156563259887,248.1958240463482,1669.7314814814815,1670.5092592592594,4.209577041627323,3.2207496030095855
3,17,252.87619905376158,253.8789141848783,1433.4907407407406,1434.7962962962963,5.273829034979965,4.209577041627323
4,17,227.33143725256107,227.99981791102823,1415.6203703703704,1416.5277777777778,6.2193607634696795,5.273829034979965
5,17,243.54554101710733,244.3211452704356,1227.5740740740741,1229.0925925925926,7.099010562158709,6.2193607634696795
6,17,237.4245800368571,238.63502365102855,1187.9537037037037,1187.7962962962963,8.009865765886136,7.099010562158709
7,17,232.79580063799241,233.14820265753883,1220.9444444444443,1221.101851851852,9.067303845096996,8.009865765886136
8,17,235.24804845024153,235.37398390643224,1082.0092592592594,1081.212962962963,10.04996750303151,9.067303845096996
9,17,224.27976089014103,224.42924664420897,1077.1851851851852,1077.4444444444443,10.757118479298125,10.04996750303151
10,17,216.81323359100577,217.22552325856284,1093.3148148148148,1093.4166666666667,11.497848880095894,10.757118479298125
11,17,213.43043769598208,214.0750246013067,1028.1944444444443,1028.287037037037,12.109091001333718,11.497848880095894
12,17,204.96798210698546,205.3953600910603,1118.8796296296296,1118.5833333333333,12.807556292781596,12.109091001333718
13,17,209.32592829795263,209.38677189768478,976.9166666666666,976.1574074074074,13.534002919449897,12.807556292781596
14,17,225.89583317586204,226.15188127014903,943.3333333333334,942.8703703703703,14.213223355492133,13.534002919449897
15,17,207.713866810873,208.080556056575,908.1111111111111,907.8055555555555,14.990022927080933,14.213223355492133
16,17,210.61961474512952,210.58262446111542,858.3981481481482,858.0833333333334,15.857134762354208,14.990022927080933
17,17,205.29811037467317,205.5324809216859,846.3981481481482,845.9722222222222,16.73930680095249,15.857134762354208
18,17,192.20528275471523,192.5650222041568,1015.3796296296297,1014.5555555555555,18.185193908963573,16.73930680095249
19,17,169.6283467208778,169.78096835398574,925.1111111111111,924.5462962962963,20.03230371924933,18.185193908963573
20,17,120.07903162066869,118.98617467385928,1378.361111111111,1377.75,36.47608118563621,20.03230371924933
1,18,286.53256471569887,287.63026123158426,1637.1759259259259,1638.3055555555557,3.2207496030095855,0.0
2,18,246.40558900811254,247.2140795866586,1670.2962962962963,1670.5555555555557,4.209577041627323,3.2207496030095855
3,18,252.79213503290265,254.10828014094582,1433.0277777777778,1434.25,5.273829034979965,4.209577041627323
4,18,227.73446344048796,228.3985412324914,1413.8703703703704,1413.787037037037,6.2193607634696795,5.273829034979965
5,18,243.8507469648218,244.2814722487477,1232.9074074074074,1232.6851851851852,7.099010562158709,6.2193607634696795
6,18,241.02285634740227,241.53978676081928,1191.9259259259259,1191.9351851851852,8.009865765886136,7.099010562158709
7,18,231.54061381566837,231.82187676921018,1217.7592592592594,1217.5925925925926,9.067303845096996,8.009865765886136
8,18,229.6958333267509,230.19995646226576,1078.7962962962963,1079.3796296296296,10.04996750303151,9.067303845096996
9,18,224.05845876570106,224.3133925584469,1076.462962962963,1075.7777777777778,10.757118479298125,10.04996750303151
10,18,218.80616180521403,219.23604718696927,1099.5740740740741,1099.2777777777778,11.497848880095894,10.757118479298125
11,18,212.0765084019919,212.4147367682397,1028.037037037037,1027.5185185185185,12.109091001333718,11.497848880095894
12,18,214.4023023670341,213.57256038261932,1126.2407407407406,1126.4074074074074,12.807556292781596,12.109091001333718
13,18,208.3759639213636,208.88250979834208,976.8055555555555,976.3333333333334,13.534002919449897,12.807556292781596
14,18,226.97635945219866,227.55006519891174,936.1388888888889,936.9722222222222,14.213223355492133,13.534002919449897
15,18,201.7237645996931,201.6055584369709,900.2407407407408,898.75,14.990022927080933,14.213223355492133
16,18,208.34975474011918,208.70664174787248,862.175925925926,863.1018518518518,15.857134762354208,14.990022927080933
17,18,205.40030384621284,205.67156007414928,855.4814814814815,855.1481481481482,16.73930680095249,15.857134762354208
18,18,189.740254672119,189.62020996235407,1017.6666666666666,1016.8518518518518,18.185193908963573,16.73930680095249
19,18,168.45822765217906,168.66233990130218,920.6388888888889,920.7685185185185,20.03230371924933,18.185193908963573
20,18,120.70723387591224,120.86710033417111,1370.1944444444443,1370.0185185185185,36.47608118563621,20.03230371924933
1,19,281.26683560746227,283.528023385138,1636.7777777777778,1637.5740740740741,3.2207496030095855,0.0
2,19,247.90880448709862,248.93439646217828,1673.5462962962963,1674.138888888889,4.209577041627323,3.2207496030095855
3,19,253.9624276071884,254.88360077766777,1432.5648148148148,1433.3425925925926,5.273829034979965,4.209577041627323
4,19,227.7569825428081,228.52701254149883,1411.287037037037,1411.611111111111,6.2193607634696795,5.273829034979965
5,19,241.35250248761295,241.84560272109266,1228.5740740740741,1228.648148148148,7.099010562158709,6.2193607634696795
6,19,239.29030099824317,240.11654830002576,1192.9259259259259,1193.0277777777778,8.009865765886136,7.099010562158709
7,19,233.38801584790787,233.60694764139583,1218.3796296296296,1218.7222222222222,9.067303845096996,8.009865765886136
8,19,232.0159050275035,232.38541150523795,1077.898148148148,1078.287037037037,10.04996750303151,9.067303845096996
9,19,225.73237997567813,226.0892249449978,1079.1296296296296,1078.8425925925926,10.757118479298125,10.04996750303151
10,19,222.44244143562807,222.7039839597208,1102.6666666666667,1102.2407407407406,11.497848880095894,10.757118479298125
11,19,211.12736421063562,211.87471948178984,1028.8055555555557,1029.638888888889,12.109091001333718,11.497848880095894
12,19,197.79795426166254,198.232431843854,1123.0925925925926,1123.6759259259259,12.807556292781596,12.109091001333718
13,19,207.47973340989537,207.8014541591423,975.4351851851852,975.2037037037037,13.534002919449897,12.807556292781596
14,19,210.92489888837807,211.1458054448584,941.2407407407408,940.6296296296297,14.213223355492133,13.534002919449897
15,19,205.11513290364834,205.12272124030022,905.3518518518518,904.4351851851852,14.990022927080933,14.213223355492133
16,19,210.77592598737496,210.8988510404763,860.8425925925926,860.8888888888889,15.857134762354208,14.990022927080933
17,19,205.9275258428516,205.72863715410568,853.8981481481482,853.5092592592592,16.73930680095249,15.857134762354208
18,19,188.48307034174195,188.729963889194,1015.2685185185185,1015.2592592592592,18.185193908963573,16.73930680095249
19,19,168.21092227530156,168.27533136389556,911.925925925926,911.1296296296297,20.03230371924933,18.185193908963573
20,19,117.10905896336375,117.51008339694128,1375.8055555555557,1374.611111111111,36.47608118563621,20.03230371924933
1,20,278.46292079573436,279.5292108126258,1636.0462962962963,1637.4074074074074,3.2207496030095855,0.0
2,20,248.28454174291235,248.59461940156507,1671.537037037037,1670.2685185185185,4.209577041627323,3.2207496030095855
3,20,250.21324335895568,251.38495737982595,1428.9722222222222,1429.888888888889,5.273829034979965,4.209577041627323
4,20,229.0685209438576,229.7068980920601,1413.3796296296296,1414.4166666666667,6.2193607634696795,5.273829034979965
5,20,243.33129456365484,243.93289802031373,1231.898148148148,1232.2037037037037,7.099010562158709,6.2193607634696795
6,20,237.92373660203506,238.67073803587078,1188.1759259259259,1188.148148148148,8.009865765886136,7.099010562158709
7,20,234.75346337965328,235.04141353756256,1218.3796296296296,1218.537037037037,9.067303845096996,8.009865765886136
8,20,232.6327018873691,233.34432266466698,1079.0925925925926,1079.2777777777778,10.04996750303151,9.067303845096996
9,20,224.17839016332442,224.69447564193555,1078.2685185185185,1078.212962962963,10.757118479298125,10.04996750303151
10,20,219.80027498116863,220.38717695096346,1098.3240740740741,1098.6296296296296,11.497848880095894,10.757118479298125
11,20,212.85093173414353,212.9843478715738,1031.1944444444443,1030.8703703703704,12.109091001333718,11.497848880095894
12,20,210.44072785750288,208.99437079918573,1123.851851851852,1123.7777777777778,12.807556292781596,12.109091001333718
13,20,209.43560787276942,209.42265253602156,974.5370370370371,973.5833333333334,13.534002919449897,12.807556292781596
14,20,228.81247249410615,228.98602738519628,940.8518518518518,940.1481481481482,14.213223355492133,13.534002919449897
15,20,205.4522838033233,205.61993684427543,905.8148148148148,905.6296296296297,14.990022927080933,14.213223355492133
16,20,211.11077688605084,211.31234104184222,867.25,867.1111111111111,15.857134762354208,14.990022927080933
17,20,205.88018278907882,206.0817601605822,854.7314814814815,855.0185185185185,16.73930680095249,15.857134762354208
18,20,187.99486581952658,188.3689249313236,1015.4444444444445,1015.8611111111111,18.185193908963573,16.73930680095249
19,20,168.27261196163835,168.45111916062027,915.2037037037037,915.1018518518518,20.03230371924933,18.185193908963573
20,20,120.40886279816559,120.57157879872388,1372.462962962963,1371.3240740740741,36.47608118563621,20.03230371924933
1,21,282.8135140489585,282.85321511889873,1636.962962962963,1637.4259259259259,3.2207496030095855,0.0
2,21,246.96723886437482,247.73754523171297,1666.101851851852,1667.3055555555557,4.209577041627323,3.2207496030095855
3,21,257.17448985403763,257.3874610558283,1441.6666666666667,1442.0277777777778,5.273829034979965,4.209577041627323
4,21,227.53479909301436,228.28749312800704,1413.2314814814815,1413.5462962962963,6.2193607634696795,5.273829034979965
5,21,240.96124111563822,241.89031079239354,1224.7407407407406,1224.75,7.099010562158709,6.2193607634696795
6,21,240.6056271571036,241.58062220773158,1186.1574074074074,1186.6203703703704,8.009865765886136,7.099010562158709
7,21,234.1662884152764,234.5794829311301,1222.7592592592594,1222.4814814814815,9.067303845096996,8.009865765886136
8,21,233.19518418016244,233.74365281913083,1072.0555555555557,1072.398148148148,10.04996750303151,9.067303845096996
9,21,224.4841330480425,224.90681625126675,1077.5092592592594,1076.9351851851852,10.757118479298125,10.04996750303151
10,21,222.66185925672696,222.97313442497259,1102.6851851851852,1102.7777777777778,11.497848880095894,10.757118479298125
11,21,210.45310954056234,210.49167972366297,1024.5833333333333,1024.3796296296296,12.109091001333718,11.497848880095894
12,21,202.93334040974375,203.20827180761245,1126.851851851852,1126.7314814814815,12.807556292781596,12.109091001333718
13,21,209.58046192370384,210.02551023794044,978.8333333333334,979.2129629629629,13.534002919449897,12.807556292781596
14,21,217.45802828373593,217.81471302252842,942.3425925925926,942.3611111111111,14.213223355492133,13.534002919449897
15,21,205.6197151316969,205.97561976264805,908.5462962962963,908.5185185185185,14.990022927080933,14.213223355492133
16,21,207.8439924221389,208.11121707449269,854.574074074074,853.9351851851852,15.857134762354208,14.990022927080933
17,21,206.7869362720423,207.03184160253238,848.3055555555555,848.1388888888889,16.73930680095249,15.857134762354208
18,21,189.47124308131592,189.5089229451642,1017.574074074074,1016.7314814814815,18.185193908963573,16.73930680095249
19,21,169.80595957277876,169.9028818838517,920.9537037037037,920.6851851851852,20.03230371924933,18.185193908963573
20,21,117.00447867474321,117.07705241650956,1378.9814814814815,1378.4537037037037,36.47608118563621,20.03230371924933
1,22,290.9173994393247,290.8907898819346,1635.5,1636.5185185185185,3.2207496030095855,0.0
2,22,247.63628207845272,248.1975899849885,1667.287037037037,1668.7407407407406,4.209577041627323,3.2207496030095855
3,22,252.48288440071607,253.1204377403656,1432.4537037037037,1433.0,5.273829034979965,4.209577041627323
4,22,228.09915858182245,228.66503841841273,1410.7037037037037,1410.7407407407406,6.2193607634696795,5.273829034979965
5,22,241.27307065693134,242.05690120190138,1229.4351851851852,1229.4907407407406,7.099010562158709,6.2193607634696795
6,22,243.19129284533503,244.06263539811061,1190.037037037037,1191.037037037037,8.009865765886136,7.099010562158709
7,22,233.53264383253696,234.16339827669478,1224.0277777777778,1224.5277777777778,9.067303845096996,8.009865765886136
8,22,229.8996684522443,230.36857918023557,1073.0462962962963,1073.3425925925926,10.04996750303151,9.067303845096996
9,22,223.17226621327407,223.72887622827906,1081.398148148148,1081.1944444444443,10.757118479298125,10.04996750303151
10,22,221.47925875840798,222.1022245978415,1093.712962962963,1093.898148148148,11.497848880095894,10.757118479298125
11,22,214.43706642857268,214.4505247582183,1033.351851851852,1032.9814814814815,12.109091001333718,11.497848880095894
12,22,200.87629590527578,201.2003161456203,1128.3796296296296,1128.611111111111,12.807556292781596,12.109091001333718
13,22,208.73308150438024,208.92849270278435,977.3518518518518,976.8796296296297,13.534002919449897,12.807556292781596
14,22,213.58996175326902,216.88533000501144,936.0555555555555,935.4537037037037,14.213223355492133,13.534002919449897
15,22,204.42480169053184,204.66522290314697,903.5,902.8425925925926,14.990022927080933,14.213223355492133
16,22,208.46949277426887,208.71566627563206,860.2685185185185,859.9722222222222,15.857134762354208,14.990022927080933
17,22,205.38199018223142,205.5054284325445,853.0185185185185,851.9722222222222,16.73930680095249,15.857134762354208
18,22,186.93041871294278,187.17826737595217,1016.7962962962963,1016.5,18.185193908963573,16.73930680095249
19,22,167.7977709015809,167.93307463185533,917.5277777777778,917.0462962962963,20.03230371924933,18.185193908963573
20,22,122.32661386078179,122.8926809643243,1381.5648148148148,1380.6666666666667,36.47608118563621,20.03230371924933
1,23,277.62549113019975,278.6192276557762,1640.2037037037037,1640.611111111111,3.2207496030095855,0.0
2,23,248.74099194779066,249.03826316431963,1669.5,1668.962962962963,4.209577041627323,3.2207496030095855
3,23,256.8010775595264,258.14274358949245,1434.462962962963,1435.3796296296296,5.273829034979965,4.209577041627323
4,23,228.35721680479705,229.06650345166338,1413.361111111111,1414.148148148148,6.2193607634696795,5.273829034979965
5,23,243.9272492495391,244.8084034329471,1232.0462962962963,1232.351851851852,7.099010562158709,6.2193607634696795
6,23,238.45549340094962,238.9112947274801,1192.9907407407406,1192.8240740740741,8.009865765886136,7.099010562158709
7,23,232.11515318937887,232.687223279218,1219.5555555555557,1219.962962962963,9.067303845096996,8.009865765886136
8,23,233.10504902904862,233.74187996115074,1079.4537037037037,1079.5833333333333,10.04996750303151,9.067303845096996
9,23,225.22184545152035,226.11388766453143,1076.851851851852,1077.111111111111,10.757118479298125,10.04996750303151
10,23,220.14594269493608,220.0178609769715,1101.2685185185185,1101.0277777777778,11.497848880095894,10.757118479298125
11,23,213.85883269346542,214.15191951604282,1030.111111111111,1030.037037037037,12.109091001333718,11.497848880095894
12,23,201.0681568526061,201.25851134356398,1127.0833333333333,1126.9537037037037,12.807556292781596,12.109091001333718
13,23,209.08723587731112,209.24765297516163,980.6851851851852,979.9537037037037,13.534002919449897,12.807556292781596
14,23,227.6064863555537,227.94104356381243,938.5185185185185,939.1574074074074,14.213223355492133,13.534002919449897
15,23,204.38827153218386,204.88766539807094,902.9351851851852,902.9907407407408,14.990022927080933,14.213223355492133
16,23,208.47925051688875,208.67808488175555,852.9537037037037,852.8518518518518,15.857134762354208,14.990022927080933
17,23,205.7066058827131,205.71814247220124,849.7129629629629,849.6851851851852,16.73930680095249,15.857134762354208
18,23,189.59812131521116,189.6579330730293,1019.9537037037037,1019.0185185185185,18.185193908963573,16.73930680095249
19,23,167.9685746792859,167.8635518646179,915.0,914.6018518518518,20.03230371924933,18.185193908963573
20,23,119.41566368082067,119.34643443908374,1368.7685185185185,1368.2037037037037,36.47608118563621,20.03230371924933
1,24,277.8380933837733,278.727431810568,1641.6851851851852,1643.212962962963,3.2207496030095855,0.0
2,24,248.02343476567043,248.92006288387836,1669.9074074074074,1670.25,4.209577041627323,3.2207496030095855
3,24,252.1391104068242,253.15657744579258,1431.7685185185185,1432.1851851851852,5.273829034979965,4.209577041627323
4,24,228.46974096465564,229.08996323036354,1409.111111111111,1409.2314814814815,6.2193607634696795,5.273829034979965
5,24,242.44094133902834,243.27083912825415,1228.7777777777778,1229.9444444444443,7.099010562158709,6.2193607634696795
6,24,238.92686322550438,239.2416092938496,1191.6574074074074,1191.3796296296296,8.009865765886136,7.099010562158709
7,24,234.4978996662119,234.84783216014876,1224.8703703703704,1224.75,9.067303845096996,8.009865765886136
8,24,229.47776417499023,229.64792046747314,1069.9537037037037,1069.8148148148148,10.04996750303151,9.067303845096996
9,24,223.5366893507466,223.8267019217739,1073.787037037037,1073.601851851852,10.757118479298125,10.04996750303151
10,24,220.46729085174914,220.8923223130939,1099.3148148148148,1099.101851851852,11.497848880095894,10.757118479298125
11,24,211.41591697198547,211.7575810560915,1029.1944444444443,1028.7592592592594,12.109091001333718,11.497848880095894
12,24,205.42304427720592,205.73279352100528,1125.5925925925926,1125.3148148148148,12.807556292781596,12.109091001333718
13,24,210.4068266377785,210.5941846985315,980.6203703703703,980.1944444444445,13.534002919449897,12.807556292781596
14,24,223.24682896705707,223.5889738473727,940.9814814814815,941.0092592592592,14.213223355492133,13.534002919449897
15,24,205.78540616911414,205.91228382424723,905.5092592592592,905.0925925925926,14.990022927080933,14.213223355492133
16,24,209.63607939426967,209.93111202179813,860.7037037037037,860.5648148148148,15.857134762354208,14.990022927080933
17,24,206.22144887657308,206.35485834472348,854.8055555555555,854.6296296296297,16.73930680095249,15.857134762354208
18,24,186.73233103807632,187.1226677156341,1017.1944444444445,1017.25,18.185193908963573,16.73930680095249
19,24,168.1610279417637,168.59670010628528,912.8425925925926,913.0648148148148,20.03230371924933,18.185193908963573
20,24,115.08806140180594,115.13346558886668,1377.138888888889,1376.0648148148148,36.47608118563621,20.03230371924933
1,25,287.59752176923666,288.967133469907,1630.8148148148148,1631.5925925925926,3.2207496030095855,0.0
2,25,247.6766785945825,248.55526330351856,1666.6203703703704,1667.2685185185185,4.209577041627323,3.2207496030095855
3,25,254.59234790365787,256.0487126068669,1438.0925925925926,1439.212962962963,5.273829034979965,4.209577041627323
4,25,229.52605555802603,230.04798207703095,1414.148148148148,1414.0555555555557,6.2193607634696795,5.273829034979965
5,25,241.9591150824534,242.78469591902558,1231.8055555555557,1232.5833333333333,7.099010562158709,6.2193607634696795
6,25,244.3313814563966,244.89307234256444,1184.648148148148,1184.7222222222222,8.009865765886136,7.099010562158709
7,25,232.32632740831264,232.69401734277383,1220.861111111111,1221.648148148148,9.067303845096996,8.009865765886136
8,25,234.14634138507415,234.99163411872487,1083.1851851851852,1083.0277777777778,10.04996750303151,9.067303845096996
9,25,225.59157283964063,226.10727924046364,1080.1759259259259,1080.3240740740741,10.757118479298125,10.04996750303151
10,25,221.06348616593598,221.592234968036,1098.148148148148,1098.0,11.497848880095894,10.757118479298125
11,25,212.34980959939932,212.7895138428758,1026.4814814814815,1026.6296296296296,12.109091001333718,11.497848880095894
12,25,200.13154533504508,200.5169987736407,1121.7314814814815,1122.037037037037,12.807556292781596,12.109091001333718
13,25,210.3659017768087,210.72461378167986,976.574074074074,976.7129629629629,13.534002919449897,12.807556292781596
14,25,231.43032326755358,231.58742421572953,937.7314814814815,937.6111111111111,14.213223355492133,13.534002919449897
15,25,205.72094766527036,206.18350185384995,907.6203703703703,907.6296296296297,14.990022927080933,14.213223355492133
16,25,209.67835864687407,209.67565066641652,862.3981481481482,861.7685185185185,15.857134762354208,14.990022927080933
17,25,207.02496316543287,207.14498103610342,852.4166666666666,852.0925925925926,16.73930680095249,15.857134762354208
18,25,188.54765989016047,188.79288371007365,1018.3888888888889,1017.6203703703703,18.185193908963573,16.73930680095249
19,25,171.29903100703123,171.14304134443702,920.0555555555555,919.3888888888889,20.03230371924933,18.185193908963573
20,25,121.60821196842564,121.55108159465205,1373.5185185185185,1371.4907407407406,36.47608118563621,20.03230371924933
1,26,280.78831471314055,281.0392858097206,1632.2685185185185,1632.9444444444443,3.2207496030095855,0.0
2,26,248.65887871518504,249.1729571627148,1672.1944444444443,1671.8148148148148,4.209577041627323,3.2207496030095855
3,26,254.55632907788515,255.34316826212938,1433.388888888889,1434.5555555555557,5.273829034979965,4.209577041627323
4,26,228.60550665374143,229.24976304128427,1417.101851851852,1417.601851851852,6.2193607634696795,5.273829034979965
5,26,243.23242359239168,243.8989120333498,1231.0277777777778,1230.5277777777778,7.099010562158709,6.2193607634696795
6,26,239.956067411468,240.45401249867612,1187.898148148148,1188.5462962962963,8.009865765886136,7.099010562158709
7,26,233.72406804852676,234.3095557321712,1220.101851851852,1220.3240740740741,9.067303845096996,8.009865765886136
8,26,231.74292480521342,232.08132037555208,1078.5555555555557,1078.6574074074074,10.04996750303151,9.067303845096996
9,26,224.70882219176926,224.76883482901917,1074.4259259259259,1074.2962962962963,10.757118479298125,10.04996750303151
10,26,220.42077845727604,220.85391773566164,1097.2407407407406,1097.2037037037037,11.497848880095894,10.757118479298125
11,26,212.9047268622263,213.0071302298777,1030.0648148148148,1029.212962962963,12.109091001333718,11.497848880095894
12,26,201.8164570745815,202.31496843596946,1130.0462962962963,1130.7222222222222,12.807556292781596,12.109091001333718
13,26,208.32353806551012,208.68389202599138,975.8611111111111,976.3888888888889,13.534002919449897,12.807556292781596
14,26,234.81966548951021,229.2719459754817,940.6851851851852,941.3611111111111,14.213223355492133,13.534002919449897
15,26,204.18179507481037,204.25297508944453,899.8981481481482,899.1203703703703,14.990022927080933,14.213223355492133
16,26,210.06065033834403,210.31793864811542,862.6203703703703,862.0,15.857134762354208,14.990022927080933
17,26,204.02749036598632,204.41066110188135,849.925925925926,850.1111111111111,16.73930680095249,15.857134762354208
18,26,187.18606007661577,187.20937749529025,1013.574074074074,1013.324074074074,18.185193908963573,16.73930680095249
19,26,167.98487716964465,167.9568791488899,918.75,917.8703703703703,20.03230371924933,18.185193908963573
20,26,119.52260652599809,119.53804675245921,1379.787037037037,1378.8333333333333,36.47608118563621,20.03230371924933
1,27,274.1449188897546,275.36964724393823,1630.5277777777778,1630.9166666666667,3.2207496030095855,0.0
2,27,246.77047938517637,247.6894785405574,1663.9166666666667,1664.9907407407406,4.209577041627323,3.2207496030095855
3,27,255.15783641534952,255.61734092071194,1440.398148148148,1440.2592592592594,5.273829034979965,4.209577041627323
4,27,229.31231140434372,229.97101438079332,1413.7777777777778,1413.9814814814815,6.2193607634696795,5.273829034979965
5,27,241.77888968454715,242.4980411858373,1230.3703703703704,1230.712962962963,7.099010562158709,6.2193607634696795
6,27,239.80443911070145,241.27629823437258,1188.3333333333333,1189.2962962962963,8.009865765886136,7.099010562158709
7,27,233.2574419350287,233.85001360728944,1220.611111111111,1220.7685185185185,9.067303845096996,8.009865765886136
8,27,231.6251701235785,232.0376728981233,1081.9351851851852,1082.5092592592594,10.04996750303151,9.067303845096996
9,27,224.71678323605173,225.14013153552762,1072.1666666666667,1072.101851851852,10.757118479298125,10.04996750303151
10,27,218.45680718532256,218.83669551050025,1098.037037037037,1097.0462962962963,11.497848880095894,10.757118479298125
11,27,213.57128117251062,213.85726212236685,1030.6944444444443,1030.0092592592594,12.109091001333718,11.497848880095894
12,27,204.08024498244305,206.18346989577364,1123.4444444444443,1123.787037037037,12.807556292781596,12.109091001333718
13,27,209.27939362382074,209.94094559264212,980.9537037037037,981.3055555555555,13.534002919449897,12.807556292781596
14,27,215.0436535756706,215.2537512739759,943.9537037037037,943.3796296296297,14.213223355492133,13.534002919449897
15,27,204.9331233971863,205.06774731943722,907.074074074074,906.425925925926,14.990022927080933,14.213223355492133
16,27,209.37474343778428,209.83439701628666,858.1666666666666,858.5462962962963,15.857134762354208,14.990022927080933
17,27,206.74496523447309,206.86468314006666,853.6018518518518,853.7777777777778,16.73930680095249,15.857134762354208
18,27,186.84023475393408,186.9033120804877,1014.9629629629629,1014.8611111111111,18.185193908963573,16.73930680095249
19,27,169.4470626492825,169.544508860591,912.4722222222222,911.7037037037037,20.03230371924933,18.185193908963573
20,27,118.0206437280592,117.97834441555632,1380.0185185185185,1379.037037037037,36.47608118563621,20.03230371924933
1,28,288.18663010506583,289.279078046375,1634.3703703703704,1635.0740740740741,3.2207496030095855,0.0
2,28,248.49950949640842,249.2814232083238,1676.7037037037037,1677.148148148148,4.209577041627323,3.2207496030095855
3,28,254.39564297689498,255.4253341782465,1432.5185185185185,1432.5,5.273829034979965,4.209577041627323
4,28,227.34247607358066,228.14812056400444,1409.7407407407406,1410.1759259259259,6.2193607634696795,5.273829034979965
5,28,241.52244302649783,242.338931623004,1233.2037037037037,1233.6203703703704,7.099010562158709,6.2193607634696795
6,28,238.45741196801046,239.18086070473632,1189.7685185185185,1189.6203703703704,8.009865765886136,7.099010562158709
7,28,231.14820056734277,231.59245815616865,1213.0740740740741,1213.0648148148148,9.067303845096996,8.009865765886136
8,28,233.8699900516985,234.52060210470265,1077.601851851852,1078.0555555555557,10.04996750303151,9.067303845096996
9,28,223.02417280787526,223.35721699775772,1073.3333333333333,1073.6851851851852,10.757118479298125,10.04996750303151
10,28,220.65057213581102,221.10886902460047,1097.4722222222222,1097.148148148148,11.497848880095894,10.757118479298125
11,28,213.7228207687666,213.9469715972198,1028.7592592592594,1028.1759259259259,12.109091001333718,11.497848880095894
12,28,207.648421484442,207.74013786479978,1124.9166666666667,1124.0925925925926,12.807556292781596,12.109091001333718
13,28,209.89763861634273,210.1693452363765,985.0370370370371,985.175925925926,13.534002919449897,12.807556292781596
14,28,229.02514408801883,229.39811170475969,937.7222222222222,937.5462962962963,14.213223355492133,13.534002919449897
15,28,205.35672574699515,205.87260860008317,906.7685185185185,906.4351851851852,14.990022927080933,14.213223355492133
16,28,207.52035281885904,207.95944468144373,855.6111111111111,855.9722222222222,15.857134762354208,14.990022927080933
17,28,207.4954738080105,207.43436013178675,859.4907407407408,859.1944444444445,16.73930680095249,15.857134762354208
18,28,186.90236923588367,187.10164412995982,1013.5370370370371,1013.4074074074074,18.185193908963573,16.73930680095249
19,28,166.4941380561098,166.63653628028285,912.4351851851852,912.1296296296297,20.03230371924933,18.185193908963573
20,28,124.95004100277826,125.21029687052125,1383.351851851852,1383.1944444444443,36.47608118563621,20.03230371924933
1,29,286.7362688144571,287.9436965737328,1636.0277777777778,1637.25,3.2207496030095855,0.0
2,29,249.3476757041876,250.14525434903044,1669.8425925925926,1670.5277777777778,4.209577041627323,3.2207496030095855
3,29,251.46335361715612,252.44868287646665,1428.3333333333333,1428.0555555555557,5.273829034979965,4.209577041627323
4,29,226.9791899477377,227.74397169352827,1411.7037037037037,1412.4907407407406,6.2193607634696795,5.273829034979965
5,29,242.45236445398152,243.02929585988426,1232.0462962962963,1232.2407407407406,7.099010562158709,6.2193607634696795
6,29,241.3003947733899,242.04863483669735,1191.2407407407406,1191.4259259259259,8.009865765886136,7.099010562158709
7,29,231.7648269544104,232.13772859831928,1217.0277777777778,1218.2222222222222,9.067303845096996,8.009865765886136
8,29,229.81530000318284,229.81017588935742,1080.9537037037037,1080.4351851851852,10.04996750303151,9.067303845096996
9,29,223.59088355178417,223.96757543820326,1073.0555555555557,1073.6944444444443,10.757118479298125,10.04996750303151
10,29,220.44741507495326,220.94397375594636,1107.0,1107.388888888889,11.497848880095894,10.757118479298125
11,29,216.04320245810106,216.22025163227568,1035.7314814814815,1035.1944444444443,12.109091001333718,11.497848880095894
12,29,203.11548767765723,200.15057618533478,1124.361111111111,1123.861111111111,12.807556292781596,12.109091001333718
13,29,207.636528812185,207.8331442506216,977.8796296296297,977.1388888888889,13.534002919449897,12.807556292781596
14,29,217.41906678588592,217.7512027604853,941.2407407407408,940.9444444444445,14.213223355492133,13.534002919449897
15,29,203.233837480172,203.41669752582558,901.675925925926,901.3796296296297,14.990022927080933,14.213223355492133
16,29,209.92610618093275,210.56162142070514,856.9166666666666,857.1018518518518,15.857134762354208,14.990022927080933
17,29,203.399494858383,203.88522113637757,853.175925925926,853.2870370370371,16.73930680095249,15.857134762354208
18,29,186.03725821775484,186.10838487561523,1013.9444444444445,1013.9629629629629,18.185193908963573,16.73930680095249
19,29,167.10901213091844,167.48280830636594,911.5,911.0,20.03230371924933,18.185193908963573
20,29,119.70639131401238,119.61242070393403,1381.7592592592594,1379.8148148148148,36.47608118563621,20.03230371924933
1,30,277.58612833340806,278.67063422623494,1633.5092592592594,1634.9537037037037,3.2207496030095855,0.0
2,30,247.25826981570856,247.86501094304967,1666.287037037037,1666.1944444444443,4.209577041627323,3.2207496030095855
3,30,254.59015368559994,255.79156616257808,1437.0092592592594,1437.9722222222222,5.273829034979965,4.209577041627323
4,30,228.43471389238928,229.089905301486,1408.2407407407406,1409.398148148148,6.2193607634696795,5.273829034979965
5,30,241.83894698785122,242.55119763880006,1225.8333333333333,1226.3425925925926,7.099010562158709,6.2193607634696795
6,30,241.77990187110413,242.34403405430967,1195.7407407407406,1195.101851851852,8.009865765886136,7.099010562158709
7,30,231.37282527865784,231.66270923500113,1217.2407407407406,1216.8055555555557,9.067303845096996,8.009865765886136
8,30,234.3765109476059,234.62719687674038,1077.9166666666667,1078.8796296296296,10.04996750303151,9.067303845096996
9,30,227.64725468247713,227.82446223840782,1077.0277777777778,1077.101851851852,10.757118479298125,10.04996750303151
10,30,219.921323224052,220.5584314209919,1098.1851851851852,1098.1666666666667,11.497848880095894,10.757118479298125
11,30,214.72896819978953,214.91100814973396,1030.0833333333333,1029.4444444444443,12.109091001333718,11.497848880095894
12,30,198.48249456821836,198.84408815587898,1124.9722222222222,1125.138888888889,12.807556292781596,12.109091001333718
13,30,210.69701469594267,210.86493119573228,981.3796296296297,980.8888888888889,13.534002919449897,12.807556292781596
14,30,224.97447387802544,225.37130387579842,940.6018518518518,940.4722222222222,14.213223355492133,13.534002919449897
15,30,206.35400902800853,206.30837782562136,910.0370370370371,908.9444444444445,14.990022927080933,14.213223355492133
16,30,208.35743709312763,208.35976659097417,855.5185185185185,855.1111111111111,15.857134762354208,14.990022927080933
17,30,207.39395044275864,207.5602861260177,859.0185185185185,859.0092592592592,16.73930680095249,15.857134762354208
18,30,184.38440037177534,184.43474986341897,1012.175925925926,1011.4722222222222,18.185193908963573,16.73930680095249
19,30,167.37014147546972,167.58349319338046,914.8888888888889,914.5555555555555,20.03230371924933,18.185193908963573
20,30,117.78380332629504,117.80757403574093,1379.75,1379.462962962963,36.47608118563621,20.03230371924933
1,31,289.55207733813756,290.8383793160619,1635.648148148148,1635.8148148148148,3.2207496030095855,0.0
2,31,246.65889409074111,247.53476826252532,1664.601851851852,1665.8796296296296,4.209577041627323,3.2207496030095855
3,31,254.65649677251517,255.2929466466101,1437.0648148148148,1437.8703703703704,5.273829034979965,4.209577041627323
4,31,227.20758812545813,228.0549037584194,1410.0555555555557,1411.5833333333333,6.2193607634696795,5.273829034979965
5,31,242.3545574547644,242.98407644072665,1230.8425925925926,1230.4351851851852,7.099010562158709,6.2193607634696795
6,31,239.45279461971754,240.04264271277157,1191.7407407407406,1191.611111111111,8.009865765886136,7.099010562158709
7,31,232.62691414690485,232.9958016015914,1219.6666666666667,1220.1203703703704,9.067303845096996,8.009865765886136
8,31,231.69753139357562,231.93412865994236,1079.6666666666667,1078.8333333333333,10.04996750303151,9.067303845096996
9,31,225.36627786380268,225.6609539345152,1078.8333333333333,1078.5833333333333,10.757118479298125,10.04996750303151
10,31,220.575152238816,220.98991192253231,1101.8055555555557,1101.9814814814815,11.497848880095894,10.757118479298125
11,31,213.31998644523597,213.85522534567085,1026.8055555555557,1026.5185185185185,12.109091001333718,11.497848880095894
12,31,203.88447500604798,204.29902692430144,1121.7777777777778,1121.7314814814815,12.807556292781596,12.109091001333718
13,31,208.51719332126424,208.76513482248922,978.6944444444445,978.3425925925926,13.534002919449897,12.807556292781596
14,31,211.96319010861205,212.1293903062828,937.8703703703703,937.5,14.213223355492133,13.534002919449897
15,31,204.62823531357665,204.82979972749575,904.5,904.4537037037037,14.990022927080933,14.213223355492133
16,31,209.8262688010578,209.88101569639235,861.7592592592592,861.6666666666666,15.857134762354208,14.990022927080933
17,31,206.50540619805113,206.57900796851573,857.6481481481482,856.8333333333334,16.73930680095249,15.857134762354208
18,31,187.05924789286377,187.1443126167215,1014.4537037037037,1014.2592592592592,18.185193908963573,16.73930680095249
19,31,167.45160099296226,167.3810633926336,916.0277777777778,915.4074074074074,20.03230371924933,18.185193908963573
20,31,117.41235950123456,117.52379844547953,1375.9537037037037,1375.9907407407406,36.47608118563621,20.03230371924933
1,32,288.2331270060618,288.24541579431195,1638.9166666666667,1640.0,3.2207496030095855,0.0
2,32,247.8112455147522,248.8654088806903,1667.6666666666667,1669.111111111111,4.209577041627323,3.2207496030095855
3,32,254.9780569127805,255.93560383891233,1437.9537037037037,1438.9907407407406,5.273829034979965,4.209577041627323
4,32,228.10596616252363,228.73703860937587,1411.4814814814815,1412.2407407407406,6.2193607634696795,5.273829034979965
5,32,243.0492473580498,243.77166166923465,1229.9722222222222,1230.5277777777778,7.099010562158709,6.2193607634696795
6,32,242.8664385689672,243.36266860442007,1185.0185185185185,1184.0740740740741,8.009865765886136,7.099010562158709
7,32,230.7709395909807,231.28913868213874,1216.4444444444443,1216.361111111111,9.067303845096996,8.009865765886136
8,32,233.32830269572358,233.52032231029378,1078.0,1077.8796296296296,10.04996750303151,9.067303845096996
9,32,221.80165096355418,222.22201294362415,1073.5740740740741,1072.5740740740741,10.757118479298125,10.04996750303151
10,32,220.1773982687681,220.52613719481164,1101.9074074074074,1102.0833333333333,11.497848880095894,10.757118479298125
11,32,213.54871655964982,213.93646344957756,1029.9814814814815,1029.212962962963,12.109091001333718,11.497848880095894
12,32,217.96363839435034,218.17722122942214,1123.1759259259259,1122.898148148148,12.807556292781596,12.109091001333718
13,32,209.886166998249,210.04408186541392,982.925925925926,982.6851851851852,13.534002919449897,12.807556292781596
14,32,212.96106114805468,213.17881541499133,934.5555555555555,934.0648148148148,14.213223355492133,13.534002919449897
15,32,203.7178516859385,203.8686282345213,906.324074074074,905.7314814814815,14.990022927080933,14.213223355492133
16,32,208.03798737487762,208.33632712379642,857.7777777777778,857.1666666666666,15.857134762354208,14.990022927080933
17,32,207.05105599753344,207.17899571350918,853.175925925926,853.6666666666666,16.73930680095249,15.857134762354208
18,32,187.7591647490129,188.35241498601374,1019.2129629629629,1019.5185185185185,18.185193908963573,16.73930680095249
19,32,169.734014256353,169.96460015479053,917.9444444444445,918.0277777777778,20.03230371924933,18.185193908963573
20,32,115.7385993753893,115.22184723525305,1379.4074074074074,1378.601851851852,36.47608118563621,20.03230371924933
1,33,280.8794082271158,280.7803635206787,1639.4074074074074,1640.5925925925926,3.2207496030095855,0.0
2,33,245.13173286956356,245.66716741627732,1663.0,1663.601851851852,4.209577041627323,3.2207496030095855
3,33,251.95438696614343,252.7773572337499,1436.6574074074074,1436.6296296296296,5.273829034979965,4.209577041627323
4,33,228.47019480709974,229.4231362684953,1412.5833333333333,1414.5462962962963,6.2193607634696795,5.273829034979965
5,33,241.82503010199628,242.6282174008226,1226.6944444444443,1227.6296296296296,7.099010562158709,6.2193607634696795
6,33,239.35746693936628,239.9843401595079,1192.3148148148148,1193.4814814814815,8.009865765886136,7.099010562158709
7,33,231.6088068614048,232.09856202859268,1217.7222222222222,1217.787037037037,9.067303845096996,8.009865765886136
8,33,231.49402799709424,232.3191600254148,1081.2222222222222,1081.111111111111,10.04996750303151,9.067303845096996
9,33,225.7474956766145,225.74870036536683,1083.4259259259259,1082.787037037037,10.757118479298125,10.04996750303151
10,33,217.72914454928852,218.04621806025403,1100.0092592592594,1099.75,11.497848880095894,10.757118479298125
11,33,212.1452259943109,212.5719973557651,1023.4722222222222,1023.8888888888889,12.109091001333718,11.497848880095894
12,33,202.49555843867785,202.87115385466515,1124.7685185185185,1124.537037037037,12.807556292781596,12.109091001333718
13,33,211.37000716548633,211.7902590831974,980.9722222222222,981.0648148148148,13.534002919449897,12.807556292781596
14,33,226.83267634990153,227.00916823025068,935.6018518518518,935.4537037037037,14.213223355492133,13.534002919449897
15,33,204.49531496741616,204.84778977891182,905.9814814814815,905.6388888888889,14.990022927080933,14.213223355492133
16,33,209.58859417017652,209.6990383706368,860.425925925926,859.1666666666666,15.857134762354208,14.990022927080933
17,33,206.82094107601029,206.87000595036864,853.8518518518518,853.3888888888889,16.73930680095249,15.857134762354208
18,33,185.79658573507288,186.21145202406734,1017.1851851851852,1016.6574074074074,18.185193908963573,16.73930680095249
19,33,166.98255650656975,167.12692850030126,914.8148148148148,914.324074074074,20.03230371924933,18.185193908963573
20,33,118.21009894662336,117.95284343381921,1375.3055555555557,1373.3796296296296,36.47608118563621,20.03230371924933
1,34,283.4652708679551,283.317337486306,1638.898148148148,1640.25,3.2207496030095855,0.0
2,34,247.13600966363305,247.80376288251122,1663.037037037037,1663.7962962962963,4.209577041627323,3.2207496030095855
3,34,254.4960234887701,255.4030520064458,1434.1666666666667,1435.4814814814815,5.273829034979965,4.209577041627323
4,34,228.8158254368856,229.51100421968422,1410.851851851852,1411.388888888889,6.2193607634696795,5.273829034979965
5,34,241.99089835381525,242.69274824287513,1228.9722222222222,1228.5648148148148,7.099010562158709,6.2193607634696795
6,34,240.51771295077958,241.25169245880437,1195.388888888889,1195.8425925925926,8.009865765886136,7.099010562158709
7,34,233.5994535396461,234.1450312245268,1222.4351851851852,1223.1666666666667,9.067303845096996,8.009865765886136
8,34,232.1675895854276,232.3858851378784,1078.2592592592594,1078.8796296296296,10.04996750303151,9.067303845096996
9,34,222.82371030961508,223.38787651278022,1075.851851851852,1075.4907407407406,10.757118479298125,10.04996750303151
10,34,218.60962885719616,218.62473108084146,1095.5925925925926,1095.1944444444443,11.497848880095894,10.757118479298125
11,34,214.38915269307637,214.61715865236033,1028.9259259259259,1028.361111111111,12.109091001333718,11.497848880095894
12,34,196.7124083996669,197.0626492010808,1123.8796296296296,1123.5,12.807556292781596,12.109091001333718
13,34,209.65487877182434,209.93741416507734,976.8518518518518,977.0092592592592,13.534002919449897,12.807556292781596
14,34,220.84088875781188,220.909751568006,942.4351851851852,941.4814814814815,14.213223355492133,13.534002919449897
15,34,205.8402000062688,205.9988849579073,909.6944444444445,909.0925925925926,14.990022927080933,14.213223355492133
16,34,210.23059574850626,210.6978734987853,860.6666666666666,860.7592592592592,15.857134762354208,14.990022927080933
17,34,205.20664538165954,205.30840256250517,854.7592592592592,854.3981481481482,16.73930680095249,15.857134762354208
18,34,186.7802522168302,187.07512092812343,1012.4444444444445,1012.0833333333334,18.185193908963573,16.73930680095249
19,34,168.0040238796685,168.12826651224609,913.6388888888889,913.4907407407408,20.03230371924933,18.185193908963573
20,34,120.36942578733851,120.3909473363651,1378.6666666666667,1377.1851851851852,36.47608118563621,20.03230371924933
1,35,286.39954335217413,286.2675638886366,1628.5277777777778,1629.2777777777778,3.2207496030095855,0.0
2,35,247.92605632762113,248.48044042762973,1668.75,1669.4907407407406,4.209577041627323,3.2207496030095855
3,35,255.05327802688055,255.29346775965328,1427.8333333333333,1427.6203703703704,5.273829034979965,4.209577041627323
4,35,227.43478845805458,228.37807940172263,1412.1203703703704,1413.8425925925926,6.2193607634696795,5.273829034979965
5,35,240.54650795013274,241.51954218393064,1226.9537037037037,1227.888888888889,7.099010562158709,6.2193607634696795
6,35,235.23741489397284,235.81824156912376,1186.6944444444443,1187.037037037037,8.009865765886136,7.099010562158709
7,35,235.20038084267128,235.38866159626534,1227.9814814814815,1227.4259259259259,9.067303845096996,8.009865765886136
8,35,232.48715466058985,233.5093732493961,1083.2592592592594,1083.4907407407406,10.04996750303151,9.067303845096996
9,35,223.43350575829209,223.52093532389142,1072.4444444444443,1072.2777777777778,10.757118479298125,10.04996750303151
10,35,222.52131852278592,222.68855296634626,1105.4259259259259,1104.138888888889,11.497848880095894,10.757118479298125
11,35,213.14828500687958,213.38095848201218,1030.111111111111,1029.8240740740741,12.109091001333718,11.497848880095894
12,35,203.84607497162813,204.10783967182903,1129.5648148148148,1129.2962962962963,12.807556292781596,12.109091001333718
13,35,209.785593614427,210.2063724329172,979.6944444444445,980.1203703703703,13.534002919449897,12.807556292781596
14,35,219.8373274381893,219.94487468987614,941.5277777777778,941.175925925926,14.213223355492133,13.534002919449897
15,35,205.51042770961564,205.82347169963177,907.8981481481482,908.1851851851852,14.990022927080933,14.213223355492133
16,35,211.71402066718085,211.89622106496404,858.2129629629629,858.2222222222222,15.857134762354208,14.990022927080933
17,35,206.97746798921938,207.12479198142245,856.8055555555555,856.2129629629629,16.73930680095249,15.857134762354208
18,35,187.76024354569685,187.88024193854454,1014.2592592592592,1013.7592592592592,18.185193908963573,16.73930680095249
19,35,166.51611457344657,166.72266273995126,912.2314814814815,912.0925925925926,20.03230371924933,18.185193908963573
20,35,119.70318405396684,119.1528641268491,1375.1203703703704,1374.037037037037,36.47608118563621,20.03230371924933
1,36,296.17237991531925,297.1980086671728,1637.8703703703704,1639.25,3.2207496030095855,0.0
2,36,247.28892633960118,248.4146032712,1660.5277777777778,1660.9722222222222,4.209577041627323,3.2207496030095855
3,36,255.1104157005475,255.6121748447926,1431.2314814814815,1431.2685185185185,5.273829034979965,4.209577041627323
4,36,227.58472063125646,228.433186202016,1412.2685185185185,1412.648148148148,6.2193607634696795,5.273829034979965
5,36,243.5571612410758,244.37389024989454,1231.7962962962963,1231.9351851851852,7.099010562158709,6.2193607634696795
6,36,242.55189462531413,243.4214105491235,1193.8148148148148,1193.138888888889,8.009865765886136,7.099010562158709
7,36,232.6540050196338,233.42195945035036,1216.8055555555557,1216.8703703703704,9.067303845096996,8.009865765886136
8,36,233.37371616212798,233.72029732276022,1080.8333333333333,1080.212962962963,10.04996750303151,9.067303845096996
9,36,223.57353845477368,224.20529126877705,1076.7222222222222,1077.0092592592594,10.757118479298125,10.04996750303151
10,36,219.992201905128,220.4290623422707,1101.888888888889,1101.5925925925926,11.497848880095894,10.757118479298125
11,36,213.50153047571814,213.86851420182407,1034.361111111111,1034.4444444444443,12.109091001333718,11.497848880095894
12,36,205.62038875067586,206.0296686977547,1121.5648148148148,1122.3148148148148,12.807556292781596,12.109091001333718
13,36,209.71587422440751,209.86494989186775,976.9537037037037,976.5833333333334,13.534002919449897,12.807556292781596
14,36,222.73593703553564,222.66801579784317,939.4074074074074,938.5,14.213223355492133,13.534002919449897
15,36,204.85850008366174,205.22340956390323,904.2870370370371,904.3888888888889,14.990022927080933,14.213223355492133
16,36,210.08330097799464,210.02366385204328,862.9166666666666,862.5370370370371,15.857134762354208,14.990022927080933
17,36,205.93045243726712,206.3339979298639,855.2777777777778,855.4907407407408,16.73930680095249,15.857134762354208
18,36,189.77260410393737,189.6325823143379,1018.2870370370371,1017.8055555555555,18.185193908963573,16.73930680095249
19,36,168.92828129162106,169.4683122809935,917.2870370370371,917.6111111111111,20.03230371924933,18.185193908963573
20,36,118.820653012414,118.13911961139058,1371.3148148148148,1370.8425925925926,36.47608118563621,20.03230371924933
1,37,293.66636932337195,294.6894800265291,1636.148148148148,1636.8703703703704,3.2207496030095855,0.0
2,37,248.36443679898105,249.1490294771155,1670.2962962962963,1671.5,4.209577041627323,3.2207496030095855
3,37,251.92760984608023,252.5515612680128,1433.101851851852,1433.8240740740741,5.273829034979965,4.209577041627323
4,37,228.12224723474154,228.86765611541287,1408.5462962962963,1409.5925925925926,6.2193607634696795,5.273829034979965
5,37,242.53241615574623,243.34350998762835,1232.6759259259259,1232.8425925925926,7.099010562158709,6.2193607634696795
6,37,240.2160697031406,240.50688036225418,1190.1759259259259,1189.3703703703704,8.009865765886136,7.099010562158709
7,37,233.24774338444416,233.75372235112062,1219.5740740740741,1219.9351851851852,9.067303845096996,8.009865765886136
8,37,231.8467767353242,232.04722696420794,1074.8055555555557,1075.0555555555557,10.04996750303151,9.067303845096996
9,37,223.24977063843903,223.3870695316023,1076.037037037037,1075.0925925925926,10.757118479298125,10.04996750303151
10,37,220.23295060415856,220.77065938174277,1104.9814814814815,1104.7962962962963,11.497848880095894,10.757118479298125
11,37,213.2395058495854,213.51120180530486,1027.4722222222222,1027.3333333333333,12.109091001333718,11.497848880095894
12,37,208.1557595510952,208.5515717961091,1126.851851851852,1126.7685185185185,12.807556292781596,12.109091001333718
13,37,210.74842573064308,210.98891766632576,981.3333333333334,980.8981481481482,13.534002919449897,12.807556292781596
14,37,222.77768700292177,220.64349438851707,939.0,937.8888888888889,14.213223355492133,13.534002919449897
15,37,203.8635593667326,204.12416253059487,900.9351851851852,900.7037037037037,14.990022927080933,14.213223355492133
16,37,207.45548897843182,208.18585728601204,857.0185185185185,856.9166666666666,15.857134762354208,14.990022927080933
17,37,206.01503294416946,206.05595749941898,856.0833333333334,856.2870370370371,16.73930680095249,15.857134762354208
18,37,191.02448119046855,191.42797419568393,1020.3796296296297,1020.3333333333334,18.185193908963573,16.73930680095249
19,37,169.35186676777357,169.42447691236103,915.25,915.2129629629629,20.03230371924933,18.185193908963573
20,37,116.6849186628364,116.02104330749161,1374.75,1374.1944444444443,36.47608118563621,20.03230371924933
1,38,277.9094932775898,280.13912365132416,1626.1574074074074,1626.6944444444443,3.2207496030095855,0.0
2,38,247.63823604905497,248.12299558772804,1664.1574074074074,1664.1944444444443,4.209577041627323,3.2207496030095855
3,38,252.71958537616229,253.87140227752593,1430.5092592592594,1431.4444444444443,5.273829034979965,4.209577041627323
4,38,228.3134305082356,228.99980607176127,1411.638888888889,1412.5833333333333,6.2193607634696795,5.273829034979965
5,38,240.58951573016674,241.431906123562,1225.6574074074074,1226.861111111111,7.099010562158709,6.2193607634696795
6,38,241.19950723882536,241.70537031148353,1195.7314814814815,1196.3333333333333,8.009865765886136,7.099010562158709
7,38,233.26428497254565,233.73126784058874,1217.5648148148148,1216.6851851851852,9.067303845096996,8.009865765886136
8,38,234.14066112313245,234.30526095278654,1083.111111111111,1082.4722222222222,10.04996750303151,9.067303845096996
9,38,224.73618234241565,224.89607096538896,1077.101851851852,1076.1296296296296,10.757118479298125,10.04996750303151
10,38,222.3349076512999,222.46788476894412,1103.1944444444443,1103.037037037037,11.497848880095894,10.757118479298125
11,38,214.55333536185717,214.91497435104884,1032.1851851851852,1032.4722222222222,12.109091001333718,11.497848880095894
12,38,204.33790586330286,204.57697561301023,1128.7314814814815,1128.5833333333333,12.807556292781596,12.109091001333718
13,38,211.86686380291147,212.3585834946462,982.4629629629629,983.0833333333334,13.534002919449897,12.807556292781596
14,38,236.2961829607147,236.60155060042587,945.8148148148148,945.425925925926,14.213223355492133,13.534002919449897
15,38,205.08687237061847,205.21668122720135,903.2962962962963,902.7870370370371,14.990022927080933,14.213223355492133
16,38,210.38420641048393,210.71891725274924,861.0555555555555,861.0185185185185,15.857134762354208,14.990022927080933
17,38,203.9062408546504,203.9739044267569,850.0370370370371,849.5462962962963,16.73930680095249,15.857134762354208
18,38,188.22970158995705,188.20205045280716,1015.0185185185185,1014.0833333333334,18.185193908963573,16.73930680095249
19,38,169.4068557223453,169.72166692766186,919.0925925925926,918.9722222222222,20.03230371924933,18.185193908963573
20,38,119.74537861207956,119.93016028715462,1372.898148148148,1373.0092592592594,36.47608118563621,20.03230371924933
1,39,290.50738317491044,290.0214800358338,1633.9074074074074,1636.1203703703704,3.2207496030095855,0.0
2,39,251.00694190040835,251.48405325334642,1673.3796296296296,1672.7407407407406,4.209577041627323,3.2207496030095855
3,39,251.31024026269532,251.64127198861846,1430.537037037037,1430.9351851851852,5.273829034979965,4.209577041627323
4,39,228.3460572561705,229.23107621468992,1411.8425925925926,1413.1296296296296,6.2193607634696795,5.273829034979965
5,39,241.4038390965252,242.07261931262704,1226.4074074074074,1226.7314814814815,7.099010562158709,6.2193607634696795
6,39,240.34440843688012,240.5568118086518,1186.611111111111,1187.6759259259259,8.009865765886136,7.099010562158709
7,39,232.01344199789034,232.48828573611317,1221.962962962963,1220.9444444444443,9.067303845096996,8.009865765886136
8,39,229.51192245554415,230.1071581537212,1079.101851851852,1079.9444444444443,10.04996750303151,9.067303845096996
9,39,226.35950706298485,226.70843432288717,1071.2962962962963,1071.2685185185185,10.757118479298125,10.04996750303151
10,39,220.68162207443777,220.84894352669306,1097.6851851851852,1097.9074074074074,11.497848880095894,10.757118479298125
11,39,214.28359468014943,214.5519070657634,1027.962962962963,1027.9537037037037,12.109091001333718,11.497848880095894
12,39,214.90492928858401,215.0812211082773,1126.9166666666667,1126.611111111111,12.807556292781596,12.109091001333718
13,39,209.70153343101296,209.85931727338576,982.6388888888889,982.1111111111111,13.534002919449897,12.807556292781596
14,39,220.43330068280724,220.58661212970813,933.3425925925926,933.0185185185185,14.213223355492133,13.534002919449897
15,39,204.8232136333551,204.965174337566,905.7129629629629,904.9814814814815,14.990022927080933,14.213223355492133
16,39,210.28622617868226,210.4230657309822,863.4537037037037,863.1296296296297,15.857134762354208,14.990022927080933
17,39,208.14811220997686,208.2793210783965,854.0277777777778,853.5555555555555,16.73930680095249,15.857134762354208
18,39,190.54910948312042,190.71010532752592,1016.8888888888889,1016.3703703703703,18.185193908963573,16.73930680095249
19,39,168.2751120486838,168.4738622594774,918.5555555555555,918.1296296296297,20.03230371924933,18.185193908963573
20,39,121.95652728142616,121.90159853716935,1383.1851851851852,1382.1574074074074,36.47608118563621,20.03230371924933
1,40,279.9408713721023,279.93513813264786,1632.851851851852,1633.2777777777778,3.2207496030095855,0.0
2,40,246.79643709951404,247.59220603272885,1668.5277777777778,1668.7222222222222,4.209577041627323,3.2207496030095855
3,40,254.62121697348726,255.0046045679812,1433.9444444444443,1434.7777777777778,5.273829034979965,4.209577041627323
4,40,228.77142561569562,229.7854156681464,1409.3425925925926,1409.9259259259259,6.2193607634696795,5.273829034979965
5,40,242.25726654005646,242.83481966754948,1228.3240740740741,1228.398148148148,7.099010562158709,6.2193607634696795
6,40,237.31117094077345,237.83780488539745,1189.4814814814815,1189.3240740740741,8.009865765886136,7.099010562158709
7,40,232.7324727557727,233.36118295017366,1218.4259259259259,1218.601851851852,9.067303845096996,8.009865765886136
8,40,235.74927971225696,236.3008529465058,1082.1666666666667,1082.2685185185185,10.04996750303151,9.067303845096996
9,40,227.52181539171738,228.14641755421314,1081.3240740740741,1081.3055555555557,10.757118479298125,10.04996750303151
10,40,220.82702034096397,221.12499719454485,1102.3055555555557,1102.4074074074074,11.497848880095894,10.757118479298125
11,40,214.90140947974965,215.22633245926906,1036.111111111111,1036.25,12.109091001333718,11.497848880095894
12,40,210.40980437789105,212.40439800945896,1125.6759259259259,1126.287037037037,12.807556292781596,12.109091001333718
13,40,210.59655753929854,210.8053277375511,977.4814814814815,977.1203703703703,13.534002919449897,12.807556292781596
14,40,233.99870444994843,231.72669879060373,934.824074074074,934.7407407407408,14.213223355492133,13.534002919449897
15,40,204.45332143736778,204.7806630298285,904.175925925926,904.2870370370371,14.990022927080933,14.213223355492133
16,40,208.53177365750483,208.85869077932583,861.1574074074074,861.1851851851852,15.857134762354208,14.990022927080933
17,40,206.19088522204333,206.45426350060782,853.7685185185185,853.4814814814815,16.73930680095249,15.857134762354208
18,40,187.86423845184146,187.9010811918307,1014.0462962962963,1013.2592592592592,18.185193908963573,16.73930680095249
19,40,168.85520558085088,169.0025882517902,917.9629629629629,917.4629629629629,20.03230371924933,18.185193908963573
20,40,115.57293691116766,115.55916458337614,1373.5185185185185,1372.3333333333333,36.47608118563621,20.03230371924933
1,41,281.8617661553025,282.77239229532887,1633.5925925925926,1634.611111111111,3.2207496030095855,0.0
2,41,247.91807783096078,248.6078098825716,1666.9907407407406,1667.5740740740741,4.209577041627323,3.2207496030095855
3,41,254.70979150160923,255.1918995811316,1430.287037037037,1431.0740740740741,5.273829034979965,4.209577041627323
4,41,229.52550135317736,230.30465462728347,1416.0092592592594,1417.8796296296296,6.2193607634696795,5.273829034979965
5,41,242.11341999664654,242.4712107156261,1229.9814814814815,1229.3055555555557,7.099010562158709,6.2193607634696795
6,41,241.26824308932194,241.94707251044844,1189.75,1189.6296296296296,8.009865765886136,7.099010562158709
7,41,232.58154363117148,232.81227224137234,1222.1944444444443,1222.4814814814815,9.067303845096996,8.009865765886136
8,41,233.90909054558517,233.7442080344833,1081.7037037037037,1081.2407407407406,10.04996750303151,9.067303845096996
9,41,224.01296205757612,224.43185904557953,1079.611111111111,1079.2222222222222,10.757118479298125,10.04996750303151
10,41,220.08006171890034,220.74936960872117,1098.6759259259259,1099.1296296296296,11.497848880095894,10.757118479298125
11,41,211.7841948691502,212.20404524711287,1021.2777777777778,1020.9351851851852,12.109091001333718,11.497848880095894
12,41,211.61885112384192,213.5294659159468,1125.1296296296296,1124.361111111111,12.807556292781596,12.109091001333718
13,41,209.73886799427257,210.2496211649223,981.4166666666666,981.4722222222222,13.534002919449897,12.807556292781596
14,41,206.85138547429722,206.9675974400701,937.5555555555555,937.2407407407408,14.213223355492133,13.534002919449897
15,41,205.23902581572577,205.4024963167826,906.824074074074,906.4166666666666,14.990022927080933,14.213223355492133
16,41,210.83948650079725,211.07663772455652,861.7222222222222,861.6018518518518,15.857134762354208,14.990022927080933
17,41,206.20622247814737,206.44325622446834,852.2222222222222,851.925925925926,16.73930680095249,15.857134762354208
18,41,188.5275097591537,188.67519881908416,1017.0277777777778,1016.2037037037037,18.185193908963573,16.73930680095249
19,41,168.2605206332559,168.37094856131995,915.2407407407408,914.9814814814815,20.03230371924933,18.185193908963573
20,41,117.72021089037659,117.7234544842527,1378.2037037037037,1378.1296296296296,36.47608118563621,20.03230371924933
1,42,292.25602222348033,294.9109024327288,1633.5092592592594,1634.861111111111,3.2207496030095855,0.0
2,42,248.63004293551262,249.2420202169789,1667.6574074074074,1668.4444444444443,4.209577041627323,3.2207496030095855
3,42,253.9572091678512,254.35640432309978,1434.4074074074074,1435.2222222222222,5.273829034979965,4.209577041627323
4,42,229.88419737151574,230.80615283784584,1414.111111111111,1414.888888888889,6.2193607634696795,5.273829034979965
5,42,243.57246895404649,244.31426019091245,1231.4907407407406,1231.8148148148148,7.099010562158709,6.2193607634696795
6,42,237.90096878303024,238.1900889881166,1187.8240740740741,1187.9722222222222,8.009865765886136,7.099010562158709
7,42,231.31445601882047,231.64588218261343,1219.8425925925926,1220.2222222222222,9.067303845096996,8.009865765886136
8,42,231.1162114756976,232.01648832814638,1080.5555555555557,1081.6203703703704,10.04996750303151,9.067303845096996
9,42,224.25307018529654,224.49028585759967,1072.9074074074074,1072.9814814814815,10.757118479298125,10.04996750303151
10,42,219.26238695429973,219.73798196283116,1094.9814814814815,1094.4537037037037,11.497848880095894,10.757118479298125
11,42,213.4878924833063,213.61796596263738,1026.8148148148148,1026.2685185185185,12.109091001333718,11.497848880095894
12,42,204.44959372435818,204.64690578520518,1125.5833333333333,1124.9444444444443,12.807556292781596,12.109091001333718
13,42,210.24837282490665,210.42848048904554,982.4814814814815,981.8611111111111,13.534002919449897,12.807556292781596
14,42,221.75274203150764,221.9869524354184,936.3425925925926,935.9444444444445,14.213223355492133,13.534002919449897
15,42,206.54222911515953,206.75126569453622,909.9722222222222,909.4166666666666,14.990022927080933,14.213223355492133
16,42,208.94564359138772,209.19801368513836,858.8518518518518,857.9907407407408,15.857134762354208,14.990022927080933
17,42,205.87665949483727,206.47705005336098,852.2037037037037,851.4166666666666,16.73930680095249,15.857134762354208
18,42,187.64140791776973,187.89491180220122,1018.3425925925926,1018.0833333333334,18.185193908963573,16.73930680095249
19,42,169.09177649613824,169.2597021724807,919.7037037037037,919.5833333333334,20.03230371924933,18.185193908963573
20,42,117.78098101277493,118.01878143867098,1377.8333333333333,1377.4259259259259,36.47608118563621,20.03230371924933
1,43,288.2693865607816,289.2784265894906,1632.851851851852,1633.638888888889,3.2207496030095855,0.0
2,43,248.12242424659348,248.87196134749453,1665.0092592592594,1665.6851851851852,4.209577041627323,3.2207496030095855
3,43,254.0465099900326,255.3550897763514,1431.4907407407406,1431.5277777777778,5.273829034979965,4.209577041627323
4,43,228.59602350779497,229.2229286251189,1414.6759259259259,1415.0925925925926,6.2193607634696795,5.273829034979965
5,43,241.79709737334372,242.4137116032538,1226.8703703703704,1227.0277777777778,7.099010562158709,6.2193607634696795
6,43,236.5280032272527,237.30271916735697,1189.9537037037037,1190.8055555555557,8.009865765886136,7.099010562158709
7,43,232.21765925751757,232.58110264537808,1216.0,1216.0833333333333,9.067303845096996,8.009865765886136
8,43,232.2488308689851,232.22836619450993,1074.1944444444443,1073.8796296296296,10.04996750303151,9.067303845096996
9,43,223.7237620565949,224.32881175507706,1074.0185185185185,1073.2962962962963,10.757118479298125,10.04996750303151
10,43,218.11123019601877,218.40871915183126,1094.9074074074074,1094.7777777777778,11.497848880095894,10.757118479298125
11,43,212.98003307619769,213.58018968347326,1029.787037037037,1030.148148148148,12.109091001333718,11.497848880095894
12,43,202.93293616824033,204.84639197451526,1131.8796296296296,1131.5277777777778,12.807556292781596,12.109091001333718
13,43,209.2868531940898,209.54810615341543,980.9166666666666,980.25,13.534002919449897,12.807556292781596
14,43,215.85849386802997,216.2023048225137,940.5555555555555,940.7870370370371,14.213223355492133,13.534002919449897
15,43,205.32896555160525,205.78537495589862,909.2592592592592,909.7685185185185,14.990022927080933,14.213223355492133
16,43,212.29986698056055,212.3842525103055,862.6296296296297,861.9351851851852,15.857134762354208,14.990022927080933
17,43,208.00870653826877,208.32356317102477,859.324074074074,859.2870370370371,16.73930680095249,15.857134762354208
18,43,188.18151187802033,188.3638816407267,1015.9629629629629,1015.8055555555555,18.185193908963573,16.73930680095249
19,43,169.7689162738959,169.7787634370213,920.5555555555555,920.0277777777778,20.03230371924933,18.185193908963573
20,43,117.54533265024884,116.9790302655448,1374.5740740740741,1374.0648148148148,36.47608118563621,20.03230371924933
1,44,287.9227620549555,289.06528431973385,1627.787037037037,1629.0185185185185,3.2207496030095855,0.0
2,44,246.70634241552696,247.54578450951638,1665.4351851851852,1666.7685185185185,4.209577041627323,3.2207496030095855
3,44,252.97597678626244,253.71184642068195,1429.8333333333333,1430.1851851851852,5.273829034979965,4.209577041627323
4,44,230.46422105680455,231.0277684955378,1416.0648148148148,1415.8796296296296,6.2193607634696795,5.273829034979965
5,44,243.18750517268586,243.76372900181687,1236.7314814814815,1236.712962962963,7.099010562158709,6.2193607634696795
6,44,240.88072990906846,241.56058651761282,1190.0740740740741,1190.4814814814815,8.009865765886136,7.099010562158709
7,44,233.12823862471012,233.59942227456776,1221.3333333333333,1221.6851851851852,9.067303845096996,8.009865765886136
8,44,229.39892335912026,229.6184697343701,1079.5185185185185,1079.5648148148148,10.04996750303151,9.067303845096996
9,44,225.3736188853678,225.47931119079198,1076.7037037037037,1076.6666666666667,10.757118479298125,10.04996750303151
10,44,217.768407949163,218.0561137316348,1099.6296296296296,1099.3148148148148,11.497848880095894,10.757118479298125
11,44,213.4241721378816,213.8429349172009,1032.4074074074074,1032.2222222222222,12.109091001333718,11.497848880095894
12,44,210.86325343891696,211.1607043500983,1129.4722222222222,1129.3240740740741,12.807556292781596,12.109091001333718
13,44,208.22578640564313,208.46555397209298,976.9074074074074,976.8148148148148,13.534002919449897,12.807556292781596
14,44,222.3328679542386,222.78953852327047,939.5833333333334,940.3888888888889,14.213223355492133,13.534002919449897
15,44,205.59026725365038,205.74025275980242,903.8333333333334,903.6203703703703,14.990022927080933,14.213223355492133
16,44,209.07729466215278,209.22601880438754,859.9351851851852,858.9444444444445,15.857134762354208,14.990022927080933
17,44,205.73275144442033,205.8574895824282,851.75,852.0277777777778,16.73930680095249,15.857134762354208
18,44,186.23568078882224,186.28048563236374,1021.0370370370371,1020.6574074074074,18.185193908963573,16.73930680095249
19,44,168.66756461579297,168.66966559116452,915.4074074074074,914.6018518518518,20.03230371924933,18.185193908963573
20,44,117.73269865000202,117.6958017510516,1371.9722222222222,1370.537037037037,36.47608118563621,20.03230371924933
1,45,288.58155740952407,289.2657232406703,1642.3425925925926,1644.0185185185185,3.2207496030095855,0.0
2,45,247.00649507839785,248.32105124224486,1661.75,1662.9166666666667,4.209577041627323,3.2207496030095855
3,45,251.14694918563606,252.42131180211067,1432.101851851852,1431.648148148148,5.273829034979965,4.209577041627323
4,45,228.57139808078716,228.91867842111273,1411.5462962962963,1411.7037037037037,6.2193607634696795,5.273829034979965
5,45,242.34024498243986,242.94950790995415,1227.2962962962963,1227.611111111111,7.099010562158709,6.2193607634696795
6,45,238.44394683239076,239.45330457484107,1191.0092592592594,1192.3796296296296,8.009865765886136,7.099010562158709
7,45,234.25123240487414,234.47672423270964,1222.1851851851852,1221.9722222222222,9.067303845096996,8.009865765886136
8,45,232.0067018660815,232.20999559778377,1078.2962962962963,1078.0462962962963,10.04996750303151,9.067303845096996
9,45,225.32978151807333,225.26370217690237,1075.5185185185185,1075.4259259259259,10.757118479298125,10.04996750303151
10,45,222.30905445460854,222.62484807512106,1098.4537037037037,1098.4814814814815,11.497848880095894,10.757118479298125
11,45,214.71656643567226,215.01626098295438,1032.398148148148,1031.5925925925926,12.109091001333718,11.497848880095894
12,45,201.32770213501058,201.6161558879437,1119.6944444444443,1119.4722222222222,12.807556292781596,12.109091001333718
13,45,210.55073205476782,211.029174844365,980.3333333333334,980.0,13.534002919449897,12.807556292781596
14,45,211.6127533779574,211.86181563178513,936.6574074074074,936.1203703703703,14.213223355492133,13.534002919449897
15,45,205.75420438665563,206.0488869805395,905.9907407407408,905.8703703703703,14.990022927080933,14.213223355492133
16,45,212.1116544273005,212.16791828626225,864.8888888888889,864.324074074074,15.857134762354208,14.990022927080933
17,45,206.8403633223404,207.2608825587336,852.6018518518518,852.3611111111111,16.73930680095249,15.857134762354208
18,45,185.62661504405503,185.82599769145807,1020.0925925925926,1019.8333333333334,18.185193908963573,16.73930680095249
19,45,168.6183536565941,168.9129456111563,918.3518518518518,918.4722222222222,20.03230371924933,18.185193908963573
20,45,119.29463176140972,119.32273034453827,1373.9074074074074,1373.1666666666667,36.47608118563621,20.03230371924933
1,46,283.0365222389368,283.18162276356674,1624.1296296296296,1625.9444444444443,3.2207496030095855,0.0
2,46,245.88802647210093,246.68993227320132,1665.7777777777778,1665.648148148148,4.209577041627323,3.2207496030095855
3,46,253.65793023353157,253.9316148179006,1435.3148148148148,1434.462962962963,5.273829034979965,4.209577041627323
4,46,227.27515324640714,228.28040838658194,1414.388888888889,1415.5648148148148,6.2193607634696795,5.273829034979965
5,46,242.55473913558623,243.37686763251332,1225.4537037037037,1226.6203703703704,7.099010562158709,6.2193607634696795
6,46,246.153561894346,246.55794279493617,1198.5277777777778,1198.648148148148,8.009865765886136,7.099010562158709
7,46,233.07045143466166,234.14701022880197,1219.5185185185185,1220.4814814814815,9.067303845096996,8.009865765886136
8,46,232.5915554474131,233.4358396042122,1079.101851851852,1079.7407407407406,10.04996750303151,9.067303845096996
9,46,225.96353877879542,226.2713862654799,1069.9074074074074,1069.5740740740741,10.757118479298125,10.04996750303151
10,46,218.29578098290895,218.55630613088525,1100.212962962963,1100.7222222222222,11.497848880095894,10.757118479298125
11,46,211.47631149222084,211.6634182978059,1023.3703703703703,1022.8888888888889,12.109091001333718,11.497848880095894
12,46,197.56598192913899,197.8579352784284,1128.5925925925926,1128.0,12.807556292781596,12.109091001333718
13,46,209.85257945688048,210.07123914006937,986.5,986.1851851851852,13.534002919449897,12.807556292781596
14,46,216.03534126421584,216.1135068159642,939.2685185185185,938.6481481481482,14.213223355492133,13.534002919449897
15,46,205.71423547914242,205.8814744180459,908.3981481481482,908.1203703703703,14.990022927080933,14.213223355492133
16,46,210.30781740819162,210.46715259220036,862.3148148148148,861.75,15.857134762354208,14.990022927080933
17,46,205.8845437646462,206.17694191026925,854.7222222222222,854.25,16.73930680095249,15.857134762354208
18,46,187.5811822934526,187.95653647387024,1014.5370370370371,1014.3518518518518,18.185193908963573,16.73930680095249
19,46,169.16112472126784,169.12237664925686,919.5277777777778,918.8518518518518,20.03230371924933,18.185193908963573
20,46,119.3885473166566,119.27027200659124,1375.851851851852,1374.962962962963,36.47608118563621,20.03230371924933
1,47,282.0741758898763,283.38031704678804,1637.9259259259259,1638.4166666666667,3.2207496030095855,0.0
2,47,248.46212651695612,249.32485779682642,1664.5092592592594,1665.3055555555557,4.209577041627323,3.2207496030095855
3,47,253.47161219801998,254.82330180154415,1434.9351851851852,1435.8333333333333,5.273829034979965,4.209577041627323
4,47,228.8995193917179,229.45799274187812,1415.0185185185185,1415.7314814814815,6.2193607634696795,5.273829034979965
5,47,242.70494959003548,243.2602389946646,1231.1574074074074,1231.1851851851852,7.099010562158709,6.2193607634696795
6,47,242.72431965395336,243.20737115706982,1193.388888888889,1194.2037037037037,8.009865765886136,7.099010562158709
7,47,233.3672622011116,233.77147426142918,1216.9722222222222,1216.9351851851852,9.067303845096996,8.009865765886136
8,47,232.54821559832308,232.78360516253971,1081.1851851851852,1081.2777777777778,10.04996750303151,9.067303845096996
9,47,222.87271486543597,223.32993282174297,1075.712962962963,1075.5,10.757118479298125,10.04996750303151
10,47,221.98086820410433,222.13703984206822,1094.8425925925926,1094.851851851852,11.497848880095894,10.757118479298125
11,47,212.83918552037105,212.87390514301475,1028.212962962963,1027.3240740740741,12.109091001333718,11.497848880095894
12,47,209.09290533382787,209.37849080230805,1126.4722222222222,1126.7777777777778,12.807556292781596,12.109091001333718
13,47,210.249451180622,210.61104410490904,979.6481481481482,979.6574074074074,13.534002919449897,12.807556292781596
14,47,227.0787460065849,227.39068869200077,935.8981481481482,935.6574074074074,14.213223355492133,13.534002919449897
15,47,205.01639899539674,205.21054160919053,905.6203703703703,905.5092592592592,14.990022927080933,14.213223355492133
16,47,210.157896408333,210.50991273328742,858.5833333333334,858.2222222222222,15.857134762354208,14.990022927080933
17,47,207.50982199199711,207.50494533016425,857.1018518518518,856.5092592592592,16.73930680095249,15.857134762354208
18,47,187.92182772835002,187.69147326116666,1014.8796296296297,1014.6203703703703,18.185193908963573,16.73930680095249
19,47,167.09022758975436,167.18684510926136,913.3981481481482,912.8518518518518,20.03230371924933,18.185193908963573
20,47,123.05819837006749,123.16532169445763,1379.9537037037037,1379.0462962962963,36.47608118563621,20.03230371924933
1,48,281.7441838149084,284.1343567377529,1635.8055555555557,1637.0277777777778,3.2207496030095855,0.0
2,48,249.84368767359496,250.57832449400516,1673.5833333333333,1674.601851851852,4.209577041627323,3.2207496030095855
3,48,252.96672554429017,254.5754501357039,1430.361111111111,1432.0277777777778,5.273829034979965,4.209577041627323
4,48,228.8345152864907,229.3417054492007,1415.2314814814815,1415.0,6.2193607634696795,5.273829034979965
5,48,244.6904234152526,245.4937731735981,1234.4537037037037,1235.111111111111,7.099010562158709,6.2193607634696795
6,48,240.02428728878456,240.32163693479833,1189.851851851852,1190.0462962962963,8.009865765886136,7.099010562158709
7,48,232.9631612047333,233.12698322814873,1220.3240740740741,1220.212962962963,9.067303845096996,8.009865765886136
8,48,230.5611434130056,231.21260046837997,1073.6203703703704,1073.7592592592594,10.04996750303151,9.067303845096996
9,48,223.90860164545862,224.14633628815932,1076.8425925925926,1076.5277777777778,10.757118479298125,10.04996750303151
10,48,220.76988589004137,221.09533867852258,1103.4537037037037,1103.9351851851852,11.497848880095894,10.757118479298125
11,48,211.03943450557784,211.25013580178498,1024.5740740740741,1023.4629629629629,12.109091001333718,11.497848880095894
12,48,212.49994499714705,212.64014148080565,1127.5277777777778,1126.7777777777778,12.807556292781596,12.109091001333718
13,48,208.5178279158477,208.96896972840017,978.3333333333334,977.9351851851852,13.534002919449897,12.807556292781596
14,48,234.92862587623816,235.1044427234697,935.1574074074074,934.4444444444445,14.213223355492133,13.534002919449897
15,48,205.0164920903642,205.21069488392985,903.074074074074,902.9907407407408,14.990022927080933,14.213223355492133
16,48,211.27239152441027,211.56796998528372,860.9166666666666,861.1296296296297,15.857134762354208,14.990022927080933
17,48,204.28623350105522,204.5311522001132,849.6666666666666,849.8333333333334,16.73930680095249,15.857134762354208
18,48,186.7803602856045,187.39775799492548,1021.1851851851852,1020.6574074074074,18.185193908963573,16.73930680095249
19,48,169.58928721735586,169.690100699596,916.3796296296297,916.425925925926,20.03230371924933,18.185193908963573
20,48,119.79190631921044,119.59252485683882,1375.0740740740741,1373.5092592592594,36.47608118563621,20.03230371924933
1,49,275.01682480775537,276.04546898324446,1633.8796296296296,1635.3055555555557,3.2207496030095855,0.0
2,49,249.70615522123518,250.48000244183805,1674.4074074074074,1676.0,4.209577041627323,3.2207496030095855
3,49,251.84831718365353,253.1525500992557,1435.8148148148148,1436.0185185185185,5.273829034979965,4.209577041627323
4,49,228.97981436292574,229.94539926855558,1411.462962962963,1412.9259259259259,6.2193607634696795,5.273829034979965
5,49,243.53119921742604,244.19818582933016,1230.7962962962963,1231.6851851851852,7.099010562158709,6.2193607634696795
6,49,242.55645242172852,243.6188240485529,1192.0185185185185,1192.5,8.009865765886136,7.099010562158709
7,49,232.240613705081,232.44936441744593,1217.9074074074074,1217.2962962962963,9.067303845096996,8.009865765886136
8,49,233.4798257048728,234.0306986912675,1076.1203703703704,1076.2037037037037,10.04996750303151,9.067303845096996
9,49,226.3861461987187,226.83059727370633,1079.4814814814815,1078.6851851851852,10.757118479298125,10.04996750303151
10,49,220.32042066539503,221.0144193865693,1094.9351851851852,1095.5833333333333,11.497848880095894,10.757118479298125
11,49,213.11663177341472,213.26403572399778,1028.888888888889,1028.5925925925926,12.109091001333718,11.497848880095894
12,49,200.3297592599911,200.55109758214132,1119.1203703703704,1118.7777777777778,12.807556292781596,12.109091001333718
13,49,209.008733904152,209.44149178365203,977.1111111111111,977.3518518518518,13.534002919449897,12.807556292781596
14,49,241.29231878983842,241.47964094450916,939.6018518518518,938.7870370370371,14.213223355492133,13.534002919449897
15,49,205.4593044262924,205.5914389629454,910.675925925926,910.1018518518518,14.990022927080933,14.213223355492133
16,49,209.8703684305005,210.32440206476053,860.2777777777778,860.175925925926,15.857134762354208,14.990022927080933
17,49,204.82224584732953,204.64254840129783,853.2685185185185,852.6574074074074,16.73930680095249,15.857134762354208
18,49,186.2176416964637,186.11765998453154,1011.6296296296297,1010.3425925925926,18.185193908963573,16.73930680095249
19,49,168.7884761351972,169.03028506698914,922.2870370370371,922.6574074074074,20.03230371924933,18.185193908963573
20,49,126.56445487611816,126.36271971996294,1375.7314814814815,1373.7685185185185,36.47608118563621,20.03230371924933
1,50,281.9534016260873,283.5730707622074,1632.0740740740741,1632.3148148148148,3.2207496030095855,0.0
2,50,247.00146021324636,247.44868203524658,1667.9074074074074,1667.9907407407406,4.209577041627323,3.2207496030095855
3,50,255.48660421652363,256.223759545214,1435.8055555555557,1437.148148148148,5.273829034979965,4.209577041627323
4,50,228.01559527629033,228.80726436268347,1409.111111111111,1409.601851851852,6.2193607634696795,5.273829034979965
5,50,243.57193067858003,244.47976665193895,1234.462962962963,1234.8148148148148,7.099010562158709,6.2193607634696795
6,50,242.25913457867614,242.98667420319003,1187.3703703703704,1187.9722222222222,8.009865765886136,7.099010562158709
7,50,232.06037648435907,232.3264970208759,1218.1944444444443,1217.7037037037037,9.067303845096996,8.009865765886136
8,50,231.88905261603637,232.28830887912665,1081.4074074074074,1081.398148148148,10.04996750303151,9.067303845096996
9,50,222.8821115683529,223.5430008965906,1073.6574074074074,1074.4907407407406,10.757118479298125,10.04996750303151
10,50,218.17770555589365,218.75649376714657,1096.9537037037037,1097.25,11.497848880095894,10.757118479298125
11,50,214.95168676191386,215.04171016554815,1034.3240740740741,1033.7962962962963,12.109091001333718,11.497848880095894
12,50,207.46733200807515,207.533559463587,1120.898148148148,1119.7685185185185,12.807556292781596,12.109091001333718
13,50,210.09062200673822,210.3782785223149,983.6296296296297,983.8611111111111,13.534002919449897,12.807556292781596
14,50,225.50214744902462,225.4989877220751,944.1944444444445,942.8611111111111,14.213223355492133,13.534002919449897
15,50,204.5710047041714,204.78883660266544,905.1296296296297,904.9537037037037,14.990022927080933,14.213223355492133
16,50,207.7526794313703,208.08081200936144,854.0925925925926,854.2407407407408,15.857134762354208,14.990022927080933
17,50,204.90664661157845,204.98999181635514,849.9907407407408,849.4351851851852,16.73930680095249,15.857134762354208
18,50,185.16515177827893,185.43073286112255,1014.574074074074,1014.9814814814815,18.185193908963573,16.73930680095249
19,50,170.0828023855434,170.0655665619639,924.675925925926,924.1851851851852,20.03230371924933,18.185193908963573
20,50,118.23594201058151,118.33495580389099,1376.962962962963,1376.648148148148,36.47608118563621,20.03230371924933
1,51,280.3073417600947,279.9825133996425,1631.9907407407406,1632.6759259259259,3.2207496030095855,0.0
2,51,249.01838622886615,249.75456859828358,1671.101851851852,1671.6296296296296,4.209577041627323,3.2207496030095855
3,51,250.79903123700825,251.83667400432128,1435.6666666666667,1436.25,5.273829034979965,4.209577041627323
4,51,226.9897408616823,227.79302225682335,1409.0648148148148,1409.712962962963,6.2193607634696795,5.273829034979965
5,51,241.95661295086708,242.35615250217685,1229.8148148148148,1229.7962962962963,7.099010562158709,6.2193607634696795
6,51,239.26681400699854,239.54384371196522,1187.6203703703704,1187.8148148148148,8.009865765886136,7.099010562158709
7,51,232.59034920206543,233.0041608847165,1222.388888888889,1222.898148148148,9.067303845096996,8.009865765886136
8,51,233.70045381750631,234.48977444148332,1074.6666666666667,1075.4907407407406,10.04996750303151,9.067303845096996
9,51,221.7017419423441,222.43394733154403,1078.3425925925926,1079.1296296296296,10.757118479298125,10.04996750303151
10,51,218.6104775303295,218.90587684048103,1098.3148148148148,1097.5740740740741,11.497848880095894,10.757118479298125
11,51,214.38361714508312,214.44197887525922,1029.9166666666667,1029.3796296296296,12.109091001333718,11.497848880095894
12,51,204.35773695861567,204.66862438566258,1126.287037037037,1126.2037037037037,12.807556292781596,12.109091001333718
13,51,211.59247682799565,211.80727544265358,983.1388888888889,982.4166666666666,13.534002919449897,12.807556292781596
14,51,225.2145769395874,225.46996290172007,942.5648148148148,942.324074074074,14.213223355492133,13.534002919449897
15,51,204.1615427558379,204.56693818752464,902.3518518518518,902.1481481481482,14.990022927080933,14.213223355492133
16,51,210.04791092009418,210.41223175998766,860.0,859.8981481481482,15.857134762354208,14.990022927080933
17,51,205.60089349176255,205.6232588872605,849.9907407407408,849.9814814814815,16.73930680095249,15.857134762354208
18,51,186.16728978732303,186.30996020986882,1019.5092592592592,1019.0370370370371,18.185193908963573,16.73930680095249
19,51,169.0126895665728,168.96802011490217,919.6944444444445,918.9629629629629,20.03230371924933,18.185193908963573
20,51,120.38963174471674,120.37032351478172,1372.9907407407406,1372.0925925925926,36.47608118563621,20.03230371924933
1,52,276.74166671506543,277.5932631225293,1632.4444444444443,1632.0555555555557,3.2207496030095855,0.0
2,52,245.4880341423905,245.92483544095288,1663.9537037037037,1663.5092592592594,4.209577041627323,3.2207496030095855
3,52,253.35549677806463,254.24102737817307,1431.712962962963,1432.7962962962963,5.273829034979965,4.209577041627323
4,52,228.66244615239992,229.08030848430832,1410.398148148148,1409.8333333333333,6.2193607634696795,5.273829034979965
5,52,242.15054244040755,242.85831501932188,1230.1296296296296,1229.9166666666667,7.099010562158709,6.2193607634696795
6,52,243.50198327141402,244.19462701738843,1191.2222222222222,1192.2314814814815,8.009865765886136,7.099010562158709
7,52,231.15080701489308,231.66287740615076,1217.3796296296296,1217.898148148148,9.067303845096996,8.009865765886136
8,52,234.63110704048958,234.90512649145154,1077.0925925925926,1077.3148148148148,10.04996750303151,9.067303845096996
9,52,229.22180842046677,229.80127349531125,1081.1574074074074,1080.8240740740741,10.757118479298125,10.04996750303151
10,52,218.7900583770754,219.0706985545735,1095.9907407407406,1096.537037037037,11.497848880095894,10.757118479298125
11,52,214.12731623889064,214.38670744811458,1031.0277777777778,1032.0555555555557,12.109091001333718,11.497848880095894
12,52,202.88337181177855,203.16912397990484,1128.0277777777778,1128.1944444444443,12.807556292781596,12.109091001333718
13,52,209.78581918984315,210.0332188205405,981.5555555555555,981.6203703703703,13.534002919449897,12.807556292781596
14,52,236.94399380687653,237.3649852147395,942.6111111111111,942.4351851851852,14.213223355492133,13.534002919449897
15,52,203.40761398229225,203.39697387617417,902.6296296296297,901.6388888888889,14.990022927080933,14.213223355492133
16,52,210.59246007732182,211.37222063632214,864.9814814814815,865.2129629629629,15.857134762354208,14.990022927080933
17,52,206.67615646867276,207.0182266444656,854.7777777777778,854.5092592592592,16.73930680095249,15.857134762354208
18,52,184.0436125156071,184.63315336465607,1014.4537037037037,1014.324074074074,18.185193908963573,16.73930680095249
19,52,169.79864587457212,170.02268163909994,920.8981481481482,920.8703703703703,20.03230371924933,18.185193908963573
20,52,117.68361582867497,117.59205609651163,1372.9722222222222,1371.638888888889,36.47608118563621,20.03230371924933
1,53,286.66782274663467,287.52572863175914,1626.6666666666667,1627.9814814814815,3.2207496030095855,0.0
2,53,248.77633143856258,249.56568544745093,1667.462962962963,1667.6203703703704,4.209577041627323,3.2207496030095855
3,53,255.6024598565807,256.15985998268053,1436.4814814814815,1436.212962962963,5.273829034979965,4.209577041627323
4,53,228.1609335736819,229.06205039150123,1412.138888888889,1412.8240740740741,6.2193607634696795,5.273829034979965
5,53,243.69851804415916,244.29342040980293,1237.3796296296296,1237.3333333333333,7.099010562158709,6.2193607634696795
6,53,241.31940654138683,242.22629512586497,1185.1203703703704,1185.0833333333333,8.009865765886136,7.099010562158709
7,53,231.77124152757594,232.17296791718834,1220.888888888889,1221.0833333333333,9.067303845096996,8.009865765886136
8,53,233.5377281358477,234.28519328713395,1081.888888888889,1082.8333333333333,10.04996750303151,9.067303845096996
9,53,223.86242673011844,224.55204067001893,1075.0925925925926,1074.8333333333333,10.757118479298125,10.04996750303151
10,53,220.86234654439357,221.02365983342327,1096.7962962962963,1096.6851851851852,11.497848880095894,10.757118479298125
11,53,212.2108364599344,212.55817556179468,1028.8796296296296,1028.462962962963,12.109091001333718,11.497848880095894
12,53,209.02556537458406,209.34821926730706,1130.8333333333333,1130.7962962962963,12.807556292781596,12.109091001333718
13,53,209.7620518896593,210.03587728624694,983.0925925925926,983.1666666666666,13.534002919449897,12.807556292781596
14,53,216.94936404572255,217.28978828014309,941.2222222222222,940.7777777777778,14.213223355492133,13.534002919449897
15,53,206.55838706993876,206.86647532916263,908.8611111111111,908.7222222222222,14.990022927080933,14.213223355492133
16,53,208.20583735873666,208.2896215438602,856.925925925926,856.6388888888889,15.857134762354208,14.990022927080933
17,53,205.017589184503,205.38616280154088,850.6574074074074,850.5185185185185,16.73930680095249,15.857134762354208
18,53,184.3524956294518,184.56528985286033,1013.3796296296297,1013.6851851851852,18.185193908963573,16.73930680095249
19,53,167.47890858936248,167.60912444811487,914.4444444444445,913.6851851851852,20.03230371924933,18.185193908963573
20,53,120.13097193493167,119.59205916725253,1377.2037037037037,1376.4722222222222,36.47608118563621,20.03230371924933
1,54,280.25360782007033,281.74903814540727,1634.287037037037,1635.7962962962963,3.2207496030095855,0.0
2,54,248.21798962964857,248.8982614497884,1668.9351851851852,1670.0555555555557,4.209577041627323,3.2207496030095855
3,54,256.9153584898269,257.6059820953486,1435.3055555555557,1435.287037037037,5.273829034979965,4.209577041627323
4,54,227.23290003035345,227.79627642927855,1410.8148148148148,1411.2407407407406,6.2193607634696795,5.273829034979965
5,54,243.51264760032717,244.31631969585658,1230.2685185185185,1231.2314814814815,7.099010562158709,6.2193607634696795
6,54,239.29785033363126,239.06379353272345,1187.4537037037037,1186.1944444444443,8.009865765886136,7.099010562158709
7,54,235.90927228433807,236.28750584814532,1224.611111111111,1224.5277777777778,9.067303845096996,8.009865765886136
8,54,229.1751468582189,229.34064448340948,1069.7314814814815,1069.5740740740741,10.04996750303151,9.067303845096996
9,54,223.9382170940887,224.32578873095778,1074.388888888889,1074.1203703703704,10.757118479298125,10.04996750303151
10,54,217.81476916241004,218.5483177737151,1097.8148148148148,1098.4722222222222,11.497848880095894,10.757118479298125
11,54,212.35277845798313,212.73273941717292,1028.712962962963,1028.5462962962963,12.109091001333718,11.497848880095894
12,54,206.26820034158393,206.52214301150818,1127.5092592592594,1127.5,12.807556292781596,12.109091001333718
13,54,209.89583786867428,210.06662194516232,984.1481481481482,983.3703703703703,13.534002919449897,12.807556292781596
14,54,216.1366098481138,216.3942627972139,937.2222222222222,936.9629629629629,14.213223355492133,13.534002919449897
15,54,205.96908911902793,206.38902671415659,910.2222222222222,910.2037037037037,14.990022927080933,14.213223355492133
16,54,211.61942528837386,211.90404414613297,860.4907407407408,860.6944444444445,15.857134762354208,14.990022927080933
17,54,206.14404937575077,206.56131515114356,853.1574074074074,853.6574074074074,16.73930680095249,15.857134762354208
18,54,187.0746649062811,187.51724495300647,1016.0925925925926,1015.6666666666666,18.185193908963573,16.73930680095249
19,54,168.9019084292704,168.83138049707165,918.074074074074,917.5,20.03230371924933,18.185193908963573
20,54,120.25886064827336,120.25762219020132,1376.1759259259259,1374.8148148148148,36.47608118563621,20.03230371924933
1,55,286.4995412274734,288.2101299409381,1632.1666666666667,1633.6759259259259,3.2207496030095855,0.0
2,55,246.65371954360683,247.48609375583285,1668.1296296296296,1668.8425925925926,4.209577041627323,3.2207496030095855
3,55,253.6032304636163,254.13391385545162,1432.2962962962963,1432.0648148148148,5.273829034979965,4.209577041627323
4,55,228.0244014656402,228.80054257421452,1408.898148148148,1409.6851851851852,6.2193607634696795,5.273829034979965
5,55,244.00290517329984,244.53948535220917,1234.7314814814815,1233.9259259259259,7.099010562158709,6.2193607634696795
6,55,238.64996064848467,239.20774615525394,1185.6851851851852,1185.6944444444443,8.009865765886136,7.099010562158709
7,55,237.30520673929672,237.87568964321963,1228.2407407407406,1227.9722222222222,9.067303845096996,8.009865765886136
8,55,230.46362060990475,230.77507969845158,1078.148148148148,1077.8148148148148,10.04996750303151,9.067303845096996
9,55,226.68304160492335,227.23641000201053,1082.9351851851852,1082.3055555555557,10.757118479298125,10.04996750303151
10,55,220.18362615447762,220.67213594281088,1099.0555555555557,1099.4074074074074,11.497848880095894,10.757118479298125
11,55,212.8565922795839,212.9774067616387,1026.4907407407406,1025.5092592592594,12.109091001333718,11.497848880095894
12,55,209.1867869797118,209.57384488186764,1127.0740740740741,1127.5740740740741,12.807556292781596,12.109091001333718
13,55,207.55320682542862,208.04358155936862,972.3148148148148,972.4351851851852,13.534002919449897,12.807556292781596
14,55,224.55522855953393,228.15657160463428,942.1481481481482,942.1111111111111,14.213223355492133,13.534002919449897
15,55,204.50007938878662,204.62959968680727,903.425925925926,902.4166666666666,14.990022927080933,14.213223355492133
16,55,209.17300471217698,209.86315583567958,858.9814814814815,859.4629629629629,15.857134762354208,14.990022927080933
17,55,203.9386306803063,204.1694951120124,852.2129629629629,852.2777777777778,16.73930680095249,15.857134762354208
18,55,190.73200413101162,190.5438711027138,1019.0277777777778,1018.8796296296297,18.185193908963573,16.73930680095249
19,55,168.6084990262118,168.93730744999885,911.4074074074074,911.3425925925926,20.03230371924933,18.185193908963573
20,55,120.78620129752659,121.09174869578739,1382.0462962962963,1382.0185185185185,36.47608118563621,20.03230371924933
1,56,292.84022533381585,294.0490283961751,1637.1203703703704,1637.5833333333333,3.2207496030095855,0.0
2,56,248.49263614174512,249.03138271995,1675.601851851852,1674.9259259259259,4.209577041627323,3.2207496030095855
3,56,253.84523379626236,254.723727692337,1434.638888888889,1435.148148148148,5.273829034979965,4.209577041627323
4,56,228.18007412416367,229.02038577871485,1411.25,1411.898148148148,6.2193607634696795,5.273829034979965
5,56,240.1610877697428,240.9026188537562,1227.0740740740741,1228.0092592592594,7.099010562158709,6.2193607634696795
6,56,240.8060024975628,241.1934926609913,1197.6944444444443,1198.5277777777778,8.009865765886136,7.099010562158709
7,56,231.2989639541001,231.76804980252342,1218.8148148148148,1218.9444444444443,9.067303845096996,8.009865765886136
8,56,232.06848418632842,232.5965476855339,1079.4259259259259,1079.388888888889,10.04996750303151,9.067303845096996
9,56,224.55809463156177,224.7241825209793,1069.7592592592594,1069.6203703703704,10.757118479298125,10.04996750303151
10,56,217.89057799569932,218.27957898468506,1095.351851851852,1095.638888888889,11.497848880095894,10.757118479298125
11,56,212.11037148481466,212.75309428066234,1027.1574074074074,1027.9259259259259,12.109091001333718,11.497848880095894
12,56,207.70447482189775,205.49741598380533,1127.0185185185185,1127.1203703703704,12.807556292781596,12.109091001333718
13,56,210.28570189071377,210.43781121418394,986.4537037037037,985.9907407407408,13.534002919449897,12.807556292781596
14,56,233.2396588472768,233.50047474241617,934.2407407407408,933.8796296296297,14.213223355492133,13.534002919449897
15,56,205.187241801397,205.5109933363435,905.0648148148148,904.9351851851852,14.990022927080933,14.213223355492133
16,56,209.4797868777485,209.52892574979597,856.0555555555555,854.8981481481482,15.857134762354208,14.990022927080933
17,56,205.35308507872276,205.49434513935992,850.6481481481482,850.3425925925926,16.73930680095249,15.857134762354208
18,56,187.435921049998,187.0961639628446,1019.4722222222222,1019.324074074074,18.185193908963573,16.73930680095249
19,56,167.98516254695681,168.07376785208197,916.6481481481482,916.8055555555555,20.03230371924933,18.185193908963573
20,56,119.15104519620435,119.11080848543176,1375.9259259259259,1374.5092592592594,36.47608118563621,20.03230371924933
1,57,290.04560603264895,291.2317113948619,1634.0277777777778,1634.9444444444443,3.2207496030095855,0.0
2,57,247.97128051826456,248.8019910461308,1662.8796296296296,1664.0555555555557,4.209577041627323,3.2207496030095855
3,57,252.35021517236035,253.22045941089434,1431.3796296296296,1430.9537037037037,5.273829034979965,4.209577041627323
4,57,229.02027846191163,229.655528066372,1414.851851851852,1415.111111111111,6.2193607634696795,5.273829034979965
5,57,240.94444017256228,241.78367326275765,1225.1759259259259,1225.5648148148148,7.099010562158709,6.2193607634696795
6,57,240.32459178647352,241.2091131871916,1192.3703703703704,1192.9444444444443,8.009865765886136,7.099010562158709
7,57,234.1725054615911,234.12282658715097,1223.1759259259259,1222.4074074074074,9.067303845096996,8.009865765886136
8,57,229.35462880569392,229.7321981455912,1076.148148148148,1076.1759259259259,10.04996750303151,9.067303845096996
9,57,226.4577290076626,226.55902587727886,1075.4907407407406,1074.8703703703704,10.757118479298125,10.04996750303151
10,57,220.1700014537329,220.93835887479156,1098.462962962963,1098.3240740740741,11.497848880095894,10.757118479298125
11,57,213.24488901513251,213.51147095481997,1027.138888888889,1026.3796296296296,12.109091001333718,11.497848880095894
12,57,203.17350250822713,203.58631953289216,1125.9351851851852,1126.5185185185185,12.807556292781596,12.109091001333718
13,57,209.03193284867356,209.3559389112501,984.0092592592592,983.9629629629629,13.534002919449897,12.807556292781596
14,57,219.64246139962728,219.96448395317518,936.6203703703703,936.574074074074,14.213223355492133,13.534002919449897
15,57,204.37828611457516,204.48022128784172,907.8333333333334,907.2129629629629,14.990022927080933,14.213223355492133
16,57,210.0875097825909,210.32842098027055,860.4166666666666,860.2222222222222,15.857134762354208,14.990022927080933
17,57,208.0199563810722,208.40649422464736,856.8703703703703,857.2129629629629,16.73930680095249,15.857134762354208
18,57,186.8790792911757,187.01881513800842,1017.2314814814815,1016.6018518518518,18.185193908963573,16.73930680095249
19,57,168.63529276985633,168.80737699155435,916.6944444444445,916.425925925926,20.03230371924933,18.185193908963573
20,57,119.94944568947875,119.9560970245743,1378.7037037037037,1378.9537037037037,36.47608118563621,20.03230371924933
1,58,285.59138615382824,286.72746556100975,1633.037037037037,1633.3333333333333,3.2207496030095855,0.0
2,58,249.0049570145619,249.69039091517783,1670.2037037037037,1671.0092592592594,4.209577041627323,3.2207496030095855
3,58,253.91536718212535,254.57688782491624,1433.5,1433.5925925925926,5.273829034979965,4.209577041627323
4,58,229.39769817393906,230.28940618082166,1416.4537037037037,1417.648148148148,6.2193607634696795,5.273829034979965
5,58,242.43375871946174,243.29611758282263,1225.2222222222222,1225.5648148148148,7.099010562158709,6.2193607634696795
6,58,240.71580360290938,241.25749523496663,1189.9259259259259,1190.4814814814815,8.009865765886136,7.099010562158709
7,58,233.02371852486078,233.4985171994466,1220.1574074074074,1220.4259259259259,9.067303845096996,8.009865765886136
8,58,231.5367866479786,231.9896554234117,1080.8796296296296,1080.6666666666667,10.04996750303151,9.067303845096996
9,58,221.13673115617806,222.15432258183026,1074.0555555555557,1075.351851851852,10.757118479298125,10.04996750303151
10,58,221.3009966388941,221.60726902327693,1097.398148148148,1097.8240740740741,11.497848880095894,10.757118479298125
11,58,212.4954093152444,212.65509924968813,1029.5185185185185,1028.9259259259259,12.109091001333718,11.497848880095894
12,58,195.96336785595963,196.23762677771242,1124.648148148148,1124.148148148148,12.807556292781596,12.109091001333718
13,58,208.97961862158516,209.3371843423478,983.9537037037037,983.9537037037037,13.534002919449897,12.807556292781596
14,58,209.06646366955135,209.50617051852302,935.8611111111111,935.8333333333334,14.213223355492133,13.534002919449897
15,58,205.74509287129493,205.69134778078913,904.8981481481482,903.7222222222222,14.990022927080933,14.213223355492133
16,58,211.03778455891444,211.4664723894007,863.9814814814815,863.0185185185185,15.857134762354208,14.990022927080933
17,58,203.73216754447404,203.73741198219065,850.3148148148148,849.8703703703703,16.73930680095249,15.857134762354208
18,58,186.98720899903063,187.27341557627764,1016.1666666666666,1015.6481481481482,18.185193908963573,16.73930680095249
19,58,167.9822674358546,168.16800773376414,915.8703703703703,915.4722222222222,20.03230371924933,18.185193908963573
20,58,119.92018149912376,120.12132414691418,1379.3703703703704,1378.9259259259259,36.47608118563621,20.03230371924933
1,59,280.6247047799947,280.73249862042786,1634.9814814814815,1635.6851851851852,3.2207496030095855,0.0
2,59,246.83483842089984,247.54509988907864,1668.7222222222222,1669.2592592592594,4.209577041627323,3.2207496030095855
3,59,250.66261795319298,251.64188271420485,1429.5185185185185,1430.1759259259259,5.273829034979965,4.209577041627323
4,59,228.67489204933918,229.26611662440544,1413.5740740740741,1413.6574074074074,6.2193607634696795,5.273829034979965
5,59,242.2301085895036,242.76880146262775,1226.7962962962963,1226.537037037037,7.099010562158709,6.2193607634696795
6,59,240.07631689466112,240.61492263682106,1190.037037037037,1190.638888888889,8.009865765886136,7.099010562158709
7,59,231.48319839589442,232.4647239327162,1216.2592592592594,1217.5648148148148,9.067303845096996,8.009865765886136
8,59,232.33764355780184,232.34052571342596,1082.6574074074074,1082.148148148148,10.04996750303151,9.067303845096996
9,59,224.4522857740036,224.78257896181097,1084.3148148148148,1083.898148148148,10.757118479298125,10.04996750303151
10,59,219.33475109879697,220.0125424631026,1093.1203703703704,1093.6574074074074,11.497848880095894,10.757118479298125
11,59,213.8179353168652,213.93591939714202,1027.0,1026.888888888889,12.109091001333718,11.497848880095894
12,59,194.47554884683836,194.67469913534939,1117.6574074074074,1116.8703703703704,12.807556292781596,12.109091001333718
13,59,210.73324416234456,211.0868643256826,980.7222222222222,981.1388888888889,13.534002919449897,12.807556292781596
14,59,224.32579703207742,224.61816452625646,938.6574074074074,938.3518518518518,14.213223355492133,13.534002919449897
15,59,205.50086915378637,205.6896636568834,910.3055555555555,909.6203703703703,14.990022927080933,14.213223355492133
16,59,209.87744262251266,209.96450214427875,862.5462962962963,862.3333333333334,15.857134762354208,14.990022927080933
17,59,206.87060286281792,206.96609444809997,854.2685185185185,853.5185185185185,16.73930680095249,15.857134762354208
18,59,187.953016254113,188.40368144138634,1020.7407407407408,1021.1388888888889,18.185193908963573,16.73930680095249
19,59,168.6288778656508,169.07759269843962,917.2870370370371,917.6296296296297,20.03230371924933,18.185193908963573
20,59,121.92094883076314,121.88865432878053,1376.25,1374.7037037037037,36.47608118563621,20.03230371924933
1,60,280.6903010466814,281.79909856234576,1629.2592592592594,1630.9351851851852,3.2207496030095855,0.0
2,60,246.88410347469485,247.59970066240254,1673.0,1673.712962962963,4.209577041627323,3.2207496030095855
3,60,255.05119083490933,255.82123325176374,1437.8333333333333,1437.25,5.273829034979965,4.209577041627323
4,60,227.97486521362407,228.6093882307586,1411.6203703703704,1411.7314814814815,6.2193607634696795,5.273829034979965
5,60,242.91797154290802,243.75298649218232,1229.75,1230.2592592592594,7.099010562158709,6.2193607634696795
6,60,242.1359753896137,242.5667366815986,1194.2407407407406,1194.4351851851852,8.009865765886136,7.099010562158709
7,60,234.5992786203993,234.93262642944336,1220.888888888889,1220.0925925925926,9.067303845096996,8.009865765886136
8,60,231.63165914261182,232.3050537190864,1073.287037037037,1073.2962962962963,10.04996750303151,9.067303845096996
9,60,224.27530492601966,224.95882404822922,1081.6944444444443,1082.2222222222222,10.757118479298125,10.04996750303151
10,60,220.09010503045604,220.65581770542929,1092.6944444444443,1092.9814814814815,11.497848880095894,10.757118479298125
11,60,213.71341333031688,213.92307177758397,1024.888888888889,1024.5185185185185,12.109091001333718,11.497848880095894
12,60,203.02136028736658,203.44631124006446,1127.787037037037,1128.4444444444443,12.807556292781596,12.109091001333718
13,60,208.90163653453928,209.3261524670957,980.3148148148148,980.75,13.534002919449897,12.807556292781596
14,60,213.34215019581117,213.46881828363132,937.3333333333334,937.0277777777778,14.213223355492133,13.534002919449897
15,60,204.82175161979995,205.3486480100852,906.75,906.7592592592592,14.990022927080933,14.213223355492133
16,60,209.35135221484404,209.37415610649194,864.0092592592592,863.5833333333334,15.857134762354208,14.990022927080933
17,60,206.2521702570273,206.53972165039247,851.5277777777778,851.2037037037037,16.73930680095249,15.857134762354208
18,60,188.7817933721614,189.06654675981613,1018.0,1017.8796296296297,18.185193908963573,16.73930680095249
19,60,168.73874378638695,169.0028962054679,918.824074074074,918.0648148148148,20.03230371924933,18.185193908963573
20,60,118.3393250298899,118.27469461683326,1371.712962962963,1370.2685185185185,36.47608118563621,20.03230371924933
1,61,284.2794759109296,288.36137765512785,1639.5092592592594,1640.3703703703704,3.2207496030095855,0.0
2,61,247.54239746624276,248.0510511968285,1671.212962962963,1671.101851851852,4.209577041627323,3.2207496030095855
3,61,254.3411394089524,255.06735269501624,1436.7407407407406,1437.7777777777778,5.273829034979965,4.209577041627323
4,61,228.90222018159838,229.476521904221,1411.6296296296296,1411.7962962962963,6.2193607634696795,5.273829034979965
5,61,243.93008613978057,244.40271990564585,1234.6944444444443,1234.7407407407406,7.099010562158709,6.2193607634696795
6,61,242.45377027546735,242.70894604254954,1193.5925925925926,1194.3796296296296,8.009865765886136,7.099010562158709
7,61,234.49899730788871,234.99242123037504,1223.638888888889,1223.4351851851852,9.067303845096996,8.009865765886136
8,61,233.35511511484296,233.796246296462,1079.7037037037037,1079.3703703703704,10.04996750303151,9.067303845096996
9,61,226.98181656255346,227.46518356759987,1077.6296296296296,1078.2314814814815,10.757118479298125,10.04996750303151
10,61,220.3427833020041,220.61875195001718,1097.5833333333333,1097.8796296296296,11.497848880095894,10.757118479298125
11,61,214.45192323912744,214.8862567838801,1028.7592592592594,1028.9537037037037,12.109091001333718,11.497848880095894
12,61,203.77890770983626,203.88660248525872,1120.2962962962963,1119.638888888889,12.807556292781596,12.109091001333718
13,61,208.9858285632179,209.19269103306735,974.3425925925926,974.3796296296297,13.534002919449897,12.807556292781596
14,61,231.80088983172595,231.9832449985677,940.3796296296297,939.8611111111111,14.213223355492133,13.534002919449897
15,61,206.60977531268884,206.86120056939797,905.8611111111111,905.4444444444445,14.990022927080933,14.213223355492133
16,61,208.33896415232232,209.01701413721506,858.2962962962963,858.7129629629629,15.857134762354208,14.990022927080933
17,61,206.18859096062812,206.62869916499568,852.074074074074,852.2407407407408,16.73930680095249,15.857134762354208
18,61,185.83514506651224,186.0823561092485,1010.8981481481482,1010.5648148148148,18.185193908963573,16.73930680095249
19,61,168.9287304887102,168.98110544021412,915.7685185185185,915.0833333333334,20.03230371924933,18.185193908963573
20,61,119.28585562439694,119.71955182136595,1372.8055555555557,1371.4537037037037,36.47608118563621,20.03230371924933
1,62,281.25094052718964,282.83335947875014,1629.4537037037037,1631.1851851851852,3.2207496030095855,0.0
2,62,248.2960342540175,248.75295511473215,1666.1203703703704,1667.2222222222222,4.209577041627323,3.2207496030095855
3,62,254.74557851449117,255.4695450204716,1436.7592592592594,1436.3055555555557,5.273829034979965,4.209577041627323
4,62,227.397454715415,228.0352798946016,1409.5648148148148,1409.7777777777778,6.2193607634696795,5.273829034979965
5,62,244.21674629405413,244.85596337111198,1235.1944444444443,1235.6944444444443,7.099010562158709,6.2193607634696795
6,62,240.67225606170547,241.33184246685101,1187.2685185185185,1187.7037037037037,8.009865765886136,7.099010562158709
7,62,234.2275545933285,234.52982562833336,1222.3148148148148,1222.601851851852,9.067303845096996,8.009865765886136
8,62,231.67452051726292,231.98826001562514,1077.5277777777778,1077.1296296296296,10.04996750303151,9.067303845096996
9,62,225.03336840796962,225.1786518683071,1079.8703703703704,1080.111111111111,10.757118479298125,10.04996750303151
10,62,218.8419574910051,218.99348128226262,1102.8425925925926,1102.638888888889,11.497848880095894,10.757118479298125
11,62,212.9660030217868,213.3016038586133,1032.8333333333333,1032.4259259259259,12.109091001333718,11.497848880095894
12,62,208.49813121263472,208.7581109239585,1120.0185185185185,1119.361111111111,12.807556292781596,12.109091001333718
13,62,210.06659374515417,210.44486753168516,981.8981481481482,981.574074074074,13.534002919449897,12.807556292781596
14,62,220.9710198630046,221.2407746567115,940.0185185185185,939.824074074074,14.213223355492133,13.534002919449897
15,62,206.20549610705388,206.69082810629567,907.0185185185185,907.2685185185185,14.990022927080933,14.213223355492133
16,62,210.2110766976219,210.1645471306808,860.9166666666666,860.324074074074,15.857134762354208,14.990022927080933
17,62,204.36103858570675,204.46118479212248,850.7314814814815,849.8518518518518,16.73930680095249,15.857134762354208
18,62,189.16335008860312,189.17900621205484,1016.7592592592592,1016.7685185185185,18.185193908963573,16.73930680095249
19,62,167.06202938476542,167.51880429229638,912.7222222222222,912.8055555555555,20.03230371924933,18.185193908963573
20,62,119.08465982376657,119.09532144182629,1375.5833333333333,1374.8425925925926,36.47608118563621,20.03230371924933
1,63,290.8686592215086,290.8514086473689,1636.4722222222222,1637.7037037037037,3.2207496030095855,0.0
2,63,248.1915288842533,249.15648940679927,1664.1944444444443,1664.8703703703704,4.209577041627323,3.2207496030095855
3,63,255.34864799277898,255.58185308284104,1436.8796296296296,1436.5833333333333,5.273829034979965,4.209577041627323
4,63,228.5664786854828,229.31704527115235,1409.5462962962963,1410.0185185185185,6.2193607634696795,5.273829034979965
5,63,242.67167334620729,243.13419311521605,1231.111111111111,1231.611111111111,7.099010562158709,6.2193607634696795
6,63,237.797241133852,238.4123151488647,1186.9814814814815,1187.111111111111,8.009865765886136,7.099010562158709
7,63,232.4841761831745,232.96845288623953,1220.5925925925926,1220.7407407407406,9.067303845096996,8.009865765886136
8,63,231.31756910401842,231.16081897065786,1077.537037037037,1076.5555555555557,10.04996750303151,9.067303845096996
9,63,224.06049689008654,224.23853442830793,1076.75,1076.5833333333333,10.757118479298125,10.04996750303151
10,63,221.78890588967008,222.32452277048054,1102.2222222222222,1103.0185185185185,11.497848880095894,10.757118479298125
11,63,212.7913006355266,213.25495181412694,1025.3055555555557,1025.6851851851852,12.109091001333718,11.497848880095894
12,63,199.46973393657208,199.7436733678392,1129.0555555555557,1128.5462962962963,12.807556292781596,12.109091001333718
13,63,210.1638749211244,210.34920951807086,981.0370370370371,980.7037037037037,13.534002919449897,12.807556292781596
14,63,224.12529906153372,224.2890357049907,937.6481481481482,937.2037037037037,14.213223355492133,13.534002919449897
15,63,203.47729718053012,203.71808307084515,902.3518518518518,902.324074074074,14.990022927080933,14.213223355492133
16,63,208.67622758947326,208.87587680468,861.4074074074074,860.8796296296297,15.857134762354208,14.990022927080933
17,63,205.32929547936618,205.60916014646537,852.574074074074,852.2962962962963,16.73930680095249,15.857134762354208
18,63,187.7072120202012,187.6141942763509,1015.5462962962963,1015.3796296296297,18.185193908963573,16.73930680095249
19,63,169.5567401390103,169.9722046523189,917.7777777777778,917.324074074074,20.03230371924933,18.185193908963573
20,63,118.6247402609594,118.57031831470911,1380.4259259259259,1380.2777777777778,36.47608118563621,20.03230371924933
1,64,284.942389375143,286.1412921741266,1635.0925925925926,1635.5462962962963,3.2207496030095855,0.0
2,64,247.23681531250824,248.2249709164518,1671.398148148148,1671.148148148148,4.209577041627323,3.2207496030095855
3,64,257.2098028999871,258.32759579544353,1428.6203703703704,1429.3333333333333,5.273829034979965,4.209577041627323
4,64,229.6308370161511,230.16845674773194,1413.8703703703704,1413.898148148148,6.2193607634696795,5.273829034979965
5,64,242.52561601151098,243.21172410636106,1228.1203703703704,1228.7222222222222,7.099010562158709,6.2193607634696795
6,64,238.90828405786147,239.67126570121184,1185.962962962963,1186.9351851851852,8.009865765886136,7.099010562158709
7,64,233.3611067570784,233.8621540257325,1222.5833333333333,1222.9814814814815,9.067303845096996,8.009865765886136
8,64,232.19236366444818,232.51320245594258,1080.6203703703704,1080.5,10.04996750303151,9.067303845096996
9,64,224.60726146895666,225.02165106141544,1079.5648148148148,1079.9722222222222,10.757118479298125,10.04996750303151
10,64,217.38542014482684,217.72432191831325,1093.5,1093.6944444444443,11.497848880095894,10.757118479298125
11,64,212.18319545694345,212.36228183235337,1025.3703703703704,1025.1296296296296,12.109091001333718,11.497848880095894
12,64,205.8624064797111,206.2034764962552,1121.9074074074074,1122.0277777777778,12.807556292781596,12.109091001333718
13,64,211.45462065926625,211.62419051881474,978.25,977.5092592592592,13.534002919449897,12.807556292781596
14,64,227.88497926733592,228.09867417789735,945.4722222222222,945.5277777777778,14.213223355492133,13.534002919449897
15,64,204.74793519225207,205.00679688091253,907.1018518518518,906.4629629629629,14.990022927080933,14.213223355492133
16,64,212.15803425891295,212.15861435231145,866.5185185185185,866.1296296296297,15.857134762354208,14.990022927080933
17,64,206.99410404537443,206.9605728247579,853.0462962962963,852.324074074074,16.73930680095249,15.857134762354208
18,64,190.45519168223643,190.70575296893898,1014.1296296296297,1013.675925925926,18.185193908963573,16.73930680095249
19,64,169.1964804477959,169.52506408898736,915.6388888888889,915.4629629629629,20.03230371924933,18.185193908963573
20,64,116.61791570761486,116.6615339777881,1378.648148148148,1378.4351851851852,36.47608118563621,20.03230371924933
1,65,281.18150149610074,282.3259484575493,1636.4814814814815,1636.787037037037,3.2207496030095855,0.0
2,65,248.2578761924376,249.28399945299716,1672.0185185185185,1672.787037037037,4.209577041627323,3.2207496030095855
3,65,255.46109767466587,256.22179860611135,1433.1666666666667,1433.75,5.273829034979965,4.209577041627323
4,65,227.37811171302016,228.2115778428399,1408.3703703703704,1408.3333333333333,6.2193607634696795,5.273829034979965
5,65,242.17801850315752,242.842346702272,1229.351851851852,1229.9814814814815,7.099010562158709,6.2193607634696795
6,65,238.36751432170283,238.61404547160785,1187.7777777777778,1187.8796296296296,8.009865765886136,7.099010562158709
7,65,233.22802039542964,233.74509097722282,1223.787037037037,1224.4166666666667,9.067303845096996,8.009865765886136
8,65,233.72799879960237,234.03960827716128,1084.2314814814815,1084.25,10.04996750303151,9.067303845096996
9,65,223.51224242871308,223.83198668597754,1073.3425925925926,1072.9907407407406,10.757118479298125,10.04996750303151
10,65,220.10373094329339,219.91792047801184,1099.5555555555557,1099.1574074074074,11.497848880095894,10.757118479298125
11,65,212.86391536276386,213.41657803137147,1025.8703703703704,1025.3425925925926,12.109091001333718,11.497848880095894
12,65,207.78630641175073,208.20475334067484,1126.5277777777778,1127.3148148148148,12.807556292781596,12.109091001333718
13,65,208.74220747089458,209.3202085758312,976.6481481481482,976.9444444444445,13.534002919449897,12.807556292781596
14,65,213.68965571376233,213.93661571384553,943.0092592592592,942.6388888888889,14.213223355492133,13.534002919449897
15,65,204.96647553252424,205.42590021397623,902.9537037037037,902.9444444444445,14.990022927080933,14.213223355492133
16,65,211.0729518007936,211.2606164570123,860.3055555555555,860.0185185185185,15.857134762354208,14.990022927080933
17,65,206.09648198670516,206.18645908741289,849.4444444444445,848.4814814814815,16.73930680095249,15.857134762354208
18,65,185.38826719184217,185.5614188812229,1019.2407407407408,1019.1574074074074,18.185193908963573,16.73930680095249
19,65,168.74258623311118,168.87858675503261,916.2314814814815,915.4444444444445,20.03230371924933,18.185193908963573
20,65,121.66413502455337,121.77481703212251,1377.101851851852,1376.7962962962963,36.47608118563621,20.03230371924933
1,66,283.2533776355441,285.9641853360959,1628.0740740740741,1629.0740740740741,3.2207496030095855,0.0
2,66,245.65827161997763,246.5892766738953,1663.6759259259259,1664.5648148148148,4.209577041627323,3.2207496030095855
3,66,258.1197091095937,259.22056141787425,1434.0185185185185,1434.648148148148,5.273829034979965,4.209577041627323
4,66,230.1894409172422,231.10915538346254,1413.851851851852,1413.648148148148,6.2193607634696795,5.273829034979965
5,66,242.7498225720945,243.3438954791832,1234.5648148148148,1234.601851851852,7.099010562158709,6.2193607634696795
6,66,238.70901475993963,239.13898938935247,1188.9259259259259,1188.5185185185185,8.009865765886136,7.099010562158709
7,66,234.72736383987873,234.84184795043478,1228.0277777777778,1228.0092592592594,9.067303845096996,8.009865765886136
8,66,231.89349041537395,232.71374027413387,1076.5833333333333,1076.1296296296296,10.04996750303151,9.067303845096996
9,66,226.63505235110662,227.17563304902026,1077.5740740740741,1078.148148148148,10.757118479298125,10.04996750303151
10,66,219.95472467462332,220.52560404860964,1097.5833333333333,1097.9907407407406,11.497848880095894,10.757118479298125
11,66,213.91543206984085,214.22054554337788,1031.4351851851852,1031.7777777777778,12.109091001333718,11.497848880095894
12,66,201.06882099522505,201.40213712446948,1122.4814814814815,1122.5092592592594,12.807556292781596,12.109091001333718
13,66,209.25857834527324,209.27520696559384,978.0833333333334,977.3333333333334,13.534002919449897,12.807556292781596
14,66,214.1337878841269,214.5561969957211,945.4814814814815,945.9166666666666,14.213223355492133,13.534002919449897
15,66,206.3985586414225,206.83792034354113,910.0648148148148,909.8425925925926,14.990022927080933,14.213223355492133
16,66,208.45669147469266,208.24103161925322,857.2777777777778,856.5648148148148,15.857134762354208,14.990022927080933
17,66,206.63998143954547,206.74190250789914,855.3333333333334,854.9814814814815,16.73930680095249,15.857134762354208
18,66,188.28655627804784,188.35011413973442,1013.0185185185185,1012.3518518518518,18.185193908963573,16.73930680095249
19,66,169.27427880499783,169.53971514366435,913.7037037037037,913.6944444444445,20.03230371924933,18.185193908963573
20,66,118.34413658028689,118.23952375171241,1375.6574074074074,1375.111111111111,36.47608118563621,20.03230371924933
1,67,284.28946935165754,285.56547897319797,1629.7592592592594,1630.9722222222222,3.2207496030095855,0.0
2,67,249.00188978884333,249.4878734835185,1672.111111111111,1672.4074074074074,4.209577041627323,3.2207496030095855
3,67,250.8347765867422,251.78237354843554,1432.898148148148,1433.2222222222222,5.273829034979965,4.209577041627323
4,67,228.66554718599102,229.21504458545203,1413.0092592592594,1412.3148148148148,6.2193607634696795,5.273829034979965
5,67,242.03495576524037,242.87417614800472,1224.5462962962963,1225.648148148148,7.099010562158709,6.2193607634696795
6,67,241.9938982580807,242.5185145934232,1194.4351851851852,1193.9814814814815,8.009865765886136,7.099010562158709
7,67,232.44534107281711,233.05662299703343,1222.5185185185185,1222.861111111111,9.067303845096996,8.009865765886136
8,67,230.70083089078938,231.1137521474229,1079.1296296296296,1079.601851851852,10.04996750303151,9.067303845096996
9,67,224.90620437952242,225.2616248120746,1080.462962962963,1080.148148148148,10.757118479298125,10.04996750303151
10,67,219.29987682991444,219.55566913079542,1092.1944444444443,1092.5833333333333,11.497848880095894,10.757118479298125
11,67,214.306043003115,214.77035682759325,1035.361111111111,1035.4074074074074,12.109091001333718,11.497848880095894
12,67,204.3268941620396,204.52604319735312,1123.2407407407406,1123.2777777777778,12.807556292781596,12.109091001333718
13,67,208.421390771146,208.67190389698624,977.7314814814815,977.324074074074,13.534002919449897,12.807556292781596
14,67,218.3513492437,218.42495816469116,941.6666666666666,940.7407407407408,14.213223355492133,13.534002919449897
15,67,206.34193274762754,206.43003724178294,908.425925925926,908.3148148148148,14.990022927080933,14.213223355492133
16,67,209.145772895031,209.57797517646588,856.4166666666666,856.3888888888889,15.857134762354208,14.990022927080933
17,67,208.2420549440704,208.65382431909526,853.0925925925926,853.3333333333334,16.73930680095249,15.857134762354208
18,67,186.4793789652074,186.51885842526931,1017.1203703703703,1016.675925925926,18.185193908963573,16.73930680095249
19,67,167.56548199996712,167.74855382734998,916.6111111111111,916.5925925925926,20.03230371924933,18.185193908963573
20,67,117.38673653488085,116.93380286859094,1374.6851851851852,1373.6203703703704,36.47608118563621,20.03230371924933
1,68,285.40231003858383,288.08343322039843,1638.2685185185185,1639.3333333333333,3.2207496030095855,0.0
2,68,249.79365037610646,250.75289156000113,1671.6203703703704,1672.7777777777778,4.209577041627323,3.2207496030095855
3,68,253.7130565726717,254.46414091200447,1429.8333333333333,1429.8425925925926,5.273829034979965,4.209577041627323
4,68,229.8850691336075,230.49775023776039,1413.4166666666667,1413.7407407407406,6.2193607634696795,5.273829034979965
5,68,241.349543130104,241.7929574206389,1227.8425925925926,1227.787037037037,7.099010562158709,6.2193607634696795
6,68,238.055372626505,238.11583521944692,1183.8240740740741,1183.462962962963,8.009865765886136,7.099010562158709
7,68,233.48258054671805,233.8612295766849,1222.4907407407406,1222.8240740740741,9.067303845096996,8.009865765886136
8,68,232.773794051122,233.2195282543868,1078.8240740740741,1078.2777777777778,10.04996750303151,9.067303845096996
9,68,226.20371892404705,226.4978689060333,1074.0555555555557,1074.4722222222222,10.757118479298125,10.04996750303151
10,68,222.4725777796702,222.6786697281328,1103.5185185185185,1103.6851851851852,11.497848880095894,10.757118479298125
11,68,213.21417612440948,213.6616903063633,1028.6759259259259,1028.5833333333333,12.109091001333718,11.497848880095894
12,68,197.70435037535407,198.08462790651015,1124.9259259259259,1125.0277777777778,12.807556292781596,12.109091001333718
13,68,208.81668717269665,208.98341925012232,978.1388888888889,977.7685185185185,13.534002919449897,12.807556292781596
14,68,215.29786755377256,215.4821138100169,939.6296296296297,938.8518518518518,14.213223355492133,13.534002919449897
15,68,204.1786595861743,204.25790033985774,905.0277777777778,904.3888888888889,14.990022927080933,14.213223355492133
16,68,209.47397511739135,209.66182549951736,862.0092592592592,861.7129629629629,15.857134762354208,14.990022927080933
17,68,205.62437849268838,205.9906167594177,849.824074074074,850.0277777777778,16.73930680095249,15.857134762354208
18,68,185.79090595524323,186.03620667766114,1020.7685185185185,1021.0648148148148,18.185193908963573,16.73930680095249
19,68,167.13449945516388,167.4187668800075,919.3796296296297,918.9351851851852,20.03230371924933,18.185193908963573
20,68,116.80827000845423,116.04041724348684,1373.3425925925926,1372.851851851852,36.47608118563621,20.03230371924933
1,69,281.94489968246927,283.5244830861379,1632.7777777777778,1633.9537037037037,3.2207496030095855,0.0
2,69,246.23548474050355,246.94588961689826,1669.9166666666667,1670.0277777777778,4.209577041627323,3.2207496030095855
3,69,252.3479234935543,252.5073658113354,1432.8796296296296,1431.9907407407406,5.273829034979965,4.209577041627323
4,69,230.04055951153381,230.69618100050042,1412.6944444444443,1413.361111111111,6.2193607634696795,5.273829034979965
5,69,242.42963132600087,243.08658808484438,1228.888888888889,1229.0185185185185,7.099010562158709,6.2193607634696795
6,69,239.24661919604588,239.57763592464119,1194.148148148148,1193.6759259259259,8.009865765886136,7.099010562158709
7,69,233.54347099813367,234.43859282322188,1225.398148148148,1225.8240740740741,9.067303845096996,8.009865765886136
8,69,230.88145953076236,231.12004921548535,1072.7222222222222,1073.8148148148148,10.04996750303151,9.067303845096996
9,69,224.6729930907995,225.40182468570748,1078.6851851851852,1079.3055555555557,10.757118479298125,10.04996750303151
10,69,218.41579047452672,218.5861545805534,1100.75,1100.5277777777778,11.497848880095894,10.757118479298125
11,69,216.30839923355836,216.6749723859715,1031.5740740740741,1031.2592592592594,12.109091001333718,11.497848880095894
12,69,217.8323461125898,218.0061859579166,1133.148148148148,1132.7592592592594,12.807556292781596,12.109091001333718
13,69,209.19259800661166,209.21340998400888,979.75,979.1111111111111,13.534002919449897,12.807556292781596
14,69,213.87159521883402,214.13207769662338,937.9537037037037,937.6018518518518,14.213223355492133,13.534002919449897
15,69,205.19975468183472,205.34242467385593,905.824074074074,905.8888888888889,14.990022927080933,14.213223355492133
16,69,209.69982922408633,210.27309119087423,856.2685185185185,857.0370370370371,15.857134762354208,14.990022927080933
17,69,205.17421523163935,205.42810025476095,852.5833333333334,852.6018518518518,16.73930680095249,15.857134762354208
18,69,186.33080680400477,186.55193605420428,1014.7037037037037,1013.3333333333334,18.185193908963573,16.73930680095249
19,69,167.6299562492481,167.91538907871566,909.8055555555555,909.7870370370371,20.03230371924933,18.185193908963573
20,69,118.44604610637319,117.83465613474381,1374.9444444444443,1374.537037037037,36.47608118563621,20.03230371924933
1,70,286.0184299341204,286.85578090729757,1636.9074074074074,1638.4814814814815,3.2207496030095855,0.0
2,70,248.80377405046747,249.62808785081836,1673.7314814814815,1673.3425925925926,4.209577041627323,3.2207496030095855
3,70,252.20656344266834,252.9862402974122,1435.4074074074074,1435.5648148148148,5.273829034979965,4.209577041627323
4,70,227.64214114262197,228.20999479483268,1409.287037037037,1410.037037037037,6.2193607634696795,5.273829034979965
5,70,243.4265282726453,243.94612212224445,1231.638888888889,1231.2777777777778,7.099010562158709,6.2193607634696795
6,70,239.40574590833862,239.92364899097447,1186.5092592592594,1187.138888888889,8.009865765886136,7.099010562158709
7,70,232.85722997163236,233.3342616572623,1218.7037037037037,1219.7592592592594,9.067303845096996,8.009865765886136
8,70,234.01765478392355,234.63608845592805,1080.138888888889,1080.3240740740741,10.04996750303151,9.067303845096996
9,70,223.06035916781636,223.3745534070629,1070.398148148148,1070.2592592592594,10.757118479298125,10.04996750303151
10,70,220.27817705803974,220.71568305875877,1099.9722222222222,1100.0,11.497848880095894,10.757118479298125
11,70,213.25239364642783,213.6377238787334,1029.0833333333333,1029.2962962962963,12.109091001333718,11.497848880095894
12,70,211.69211239953364,211.86469837907248,1125.8333333333333,1125.111111111111,12.807556292781596,12.109091001333718
13,70,209.33046824122172,209.8326894142085,980.324074074074,980.3518518518518,13.534002919449897,12.807556292781596
14,70,219.46802143823996,219.56681430643403,939.6851851851852,938.9166666666666,14.213223355492133,13.534002919449897
15,70,205.5260906311097,205.74825413537076,905.0462962962963,904.7407407407408,14.990022927080933,14.213223355492133
16,70,209.99966229786526,210.06442450774932,856.2962962962963,855.9722222222222,15.857134762354208,14.990022927080933
17,70,207.05466656995446,207.48708566809472,857.8981481481482,857.8703703703703,16.73930680095249,15.857134762354208
18,70,186.378893039013,186.34516884717382,1013.7592592592592,1012.925925925926,18.185193908963573,16.73930680095249
19,70,168.3725804992768,168.60311879996954,917.6666666666666,917.2407407407408,20.03230371924933,18.185193908963573
20,70,117.20042615006517,117.19897685728574,1377.1296296296296,1376.8055555555557,36.47608118563621,20.03230371924933
1,71,289.5178855333858,292.3469153173858,1638.0740740740741,1639.1666666666667,3.2207496030095855,0.0
2,71,246.763465184028,247.7122761161508,1668.2222222222222,1668.7222222222222,4.209577041627323,3.2207496030095855
3,71,253.528724792167,254.5652342867704,1433.351851851852,1434.2592592592594,5.273829034979965,4.209577041627323
4,71,228.52026569278365,229.26978651651928,1406.5185185185185,1407.1666666666667,6.2193607634696795,5.273829034979965
5,71,242.8667275062561,243.4895672974364,1231.962962962963,1232.2962962962963,7.099010562158709,6.2193607634696795
6,71,239.83174668614495,241.03476624662676,1191.4351851851852,1191.9444444444443,8.009865765886136,7.099010562158709
7,71,234.90171007284823,235.01754479865033,1226.75,1227.1203703703704,9.067303845096996,8.009865765886136
8,71,234.52933358756022,234.9952157647753,1076.7407407407406,1076.7222222222222,10.04996750303151,9.067303845096996
9,71,225.66508949234054,225.80044893483293,1074.138888888889,1073.6851851851852,10.757118479298125,10.04996750303151
10,71,217.35071652056126,217.87058182470997,1095.537037037037,1095.0277777777778,11.497848880095894,10.757118479298125
11,71,213.73772368491814,214.08479471980195,1031.648148148148,1031.8796296296296,12.109091001333718,11.497848880095894
12,71,199.83196580303567,199.0024666439211,1122.601851851852,1123.2314814814815,12.807556292781596,12.109091001333718
13,71,208.75620904744505,208.97660428359845,979.2129629629629,979.0092592592592,13.534002919449897,12.807556292781596
14,71,217.0535043915996,217.01038571428253,938.7222222222222,937.9907407407408,14.213223355492133,13.534002919449897
15,71,205.56015178539104,205.5982835429845,907.0092592592592,906.6944444444445,14.990022927080933,14.213223355492133
16,71,207.76640142887913,207.7409439923609,855.8333333333334,854.8981481481482,15.857134762354208,14.990022927080933
17,71,206.77957821577613,206.8645636594151,854.4722222222222,853.8981481481482,16.73930680095249,15.857134762354208
18,71,187.85272198780382,188.0606989196272,1017.9074074074074,1017.8148148148148,18.185193908963573,16.73930680095249
19,71,168.89903741200288,169.03314507667844,918.0092592592592,917.5833333333334,20.03230371924933,18.185193908963573
20,71,117.42087450816756,117.42888703959488,1377.2685185185185,1376.3055555555557,36.47608118563621,20.03230371924933
1,72,279.08765018195317,281.1214398990688,1627.3703703703704,1629.212962962963,3.2207496030095855,0.0
2,72,248.05630321212067,248.61092582272866,1666.0,1665.7962962962963,4.209577041627323,3.2207496030095855
3,72,252.33688974387067,253.36731172195712,1432.7685185185185,1433.1759259259259,5.273829034979965,4.209577041627323
4,72,227.34203943127977,227.864368492134,1407.5648148148148,1407.1296296296296,6.2193607634696795,5.273829034979965
5,72,242.69283510551475,243.27432802391397,1228.7407407407406,1229.212962962963,7.099010562158709,6.2193607634696795
6,72,241.53014705837154,242.35809727294915,1193.2314814814815,1193.361111111111,8.009865765886136,7.099010562158709
7,72,232.09131516038892,232.74833314824826,1222.0925925925926,1222.212962962963,9.067303845096996,8.009865765886136
8,72,230.361244014869,230.85777577643654,1077.2685185185185,1077.8333333333333,10.04996750303151,9.067303845096996
9,72,230.01708678970377,230.35173312722821,1082.5555555555557,1083.1203703703704,10.757118479298125,10.04996750303151
10,72,218.51452132781037,218.7185294786327,1097.3240740740741,1097.1851851851852,11.497848880095894,10.757118479298125
11,72,213.90385249508563,214.29174062126583,1028.8240740740741,1028.611111111111,12.109091001333718,11.497848880095894
12,72,209.27122403421532,208.57326286867925,1122.2222222222222,1122.0740740740741,12.807556292781596,12.109091001333718
13,72,211.41948321441342,211.76358267352273,983.7222222222222,983.175925925926,13.534002919449897,12.807556292781596
14,72,219.5885489461085,219.79545130665772,940.0648148148148,939.9074074074074,14.213223355492133,13.534002919449897
15,72,205.29661247487934,205.610458846124,906.3425925925926,906.0555555555555,14.990022927080933,14.213223355492133
16,72,210.27456093661326,210.7129640979533,860.3425925925926,860.4722222222222,15.857134762354208,14.990022927080933
17,72,208.9607091042396,209.3935439217033,859.6851851851852,860.0370370370371,16.73930680095249,15.857134762354208
18,72,186.58010326023032,186.94760858697498,1012.0925925925926,1011.5092592592592,18.185193908963573,16.73930680095249
19,72,166.7931172854027,166.9141587268528,920.074074074074,919.7129629629629,20.03230371924933,18.185193908963573
20,72,118.75759690399337,119.38654243362834,1377.1296296296296,1375.6203703703704,36.47608118563621,20.03230371924933
1,73,289.7244003361827,290.9698459042875,1631.1851851851852,1632.351851851852,3.2207496030095855,0.0
2,73,249.0551295183526,250.07084699132676,1669.6203703703704,1669.3425925925926,4.209577041627323,3.2207496030095855
3,73,256.6142112473955,257.211705071983,1432.9907407407406,1433.1296296296296,5.273829034979965,4.209577041627323
4,73,229.54977253084647,230.543424695232,1415.4537037037037,1416.4074074074074,6.2193607634696795,5.273829034979965
5,73,243.36637178873212,244.014968834755,1233.101851851852,1233.5648148148148,7.099010562158709,6.2193607634696795
6,73,242.32315764285576,242.9878486614205,1195.6759259259259,1195.787037037037,8.009865765886136,7.099010562158709
7,73,232.01639907135862,232.60353649904533,1221.6296296296296,1221.7037037037037,9.067303845096996,8.009865765886136
8,73,231.72631128745732,231.98705123346159,1076.5925925925926,1076.0,10.04996750303151,9.067303845096996
9,73,222.693999562615,223.1196318288198,1068.851851851852,1069.462962962963,10.757118479298125,10.04996750303151
10,73,223.01512835176922,223.2659704634823,1101.3055555555557,1101.5185185185185,11.497848880095894,10.757118479298125
11,73,212.22295664342394,212.54422594604054,1031.4722222222222,1031.398148148148,12.109091001333718,11.497848880095894
12,73,211.73317631229642,213.72348251727072,1125.1296296296296,1124.898148148148,12.807556292781596,12.109091001333718
13,73,210.2845067928991,210.72057081012613,982.6018518518518,982.6388888888889,13.534002919449897,12.807556292781596
14,73,216.30928155790303,216.55368923174373,936.1203703703703,935.7407407407408,14.213223355492133,13.534002919449897
15,73,205.86449728687637,206.2168717581979,905.9629629629629,905.9629629629629,14.990022927080933,14.213223355492133
16,73,210.11994722109847,210.44906954254645,855.3981481481482,854.8425925925926,15.857134762354208,14.990022927080933
17,73,206.01328051326402,206.0578912158086,855.4537037037037,854.6481481481482,16.73930680095249,15.857134762354208
18,73,187.26843140895082,187.520223088091,1008.9629629629629,1008.6944444444445,18.185193908963573,16.73930680095249
19,73,168.26318624448473,168.33484201640698,917.8981481481482,917.425925925926,20.03230371924933,18.185193908963573
20,73,120.78534056226603,120.4866629241233,1380.0092592592594,1379.898148148148,36.47608118563621,20.03230371924933
1,74,290.869279328281,292.0045224901673,1638.4259259259259,1638.638888888889,3.2207496030095855,0.0
2,74,248.38236804286902,248.92713796863057,1668.5648148148148,1668.7777777777778,4.209577041627323,3.2207496030095855
3,74,253.75775660585987,254.4344069242226,1428.388888888889,1427.787037037037,5.273829034979965,4.209577041627323
4,74,229.33193469727732,230.1039779464208,1416.787037037037,1417.8333333333333,6.2193607634696795,5.273829034979965
5,74,242.37008395567997,243.28213761917758,1230.8333333333333,1231.9259259259259,7.099010562158709,6.2193607634696795
6,74,240.89296602228293,241.39576236934886,1195.0,1195.5277777777778,8.009865765886136,7.099010562158709
7,74,233.54483879975015,234.08268191063584,1219.7777777777778,1220.5277777777778,9.067303845096996,8.009865765886136
8,74,230.93031464117124,230.98290880354205,1076.7037037037037,1076.6759259259259,10.04996750303151,9.067303845096996
9,74,224.50045365093789,225.08254344265902,1073.9537037037037,1074.8703703703704,10.757118479298125,10.04996750303151
10,74,219.96267030824694,220.65223330625935,1102.9907407407406,1103.287037037037,11.497848880095894,10.757118479298125
11,74,214.4834715199972,215.017572285236,1031.7407407407406,1032.0833333333333,12.109091001333718,11.497848880095894
12,74,207.44611902603233,207.77947073308258,1124.7962962962963,1124.388888888889,12.807556292781596,12.109091001333718
13,74,207.96556594279224,208.37873699941682,978.6944444444445,979.0833333333334,13.534002919449897,12.807556292781596
14,74,223.05684950418376,223.47890079149943,942.7685185185185,942.1481481481482,14.213223355492133,13.534002919449897
15,74,204.00706685768017,203.95811174276312,900.0277777777778,899.4537037037037,14.990022927080933,14.213223355492133
16,74,208.38421873042978,208.4401207097595,857.175925925926,856.7314814814815,15.857134762354208,14.990022927080933
17,74,204.6250197972,204.71246258529976,847.824074074074,847.3703703703703,16.73930680095249,15.857134762354208
18,74,188.91252773877628,188.95671460289125,1017.175925925926,1016.1203703703703,18.185193908963573,16.73930680095249
19,74,168.2849507385643,168.47481270035908,918.0555555555555,917.8888888888889,20.03230371924933,18.185193908963573
20,74,118.48647091899068,118.57080416965766,1375.7314814814815,1374.2962962962963,36.47608118563621,20.03230371924933
1,75,287.1116204019709,288.30242725564955,1632.0925925925926,1633.0925925925926,3.2207496030095855,0.0
2,75,247.33547989597875,248.4823916740859,1672.2314814814815,1673.2222222222222,4.209577041627323,3.2207496030095855
3,75,254.55853592731435,255.55847450781837,1436.5185185185185,1436.25,5.273829034979965,4.209577041627323
4,75,227.8974494040888,228.82128405453057,1411.7314814814815,1412.6944444444443,6.2193607634696795,5.273829034979965
5,75,241.47891345888578,242.3112313545235,1230.7222222222222,1231.2777777777778,7.099010562158709,6.2193607634696795
6,75,242.25783434157546,242.8320605620751,1193.7407407407406,1193.4537037037037,8.009865765886136,7.099010562158709
7,75,231.08777002955455,231.2201146072833,1219.5648148148148,1218.2592592592594,9.067303845096996,8.009865765886136
8,75,233.64614401444828,234.21919545011698,1079.9351851851852,1079.7685185185185,10.04996750303151,9.067303845096996
9,75,226.5596234396074,226.92573692003202,1076.787037037037,1076.6296296296296,10.757118479298125,10.04996750303151
10,75,218.79858529357662,219.4779846924255,1095.2037037037037,1095.3425925925926,11.497848880095894,10.757118479298125
11,75,213.64037384327915,213.54211639609778,1031.1666666666667,1029.9907407407406,12.109091001333718,11.497848880095894
12,75,208.55429629630737,210.67565673498723,1123.212962962963,1123.5648148148148,12.807556292781596,12.109091001333718
13,75,209.3795365395581,209.86255339583545,981.7129629629629,981.8981481481482,13.534002919449897,12.807556292781596
14,75,206.83193754400855,207.2266012993758,930.2777777777778,930.4074074074074,14.213223355492133,13.534002919449897
15,75,206.36774008315425,206.68398270709463,908.4537037037037,907.6666666666666,14.990022927080933,14.213223355492133
16,75,208.43406555720608,208.90269569859993,857.1851851851852,857.5185185185185,15.857134762354208,14.990022927080933
17,75,207.62092692190075,207.85321361209037,857.0277777777778,857.1203703703703,16.73930680095249,15.857134762354208
18,75,187.097790064175,187.32615310707413,1016.4629629629629,1016.7407407407408,18.185193908963573,16.73930680095249
19,75,167.3850986519019,167.5967680814409,914.7222222222222,914.0462962962963,20.03230371924933,18.185193908963573
20,75,118.7122985467827,118.19653227737042,1376.6666666666667,1376.4722222222222,36.47608118563621,20.03230371924933
1,76,285.96723936623596,287.28673282295995,1631.1574074074074,1632.861111111111,3.2207496030095855,0.0
2,76,246.95505065715713,247.7563776450645,1668.7314814814815,1670.0833333333333,4.209577041627323,3.2207496030095855
3,76,253.83594216815004,254.8817061119536,1432.7037037037037,1433.9259259259259,5.273829034979965,4.209577041627323
4,76,227.10859522916493,227.7629674504165,1408.3055555555557,1408.0555555555557,6.2193607634696795,5.273829034979965
5,76,242.47434730072123,243.20070497257186,1229.7685185185185,1229.898148148148,7.099010562158709,6.2193607634696795
6,76,238.803699553588,239.68167749470012,1188.148148148148,1188.7592592592594,8.009865765886136,7.099010562158709
7,76,232.50646258288072,232.78683062135664,1218.851851851852,1219.601851851852,9.067303845096996,8.009865765886136
8,76,230.08132719057576,229.61609484277494,1078.8796296296296,1077.712962962963,10.04996750303151,9.067303845096996
9,76,220.99467339338347,221.10791366026075,1077.1759259259259,1076.861111111111,10.757118479298125,10.04996750303151
10,76,219.82523412063122,220.117328219557,1101.8703703703704,1102.5,11.497848880095894,10.757118479298125
11,76,214.3894769860688,214.88389951339676,1033.888888888889,1034.138888888889,12.109091001333718,11.497848880095894
12,76,206.62219669813126,207.0060789836997,1126.138888888889,1126.101851851852,12.807556292781596,12.109091001333718
13,76,208.3755334111095,208.7581432481083,975.1111111111111,974.7777777777778,13.534002919449897,12.807556292781596
14,76,215.28472835361092,215.4749963165466,937.7592592592592,937.1851851851852,14.213223355492133,13.534002919449897
15,76,206.95971053310313,207.28055557853418,906.0462962962963,905.6666666666666,14.990022927080933,14.213223355492133
16,76,209.31853804562965,209.66099114781198,858.9351851851852,858.5,15.857134762354208,14.990022927080933
17,76,204.0928691037438,204.3027010659562,854.6851851851852,854.6018518518518,16.73930680095249,15.857134762354208
18,76,189.8841495487964,189.96036745278408,1021.5925925925926,1020.8981481481482,18.185193908963573,16.73930680095249
19,76,168.95314985811095,169.30326322231792,917.3888888888889,916.9074074074074,20.03230371924933,18.185193908963573
20,76,116.79323879182284,116.16022154603331,1378.2777777777778,1376.3796296296296,36.47608118563621,20.03230371924933
1,77,286.54555959904155,286.4393108076761,1631.2777777777778,1631.8333333333333,3.2207496030095855,0.0
2,77,247.13180085595903,248.05735248555968,1663.2592592592594,1663.6851851851852,4.209577041627323,3.2207496030095855
3,77,255.01511351254086,255.67959424832227,1437.2592592592594,1436.6944444444443,5.273829034979965,4.209577041627323
4,77,229.77050677552012,230.79250526859735,1416.712962962963,1417.4259259259259,6.2193607634696795,5.273829034979965
5,77,241.30617733522303,242.17736723910542,1226.8148148148148,1228.0092592592594,7.099010562158709,6.2193607634696795
6,77,238.02256541015345,238.75525642653434,1187.2037037037037,1187.0555555555557,8.009865765886136,7.099010562158709
7,77,235.59166665995895,235.90422658705216,1221.9722222222222,1222.0092592592594,9.067303845096996,8.009865765886136
8,77,231.577350596563,232.02123572003583,1077.75,1078.0,10.04996750303151,9.067303845096996
9,77,223.3819688476167,223.907489437002,1077.0,1076.8148148148148,10.757118479298125,10.04996750303151
10,77,219.42682887892045,219.9802594363946,1100.0833333333333,1100.6574074074074,11.497848880095894,10.757118479298125
11,77,212.22629984093965,212.74937653569103,1031.898148148148,1031.3055555555557,12.109091001333718,11.497848880095894
12,77,198.90216869910807,199.3193016180878,1124.6574074074074,1124.7685185185185,12.807556292781596,12.109091001333718
13,77,207.94089460856264,208.1786777488926,975.1203703703703,975.175925925926,13.534002919449897,12.807556292781596
14,77,214.9113286648382,215.33815567433098,941.5833333333334,942.0277777777778,14.213223355492133,13.534002919449897
15,77,203.85118256136357,204.1818531203575,900.5370370370371,900.3981481481482,14.990022927080933,14.213223355492133
16,77,210.05819441590359,210.3378057838698,863.7962962962963,863.8518518518518,15.857134762354208,14.990022927080933
17,77,205.53171285532483,205.72892667479283,855.0648148148148,855.1574074074074,16.73930680095249,15.857134762354208
18,77,187.66721500929785,187.74542113752454,1018.4907407407408,1017.75,18.185193908963573,16.73930680095249
19,77,169.6584900315763,169.63587739655523,918.3518518518518,917.2037037037037,20.03230371924933,18.185193908963573
20,77,118.53598027589342,119.09800309808112,1376.5833333333333,1375.5925925925926,36.47608118563621,20.03230371924933
1,78,280.597946461167,282.13634586823696,1631.0,1632.7407407407406,3.2207496030095855,0.0
2,78,248.24554705684733,248.55534223780143,1671.7962962962963,1671.9537037037037,4.209577041627323,3.2207496030095855
3,78,249.69349878574425,250.29833983582688,1428.0277777777778,1427.7314814814815,5.273829034979965,4.209577041627323
4,78,228.54977261541848,229.39486083418183,1408.75,1410.3055555555557,6.2193607634696795,5.273829034979965
5,78,240.87790343186384,241.6513753266355,1226.7314814814815,1227.3148148148148,7.099010562158709,6.2193607634696795
6,78,242.39434157525852,242.1374520027288,1193.462962962963,1192.6851851851852,8.009865765886136,7.099010562158709
7,78,233.99392868694426,234.27202862923835,1216.7407407407406,1216.8796296296296,9.067303845096996,8.009865765886136
8,78,233.7449386666399,234.38201378664397,1084.2592592592594,1084.2592592592594,10.04996750303151,9.067303845096996
9,78,225.94094174617078,226.1849327977691,1077.4722222222222,1077.3148148148148,10.757118479298125,10.04996750303151
10,78,218.5999357086659,218.59399459770796,1092.388888888889,1091.5833333333333,11.497848880095894,10.757118479298125
11,78,214.47483893846453,214.46499435592884,1033.25,1033.4074074074074,12.109091001333718,11.497848880095894
12,78,212.82062441595485,212.9952759202202,1125.5833333333333,1125.25,12.807556292781596,12.109091001333718
13,78,211.26798572900137,211.8674508873689,985.2407407407408,985.9074074074074,13.534002919449897,12.807556292781596
14,78,236.9013342130067,237.2026814456067,942.8518518518518,942.5,14.213223355492133,13.534002919449897
15,78,205.93945920537584,206.1445178224863,906.5092592592592,906.1851851851852,14.990022927080933,14.213223355492133
16,78,211.3952448756028,211.81297875486888,862.2037037037037,862.1388888888889,15.857134762354208,14.990022927080933
17,78,204.81857093622588,205.0897294363555,857.6388888888889,857.1851851851852,16.73930680095249,15.857134762354208
18,78,186.43768773596906,186.3761599305682,1012.8981481481482,1012.4814814814815,18.185193908963573,16.73930680095249
19,78,168.96521096093343,169.44092362388673,916.4722222222222,916.4444444444445,20.03230371924933,18.185193908963573
20,78,121.77210744139359,121.7589790808016,1372.138888888889,1371.148148148148,36.47608118563621,20.03230371924933
1,79,284.22386938491474,286.62452961505875,1633.388888888889,1634.388888888889,3.2207496030095855,0.0
2,79,246.56211523841262,247.20082629985532,1667.351851851852,1667.7685185185185,4.209577041627323,3.2207496030095855
3,79,251.8887795524994,252.90152923674674,1432.9722222222222,1433.4259259259259,5.273829034979965,4.209577041627323
4,79,227.66785468153853,228.52823463128178,1407.5648148148148,1408.25,6.2193607634696795,5.273829034979965
5,79,242.1807218870797,243.0391487690427,1228.2314814814815,1229.2777777777778,7.099010562158709,6.2193607634696795
6,79,241.27732432811788,241.7955399722669,1190.962962962963,1191.601851851852,8.009865765886136,7.099010562158709
7,79,233.5545164552539,234.21204835178196,1221.2222222222222,1221.1944444444443,9.067303845096996,8.009865765886136
8,79,231.4305214707334,231.60806087668644,1074.898148148148,1074.3703703703704,10.04996750303151,9.067303845096996
9,79,223.5808854227432,224.01736496375446,1074.2777777777778,1074.1666666666667,10.757118479298125,10.04996750303151
10,79,216.78675939600217,217.1166848225688,1096.6851851851852,1097.1759259259259,11.497848880095894,10.757118479298125
11,79,213.46349209093455,213.62095357661525,1028.4074074074074,1028.212962962963,12.109091001333718,11.497848880095894
12,79,204.89918865933794,205.3030293786982,1126.9537037037037,1126.9351851851852,12.807556292781596,12.109091001333718
13,79,208.6838759643669,209.16843007038992,977.6481481481482,977.8333333333334,13.534002919449897,12.807556292781596
14,79,222.20935214254365,225.97260053747007,943.8333333333334,943.9351851851852,14.213223355492133,13.534002919449897
15,79,204.18460869400968,204.60756736798336,906.1851851851852,906.1481481481482,14.990022927080933,14.213223355492133
16,79,212.59138434433504,212.6281605685456,864.1111111111111,862.5833333333334,15.857134762354208,14.990022927080933
17,79,207.01413324198882,207.29867970821618,859.1388888888889,858.7777777777778,16.73930680095249,15.857134762354208
18,79,187.75169706031065,187.44275752748607,1018.9722222222222,1018.5185185185185,18.185193908963573,16.73930680095249
19,79,169.15512667548768,169.1130491512375,915.0833333333334,914.4074074074074,20.03230371924933,18.185193908963573
20,79,117.39300354721897,117.24181717002266,1377.5277777777778,1376.4444444444443,36.47608118563621,20.03230371924933
1,80,291.02138053073145,291.83677073528736,1633.0555555555557,1634.1203703703704,3.2207496030095855,0.0
2,80,248.4822940901044,249.2877041845201,1672.1666666666667,1673.212962962963,4.209577041627323,3.2207496030095855
3,80,253.01426505361485,253.69242487391583,1432.962962962963,1433.0925925925926,5.273829034979965,4.209577041627323
4,80,228.93388582049005,229.23381986370293,1415.1666666666667,1414.4814814814815,6.2193607634696795,5.273829034979965
5,80,242.77637007197214,243.57061497232246,1228.8148148148148,1229.0555555555557,7.099010562158709,6.2193607634696795
6,80,242.59106537878083,242.9519931426885,1190.537037037037,1191.2685185185185,8.009865765886136,7.099010562158709
7,80,231.50707954146873,231.9228581155992,1219.1574074074074,1219.4074074074074,9.067303845096996,8.009865765886136
8,80,230.92040584204437,231.17361645828902,1076.0277777777778,1076.212962962963,10.04996750303151,9.067303845096996
9,80,225.3963288785631,225.48121039877768,1075.4907407407406,1074.1296296296296,10.757118479298125,10.04996750303151
10,80,222.8980046827861,223.6816659654883,1104.4907407407406,1104.7777777777778,11.497848880095894,10.757118479298125
11,80,212.24654248539878,212.34923211009303,1025.2407407407406,1024.4907407407406,12.109091001333718,11.497848880095894
12,80,208.01916617570333,208.26188221929127,1123.4444444444443,1123.0,12.807556292781596,12.109091001333718
13,80,208.89725638886722,209.42392742046002,981.9351851851852,982.675925925926,13.534002919449897,12.807556292781596
14,80,218.9951811456402,222.666825147622,936.5185185185185,936.7870370370371,14.213223355492133,13.534002919449897
15,80,203.82295172694134,204.18674108190248,899.5833333333334,899.4722222222222,14.990022927080933,14.213223355492133
16,80,210.31766516872736,210.6075003425564,861.175925925926,860.9074074074074,15.857134762354208,14.990022927080933
17,80,206.5960267676881,206.35662722687613,857.824074074074,856.9814814814815,16.73930680095249,15.857134762354208
18,80,185.097225185656,185.38601428139287,1015.3518518518518,1015.3888888888889,18.185193908963573,16.73930680095249
19,80,167.02257933651933,167.23451041564724,915.9814814814815,915.8796296296297,20.03230371924933,18.185193908963573
20,80,117.08406260046907,117.14976067536136,1380.4907407407406,1380.0740740740741,36.47608118563621,20.03230371924933
1,81,283.87740069771814,286.52089259971154,1630.9074074074074,1632.4444444444443,3.2207496030095855,0.0
2,81,251.70865294016141,252.5347402204252,1676.101851851852,1675.851851851852,4.209577041627323,3.2207496030095855
3,81,253.11435640897318,253.91603705522095,1429.7962962962963,1430.2685185185185,5.273829034979965,4.209577041627323
4,81,226.73376914537587,227.33954873368344,1408.0833333333333,1409.3796296296296,6.2193607634696795,5.273829034979965
5,81,242.079618375374,242.9546682737872,1228.0462962962963,1228.7592592592594,7.099010562158709,6.2193607634696795
6,81,241.7326456858176,242.70387456701994,1191.0277777777778,1191.138888888889,8.009865765886136,7.099010562158709
7,81,233.05545325789322,233.7861505148879,1217.962962962963,1218.712962962963,9.067303845096996,8.009865765886136
8,81,229.57032437726252,229.83401793229604,1076.7592592592594,1075.898148148148,10.04996750303151,9.067303845096996
9,81,224.2682725528318,225.03900812194158,1074.0833333333333,1075.1296296296296,10.757118479298125,10.04996750303151
10,81,220.1795490427541,220.65281344643424,1096.4722222222222,1096.4907407407406,11.497848880095894,10.757118479298125
11,81,215.22470506848583,215.42189730787504,1031.7222222222222,1031.1944444444443,12.109091001333718,11.497848880095894
12,81,208.4940928121861,208.865613310687,1127.388888888889,1127.712962962963,12.807556292781596,12.109091001333718
13,81,211.3205954671916,211.51472288909918,987.0,987.0277777777778,13.534002919449897,12.807556292781596
14,81,219.2226386533225,219.39493822449182,939.25,938.5370370370371,14.213223355492133,13.534002919449897
15,81,204.44784121901932,204.69896739394426,905.4814814814815,904.75,14.990022927080933,14.213223355492133
16,81,211.19215730403576,211.68771821390163,861.5925925925926,861.7314814814815,15.857134762354208,14.990022927080933
17,81,205.97685532622322,206.28759689048533,853.1666666666666,852.1481481481482,16.73930680095249,15.857134762354208
18,81,188.59002473629172,188.64530630391454,1016.1851851851852,1015.3611111111111,18.185193908963573,16.73930680095249
19,81,170.21577205363988,170.24232822313556,918.2870370370371,917.8148148148148,20.03230371924933,18.185193908963573
20,81,116.80569360302367,116.21427049754688,1376.101851851852,1375.0648148148148,36.47608118563621,20.03230371924933
1,82,283.9291487230739,285.03362361424587,1636.138888888889,1636.2407407407406,3.2207496030095855,0.0
2,82,246.8388443819867,247.25406306118228,1669.537037037037,1669.0740740740741,4.209577041627323,3.2207496030095855
3,82,254.5687492230582,255.2605301306319,1443.638888888889,1444.5925925925926,5.273829034979965,4.209577041627323
4,82,227.5728344101372,228.116290131971,1412.9351851851852,1412.6203703703704,6.2193607634696795,5.273829034979965
5,82,241.4507332871055,242.44141612615917,1230.2685185185185,1230.9166666666667,7.099010562158709,6.2193607634696795
6,82,240.66935975501585,241.05320375817942,1188.638888888889,1188.8425925925926,8.009865765886136,7.099010562158709
7,82,232.6352566303328,233.07922686995303,1220.9722222222222,1221.3425925925926,9.067303845096996,8.009865765886136
8,82,231.92593072580527,232.2831199061648,1080.888888888889,1080.5277777777778,10.04996750303151,9.067303845096996
9,82,224.67563674748143,224.86859234799255,1080.138888888889,1080.2592592592594,10.757118479298125,10.04996750303151
10,82,218.1992688377259,218.65248268342953,1093.3425925925926,1092.8240740740741,11.497848880095894,10.757118479298125
11,82,213.7679033001807,214.19394993090717,1030.7407407407406,1030.648148148148,12.109091001333718,11.497848880095894
12,82,207.1928770254441,209.18334904416858,1131.3796296296296,1131.4351851851852,12.807556292781596,12.109091001333718
13,82,209.06731525876054,209.38336017223907,977.2962962962963,976.8981481481482,13.534002919449897,12.807556292781596
14,82,225.85458938567658,226.20747491259988,935.0555555555555,935.0370370370371,14.213223355492133,13.534002919449897
15,82,204.4467642708922,204.65985511822782,901.3425925925926,901.7129629629629,14.990022927080933,14.213223355492133
16,82,209.32132283793797,209.59318370298283,860.25,860.1481481481482,15.857134762354208,14.990022927080933
17,82,205.29161799254496,205.70461439601797,850.1111111111111,850.3055555555555,16.73930680095249,15.857134762354208
18,82,188.80851584592253,188.61290999367228,1013.1018518518518,1013.3333333333334,18.185193908963573,16.73930680095249
19,82,168.25750282496307,168.52239902729102,916.0185185185185,915.9444444444445,20.03230371924933,18.185193908963573
20,82,118.79026073254852,118.90557068312185,1373.6203703703704,1372.712962962963,36.47608118563621,20.03230371924933
1,83,278.29383185087687,278.2385962292713,1630.0462962962963,1631.4351851851852,3.2207496030095855,0.0
2,83,247.16652567673287,248.20740285843016,1666.5648148148148,1667.1944444444443,4.209577041627323,3.2207496030095855
3,83,254.0333941845661,254.70813518123177,1435.8055555555557,1436.7962962962963,5.273829034979965,4.209577041627323
4,83,227.20769973914727,228.25351774724479,1406.148148148148,1407.9444444444443,6.2193607634696795,5.273829034979965
5,83,242.43365619150288,243.27020254375915,1223.4537037037037,1224.388888888889,7.099010562158709,6.2193607634696795
6,83,242.08733504625386,242.72769042379545,1195.3425925925926,1195.5462962962963,8.009865765886136,7.099010562158709
7,83,232.59443716715796,232.84384258086436,1219.3425925925926,1218.5925925925926,9.067303845096996,8.009865765886136
8,83,231.67643676605925,232.11623228375956,1076.9166666666667,1076.9166666666667,10.04996750303151,9.067303845096996
9,83,228.4470810279421,228.733189602747,1079.3333333333333,1079.0277777777778,10.757118479298125,10.04996750303151
10,83,219.65448868208412,220.3084719986358,1099.138888888889,1098.8333333333333,11.497848880095894,10.757118479298125
11,83,213.65493653295724,214.0074792422646,1034.2685185185185,1033.851851851852,12.109091001333718,11.497848880095894
12,83,207.2904571876546,207.60399713367806,1124.9444444444443,1124.6296296296296,12.807556292781596,12.109091001333718
13,83,210.10118210751043,210.24404493502698,983.7314814814815,983.1851851851852,13.534002919449897,12.807556292781596
14,83,208.48088116879214,208.76624994185767,938.9722222222222,938.175925925926,14.213223355492133,13.534002919449897
15,83,204.6390584438903,204.9231793334516,904.8148148148148,904.6666666666666,14.990022927080933,14.213223355492133
16,83,210.67612524566823,210.98988359197924,864.1666666666666,863.8333333333334,15.857134762354208,14.990022927080933
17,83,205.3001715346225,205.58891369661234,854.1111111111111,853.4722222222222,16.73930680095249,15.857134762354208
18,83,189.31199623032714,189.59460802978944,1020.5833333333334,1021.4537037037037,18.185193908963573,16.73930680095249
19,83,167.86263364834397,167.75717667756075,912.3425925925926,911.2037037037037,20.03230371924933,18.185193908963573
20,83,117.10988599159082,117.21156525163599,1375.388888888889,1374.2685185185185,36.47608118563621,20.03230371924933
1,84,290.4203154298668,291.7984092237883,1634.5,1635.9166666666667,3.2207496030095855,0.0
2,84,251.3823670169279,252.2535833706757,1676.9259259259259,1677.4907407407406,4.209577041627323,3.2207496030095855
3,84,255.69598791698087,256.6526915186831,1429.1851851851852,1430.7592592592594,5.273829034979965,4.209577041627323
4,84,227.60531445414236,228.2707830239937,1410.0925925925926,1411.0833333333333,6.2193607634696795,5.273829034979965
5,84,243.20909973869897,243.4754830676433,1230.2592592592594,1229.4722222222222,7.099010562158709,6.2193607634696795
6,84,237.43687408586604,238.9917978531788,1185.648148148148,1185.4722222222222,8.009865765886136,7.099010562158709
7,84,230.47050186292546,230.70401113976592,1218.1203703703704,1217.7592592592594,9.067303845096996,8.009865765886136
8,84,231.61913441367818,232.2881455511393,1080.2407407407406,1081.2962962962963,10.04996750303151,9.067303845096996
9,84,223.4676737329851,223.81380866310909,1076.9907407407406,1076.5648148148148,10.757118479298125,10.04996750303151
10,84,220.29993697826865,220.65034304626826,1102.6759259259259,1102.6296296296296,11.497848880095894,10.757118479298125
11,84,213.6266545009495,213.81421240979193,1032.8796296296296,1032.4074074074074,12.109091001333718,11.497848880095894
12,84,199.67156012165344,198.67796651612323,1128.1666666666667,1127.9259259259259,12.807556292781596,12.109091001333718
13,84,209.15490617777263,209.3686260263685,979.6018518518518,979.7870370370371,13.534002919449897,12.807556292781596
14,84,216.85603374813894,220.4224985596702,939.5925925925926,939.4722222222222,14.213223355492133,13.534002919449897
15,84,202.86959509077118,203.21843425166364,897.9722222222222,897.4629629629629,14.990022927080933,14.213223355492133
16,84,210.3239495658859,210.57117839258922,859.8518518518518,859.7407407407408,15.857134762354208,14.990022927080933
17,84,204.8140880536948,205.13586470649915,848.75,849.0648148148148,16.73930680095249,15.857134762354208
18,84,185.68072856211418,185.80998860600718,1016.0,1015.3518518518518,18.185193908963573,16.73930680095249
19,84,169.111549069144,169.06849064192824,921.6296296296297,920.4074074074074,20.03230371924933,18.185193908963573
20,84,117.0044053847898,117.03764172603003,1376.3333333333333,1375.351851851852,36.47608118563621,20.03230371924933
1,85,275.540862648601,279.19048841954213,1628.6574074074074,1628.7685185185185,3.2207496030095855,0.0
2,85,245.9403806280358,246.3944937389649,1663.75,1664.1574074074074,4.209577041627323,3.2207496030095855
3,85,254.77257156541003,255.8619288570191,1435.8055555555557,1436.4907407407406,5.273829034979965,4.209577041627323
4,85,230.35249927581646,231.3695503473737,1416.2407407407406,1417.3240740740741,6.2193607634696795,5.273829034979965
5,85,242.4120341114002,243.01715877476528,1225.6574074074074,1225.8055555555557,7.099010562158709,6.2193607634696795
6,85,239.94197053476344,240.5355074039401,1191.9074074074074,1192.7592592592594,8.009865765886136,7.099010562158709
7,85,232.3673454379996,232.64249541438363,1217.037037037037,1216.5740740740741,9.067303845096996,8.009865765886136
8,85,228.0669350299963,228.64710744819652,1077.9166666666667,1077.4259259259259,10.04996750303151,9.067303845096996
9,85,223.0489352254315,223.69127122106127,1079.2962962962963,1079.4907407407406,10.757118479298125,10.04996750303151
10,85,218.88852703317315,219.2438150240146,1097.5092592592594,1097.6944444444443,11.497848880095894,10.757118479298125
11,85,211.28172053867843,211.5938354556442,1025.5925925925926,1026.361111111111,12.109091001333718,11.497848880095894
12,85,205.83290272516209,208.10680737433492,1129.9166666666667,1130.5648148148148,12.807556292781596,12.109091001333718
13,85,208.7076669506912,208.74160200484224,977.9444444444445,977.2314814814815,13.534002919449897,12.807556292781596
14,85,220.6956344116583,220.90552141621214,943.0092592592592,942.8148148148148,14.213223355492133,13.534002919449897
15,85,205.45628884101066,205.5624097166665,905.3611111111111,905.0462962962963,14.990022927080933,14.213223355492133
16,85,210.6196814951942,210.95968750017778,862.6666666666666,862.4537037037037,15.857134762354208,14.990022927080933
17,85,205.9477652779273,206.1983604812554,855.4444444444445,854.8333333333334,16.73930680095249,15.857134762354208
18,85,186.9629125681102,186.57610497003282,1017.5462962962963,1016.5833333333334,18.185193908963573,16.73930680095249
19,85,168.82808191885474,168.8473179920245,919.9907407407408,919.1851851851852,20.03230371924933,18.185193908963573
20,85,118.39535006423101,118.24638689436864,1374.1666666666667,1373.851851851852,36.47608118563621,20.03230371924933
1,86,281.01761650499935,282.08401427166365,1632.5092592592594,1632.8796296296296,3.2207496030095855,0.0
2,86,248.10067643907348,248.82043579170224,1668.5462962962963,1669.8425925925926,4.209577041627323,3.2207496030095855
3,86,253.59516628879004,254.21400045502702,1429.7592592592594,1430.212962962963,5.273829034979965,4.209577041627323
4,86,228.94176014565076,229.52188660533173,1415.75,1414.7592592592594,6.2193607634696795,5.273829034979965
5,86,241.2660345190224,241.8490979020256,1225.4907407407406,1225.861111111111,7.099010562158709,6.2193607634696795
6,86,240.09670408241084,240.65601842273213,1186.9814814814815,1186.75,8.009865765886136,7.099010562158709
7,86,232.5876712775451,233.391454548966,1221.0185185185185,1221.6666666666667,9.067303845096996,8.009865765886136
8,86,231.87534906280638,232.10329324413655,1077.601851851852,1077.8148148148148,10.04996750303151,9.067303845096996
9,86,224.3307232183173,224.16822653031522,1081.212962962963,1080.1203703703704,10.757118479298125,10.04996750303151
10,86,219.30203627100403,219.97668323854595,1091.7222222222222,1092.5092592592594,11.497848880095894,10.757118479298125
11,86,213.25796721096592,213.7229764462652,1027.2777777777778,1027.4166666666667,12.109091001333718,11.497848880095894
12,86,198.48509984477255,198.75517111230113,1128.2314814814815,1128.148148148148,12.807556292781596,12.109091001333718
13,86,209.28259975259996,209.75784604650784,982.8611111111111,983.2685185185185,13.534002919449897,12.807556292781596
14,86,217.5276897742882,217.93270830073786,943.7962962962963,944.1203703703703,14.213223355492133,13.534002919449897
15,86,205.4390623017905,205.694071817738,905.1481481481482,904.9629629629629,14.990022927080933,14.213223355492133
16,86,209.1027144569543,209.364473523919,864.0462962962963,863.4351851851852,15.857134762354208,14.990022927080933
17,86,204.89391131892134,205.45750972682512,854.3611111111111,854.3611111111111,16.73930680095249,15.857134762354208
18,86,186.1718742601803,186.49156515450136,1011.7777777777778,1011.6481481481482,18.185193908963573,16.73930680095249
19,86,168.9034573421692,169.13422698155668,914.7129629629629,914.1851851851852,20.03230371924933,18.185193908963573
20,86,117.47937225173692,117.96164146552873,1382.611111111111,1381.4537037037037,36.47608118563621,20.03230371924933
1,87,285.40358598414014,286.7356525464461,1634.3055555555557,1635.9074074074074,3.2207496030095855,0.0
2,87,248.5876497970155,249.37267097777854,1670.888888888889,1671.5833333333333,4.209577041627323,3.2207496030095855
3,87,252.316450999472,253.1628400869184,1427.1666666666667,1427.0277777777778,5.273829034979965,4.209577041627323
4,87,227.80615377379223,228.50233625863197,1416.6851851851852,1417.1296296296296,6.2193607634696795,5.273829034979965
5,87,242.71600216997282,243.3921315754123,1226.2222222222222,1226.6574074074074,7.099010562158709,6.2193607634696795
6,87,240.01412637167832,240.72066514602986,1191.3425925925926,1192.351851851852,8.009865765886136,7.099010562158709
7,87,231.87334339790326,232.2126529540057,1220.0185185185185,1220.1203703703704,9.067303845096996,8.009865765886136
8,87,229.1325010746455,229.0486777690696,1075.111111111111,1075.287037037037,10.04996750303151,9.067303845096996
9,87,222.6712093620859,223.55341831004395,1074.3148148148148,1074.3148148148148,10.757118479298125,10.04996750303151
10,87,219.59833977444467,219.65626568042748,1097.2314814814815,1097.398148148148,11.497848880095894,10.757118479298125
11,87,215.49384657074367,216.14298572941874,1033.6759259259259,1033.9537037037037,12.109091001333718,11.497848880095894
12,87,202.87363187277555,204.77779474111927,1127.0462962962963,1126.898148148148,12.807556292781596,12.109091001333718
13,87,210.41720799357293,210.52228407173038,983.8148148148148,982.824074074074,13.534002919449897,12.807556292781596
14,87,216.55133520830762,216.86387112514382,940.9074074074074,940.9166666666666,14.213223355492133,13.534002919449897
15,87,205.725105687314,206.01622292959806,904.8518518518518,904.4814814814815,14.990022927080933,14.213223355492133
16,87,211.0748340236548,211.11022881766135,861.0370370370371,859.9907407407408,15.857134762354208,14.990022927080933
17,87,208.15554132581258,208.50587524478163,855.2129629629629,854.8796296296297,16.73930680095249,15.857134762354208
18,87,185.80599081381004,185.97857568552732,1013.0555555555555,1012.5370370370371,18.185193908963573,16.73930680095249
19,87,167.98749338596753,168.17304277573214,916.3148148148148,916.0,20.03230371924933,18.185193908963573
20,87,117.771027229438,118.19786715127223,1376.212962962963,1375.1574074074074,36.47608118563621,20.03230371924933
1,88,291.9337505914505,290.76107594237874,1631.8703703703704,1631.6574074074074,3.2207496030095855,0.0
2,88,244.98025507123626,246.08124496541808,1659.8240740740741,1661.0462962962963,4.209577041627323,3.2207496030095855
3,88,251.82591627349433,252.59835485526057,1431.138888888889,1432.0925925925926,5.273829034979965,4.209577041627323
4,88,230.95504081250158,231.6032450614539,1414.1203703703704,1413.9537037037037,6.2193607634696795,5.273829034979965
5,88,243.5272084001794,244.0276093146567,1232.5092592592594,1232.4166666666667,7.099010562158709,6.2193607634696795
6,88,236.85971923232842,237.65355837951313,1187.4444444444443,1187.9814814814815,8.009865765886136,7.099010562158709
7,88,232.40233639997876,232.81372897456242,1223.4814814814815,1223.5,9.067303845096996,8.009865765886136
8,88,233.2465196941001,233.55784505878103,1075.462962962963,1075.5462962962963,10.04996750303151,9.067303845096996
9,88,225.39397554493897,225.72721341920263,1076.3333333333333,1076.1759259259259,10.757118479298125,10.04996750303151
10,88,222.18049604494055,222.5457178379766,1102.0555555555557,1102.2407407407406,11.497848880095894,10.757118479298125
11,88,214.82661199947117,214.91419225152666,1032.5185185185185,1031.8796296296296,12.109091001333718,11.497848880095894
12,88,203.7894936912361,204.09755255412196,1122.5277777777778,1122.1666666666667,12.807556292781596,12.109091001333718
13,88,209.89784900927933,210.18647574831778,981.0833333333334,980.8888888888889,13.534002919449897,12.807556292781596
14,88,215.63035000885847,215.8850625116564,945.2962962962963,944.9351851851852,14.213223355492133,13.534002919449897
15,88,204.97079654809386,205.51065279451944,905.3796296296297,905.8888888888889,14.990022927080933,14.213223355492133
16,88,211.5475979177377,211.7902051765615,857.6296296296297,857.7592592592592,15.857134762354208,14.990022927080933
17,88,206.73267356609304,206.78899250117536,854.5277777777778,853.8703703703703,16.73930680095249,15.857134762354208
18,88,188.45655820239267,188.3935873678476,1016.8148148148148,1016.8055555555555,18.185193908963573,16.73930680095249
19,88,168.30344036158726,168.35072292304937,918.3981481481482,917.6018518518518,20.03230371924933,18.185193908963573
20,88,118.56381905213475,118.69660108150599,1377.0,1377.0092592592594,36.47608118563621,20.03230371924933
1,89,289.5972100187785,292.4411518497763,1631.962962962963,1633.6944444444443,3.2207496030095855,0.0
2,89,245.47059186116277,245.96900139953144,1660.9814814814815,1660.7962962962963,4.209577041627323,3.2207496030095855
3,89,254.1444375230978,254.96289926634415,1437.1851851851852,1437.4074074074074,5.273829034979965,4.209577041627323
4,89,228.67931838148053,229.35246311233644,1412.2592592592594,1413.0,6.2193607634696795,5.273829034979965
5,89,243.404715639118,244.1620634601606,1229.9537037037037,1230.851851851852,7.099010562158709,6.2193607634696795
6,89,243.90928351366517,244.60835669428596,1185.611111111111,1185.5462962962963,8.009865765886136,7.099010562158709
7,89,233.96334031501922,234.2605065452585,1219.5833333333333,1219.5462962962963,9.067303845096996,8.009865765886136
8,89,231.42033689406875,231.96125018976858,1078.5833333333333,1078.9537037037037,10.04996750303151,9.067303845096996
9,89,223.73621269800455,224.2830625684563,1073.9259259259259,1073.8148148148148,10.757118479298125,10.04996750303151
10,89,222.94417510894132,222.84336311404448,1106.9351851851852,1106.1296296296296,11.497848880095894,10.757118479298125
11,89,214.358078014628,214.64053048722818,1027.2314814814815,1027.111111111111,12.109091001333718,11.497848880095894
12,89,199.82672611893537,201.72705233630435,1127.1203703703704,1126.7037037037037,12.807556292781596,12.109091001333718
13,89,209.1516976492141,209.6680201199283,980.2962962962963,980.5555555555555,13.534002919449897,12.807556292781596
14,89,217.32568393790476,217.54689604001598,939.4351851851852,939.2129629629629,14.213223355492133,13.534002919449897
15,89,206.45123527857783,206.829952025455,909.074074074074,909.1296296296297,14.990022927080933,14.213223355492133
16,89,209.75307655208624,209.90821524576583,864.1481481481482,863.675925925926,15.857134762354208,14.990022927080933
17,89,206.9032344476031,207.10733100315133,853.25,852.9074074074074,16.73930680095249,15.857134762354208
18,89,187.7340938218742,187.9156189594692,1014.4629629629629,1014.8888888888889,18.185193908963573,16.73930680095249
19,89,168.76990567945552,168.95299292850837,916.0555555555555,915.9351851851852,20.03230371924933,18.185193908963573
20,89,115.8327911934193,115.99310573247686,1377.361111111111,1375.5555555555557,36.47608118563621,20.03230371924933
1,90,280.2340641198442,282.18238142715137,1635.0925925925926,1635.1851851851852,3.2207496030095855,0.0
2,90,247.1222918919607,248.18011014186158,1670.8240740740741,1672.5648148148148,4.209577041627323,3.2207496030095855
3,90,252.18124793118724,253.39459461739432,1425.2037037037037,1426.0092592592594,5.273829034979965,4.209577041627323
4,90,227.90009470033576,228.6106316421049,1405.0092592592594,1405.6296296296296,6.2193607634696795,5.273829034979965
5,90,240.1780118178332,241.03934112172337,1222.2685185185185,1223.0462962962963,7.099010562158709,6.2193607634696795
6,90,240.21241614054688,241.16990610447664,1196.3425925925926,1196.5462962962963,8.009865765886136,7.099010562158709
7,90,232.90582007755458,233.53184996781113,1220.5462962962963,1220.6666666666667,9.067303845096996,8.009865765886136
8,90,229.58464686385403,230.13284548066963,1077.2592592592594,1077.138888888889,10.04996750303151,9.067303845096996
9,90,223.48855300361723,223.93595018207995,1077.6296296296296,1078.0555555555557,10.757118479298125,10.04996750303151
10,90,220.28938980959285,220.4025773740516,1102.148148148148,1102.4537037037037,11.497848880095894,10.757118479298125
11,90,213.2007146351611,213.46883050424796,1027.351851851852,1027.4351851851852,12.109091001333718,11.497848880095894
12,90,201.6932055437084,201.9699593064759,1125.4351851851852,1125.462962962963,12.807556292781596,12.109091001333718
13,90,210.92434716007924,211.19441425599507,984.9537037037037,984.25,13.534002919449897,12.807556292781596
14,90,216.12998745372826,216.16248944608347,940.9351851851852,940.5185185185185,14.213223355492133,13.534002919449897
15,90,206.56332372246086,206.64706073975435,910.1944444444445,909.6203703703703,14.990022927080933,14.213223355492133
16,90,210.26374522407164,210.71445225623188,861.9629629629629,861.9074074074074,15.857134762354208,14.990022927080933
17,90,205.39916923260495,205.72407927532967,851.3333333333334,850.9444444444445,16.73930680095249,15.857134762354208
18,90,185.56546283555525,185.9162336682317,1010.425925925926,1010.3518518518518,18.185193908963573,16.73930680095249
19,90,169.26837410861583,169.53954901119982,916.425925925926,915.5092592592592,20.03230371924933,18.185193908963573
20,90,120.99413492313859,120.95710177193911,1384.0740740740741,1382.1203703703704,36.47608118563621,20.03230371924933
1,91,287.86209438055187,289.0225971054041,1634.398148148148,1635.2407407407406,3.2207496030095855,0.0
2,91,249.400537228425,249.81310211138697,1674.7314814814815,1674.6944444444443,4.209577041627323,3.2207496030095855
3,91,255.44314512493236,256.4599560535662,1431.4814814814815,1432.0462962962963,5.273829034979965,4.209577041627323
4,91,227.14311361721826,227.71983107853245,1404.898148148148,1405.0462962962963,6.2193607634696795,5.273829034979965
5,91,241.6796037525204,242.49893151304826,1226.712962962963,1227.4722222222222,7.099010562158709,6.2193607634696795
6,91,238.21218638496836,238.58296938581194,1190.7962962962963,1191.0092592592594,8.009865765886136,7.099010562158709
7,91,234.8495711597901,235.34077640828215,1222.361111111111,1222.5648148148148,9.067303845096996,8.009865765886136
8,91,232.76943911078052,233.1394697764901,1080.1296296296296,1080.611111111111,10.04996750303151,9.067303845096996
9,91,224.46560934985953,224.64126279132853,1076.212962962963,1076.787037037037,10.757118479298125,10.04996750303151
10,91,218.84250604746964,219.22467748076227,1096.3148148148148,1095.5833333333333,11.497848880095894,10.757118479298125
11,91,212.0653150822731,212.33018469207377,1029.537037037037,1029.4814814814815,12.109091001333718,11.497848880095894
12,91,207.46178485370655,207.90179868862833,1129.9814814814815,1130.5185185185185,12.807556292781596,12.109091001333718
13,91,210.44138709737925,210.58197223791234,980.6666666666666,979.9074074074074,13.534002919449897,12.807556292781596
14,91,218.48155017856297,218.68163632754178,940.4907407407408,940.5,14.213223355492133,13.534002919449897
15,91,204.92445394003076,204.9322170700165,907.0833333333334,906.1666666666666,14.990022927080933,14.213223355492133
16,91,209.4916961196875,209.91672496355272,858.5833333333334,859.0,15.857134762354208,14.990022927080933
17,91,205.8108304584461,206.02425940036542,851.0648148148148,850.5555555555555,16.73930680095249,15.857134762354208
18,91,190.8394466913302,191.10020958391226,1016.4722222222222,1016.3611111111111,18.185193908963573,16.73930680095249
19,91,169.3021359944886,169.36986967602368,919.7685185185185,919.0462962962963,20.03230371924933,18.185193908963573
20,91,117.78348881840502,117.73976618974355,1373.7314814814815,1372.8240740740741,36.47608118563621,20.03230371924933
1,92,285.78492790805427,288.23217830973033,1635.4259259259259,1636.4259259259259,3.2207496030095855,0.0
2,92,246.88549362753403,248.12383140795043,1668.6296296296296,1670.851851851852,4.209577041627323,3.2207496030095855
3,92,253.3510512507495,253.9263884534191,1436.388888888889,1436.0462962962963,5.273829034979965,4.209577041627323
4,92,227.76026573572085,228.44842371803836,1413.4074074074074,1413.388888888889,6.2193607634696795,5.273829034979965
5,92,241.48381899158173,242.11302111205185,1228.6851851851852,1228.3425925925926,7.099010562158709,6.2193607634696795
6,92,237.4448846079665,237.634733582147,1188.1851851851852,1188.712962962963,8.009865765886136,7.099010562158709
7,92,231.9548314119907,232.6495290833792,1217.0925925925926,1217.4537037037037,9.067303845096996,8.009865765886136
8,92,233.8534670187418,234.44651996261493,1078.75,1079.0555555555557,10.04996750303151,9.067303845096996
9,92,224.0092904472973,223.87959843897767,1070.3796296296296,1069.9074074074074,10.757118479298125,10.04996750303151
10,92,221.2726126374312,221.72546090083736,1097.962962962963,1097.787037037037,11.497848880095894,10.757118479298125
11,92,214.98091713033088,215.34952710410005,1037.462962962963,1037.4722222222222,12.109091001333718,11.497848880095894
12,92,208.4504207228918,208.81106411726591,1125.3240740740741,1125.2592592592594,12.807556292781596,12.109091001333718
13,92,210.25130710016398,210.41441700246065,984.8611111111111,984.6296296296297,13.534002919449897,12.807556292781596
14,92,214.27778337811978,214.51999378546805,937.0648148148148,937.0833333333334,14.213223355492133,13.534002919449897
15,92,204.40200865373416,204.8231146836022,907.2777777777778,907.1481481481482,14.990022927080933,14.213223355492133
16,92,213.86621425966084,213.9337622754698,864.9074074074074,864.824074074074,15.857134762354208,14.990022927080933
17,92,205.99914875241336,206.11003575197245,850.9074074074074,850.2777777777778,16.73930680095249,15.857134762354208
18,92,186.3952978041999,186.40011778227273,1009.675925925926,1009.3148148148148,18.185193908963573,16.73930680095249
19,92,169.39126183193088,169.4837568171177,920.3518518518518,919.9166666666666,20.03230371924933,18.185193908963573
20,92,123.005182061364,123.10815240665588,1372.6759259259259,1371.5185185185185,36.47608118563621,20.03230371924933
1,93,285.83803537409665,288.5481476424078,1635.3148148148148,1636.4907407407406,3.2207496030095855,0.0
2,93,247.03565900395571,247.84802451232696,1664.7592592592594,1665.8333333333333,4.209577041627323,3.2207496030095855
3,93,250.58607647141852,251.3361021422729,1432.8703703703704,1433.8240740740741,5.273829034979965,4.209577041627323
4,93,228.03044838039054,228.95793254380607,1413.9722222222222,1414.537037037037,6.2193607634696795,5.273829034979965
5,93,241.94168548565997,242.4751060373762,1232.388888888889,1231.601851851852,7.099010562158709,6.2193607634696795
6,93,239.8273080369204,240.2831447323115,1191.7407407407406,1191.7777777777778,8.009865765886136,7.099010562158709
7,93,230.76169073539282,231.3358257474265,1215.138888888889,1215.3240740740741,9.067303845096996,8.009865765886136
8,93,230.84260563718613,230.83946884550548,1075.7777777777778,1075.4444444444443,10.04996750303151,9.067303845096996
9,93,225.0775413957217,225.51193837655615,1079.3703703703704,1078.9259259259259,10.757118479298125,10.04996750303151
10,93,221.68398661043798,222.43706417312262,1104.712962962963,1104.4444444444443,11.497848880095894,10.757118479298125
11,93,214.09379271037156,214.34364445459508,1031.361111111111,1030.7222222222222,12.109091001333718,11.497848880095894
12,93,200.9862079719743,201.24819964415005,1123.1759259259259,1122.9259259259259,12.807556292781596,12.109091001333718
13,93,209.60615446398825,209.9863407768226,979.7777777777778,979.4722222222222,13.534002919449897,12.807556292781596
14,93,225.13411684650512,225.62497532306327,939.4444444444445,939.2685185185185,14.213223355492133,13.534002919449897
15,93,202.70395399731544,202.9696304338362,901.9722222222222,901.574074074074,14.990022927080933,14.213223355492133
16,93,211.1180002969934,211.4725112433794,862.2129629629629,861.8425925925926,15.857134762354208,14.990022927080933
17,93,208.46085577987722,208.79324711356804,854.2777777777778,854.3333333333334,16.73930680095249,15.857134762354208
18,93,186.5946183673682,186.68718505496932,1019.2870370370371,1019.8981481481482,18.185193908963573,16.73930680095249
19,93,168.32794926476473,168.80150440988606,914.9629629629629,914.9444444444445,20.03230371924933,18.185193908963573
20,93,116.31875756503004,116.31897770566636,1372.898148148148,1372.2314814814815,36.47608118563621,20.03230371924933
1,94,283.5268803463073,285.60119471535205,1632.4907407407406,1632.4907407407406,3.2207496030095855,0.0
2,94,247.0642653300746,247.65242662378753,1668.8148148148148,1669.648148148148,4.209577041627323,3.2207496030095855
3,94,252.278865294866,252.9419063219352,1435.2037037037037,1435.3148148148148,5.273829034979965,4.209577041627323
4,94,228.62642703116214,229.68847693469,1413.9537037037037,1415.648148148148,6.2193607634696795,5.273829034979965
5,94,242.01521650479813,242.64026323639033,1223.4259259259259,1223.5277777777778,7.099010562158709,6.2193607634696795
6,94,238.92721706128086,240.0013762521788,1189.1666666666667,1189.5185185185185,8.009865765886136,7.099010562158709
7,94,233.21403256205966,233.6941810660513,1221.1296296296296,1221.0833333333333,9.067303845096996,8.009865765886136
8,94,232.40130606290336,232.29141616687735,1082.388888888889,1082.4537037037037,10.04996750303151,9.067303845096996
9,94,225.95242569239636,225.93453135104886,1077.9351851851852,1077.5277777777778,10.757118479298125,10.04996750303151
10,94,219.90983062867684,220.16243413823346,1095.1666666666667,1094.7962962962963,11.497848880095894,10.757118479298125
11,94,214.16491724813855,214.1491702500692,1029.5925925925926,1029.0925925925926,12.109091001333718,11.497848880095894
12,94,203.28353293946074,203.6752973341127,1124.5925925925926,1124.6851851851852,12.807556292781596,12.109091001333718
13,94,211.35384479796812,211.6062081234993,980.7592592592592,981.0833333333334,13.534002919449897,12.807556292781596
14,94,216.43130681743685,216.48651577785097,942.9166666666666,941.9907407407408,14.213223355492133,13.534002919449897
15,94,205.56326934931823,205.88393984351276,907.6944444444445,907.6944444444445,14.990022927080933,14.213223355492133
16,94,208.36991382331345,208.84610301617116,856.7685185185185,856.6851851851852,15.857134762354208,14.990022927080933
17,94,207.69121596857823,207.855937596775,854.9814814814815,854.6481481481482,16.73930680095249,15.857134762354208
18,94,188.00259799532566,188.13047752698,1017.2962962962963,1016.7037037037037,18.185193908963573,16.73930680095249
19,94,167.68193549922847,167.91530663496295,911.5370370370371,911.5462962962963,20.03230371924933,18.185193908963573
20,94,118.70349311321782,118.68317707923352,1379.601851851852,1379.2777777777778,36.47608118563621,20.03230371924933
1,95,287.8236424046857,288.81287652066294,1634.6944444444443,1635.1759259259259,3.2207496030095855,0.0
2,95,249.51682143431645,250.29059104842457,1670.2407407407406,1670.462962962963,4.209577041627323,3.2207496030095855
3,95,252.53077763615255,253.07046110907692,1435.9074074074074,1436.0092592592594,5.273829034979965,4.209577041627323
4,95,226.88544579268572,227.4849514649146,1406.6759259259259,1406.6944444444443,6.2193607634696795,5.273829034979965
5,95,241.67395676122746,242.35120570074574,1230.6851851851852,1230.861111111111,7.099010562158709,6.2193607634696795
6,95,239.02951225426366,239.65510168754994,1190.7777777777778,1191.2592592592594,8.009865765886136,7.099010562158709
7,95,233.0963223182201,233.5268844220978,1218.3703703703704,1219.398148148148,9.067303845096996,8.009865765886136
8,95,234.1159263204838,234.42613743253995,1084.25,1084.8333333333333,10.04996750303151,9.067303845096996
9,95,225.10658945462288,225.43128850436023,1073.8240740740741,1073.7407407407406,10.757118479298125,10.04996750303151
10,95,220.9441668585359,221.21503972937904,1098.8703703703704,1098.212962962963,11.497848880095894,10.757118479298125
11,95,213.43631851595808,213.7932362066375,1026.4537037037037,1026.638888888889,12.109091001333718,11.497848880095894
12,95,209.1464021426012,209.5574523567144,1128.0833333333333,1127.9444444444443,12.807556292781596,12.109091001333718
13,95,210.61716647395403,210.8531898779216,985.9629629629629,985.6296296296297,13.534002919449897,12.807556292781596
14,95,211.88035243023907,210.235858655746,933.9074074074074,934.4907407407408,14.213223355492133,13.534002919449897
15,95,206.10665096548968,206.5899022903432,904.7777777777778,905.1574074074074,14.990022927080933,14.213223355492133
16,95,209.9920949154548,210.07048564737147,860.0185185185185,859.3796296296297,15.857134762354208,14.990022927080933
17,95,207.71586127450885,207.92676047864938,856.3981481481482,855.6944444444445,16.73930680095249,15.857134762354208
18,95,188.4289784792229,189.0053490862514,1015.8703703703703,1015.425925925926,18.185193908963573,16.73930680095249
19,95,167.41497413467434,167.58598064289706,913.8333333333334,913.0,20.03230371924933,18.185193908963573
20,95,117.21413371056488,117.19367697804928,1375.8148148148148,1375.4074074074074,36.47608118563621,20.03230371924933
1,96,279.27807586736986,280.8298239619838,1628.148148148148,1629.9166666666667,3.2207496030095855,0.0
2,96,247.90311669500184,248.48916176833197,1672.9444444444443,1672.9814814814815,4.209577041627323,3.2207496030095855
3,96,254.45009806406483,255.65603563552943,1431.75,1431.8148148148148,5.273829034979965,4.209577041627323
4,96,231.34589403453245,232.19218586435733,1420.4259259259259,1420.611111111111,6.2193607634696795,5.273829034979965
5,96,243.1371707853166,244.14319662778468,1230.4444444444443,1231.5555555555557,7.099010562158709,6.2193607634696795
6,96,239.27870252396704,240.2079808371982,1187.1296296296296,1187.0092592592594,8.009865765886136,7.099010562158709
7,96,233.15142473570566,233.82023059457276,1213.7592592592594,1214.3333333333333,9.067303845096996,8.009865765886136
8,96,231.01022700725395,231.70918121977047,1072.8333333333333,1073.1666666666667,10.04996750303151,9.067303845096996
9,96,225.96206328082485,226.49803690031646,1078.5092592592594,1077.8148148148148,10.757118479298125,10.04996750303151
10,96,220.6378513455223,220.92891876055015,1099.1574074074074,1098.5740740740741,11.497848880095894,10.757118479298125
11,96,213.52619513001324,214.09334663573702,1030.4722222222222,1031.4907407407406,12.109091001333718,11.497848880095894
12,96,197.88035952248603,198.1233088353347,1123.2962962962963,1123.138888888889,12.807556292781596,12.109091001333718
13,96,209.58064054014415,209.92225983329675,980.425925925926,979.925925925926,13.534002919449897,12.807556292781596
14,96,206.97224101270072,207.18986534153385,940.0277777777778,939.824074074074,14.213223355492133,13.534002919449897
15,96,206.20795915277597,206.39805798993353,907.2037037037037,906.9907407407408,14.990022927080933,14.213223355492133
16,96,210.05270057824472,210.2211673228205,860.2222222222222,860.0462962962963,15.857134762354208,14.990022927080933
17,96,206.69288237272238,206.8882030859772,856.6111111111111,856.6666666666666,16.73930680095249,15.857134762354208
18,96,189.51381721440055,189.53813337282426,1019.9074074074074,1018.9166666666666,18.185193908963573,16.73930680095249
19,96,168.46044537908233,168.82881254939124,914.8518518518518,914.675925925926,20.03230371924933,18.185193908963573
20,96,118.09978666403285,118.119793312865,1377.2962962962963,1375.962962962963,36.47608118563621,20.03230371924933
1,97,286.0354511542581,286.75147668888826,1639.3796296296296,1640.3333333333333,3.2207496030095855,0.0
2,97,248.9029141299983,249.32157573332182,1666.111111111111,1665.9537037037037,4.209577041627323,3.2207496030095855
3,97,254.48460790802875,254.75496095551767,1430.388888888889,1431.0648148148148,5.273829034979965,4.209577041627323
4,97,229.87573742430428,230.4929363566493,1410.9074074074074,1411.3333333333333,6.2193607634696795,5.273829034979965
5,97,242.36564747412578,243.07074641009618,1231.9351851851852,1232.7962962962963,7.099010562158709,6.2193607634696795
6,97,240.57330900091512,241.0374627298103,1193.101851851852,1193.287037037037,8.009865765886136,7.099010562158709
7,97,233.29989409445426,233.77219697135882,1219.2314814814815,1219.4722222222222,9.067303845096996,8.009865765886136
8,97,231.2652865671274,231.63914070756024,1077.5555555555557,1077.5648148148148,10.04996750303151,9.067303845096996
9,97,225.4152530971709,225.54163700792202,1077.287037037037,1076.75,10.757118479298125,10.04996750303151
10,97,221.32814178503162,221.5530948962385,1095.5,1095.2037037037037,11.497848880095894,10.757118479298125
11,97,213.88366140233936,214.05184794613092,1034.2037037037037,1034.1851851851852,12.109091001333718,11.497848880095894
12,97,201.81632052627094,202.18584065993377,1126.6759259259259,1127.0,12.807556292781596,12.109091001333718
13,97,208.15824165476658,208.71960097628363,977.4537037037037,977.6018518518518,13.534002919449897,12.807556292781596
14,97,217.70883832476034,218.24375920418956,937.7685185185185,937.8055555555555,14.213223355492133,13.534002919449897
15,97,206.21717255443323,206.8560067669208,908.324074074074,908.75,14.990022927080933,14.213223355492133
16,97,211.8421587980413,212.07186561451857,862.8518518518518,862.4074074074074,15.857134762354208,14.990022927080933
17,97,203.80554228890972,204.3956437314921,847.7129629629629,847.9907407407408,16.73930680095249,15.857134762354208
18,97,188.82341688520395,189.35313628377463,1016.4907407407408,1015.2685185185185,18.185193908963573,16.73930680095249
19,97,168.4985665161385,168.57710109216498,914.8981481481482,914.3333333333334,20.03230371924933,18.185193908963573
20,97,121.65171495749964,121.6134990219247,1377.638888888889,1376.3148148148148,36.47608118563621,20.03230371924933
1,98,287.24533254067705,287.063848622451,1635.9444444444443,1636.4814814814815,3.2207496030095855,0.0
2,98,246.51602287457223,246.9748520421472,1668.212962962963,1668.9537037037037,4.209577041627323,3.2207496030095855
3,98,252.68644975362565,253.480120282378,1434.212962962963,1434.9074074074074,5.273829034979965,4.209577041627323
4,98,228.7908485385056,229.73060400667921,1415.8333333333333,1415.7962962962963,6.2193607634696795,5.273829034979965
5,98,241.2145925060416,242.00970502039402,1227.5,1228.351851851852,7.099010562158709,6.2193607634696795
6,98,241.12145540820856,241.3376745164072,1193.8333333333333,1193.1759259259259,8.009865765886136,7.099010562158709
7,98,232.07982158727802,232.3362163721799,1217.601851851852,1216.7314814814815,9.067303845096996,8.009865765886136
8,98,235.2196423567991,235.6185335592966,1078.8703703703704,1078.9907407407406,10.04996750303151,9.067303845096996
9,98,224.73947748842454,225.29642883919587,1074.3425925925926,1074.6203703703704,10.757118479298125,10.04996750303151
10,98,217.42872175828623,217.88606911544994,1095.0092592592594,1095.0277777777778,11.497848880095894,10.757118479298125
11,98,214.54877743412212,215.2027605020035,1033.6574074074074,1033.9351851851852,12.109091001333718,11.497848880095894
12,98,210.20214405120456,210.4129842510951,1119.0555555555557,1118.7777777777778,12.807556292781596,12.109091001333718
13,98,209.30270666197322,209.68729475938713,980.9351851851852,981.1203703703703,13.534002919449897,12.807556292781596
14,98,216.1671130901463,216.30123976418247,940.5462962962963,939.8148148148148,14.213223355492133,13.534002919449897
15,98,205.3684813172567,206.13316988302162,908.2222222222222,908.7037037037037,14.990022927080933,14.213223355492133
16,98,209.81388344333547,210.07852443028025,860.6944444444445,860.8611111111111,15.857134762354208,14.990022927080933
17,98,206.85685375679054,207.05127477461733,853.9166666666666,853.5648148148148,16.73930680095249,15.857134762354208
18,98,187.7788522159988,188.18181902734452,1014.4537037037037,1014.0833333333334,18.185193908963573,16.73930680095249
19,98,169.2553831320094,169.4619273166436,913.4629629629629,912.8518518518518,20.03230371924933,18.185193908963573
20,98,117.43037162503761,117.44195996125818,1379.111111111111,1378.6666666666667,36.47608118563621,20.03230371924933
1,99,275.37223719085245,276.2819712886258,1639.0833333333333,1639.5277777777778,3.2207496030095855,0.0
2,99,246.79991080345278,247.813067058022,1669.111111111111,1670.462962962963,4.209577041627323,3.2207496030095855
3,99,254.22684236170244,254.7166364040304,1433.0462962962963,1433.398148148148,5.273829034979965,4.209577041627323
4,99,226.49204701911972,227.14597181521083,1406.1574074074074,1407.7777777777778,6.2193607634696795,5.273829034979965
5,99,241.90244514257597,242.66201322138676,1224.7407407407406,1225.8055555555557,7.099010562158709,6.2193607634696795
6,99,242.06558669574372,242.61508623409597,1192.148148148148,1192.5555555555557,8.009865765886136,7.099010562158709
7,99,232.13518420672742,232.78489621743392,1218.5,1219.0740740740741,9.067303845096996,8.009865765886136
8,99,229.452696566341,229.78573821642772,1072.4814814814815,1072.0,10.04996750303151,9.067303845096996
9,99,223.58448432071583,223.97801841757683,1077.398148148148,1077.4444444444443,10.757118479298125,10.04996750303151
10,99,218.6699359789213,218.93940156827125,1095.1203703703704,1094.787037037037,11.497848880095894,10.757118479298125
11,99,215.67739136475632,215.9231887270666,1033.5185185185185,1032.8240740740741,12.109091001333718,11.497848880095894
12,99,202.93909049039237,203.00484659763586,1127.7777777777778,1126.8703703703704,12.807556292781596,12.109091001333718
13,99,209.4319878080094,209.91000135743465,982.0092592592592,982.2592592592592,13.534002919449897,12.807556292781596
14,99,211.73215914550968,211.93797828626316,941.2037037037037,940.8888888888889,14.213223355492133,13.534002919449897
15,99,204.43241012083493,204.92012329099512,907.4722222222222,907.2407407407408,14.990022927080933,14.213223355492133
16,99,209.962251812012,210.3519025297793,862.4814814814815,861.9907407407408,15.857134762354208,14.990022927080933
17,99,205.6709285469671,205.825656580581,853.2962962962963,853.4629629629629,16.73930680095249,15.857134762354208
18,99,190.38585508117163,190.3886679941347,1014.5185185185185,1013.7777777777778,18.185193908963573,16.73930680095249
19,99,168.64376290021823,168.63596092769274,916.7962962962963,915.8148148148148,20.03230371924933,18.185193908963573
20,99,120.29684664799568,120.1978361856064,1378.5555555555557,1377.4537037037037,36.47608118563621,20.03230371924933
1,100,288.63074703267205,290.17788260909356,1633.1296296296296,1634.25,3.2207496030095855,0.0
2,100,247.11842621483524,247.75381171371754,1665.611111111111,1665.5833333333333,4.209577041627323,3.2207496030095855
3,100,253.07225486790398,254.31366846693183,1431.462962962963,1432.361111111111,5.273829034979965,4.209577041627323
4,100,229.5332685078731,230.08512357980996,1419.712962962963,1419.9814814814815,6.2193607634696795,5.273829034979965
5,100,241.15432303830082,241.6182413934023,1226.8703703703704,1227.25,7.099010562158709,6.2193607634696795
6,100,237.1048894360978,237.60324451333622,1191.5555555555557,1191.6296296296296,8.009865765886136,7.099010562158709
7,100,231.82456379792694,232.21057953661077,1221.6851851851852,1222.148148148148,9.067303845096996,8.009865765886136
8,100,230.84798615085717,231.52819916061978,1080.7962962962963,1081.2407407407406,10.04996750303151,9.067303845096996
9,100,223.62498216908406,224.0040219760449,1076.7592592592594,1076.6851851851852,10.757118479298125,10.04996750303151
10,100,216.68052060548564,216.80886848902017,1095.6944444444443,1094.712962962963,11.497848880095894,10.757118479298125
11,100,213.09705946896088,213.44424060057645,1029.0185185185185,1028.962962962963,12.109091001333718,11.497848880095894
12,100,222.12058782928372,220.66775587057214,1124.2685185185185,1123.9722222222222,12.807556292781596,12.109091001333718
13,100,210.14538778454275,210.51232624002748,979.6666666666666,979.9537037037037,13.534002919449897,12.807556292781596
14,100,207.64520489404785,208.04018918893254,934.2592592592592,934.0370370370371,14.213223355492133,13.534002919449897
15,100,205.34503239348916,205.39447066116227,907.7407407407408,907.3611111111111,14.990022927080933,14.213223355492133
16,100,209.07127343309216,209.27989761247724,857.1018518518518,856.8981481481482,15.857134762354208,14.990022927080933
17,100,206.41935734749555,206.42903343829892,852.4814814814815,851.925925925926,16.73930680095249,15.857134762354208
18,100,188.7209970694621,189.04103192136574,1017.5925925925926,1017.7129629629629,18.185193908963573,16.73930680095249
19,100,168.95978409349476,169.14624078758024,920.4814814814815,920.1944444444445,20.03230371924933,18.185193908963573
20,100,121.48615387014,121.45291753117682,1379.5277777777778,1378.5555555555557,36.47608118563621,20.03230371924933
