id,d_res_p95,d_res_p5,d_res_mean,d_real_rent_ratio_p95,d_real_rent_ratio_p5,d_real_rent_ratio_mean,real_rb_mean,real_ra_mean
1,7.049999999999997,-7.0,-0.03,1.49726914064463,-0.8026056663143372,0.2749429395612235,236.85437236229248,237.49054646658232
2,7.0,-7.0,-0.2,0.8486451624706238,-0.4947609476849962,0.12648106136330284,120.78622333349773,120.93674752283815
3,6.0,-7.0,-0.74,0.5813972598217457,-0.36923408072490016,0.07797880510600932,114.3484941945476,114.43640803221055
4,10.0,-11.0,-0.09,0.8074888868630092,-0.48898660216840634,0.14556793839291599,128.0992121430782,128.28248641998962
5,6.0,-6.0,0.62,1.1570364615091082,-0.7943062219627511,0.2680913856760893,237.80593824998766,238.44253666320958
6,11.049999999999997,-12.0,-0.29,0.6963197545151517,-0.37661796926134383,0.14764676909738722,103.08192870624457,103.23206734155546
7,8.049999999999997,-6.1,0.49,0.9969459633072282,-0.5504146835945855,0.24278707219359824,247.82924599487384,248.4293025725675
8,1.0,-2.0,-0.11,2.712267569827213,-2.78692491981632,0.0484532731080977,677.7865892962352,678.0990487184937
9,7.0,-8.0,-0.14,0.9021201535845069,-0.6023808829197812,0.19872237749627406,231.13852537282256,231.59589488319202
10,6.099999999999994,-8.0,-0.06,1.224757434932831,-0.8961444507294848,0.1712795716236581,269.21191417266095,269.6666230615572
11,9.0,-6.0,1.29,1.2071793787781442,-0.39020202150622685,0.34444886514834544,222.98415944687687,223.74627229005898
12,8.0,-13.0,-1.08,0.759440968522072,-0.554782456546718,0.12053948084087347,140.5266158244716,140.6936856426634
13,7.0,-6.0,0.24,1.9534815919082567,-1.0355130181203143,0.29035078095220124,301.43039775349257,302.2890322041356
14,6.0,-6.05,-0.16,0.8988018328834235,-0.5926783601963258,0.15763013234055037,229.41933747202492,229.78262817287978
15,7.049999999999997,-7.05,-0.43,1.073934530751069,-0.75811368488931,0.13831655729569736,237.08018767218257,237.40331595122407
16,3.0,-3.05,-0.3,1.5233365477274838,-1.5417972037631247,0.015281409774634172,486.41243909075877,486.4943323683685
17,5.049999999999997,-6.0,-0.31,1.6449316460369616,-1.5463850976941924,0.06380996967735701,258.72240153173357,258.85731882249036
18,8.0,-7.0,0.03,0.8870911429329179,-0.5027672110057768,0.1981173118474116,223.31813587044894,223.75590823082595
19,4.049999999999997,-6.05,-0.56,1.2227840267231032,-1.1563911329842504,0.027610725352806776,259.4233002437005,259.47494610557516
20,10.049999999999997,-8.1,1.55,0.9577828471337102,-0.4243164906358912,0.30870661709637537,207.13261321646414,207.76879637480596
21,10.0,-12.0,-0.51,0.6844943567924189,-0.3403449350099439,0.1559185016403189,119.38020532427916,119.56639079296956
22,10.0,-8.0,0.45,1.1278141173733873,-0.5160753698154874,0.23404023503612684,227.15069688035064,227.67364010406604
23,7.0,-8.0,-0.84,0.8480689300695974,-0.6396072092920475,0.05423300929898774,169.09366091399443,169.18212994075216
24,6.0,-5.05,-0.63,1.1416167390874035,-0.9577984716156464,-0.03253384972299406,258.2398051874032,258.147361406748
25,8.099999999999994,-7.0,0.29,1.1322722447800768,-0.6464849721697441,0.18660711171797292,173.46121090138823,173.78109784702505
26,6.049999999999997,-7.05,-1.1,0.8227097152987131,-0.5549925186156603,0.023459628658586088,165.38281421399213,165.41857520068555
27,7.049999999999997,-6.05,-0.09,0.8085723532192701,-0.37843553213382486,0.17374626524534903,155.95233199224728,156.2242244743443
28,10.0,-9.0,0.03,0.8305470310392014,-0.5328797128945659,0.141180058599667,179.9033726213255,180.16152723830928
29,4.049999999999997,-6.0,-0.58,0.8906138975926348,-0.8727754382254213,0.02160870584794635,203.55288146780768,203.58889119302802
30,6.049999999999997,-8.05,-1.29,0.7574714963445448,-0.7753903998947572,-0.03776635424993836,153.4647930701759,153.40573562621228
31,9.049999999999997,-12.0,-0.11,0.8355708660915461,-0.6561316503783267,0.14480958490593865,135.30856014244912,135.50279407516726
32,6.099999999999994,-7.0,0.31,1.334648419178067,-0.9247871022609172,0.27263795400937285,198.755426125803,199.29329685005942
33,6.049999999999997,-8.0,-0.57,1.0429279164422258,-0.9774342896442905,0.06151515841907677,240.54733403489107,240.6961136900036
34,4.0,-4.05,-0.16,1.2245762502869282,-1.199209857041864,0.059798252467455563,321.92088291761115,322.09919363629604
35,8.099999999999994,-10.05,-0.32,1.110902206204386,-0.7509270714939108,0.13544629537135472,217.16984966894353,217.46290071773052
36,9.0,-8.0,-0.07,0.8366120337115237,-0.4164926280815257,0.17642385906504474,158.20067527390609,158.47608317781254
37,8.0,-11.05,-1.54,0.6437899649527331,-0.5638301198333606,0.08052379518164708,185.05320930769219,185.20188779459477
38,7.0,-8.0,-0.08,0.8185521629955841,-0.5727752474563615,0.1686821237009335,178.3313084517893,178.6257125376355
39,8.049999999999997,-9.0,0.1,1.0157529490036605,-0.605764096447663,0.22519084606123363,231.98869650147947,232.50169944351495
40,10.149999999999991,-9.0,0.81,0.9875182962325781,-0.4807770886257323,0.24737119711046024,193.12345235107827,193.60006167670562
41,8.0,-8.0,0.05,1.0857544272585962,-0.7528442454802157,0.18541379587120294,186.93874120196296,187.28098619850095
42,10.049999999999997,-10.0,0.1,0.8772828524777435,-0.3976252933661294,0.20700384221821416,179.21455967818335,179.58339297365882
43,7.049999999999997,-8.0,-0.33,0.8591000444884193,-0.538182569578745,0.13476214538556272,164.7676128719453,164.9857605666992
44,5.049999999999997,-5.0,0.46,1.1733500549195206,-0.6901303915836043,0.2671040330699255,305.5351769322027,306.34932279686285
45,9.0,-7.05,-0.28,0.7703267329059387,-0.5046288263861756,0.11644365494992792,158.18574783461793,158.3687557890046
46,8.0,-8.0,0.25,1.1595077871700659,-0.8417654272927659,0.21073467941488444,256.076159948035,256.6153482469567
47,7.049999999999997,-8.0,-0.23,0.9850650513512379,-0.6579584634938966,0.1472979298147453,152.18584662550927,152.40590180290087
48,9.0,-8.05,0.26,0.9267613712465291,-0.5741853829104471,0.19946135436570153,211.37828803611166,211.80283694333724
49,7.0,-8.0,-0.51,0.7666908474317584,-0.5046005555033384,0.16176460163878634,160.50317082072579,160.76082487291978
50,4.049999999999997,-5.0,-0.15,1.2175271256627263,-0.9063961938096466,0.15808927380560037,342.10007229231144,342.62164711393183
51,10.0,-9.049999999999999,-0.14,0.8618394581708514,-0.5311736467678508,0.1252427512623049,136.65831238208582,136.82995237535758
52,8.049999999999997,-9.049999999999999,0.86,0.7853681598982866,-0.49942528919017803,0.22702214145409086,200.50092423548023,200.95365504679626
53,9.0,-9.049999999999999,-0.43,0.8904697836267873,-0.49560132206973806,0.1426961570988126,187.9260112575215,188.19416793763503
54,6.0,-6.0,0.18,1.0408944794675814,-0.7099427430793901,0.21381931539378157,167.98832107868841,168.34321067314934
55,8.0,-8.05,-0.12,0.798988623227684,-0.578968523405032,0.1230450181300497,172.0728387511563,172.28088387674586
56,6.0,-8.0,-0.8,0.7647562098422646,-0.6106478367224569,0.10985230936459836,127.42108153641325,127.5633270504864
57,7.049999999999997,-11.100000000000001,-0.94,0.6893887743099407,-0.7831917662260576,0.005852273547711634,175.1722847881403,175.18153593240467
58,5.049999999999997,-7.0,-0.54,0.7085212886155592,-0.8954764814489429,-0.014473282435604933,208.54180760088613,208.51383767840946
59,6.099999999999994,-8.0,-0.45,0.8878576616781645,-0.5860059747905334,0.16908580134100742,112.139423419692,112.325303869974
60,9.0,-10.05,-0.12,0.9604729886973178,-0.537836461671633,0.26500618246956514,133.25378364507034,133.60479626043528
61,8.049999999999997,-8.0,-0.04,0.6806898237981733,-0.4683456024731663,0.06447872634749548,108.25785323965259,108.32677613082359
62,5.049999999999997,-6.0,-0.49,0.8754545094953963,-0.7288395686969154,0.1002962537636241,169.51337831695594,169.68981720718926
63,10.0,-10.05,-1.33,0.9114632700701922,-0.545562898692753,0.10956146223417272,130.66593755425666,130.8101640638827
64,1.0,-1.0,-0.01,11.435705544297344,-7.999842708463053,0.4001196046975093,1743.9545084188733,1746.5209480860199
65,5.0,-7.0,-1.25,0.6527171401824351,-0.8309408455852787,-0.05971172436495543,177.1472362219352,177.04175481026306
66,5.0,-6.0,-0.43,1.0362614513196833,-1.0131997001953859,-0.0019199254669186078,191.3992719672562,191.39122495268055
67,9.0,-8.1,0.14,0.8604150996737393,-0.5643837827533026,0.13580898136114375,110.90800551477774,111.0574003505775
68,9.049999999999997,-10.05,-0.69,0.925338841900394,-0.6555289416382762,0.09953424834068583,194.98133468504497,195.17813463791902
69,6.049999999999997,-7.0,-0.21,0.9802154327788742,-0.8062968453191476,0.10772465465658745,253.2213122861661,253.5008561793701
70,5.049999999999997,-4.0,-0.28,1.4806507705934555,-0.8167829438099123,0.11707280500178287,337.23652611499244,337.63237482710537
71,7.049999999999997,-7.0,0.44,0.9421928280112001,-0.5991568796525739,0.2118869525902334,215.67731706680982,216.1327852810794
72,7.0,-7.0,-0.04,1.033184545655271,-0.7834216207631711,0.17796702999727945,245.5095149193513,245.94408514429756
73,5.049999999999997,-6.05,-0.2,1.1584007521528168,-0.8042235277627117,0.18129654722009064,303.7167466310596,304.2635304280815
74,7.049999999999997,-5.05,0.37,1.1341300314219875,-0.6117219521130011,0.22511994570622001,260.3157399407857,260.90983007131285
75,4.0,-4.05,-0.18,1.362016855211551,-1.134738814448796,0.050709937381245476,228.74405275034167,228.83987263853976
76,7.0,-9.0,-0.02,0.8449168978796561,-0.6036197298795348,0.16307316958216198,209.5228158764216,209.85937832156992
77,11.049999999999997,-11.05,0.37,0.7964095369402049,-0.549035833840784,0.15022967946881924,104.47203376430403,104.62741173323138
78,10.0,-10.0,-0.19,0.8720317869383607,-0.48130616599221454,0.17180032327223219,179.2621763198603,179.56581830944504
79,7.0,-6.05,0.98,1.1118452400773455,-0.6772358019999315,0.2803720130321221,223.6402769431782,224.2651083822288
80,9.0,-6.05,1.07,1.1457728997862724,-0.5944389554404331,0.282116757436109,130.0779304795638,130.44277931145567
81,5.049999999999997,-7.0,-0.37,0.827301532650369,-0.7551750101311636,0.10579015121962101,249.53910180870997,249.8031620083885
82,4.0,-3.05,0.07,1.8770713556578504,-1.2216459994540776,0.21993737460718926,444.4494476941257,445.3884055660151
83,11.049999999999997,-9.049999999999999,-0.07,0.8017988430976947,-0.37347179557503435,0.1687624743178845,121.28931253266398,121.49232943611048
84,7.0,-8.0,-0.44,0.7039057839058539,-0.6066810764068238,0.058123961720270956,165.90905759906727,166.00361814427364
85,9.049999999999997,-7.05,0.0,0.786217302516552,-0.5074912520463511,0.10161606735629214,154.38093856635751,154.53894890462965
86,7.049999999999997,-7.05,-0.43,0.7290955040245639,-0.5866502021577416,0.08941921953320428,161.88247065652166,162.02562689944077
87,6.049999999999997,-8.0,-0.31,0.9141849876023292,-0.7637831191546565,0.058322987471815316,179.86090152122472,179.96047157476292
88,7.049999999999997,-9.0,-0.46,0.6455738298876927,-0.6197412475242308,0.026232480530046134,159.54661650057673,159.58462618427063
89,9.0,-7.0,0.69,1.1622566010561401,-0.5831329790732287,0.2904267980035405,158.40848262749992,158.86554586627145
90,6.049999999999997,-8.0,-1.14,0.7997464075135587,-0.8017320397259029,-0.03663281138455247,188.24478702129414,188.171331136425
91,6.0,-6.0,-0.47,0.9945665458839258,-0.7995715398422069,0.07532769532055364,208.8647363505137,209.01886075801644
92,7.0,-7.0,0.33,0.9209643024715739,-0.5415025536258339,0.19580927472387866,171.71440061133217,172.0465558560254
93,4.049999999999997,-7.0,-0.35,1.442718634949795,-1.3596131891775967,0.15548301807998435,201.96677207844937,202.26835554588607
94,6.0,-6.0,-0.25,0.8970321274785328,-0.7892352133065652,0.07910229233014275,220.00501489656352,220.17117852141658
95,8.049999999999997,-9.0,-0.3,0.8502615618704388,-0.5679551232176636,0.0739092300908651,118.04467619427703,118.1310105066359
96,8.049999999999997,-7.05,-0.37,1.0277339598809967,-0.5258534768781218,0.13639591491442177,209.73077488457267,210.01424957762555
97,5.049999999999997,-6.0,-0.19,0.8767532088188642,-0.7631412942618714,0.07170732732578874,216.92287704583683,217.0824520005426
98,3.0,-2.05,0.1,3.6529828462494955,-2.439463804172112,0.3576207658681381,567.0055696323146,568.851200504112
99,4.0,-6.05,-0.78,1.0893021371579792,-1.177153085531345,-0.03836311329922463,241.39941764698827,241.29657918993416
100,5.0,-5.0,0.11,1.503528249666235,-1.1160878927468811,0.2308020695948793,311.99047467312306,312.71073789302363
101,5.049999999999997,-7.0,-0.19,1.0137086325381672,-0.8646011773720818,0.16318508254042716,177.56526241629632,177.84995082576125
102,6.049999999999997,-6.0,0.23,1.3656401338352364,-0.8216045829267742,0.24159867247766612,243.00433195961176,243.58747800405504
103,6.0,-5.0,0.32,1.3168726789802305,-0.8472808642835583,0.24620743626300293,249.9388860375138,250.54785188574186
104,2.0,-2.0,-0.12,2.3899140737763562,-2.487115613177804,0.032450195041181455,607.3700171968062,607.4146587635224
105,7.049999999999997,-8.05,0.28,0.7305131563835463,-0.45727703936221814,0.17521232795039465,193.51862311047822,193.85303382825325
106,9.0,-9.049999999999999,-0.17,0.8010588074896254,-0.49543198083029516,0.16702870755324997,165.15811715841315,165.43425710957777
107,9.049999999999997,-6.05,0.13,1.2620068166264449,-0.6219741772916171,0.16342656143421802,219.90751692885672,220.25812017687363
108,7.0,-7.05,-0.44,1.0459339548640318,-0.6228551007419834,0.14117011923301317,202.8584309766193,203.13966000954605
109,9.0,-8.05,0.04,0.994939019428472,-0.6158024320925967,0.1873809284747499,196.1874194549982,196.55310670057676
110,6.049999999999997,-6.05,-0.29,0.9142557129025005,-0.6945863758328903,0.09790847539974556,247.27185358410847,247.51916169321663
111,5.049999999999997,-6.0,-0.1,0.9999114553855836,-0.7945512694232911,0.10736881697114117,271.2019785192917,271.49618247351793
112,8.0,-8.1,-0.85,0.7451358470592203,-0.5207768993547518,0.08946610513818123,201.39530957072557,201.57438591231096
113,9.0,-8.0,0.05,0.9569788375382462,-0.46500999135313936,0.15984598913643144,214.08119987437658,214.4245084112742
114,7.049999999999997,-9.0,-0.28,0.9945460849913508,-0.7119054450498415,0.14775275067428403,241.55453736105133,241.90878046819546
115,7.0,-8.0,-0.53,0.8035099730984937,-0.6160150397717872,0.1210947291179722,145.34312636169068,145.51519371235278
116,10.049999999999997,-9.0,0.03,0.8236821419583903,-0.37222013771564794,0.1554812109246739,153.89872985537863,154.1365785447888
117,11.0,-11.100000000000001,0.09,0.8524299074227872,-0.4679489163164005,0.19894420226808085,161.27308414934507,161.59147840473415
118,9.049999999999997,-9.0,0.13,0.870457711242852,-0.5559837436227971,0.17574525341942024,165.85422902883982,166.1471295661577
119,7.0,-6.0,0.17,1.4167168265783232,-0.8271138134677131,0.1892940110826268,209.23820465169112,209.61893079734855
120,12.099999999999994,-11.0,0.18,0.8561282752750358,-0.3205054199128651,0.20753581623688558,148.5910001182591,148.89945140918405
121,11.049999999999997,-10.0,0.48,0.9536242856852533,-0.34376161971411096,0.2710697773061754,146.11915300035398,146.51276592740408
122,10.099999999999994,-11.0,-0.96,0.6942438094194657,-0.45059123333120493,0.06158310386518666,126.40138431731074,126.47986235718653
123,7.0,-8.05,-0.44,0.7990537227565639,-0.6555634913652667,0.08473978272397538,139.1856929922172,139.30203146820864
124,7.0,-8.0,-0.18,0.8380933904666301,-0.7019159285964188,0.1187244244985819,153.29885986667549,153.48109857850167
125,4.049999999999997,-7.0,-0.68,0.9288736495836954,-1.0379835802992465,0.07117368894168563,204.24047214774922,204.380076069469
126,6.0,-6.0,-0.69,0.8622466650108036,-0.6755022369320884,0.04320950001375965,154.42019257167192,154.48548775087195
127,9.0,-8.1,-0.42,0.9874804317402561,-0.6545785008627273,0.13281936383303075,145.15470869606048,145.35113151969622
128,5.049999999999997,-6.05,-0.9,0.7359080022842933,-0.7848716734961885,-0.050314534640631396,170.74662883132015,170.65538663833823
129,6.049999999999997,-6.0,0.54,0.9849913658720986,-0.6004313641683817,0.2157843792336805,201.81486400016752,202.2465816321138
130,9.049999999999997,-8.0,0.12,1.054895095058801,-0.5547528413609268,0.18808198214439706,203.16233286794238,203.54145435619515
131,12.049999999999997,-10.0,0.56,0.7466838262119051,-0.28688007665291987,0.18619744595166185,120.34827418094477,120.57205679915023
132,12.0,-15.0,-1.31,0.6241859626252366,-0.41878859355168807,0.10322842740412938,105.24883319613525,105.35660437506432
133,8.0,-9.0,-0.11,0.8915714134722061,-0.4945264401206241,0.19319737067177,175.48440002838427,175.81952136391754
134,10.0,-12.05,-0.59,0.816845734610107,-0.5762800821723669,0.14945387801778462,152.41706487290338,152.6428845298898
135,5.0,-6.0,-0.43,1.5752524514590598,-1.4796460404339662,0.08517572124110043,303.81447143396883,304.0641952814006
136,8.0,-9.0,-0.97,0.78960590226991,-0.5995793755543172,0.0835279443605199,167.1713699693224,167.30819059299236
137,8.0,-8.0,-1.09,1.1655092598824348,-0.79715212150263,0.03901370519616458,196.31277387796342,196.39092873276266
138,7.0,-10.05,-0.78,0.6530539453190973,-0.4924815020917301,0.14034075466033208,146.36436679404858,146.56893491477348
139,8.0,-9.049999999999999,-0.65,0.8338714830289593,-0.6790088419920297,0.08441311760565229,169.336094853758,169.47911731742053
140,8.049999999999997,-10.0,-0.89,0.6632817688897811,-0.4521369651738767,0.11507461224730464,131.48611333663376,131.63459265599656
141,8.0,-7.05,-0.04,0.9337694038591229,-0.5959191512713808,0.14682685300821519,202.44073371707714,202.72823030809897
142,8.0,-6.05,0.46,0.6722928374330444,-0.2861832099787446,0.16323507389146363,153.22500647464003,153.47553662210336
143,4.049999999999997,-7.0,-0.32,1.331832474569693,-1.4958575383784525,0.0887375861365535,347.5334040344919,347.81707429051335
144,5.0,-5.0,-0.19,1.3525210666684373,-0.9800346190279466,0.12874151318414037,332.9310504235858,333.33514111267505
145,7.0,-7.0,-0.47,1.053928101008816,-0.7499633184571652,0.1077224420205495,246.01441996940338,246.28409509252572
146,7.0,-8.05,-0.07,0.8521513615004339,-0.6543151592397898,0.11858480271719624,197.56748678225102,197.79813332634512
147,5.0,-8.0,-1.34,0.6255940211150212,-0.7433369193558618,-0.024989038578085595,179.603854179928,179.5586525776458
148,8.0,-9.0,0.09,0.8035175020644636,-0.7061347746886079,0.14455570006049337,189.69179915822141,189.96388727586117
149,7.0,-6.0,-0.19,0.9935368907015116,-0.7592695746042029,0.09439321180835854,224.60286329732892,224.81833829031697
150,8.049999999999997,-6.0,0.92,1.1916824431341102,-0.5015212742084914,0.3059327880942226,188.0993996941046,188.6736469366077
151,8.0,-10.0,-0.83,0.8500502843436948,-0.7944662806290486,0.04695631001300415,172.54978749955356,172.63455137484002
152,11.0,-9.099999999999998,0.21,0.7781242048633094,-0.5327545842860905,0.11345863477781577,138.64711753876998,138.804470726141
153,8.0,-9.0,-0.47,0.7523201274000512,-0.7604239757459116,0.04445724879882783,159.10237945773883,159.17089168666263
154,5.049999999999997,-5.05,-0.13,0.9212817274782649,-0.8684665437422544,0.08277673156194609,223.5304651273188,223.71798749377882
155,5.0,-6.0,-0.71,0.9869575549976438,-1.0662251048337616,-0.0736567496639623,229.86763159917476,229.68153400793616
156,7.099999999999994,-10.05,-1.11,0.5277339025389067,-0.6336433840837954,-0.01598280640756462,110.83979512419423,110.82035851447837
157,7.099999999999994,-8.0,0.2,0.7363440337164131,-0.46681186497059624,0.10409202865630443,144.25988206632667,144.40781387164387
158,6.049999999999997,-7.0,-0.72,0.8259585908783619,-0.7617343679143602,-0.008817359731608805,188.9096410465844,188.8893619824177
159,6.049999999999997,-8.0,-0.15,1.1001889619637242,-0.9437303181353061,0.10522784318109353,217.6686886368396,217.8993860659913
160,5.0,-5.0,0.28,1.449241348546298,-1.1009932182491189,0.22963380500267777,309.3364242145102,310.04231848287594
161,6.0,-6.05,-0.3,1.12917977045101,-0.8799784822765373,0.06075407920073979,236.4209781521456,236.55796990965075
162,9.0,-8.0,0.1,1.0060346399603064,-0.6385735290014204,0.18508479221076915,212.29322254774462,212.67685122668593
163,6.0,-7.0,-0.64,0.850909004100701,-0.7192582223219381,0.03452036177397415,241.34967873651323,241.4245288299383
164,7.0,-7.05,-0.29,0.9318899610008212,-0.670763494773691,0.12676520595202992,223.9078001807848,224.1863969896578
165,8.0,-6.05,0.03,0.871918636562323,-0.5262292707988274,0.13927268392296452,216.63934096798684,216.93979385492213
166,5.0,-5.05,-0.3,1.2453335944832418,-0.9677441262028754,0.05386777835934886,278.789031299889,278.9383959974055
167,4.0,-3.05,0.04,1.61366885986747,-1.1841121045215244,0.10483198297429276,399.38834054872177,399.7754640084538
168,6.049999999999997,-8.0,-0.18,0.727076484321582,-0.6751522323845142,0.08376784960863823,198.40066953181176,198.56726292866136
169,9.049999999999997,-7.05,0.17,1.1310787325930165,-0.7559255863567287,0.13376977180513444,210.3861774134637,210.66639336009987
170,5.049999999999997,-7.0,-0.69,0.7023391944472637,-0.9207445915150788,-0.01816140348049842,201.35371672053105,201.3133984705575
171,8.049999999999997,-10.05,-1.49,0.6189081717088261,-0.516510314918376,0.007905897763083172,150.6016033681737,150.61407426210536
172,6.049999999999997,-6.0,-0.13,0.8675938248014865,-0.5751957901781407,0.1290115660846728,212.22694945335584,212.49656107992905
173,9.049999999999997,-9.0,-0.75,0.8553898711531532,-0.5318619050088513,0.09223648022366106,162.01466893109836,162.1612127596038
174,10.049999999999997,-8.0,0.38,0.9711022377843119,-0.415331514081242,0.22090511092347423,161.66237201528355,162.02025159027326
175,7.0,-5.0,0.37,1.4001604842646136,-0.7387236821514137,0.20163243885429113,223.24564541089433,223.68957679016356
176,8.0,-8.05,-0.15,0.9937697975075434,-0.6265105378065249,0.1726768862977595,192.3018455632339,192.6308437046669
177,8.0,-7.0,0.25,1.2073000481603002,-0.7869002829368583,0.20012604039547885,223.0786408161458,223.52485349776296
178,5.0,-6.0,-0.38,1.0162117098276895,-0.8512868184042693,0.0949494841864336,268.86359096934916,269.1135750878131
179,5.049999999999997,-6.0,0.05,0.9892213114423449,-0.7937823445057226,0.1175613888900688,256.9278527713417,257.22992184057034
180,7.0,-6.0,0.61,1.1719397456783502,-0.5066249257205298,0.2514796396715846,223.0711483880382,223.63137158898354
181,3.0,-2.0,0.23,3.345830122034626,-1.3237465049441055,0.4664590797480399,557.5104594175823,560.0013424603476
182,6.0,-7.0,-0.43,1.1074284072787755,-0.8439211038065668,0.12116068921345238,227.3283321139573,227.59933122190782
183,8.0,-8.05,-0.64,0.6773430226253558,-0.46906973919583544,0.0639837471966177,152.77864358520912,152.87777246709496
184,7.0,-6.05,0.15,1.0863911924338447,-0.7952489935435467,0.13603276659941607,207.7370464528985,208.01598486415577
185,10.0,-7.05,0.64,0.9209580680144539,-0.3715673928653782,0.20533111447643906,170.78184222608607,171.13397197810792
186,5.049999999999997,-7.0,-0.78,1.1982950648080029,-1.199262942211177,-0.03023819241804763,232.6150362652981,232.53335382804144
187,8.099999999999994,-10.0,-0.14,0.9546049658874265,-0.6417319896534763,0.19380634551908038,184.59988222450477,184.95828649783917
188,5.0,-5.05,0.24,1.2668765470947045,-0.9949298365448996,0.17329228749631376,235.87167312769546,236.28484594049004
189,6.0,-5.0,0.29,1.2873957490369534,-0.8839391997511576,0.177377768507076,292.597295548534,293.1094687365023
190,5.0,-5.05,0.42,1.159154808187389,-1.0815598877582153,0.21634075688305876,260.41357751295334,260.9755671128561
191,9.0,-10.0,0.09,0.836772677658109,-0.508809644160629,0.16406960556901257,164.2551541654294,164.52478989602045
192,7.049999999999997,-8.05,-1.32,0.634466623429722,-0.42304103578023267,0.08277152784962748,136.15538240553818,136.26768606617833
193,9.049999999999997,-9.0,0.42,0.7834731607695952,-0.4328326108050974,0.18932034849764495,170.42360872654103,170.74503223390505
194,8.0,-8.0,-0.71,0.9821601430294136,-0.7866689250245962,0.05776735968972788,189.16453353422838,189.27687695827896
195,10.0,-10.0,-0.53,0.7350864310625191,-0.4485571751116217,0.11692583783112234,134.97721157884084,135.13477816229036
196,8.0,-6.0,0.45,1.3007682675121812,-0.60753865743381,0.20748365546655784,217.02893574782172,217.47914638098217
197,10.049999999999997,-11.0,0.46,0.7731621569941038,-0.5173799546080048,0.1680036921269029,144.04924948603232,144.28987690297677
198,7.0,-6.05,-0.27,0.8346134894407432,-0.5622574480933942,0.07747885946576276,197.51542324970148,197.66856468662584
199,7.049999999999997,-10.0,-0.84,0.4667065865292426,-0.37291671503812535,0.08123637946186911,130.22311381628205,130.3276534908934
200,7.049999999999997,-9.049999999999999,-1.32,0.6984548846662535,-0.5185330304452762,0.07873975081702383,126.12587193988571,126.22524622733602
201,5.049999999999997,-7.0,-0.82,0.9728741959209668,-0.6604775066019425,0.06875661468225389,149.08451864884907,149.18510075050403
202,1.0499999999999972,-2.0,0.01,1.8661322919787187,-2.567339154556086,0.1761205630072541,584.3814501656752,585.4286307406925
203,9.0,-6.05,0.64,0.8642130122113556,-0.4205748021813607,0.18221717761203446,170.48601972160643,170.7964608556249
204,8.049999999999997,-10.05,0.3,0.6016905150936416,-0.47062507126327713,0.13848854424448323,134.32296039665997,134.5103549070085
205,7.0,-7.0,0.04,0.9451704987986078,-0.5181344473245649,0.17091160846665626,175.210433849527,175.50826201548023
206,4.049999999999997,-6.0,-0.68,0.8895098759786971,-0.7493370350623286,0.034883210194583694,229.75919696664502,229.83620218742607
207,3.0,-3.05,-0.39,1.491765898609883,-1.4925312593105002,-0.06566195998548445,323.6832648402072,323.45326865578767
208,9.049999999999997,-7.05,0.69,1.214646780494008,-0.6749720202654439,0.21828284761233224,190.23204890893317,190.6466974862294
209,4.049999999999997,-4.0,0.06,1.4181977393642162,-0.9700360534295838,0.17549764184177186,274.9585630036573,275.42619179886805
210,8.0,-7.0,0.82,1.0019459303102896,-0.7745924647622596,0.22172272769823503,201.4438575107993,201.8938055245321
211,6.049999999999997,-7.0,-1.08,0.906091351721024,-0.8360151668106713,-0.013037491463908979,194.39824305536516,194.36863694052846
212,6.099999999999994,-6.05,-0.2,0.6965665583717812,-0.4495918624945692,0.10078720683697927,185.3381144685691,185.52367098173093
213,7.0,-4.0,0.78,1.5173785039435983,-0.8719981814869324,0.2750300552324326,247.41448258454602,248.06638438312612
214,8.0,-12.0,-0.47,0.7882888641168755,-0.6526973952998987,0.13872658490464063,131.73279693269126,131.9143446583215
215,7.0,-9.099999999999998,-0.86,0.6907034388022363,-0.7012473067380387,0.05001745702161667,142.16101898342387,142.22696619378846
216,6.0,-8.0,-0.61,0.7397972654309501,-0.8489607895033633,-0.012453973397108542,172.68536413237342,172.6572877536649
217,6.049999999999997,-7.0,-0.13,0.7362475191479293,-0.495406701312253,0.09922482112773762,148.49338990769238,148.6404091184818
218,11.0,-10.0,-1.16,0.7520291647897366,-0.4326175588662252,0.06182957445793713,128.87598399814604,128.95677258669787
219,3.0,-5.0,-0.41,0.9571149206809348,-1.2709289173681895,-0.07067654829975843,260.13140690478866,259.95147932638923
220,13.0,-12.05,-0.66,0.5963131061516193,-0.3110571399278916,0.12302106260937645,88.73899998482004,88.84800607803872
221,8.0,-10.05,-0.94,0.640722015863767,-0.6181797846316446,0.04706070178808365,113.83133459890774,113.88499391917944
222,6.0,-8.0,-0.95,0.8353226660053974,-0.8044130885003177,-0.010768200583066325,165.53565787599572,165.51603729882828
223,7.0,-9.0,-1.01,0.6742437723825914,-0.6114104751678247,0.01820500312848891,137.96260201311236,137.9864616369181
224,5.0,-5.0,0.0,1.1510582209176257,-1.1181827099013397,0.09456959212563022,237.4377666031947,237.65734698162387
225,6.049999999999997,-5.05,-0.25,1.3377531847423045,-0.9239231717131946,0.09487294042937026,237.77023918221596,237.98186408943297
226,5.049999999999997,-6.0,-0.26,1.2655154236794077,-0.9880344704581197,0.07544877168529979,258.0979967952381,258.27628581918924
227,5.049999999999997,-5.05,0.0,1.2740246295967719,-0.9755730496202378,0.14564074967589505,266.6032630945903,266.99171300641024
228,2.0,-2.0,0.04,3.7630050879361185,-2.9243148712307705,0.2299555965177306,483.66179936953716,484.6666639400472
229,10.0,-8.05,0.94,0.8767185710665202,-0.4526252009354,0.2289005698357946,110.6604318945557,110.91391347643145
230,7.049999999999997,-7.0,-0.13,1.0867998146831175,-0.758840421870981,0.1174006662003125,205.89105432153593,206.13187551055617
231,6.0,-6.1,-0.78,0.8533258599204013,-0.6582420625748915,0.07009321172753075,210.84645520679732,210.99509341909757
232,8.0,-7.0,-0.38,0.926773584159418,-0.5844566750132184,0.08977995048085996,178.33901313276047,178.50078766573972
233,9.0,-7.0,0.11,0.7792766877472412,-0.5406575589685746,0.11069096709919801,161.10085240517756,161.28417886709482
234,6.0,-7.0,-0.66,0.8758048278891162,-0.8197659345910352,0.00309080620949346,215.72382123765016,215.73362572481128
235,7.049999999999997,-8.05,-1.07,0.6926533804238226,-0.5619812683828851,0.01146208966320311,177.2491724194831,177.26639594053893
236,3.0,-3.0,-0.07,2.9654401566237936,-2.3874738359009395,0.017558062962306224,531.8950486929349,532.0912944188607
237,5.049999999999997,-5.0,0.04,0.9925421051895473,-0.7724761043531829,0.10636339927362413,198.16801158313191,198.3825976890177
238,9.049999999999997,-11.0,-0.47,0.6911460921038928,-0.6009610047651812,0.0762800919989366,148.00376113826502,148.1158279868066
239,5.0,-6.0,-0.28,0.7920346080806923,-0.7329116449610205,0.04378687039095712,165.28565491509744,165.35936171897953
240,7.0,-8.0,-0.7,0.8384231310652756,-0.7409145999923277,0.04129616731240583,186.92174922248714,187.00171320850725
241,6.0,-8.1,-0.95,0.5508776531263819,-0.6078123387341857,0.0021971211897212927,153.40486824378803,153.4060612704026
242,6.0,-6.0,-0.3,1.33883516845134,-1.1518036469641368,0.02267747288944684,245.51985082953735,245.57098783303692
243,3.0,-5.0,-0.31,0.8678967193307136,-0.9933605942687473,0.022021892728796094,207.5801468751771,207.61948149941435
244,6.0,-6.0,-0.47,1.3338368406990002,-1.0321534132593881,0.009763286486097858,220.81780363845098,220.83260736827108
245,7.0,-7.05,-0.18,0.8997473029838977,-0.7109837769748503,0.05903975076124777,141.3014343763566,141.38298282350254
246,7.049999999999997,-13.049999999999999,-1.46,0.5990956063227729,-0.6732100533325934,0.019034991094436425,121.74636896366421,121.76778224768026
247,5.049999999999997,-7.05,-0.24,1.0736084036702147,-0.9533258386794908,0.08609785245476513,220.17905236546406,220.37394162806504
248,7.0,-5.05,-0.38,1.0038287376675001,-0.5666782519501347,0.046147403491183604,161.65725318031662,161.72766019427723
249,5.0,-6.0,-0.62,1.1117952654850294,-0.9447717503393347,-0.0193632399864886,207.69205938155466,207.65335859374107
250,9.0,-11.0,-1.72,0.6170386951010765,-0.4839187717978572,-0.012621098653642152,110.43181407710046,110.41644696508592
251,6.0,-5.05,0.48,1.3778438604643364,-0.9676875401907729,0.23547645349056937,291.6813362982177,292.3620143971798
252,7.099999999999994,-7.0,-0.39,0.8085667106279875,-0.65683346586102,0.05541808234655672,189.1177053750622,189.22094231315415
253,9.049999999999997,-10.0,-0.08,0.8216651713527566,-0.5470259810777108,0.1509005433398806,188.1546662944484,188.4348768460975
254,9.0,-9.0,-0.26,0.6846344303298664,-0.45517515244320095,0.10687377953562976,162.55335732960455,162.72742355159062
255,6.049999999999997,-6.0,-0.06,1.1139146062136926,-0.7931102297930386,0.14069391148207144,224.09475659171778,224.40477146010454
256,6.0,-7.0,-0.39,0.8804464978300094,-0.5611888991513556,0.10234040040436695,198.7243721075652,198.92294002723884
257,6.0,-5.0,-0.22,1.042122805601244,-0.7057922127876434,0.09824823370706337,253.66303412163717,253.91647376270666
258,5.0,-4.0,0.19,1.1215660641116143,-0.7545495320329729,0.20124349212740447,275.48486216606534,276.0213800753494
259,4.0,-5.05,-0.57,0.9644746439584426,-1.026185756267939,-0.012390157429992077,232.10801268415628,232.07266564916634
260,5.0,-5.0,0.04,1.1995351027926078,-0.9102732339874089,0.20556419540947285,276.59621731869026,277.15220250706915
261,4.049999999999997,-6.0,-0.69,0.9517277033907329,-0.8792514048454046,0.04237660888003543,263.86403147162906,263.9609747488957
262,6.0,-6.0,-0.46,1.0019928698484917,-0.8668344922095584,0.026244333975074342,210.58386798259093,210.64133842278932
263,6.0,-9.049999999999999,-0.86,0.7241302635965386,-0.7894832994273624,0.04878900076998387,182.2542784599703,182.3375175805796
264,6.049999999999997,-6.05,-0.2,1.2105211853274542,-0.9424009976336933,0.045263000587378935,240.80140369658642,240.91883829518557
265,4.049999999999997,-10.1,-1.75,0.509623133173308,-0.7553189955235462,-0.05407353681938004,162.7442272677602,162.65542486726883
266,5.0,-7.05,-0.87,0.7951227484451029,-0.802094639730386,0.00813813873098846,209.0077190990734,209.02567422579898
267,7.049999999999997,-8.05,-0.67,0.9456805012713484,-0.9238314975795806,0.050761355353571826,186.8955130805146,186.98583827044718
268,5.0,-6.05,-0.47,0.9309216558297116,-1.0514151591437562,0.016348245000105097,240.40021551579983,240.43761587770558
269,4.0,-7.0,-0.47,0.710329538810904,-0.9081312942970263,0.02778233216733301,218.51134449128455,218.56793459466903
270,6.0,-9.0,-0.77,0.6873752950567701,-0.7178731902175995,0.048079376281364855,200.7413477809306,200.8380193410808
271,6.049999999999997,-7.0,-0.43,0.8190193225356538,-0.7261276422409101,0.04521517882737249,184.62350028842147,184.70679947153639
272,9.049999999999997,-10.0,-0.35,0.7374663298079884,-0.6019168317956494,0.1271220255004899,176.4260910039182,176.65034730662484
273,5.0,-8.0,-0.57,0.9143271429837287,-1.2289761072943015,0.030512132644617093,198.49885985523022,198.54935057074073
274,8.0,-9.0,-0.15,0.8987596142834146,-0.7148796732056572,0.13512860896068377,216.99335329698533,217.2876016498992
275,7.0,-9.0,-1.25,0.7479165259577083,-0.7053427535937052,0.026387474060803214,185.06861529653412,185.11476942186334
276,7.049999999999997,-7.0,0.1,1.0299165586942158,-0.709753838907644,0.18492768782327101,205.01432874718432,205.39282052946524
277,9.049999999999997,-9.0,-0.21,0.7160007958641041,-0.3760327597271418,0.12013979459870326,114.79401640697576,114.93233309723719
278,8.0,-8.0,0.44,1.3566035873097932,-0.9432971704588894,0.3009259160033448,237.8671023156743,238.5762385686009
279,4.049999999999997,-5.0,-0.35,0.9750679439993098,-0.8060756650837356,0.059282624825412966,208.21721796728744,208.3426045671376
280,6.049999999999997,-8.0,-0.12,0.8542389983886411,-0.6491262800737063,0.1389915028838962,189.7944651558398,190.0561957551792
281,5.0,-7.0,-1.37,0.9577370303545444,-0.9847635992428129,-0.12547891619954238,220.47227793795483,220.20125416107942
282,7.0,-10.05,-1.29,0.6842649781448321,-0.7422365759381417,0.018324173767287108,151.1604544110621,151.18544493280714
283,5.0,-6.0,-0.12,1.3137652089161855,-1.2145880035327588,0.08259364527800546,273.04726763121727,273.28812702811854
284,10.0,-11.0,-0.02,0.7597347136887768,-0.5094337952046513,0.1672500837393925,137.90807582476558,138.13787309568437
285,9.0,-9.0,-0.49,0.9205477060635482,-0.6712720034245544,0.07451745297900988,159.2981838754411,159.41890343020575
286,6.0,-7.05,-0.47,0.7251536368301799,-0.6278353202025475,0.04633032911525608,196.23625403845273,196.32116448851747
287,5.0,-7.0,-0.07,0.7814545628268564,-0.6967132278946332,0.09813028474603923,186.7620734081497,186.94354829764242
288,5.049999999999997,-5.0,-0.32,1.0113411054792893,-0.8903436692490821,0.06468029001005327,252.58639965803337,252.743572482003
289,6.0,-6.0,0.17,0.9689833876428185,-0.7838123366249733,0.11248331258975242,184.5150938178859,184.72255558974666
290,6.049999999999997,-7.0,-0.46,0.8400652661423904,-0.5419980741917835,0.11953558473543652,202.5810694403342,202.8271241362428
291,6.049999999999997,-6.05,-0.48,0.7907858527710171,-0.45930686977332896,0.10788380021959514,216.37973668532365,216.60983084004386
292,6.099999999999994,-7.0,-1.04,0.7658719919164959,-0.5715131662877134,0.040021347549165046,209.26595511261604,209.3568925997224
293,6.049999999999997,-7.0,0.25,0.8636473206533027,-0.6184466797243878,0.16603136709757724,222.9260440597105,223.29080980436055
294,9.049999999999997,-7.0,0.47,0.9965653818245113,-0.5061249752526756,0.19634811591578202,195.11615416601893,195.50237361408924
295,9.0,-7.05,0.8,1.1520816309114703,-0.6374629467859267,0.23288651059879567,222.7014310014051,223.21217274952542
296,6.0,-6.05,-0.33,0.971324812529032,-0.8082099551121716,0.056946591604186574,167.5531595789787,167.6476209981812
297,7.0,-6.0,-0.52,0.9432726112611097,-0.6217181189416822,0.04201927775430041,227.9682483843353,228.06452112338576
298,8.099999999999994,-9.049999999999999,-0.23,0.795989767998117,-0.5234319947606537,0.10775707799699892,171.61959512198504,171.80230779950077
299,6.0,-7.05,-0.83,0.8392904148577924,-0.7883297718342709,0.001019446129556717,176.87865094196133,176.8745898290564
300,7.0,-6.0,0.26,0.8847297165088339,-0.63863470542815,0.17186909368006562,223.92782303205885,224.30857661622383
301,9.0,-8.0,-0.13,0.8325761352945096,-0.45624875424739,0.13766305943305265,166.5616549456533,166.79133267016755
302,5.049999999999997,-8.0,-1.0,0.6621578506902368,-0.6943818752392287,-0.0184196489418204,166.10577557541234,166.0717837889489
303,10.0,-8.0,0.39,1.128408938604081,-0.559467252723918,0.18961630821240505,186.27056822246834,186.62453635243196
304,7.0,-7.0,-0.1,1.1917125782444997,-0.7817759329629284,0.1647782593160699,250.73105667393233,251.13871225402875
305,10.0,-10.05,0.33,0.7231405615217175,-0.4701647635311139,0.15555357297981223,158.5008766905811,158.7469976374641
306,7.0,-8.0,-0.62,0.7090445650944435,-0.5664409927562734,0.04523786184321038,144.48385191638894,144.5490321549536
307,9.0,-10.0,0.21,0.8602952699391133,-0.5512223986168086,0.21415506550136076,171.2817022845367,171.64941780388222
308,8.0,-8.05,-0.46,0.9423477211155347,-0.7334697208474499,0.06209603763577981,154.64543215386308,154.73868158909335
309,7.049999999999997,-11.0,-1.28,0.6848686254907237,-0.5131112850738311,0.0911050534451539,154.92647775755148,155.0659910617712
310,7.0,-7.0,-0.33,0.8176534378980889,-0.6501389181201263,0.07949582405824167,171.3027838654663,171.43400446945222
311,8.049999999999997,-10.0,-0.69,0.725382401762733,-0.3767506308821442,0.13489502136267398,156.6494264491863,156.86088612450618
312,6.0,-6.0,-0.33,0.9315228520647572,-0.7640549999378102,0.06323698109110952,192.81421042163237,192.93102805412786
313,8.049999999999997,-6.05,0.12,0.984128371386547,-0.6058290528733418,0.1260843296342909,194.6983645073024,194.9424178125363
314,5.049999999999997,-6.0,-0.46,1.0426127339784121,-0.9424681613204364,0.011518488036972118,183.28033409067285,183.29238717480493
315,6.049999999999997,-9.0,-1.13,0.5757332066602613,-0.5185427640946858,0.03372917292190531,155.31089201311335,155.36034203020475
316,9.0,-10.0,-0.83,0.737011539550805,-0.5262548770207168,0.07423029730487109,106.8338968179513,106.91151253403277
317,4.049999999999997,-5.05,-0.89,0.7129354640342882,-0.7840548855920405,-0.036407396030038314,176.61810224681204,176.55866685233988
318,7.0,-5.05,0.9,1.0193810838205248,-0.6128491367672645,0.2074527556143419,221.5642898087993,222.0284014975965
319,7.0,-6.0,-0.15,0.8860522346703266,-0.7117270085305484,0.07229342440558194,205.41526805751926,205.56435610253547
320,5.049999999999997,-7.0,-0.59,0.9534649415893123,-0.8441572187385937,0.022769045478212145,173.39800527815677,173.43592854502168
321,11.049999999999997,-12.05,-0.2,0.6721873678422031,-0.3582575782139781,0.15657480059601894,130.08766865061602,130.28869064659995
322,7.049999999999997,-7.0,-0.15,0.8961285614533394,-0.5454610078584704,0.09934266649842746,161.39756755490495,161.55538697594216
323,1.0,-1.0,0.04,2.8898498898821976,-2.6383359157225716,0.24087063661880603,822.4406549762341,824.0762393443805
324,6.049999999999997,-5.0,0.25,1.1201430565480814,-0.902088658414876,0.1549442769263905,209.82364314181143,210.1451483440004
325,7.0,-6.0,0.31,0.9223146204970555,-0.5432507969728528,0.13543315084035706,163.72536301521546,163.94149291546822
326,5.0,-8.05,-1.35,0.6329741790734977,-0.7482054972236049,-0.060571983800925065,143.62528745407346,143.53386668975926
327,6.0,-5.0,-0.5,1.4251570764803114,-0.9833217981401708,0.017672490800382776,186.24722143126093,186.27556405741336
328,4.0,-4.05,0.26,1.2108212995085825,-0.8154689844792028,0.21546815180687404,216.0815600289673,216.54453813916575
329,5.0,-6.05,-0.14,1.4157064365352736,-1.2605091737753964,0.179873451944713,233.66251292322016,234.0720860588928
330,5.049999999999997,-5.0,-0.04,1.4193508003086748,-1.0235659366852923,0.10762578123073252,243.69083145369277,243.93135718661645
331,5.0,-5.05,0.24,1.2949427089103973,-0.9560934298629212,0.25451065969997727,223.05694667015948,223.63170516502225
332,5.049999999999997,-5.05,-0.11,0.9788433160961366,-0.6871879663344735,0.13856527560983545,139.0163987445286,139.20939643222584
333,8.0,-8.0,-0.46,0.7598532784693381,-0.41417660976432824,0.1071063915704667,123.96013778906999,124.09285885850645
334,6.0,-5.0,-0.41,1.192128561670941,-0.715246122042868,0.08974739185886968,197.14954809857448,197.32644689817806
335,21.049999999999997,-24.05,0.36,0.40016177892330534,-0.21514632649860227,0.1360878881130423,52.25607402227801,52.326969607568614
336,10.0,-13.0,-1.81,0.609502748337216,-0.3592353988921881,0.08817792432937206,104.74969589583107,104.8403292762642
337,7.0,-7.0,-0.93,0.9820321687076251,-0.7599987263222716,0.0347600981775176,170.1583056785678,170.21795742541045
338,2.0,-2.0,-0.27,2.0458281504147777,-1.838716331375441,-0.10545277551559551,382.87438326938326,382.3967705656558
339,9.0,-8.05,-0.47,0.7972435515253601,-0.5066740817339382,0.09757321642431123,102.2593455120055,102.35786215301756
340,10.0,-8.05,1.05,0.6625796460921235,-0.39480658806969354,0.142476185791145,216.5003901330848,216.80475609484893
341,5.049999999999997,-5.0,0.11,1.4765970654356049,-1.1314725568408206,0.16451231029518099,360.71607810337474,361.29432771207706
342,10.0,-11.0,-0.27,0.6858454687747929,-0.5455769990031497,0.03661862813932845,220.85371396645064,220.92831305088419
343,9.0,-9.099999999999998,-0.79,0.6962930189290686,-0.7282369685740564,-0.005644767153746555,253.0990305706791,253.0808828254135
344,7.049999999999997,-9.049999999999999,-0.46,0.7520888374589351,-0.7654370189466866,0.015361417631011618,285.19809820357216,285.237864818505
345,11.049999999999997,-9.0,0.86,0.8509857047331615,-0.5390573463588917,0.13813340135601604,243.50893965693106,243.84373918969436
346,9.099999999999994,-8.0,0.71,0.6119826338306532,-0.4171788499446437,0.09767491861139882,228.73797642085847,228.95819705089028
347,3.0,-3.05,-0.03,1.5291736734186878,-1.7699295503771475,0.0559152570853826,670.7070180458815,671.0725617573661
348,6.049999999999997,-6.0,0.31,0.8689535678215968,-0.5954144249668135,0.10416546236228416,306.5369772780279,306.8533235088157
349,8.0,-7.05,0.55,0.7683876477806756,-0.5816779431848799,0.1409156524425055,257.97053939716193,258.32999834670466
350,2.0,-2.0,-0.22,1.4116712558486921,-1.2491681786201132,-0.02884958765268887,478.10379999473014,477.90602976723017
351,4.049999999999997,-6.0,-0.26,1.2714076791921471,-1.1852870540064202,0.05792586085074796,336.47181373339794,336.65954439830983
352,10.049999999999997,-8.0,0.11,0.751770084383313,-0.4971219917862951,0.07548137257029387,237.99398477794833,238.16750971764503
353,8.0,-7.0,0.29,0.8938749550335007,-0.543952484561489,0.12872110292842837,202.28045234152,202.5408025548568
354,8.0,-9.0,-0.4,0.8547093329964532,-0.6581059887616716,0.016690801687395257,273.5735518241543,273.62157055676516
355,7.049999999999997,-6.0,0.58,1.2200619406799493,-0.7959422289990351,0.2353332839555917,334.7925209420544,335.5695651241557
356,6.049999999999997,-5.0,0.48,1.031115471379884,-0.7516070214193107,0.1276203879858321,247.47020208576157,247.78760574216713
357,7.0,-6.0,0.55,1.1273041225808025,-0.6682935263897855,0.26040494535542696,322.9251686223617,323.76095558537855
358,9.0,-10.1,0.36,1.0517561988873425,-0.6785522716083978,0.2140637691408293,275.0293253015261,275.6102924530577
359,8.0,-8.05,-0.55,0.8155662574704784,-0.6626165431262763,-0.0006392816235298699,176.88812907181276,176.88516296534982
360,6.049999999999997,-5.0,0.15,1.1063371756724556,-0.6801530583800803,0.2123293290666159,370.7561038643946,371.56039049280196
361,8.049999999999997,-8.0,-0.04,0.7266132987005516,-0.45876609852336747,0.0928161552455797,166.08173276917546,166.23584356227514
362,3.049999999999997,-3.05,0.15,1.8507633796551364,-1.4399245397691596,0.2127903724559191,661.6600509959976,662.997462261082
363,6.049999999999997,-5.0,0.58,1.1776316366665363,-0.6547716920673706,0.18356180312099327,220.28240508716354,220.6871010773249
364,8.0,-8.0,-0.26,0.8795201890858102,-0.636908621368353,0.15252295949495165,289.6153046098099,290.05506920772865
365,11.0,-8.0,1.44,0.9554419210581487,-0.46096110654515066,0.29189116365126,252.71334442804272,253.44495202669788
366,9.049999999999997,-7.1499999999999995,0.13,0.8882945973091148,-0.4969312910742892,0.14250337551164122,256.95952274568515,257.3263807508972
367,7.049999999999997,-8.0,-0.44,0.7336045616848296,-0.7093248855221077,0.004260376045940076,183.9956669480099,183.99798373430804
368,10.049999999999997,-10.0,0.34,0.8756804150272408,-0.5418503752085699,0.1562256191380308,230.31984621717996,230.6763592037036
369,4.0,-5.05,-0.47,0.9780346202600759,-1.1170315366952432,-0.05100975771075387,270.62886424896357,270.48221353814176
370,7.0,-5.05,0.89,1.2442011004706088,-0.6701651861823111,0.2804133059926644,308.45067259162033,309.29472602394435
371,8.0,-6.05,1.06,1.0365680992836106,-0.4695364705471335,0.2628273070080615,261.3436183743244,262.02966048020056
372,7.0,-7.05,-0.34,0.8985018364289417,-0.8234994191738678,0.007838285664252136,184.7638484290833,184.7752883064713
373,9.049999999999997,-6.05,1.19,1.0798347968013782,-0.5854864273315348,0.2239025993787026,243.07262564766768,243.6163597905421
374,6.0,-5.05,-0.04,1.0731911094832067,-1.057845321077675,0.048934596579536374,251.7465199662305,251.87069714674237
375,7.049999999999997,-8.0,-0.81,0.7487978472220073,-0.6574414017190139,-0.027020706520097533,177.80477697953157,177.75323604889317
376,7.0,-7.0,-0.18,0.9086247448349674,-0.7004077647293634,0.03970515998300323,211.91920516791313,211.99392684800648
377,10.0,-8.0,-0.32,0.9695819032568855,-0.6584986168190655,0.022181263728489678,180.9694019838271,181.00959408886038
378,7.0,-8.05,-0.27,0.6669777860659487,-0.6806171130049945,0.022895468219362856,156.3544475603577,156.38857743818104
379,6.0,-7.0,-0.1,0.8949889323569995,-0.856479373876328,0.023583016801682167,210.21449840661785,210.2514454444047
380,10.0,-9.049999999999999,0.55,0.9544548215684855,-0.766980335916642,0.12853342774205015,188.45406954333603,188.69637430386047
381,4.049999999999997,-6.05,0.15,1.0388434687194517,-0.9662504621859538,0.16461520513684375,319.0445037819574,319.5677567966838
382,7.0,-7.05,-0.45,0.8811606786117334,-0.8440954569427312,0.017134100656464618,227.99046977119914,228.0300299077171
383,7.099999999999994,-7.05,-0.21,0.8393862451280043,-0.7328032529534789,0.046586260290509954,213.1463764603742,213.2412748835087
384,8.0,-6.05,0.61,1.0253765013924245,-0.5006477196895558,0.23868405748336716,269.6380874001894,270.27483128252635
385,8.0,-8.0,-1.09,0.7417716163688219,-0.6370925602427736,-0.0044340724756023325,197.84101890248584,197.82813564522144
386,14.099999999999994,-10.05,1.68,0.8511822345035555,-0.35304166744482146,0.2423843410736072,174.68427074526105,175.10692321585225
387,8.0,-9.0,-0.54,0.7560091900192348,-0.6084372622156022,0.0646193281840603,190.6927037770175,190.81224880478786
388,8.0,-8.0,0.46,0.7690150177506505,-0.4331067490849993,0.1793444648239525,222.54980408720166,222.94891049902427
389,8.0,-10.05,-1.28,0.5866956922902775,-0.6865927924733727,-0.05060362831678653,192.4791893328164,192.38427153985646
390,10.049999999999997,-11.0,-0.38,0.8915938838929173,-0.5221097022105314,0.15017586851358428,234.30610221970724,234.65807390112667
391,7.049999999999997,-7.0,0.18,0.9371762062432838,-0.7840332608387043,0.11081345509431757,254.94848452910512,255.21964418329216
392,13.0,-8.05,1.04,1.1755942226912637,-0.5195840656424974,0.23035512720558615,237.85594848034935,238.40238851079218
393,5.0,-5.05,-0.18,1.1059976745803897,-0.9398238471183054,0.0458863743269853,342.6102445471986,342.76045504406943
394,10.049999999999997,-9.0,0.06,1.0040942943634243,-0.6649308696283354,0.08960044322267433,221.07732871603355,221.27482378721967
395,11.049999999999997,-9.049999999999999,0.76,0.8870295286230256,-0.3916689730994476,0.21372908317056158,202.0806764862491,202.51164353204953
396,7.0,-8.0,0.28,0.8379320249879347,-0.6686701298655118,0.14353374722652812,229.88196325666152,230.20749357430853
397,11.0,-11.0,0.7,0.8180128748417664,-0.543952159008487,0.2154477496345783,199.36759594616603,199.7929434368392
398,8.0,-8.05,-0.25,0.8561844411210094,-0.648663545122564,0.10893476704745819,217.10894207859045,217.34379306121744
399,7.0,-7.0,-0.09,0.8931500175153273,-0.6742687357522226,0.11227034728906604,256.5732655262747,256.8581293589917
400,6.099999999999994,-8.05,-0.61,0.729106326225914,-0.7368833452146891,0.06303161314251858,233.1314439235736,233.27131249952515
401,6.0,-8.0,-0.18,0.8196858102311417,-0.9535185326871164,0.06820251229644907,287.43498479426535,287.6340502859516
402,10.049999999999997,-8.05,1.2,0.7546068055812514,-0.3390794199537991,0.22807792257095513,170.64533050605,171.03258078331484
403,2.0,-2.0,0.11,2.423812285922745,-2.0372264210757534,0.2746007221223291,705.611590416418,707.493597441928
404,5.0,-7.0,-0.36,0.6757604340819361,-0.6887807451314703,0.02242203346406654,234.04832561324562,234.10076574541978
405,6.0,-6.05,-0.42,0.8560156891433687,-0.8047373041798398,0.01753511344865169,281.85506644953807,281.91122056367857
406,7.0,-8.05,-0.93,0.5529040023432883,-0.7155732244207973,-0.026499641602423213,199.99419524054156,199.94046619590762
407,9.049999999999997,-10.0,-0.15,0.8465167029454717,-0.6388725814886705,0.10393523183850858,182.62817642849487,182.8143370968043
408,9.0,-9.049999999999999,0.36,0.7400029502428626,-0.5566259260022031,0.14345132713931438,188.80026724669096,189.0703191418539
409,8.0,-7.05,0.02,0.6940039135078948,-0.5545986440357431,0.08739005509073657,193.94990442848746,194.11710310352194
410,11.0,-8.05,0.71,0.8315941545435996,-0.5015166377635868,0.1463613414450264,184.02631576930972,184.2926634343876
411,7.0,-9.049999999999999,-0.11,0.7674297763825662,-0.8013753678145409,0.10079993723602745,233.60099439860343,233.83910036233814
412,7.0,-9.0,-0.75,0.7610596103620781,-0.6670064839166503,0.028312344213180803,221.44084711808574,221.50298537981504
413,9.049999999999997,-8.05,-0.4,0.749877402638465,-0.6198315321011502,0.04781758004839833,207.83231959277873,207.93063568809285
414,8.0,-7.0,0.56,0.7863761493317237,-0.45649043677199747,0.13532032143986805,187.10377445299883,187.35402934070171
415,8.049999999999997,-9.099999999999998,0.0,0.7954604225013299,-0.682193781854056,0.06957374472983456,186.08987455609514,186.21778139318525
416,6.049999999999997,-6.0,-0.14,0.9881180055337687,-0.8835176092620727,0.04252876644596725,306.5677550081049,306.690367785876
417,10.0,-9.0,0.21,0.8370643151007997,-0.5516978553194412,0.11158618918805863,197.63097371448114,197.84959555898774
418,8.0,-7.0,-0.08,0.804928325540681,-0.5885238001881851,0.06946834697954554,207.75906111711782,207.90439548056318
419,5.049999999999997,-7.0,-0.34,0.6757789821448542,-0.7138767522773872,0.026060275710329702,209.51599205485152,209.57202767507457
420,10.0,-9.0,0.26,1.1002039138037203,-0.7962524483036482,0.17559905085512162,266.2515898088043,266.7171062227404
421,5.0,-5.0,-0.1,1.0429556496175845,-0.790636589198936,0.07949782774957731,326.3164910462681,326.5760386304036
422,7.0,-5.05,0.42,1.08628696189238,-0.5890207778687474,0.2161983739988848,274.59860570236646,275.1879011056452
423,5.0,-4.05,0.1,1.3965212576822363,-1.1697533922734924,0.09638492529622791,371.6360053577167,371.9982098440217
424,8.049999999999997,-7.0,0.58,1.1150004500974249,-0.6061543396556935,0.24668496014971977,301.0060605191813,301.74345848767996
425,9.0,-8.05,0.07,0.8712286992017446,-0.671289449741555,0.07773928210539863,217.30911461734794,217.47752217372363
426,6.049999999999997,-6.0,-0.02,0.8964014385253282,-0.5965409436315421,0.11506503313878755,224.7742749122155,225.0281806278413
427,9.0,-9.049999999999999,-0.64,0.9464290144453624,-0.6630873089401048,0.11148980832307923,249.24724491243677,249.51373939886372
428,6.0,-6.0,0.3,0.9997049531806524,-0.7552322088004668,0.12712224158735091,255.0248588307176,255.34660055051916
429,9.0,-8.0,0.26,0.9654212089108513,-0.6057461324433134,0.1615292457519966,287.1357757407361,287.5981121817182
430,7.099999999999994,-7.05,0.13,0.9417680133781564,-0.7455868119144258,0.12950940681131656,306.8556044679046,307.25518869555276
431,9.099999999999994,-10.0,0.06,0.8524820067617543,-0.5523916213992036,0.11894106265053271,174.5282739973385,174.73379131719543
432,11.0,-10.0,0.02,0.7934491630744488,-0.47334557363336194,0.1179291551257285,205.0445314762904,205.2890217811691
433,5.0,-6.0,-0.15,0.8261454269273371,-0.9818677598576137,0.04440476730076846,242.4979975302718,242.61060417311597
434,13.0,-9.0,0.7,0.8686463137087237,-0.4935828331032651,0.1610818975823847,206.4902904504833,206.8215025125366
435,8.099999999999994,-7.05,-0.55,0.7063621489224505,-0.516376475192965,0.0647657202882724,171.31847268254148,171.4300647076506
436,11.0,-10.05,0.64,0.9347633123843436,-0.5197412360645983,0.19477259270945635,196.36765620758055,196.7482362932824
437,10.0,-8.05,0.11,0.8363432431008494,-0.5011592960937642,0.1172651115975259,173.66785697593033,173.87143087738704
438,10.0,-7.05,1.32,0.9244832347989365,-0.33083556123851693,0.26766026468983256,222.00674972797046,222.60000242831066
439,7.0,-8.05,-0.62,0.783816677187057,-0.622669594467718,0.06510198968427142,189.21031146598335,189.33461799507444
440,12.049999999999997,-9.049999999999999,0.94,1.03581007407233,-0.45955716173259503,0.2612402145286247,211.13967614752605,211.6877095044826
441,6.0,-7.0,-0.25,0.9959241236326926,-0.8976691875327315,0.0838552068168738,212.77178658392648,212.94331040752775
442,10.049999999999997,-8.05,0.96,0.9469936886345977,-0.5186564977116392,0.23655846905088268,214.32474715121597,214.8299970206138
443,7.0,-8.0,-0.31,0.8018699778048967,-0.6834923406394481,0.07140060345141415,182.00283591111392,182.1329881588191
444,9.0,-8.05,0.63,0.9303433974356731,-0.5464345258917515,0.19041511111751663,220.81291204701066,221.23028404672644
445,11.0,-8.0,1.15,0.8865419517177348,-0.4752028027594299,0.2032628080420854,200.03835652195926,200.43989031319143
446,6.0,-6.05,0.24,0.9590894159183332,-0.7231679122309751,0.1844749120665207,249.70144430015145,250.15479832009257
447,4.0,-4.05,-0.5,1.0526412321622367,-1.098560385545443,-0.09370153266240719,272.1688591813769,271.91494420754907
448,12.0,-10.05,1.48,0.7939563113320717,-0.3723597361015229,0.2485444464628248,165.28002026083763,165.6893887694096
449,4.0,-6.0,-0.57,0.8335778683941125,-1.1872907607034668,-0.03442841075844905,259.4233203086019,259.32459948138
450,10.049999999999997,-9.049999999999999,1.88,0.848575690156713,-0.41415258239450525,0.3116677243994702,202.90037802980626,203.53406487611198
451,6.049999999999997,-8.0,-0.33,0.8147522651052456,-0.9077486599408469,0.05285325182548097,188.46903086531677,188.56880487624744
452,8.0,-7.05,0.5,0.8030285111690453,-0.4838650965164274,0.2206350370671748,231.13836487461944,231.64932913101217
453,2.0,-2.0,-0.09,2.4272186600803423,-2.805747879508607,-0.029466874929249792,592.0839543199389,591.9082062144251
454,10.049999999999997,-7.05,1.0,0.9137101235423377,-0.3250303878215502,0.26846574336377377,210.30776985754088,210.8698361300089
455,8.0,-10.05,-0.34,0.5611411987577327,-0.46250784889666186,0.0914351047405773,189.28461747285837,189.45516499812192
456,11.049999999999997,-11.05,0.34,0.5997565588152102,-0.43752677004194884,0.08349498059980139,185.34869096612402,185.50322723545324
457,7.049999999999997,-10.05,-0.58,0.7009517515510837,-0.7082197488468097,0.04162072402378172,173.186702957813,173.25636727572135
458,9.0,-9.049999999999999,0.47,0.7504605994680598,-0.5850080161238469,0.15004804532045976,241.17034046408352,241.53212037004909
459,5.049999999999997,-6.05,-0.11,0.7477880600726048,-0.7633261644758212,0.09050906540293285,219.59733044884786,219.7992887088029
460,8.049999999999997,-10.0,-0.72,0.7568588469285081,-0.6030253671598506,0.059809026095554184,227.91976095152705,228.0539754544752
461,3.0,-4.0,-0.07,1.64162630067781,-1.4288609431898907,0.009763795967302534,323.2297302166352,323.2173328109164
462,9.049999999999997,-11.0,-0.57,0.5980262678525629,-0.4760692469566284,0.09305145975224755,175.78225467035332,175.94430945693617
463,5.0,-7.0,-1.04,0.7535690948881187,-0.8175828282868479,-0.056674198342939464,207.89107870265542,207.7721417101419
464,12.0,-10.0,0.97,0.8316989321718974,-0.3519627598171268,0.22552807233395744,187.58334218194182,188.00796914650815
465,5.0,-6.05,-0.1,1.1814671662994443,-1.068176754240666,0.05869175487820986,227.43101766771034,227.55189700293604
466,12.049999999999997,-8.05,2.15,0.9658744855474513,-0.2862357389510814,0.2939166743626655,188.44333142786854,188.9968176994049
467,6.049999999999997,-7.0,-0.43,0.83314310981357,-0.7582218475459916,0.03398958070439452,180.34015224807422,180.40113312669735
468,10.0,-7.05,0.53,0.9037337832083324,-0.3884547872978499,0.20793151096159462,192.15984701018417,192.55763863249555
469,7.049999999999997,-8.05,-0.75,0.7543841940122645,-0.8199287857141758,-0.040797901010464474,178.8148976309309,178.73839319244829
470,6.0,-5.05,0.2,0.9881068162207457,-0.8626679594065201,0.10413048160242656,216.58341945043085,216.80953676116874
471,3.0,-3.0,-0.22,2.6600214050667397,-2.2324381786649914,-0.14390472450723518,619.9446910455514,619.0062662664894
472,6.0,-7.0,-0.13,0.9135168634822115,-0.9168008684543751,0.0467526078955078,208.3132237034323,208.4102266826432
473,2.0,-2.05,-0.01,2.2738218551340994,-2.6245670505751066,0.09418977443513107,662.8899291162638,663.6412881178188
474,6.049999999999997,-7.05,-0.87,0.8295632533235353,-0.895521791751916,-0.02049919531834451,221.00323859839716,220.95649019758628
475,11.0,-7.0,2.13,1.0739139935752775,-0.2611676672548682,0.3843376391706,248.00508508670725,248.9511910225315
476,7.049999999999997,-7.05,-0.09,0.8861220365937252,-0.7609735309893694,0.07354390316256061,206.0313987345123,206.1809574564508
477,11.0,-8.05,1.59,0.9408614569053743,-0.16923072330928593,0.3489149438628599,214.41243180657898,215.1562007112605
478,6.0,-7.0,-0.23,0.8728738177280495,-0.6363964543286673,0.05880398214128823,212.19438081529367,212.3136124804353
479,9.0,-9.0,0.67,1.102405427211132,-0.6548949582287091,0.31042375107094233,247.80058997562378,248.57336143974578
480,6.0,-8.05,-0.37,0.8851323262109673,-1.057401637638848,0.009713358675185775,227.03262233625847,227.0464081946472
481,9.0,-7.0,1.38,1.0913173712101616,-0.5245868749813902,0.30705249964761167,256.7828256488931,257.5629833081146
482,4.049999999999997,-6.05,-0.83,0.8309600079853701,-0.8973431160816723,-0.03606542701244031,234.4760740446558,234.38486204262531
483,8.0,-5.05,0.51,1.698335181954588,-0.8451280480429219,0.37132561299879974,326.98805000046775,328.1977104079241
484,6.049999999999997,-8.0,-0.51,0.8855227864220271,-0.8428216049559977,0.025942891522956698,217.35005083159697,217.40788311608
485,9.049999999999997,-11.05,-0.92,0.7559155224044016,-0.7372686867696676,0.010560269767907707,180.44882366390547,180.46935097012812
486,11.049999999999997,-8.05,1.68,1.8322626077520234,-0.6579905612299455,0.5319208212917609,256.69702740999617,258.05006706976
487,5.049999999999997,-4.05,0.16,0.9586051091332285,-0.6699201329533719,0.1497031968091482,288.52925256249597,288.94580832328154
488,13.049999999999997,-11.100000000000001,1.02,1.4246697586464259,-0.39869366020769825,0.4555204363105327,202.41321218936935,203.33611176950745
489,6.049999999999997,-8.05,-0.52,0.8372389343477628,-0.9351764188079996,0.01667910276619594,218.77847027643978,218.81221717039162
490,11.049999999999997,-8.0,1.93,1.1836530213488259,-0.1876759091684349,0.47977570072055703,212.33676967045758,213.34967032605982
491,9.0,-7.0,0.26,0.8910939399363164,-0.6496865555414719,0.11298213438464966,191.92005490054504,192.1351935565207
492,12.0,-8.0,1.43,1.384140027873007,-0.32774064333689845,0.5023433254605919,242.0836980137129,243.29161972326793
493,5.0,-5.0,0.12,0.7862300517014291,-0.8128754881891637,0.08368537815787694,236.68627303822407,236.88149392400467
494,11.0,-8.0,0.98,1.1986530217907923,-0.566026440960256,0.319277917630778,256.7355862038811,257.5566083379403
495,5.0,-6.0,-0.61,0.8021825983996254,-0.8451339500213306,-0.014134200889847584,203.12878295372852,203.0977109428408
496,12.049999999999997,-9.049999999999999,1.1,1.1456879631167838,-0.5087179715693124,0.2999939638876022,227.1888331357459,227.86507923485814
497,6.0,-6.0,-0.18,0.985589922487019,-0.7914081158015025,0.05507790396908181,214.1143927662581,214.23068137833422
498,7.0,-9.0,-0.08,0.9902619597812272,-0.8188275693234431,0.13215552297185446,285.1434962590137,285.5225531138538
499,4.049999999999997,-7.05,-1.24,0.765961189176047,-0.905460898493807,-0.11281009292946838,215.6385236657162,215.3943274115096
500,9.0,-7.05,1.02,0.8415572494359448,-0.5176993111523099,0.2189496243334894,230.18891497829364,230.68852814987508
501,7.049999999999997,-6.0,-0.02,1.043139769985341,-0.7187051205824238,0.08281128837837662,206.79452970324786,206.96385448914148
502,10.0,-10.0,-0.58,0.5906418788307876,-0.3866899409526842,0.060124777547318695,184.62047381746092,184.7296583407962
503,5.049999999999997,-9.0,-1.92,0.5609293012035891,-0.8796611295134604,-0.13790227404610017,199.2091071340136,198.93310066953137
504,9.0,-9.0,-0.11,0.8689198693754877,-0.7548513343853651,0.05950625729915535,187.0378631706652,187.15095171410368
505,6.0,-5.05,0.41,1.1836955202530373,-0.9477787285086878,0.18781048540095915,328.1571350146314,328.7724498561504
506,7.049999999999997,-8.0,-0.6,0.7294355199199826,-0.5539684595694759,0.035490306606917016,197.99404856825495,198.0599992604923
507,8.149999999999991,-7.1499999999999995,0.33,0.7905498268412532,-0.48996136392585093,0.09170170125336956,212.79701577160483,212.98900875997217
508,5.0,-5.05,-0.1,1.2115947264959848,-1.1190659205888667,0.07196513720182998,323.9764475613489,324.20627258952135
509,11.049999999999997,-13.0,0.62,0.5581961270721034,-0.40546126893283285,0.10046046327642179,166.657326185778,166.8259679127783
510,5.0,-7.0,-0.24,0.9729981856316461,-0.9723925854295893,0.04293460590678733,271.77176956354845,271.8828905080691
511,8.0,-7.0,0.39,0.6630970550154229,-0.4428488928590139,0.11990087698628868,218.76531289079986,219.02642412304428
512,5.0,-6.0,-0.33,0.8645446634717516,-0.8174323875228597,0.03558580465446295,269.652465275331,269.74630642864855
513,9.0,-7.05,0.55,0.9408584573672457,-0.44017097650221226,0.14369648863007162,231.5093359440532,231.838776675828
514,6.0,-7.0,-0.01,0.8479360184022614,-0.6658842777128162,0.10115990281791448,252.7995661023699,253.04552441175375
515,8.049999999999997,-7.05,0.54,0.9169288144730995,-0.511611405753223,0.1939297968715942,231.78636045872238,232.2272825562467
516,8.0,-7.05,-0.81,0.9674145206168675,-0.8475699579232011,-0.02226703734510175,240.34545237846407,240.29266316415968
517,7.0,-8.0,0.18,0.6711048598610816,-0.5806701273993157,0.12312484712898505,209.80410646532903,210.05999360148232
518,5.0,-5.05,-0.09,1.2084048414056692,-1.028262875317873,0.125711089122457,318.050357871176,318.4604831673748
519,9.049999999999997,-8.0,0.76,0.9630541834983769,-0.5217144836557904,0.20683888363342348,266.42799175213946,266.9785079704508
520,7.0,-5.05,-0.12,1.1762166594672903,-0.6610094569684926,0.16866477904716443,271.7961119263492,272.2532696034961
521,12.0,-7.05,1.54,1.4972708442271585,-0.3644779409220453,0.4596627005759442,242.2550714110035,243.36839933574495
522,8.0,-8.0,0.06,0.9816136699890201,-0.7507081962897914,0.15081043253163018,224.37274720247032,224.70371755625519
523,11.0,-10.0,0.43,1.4266772238239909,-0.5745066346563089,0.39085928525113467,246.74283987958924,247.703663954254
524,9.0,-9.049999999999999,0.96,1.045024692744942,-0.7087454668013354,0.2706156604955391,201.4258072176613,201.96602360455915
525,11.049999999999997,-11.0,0.88,1.2618409255491545,-0.46961436275071367,0.457539132824232,214.92181864717236,215.90685251278094
526,7.0,-8.0,-0.22,0.8861337707000196,-0.6302079894517301,0.09314647087612414,215.45116611387894,215.64982511727192
527,10.0,-8.1,1.31,1.5676204244551308,-0.5751415940671295,0.529353835481691,256.1332853472361,257.48073599693936
528,5.049999999999997,-8.05,-1.2,0.6299723019215621,-0.7338636448275649,-0.025849234718914295,202.54576181338103,202.49006349655835
529,6.0,-7.05,-0.12,0.8287069157438058,-0.8083420668909319,0.0560823706683641,236.1861512245867,236.31486112844644
530,8.049999999999997,-7.0,-0.56,1.1793720726767787,-0.7553695072363411,0.03111758689376837,239.99458619906957,240.06296653763158
531,9.0,-7.1,1.05,1.8535744211096574,-0.8376010310756068,0.6386754461614674,301.757151802646,303.68834997919754
532,4.0,-5.05,-0.88,0.8450371070592687,-0.9195031494960298,-0.0638272078244604,274.6175162191484,274.42888293291674
533,10.149999999999991,-8.05,1.0,1.4335852281285912,-0.35786370020538777,0.5249876530843913,226.86448763406497,228.0486864620216
534,5.049999999999997,-8.0,-1.13,0.7432885989194428,-0.8507780308803273,-0.05974289370359664,230.15806280081952,230.01394921040836
535,11.0,-7.0,1.97,1.2012756715914645,-0.2401426286573308,0.45422072043607714,229.2800842040504,230.31207897873827
536,7.0,-8.0,-0.43,0.9849949937612709,-0.9175960717430132,0.11008455875105475,234.00268962611074,234.25668196282402
537,6.0,-7.0,0.06,1.0680553356120386,-0.721832380775683,0.17759640730592263,321.7422235526915,322.3067017555686
538,7.049999999999997,-7.05,-0.62,1.0688965072862053,-0.9857799420849428,0.010552748763434497,254.73135658237473,254.75044231789153
539,9.049999999999997,-7.0,1.1,1.1671008854681906,-0.40356089699224074,0.3603906462071642,230.3321132227935,231.15786561379915
540,5.0,-6.0,0.17,1.0880361181851772,-1.0175518034472097,0.1264434956216413,301.3074550926916,301.68410641921747
541,11.049999999999997,-9.049999999999999,0.82,1.6482972586458682,-0.5289913532115652,0.5068570485692291,258.46177948132464,259.7623609697428
542,9.0,-9.0,-0.68,0.6778836543113673,-0.542301233405766,0.04513793786073029,176.56258069797138,176.64130744489302
543,9.0,-8.0,-0.11,1.6098416135820908,-0.7879925572995037,0.45537309068551785,303.04575494977485,304.42943033042457
544,7.0,-8.05,-0.61,0.8727238909985722,-0.6805334936650427,0.03632235407913388,211.58900637883485,211.66336354939617
545,12.0,-9.0,1.58,1.4769557885058548,-0.3053403645330513,0.5931095931996846,230.01873905034026,231.38052897177283
546,5.049999999999997,-7.0,-0.59,0.7634399226702795,-0.7572319260472451,0.013335940055165346,223.35324514574896,223.3797417288383
547,10.0,-8.0,0.66,2.0199897720285174,-0.8127930666758003,0.5986167765647634,306.8636378666786,308.70954918164006
548,6.0,-10.1,-0.63,0.5987798689548528,-0.7441265555364139,0.05147316995741041,164.9358688923604,165.02139874295673
549,9.0,-8.0,0.45,2.0657334250183093,-0.9789512345734461,0.5733743752284716,348.14437016191766,350.1228261974819
550,9.049999999999997,-9.049999999999999,0.65,1.60883995975045,-0.7046373854328088,0.5177725989630315,288.0002033742575,289.47273580977844
551,6.049999999999997,-9.049999999999999,-0.88,0.7729887690612629,-0.6946630077868737,0.034710919130812395,191.16392874191314,191.22443611734175
552,11.049999999999997,-10.0,0.92,1.4180237964540672,-0.27165395964390676,0.5264292776555175,217.5635601187402,218.71188376776314
553,5.049999999999997,-5.0,-0.19,0.9127934388147629,-0.5470945729961144,0.0961301858842537,250.1764732472704,250.41067114381872
554,8.0,-7.0,0.75,2.2668237015248804,-1.0025402920508875,0.5907128829330364,331.64763620955034,333.5855913599535
555,8.099999999999994,-7.05,0.08,0.8407802008667632,-0.5213028521626507,0.09131149571365078,171.74056846169523,171.89658119940015
556,12.0,-9.099999999999998,0.96,1.589092403424216,-0.5507944349901218,0.4690894980094826,231.37625634275398,232.45551273126696
557,7.049999999999997,-8.05,-0.24,0.785886311565129,-0.7769723827469988,0.05957617205503663,183.1882191826847,183.29497719252876
558,9.0,-9.0,0.74,0.9967116775302794,-0.5877276654663791,0.25860762116506997,226.21758828324454,226.80154715302467
559,8.049999999999997,-9.099999999999998,-0.06,0.8524052065480177,-0.6227067168868397,0.1053744343412019,155.8581166041006,156.020519543399
560,7.049999999999997,-7.0,-0.11,1.114995442835478,-0.7393924711676666,0.1414394210833017,277.6724184665387,278.05882701206406
561,6.049999999999997,-7.0,-0.31,0.9451672477829378,-0.7863527717563596,0.06401117907043491,208.68576184649373,208.8127757699579
562,9.049999999999997,-5.0,0.85,1.200572031719304,-0.46057745309365494,0.21726362464153964,261.88989347087914,262.45567916365945
563,6.0,-6.05,-0.01,0.8092318262942928,-0.5704313244393159,0.1400859321085536,186.84942689418236,187.1110190088028
564,7.0,-6.05,0.1,0.8496509852937059,-0.7219952577771064,0.10497242331996588,257.8256596800882,258.0872590105828
565,6.0,-7.0,-0.81,0.8067675111556064,-0.6460503152661778,0.03165689149391313,193.49794626193363,193.55920310681103
566,8.099999999999994,-8.05,0.12,0.9707382733112411,-0.5345402605051811,0.19045149764998165,219.6334632867606,220.05559697875663
567,8.0,-7.0,-0.39,0.9216132978261365,-0.6976534080948216,0.03116863680275659,193.08821669101042,193.14914649594718
568,9.049999999999997,-7.0,0.26,1.2773938335752926,-0.606256317996606,0.24003791647613706,223.55022900092501,224.08477619177262
569,7.0,-10.0,-0.96,0.8362258348134484,-0.9950926525699064,-0.025991071738522605,206.90606356888028,206.85457530149736
570,11.0,-8.0,1.33,1.5500562824439699,-0.5038250843273651,0.47702785323954944,218.3997048237924,219.44140978237593
571,4.0,-5.05,-0.24,0.9893323006283923,-0.9076926045800345,0.02814691685248571,225.2563449620771,225.31552385390617
572,10.0,-8.0,1.16,1.3881996119001725,-0.5686339126595552,0.4007195151140385,237.47794710034515,238.42501360721369
573,8.0,-7.0,0.06,1.0650331773850341,-0.5881788646815571,0.09781527076961011,170.93656553850136,171.10112887574246
574,11.0,-9.099999999999998,0.72,1.570828723116362,-0.740521524378829,0.48564537889436543,253.6804446514079,254.90201728019554
575,7.0,-9.0,-0.71,0.7823918750685857,-0.697728529002785,0.01760168907389824,180.92153433187858,180.95060206785166
576,4.0,-4.0,-0.35,2.130605876569699,-1.561666878541805,0.17503751264759138,565.4220935438223,566.3856142872837
577,7.099999999999994,-7.05,0.17,1.5096320260206082,-0.733990443424335,0.3727895212476259,285.6214715902051,286.6735815802187
578,7.049999999999997,-9.049999999999999,-1.52,0.4984702637533536,-0.6227883076159384,-0.0458863461735831,139.24490075766778,139.17992516754109
579,8.049999999999997,-9.0,0.52,1.3379855507121967,-0.7376806081147792,0.3878681052287861,259.36521242873914,260.36463731889705
580,6.0,-7.0,-0.17,0.7860663086833155,-0.7040140903235524,0.06680693041624244,196.48108190739578,196.60819480841621
581,8.099999999999994,-6.05,0.95,1.1897409707885385,-0.41772436243250155,0.345735570036978,232.81386667841892,233.6100300331652
582,8.0,-9.049999999999999,-0.51,0.7315723449099496,-0.7782976788352245,0.027013391687246834,171.81781824299262,171.86300383995902
583,8.0,-7.0,-0.17,1.0983747522254466,-0.5651432849049919,0.2029572371677975,229.3794501539738,229.84752959513818
584,6.0,-6.05,-0.31,0.8596244159193893,-0.8939589403283521,0.03602930145478468,187.83997852635898,187.90897010037784
585,9.0,-6.05,0.79,1.0922952705398712,-0.5379843627458988,0.2269822197996293,229.7075613688675,230.23626121113773
586,5.0,-6.0,-0.05,0.9396311522780202,-0.8958859167221305,0.09446199621386146,208.42292437333046,208.61990325103596
587,8.0,-9.049999999999999,-0.5,0.884884615631134,-0.7503793308981364,0.17163770636159315,222.26825024515517,222.65297510834674
588,10.099999999999994,-10.05,-0.06,0.7309908248068363,-0.51219815974989,0.0845490339694582,147.82028447615545,147.94445368791068
589,7.0,-8.05,0.21,0.9232905445508478,-0.5916213508106115,0.21189507463251192,239.61933633878382,240.12373772210879
590,7.049999999999997,-8.0,-0.54,0.8357912413429182,-0.729676684807167,0.05715739782253528,172.63235030712937,172.7284014613528
591,7.049999999999997,-5.05,0.57,1.2418858030862672,-0.5899971200785463,0.24433197018172784,282.4801674385376,283.1677966172233
592,7.049999999999997,-9.049999999999999,-0.69,0.7958896531359705,-0.7480582157789273,0.029289891921181314,169.3395779332064,169.3916647482651
593,6.0,-8.0,-0.07,0.9138999904071475,-0.8126734989654836,0.1344427333080205,267.83637980867826,268.1898193236666
594,6.0,-10.0,-1.17,0.6384606699419249,-0.7228546943602705,-0.001654293425012442,156.09063304623413,156.08119229583974
595,8.0,-8.05,-0.18,0.8433799198371159,-0.6754090644500064,0.13323735271052528,210.9637626342458,211.23928617760004
596,8.0,-10.0,-0.98,0.7080934139040344,-0.6712525544113492,-0.0056556106983299236,133.4548745247429,133.4492169043938
597,13.0,-9.0,1.6,0.7168604496873328,-0.23515663026844763,0.2134937712279499,163.2759696532487,163.62390303262384
598,6.0,-6.0,-0.75,1.1009019407609424,-0.9534878236596269,-0.048411625146450296,236.97183636705094,236.8566876293611
599,10.049999999999997,-8.05,0.78,1.1470872851049754,-0.5121515077165483,0.26372860329730136,202.20514485316718,202.73557821709517
600,5.0,-5.05,-0.31,0.9578105045823784,-0.7704156433788573,0.04611696709027436,216.01631513156298,216.10833290257048
601,4.0,-5.05,-0.52,1.069506996304005,-0.8850321524390135,0.07016023175591916,331.3815266018799,331.60681141454603
602,9.0,-7.0,0.39,1.2518880917367365,-0.7691723757134304,0.16526371234127527,274.09578850296305,274.54627863358417
603,8.049999999999997,-9.0,-0.81,0.7973893753031522,-0.526519145658963,0.11997844083287024,204.17583701421006,204.42056333344445
604,7.0,-9.099999999999998,-1.36,0.49990836314064885,-0.6854341947879735,-0.04443909086637876,123.3879030351905,123.33469508143631
605,9.049999999999997,-8.0,0.34,0.7902618120932691,-0.34786548683027146,0.20780107078283888,203.81834244159555,204.24258761828332
606,9.049999999999997,-7.0,-0.1,0.9376711478367661,-0.4310657427815829,0.146099542483406,231.86695737150944,232.20079567511775
607,8.0,-7.0,0.8,0.833802016671865,-0.5521779141798795,0.20061463415948025,245.9065927261536,246.39483757500204
608,7.0,-8.0,-0.73,0.7770823419422659,-0.755362038252066,0.008142281755698375,244.3530377349481,244.36859991221962
609,10.049999999999997,-7.05,0.01,0.6975920442519601,-0.3849016384871208,0.08859661394956746,195.90070156989606,196.07290281254646
610,7.0,-9.0,-0.25,0.6596151839400983,-0.5538273421748972,0.07390761774068606,213.66438715213167,213.82042253669613
611,10.0,-11.05,-0.24,0.6319169525239198,-0.5248369857553253,0.060669049776750104,182.16206777999258,182.27162738446165
612,8.049999999999997,-8.0,-0.24,0.7221635362390662,-0.3983411386035003,0.10906303222887072,130.99884414656714,131.14135315016802
613,7.049999999999997,-8.0,-0.13,0.7169991675702998,-0.6847096108520803,0.09998381293117956,242.23022384374298,242.47270293961247
614,7.0,-7.0,-0.89,0.7567419777266226,-0.6011278166662423,0.010087152641867032,147.07796816712852,147.09314086495405
615,9.0,-9.0,-0.22,0.5953390266829219,-0.4785632006928633,0.08029888462600164,186.8736188943939,187.0230158856549
616,7.0,-10.0,-0.86,0.6578905755259743,-0.6141872621941892,0.03664217301147498,105.72396793461232,105.7618985053934
617,6.0,-8.0,-0.66,0.6292036417239412,-0.58298450274826,0.04622835745237537,204.4753184283388,204.570986524829
618,8.0,-10.05,-0.85,0.7250766454921879,-0.7140334928157401,0.02181420839378455,214.59416196966794,214.63613868870993
619,7.0,-6.05,0.23,0.9406756318964882,-0.6907988292344593,0.11872270189763193,265.73014808055103,266.04348304936445
620,7.049999999999997,-12.0,-0.46,0.7468200669494202,-0.7253316494242678,0.07300475171621955,96.43817457600596,96.50587144933453
621,7.0,-8.05,-0.78,0.7092252042228643,-0.6055031114136289,0.012465826090745404,243.34875220103743,243.36863966928686
622,9.0,-10.05,-0.1,0.8093106052196511,-0.7462155494206203,0.08900892731994393,221.98257855359589,222.178596000228
623,6.049999999999997,-5.0,0.21,1.3151846387565957,-0.9822217594099079,0.1301007418208077,194.59261161699928,194.83586213826788
624,10.0,-6.0,0.9,1.4255859781376814,-0.5211137909070358,0.2755774504736211,260.88243917479576,261.5880170395306
625,10.0,-10.05,-0.86,0.7026193219868458,-0.4414593713801051,0.07434416867902557,106.79442937567083,106.87312906543127
626,8.0,-8.0,-0.16,0.7550138081060688,-0.47685138595135435,0.09897389184488414,197.72768928519793,197.92551744295525
627,7.0,-7.0,-0.07,0.9975156254010041,-0.7805260172450088,0.0755961254027592,275.4931035685593,275.69523202381015
628,7.0,-5.05,0.08,0.9323148478661073,-0.4913963608219527,0.15342600090405306,248.00508986566288,248.3847510196525
629,6.049999999999997,-6.0,-0.11,1.332371926361748,-0.8378157049174987,0.11669472094452414,224.51648274660587,224.7806314030677
630,8.0,-8.05,-0.46,0.5922576621945029,-0.4498603976711728,0.04010967316905643,204.23272465078347,204.31534015499813
631,7.0,-8.05,-1.3,0.7809616446503728,-0.6994042561470873,0.00923429587120163,166.84895371199136,166.86166433726106
632,8.0,-9.0,0.55,0.7032820242922577,-0.6208783216133801,0.10949434842048347,241.07098934241122,241.3309621171375
633,4.0,-3.05,0.31,1.6050480247601555,-1.2200047147294881,0.22019721530112946,341.39568953546654,342.1512008445069
634,9.0,-8.0,0.12,0.7229030980105123,-0.49951297921345167,0.07744583287358958,214.98902846431073,215.15239909266072
635,11.0,-8.149999999999999,-0.34,0.6839806520943111,-0.45012548136818653,0.105269927013898,137.6323562374778,137.77465101483529
636,7.049999999999997,-9.0,-0.72,0.5469982340737837,-0.5063803070787732,0.03134032009352031,188.40563277268814,188.46350560169734
637,6.049999999999997,-5.05,-0.01,0.8281154530241844,-0.4911786375278554,0.13378978080588294,189.1896948606187,189.438315838375
638,9.099999999999994,-9.049999999999999,-0.56,0.7692947179212317,-0.6082124291128826,0.03728063728997304,149.38835942992,149.44329645512317
639,5.0,-5.0,-0.12,0.7295373553940273,-0.7357059832450012,0.0577838681060599,294.0073019678062,294.1791592983011
640,11.049999999999997,-10.05,-0.21,0.9025832135300842,-0.6660026172104238,0.06853963430917917,185.2687696533564,185.3931767109702
641,6.0,-7.0,-0.79,0.7928909367247164,-0.6807564732759909,-0.02658467934267029,197.65342509349614,197.60008478647097
642,8.0,-8.05,-0.95,0.7832537199689626,-0.6908248784038482,0.007949875869232457,197.20071976910927,197.21993012953374
643,4.099999999999994,-7.0,-0.98,0.8918580986912867,-0.8779036249491087,-0.02338705190993049,280.33714039840436,280.2706871496324
644,7.0,-7.05,-0.42,0.7904797083423989,-0.7051188868129872,0.07223776899356459,195.07820727722884,195.21824897052988
645,8.0,-9.0,0.63,0.9963466937000498,-0.5032830154883178,0.21919759542437398,200.8445211571666,201.28452691457213
646,7.0,-8.0,-0.14,1.0671983852232865,-1.1185093865219737,0.06121768749772438,225.3882858696669,225.53102586321282
647,6.099999999999994,-6.05,-0.22,0.8938053641822672,-0.4272304960145434,0.1531704457004702,240.24509345280526,240.61146461589232
648,5.0,-4.05,-0.04,1.7785615180276755,-1.1440847370404474,0.23761427862405068,419.63742044756793,420.6027776714016
649,5.0,-8.05,-1.21,0.5800453658158041,-0.7133882490616851,-0.014545919343303427,177.16873268877112,177.13955861822566
650,6.0,-6.0,0.18,1.58674939975794,-1.0084331804127549,0.22177865426888574,407.4861697561326,408.33883940193016
651,7.049999999999997,-10.0,-1.01,0.8218171303854359,-0.5890328213496763,0.08476897798047398,225.76668435189077,225.9563255291137
652,8.0,-9.0,-0.68,0.7036790940705387,-0.6180452169001485,0.03097602954505962,162.0388437057038,162.08482003676144
653,8.049999999999997,-10.05,-0.32,0.8044489342726424,-0.7919562987922517,0.07500451890301545,215.7206850694373,215.87737955122466
654,7.049999999999997,-9.0,-1.0,0.8991093327025822,-0.7368265430145198,0.08984912211752367,230.3804455647465,230.5889012893809
655,9.049999999999997,-8.0,0.53,0.8888768634220612,-0.5165220883500033,0.16919262439179655,157.82634783986657,158.0894803678864
656,11.0,-9.0,0.13,0.9702077387260126,-0.5292461635005797,0.1510538553165616,157.20424083836477,157.43846047118225
657,8.0,-7.0,0.68,1.0942514379329853,-0.7068462912306326,0.2751191456183187,248.40973766196413,249.0931567796859
658,9.0,-9.0,-0.28,0.9160338322862728,-0.5975679437306183,0.07586859138306938,215.6529187528896,215.8110205763039
659,10.0,-10.05,-0.36,1.0143084704142422,-0.8838939325802185,0.0733941954983119,235.12793558266642,235.2994668893849
660,10.049999999999997,-8.0,1.11,0.9974842562690405,-0.42434631009071155,0.21941825910183746,213.37438834352247,213.84479154095342
661,8.099999999999994,-10.05,-0.27,0.7635222585384107,-0.7023138300509254,0.07787237289127409,157.72205728434835,157.84307131508217
662,9.0,-8.0,0.26,0.9297569993389416,-0.5605664986478238,0.16619598743994982,218.7293292070153,219.0911815953888
663,7.0,-6.05,0.76,1.0027994575773354,-0.6458387352365091,0.21653428018089765,233.72311534960963,234.227292585803
664,7.049999999999997,-6.05,-0.27,0.8906233582957248,-0.5198707360136986,0.08579344110771951,196.66456929011488,196.83266738132082
665,7.0,-7.0,-0.16,0.9601341490718438,-0.5530055162778087,0.13922967257563762,247.39001484321216,247.73552556037578
666,7.099999999999994,-8.0,-0.01,0.9503836579451693,-0.6591860296953338,0.13362455782416144,187.8781405834881,188.13032729801273
667,7.0,-8.0,0.41,1.2174154529607097,-0.6546720056396748,0.302300697275562,286.23572202485394,287.0920499694936
668,6.0,-5.0,0.4,1.1956059526163723,-0.8509115322056071,0.19970415338412117,258.3437955284069,258.86023544494606
669,7.049999999999997,-5.0,1.06,1.4853881556544886,-0.4659340375697357,0.39805203156655056,301.7965680267883,302.98166153629467
670,6.0,-5.0,-0.05,0.9099171240579422,-0.5866293468310156,0.10512291499037067,217.35494469525355,217.5762381148553
671,9.049999999999997,-9.049999999999999,0.33,1.317367131089136,-0.6667580778468434,0.3122051027042938,242.46155283005305,243.21137202018465
672,6.0,-7.0,-0.37,1.200497733267856,-1.1143568025414885,0.025703950749841123,250.9868695593072,251.041196968302
673,9.0,-8.0,0.72,1.2938640124421898,-0.550325456242476,0.3248014655548023,233.78189514720518,234.52706779284995
674,6.0,-6.0,-0.1,1.3496884489877865,-1.2190433463313608,0.10854445254777856,299.64849812987876,299.9647466399353
675,7.0,-8.0,-0.01,0.9531969583004791,-0.6191617359160212,0.2212615192769934,234.2524636644726,234.7696379673312
676,6.049999999999997,-5.0,0.48,1.0764295823844832,-0.6768578488816998,0.19289857802457985,250.07311276047017,250.5619075766581
677,7.049999999999997,-8.0,-0.44,1.039196892929737,-0.6830347616522766,0.18497673858741856,218.74282172093234,219.1496504112638
678,6.0,-6.05,-0.23,0.8981476502483394,-0.5919921145952,0.0847744448264887,214.7646861844788,214.9423503816778
679,8.0,-9.0,-0.23,1.1460194338300627,-0.8715708313645899,0.21198047499035588,239.25246388952954,239.76424292130727
680,5.049999999999997,-6.05,-0.52,0.7784788707431496,-0.8179251958826441,0.035435356906147415,212.51335026102828,212.59379550193785
681,8.0,-7.0,-0.03,1.1928284907680429,-0.5856970958387708,0.2130521944597783,250.72567951244375,251.25686004835202
682,5.049999999999997,-5.05,-0.18,0.7853543593140975,-0.5966497100352478,0.04861723787095646,223.0392480862843,223.14422387412048
683,6.0,-6.0,-0.34,1.6326366757724144,-1.113625119076344,0.1738354865910555,387.0335258631896,387.6624512839216
684,7.0,-6.0,-0.12,0.8106248999095567,-0.5028007090395208,0.10522293620322834,194.91811679101068,195.12169909560046
685,3.0,-3.0,-0.03,3.035541687616573,-2.3032253811768055,0.24830191247508207,615.7324481650525,617.2482223665232
686,8.049999999999997,-8.0,-0.75,1.0061953928816654,-0.7162368903369958,0.03999998877369975,205.26355315375787,205.3429232206324
687,8.0,-6.0,0.18,1.2099553511684968,-0.3998662599891169,0.34249981365254045,246.28815116545792,247.130387241259
688,6.0,-6.05,-0.22,1.3988403588768472,-1.011905063419356,0.10199641404360599,281.8021658288447,282.0886306109729
689,9.0,-7.05,1.15,1.440500203423334,-0.529380035578259,0.43947069383245235,252.45274954545988,253.55821289441778
690,7.0,-6.05,0.02,0.9980811708941273,-0.6724628443374007,0.1430590244297437,233.4286451768576,233.7602976984091
691,8.0,-7.0,0.34,1.2940974133025902,-0.5327548222382147,0.34374043621352457,228.99535884412603,229.76874786885185
692,5.0,-5.0,0.57,1.7297292750628184,-1.198775755956028,0.3412724790901522,369.8217653921593,371.0590830136999
693,4.0,-5.0,-0.48,1.1288948272333512,-1.1104380793453281,0.015928362223085163,314.3978407285039,314.4427990653224
694,11.0,-8.05,0.87,1.4718469069195321,-0.5904031857915993,0.3905648628637339,202.27026739944745,203.0608484831973
695,5.0,-6.0,-0.39,1.0134139412206464,-0.90892661834006,0.062332240333517766,255.67736450433122,255.83301868666436
696,9.049999999999997,-8.0,0.05,1.3259698098904744,-0.5248052432080625,0.30138442341947175,243.3839945525373,244.1100572485624
697,5.049999999999997,-6.0,-0.08,1.1701978770011305,-0.9962666025285881,0.09187343846031287,278.68715384795746,278.93387079787817
698,9.0,-7.05,0.34,1.1236029393901648,-0.5576021896852755,0.28986322072022686,218.59480745260365,219.22927439016647
699,6.0,-6.0,-0.12,1.3004438941397973,-0.9216468447944346,0.07164487759528204,280.68506370080723,280.88045726079383
700,9.0,-8.0,0.38,1.142568326316351,-0.512931869338024,0.28222326608615095,227.91509684394714,228.55447976890156
701,7.049999999999997,-6.0,0.83,1.0513466492544359,-0.6805616825300549,0.2470390440557389,229.02226193835332,229.579788497559
702,8.0,-9.0,0.17,1.2309231410742525,-0.7027719624823499,0.2783207887852068,246.90885126190668,247.59699254169325
703,8.0,-11.0,-0.85,0.85223320293248,-0.9399752247779498,0.06289864929555042,201.2897321392484,201.4202916863695
704,11.049999999999997,-6.0,1.42,1.5808474365420164,-0.3921846967601657,0.5139471276249301,255.66120950061296,256.9650987234549
705,7.0,-8.0,-0.69,0.6528961366622426,-0.6593729695348325,0.020215002847529008,186.74311146124558,186.7802845082307
706,13.0,-10.0,0.5,1.430996135825227,-0.5260504193734089,0.3929212669572223,226.52958092056033,227.41121702215608
707,7.049999999999997,-9.049999999999999,0.14,0.7870182349728554,-0.68748721152595,0.0995457921965356,183.26820370560728,183.45383749423658
708,12.0,-12.0,0.75,1.4933250643074805,-0.7044601871716802,0.43938320623879457,227.23363548415594,228.21941298172348
709,8.0,-6.05,0.16,0.9798285325809986,-0.6744460410118515,0.10904844867352606,211.6957812903721,211.92547948465574
710,11.0,-7.05,0.88,1.3059306549981118,-0.44443733657499485,0.3735830028917872,231.17891767884197,232.03205701959897
711,8.049999999999997,-9.0,-0.7,0.7998003602950559,-0.7044165753148226,0.054172028213844634,200.09291479767901,200.19884214796133
712,7.0,-8.05,0.22,1.1222783116300823,-0.5768174582244044,0.31092986789530835,252.00144420470428,252.7780087647951
713,7.049999999999997,-8.05,0.1,0.8236965752601192,-0.6168670557551807,0.15687093776108627,198.9470765912104,199.25659484436247
714,10.049999999999997,-9.0,1.09,1.3691995710680755,-0.4551367437225162,0.48372790691690404,207.8613437321932,208.8654931993994
715,9.049999999999997,-9.0,0.57,0.8898810744125216,-0.6042676510155032,0.19845932338127587,184.23704829877815,184.59758554070007
716,9.049999999999997,-8.0,0.48,1.1303083615595546,-0.29709772519894323,0.39326624848435193,197.46265136065114,198.2383929702106
717,6.049999999999997,-6.0,0.16,1.1468256669552723,-0.8351387624242751,0.12888036426552016,264.4706912022176,264.812916043052
718,11.0,-6.05,1.35,1.5265065171630894,-0.3598560890669232,0.5336861361760734,237.9949560396108,239.25986849547877
719,7.0,-8.0,-0.16,1.2027432077535134,-1.1962440029810744,0.10407428761727233,259.89630156005876,260.1607222799949
720,9.049999999999997,-11.05,-0.01,1.3631368397516708,-0.7028802699907047,0.38526356287081526,224.20393042845015,225.05606090872254
721,6.0,-6.0,0.26,1.165905296320845,-0.9099952244770774,0.13952193801786814,255.05760107158105,255.40183396233337
722,9.049999999999997,-10.05,0.21,1.2590023847000187,-0.4553487887524126,0.41127151503997483,224.59316896124838,225.5132460473352
723,7.0,-8.0,-0.47,1.1504479401526646,-0.8714114674271051,0.03371153496408426,235.4013919730812,235.4629948625801
724,10.049999999999997,-9.049999999999999,0.7,1.3560889837090566,-0.4800579207827327,0.4424953068633538,235.04809665016353,236.08187173686372
725,6.0,-5.0,0.08,1.0505920435594227,-0.8609421345006111,0.11264987472656526,282.8243546423843,283.1295724126675
726,10.0,-6.0,1.11,1.8099320215840558,-0.5453311497468714,0.588749385224898,294.79699819318654,296.54200332148235
727,5.049999999999997,-5.0,-0.2,1.3111770489234336,-0.9530869610581117,0.07804031055523565,308.6644788626279,308.89307865600966
728,11.0,-8.0,1.24,1.4566912841050763,-0.4460036667793119,0.519626184123174,199.97115433307624,201.0059985403855
729,4.0,-4.05,-0.1,1.0583056785003484,-1.01858064091436,0.07541410581348718,340.0967281410509,340.3467477152325
730,7.0,-6.0,-0.26,1.158016503893185,-0.9035425716842929,0.05851869906767277,240.5274871207271,240.66297471897647
731,9.049999999999997,-9.0,0.37,1.9273148897937367,-0.9389902316164923,0.46331081210202746,290.0725209158877,291.4067085406527
732,6.0,-5.0,-0.12,1.3231087756248807,-0.9330433805307851,0.08365613226469827,290.9993732301619,291.2326952199963
733,6.0,-7.0,-0.27,1.2192338412980714,-0.9056187765026299,0.08580139609748627,266.56936650891953,266.7898934137164
734,5.0,-6.05,-0.25,1.0660086996284832,-1.17683518606073,0.022963890896711126,312.77429529616614,312.83742470991564
735,8.0,-8.05,-0.43,0.7305428880677305,-0.6593960259247835,0.029838877009265054,207.6588092579423,207.71941752667522
736,6.0,-6.0,0.12,0.8745536581361191,-0.7734146915350546,0.09518160706201606,263.50094707773656,263.75418002262137
737,4.0,-6.05,-0.56,1.0418823489970443,-1.4320030423378265,-0.03189945658949728,336.1502938211067,336.0435595062331
738,6.0,-7.0,-0.21,0.999084894792113,-1.154034192822484,0.05201199968374594,300.49815146527004,300.6447538763506
739,3.0,-4.05,-0.35,1.097431358398462,-1.314848352751872,-0.014095219872927105,369.61033101881776,369.5652771982921
740,5.049999999999997,-5.0,-0.18,0.9677698624856039,-0.7794308434552869,0.05886104358555427,245.88118325946928,246.02178538032075
741,6.0,-7.0,0.39,1.0596603059443086,-0.8936669257649512,0.15742664629102046,260.87201476842375,261.2863684882761
742,6.0,-6.1,-0.76,1.0776888166953127,-1.0119675519506335,-0.0326123398326916,268.7230772020996,268.6203402566835
743,6.0,-5.0,-0.23,0.8073158442811427,-0.584965802070612,0.04840769488300399,250.15581464134087,250.2745674822841
744,13.049999999999997,-11.0,1.58,1.5933351839656453,-0.33200839015527245,0.6471295728958424,192.8499093542986,194.08967146937385
745,7.0,-8.0,-0.04,0.8011156778274724,-0.7309905068299691,0.07658820394821232,227.16964732606252,227.33798653478863
746,7.0,-9.0,-0.95,0.9137758374934062,-0.9720165854917896,-0.021645798026102777,237.3099639151691,237.24654256821484
747,11.049999999999997,-9.049999999999999,1.2,1.5011542157938769,-0.4814281560604664,0.4890348444619415,257.3811262396166,258.6319455958212
748,10.049999999999997,-9.0,0.42,0.7873579359723095,-0.506449868772898,0.13558476522281157,175.91602227259165,176.15369242708607
749,12.0,-8.05,0.02,0.9527391541557343,-0.4834020371629535,0.1583767694584789,185.35639633177342,185.64924659857724
750,13.0,-6.0,1.57,1.5411339616799729,-0.23846079999010758,0.5400293759094701,240.25518740022275,241.54787216212648
751,7.049999999999997,-8.05,-0.56,1.0745065902011612,-0.8139535466372831,0.08217624182146498,258.25250255375215,258.4651233235362
752,10.0,-7.05,0.89,1.0207256209849813,-0.5130630641937736,0.24059361034776114,197.83118151167275,198.30068796587787
753,9.0,-9.049999999999999,0.41,1.4598128279038742,-0.772304640215739,0.3499702209376907,267.5213897524942,268.44573415111
754,11.049999999999997,-11.05,0.71,0.7684461025522369,-0.5524733315751488,0.15482867180083398,159.92872266880153,160.1758246265404
755,13.049999999999997,-9.0,1.97,1.20436510429473,-0.16661774443966404,0.5053643564382027,197.80385076882402,198.79818639376936
756,7.099999999999994,-5.05,0.63,1.0470833655370537,-0.4695591404936206,0.19702327737313158,224.3171735822222,224.7597643726635
757,16.099999999999994,-10.0,2.86,1.1372684785564515,-0.08403197030333392,0.5281284592742592,177.96376093631758,178.9032165900486
758,10.0,-11.05,0.18,0.8967990768292345,-0.512584392841606,0.19343355993594777,179.52663174521822,179.86873267020738
759,11.049999999999997,-7.05,1.6,1.445280497871639,-0.41277028249086495,0.5050476512877401,265.1247649461908,266.46433330120715
760,8.0,-8.05,0.61,0.8495568997697771,-0.5652684416802972,0.22603395172910723,214.94880013623737,215.43023340227606
761,10.049999999999997,-11.05,0.7,1.1626286875792584,-0.4934071152555154,0.39853602681601275,246.8638339050102,247.84721665082307
762,10.0,-9.049999999999999,1.33,0.9457241536918981,-0.48522219734595384,0.293051310200357,200.52035993112327,201.10480706642682
763,10.049999999999997,-7.0,1.8,1.8798701547975936,-0.3261780141859497,0.7836927445539036,284.323879271022,286.5354124673044
764,9.0,-11.0,0.1,0.9408377553058728,-0.5732025445845162,0.1756211064242198,203.12440030919737,203.48287977431102
765,11.049999999999997,-8.05,0.86,1.49866420711765,-0.44739329383031334,0.4693568977392809,266.9542668597702,268.19685574855623
766,8.049999999999997,-7.0,0.3,1.0607882601829244,-0.5254540732498565,0.23552470789806768,240.6259910014694,241.19348986676997
767,11.049999999999997,-9.0,0.62,1.5462580474245766,-0.41586531525844267,0.4514217763443297,268.5155071748189,269.72860220070254
768,12.049999999999997,-10.25,-0.13,0.9005705270736237,-0.38972340835053737,0.17986756723943775,179.03578206397498,179.35733473460905
769,12.049999999999997,-11.0,0.91,1.4789810165535984,-0.3556861574059914,0.523760130552049,221.3311209696385,222.48803207580684
770,9.0,-9.0,-0.11,0.6859315110388305,-0.48649940696537447,0.0891499922009042,188.3429121355569,188.50967214759532
771,7.0,-7.0,-0.23,2.0228786803511594,-1.0490839958537688,0.38759099982802175,394.43436993315555,395.9320716814101
772,7.0,-9.0,-0.81,0.7333107122306877,-0.760726941518036,0.026000567838074154,246.05219626611998,246.11747692586465
773,5.099999999999994,-6.05,-0.35,0.8123794817703012,-0.8584325754922884,0.022669102873844767,283.4949297975568,283.5637992525686
774,12.049999999999997,-8.0,0.74,0.7789565136552611,-0.37140192942609446,0.12947754078908688,183.128274134506,183.36255542913113
775,11.0,-7.0,1.53,2.375237542950901,-0.8639582868937796,0.729676923517086,348.5227209034276,351.05240235873424
776,7.049999999999997,-8.0,0.21,0.8698425340929478,-0.7149710509515085,0.1215388772558093,224.9047779438002,225.17469399701204
777,9.0,-9.0,-0.33,0.7371675531698777,-0.5442325703175636,0.05684109133287442,200.26813584756917,200.3810969817935
778,11.0,-7.05,1.39,1.3232595616579161,-0.2788805275838479,0.577097276058057,233.91833583085193,235.26496318343695
779,12.0,-10.0,0.47,0.687305579776552,-0.3598674954791925,0.12073762630812611,165.81706395510173,166.01447043166291
780,17.0,-12.05,1.95,1.5514817849940996,-0.32080803172389083,0.5964389934877938,219.40173116028006,220.7110069639265
781,13.049999999999997,-11.0,0.1,0.6124687612976853,-0.31267689723662173,0.0990233709750393,151.7671802705149,151.91825091856
782,10.049999999999997,-10.05,0.64,2.0732407125368875,-1.1267475319156668,0.611642781888239,317.961222874764,319.87156883225316
783,6.049999999999997,-10.05,-1.32,0.5470367168861431,-0.6072505025197018,0.010400900580693128,182.19740221544362,182.21529970255392
784,6.0,-8.05,-0.84,0.6068102444498138,-0.7056762958550112,0.019371884398805286,205.9441912170856,205.9838204030769
785,10.049999999999997,-7.1499999999999995,2.04,1.9005957172288879,-0.6665113861403783,0.7140169726554167,308.4032901564202,310.5983669634026
786,8.049999999999997,-10.0,-0.18,0.763414814819283,-0.6552153029353867,0.08867182731305277,204.25684263420905,204.43578495862386
787,11.0,-9.099999999999998,1.14,1.191303627530015,-0.4522352104272057,0.4279612153331102,236.4315456601141,237.43948758388606
788,6.049999999999997,-8.0,-0.48,0.6762138756719949,-0.538310022479435,0.06069143819096876,211.43532525048045,211.5658473502855
789,14.049999999999997,-12.05,2.4,1.1937752813002116,-0.3550756289334879,0.4815558335031463,197.29326961072155,198.24399710583407
790,6.049999999999997,-7.0,-0.58,1.123421091679601,-0.670800868897959,0.13668049167952254,293.86939982142735,294.2588972112369
791,6.049999999999997,-9.049999999999999,-1.09,0.6095559398266741,-0.6304432483078909,0.0009219710008961695,194.41430058206706,194.41401141644477
792,19.049999999999997,-10.149999999999999,3.34,1.4295596259522856,-0.20648939576085057,0.5787352105736222,192.17750959738385,193.2921362032903
793,5.0,-5.0,-0.02,0.9322673501907349,-0.9068841254500895,0.08004950887496032,307.5584756496227,307.80518901531383
794,9.0,-9.0,0.23,1.6022585532621938,-0.7451219632047715,0.47037068980104535,311.5847305182933,313.04090583084997
795,9.0,-8.05,0.28,0.9547240272353613,-0.8202606392750423,0.11177748165266566,241.53661315589216,241.80369644270047
796,13.0,-9.0,1.57,1.5943424574131764,-0.3490118943868148,0.5959551210499889,243.63997755480563,245.0842842384302
797,6.049999999999997,-6.05,-0.29,0.8364498963659539,-0.7774718885287676,0.04520232748660894,271.13578970348885,271.2577232838202
798,11.0,-9.049999999999999,1.14,1.5620790999240108,-0.49086141380708503,0.5089838049972333,249.1052275442658,250.36797251485413
799,7.0,-7.05,-0.23,0.7303129948265381,-0.6264651234219853,0.05435356318256881,206.13893387049433,206.25099008743325
800,9.0,-7.05,0.72,1.5120182259986878,-0.5838283219263114,0.3596394355849533,299.1002836584991,300.16650687626475
801,7.0,-5.0,0.66,1.7278699106595592,-0.6756946802287597,0.507700581453993,338.88744972030474,340.61150579408553
802,9.0,-11.05,-0.41,0.8512398568311764,-0.793616273760445,0.06663373994155175,194.81460648132415,194.94320423474207
803,6.0,-6.0,-0.11,1.3644882394138953,-0.8358430391794242,0.25938002009515826,324.7775212440192,325.6089479143772
804,8.0,-8.05,-0.07,0.7503536545664619,-0.6537352530291474,0.07394925236624725,191.29079288223576,191.43313456690703
805,4.049999999999997,-5.0,-0.13,1.4790429959944182,-1.2536818961133693,0.15959949445505,413.2758617907075,413.93224265425977
806,6.099999999999994,-8.05,-0.38,0.7604789270215467,-0.662110156005121,0.06339885880869509,203.73651841094116,203.86623849122338
807,11.049999999999997,-10.0,0.99,0.9853546313317377,-0.4643943840480974,0.2785883563607596,198.54799145759557,199.09975452777232
808,5.049999999999997,-8.05,-0.97,0.5470320130248955,-0.4920404774603081,0.026367102929558822,175.5468552198816,175.58958688074122
809,9.049999999999997,-7.0,0.06,1.32537734231734,-0.6319403585990792,0.2550229517686121,261.81748094056377,262.46969401182065
810,4.0,-6.0,-0.5,0.7409238786596651,-0.8655793408080547,0.007352729127744876,267.2371630720001,267.2555458520868
811,10.0,-8.0,0.7,1.2776822939854895,-0.3696975761533868,0.4112380897892392,235.90867996205515,236.879502477617
812,9.0,-8.0,-0.05,1.0155381134218828,-0.6142253574624665,0.09095393830783637,210.65793000729934,210.84670481844
813,12.0,-9.049999999999999,0.99,1.0641509889477332,-0.31690112418036565,0.36666655928010705,190.04429274295376,190.74122053753567
814,5.0,-9.0,-0.89,0.5849661665018182,-0.6918769459817696,-0.003205639241301198,229.53585272517938,229.524648192631
815,9.049999999999997,-7.05,0.6,1.1765291670067066,-0.4828359515874096,0.29499075563185795,273.04730294380585,273.8521662206231
816,8.049999999999997,-8.05,0.34,0.7262825013195612,-0.6169640422220651,0.122192379852877,207.12605894539513,207.37759122435494
817,8.049999999999997,-7.05,0.16,1.3220157317902443,-0.6395187412172765,0.2986796102917162,284.1826411578961,285.02809620781073
818,7.0,-7.0,0.38,0.7667849951787457,-0.5237321670188338,0.14528756577333146,195.9097543465966,196.18933342340665
819,9.099999999999994,-5.0,1.61,2.218740841659409,-0.4544235802319991,0.7223162028788218,331.7416559081854,334.1112662637722
820,5.049999999999997,-6.05,-1.32,0.8388715559649546,-0.8609973373249523,-0.08445493988692804,240.00203322839099,239.78941387332839
821,7.049999999999997,-7.1,-0.22,0.7877580580504547,-0.707867322877267,0.05468080410552072,188.70060955507648,188.80336075979594
822,13.0,-11.0,1.76,1.5061968315236152,-0.21856003855218245,0.7093448104472251,202.75380025936073,204.19003085516096
823,5.0,-5.0,0.27,1.2179662784212155,-1.0054170235612159,0.14425889832573088,268.137423306621,268.5135228675159
824,19.099999999999994,-9.049999999999999,3.46,1.8046187683594566,0.10823880991007893,0.9285509806224855,184.51407725445495,186.22192266403675
825,9.0,-7.0,-0.28,1.1520687750998577,-0.8299559254857227,0.04240258244456307,204.91964699076976,205.0133435979242
826,13.0,-11.0,0.91,1.8273562121577913,-0.3379790719324179,0.6741657910832948,231.48333558541054,233.0477271033317
827,6.0,-7.0,-0.48,0.7908036153222333,-0.8123846432972412,0.021029074505201185,181.19210153030545,181.22735448625957
828,6.0,-5.0,0.05,1.2243385191167733,-0.9315588642579705,0.10176491536852193,229.7421599254648,229.97186865670236
829,9.099999999999994,-8.0,0.86,1.898693966405517,-0.5244551206784159,0.6816881754920332,313.8761233576721,316.00675685478774
830,7.0,-8.0,-0.46,0.6482887982859203,-0.7232626559004306,0.018728549094355985,152.28507733248702,152.31536175772925
831,13.0,-11.0,0.13,1.4292420858756805,-0.2539865593330443,0.5661987590549896,203.58633636834583,204.7337285217514
832,8.0,-10.0,-1.55,0.6337435195614415,-0.6848025163036193,-0.04723399300982933,121.57697532252301,121.5175065368073
833,11.099999999999994,-10.05,0.45,1.9460800810945778,-0.3995154515094458,0.6577012506260995,251.0899268998093,252.73019193454127
834,5.0,-7.0,-0.63,0.6486193591715227,-0.7712912549600711,-0.0035651964814354163,192.4655092103119,192.45718222126445
835,16.049999999999997,-12.1,1.64,1.6302226873139452,-0.25967362462469235,0.7313662135114289,215.43734674076106,217.0050979181738
836,7.0,-8.0,-0.39,0.8098016619571371,-0.7689407124384823,0.008393837003176014,199.23767520322082,199.25144036422662
837,6.0,-6.0,0.42,0.7605651196897634,-0.6814175725973957,0.09888165244286519,219.81091893044064,220.02560390285996
838,8.049999999999997,-7.05,0.57,2.7422005667663174,-1.0449688357885416,0.8484653904086557,369.01060530100335,372.1297540225938
839,8.0,-5.0,0.3,0.9715039577155108,-0.6202982261946121,0.11695596261880165,233.79708495351144,234.08264726256354
840,6.049999999999997,-7.05,0.07,0.9992182859467404,-0.8198922634901945,0.09802198351577845,238.40104830094543,238.62951788086778
841,8.049999999999997,-8.05,-0.03,0.8412580368220135,-0.6427411812172508,0.07076429732119735,194.79059317473184,194.92404987258575
842,6.0,-7.0,-0.02,0.8386191073962252,-0.7346085135494749,0.07501487499186008,242.50602996267034,242.68677542295075
843,8.0,-7.0,-0.33,0.8267380927721886,-0.5885797411194801,0.060655975462269446,187.23003785046006,187.34347832077677
844,9.0,-9.0,0.0,1.7826423997969842,-0.8652526148786169,0.6035864434430855,251.96117502444747,253.47626989914338
845,5.0,-5.0,0.3,1.031204123911077,-0.7129681805240864,0.1615775838144956,269.8036424627,270.242167770227
846,14.0,-11.100000000000001,1.92,1.5892856768676384,-0.30079796193203895,0.7022828652466019,194.78516039977094,196.1472692997382
847,7.0,-8.1,-0.4,0.6361591702955807,-0.7329228756212622,0.03230027405655096,180.971691890532,181.03221888881342
848,9.049999999999997,-8.0,1.51,1.747396652037755,-0.4519161161765255,0.7440344238564356,239.45791723816654,241.2320294441657
849,12.0,-12.0,-0.79,0.5462105536498595,-0.4445955705462482,0.029655721988792884,118.12760117608728,118.16156705031509
850,7.049999999999997,-9.0,-1.29,0.5954785122440579,-0.5669586710337746,-0.010985773175483295,133.14568139087476,133.1328563872591
851,6.0,-8.0,-0.72,0.8119508751549203,-0.8565866376860313,-0.030952429060382647,186.2174139327677,186.15684012896352
852,9.0,-9.0,-0.3,0.835887731729213,-0.6633803785067144,0.03672883931755546,147.0784263238075,147.13369870922762
853,10.049999999999997,-10.05,0.84,0.6732929403643323,-0.44047664816571463,0.1314103499758912,135.30459660363476,135.4803495828073
854,7.0,-6.05,-0.16,0.9562440853352983,-0.6909015228862367,0.08226855188304018,228.37636311658284,228.56054901432196
855,6.099999999999994,-7.05,0.54,0.7121588654758145,-0.5655174055555005,0.15780289881079002,181.3561238523876,181.64113557442886
856,8.099999999999994,-9.0,0.48,0.9255864468047739,-0.6583747855179548,0.15627706425379465,174.0925510717711,174.35761009692314
857,5.049999999999997,-5.0,0.21,1.061990860020757,-0.7931265138260039,0.13562901587497872,259.9827176130327,260.338596041485
858,7.0,-10.05,-1.19,0.5547583817928621,-0.589188453753967,0.019004904437658825,145.35909209229322,145.38747838834144
859,5.0,-6.0,-0.07,1.2973799037474056,-1.2646276288360128,0.09314626790900414,270.6485013831478,270.8905413599905
860,5.049999999999997,-7.0,-0.6,0.994236720570298,-1.368642812053394,-0.03587915215122825,205.4900549911285,205.41015071355582
861,6.049999999999997,-6.0,0.64,1.155164302844123,-0.832655744462893,0.18938170692841305,201.38011450334167,201.743265147408
862,7.0,-8.0,-0.23,0.8866772772744905,-0.7058617996160079,0.0622707257247831,160.55536140637201,160.6527467167732
863,6.049999999999997,-8.0,-0.53,0.8558260437963028,-0.7809348826598081,0.04867939256102766,152.42637839689513,152.50120239073064
864,8.099999999999994,-8.1,0.35,0.6778323149138723,-0.44856062744423914,0.11935205093522201,103.3448804495424,103.4661251461622
865,5.0,-6.05,-0.2,1.087665506654699,-1.024145056974133,0.04936765461657926,214.60892053580497,214.70579561932303
866,5.049999999999997,-6.0,-0.22,0.9043936897896758,-0.9106743167088227,0.058893844829285315,214.3099683158945,214.43429589273842
867,6.049999999999997,-6.05,0.11,1.3204112907032317,-1.0521347687626266,0.09605837250203195,235.32416694618172,235.55424359439584
868,5.0,-6.05,-0.11,0.8999997877136016,-0.8168442703701804,0.09710307416322539,205.7217771868496,205.9227950805291
869,5.049999999999997,-6.0,-0.25,0.9457585974321359,-0.781207650472126,0.06564214117153491,223.95156228184726,224.097030237146
870,7.049999999999997,-7.05,-0.25,1.0248296689865575,-0.6982351454810876,0.11510347602505545,194.51554506297984,194.73362822492692
871,6.0,-9.049999999999999,-1.01,0.8894828972268068,-0.9846845008030912,-0.00047594856014051,178.84309966005497,178.83613055877174
872,4.0,-8.0,-0.93,0.7001390556502045,-0.905430018818828,-0.02955277333515058,199.63106358099552,199.57076243649328
873,4.049999999999997,-7.0,-0.99,0.833776512403803,-0.9960555534708757,-0.07149270647514014,229.11426886093986,228.9500183432462
874,4.049999999999997,-5.0,-0.35,0.8095469347296583,-0.8345460934765871,0.0012980493551801575,215.1650771609784,215.16753017751654
875,6.049999999999997,-6.05,-0.54,0.8692222884983908,-0.831376256842562,-0.03262364958956226,197.08881993420712,197.02294614615334
876,5.0,-7.0,-1.4,0.7151442556769777,-0.8529050258274022,-0.10002590548487046,178.82821051063175,178.64917035485786
877,5.0,-7.0,-0.24,0.7938591535857888,-0.7502811509692346,0.04428620437357023,174.68431442270358,174.76000971903156
878,5.049999999999997,-8.05,-0.31,0.9210129996096735,-1.195797236652741,-0.0009265785515571845,199.88098571967973,199.88000260871692
879,6.0,-5.0,0.03,1.0292059966117166,-0.881834168930494,0.05721130762593465,218.1225131286423,218.2447492267872
880,2.0,-2.05,-0.1,1.8172963306824037,-2.0995447559485827,-0.012903751221882798,419.9307404311015,419.8699985313204
881,7.0,-7.05,-1.38,0.7996575463329788,-0.6661720631839817,-0.05064406612897874,160.52408455900604,160.44025318515529
882,6.0,-6.05,0.13,1.165298811679339,-1.0079982468037296,0.1326862992516153,217.3563773453187,217.63817177137364
883,7.049999999999997,-7.05,0.0,0.9720512230642515,-0.8085852555470627,0.07312129378215394,188.52122795259308,188.6560643905401
884,7.0,-7.05,-0.6,1.0607544594847786,-0.8833894225438377,0.04007257953415648,194.25125708901265,194.32163549168868
885,6.0,-8.0,-0.78,0.6061653982193181,-0.6865533492744558,0.01250919767997246,150.79930483727082,150.81876790982307
886,6.049999999999997,-8.05,-0.78,0.9049214348562287,-0.9710469137370975,0.022832659575461954,182.67660036129925,182.71551649948344
887,5.0,-8.0,-1.01,0.6581657517707661,-0.7263125894113616,-0.020174445793340365,164.81285612237443,164.7819299465223
888,5.049999999999997,-7.0,-1.18,0.8246880034241424,-1.0107049733138012,-0.06865864089302277,178.45654250481533,178.3297875738726
889,7.0,-7.05,0.13,0.9655959663639209,-0.8751755658523658,0.09186558668814843,174.61137003588024,174.77349178789163
890,7.049999999999997,-7.05,-0.01,1.0008877281746678,-0.8820530955357233,0.10254262945479758,169.80473595907915,169.9756238925389
891,8.0,-8.1,-0.73,0.9188022611921386,-0.5788230520260356,0.07869654530476901,143.046113736578,143.15647205265574
892,7.049999999999997,-9.0,-0.76,0.6771369760580755,-0.4448396875542546,0.13094561368320418,116.9659502147415,117.1200187609453
893,6.0,-10.05,-1.36,0.477655326765748,-0.5419730033933027,0.006540096134826316,97.19986533191259,97.2072390348249
894,4.0,-5.0,-0.31,0.8683707666197593,-0.737758311127684,0.033170416885453524,198.67173502849528,198.740076040694
895,6.049999999999997,-6.0,-0.1,0.9285836400841216,-0.7950149040352715,0.054955122220766865,172.54626954781955,172.64101656724924
896,9.049999999999997,-13.049999999999999,-1.54,0.4930451139812364,-0.5274979993496038,-0.016078425194550123,81.88896326259405,81.87619811644433
897,2.0,-2.0,-0.12,2.105874773884211,-2.379198642433844,-0.08389497540397564,281.28856127977053,281.0049900936632
898,2.0,-2.0,0.02,2.2054367444583787,-1.8698583364021526,0.15324629006210483,424.15076629525566,424.76587850682716
899,8.0,-7.0,-0.2,0.6634416116484108,-0.623837169684927,-0.024116759141536638,65.1237529618213,65.10752029847335
900,5.0,-8.0,-1.21,0.6860199484275529,-0.768168707520185,-0.031936865691372225,160.12894888589986,160.07527045928842
901,6.0,-8.0,-0.5,0.6627179595592636,-0.6136476269771425,0.057847282228380835,147.63705421584194,147.7199364978982
902,5.049999999999997,-7.05,-0.99,0.8056003189673354,-0.8639924636579986,-0.059169812922265884,193.25414245745625,193.14346368893231
903,8.0,-6.05,-0.01,0.9668766570599633,-0.6896565547662113,0.07084762114132818,181.78982933321365,181.91844472414323
904,8.0,-10.0,-1.34,0.6563421449988254,-0.6380628130589627,0.0017747361474908857,136.73885936530064,136.74289945084192
905,6.049999999999997,-6.0,-0.22,0.7646899240516841,-0.6187948764894875,0.0608753009198395,165.8486262888669,165.9464915195196
906,6.0,-8.05,-0.33,0.7806303142410003,-0.9324316915855733,0.01699341706638458,177.11984039952847,177.14714198792836
907,7.0,-7.0,-0.06,1.0365512443826777,-0.8787009636155929,0.05389256103927642,211.8326308543697,211.93847039988148
908,7.0,-8.05,-1.52,0.5868506859075108,-0.6812217030723737,-0.05816380269929132,162.9963399911879,162.90077949995379
909,6.049999999999997,-8.05,-0.61,0.7227330745122557,-0.7891843000303234,0.0361799818983077,174.65313769540342,174.71357645577177
910,8.0,-9.0,0.12,0.7921542395742123,-0.8017840430847425,0.05338346105674867,184.09091087428627,184.1867960674426
911,8.0,-8.0,-0.31,0.8229675153822414,-0.694867606268202,0.0014778321176810456,188.00986927395158,188.01052240779728
912,7.0,-7.05,-0.2,1.1171331763308683,-1.0449731114643461,0.09523496441669027,221.02896173691911,221.22318918704602
913,6.0,-5.05,0.27,1.0403058404660817,-0.6675457548389294,0.16039883858725276,214.310905552098,214.64561309730655
914,5.0,-6.05,-0.27,0.8652088961344968,-0.7391969546398285,0.10236279925650224,226.95221997458353,227.17661571225034
915,6.049999999999997,-7.0,-0.75,0.7719277100276315,-0.750515568971907,-0.03515910923241489,220.23722096934074,220.15610906542
916,5.0,-5.0,-0.36,1.2346935231519067,-1.4366052562629048,-0.06944413094958204,355.32145895649154,355.05283073863234
917,4.0,-6.05,-0.66,1.1231230618923553,-1.225646490910426,-0.017953119963582616,273.18560498762025,273.1317415699351
918,5.0,-7.0,-0.94,0.9261041131867719,-0.9269948529643363,-0.034644784293000115,228.20300255721048,228.12466150776825
919,6.0,-4.05,0.28,1.0648450012330302,-0.6837259292548434,0.14242092663185751,268.02284209086633,268.4104893221087
920,6.0,-8.0,-0.9,0.6753211823709069,-0.8250324324403102,-0.04195849214468838,210.00837404656897,209.92260221020067
921,10.049999999999997,-6.05,0.25,0.9388534000519436,-0.5171709367421654,0.10436764164047503,207.79977026234988,208.0123821861295
922,8.099999999999994,-10.0,-0.88,0.7421809268346846,-0.6628759599111856,0.02680510601721238,188.2694236968729,188.3201335994769
923,7.049999999999997,-8.0,-0.19,0.9694278606604803,-0.8291279948024055,0.0871832942929058,231.34456085643924,231.53906644699532
924,8.049999999999997,-7.0,0.21,0.7463370273401787,-0.5660187094475961,0.10510365591780939,210.52736083720364,210.74347673940093
925,7.0,-9.0,-0.46,0.7601541440334838,-0.7727217934487802,0.031142438926081425,208.52125098289653,208.58277005727658
926,7.0,-10.05,-1.1,0.6848513621314574,-0.8398022482643238,-0.04443332496335093,191.6004511323203,191.51871227082302
927,6.049999999999997,-7.05,-0.49,0.7099184519067707,-0.6947325692214694,0.0243996781232977,218.53800593226072,218.58839262725803
928,9.049999999999997,-11.0,0.12,0.783432501316583,-0.7167380770089832,0.07821885775930784,157.16308052479266,157.28331011288515
929,6.0,-8.0,-0.85,0.757024222083611,-0.807328584371824,-0.027754153253862057,206.3664337479164,206.30768524453114
930,10.0,-9.099999999999998,-0.4,0.8011818491786816,-0.5973249505442234,0.034700060030768726,167.4536515371415,167.50858050032596
931,6.0,-8.0,-0.79,0.6636200382449545,-0.8919268608189187,-0.040622599861915715,218.60888122292042,218.5148539609045
932,6.049999999999997,-9.049999999999999,-1.3,0.610764950921253,-0.6168645640738571,-0.04379769847313855,187.94944726026944,187.866854495793
933,8.0,-9.0,-0.3,0.7738687899118589,-0.6781029704903833,0.053065686864559834,205.84902139796733,205.95708239643926
934,10.049999999999997,-8.0,0.77,0.6576059916789027,-0.4185805120141232,0.12046197501328988,164.0884346010181,164.28539308942166
935,7.049999999999997,-7.0,-0.46,0.6639621922783294,-0.5409575478440183,-0.004684106710326229,202.72957205755858,202.7191005209196
936,6.0,-6.05,-0.14,1.0696827731547986,-0.9413253649574991,0.06243609100291466,273.55244763975634,273.72624332912017
937,10.0,-9.049999999999999,0.18,0.7650989980728996,-0.45427602880093015,0.10928332139122217,195.27566253988857,195.48599748110573
938,10.049999999999997,-10.0,0.45,0.8123520037275962,-0.5736311820390037,0.10548939092898488,194.98748248119406,195.194038510265
939,8.049999999999997,-7.05,-0.36,0.8357421141399273,-0.4938383538749172,0.06569737078860922,231.1103168842133,231.25870807577226
940,9.0,-11.05,-1.91,0.5786358855287942,-0.5735722191859428,-0.031852083741275926,183.19253350423583,183.13119252085025
941,9.0,-8.05,0.6,0.9648887704963416,-0.6202632518677089,0.16303145019046664,224.7221487069767,225.08312261579695
942,7.049999999999997,-10.0,-1.2,0.5767254749604694,-0.6515971003079054,-0.03481452216152802,197.68228200284003,197.6134173686406
943,7.049999999999997,-8.0,-0.29,0.786622341935346,-0.645139584562761,0.04340947380460234,230.20217431733582,230.29565428101708
944,7.049999999999997,-6.0,0.23,0.8742623890241972,-0.7109230822959054,0.10392129569220916,226.10106528702698,226.331028663255
945,4.0,-4.0,-0.25,2.1277109639229743,-2.0373954552544014,-0.030060078439771286,483.88325213327016,483.71936912816824
946,8.049999999999997,-8.0,-0.4,1.18299845528871,-0.9791006119510586,0.04794106661488891,250.22730979457276,250.3346947189355
947,7.0,-6.0,0.06,0.9241568706888071,-0.5772916857947287,0.09226721951774385,214.7024238258323,214.89941896752742
948,7.0,-8.05,-0.48,0.7886654816377533,-0.8755076662811728,-0.0014901224966742078,226.29833290302395,226.2857120954686
949,10.099999999999994,-8.05,0.85,0.8823370426384614,-0.45212407567842994,0.15185787426331276,186.1973458916725,186.47871856336369
950,10.0,-12.05,-0.19,0.7934322984983709,-0.6553745637028279,0.07692878951209926,187.63507218302013,187.77646846778225
951,11.0,-12.0,-1.07,0.5620120787082671,-0.43972038023459514,0.051164577477390887,153.8321895170344,153.9092412615569
952,9.0,-8.0,0.55,0.6991386284823569,-0.5618786624875893,0.11930145341709636,203.65180240277468,203.8946768452655
953,9.049999999999997,-10.0,0.17,0.474194624118068,-0.4804399308707104,0.07890950690429664,173.88535573292597,174.02145336027814
954,9.049999999999997,-8.0,0.55,0.8991352832991434,-0.6038725336811822,0.1195712898891671,197.42705190837012,197.6642222125873
955,9.0,-10.05,-0.79,0.5937258065909263,-0.5680851611597918,0.019201266942347812,160.0697024321503,160.09887523421565
956,7.0,-6.05,-0.03,0.8377874427756041,-0.6495574536357155,0.07864561694150188,222.21234523681332,222.38770277001316
957,7.049999999999997,-7.0,-0.12,0.948468569080564,-0.8547674121958077,0.055949039510256864,220.49873713148514,220.617185683515
958,6.0,-6.05,-0.84,0.9614144853613819,-0.8426758333360918,-0.07866785103728699,210.4611498212371,210.28937579292085
959,6.0,-7.05,-0.68,0.8217359808921453,-0.9742042073850954,-0.020522625743464994,204.95689709240432,204.91044984451125
960,6.0,-7.0,-0.64,0.7064428748978726,-0.7534837700497745,0.0010173569040385555,195.2556216150341,195.25693685651856
961,7.0,-7.0,-0.16,1.1060234049101458,-0.9619707801947923,0.07033311032285047,218.8042024238818,218.9578096977062
962,5.0,-6.0,-0.54,1.0071326547508686,-0.8345985436614934,-0.014595986526246704,224.82893535118652,224.79130756725306
963,6.0,-5.0,0.25,1.06092783822679,-0.8995132060011048,0.10203908498964032,234.34607343709428,234.58362852820733
964,2.0,-2.0,0.07,2.6719770807328342,-2.659797396952581,0.17564612527819123,632.8805965714924,634.0289975920169
965,5.049999999999997,-6.0,-0.3,0.7653861198554806,-0.7474553648590144,0.0009135053556174765,249.44369338658748,249.44518349041442
966,9.049999999999997,-10.05,-0.43,0.826540498846736,-0.7490550125896694,0.028749761807447368,191.46686595538128,191.52056936963277
967,8.0,-7.0,-0.5,0.9323415946761731,-0.854901866560656,0.009249363688911365,217.9567063468564,217.97683796379988
968,7.0,-7.0,0.4,0.8134210281623956,-0.6618568439645153,0.12866271656089528,184.34178391715238,184.56982633820502
969,9.049999999999997,-8.05,-0.7,1.0000684573723708,-0.8223196847339593,0.01343187107660068,193.0516282412667,193.07721158876572
970,7.0,-6.0,0.37,1.0088071996259544,-0.8380853104944616,0.12736362188791345,224.50834747382132,224.79173636698056
971,8.0,-7.0,-0.72,0.8183036520931073,-0.6381213443750683,0.002754521192763849,188.2860839690618,188.29134396482553
972,10.049999999999997,-7.0,0.61,1.1073676286063971,-0.5780968331837558,0.14152027697786276,186.37715525182554,186.6371332051974
973,5.049999999999997,-6.05,-0.59,0.6552737256591962,-0.6165992399424786,0.02474766359214431,191.92503494363325,191.9694293914676
974,6.0,-8.0,-0.28,0.7088695649478528,-0.6820198693184267,0.04513038582459718,184.97328067176682,185.06105862445835
975,8.0,-8.0,0.02,0.9657365217362894,-0.7814278330564283,0.08093523324089258,210.8819798041295,211.051951568453
976,4.0,-5.0,-0.86,0.7728166669798412,-0.8447770619473709,-0.10236276417424701,292.0472294236882,291.73855938673626
977,7.0,-6.0,0.3,0.9111759771353449,-0.6581659450876624,0.15273581340415582,227.29716309068445,227.64306746075601
978,7.0,-6.05,0.33,0.8396457752194002,-0.6605312556011876,0.09767615817346607,232.91590350686278,233.14093612902164
979,7.099999999999994,-12.05,-2.36,0.4788205447461191,-0.5932914449672975,-0.04711820905357368,150.76864130289346,150.69564364912895
980,9.049999999999997,-8.05,-0.53,0.8312800422114682,-0.5736713965850974,0.027767300738515674,192.74243365455916,192.79167772438558
981,8.049999999999997,-9.049999999999999,-1.13,0.6772624793941584,-0.592223371191045,-0.017195931645239502,176.75044062704907,176.72013110164346
982,8.0,-9.0,-0.08,0.7368453682750259,-0.5647371441919258,0.10393151560815062,168.95397563003473,169.12824538515525
983,10.0,-9.0,0.78,0.6544346248595054,-0.48350995613406883,0.11461684591253177,164.30963304400484,164.497794372795
984,7.0,-7.0,0.76,0.7429936877584613,-0.5833844432409253,0.12270631718260601,225.81716725247978,226.09466137680857
985,7.049999999999997,-7.0,0.81,0.837894125089223,-0.5792692328197488,0.15340566877864992,246.45505133338025,246.82763994634314
986,8.049999999999997,-7.1,0.56,0.8679684288704822,-0.5439154929685319,0.19310513266190432,197.40125063768252,197.77779510625297
987,5.049999999999997,-6.05,-0.7,0.9518628238605323,-1.0492696853491885,-0.03349729301960956,279.74631946946494,279.65415870714173
988,7.049999999999997,-11.0,-0.9,0.5812962739922997,-0.6207311741006327,0.01318094936602772,179.62350401023662,179.64591851581926
989,7.049999999999997,-7.0,-0.14,1.0117419478388356,-0.6617080277445515,0.15856610669832474,224.2950478841103,224.64738181600015
990,9.0,-8.05,0.23,1.2704369141789789,-0.6990538173758309,0.2925437463535686,215.03053441927983,215.64952514346476
991,8.049999999999997,-7.0,-0.26,1.212919989938153,-0.4858722964757496,0.24386641793182057,243.87393797799896,244.46302374204112
992,8.0,-11.0,-0.28,0.9817813654512485,-0.593093194039362,0.19998428553415482,206.33143812612016,206.74263365500207
993,9.049999999999997,-8.05,0.03,0.868564297440822,-0.4029037691068774,0.2135660226072517,167.75610620517128,168.1135810303895
994,7.049999999999997,-8.0,-0.13,0.8125389942707294,-0.5751843453043588,0.10555583149695283,205.78449957874585,206.00106156506163
995,7.049999999999997,-8.0,0.29,1.0750898362816246,-0.597715905518528,0.2547382733159597,221.13502669712148,221.6919936766204
996,8.049999999999997,-9.0,-0.58,1.4152420309076277,-0.9955384561270444,0.19693650850409103,243.35816151938812,243.82884632371525
997,8.0,-9.0,-0.53,1.0808093275998318,-0.7157086513054831,0.13779353909931177,205.42423044201104,205.70746514587293
998,8.0,-6.0,0.78,1.1196771992809413,-0.4560788407531876,0.2954264763867341,225.37007276333136,226.0295471177359
999,7.0,-8.0,-0.49,0.8462172730195764,-0.7323742280927379,0.06516868288959002,190.52478505023126,190.6424679638484
1000,7.049999999999997,-6.05,0.59,0.9675485845542766,-0.6013133010052847,0.19497453287508448,186.21168369347734,186.57506537679373
1001,5.0,-6.05,-0.95,0.988513178666792,-1.1383758927649066,-0.10178691240611819,238.22961103116765,237.98920688673468
1002,6.0,-6.0,-0.06,0.793800705518757,-0.5453664976080762,0.0980040910580656,185.5464053430961,185.72408191917484
1003,6.0,-6.05,0.02,1.0031787331247264,-0.8874283257345948,0.13649386039074674,222.79750605637616,223.10001264747495
1004,6.049999999999997,-7.0,-0.02,1.0311414977454003,-0.749604970254283,0.12078493751943195,208.63442650263445,208.87530299946948
1005,7.0,-7.0,-0.55,0.612066092139226,-0.3984588590761202,0.05400644103838242,131.0416849681618,131.1127230400832
1006,6.049999999999997,-6.05,0.11,0.7551603908923032,-0.6584872687902962,0.10381620909183528,173.76481686862698,173.94352270350862
1007,7.0,-6.0,-0.23,0.9573403287293557,-0.6196341001062929,0.08593596670138037,191.05279663282457,191.20870316784178
1008,7.0,-8.05,-1.15,0.6862616058720943,-0.5790475593211668,-0.006665504477239801,144.74644538142945,144.73453024117464
1009,9.0,-10.0,-0.07,0.7006603712370235,-0.4087262425716333,0.18817397835038047,122.13452775803503,122.36353294652253
1010,11.049999999999997,-10.05,0.76,0.9572922756423868,-0.46245859812235074,0.23954634130706076,130.76086003092513,131.07449846186654
1011,8.0,-8.05,-0.24,0.7580848413790555,-0.5110816338887448,0.14673648290664607,148.934257041289,149.15183150959004
1012,2.0,-3.0,-0.22,1.9121592892221897,-2.165755313970156,-0.06973220531380403,552.036005320394,551.6649251949216
1013,6.049999999999997,-5.0,0.74,1.3186907718481637,-0.44689563108303865,0.4186608534861276,212.61653714714782,213.50350461137802
1014,9.049999999999997,-7.0,1.02,1.4570707031434422,-0.6193496493362078,0.41197508043339687,192.48363303732904,193.27619742615204
1015,7.0,-6.0,0.33,0.9791258305989802,-0.5176653843453625,0.26886478043842116,181.0110329443708,181.49574069706418
1016,6.0,-5.05,0.16,1.3166597801958184,-0.8528629907057099,0.250794195950163,247.24947238935655,247.87319526313183
1017,5.0,-6.0,-0.15,0.7348150086699335,-0.6370306864686559,0.09731109307119908,195.98158657208864,196.16853133380457
1018,7.049999999999997,-7.0,-0.22,1.303890066930213,-0.6295994682002222,0.19843821244682133,211.34654888338048,211.75941683956285
1019,9.0,-8.05,-0.13,0.9366110762219266,-0.3807120062357123,0.21238980067055585,160.78380192331727,161.12203773193994
1020,7.0,-6.0,0.67,1.158563027177807,-0.4895344511537313,0.36910805398911506,210.51309433467932,211.28709648561212
1021,8.0,-9.0,-0.47,1.0477367268092121,-0.6417422090678262,0.21764817362907884,183.6611757421998,184.05906132711752
1022,9.049999999999997,-10.05,-0.7,1.3214994747111677,-0.7193796580717301,0.19371055163126172,176.41646272523965,176.75787762373852
1023,5.0,-6.0,-0.3,1.2348448724356398,-0.8371211716177895,0.20867138853497746,219.5829214965849,220.0364000104649
1024,6.049999999999997,-9.0,-0.49,1.1193582973095384,-0.881364989559871,0.1907666799943748,182.1557563935296,182.49739374477903
1025,9.049999999999997,-6.0,0.64,1.3689655823523128,-0.5331450233484496,0.35147218474798714,165.994038987532,166.5777662482945
1026,8.049999999999997,-8.05,0.31,0.8265812561620641,-0.4012630984199924,0.19552182534772558,127.465073783189,127.714662024051
1027,6.099999999999994,-10.0,-1.07,0.6911206135449879,-0.4934783734657869,0.07333551503174755,128.75962176369504,128.85284806608624
1028,9.0,-8.0,0.41,0.9605253635369468,-0.4638353094882776,0.19831123892708138,142.5664511811554,142.84731999448314
1029,8.049999999999997,-7.0,0.29,1.0822234341537567,-0.5730775002493724,0.23350084060934098,153.70543074519273,154.06347937589703
1030,5.049999999999997,-7.0,-0.76,0.8609091763180584,-0.8909975468886058,0.0023457932479225008,173.89403062910154,173.89277842203427
1031,8.0,-9.0,-0.47,1.283739170485938,-0.7790914066351579,0.22609937405988956,167.2175912055817,167.58769664954033
1032,6.0,-6.0,0.27,1.1102307138148433,-0.6407429674413101,0.27293586409335474,181.89314920040414,182.38603675584906
1033,6.099999999999994,-8.0,-0.79,1.1215457152114543,-0.7482034982170103,0.1543244442166799,189.25810762079323,189.5483334637156
1034,7.0,-5.05,0.23,1.6537489135560046,-0.7093141006537012,0.35222072865479703,214.02397447151765,214.76760724430403
1035,8.0,-7.0,0.37,1.2850013620873384,-0.6133227613603032,0.33205155710742745,174.61745257291804,175.18925747875016
1036,7.049999999999997,-7.05,-0.08,1.1366299205145007,-0.6574179771803811,0.2347647693799345,160.81049055377176,161.18675989874038
1037,8.049999999999997,-7.0,0.35,1.24940574975016,-0.5803352938917109,0.26817977198316517,154.28782165474905,154.70001045477753
1038,8.0,-7.0,-0.2,1.1979016527910236,-0.6726062839180524,0.19709969922538345,156.03356602188353,156.33979584037166
1039,7.0,-10.0,-0.91,0.8629634185734723,-0.7195310684362297,0.09237145989024059,131.67503145173498,131.7954493638257
1040,5.0,-5.0,0.16,0.9800628528961687,-0.7456924974001937,0.14753680051922957,161.844766808952,162.07654106286697
1041,9.0,-7.0,0.57,1.0106055673222138,-0.49787778417414275,0.25971778798772965,113.63735990752426,113.93332147574169
1042,9.0,-11.0,-0.37,0.6223835201518201,-0.37041893230638845,0.13487839713107516,95.6929455133646,95.82211995382093
1043,12.0,-8.1,1.07,0.8670385877875773,-0.34625584596444065,0.23385957156245904,106.16309198797211,106.41057492054078
1044,3.0,-3.0,0.14,1.661807077798287,-1.5246747691547824,0.1566766378993076,285.7215368559271,286.1379405959478
1045,8.049999999999997,-10.0,-0.35,0.7324642749765808,-0.5606225358762699,0.11178993645236916,132.5738021653534,132.72036603644284
1046,6.049999999999997,-5.05,0.38,1.5016707022599434,-0.7546464312858329,0.33491754629976844,263.1539335691654,264.0272088169732
1047,8.049999999999997,-9.049999999999999,-0.58,0.8466437462800369,-0.46315906616184926,0.18936202455074416,155.71845874361438,156.01593953166923
1048,7.0,-6.05,-0.26,0.7289781308460139,-0.5063982815557366,0.08141494895255674,152.48618786196153,152.61194177281706
1049,7.0,-7.0,0.15,0.835082280371022,-0.5814174259011597,0.12653553591416974,180.52178521739393,180.73870384234903
1050,6.049999999999997,-8.0,-0.32,0.8296235404108566,-0.7395762307877713,0.12939125306963947,181.69178918814433,181.9226446216838
1051,6.0,-7.05,-0.08,0.9882979103351618,-0.9018202700078847,0.15346914118770058,223.19698815368923,223.53488896352485
1052,9.0,-10.0,-0.24,1.0581680494038657,-0.8287508749927134,0.1630835519651297,202.5661236078857,202.89606271290234
1053,8.0,-6.05,0.26,1.1443643559106342,-0.6107651110786959,0.19065688012830975,217.62887996881918,218.03855506286635
1054,10.049999999999997,-8.0,0.61,1.336827407204039,-0.8653419560826756,0.21974782714280927,228.32494935254016,228.82493688798448
1055,8.049999999999997,-7.05,0.86,1.0247088937375244,-0.45098205289600884,0.28296098890195215,211.44093325495874,212.036296546341
1056,11.0,-8.05,0.28,1.2508370005905103,-0.5436051661160567,0.26633047669653115,198.73393862430692,199.25411511037038
1057,8.049999999999997,-7.0,0.59,0.9647677934353409,-0.584410237806507,0.26844926392033813,202.0076301418389,202.54895917907533
1058,6.099999999999994,-8.0,-0.49,1.4895455718923094,-0.991481531691238,0.17162789890420696,270.42181483553566,270.88274696552844
1059,6.0,-7.05,-0.26,1.3289395622249844,-0.7558722270766742,0.2365348619703857,272.6381006325817,273.2814259555009
1060,5.0,-6.05,-0.08,1.102182735547109,-0.9965083759513313,0.18858595435405337,301.04662388871077,301.6010050258161
1061,5.0,-8.0,-0.41,0.9161081553187906,-0.7860404354011238,0.09701875003968947,232.14456869693535,232.37034217821906
1062,6.0,-7.0,-0.3,0.8921244589295321,-0.5905203667384241,0.12032353316102481,257.15278132812415,257.45369506910555
1063,8.0,-7.0,-0.14,1.2679189289286101,-0.7573109715304036,0.1412812026644265,254.82682243283415,255.17944512186787
1064,6.0,-5.0,-0.06,1.1098149297603495,-0.7037090191267713,0.14170362488820892,274.1928799938799,274.57519301367904
1065,8.049999999999997,-6.05,0.63,1.1893699181100392,-0.6645389843213698,0.19897432548888624,257.93019582162583,258.43855175235444
1066,9.049999999999997,-7.0,0.0,1.1450748260150274,-0.5239720021443248,0.21338847469808153,211.33627016112771,211.78623144272763
1067,7.049999999999997,-7.0,0.16,1.105063250599292,-0.6852436419652894,0.17099733750596802,237.80751725485953,238.20391476065703
1068,6.0,-6.0,-0.03,0.913863925224002,-0.660422552638421,0.15519694752794233,248.64676724446548,249.02960189228997
1069,7.0,-5.0,0.27,1.0374933390359635,-0.6251633252588786,0.20577729975764666,236.98707072030683,237.47240199802803
1070,6.0,-7.0,-0.33,0.8042869029747225,-0.7021754203895113,0.10600207234802221,222.03017552658093,222.26511865283155
1071,8.0,-7.05,-0.16,1.1611907036593212,-0.7905481630512748,0.12737723235467496,259.4415805049899,259.7623137949043
1072,5.0,-5.05,-0.39,1.0406839121610016,-0.8829539662990165,0.0948547034824798,288.45671020756686,288.72195512849635
1073,6.0,-5.0,0.04,1.1676930013833597,-0.8169024714241384,0.14800119484473667,284.58034117604126,284.9851356114758
1074,7.0,-6.0,0.46,1.0983294033932764,-0.7163552589909237,0.23246590401336917,243.63418476018572,244.1960379380182
1075,7.049999999999997,-8.0,0.0,0.8701555230024862,-0.5154797383481041,0.17046086318113648,198.0795884968945,198.41413908610494
1076,9.0,-7.0,0.88,0.9238642088767468,-0.3991220494750596,0.24340694059317072,200.79125870732773,201.27522682049172
1077,8.0,-7.0,-0.01,1.1503116477644337,-0.6789829523667164,0.19710345918838412,218.64906523033997,219.07363771190842
1078,7.0,-7.0,0.35,0.9912134912795715,-0.6478819977568362,0.24480246382026288,209.3242777282098,209.83337054349187
1079,6.0,-6.0,-0.2,1.4088889422067996,-0.9642353198438336,0.1302761304339695,314.137673389739,314.5437749315482
1080,2.049999999999997,-2.0,-0.12,2.777084751426871,-2.475378748725008,0.0908997171925162,605.4330318826454,606.0270212861543
1081,7.049999999999997,-7.0,-0.35,0.9925008690472668,-0.6720591358681026,0.1156710302033417,225.82738104279997,226.08475060379445
1082,6.0,-7.0,-0.61,0.9672651592798038,-0.7968583257383052,0.0842403474761819,224.11944879375343,224.3026387779284
1083,8.0,-8.0,0.14,0.9123449903434099,-0.42648276760299664,0.1809358709457253,178.11236149136192,178.4345208668636
1084,6.049999999999997,-6.05,-0.13,0.895836181131136,-0.6882807224605889,0.10488961766692097,236.1263189980308,236.37114237108761
1085,6.049999999999997,-8.0,-0.42,0.7366373158385375,-0.5336932674152729,0.08713795018879794,225.0247904538094,225.21768613833058
1086,5.049999999999997,-5.0,0.02,0.9762191492661653,-0.48913628832181094,0.12296049731528161,272.94379263965874,273.27072254292653
1087,6.0,-6.0,0.15,0.8349461842821148,-0.7067650403476071,0.15681317558479646,237.66559329429802,238.0434328916612
1088,7.0,-8.0,-0.55,0.821872765071498,-0.62560202998956,0.07379009476753187,213.24456998666167,213.39698650901548
1089,7.0,-9.0,0.29,0.6902784445273611,-0.5445278627674857,0.1569683729569973,208.88715021611907,209.21037245532153
1090,9.0,-8.0,0.03,1.0718001076497885,-0.576304081191455,0.20629870187108243,229.61283227588012,230.0852391030729
1091,7.0,-6.0,0.43,1.2763584718621745,-0.8041123781664018,0.1969159027830246,279.50645962234876,280.06199768047514
1092,6.049999999999997,-5.0,0.38,1.2261306982243658,-0.8230459609357389,0.19051148892383096,307.12806642844333,307.70713881528485
1093,9.0,-11.0,-0.95,0.4864567484819693,-0.33577388516999557,0.08014373066613949,127.45348018598989,127.55449520767314
1094,7.049999999999997,-6.0,0.29,0.8231597110654667,-0.38538005070460274,0.14844890475388905,209.6135319646646,209.92268142258007
1095,9.049999999999997,-7.05,0.32,0.9540659951484132,-0.6043974259542656,0.165576075686952,170.20272520126275,170.48617855170835
1096,8.049999999999997,-9.049999999999999,-0.16,0.8358747477649631,-0.613384887073207,0.12033636736744129,139.23556250743522,139.40205841135082
1097,8.049999999999997,-8.05,-0.16,1.4180006743649711,-0.5260990880045252,0.3863630023921784,242.69266271915137,243.62779744774846
1098,7.0,-8.0,0.28,0.7558980075638855,-0.5564853727310142,0.2083860880796493,212.2074196287211,212.65202128932302
1099,8.0,-8.0,0.78,0.8056879747095029,-0.5825790871367331,0.15218606394440196,225.8385157146299,226.18562867249824
1100,2.0,-2.05,0.03,2.291275404095874,-2.148336133676411,0.1119525680938685,675.38272690044,675.9870873419557
1101,7.0,-7.0,0.25,0.9413668026557916,-0.7802667903527374,0.09426457088844875,315.1046618345188,315.3918532533979
1102,11.049999999999997,-10.0,1.23,0.5868860488503383,-0.4016742839791701,0.1458107750510619,170.1744696317058,170.4204737536527
1103,2.0,-3.0,-0.18,2.1650843482786066,-2.4012387606996914,-0.10378246858438661,699.6545597679608,698.9206408464157
1104,10.049999999999997,-12.05,0.23,0.43788968961680064,-0.4797571134805301,0.06564433823991074,156.85002820028078,156.95366098180975
1105,13.049999999999997,-12.0,0.35,0.41379106366978446,-0.3007210231559197,0.07263024575874578,158.17182151183107,158.28614440938034
1106,9.049999999999997,-12.05,-1.5,0.4622300537228195,-0.44755958947388724,0.0170575424413562,175.09728119281525,175.12536642874352
1107,5.0,-5.05,-0.06,1.0502541404834755,-0.9855163901272302,0.05932049077071918,425.44810325222744,425.68389089989023
1108,6.0,-7.0,0.2,1.1149155578730452,-1.0628959534030142,0.13195813706294918,334.9975527116996,335.43339599111664
1109,11.049999999999997,-8.05,1.07,0.8675974237581502,-0.44924908015296583,0.1511775262730251,187.807109473021,188.08866982053286
1110,7.0,-8.05,-1.0,0.6823273771572601,-0.6655256381430863,-0.002410997653108352,260.9961467174693,260.9890789556161
1111,11.099999999999994,-9.0,1.41,0.636277005437727,-0.31527767394237344,0.17069021032018367,210.54471436087783,210.90207974551038
1112,6.0,-8.05,-1.13,0.5620561923835053,-0.725465880329871,-0.020989048107203093,279.073749647263,279.0148975575585
1113,7.049999999999997,-8.1,0.06,0.8752058220352606,-0.8737687859395358,0.08709081259201884,316.3104797489849,316.57446157944446
1114,10.0,-9.049999999999999,-0.44,0.5631811532885372,-0.45768764335963086,0.026883929511286313,215.36735021376597,215.42589006294736
1115,13.049999999999997,-11.05,0.89,0.48831971634008436,-0.3596509444688665,0.08821340848199888,165.39650429328617,165.54188029399572
1116,12.0,-11.100000000000001,-0.01,0.6493198234927428,-0.43758415185043975,0.10885862519188386,206.8292872663524,207.0536115151655
1117,12.099999999999994,-11.0,0.2,0.5781400319077725,-0.3423277397633353,0.09224435065258936,197.13906537840597,197.3174630036413
1118,9.0,-9.049999999999999,-0.13,0.8227530563280766,-0.6325708476153032,0.09531898069541186,210.65136359928238,210.8465877070426
1119,11.0,-10.0,-0.01,0.48462756556184666,-0.3070621159086058,0.07169561607306205,199.91793180490274,200.0600996092764
1120,10.0,-10.0,0.05,0.5061528912012667,-0.407765106371875,0.07926829705102062,191.94425997367787,192.0970965914239
1121,6.0,-8.0,-0.2,0.7453597352457785,-0.8017538408900627,0.055636313815522635,295.11359226242615,295.2726627682924
1122,9.0,-9.0,0.41,0.8635377326086104,-0.5439108653769237,0.16901602042646005,186.83559995973934,187.14700492884444
1123,8.049999999999997,-7.0,0.66,0.8216390763506167,-0.5512224159212046,0.13710374215138615,256.97960201338856,257.32924799583674
1124,8.049999999999997,-9.0,0.23,0.8278596583613942,-0.5969367460128657,0.13599772606060762,240.84297876292922,241.16437216170115
1125,10.0,-12.0,-0.94,0.8537530538677487,-0.7082315815563253,0.05251809871808672,211.8913734563731,212.00254211254472
1126,5.049999999999997,-6.0,0.22,1.1797450388919506,-0.9361818273385649,0.1264753337071061,425.9502141903645,426.47001575879403
1127,12.099999999999994,-9.049999999999999,2.28,0.799525515101396,-0.16813428380528245,0.3056712996908063,174.47916818051633,175.01230795678643
1128,9.0,-6.05,-0.16,0.6954054418702009,-0.35001751062205216,0.08996400666201824,252.23017852443073,252.45850020250273
1129,9.049999999999997,-11.0,-0.61,0.6011462235045334,-0.512338673543017,0.04152933626340172,215.21414776727198,215.30222637413198
1130,8.049999999999997,-10.0,-0.65,0.7902471676314023,-0.792730022804125,0.039261687157665676,265.6456954405622,265.7412457367548
1131,8.0,-6.05,-0.09,1.05607163377472,-0.691968440479987,0.10097033366926789,354.1201313435795,354.46537222954646
1132,16.049999999999997,-12.2,2.13,0.7261878672090806,-0.28483172896232767,0.2350959442506361,161.53287655801958,161.91276417954782
1133,9.0,-10.0,-0.32,0.5449855714324895,-0.3747048237037293,0.05767201459754631,222.2448849373994,222.3719131038107
1134,12.049999999999997,-13.0,-0.32,0.7069567497122571,-0.2714405652944475,0.20736508596855457,174.02109619119176,174.38186947317826
1135,8.0,-9.0,-0.83,0.8386241136559203,-0.5824963534097711,0.05074630265196482,278.63796294825886,278.7690274682567
1136,9.0,-8.05,0.5,0.8630055227393459,-0.6309274400531424,0.15317068380035642,285.25815850430394,285.68965091097334
1137,8.0,-8.05,-0.05,0.7242705338291973,-0.5286177752763093,0.07915494714340128,248.96412787255522,249.16020350755048
1138,12.099999999999994,-13.049999999999999,-0.4,0.4798911432623982,-0.26266704223368337,0.11840528162454646,158.0978812316367,158.28435288060606
1139,11.0,-10.0,-0.22,0.5177884884431886,-0.3737952171748452,0.047889993689926975,187.5277500004294,187.61681640246607
1140,14.049999999999997,-13.0,0.75,0.6967695596968545,-0.2747923289803487,0.19801770784339454,167.3756695254354,167.70592990941128
1141,11.099999999999994,-14.0,-0.96,0.5794810802721988,-0.4781064650459173,0.06636815146635527,198.28614703793286,198.41751317018895
1142,9.0,-9.049999999999999,-0.21,0.8499310423039559,-0.568951307210983,0.14261739544490015,271.88237494725917,272.2678617355721
1143,9.0,-8.1,0.67,0.6164864331897716,-0.47351308812265647,0.13803640732239486,243.79544184027702,244.13123384721698
1144,20.14999999999999,-18.049999999999997,1.97,0.5236368096744439,-0.10207162613583425,0.23397822258294754,91.69462895070347,91.90915542443767
1145,5.0,-6.0,-0.21,1.1490310752607134,-1.028379616198707,0.037668263593479405,464.99091737987976,465.1420928634011
1146,6.0,-8.0,-0.89,0.6285606510975043,-0.6890795830393279,-0.004694565360286385,305.7216347908427,305.7005071588084
1147,12.0,-11.05,1.17,0.6619231181610309,-0.2653090974158584,0.23171305161649997,186.12794166074866,186.55719969857924
1148,10.049999999999997,-9.099999999999998,0.31,0.5950866672479438,-0.48236082650763107,0.09986901450853533,230.21589319857296,230.44567308297366
1149,11.049999999999997,-12.0,-0.06,0.7163059898585895,-0.3995854353658839,0.15794258492390154,214.08479913754658,214.42078610509475
1150,11.0,-10.0,-0.25,0.7961714536045144,-0.4077224233550365,0.1182027838986955,253.8779118950319,254.1744217793696
1151,12.049999999999997,-12.0,0.21,0.7683853473707475,-0.4705710441764628,0.13242367668662725,229.34413784452877,229.64817947055897
1152,9.0,-8.05,0.1,0.6364314583862336,-0.4655247266389025,0.09860849600006581,260.74483240666865,260.99954414361093
1153,8.0,-7.0,0.08,0.8648626510058931,-0.611970539521602,0.10486534267353483,325.32446009118803,325.66117831696266
1154,10.149999999999991,-8.0,0.59,0.7580198303902329,-0.41108187430870635,0.14268227273099035,261.0344964813074,261.40824210433317
1155,8.0,-10.05,-0.54,0.8781659618378973,-0.724322187588964,0.08818398221083937,295.28321029302003,295.5379249678062
1156,9.049999999999997,-9.049999999999999,0.17,0.6380708359775316,-0.37794020233656883,0.12541904105876914,235.6096719599123,235.90443776429103
1157,10.049999999999997,-11.0,-0.01,0.7595692093791938,-0.4395498709932964,0.135944450215417,234.65085527091992,234.9685634702239
1158,12.099999999999994,-7.05,0.94,0.9060760786924309,-0.37491752559281954,0.23181539694976894,210.4793999461507,210.96337635076418
1159,10.0,-10.05,0.0,0.7831361177473941,-0.5670130146254397,0.14415063948443502,251.2870657016722,251.64785122055804
1160,7.049999999999997,-10.0,-0.17,0.8317288656806966,-0.7670753200894305,0.10532258295287361,239.24719683310792,239.4997646642763
1161,10.049999999999997,-15.0,-1.73,0.5371267167071672,-0.5540120789295174,0.01527265405606078,205.17125564199574,205.20026334457398
1162,12.049999999999997,-12.1,-0.39,0.5239154193662815,-0.27124588950743805,0.14380284874144356,157.7137639487552,157.9393665634856
1163,12.0,-12.0,-0.17,0.6266544595599726,-0.4472688967087644,0.09883166145839234,207.2045716546858,207.4080016135897
1164,17.0,-15.100000000000001,2.18,0.6335133285030051,-0.19174863268850414,0.2289523378455458,137.22170816413467,137.53606778769273
1165,12.049999999999997,-11.0,-0.63,0.6471460611838509,-0.3382396265844681,0.10364486066801781,198.59367460474067,198.79507240603175
1166,14.099999999999994,-12.0,0.96,0.7583255486555002,-0.26626381531948673,0.1999751925379155,183.3203984356948,183.6858985674932
1167,8.099999999999994,-6.05,0.91,0.7515048539523799,-0.4535018663615601,0.1634253416522652,263.2848891838619,263.7133263852843
1168,17.049999999999997,-11.05,2.39,0.730325145973172,-0.1836529564173121,0.2536977120293076,151.66489510305405,152.04889752585626
1169,10.0,-15.100000000000001,-1.03,0.5589247266988608,-0.6220970119797306,0.051163595124918054,215.3362491950905,215.4466823039983
1170,15.049999999999997,-14.05,1.03,0.6126698216229887,-0.24295799235508003,0.21407417763061282,160.57078910766404,160.9141285296394
1171,11.0,-11.05,-0.18,0.5279479473714126,-0.33368710838683147,0.09912423311415364,190.73501593250685,190.92272025868633
1172,8.049999999999997,-10.05,-0.59,0.7185614568103342,-0.42673140516514063,0.15598747538115812,238.95746172227624,239.33442091564407
1173,11.0,-11.0,-0.85,0.6555616965066393,-0.5253338826356944,0.034876751326871715,206.86257386107619,206.93521881534716
1174,8.049999999999997,-5.05,1.18,0.9955539046242459,-0.40249789714276935,0.26924202911541695,324.00716465112794,324.8698966297602
1175,13.049999999999997,-12.0,1.35,0.6427339269779624,-0.3287730215759419,0.16953156856735319,196.55267248348378,196.8856772682953
1176,18.0,-11.05,4.08,0.8443693564652279,-0.07105033851521576,0.38513531934215045,158.25347601940308,158.86188810991834
1177,11.0,-11.0,-0.2,0.7387429672264176,-0.49724439504240997,0.12099216555152265,203.51149369310363,203.7559922269194
1178,11.099999999999994,-9.049999999999999,1.89,0.8054812838943455,-0.21980917098944824,0.35492251180006024,211.7357505066411,212.48445879152678
1179,10.049999999999997,-13.149999999999999,-0.04,0.42732625815885,-0.2594879209228413,0.10378039633402465,170.6513688477336,170.82754650986325
1180,10.0,-8.1,1.01,0.8932175129852727,-0.33753771097885155,0.28616494859226266,262.02727371991557,262.7731018121711
1181,10.049999999999997,-8.0,0.65,0.775848821180002,-0.40573128434377836,0.16925329432640088,244.06771762966798,244.47824893286608
1182,6.0,-8.0,-0.33,1.1295737312375056,-0.8951311914235537,0.15713534598116338,376.7929375422163,377.3638379759339
1183,11.0,-8.0,0.88,1.658031079156085,-0.6883878919894035,0.37356243561566616,304.42247743650705,305.55154744936056
1184,1.0,-1.0,-0.05,9.056047060087181,-7.546345970321214,0.28481977914842704,2145.696423127096,2150.121391289298
1185,13.0,-8.05,0.85,1.2422245543367214,-0.4173035776787309,0.3303579909901426,234.19665109533724,234.9663999036092
1186,14.049999999999997,-12.05,-0.34,0.6312654095642269,-0.29938953471823115,0.10015010996885419,190.96193237764174,191.1532458108894
1187,18.0,-10.05,3.2,0.9148574416887819,-0.10667898814218243,0.3871993272701752,182.36109901533166,183.0655959057974
1188,9.0,-12.0,0.35,0.5335821402589107,-0.4144358662906046,0.14610482241499795,197.2612636595795,197.5490232487689
1189,12.099999999999994,-13.0,1.31,0.7055662746060385,-0.08279476030524008,0.2927134538616375,168.1263571369102,168.6174110907467
1190,12.0,-13.0,1.42,0.6009097005432128,-0.32892635797433933,0.1986567415462478,197.38468644449608,197.7755658182011
1191,10.0,-6.0,1.63,1.2386763614752665,-0.27242922708539336,0.4179413230514168,307.5718608545152,308.84748059745175
1192,15.0,-16.0,0.48,0.6749973239125003,-0.3080141275087736,0.16766973462742296,170.27371805589598,170.55801353215153
1193,4.0,-5.0,-0.13,1.5428347214457785,-1.7320952328023966,0.14787879326851225,636.5431403682951,637.4706305299976
1194,10.049999999999997,-7.05,0.74,1.1530375085469415,-0.6354057688442118,0.22582415612544682,319.4390279642557,320.15908947454534
1195,6.0,-6.0,0.34,1.6407948614971786,-1.3376211123376158,0.2912692582938392,470.41898488069637,471.77162501448475
1196,9.049999999999997,-10.0,0.55,0.7597464629962303,-0.5644145326860396,0.16550545511381884,248.7208962890083,249.13030291081148
1197,17.0,-13.049999999999999,2.33,0.8510845177930808,-0.16796759434858707,0.3640642151526891,176.14661716003127,176.7864009344297
1198,8.0,-7.0,-0.3,1.0649820300789496,-0.6219995100246645,0.08944335450465879,264.71603145672105,264.94990122759947
1199,7.0,-7.0,-0.17,0.9363556430678546,-0.567945814049995,0.22073123434355194,325.8537315318183,326.5689421962223
1200,6.0,-7.0,-0.32,1.4776381101872749,-1.2453455788598984,0.09201319313399135,498.0093281052837,498.4513894701186
1201,5.0,-4.05,0.69,2.1054719610868706,-1.0528729413025217,0.47779626189965535,581.634853853391,584.3665541249555
1202,8.0,-7.0,0.13,0.8410878158246804,-0.4356292317214492,0.1683721995103647,304.8734798632537,305.38520531217347
1203,6.0,-7.05,0.13,1.4549582625740394,-0.9334468307804167,0.2721842486091794,429.69368201983013,430.86306974015565
1204,15.0,-12.0,0.97,0.9155606146343132,-0.3333523912031035,0.3148940506900273,188.0327760551298,188.62262102093308
1205,12.0,-9.049999999999999,1.18,1.015700933720665,-0.37848989902690505,0.2763257399045327,217.20771226219577,217.80202623611032
1206,18.049999999999997,-15.0,1.3,0.853198181131822,-0.27462881038469844,0.2984635098835981,170.1156570367245,170.62185952686556
1207,5.0,-6.0,0.06,1.4736997876531854,-1.2408822730271947,0.2106557768705797,512.5917076093718,513.648320297666
1208,13.049999999999997,-10.0,2.05,0.6809698672818744,-0.22360796278648626,0.26735416008888163,179.5940059095373,180.07425279210915
1209,11.099999999999994,-11.100000000000001,0.31,0.9203368819880037,-0.5154752131328709,0.18445353711099918,243.67474077211205,244.12232293458175
1210,6.0,-5.0,0.03,1.405194153411458,-0.8766411614560576,0.20721279215951846,453.5337112106779,454.4269318786176
1211,4.0,-4.0,-0.12,1.990441789521681,-1.434664894007307,0.11886418018408242,675.886512386068,676.6624181713798
1212,6.0,-4.05,0.85,1.5208314692277038,-0.7702122998252016,0.38068308634314824,458.2598819318904,459.98972087338086
1213,4.0,-4.0,0.56,1.4717197836953353,-0.946414162004007,0.3827112493530155,567.0693207634829,569.2556541842076
1214,6.0,-4.0,0.58,1.4267080808783952,-0.8578466346688224,0.29056943924027306,476.0990195641751,477.4734050604561
1215,8.049999999999997,-7.05,0.17,1.206781395949464,-0.6694481529267716,0.209261357843592,353.730062068085,354.46303749902313
1216,8.0,-10.0,-0.09,1.062080164539516,-0.746858734382011,0.1890748021797853,306.87822196757367,307.45640073201935
1217,11.099999999999994,-11.0,1.28,1.002640137907263,-0.42016580210994925,0.3076740307611788,217.18970367917072,217.8568025473726
1218,12.0,-7.05,0.85,1.095125192006452,-0.45157909274479713,0.24209899933686085,223.38976040371975,223.93309878436528
1219,15.0,-11.0,0.91,0.6818395706668614,-0.2115022054284046,0.20956957652038835,164.11687341210092,164.4602292842675
1220,6.0,-6.05,-0.02,1.4415635730301677,-1.0766332489368522,0.21475315281672466,468.20519274840154,469.1637368346662
1221,8.0,-7.0,-0.1,0.9175028854967238,-0.46677173525611665,0.18655600865103517,290.3609045612501,290.8977858872961
1222,19.0,-14.1,2.06,0.6721697560993437,-0.19586306396454842,0.2459735226894222,152.5880306311952,152.96288760706418
1223,9.0,-8.0,-0.38,1.1120792770887353,-0.592370671762615,0.14495243938471797,300.8308937290623,301.261872574641
1224,17.0,-13.149999999999999,1.58,0.6383430935412383,-0.27667121196978123,0.2194049859074428,128.01487509717478,128.29536312287496
1225,12.0,-9.0,0.7,1.0072101409644476,-0.4466312113536564,0.22614984720619943,272.38156592374685,272.9989802020055
1226,19.0,-17.0,1.31,0.6002967576531599,-0.20974893570734857,0.21490311519864014,125.61777769584015,125.88708390943164
1227,17.099999999999994,-13.099999999999998,1.33,0.8038951501824612,-0.2901748723955549,0.24967746707763808,172.38109576910327,172.81086380807173
1228,12.099999999999994,-9.0,1.32,0.9525912915212192,-0.31200618405137087,0.28318116938243704,218.477966661031,219.09294174514292
1229,13.0,-13.0,-0.11,0.7361640112265004,-0.4481518086033457,0.12627210090176855,159.1086655469419,159.3088228644081
1230,8.049999999999997,-8.149999999999999,0.31,1.011921968470605,-0.7383457377553115,0.20246283873275878,280.27835034061997,280.84350913775955
1231,11.0,-9.049999999999999,0.75,1.055764962440404,-0.5479545646589113,0.27921083287503484,287.6443664431815,288.44416200805995
1232,18.049999999999997,-15.15,1.61,0.6561965116585893,-0.26816538500252945,0.21269869033171052,121.45683102018056,121.71370540768189
1233,18.049999999999997,-11.100000000000001,1.99,0.9059401730260401,-0.2748265327923539,0.29017722964391773,176.66757846291281,177.17889933027425
1234,18.049999999999997,-15.100000000000001,2.15,0.6474365587432327,-0.13331434058446087,0.25068111874247523,132.5860631992429,132.9174583063184
1235,16.0,-13.0,1.45,0.8794369662032564,-0.3064338119580888,0.2593634065464095,151.83071413008204,152.2241865585149
1236,19.099999999999994,-14.0,3.47,0.6264233457145846,-0.030413719532226883,0.2782422527217499,101.84752180586267,102.13011712259967
1237,14.0,-11.0,1.06,0.6564124033504326,-0.19464296434354852,0.2446476869783012,179.65174364085223,180.08998800733391
1238,12.049999999999997,-16.1,-0.21,0.4931212005770063,-0.13820437055855672,0.2031387571748503,121.19029198192248,121.43618930768118
1239,15.199999999999989,-15.05,0.93,0.6253348418069321,-0.19654827103203526,0.21039865043319905,144.50052064766373,144.80382805251713
1240,14.0,-10.05,1.55,0.8710337935551027,-0.2200484169234475,0.28706112040902526,183.72505546105953,184.25083183347746
1241,7.049999999999997,-7.0,0.04,0.8816650730339134,-0.46441003593203517,0.18128273280567864,258.99562450281894,259.4677777393314
1242,2.0,-2.05,0.03,3.428712610204624,-2.6059263744082695,0.35607233537588134,908.8714528259143,911.7802485438151
1243,11.0,-12.0,-0.62,0.8760232116383488,-0.47845988794843297,0.19042227230911368,192.92377707770098,193.29083176854962
1244,14.0,-12.1,0.92,0.8614505522160171,-0.3122122366430304,0.2628246680498238,156.03095845875782,156.43923106741258
1245,11.0,-10.05,0.6,1.0685460152868547,-0.6347350237365301,0.23254879557825306,266.2941539198952,266.9043611393858
1246,10.049999999999997,-12.1,-0.73,0.7513038723840041,-0.5308128222238657,0.15373881134758383,205.29000994220402,205.60710384922794
1247,15.0,-16.05,-0.38,0.6432198947855303,-0.31207262702856337,0.1875694574478211,153.11825100703246,153.40323488699423
1248,7.0,-8.05,0.13,0.7585987267502164,-0.5317348975275232,0.15939555072090913,256.74390499903325,257.15113027449365
1249,9.049999999999997,-9.0,-0.06,1.107871495804892,-0.5272958136328397,0.2156276593427701,298.20897409594386,298.8473719295873
1250,15.099999999999994,-13.049999999999999,0.13,0.8440897663973346,-0.35273953320265505,0.2277135926196925,187.4765862492191,187.9006561935689
1251,12.049999999999997,-9.049999999999999,1.74,0.8339354115765288,-0.35791462282326764,0.27486918972856283,217.31138276442707,217.9055974690304
1252,7.0,-8.0,0.18,1.0868589159,-0.7741449212813363,0.2186334345290878,332.0067123706161,332.72914443545545
1253,9.0,-8.149999999999999,0.77,0.8049510501055912,-0.3725242927379188,0.23105706828294004,235.4023553507884,235.94824542964372
1254,16.0,-15.05,0.97,0.6057631809373942,-0.27753084245161674,0.18979588842652556,123.39397692320276,123.62707561811482
1255,11.149999999999991,-16.0,-0.8,0.6557843257620244,-0.4345191457464565,0.15135427005613888,142.00927704862067,142.2236265747604
1256,15.049999999999997,-12.05,0.52,0.6088984034062207,-0.17942220476670542,0.17503710299896136,155.8300220563712,156.1021529770401
1257,18.049999999999997,-16.1,1.22,0.5448646949357666,-0.17213944134529224,0.22069987106343458,110.68875818589784,110.93332777329724
1258,15.0,-13.049999999999999,0.79,0.7636806689820348,-0.39636946978801696,0.18837145734733368,164.42069686770904,164.72893132870843
1259,15.049999999999997,-12.1,0.81,0.8262057203114891,-0.2996598107484571,0.23835082406469496,169.5092900115914,169.91124143868365
1260,6.0,-6.0,0.13,1.015218070889568,-0.6105666795940872,0.21037797098564892,287.52538008155415,288.11994880050145
1261,14.149999999999991,-16.05,-0.27,0.5344127920730332,-0.27817311374713116,0.14986018536308443,147.13856049577507,147.35828211494336
1262,8.049999999999997,-9.049999999999999,0.27,0.626445962551434,-0.29871117716840573,0.20437870198573405,200.2282747191228,200.63614674094583
1263,9.0,-10.05,-0.58,0.8515280783967456,-0.5032035872217079,0.16743492749938788,233.1325177097681,233.51933798599373
1264,14.0,-11.0,1.87,0.6015451648430358,-0.1727062721162497,0.2128502337228448,155.1347258897033,155.46442116718478
1265,9.0,-6.05,1.1,0.9736913323366974,-0.47621214698093517,0.255527552187286,265.51266301835955,266.19189677310425
1266,11.0,-7.0,0.87,1.0639038367967344,-0.37063822237959015,0.2632502081508321,249.4394605699977,250.0950118035771
1267,13.0,-9.2,0.93,0.7118671687678938,-0.21742951827477552,0.19355702956234766,169.29005576522718,169.61733428141193
1268,9.049999999999997,-14.05,-1.97,0.565389169204875,-0.4251951474961538,0.09896492193985211,149.63522312172273,149.78282128194957
1269,16.0,-10.0,1.77,0.7603350227640141,-0.21344533792955422,0.22065381620886326,160.23564141612624,160.58955088646115
1270,9.049999999999997,-7.0,0.91,0.7059662204369563,-0.23831751869543832,0.23080032722739507,196.006918879101,196.4596336477376
1271,12.0,-12.05,0.5,0.6487441949634543,-0.34133885303680966,0.17067374631457524,177.1631899952892,177.46576944770806
1272,9.049999999999997,-9.049999999999999,-0.13,0.6429099099361313,-0.28560525035252465,0.19318665894992448,193.2347043542597,193.6070043495808
1273,16.049999999999997,-11.05,1.44,0.8401358267608102,-0.30824528431246273,0.23071380191540328,163.04322135686826,163.41863400268198
1274,8.049999999999997,-9.049999999999999,-0.56,0.9295989776752736,-0.6496050628224247,0.12357756975491785,246.19480605027053,246.4981481631163
1275,12.049999999999997,-14.0,-0.75,0.5935807096721627,-0.3208108033312709,0.12965110475261565,151.85075456223507,152.04738556458835
1276,10.049999999999997,-10.05,1.06,0.7257910372066412,-0.3714283537541438,0.2253524539382056,174.5487460964766,174.93935678308858
1277,15.0,-17.0,0.62,0.6489872745626184,-0.3948780580622607,0.18262528668519945,137.26654044957266,137.51561194465827
1278,10.0,-10.05,0.54,0.9081730063195868,-0.5477496377269437,0.23104619479099386,230.39483155089684,230.9190307234182
1279,12.0,-13.099999999999998,-0.79,0.5751562420798606,-0.29466409383413467,0.13401017366242704,153.77657290130017,153.98298617458994
1280,9.0,-8.1,0.06,0.7673459534852543,-0.4590475046590985,0.13969549853497265,223.6282495512089,223.94089334797448
1281,7.0,-6.05,0.04,1.1382813933069555,-0.7356743404061302,0.16048009528977944,329.506412514152,330.03719964893475
1282,15.049999999999997,-17.049999999999997,1.64,0.6530784616875094,-0.3941992915796867,0.21246936901130253,136.99440723044114,137.28430637169402
1283,13.0,-13.099999999999998,0.77,0.5946716770178301,-0.32391434492155635,0.17968731680002326,152.31227774530373,152.5858628256938
1284,8.049999999999997,-9.0,0.12,0.9152402187902156,-0.6716678743212203,0.17704596949676837,212.28445433287942,212.65920929749205
1285,16.0,-13.049999999999999,1.63,0.6779651569946933,-0.212026031383056,0.21519477279491267,134.1935780808356,134.48226305022152
1286,11.099999999999994,-9.0,1.08,0.9189107065277976,-0.3503314619787834,0.23307878049738873,188.05696958438105,188.4929405611785
1287,17.0,-17.049999999999997,1.56,0.6278436022130637,-0.3841286788068166,0.20316864320485045,151.03670667888167,151.34354618870356
1288,9.049999999999997,-7.1,0.61,0.7935550840467065,-0.2914581108595074,0.22056442451088418,217.9285254805307,218.40761842368036
1289,17.0,-12.149999999999999,1.78,0.7526059101249285,-0.2755656767645503,0.21884192206565078,130.24826855236307,130.5332964052695
1290,11.0,-10.0,0.05,0.71034535444052,-0.329699447131243,0.14265026814249715,190.29060511237174,190.56276923634448
1291,10.0,-8.0,1.03,0.8286973819999139,-0.42602113510830625,0.24029102678682066,225.56522032881819,226.10580262272504
1292,9.0,-9.049999999999999,0.52,0.7319445823742599,-0.4650266130823954,0.17815035982552135,223.57072073571712,223.97021526150854
1293,14.0,-14.05,0.75,0.6393170387997694,-0.2935178491942198,0.19359939081654143,137.5351465166083,137.80092632640685
1294,6.049999999999997,-8.0,0.07,0.6567272638375447,-0.4584375681299697,0.16344360051309742,217.33275590467724,217.68921866586555
1295,15.249999999999986,-13.0,0.83,0.6760817995239021,-0.20355441072101643,0.19504670356940143,142.13010266832302,142.40656074381218
1296,9.0,-8.0,0.19,0.9035068886368156,-0.6157602996345495,0.16820905529156754,257.39143304798256,257.8191201871065
1297,11.0,-13.099999999999998,-1.11,0.5413871358604273,-0.23870091063934526,0.12378180707946317,131.04780501540927,131.21096451488708
1298,7.049999999999997,-8.0,-0.39,1.096050039395303,-0.733080827865538,0.16525765050424482,221.49458074295202,221.86375283387702
1299,13.0,-14.0,0.01,0.6250273849556851,-0.29835809270041486,0.19036974795854314,145.29268209926525,145.56792605473163
1300,10.0,-11.0,0.34,0.8252188067635129,-0.4331607635894998,0.2306069407994192,204.78550108390095,205.25907844818698
1301,15.0,-13.0,1.24,0.6678200573639884,-0.3062138393744304,0.20275127443734042,141.02474641354485,141.30950647093363
1302,8.0,-7.0,-0.41,1.1541802125234617,-0.602878626962196,0.1715785525793415,313.019699387315,313.5487366953492
1303,4.0,-4.0,0.1,1.6251787553405375,-1.0030223889795316,0.19534642130546523,456.94036493692545,457.77522211971495
1304,7.049999999999997,-5.05,0.83,1.0377982063881666,-0.43358457632537845,0.2665298470842376,281.4265149487712,282.1767429860082
1305,6.049999999999997,-6.05,0.08,1.2644224666835473,-0.8607376309416712,0.19217435029941288,343.9297501178604,344.58317506938903
1306,12.099999999999994,-10.05,0.44,0.6530218917189138,-0.24073454207585512,0.18066550848802926,142.06413944912703,142.3203720016921
1307,7.0,-7.0,-0.13,0.9607638865149614,-0.6193655450724589,0.1307485833520223,284.8378794785444,285.20617131764277
1308,3.049999999999997,-5.0,-0.17,1.3495315787307376,-1.0846373688209565,0.11499200754194122,426.5173819065018,426.98449532537256
1309,10.049999999999997,-7.05,0.7,0.8963105881456835,-0.39395022804534696,0.20921496184237484,219.6649568044323,220.1211596864419
1310,8.0,-8.05,0.3,0.9991077398154504,-0.5788441198150166,0.19090190357473072,254.2919720194078,254.77070737322475
1311,9.0,-9.0,0.43,0.8025916224769918,-0.5954787077953,0.18823714380272655,172.2290861667744,172.55234223493937
1312,7.049999999999997,-7.05,-0.43,1.0370478126809042,-0.6890526501644356,0.11938196377775323,288.91634190377346,289.267379161817
1313,8.0,-11.0,-0.14,0.909440699175319,-0.690569328224522,0.1419229795243298,229.16796452658852,229.4938254771757
1314,10.0,-11.05,-0.39,0.8207049812079211,-0.5839749561986478,0.13474731120154865,206.34842105905471,206.6228881548378
1315,7.0,-6.0,0.08,0.8537589312662712,-0.48824737689853964,0.1767304719794214,277.5112728020395,278.00020940917494
1316,9.049999999999997,-7.05,-0.07,0.758960845447231,-0.30937431174106156,0.15905291103827174,183.05203976882157,183.34143547618177
1317,15.0,-13.049999999999999,0.8,0.6281175035488209,-0.2492062741203384,0.1902718925748367,122.35448828482889,122.58730263210458
1318,9.0,-9.049999999999999,-0.36,0.8094555127029749,-0.46375759460368704,0.12911247370110351,219.45066788064796,219.73125132772802
1319,11.0,-9.049999999999999,-0.18,0.844295064560226,-0.40442041177906024,0.1594993620434445,206.20507463739614,206.53347843851657
1320,9.049999999999997,-9.0,0.15,0.9721119078512577,-0.5453209312146592,0.16959024979252357,224.52817347210822,224.90771720830824
1321,9.0,-7.0,0.13,1.0565081654897397,-0.5139318087069414,0.1860531191067332,264.1259958026922,264.6175113079989
1322,11.0,-13.049999999999999,-0.83,0.59645619476505,-0.35223485203355354,0.12723632697125536,168.39946790876212,168.6122392622041
1323,6.099999999999994,-9.099999999999998,-0.99,0.5599704338346433,-0.37164377944841404,0.10678961346386016,191.548872912281,191.7534634005502
1324,8.0,-8.0,-0.01,0.8414487067854056,-0.4815520286692362,0.16523897141424992,207.34142369714405,207.680880428484
1325,10.049999999999997,-12.0,-0.4,0.7515467061569066,-0.5829298857917551,0.14500301078529998,195.45328647511698,195.7357930426359
1326,7.0,-6.05,0.57,0.944986689601152,-0.49123864302465414,0.23445172653242874,275.93947837035194,276.5686598338795
1327,6.049999999999997,-6.05,-0.48,0.9239928794478693,-0.6125282989064194,0.11816692866302626,290.6330090347414,290.97448016911665
1328,11.049999999999997,-12.0,0.0,0.7242552219420354,-0.4312074627992184,0.1743056592654419,154.63346720083962,154.90123619925055
1329,7.0,-8.0,-0.27,1.0167913178780303,-0.7506230821298563,0.15416241271292286,241.94375607307532,242.30943158215425
1330,12.0,-11.0,-0.26,0.882732118003211,-0.46273614046686773,0.16008467233239862,193.3705814539039,193.67815505399284
1331,16.0,-12.05,-0.1,0.7800775485977616,-0.35208136187459604,0.14456364934780597,115.8429451787203,116.00969332938551
1332,8.0,-9.0,-0.19,0.865834964118005,-0.6089893072167799,0.11850179550917707,235.71008715029606,235.99089716496937
1333,9.049999999999997,-9.0,0.46,0.8096913525175229,-0.4390791210637395,0.18844505776505166,200.84099618449966,201.2192878839404
1334,8.0,-9.049999999999999,0.16,0.6741101667480168,-0.4494135381004847,0.16385083804516992,204.92489038583906,205.258258152088
1335,12.0,-9.049999999999999,0.81,0.7424169102048387,-0.29015576153224415,0.19786786444922097,154.72290752191512,155.02898141250373
1336,7.0,-12.0,-1.78,0.46035997726226524,-0.45333280085868005,0.0467707335083825,162.48831294831783,162.5633100558221
1337,11.0,-12.0,-0.2,0.7859078505814868,-0.5812085753378212,0.16904310723279392,203.62234934435344,203.9641154215207
1338,9.099999999999994,-11.05,-0.7,0.6826505290837035,-0.3444565766759117,0.11249359037171035,163.3943711072312,163.5764580965074
1339,11.0,-10.05,-0.22,0.7626181128981939,-0.4141294001004475,0.1242617936624374,156.3172101173229,156.508041333315
1340,10.049999999999997,-10.05,0.77,0.9855327139818058,-0.5398592384171222,0.22904617593578658,209.3263990012651,209.8035145324949
1341,12.049999999999997,-10.0,0.37,0.8114480210751185,-0.45109396471040253,0.17844734422168362,193.2632468147967,193.60692162984768
1342,6.0,-6.1499999999999995,0.1,1.1702172390487102,-0.9162464064988793,0.19476964995303697,310.7712245996542,311.37365376079686
1343,13.0,-10.0,0.96,0.9600941975787092,-0.38504469500068106,0.21716085172580982,182.69626280589375,183.09240966290383
1344,11.049999999999997,-11.05,-0.5,0.7822551335804968,-0.44876997230365545,0.11149828309975636,150.1690608010244,150.33387681408016
1345,6.0,-5.05,-0.18,1.7287462697696796,-1.0895050153512669,0.1899321243067485,386.2396563945859,386.93727806807925
1346,17.0,-11.05,1.85,1.0589010143087285,-0.1799191206277199,0.3725157564132548,134.73761630367383,135.2390664258616
1347,6.0,-6.05,-0.05,0.9905225266681066,-0.7615310314579106,0.12748094733607077,295.7488901001527,296.12584787481677
1348,3.0,-3.0,0.02,2.4431681191771557,-1.8772126057018903,0.318331824844844,529.5152894984245,531.1970480004096
1349,11.0,-10.05,0.4,0.6521035297811412,-0.4246723070804429,0.16612696976574712,139.49786584462413,139.72957271356748
1350,6.049999999999997,-7.05,-0.13,0.9814681702733156,-0.6841904060757942,0.20389766872069115,267.06313156872164,267.6031921859664
1351,7.049999999999997,-9.049999999999999,-1.01,0.9367369608511206,-0.7682172643713538,0.062195075461624,243.74520642993863,243.88977622635844
1352,9.049999999999997,-9.049999999999999,0.67,0.7453776667887719,-0.44900349277958757,0.19416221635802078,176.76845941954377,177.10878119054112
1353,14.0,-19.05,-1.36,0.5827574684123396,-0.3845918104931555,0.12483811695050658,124.99269324367553,125.14904600331039
1354,8.0,-11.0,0.07,0.6210968371820771,-0.39204329262556104,0.16815931652775565,131.82711394987146,132.04785754710866
1355,5.0,-4.0,0.54,1.6272919608697611,-0.9435047679737868,0.3039774894554772,388.8125591482183,389.9920170621444
1356,8.0,-6.0,0.1,1.3408759695782226,-0.6222934347098048,0.20125782257761304,304.0748009035842,304.68361931502307
1357,14.0,-11.05,1.46,0.6235161387537842,-0.24455717754291442,0.2079300665932545,135.44395177400003,135.72401129626974
1358,11.0,-14.0,-0.42,0.8014060903604835,-0.4684042394611661,0.14380033577779225,122.43364634803874,122.61018449479758
1359,8.049999999999997,-9.0,0.09,0.738390293475195,-0.4150972106273142,0.17254649983211476,221.19332436405276,221.57681880931978
1360,8.0,-11.0,-0.51,0.867735070617629,-0.6546734416620111,0.1298156836192359,233.0329760159883,233.33306742846383
1361,14.0,-16.05,0.02,0.7615270634645102,-0.4028009507957492,0.1837163004608282,135.21372046313155,135.46213535996105
1362,13.0,-11.0,1.18,0.7360422830445585,-0.3366261131018786,0.21379894917941356,153.13264930514862,153.4605781342344
1363,12.0,-13.0,-0.18,0.6830481061557201,-0.3316895565274978,0.16324518450050157,142.34181833339065,142.57113242022922
1364,5.0,-5.1,-0.08,1.1276190726184894,-0.9494532961977002,0.1323432019711543,279.3591128877757,279.71105623557486
1365,9.0,-11.05,-0.28,0.69152181505269,-0.4323370663364142,0.14816594678606598,156.47350834021347,156.7041061660696
1366,12.0,-12.0,-0.66,0.657265069163891,-0.34706558488499256,0.13776047033647326,142.44397589190402,142.63968438034848
1367,11.049999999999997,-13.0,0.4,0.6566898641487234,-0.2859300045292505,0.187156357093356,141.1017043130407,141.36497755660628
1368,7.0,-8.0,-0.59,0.6918154896964062,-0.438754856860487,0.10978190634951895,183.35739807033175,183.56316765978073
1369,10.0,-9.0,-0.05,0.9048084882708816,-0.4607550850406388,0.15358403149606034,175.93173275266648,176.19530664139688
1370,15.049999999999997,-15.0,0.05,0.7222217034641847,-0.3688289790951031,0.16518276467480256,124.82654378543008,125.03231104534676
1371,11.049999999999997,-8.0,0.5,1.104238862075492,-0.5065183053751423,0.20088731262708723,200.23776560523913,200.63819188487713
1372,15.0,-10.1,0.5,0.8872463393657493,-0.33233728486731967,0.18431860756471877,141.22985793936073,141.49034684234724
1373,11.049999999999997,-11.100000000000001,0.55,0.7799115769043409,-0.4489774810974745,0.1574827738739042,150.24166697824387,150.47828057049955
1374,10.049999999999997,-8.1,0.42,0.9177905604389874,-0.48620228040867663,0.2162302197427021,128.75012328867987,129.0291456079974
1375,13.199999999999989,-15.05,-1.41,0.6912482062023453,-0.43470076268206864,0.09748962442278117,127.03116583027543,127.15441193954466
1376,10.0,-9.2,0.02,0.6190351849229054,-0.3185393943014795,0.12698115715951924,148.09109199195674,148.27725317016612
1377,10.149999999999991,-13.0,-1.41,0.6334648825043628,-0.38682925752999353,0.1013543177890763,133.34399985107518,133.4778870072308
1378,2.049999999999997,-2.0,0.02,2.6087936540544043,-1.8286938858701824,0.18856094198259968,470.1234177830754,470.9339834510034
1379,7.1499999999999915,-8.05,-0.32,0.84059895901809,-0.6372549293757265,0.11331821399931621,206.45933973439725,206.68877419193623
1380,8.049999999999997,-10.05,-0.93,0.7522611645440708,-0.6013674657034295,0.05530109448260546,167.28866855061705,167.37847423246407
1381,8.149999999999991,-8.05,0.42,0.775832786518218,-0.4856567040247174,0.1440661791847697,169.02174638332727,169.2653673316053
1382,10.049999999999997,-10.0,0.77,0.7659055582116836,-0.4259131085151766,0.19016754790649748,148.3539251646327,148.63490523102345
1383,2.049999999999997,-3.0,0.01,2.4667409266907185,-2.7120920280684992,0.18373117328934563,535.1229938232374,536.0583387613348
1384,10.049999999999997,-12.0,0.0,0.5700487395818239,-0.4023476191368056,0.06668530188701205,186.8358163794094,186.95889931377056
1385,14.0,-8.1,1.08,0.6073323285058219,-0.26580018051110454,0.121726715575442,175.6650744269431,175.87915628925853
1386,2.0,-2.0,0.03,3.288934916633408,-3.146978305432244,0.05507494205798278,973.0072037632315,973.3856069997476
1387,15.049999999999997,-12.05,1.78,1.2488647911343966,-0.30559926166479634,0.5322808882287792,190.36278046311784,191.37170321232392
1388,8.0,-6.0,0.33,1.2339978967963234,-0.5940575441969611,0.24400250862117812,217.41134622299202,217.93890915784309
1389,9.0,-8.05,-0.12,0.8343599405517059,-0.4229709555300707,0.15666719513276506,163.7299508612601,163.9832549277519
1390,8.0,-8.05,-0.54,0.7995958092802675,-0.6902026704220323,0.07914626395801616,181.11738182590224,181.26089368065368
1391,18.049999999999997,-13.149999999999999,3.28,1.7732976915325536,-0.06153160477896682,0.9308602460682083,203.72194776901924,205.61609805452454
1392,8.0,-7.05,-0.6,0.8571110788472673,-0.6308758727839472,0.07734078316500045,194.22508160019714,194.37088931486306
1393,7.0,-6.0,0.73,1.1062808041997287,-0.5692756848572519,0.24248589975223273,217.4347804003299,217.96427838622444
1394,7.0,-9.0,-0.88,0.6956099124958111,-0.524035905891602,0.0986934261881601,174.7181618082342,174.89031225708652
1395,7.0,-9.0,-0.53,0.8077363101856725,-0.6680070017001629,0.10587286705055345,182.96511093612986,183.15472514666718
1396,5.0,-8.0,-1.06,0.7498543188850134,-0.7880751365561441,0.0299999017169318,196.3190218100904,196.3723949586099
1397,7.049999999999997,-7.05,0.15,0.9536496190920167,-0.5415363026507151,0.21830092751639982,196.96591421435733,197.3976584400884
1398,7.049999999999997,-7.1,0.61,1.8962489280982577,-0.8909795063781292,0.5602013712893215,411.5284755757415,413.8311782943188
1399,5.0,-6.0,-0.08,1.1597655668577147,-0.9536019860023373,0.1384626747436818,269.91681956167287,270.280718516822
1400,8.0,-7.05,-0.08,0.9218190754090568,-0.6040483462892781,0.11994730969488161,206.49141378548305,206.7391474923389
1401,5.049999999999997,-5.05,-0.18,0.9503913319440221,-0.6771067993379741,0.1272906842650837,236.7170563075066,237.01979127965834
1402,13.0,-13.049999999999999,0.01,1.1935090726158126,-0.4397177101882756,0.37138703453069,212.78422318567507,213.57277536627797
1403,7.049999999999997,-5.05,0.1,1.193357462001547,-0.629275866632057,0.15746581385867128,233.88087069305405,234.2416085897343
1404,8.0,-8.0,0.17,1.0106616149813017,-0.7147359845248394,0.1661924371710805,194.2543371959468,194.57184459563896
1405,4.0,-6.0,-0.4,1.0656905578294922,-1.0638308941544377,0.06530699329693991,278.07813194955946,278.2472672306019
1406,7.049999999999997,-7.05,0.35,1.7126274067640015,-0.8816990492633271,0.4670651115298764,396.9911140932003,398.80603530585273
1407,5.0,-7.0,-0.2,1.00936328775619,-0.9907517835058954,0.0797081952678674,261.26730420490566,261.47280164257614
1408,11.0,-9.0,0.7,1.362104626398016,-0.4100744776624324,0.46879438953790376,261.09287822364,262.31694491383377
1409,6.0,-7.0,-0.39,1.04528646762814,-0.8827195395737394,0.06196512412282524,233.45594812847398,233.6044294992266
1410,7.0,-8.0,-1.21,0.9412329860314474,-0.6598516965516996,-0.01240955178972334,204.9693727729652,204.93895229843045
1411,4.0,-4.0,0.4,3.7514915106304025,-2.0403080290203746,0.7816104670603867,633.9361372930995,638.8466327010378
1412,6.049999999999997,-7.05,-0.49,0.9770375971483337,-1.0280063808406927,0.04898821020582139,234.71772729315265,234.8370997861762
1413,7.0,-6.05,0.62,2.5149888503752984,-1.080016542874523,0.7139646411929749,351.68992362654404,354.1816381420743
1414,5.0,-7.05,-0.24,0.9726131296234752,-0.9896245579810535,0.08378508648322658,263.7741526957369,263.9896077438948
1415,5.0,-4.05,-0.09,1.2560630363412908,-1.026078918371988,0.06420356537009742,329.0797443525255,329.2787517436759
1416,8.049999999999997,-10.0,-0.54,0.9043189686914761,-0.7016270812240827,0.11626764875951,190.8333594011996,191.05389151999324
1417,8.0,-9.0,0.56,1.5096666832087486,-0.8406203136375489,0.43097098241945436,280.80325864739075,282.00435746348626
1418,7.049999999999997,-8.0,0.21,0.8752219536378806,-0.7656525775143884,0.16193214735437345,221.59114015439783,221.93805653070137
1419,10.049999999999997,-7.05,0.33,1.3793606046716496,-0.342249089345444,0.47209895963197096,213.98696407727516,214.99114388191606
1420,13.0,-9.049999999999999,1.83,1.382121787850592,-0.4069377399436377,0.5280915658407193,209.63160861945505,210.73730288153052
1421,3.0,-3.0,0.04,2.69822073510505,-2.064456286525551,0.2489498404257978,528.5490923368338,529.8358388000074
1422,9.049999999999997,-8.05,0.07,1.7053488156513736,-0.7318843623434722,0.44408780166502154,313.5401775785791,314.9316366643131
1423,7.0,-7.05,-0.21,1.0317701954718255,-0.7775207493263075,0.06407986876089951,235.97052206110996,236.1140183977129
1424,15.0,-12.1,1.78,1.216441786249767,-0.3364739221122018,0.4511221934113974,175.56141221162957,176.35362527692251
1425,8.0,-9.0,-0.06,0.5777280827700343,-0.5204710894470027,0.059821521469305944,154.0189491300203,154.10963316919057
1426,5.049999999999997,-6.0,-0.09,1.9075536820997887,-1.2226047060003693,0.3672520759097899,449.82961194368795,451.44360107366316
1427,14.0,-11.05,1.45,1.4549962050856573,-0.502464430212739,0.5331870667704979,213.3916580378245,214.5260491542306
1428,10.099999999999994,-8.0,0.64,0.7688910305870039,-0.4496363044728698,0.11191563249633171,136.81918190357112,136.97277407828497
1429,12.0,-11.05,0.68,1.2564877768240466,-0.2965795915836753,0.44231464335910337,199.48695684252928,200.36024249389993
1430,15.0,-12.05,0.8,1.1537760779949466,-0.2118516252084721,0.46787278660177445,174.65898096182696,175.47478079904877
1431,9.0,-8.0,0.29,0.763379755701439,-0.45516276777530446,0.14134619122160955,135.9624050553541,136.1563437338989
1432,8.049999999999997,-11.05,-0.85,0.5971620016698324,-0.6084412608117471,0.04969051236924524,122.93118092047875,122.99525087307744
1433,14.049999999999997,-13.0,1.72,1.1417116110845278,-0.2027780172828451,0.5171563889352601,161.6485392420205,162.48107387899253
1434,12.0,-11.05,2.25,1.2907122119745926,-0.4623694639797044,0.6004844880496245,211.65045335327665,212.91318563699326
1435,10.0,-10.05,0.74,1.2574334194527643,-0.49452327752586006,0.47258698584102793,202.28249411133595,203.236807783812
1436,12.049999999999997,-8.0,1.13,1.331527722466624,-0.27600233291945286,0.4555737029220874,204.31558086365135,205.2447440914761
1437,15.049999999999997,-11.0,1.61,1.5854149018955874,-0.2585466542910945,0.5493715661378379,194.902144844739,195.9716577211993
1438,11.049999999999997,-11.05,0.51,1.0449040987657912,-0.2006850622228541,0.4533138437572736,176.7887036149618,177.58887379484776
1439,12.049999999999997,-12.0,1.13,1.386681537102143,-0.44832699039157486,0.490899898870432,196.60041575164752,197.5587932183602
1440,7.049999999999997,-6.0,0.45,1.5913624210593607,-0.5433218536977297,0.4207227550179408,293.9787469794349,295.2084135346759
1441,10.0,-7.05,1.11,1.5100611125468166,-0.44835378590668307,0.5121683916424261,229.30368635333937,230.47777588657692
1442,7.049999999999997,-5.05,0.96,3.3521597444007107,-0.9156988681924438,1.0441175937668306,349.92147726568396,353.533889090624
1443,11.049999999999997,-8.0,0.95,2.017731807589406,-0.4947985127391942,0.7226586723142632,233.78513535929386,235.47413434162561
1444,8.049999999999997,-8.0,0.57,2.1937377073903273,-1.07456214178691,0.6422965082155231,356.3460852403561,358.63487624972424
1445,7.049999999999997,-7.0,0.29,0.9580595081842078,-0.6374998079185503,0.1487566471593493,216.34791205026738,216.66880232931638
1446,13.0,-9.0,1.45,1.8061519370308106,-0.2669292069954884,0.7174504446527622,192.4269224331381,193.80615484006518
1447,8.0,-9.0,-0.03,1.0225793767181703,-0.8166656201154326,0.10994103797704805,193.6307910271403,193.84662257176805
1448,11.0,-10.0,-0.39,1.9544061194046072,-0.4662871239094591,0.6578708747355811,203.66713113858518,205.00133452578396
1449,6.0,-10.0,-1.01,0.8041079237765396,-0.970203096966412,0.0041141916448688975,209.60590836763814,209.6138989110744
1450,9.0,-9.0,0.69,1.372358960002685,-0.6567995435655909,0.40481191412037953,235.70832581318714,236.658123495538
1451,6.049999999999997,-8.0,-0.32,0.815433037127586,-0.605078712559957,0.10646386288007914,192.96276667067767,193.1638311951297
1452,12.049999999999997,-8.05,2.6,1.43726821756056,-0.18958359547406975,0.5752339862275175,180.94641526563655,181.98680300470915
1453,8.0,-7.05,0.17,1.1111084147761086,-0.7648403179957791,0.14379844291562377,229.89652578411435,230.22710688333692
1454,3.0,-3.0,-0.08,3.9203231464938337,-2.4666015071055716,0.33564252781063003,721.099142848741,723.0216933451363
1455,7.0,-7.0,0.07,0.861203241341158,-0.6283492321882006,0.12219318929570112,199.12074198522623,199.3653352563588
1456,11.049999999999997,-10.05,0.65,1.5476719650110222,-0.6329329179805093,0.5005212235925786,217.47917972337711,218.56933825419995
1457,6.0,-6.05,0.35,1.0243473561428782,-0.7079610880864238,0.21508528163163806,200.81206726384363,201.23950915103364
1458,13.049999999999997,-11.0,0.9,1.3354096494835233,-0.3471626729188342,0.47892008360601146,173.48799576012095,174.31354053911596
1459,8.0,-7.05,0.49,1.0549136218586737,-0.6231436403962528,0.19944959135238374,195.50119006188595,195.89026299523815
1460,11.0,-9.149999999999999,0.74,1.2818285855702984,-0.4426769652385158,0.42294880232707144,168.94480526945037,169.658468680905
1461,8.049999999999997,-8.05,-0.13,0.93490963394114,-0.7007982448752291,0.13153811357179537,207.3445831660828,207.61042269363986
1462,7.049999999999997,-7.0,-0.03,0.9502107338453584,-0.6525730578860193,0.135501665336103,208.12988842956017,208.41499032829594
1463,6.0,-9.0,-0.77,0.8971912586779163,-0.9238787022745112,0.06699579963572262,203.78321586596996,203.91410048542534
1464,12.049999999999997,-10.05,0.46,1.6054026741138754,-0.5644526231567407,0.4554419991495112,214.79749420213807,215.7664439846544
1465,6.0,-6.0,-0.15,1.0472901115667257,-0.7722410305339662,0.1228307821789366,234.9417760208686,235.23194152779703
1466,15.0,-10.1,1.84,1.5095136939854088,-0.3894314871455073,0.5413440283374826,188.43596949819897,189.45365447336022
1467,5.0,-5.0,-0.26,1.5329469001375924,-1.2208181089780774,0.0715432405563198,306.76221472722887,306.9478194393064
1468,9.049999999999997,-8.05,0.8,1.7028348831516,-0.6179551967656896,0.50390633492426,265.2733862564283,266.61284702358245
1469,5.0,-7.0,0.06,1.022167889307677,-1.0259907949939147,0.17173115100257402,227.37631371110035,227.75700408047214
1470,15.0,-11.0,1.83,1.5218104285544547,-0.41679342559735905,0.5617460947722767,192.67302028063725,193.75572594345755
1471,6.049999999999997,-8.0,-0.59,1.1435339520483863,-0.8998711770610047,0.09280210892751724,231.3317079578005,231.53667771963603
1472,9.0,-8.0,0.65,1.597632432451766,-0.5794478999299636,0.5384295585433708,252.85834895363456,254.21710723601424
1473,6.0,-6.05,-0.07,1.1959854481929357,-0.9783296221658799,0.16032527620229525,255.20400531701978,255.60155444773113
1474,9.049999999999997,-6.05,0.55,1.5442506933702418,-0.29314143660849723,0.5199191152005848,220.3725457243707,221.51619030112943
1475,5.0,-7.05,-1.1,0.8156408533207605,-0.6490030518660652,0.06809961533322345,210.3168051005309,210.46103039343018
1476,8.0,-11.0,-0.08,1.0444039098214135,-0.5942846056730373,0.334556219365809,167.22212001489856,167.780440372011
1477,7.0,-8.0,-0.6,0.9665122442180696,-0.647535688218887,0.16188219218308134,210.06024175925887,210.39881455418765
1478,9.099999999999994,-9.0,0.28,2.1011943776104007,-0.9013313855337695,0.4764598687634038,310.2247484547728,311.6758904854888
1479,7.0,-7.05,-0.02,1.2800620816271544,-0.808108868271443,0.23176625677976787,214.97567007749876,215.45845453639598
1480,6.049999999999997,-6.0,0.2,1.1240299956118547,-0.615962945012499,0.19202535881409272,214.9645434630734,215.3737932272059
1481,8.0,-7.0,1.03,1.4651987913338071,-0.7212488033667351,0.40086647529570824,230.8982144255221,231.8088671302584
1482,6.049999999999997,-6.0,0.35,1.5069942254388005,-0.8851956240178617,0.3619923188484372,263.288460463563,264.2184056838282
1483,5.0,-8.0,-0.97,1.149128010966984,-1.0660044953171044,0.0907848095080404,257.67499202493974,257.89306194920346
1484,13.049999999999997,-9.099999999999998,-0.11,1.1083869368441523,-0.33153073093808155,0.27875691350119225,147.62523783915972,148.0317149966374
1485,6.049999999999997,-7.0,-0.19,1.478021452445247,-1.029153346476907,0.28622965917025367,249.26915275928704,249.98650892862253
1486,7.049999999999997,-7.05,-0.4,1.33475752088101,-0.6728723867635231,0.3044251166955922,218.99466994924506,219.65801585469112
1487,7.0,-7.0,0.1,1.4005823959499586,-0.615497613164179,0.3569318238046239,257.3370969894337,258.25114323266166
1488,10.049999999999997,-9.0,-0.09,1.3701979986642208,-0.50845456814976,0.36057108113968533,185.5843790862756,186.25334478787798
1489,8.049999999999997,-9.0,-0.23,1.21409263062374,-0.5074483275618709,0.2976178718243454,197.05700425913764,197.64012791330896
1490,7.1499999999999915,-6.05,0.76,1.6128293129750275,-0.5845572714470055,0.48538775390065436,258.6106002306874,259.8710114872183
1491,10.0,-8.0,0.69,1.2956721751504046,-0.45539781023998904,0.4129235008288626,196.89272284583288,197.6990039802405
1492,7.049999999999997,-8.0,0.49,1.3719253706743524,-0.7389561620788742,0.4515111086011458,224.99668753423327,226.0047923892745
1493,7.049999999999997,-9.099999999999998,0.19,0.9753456416975907,-0.43598940678907283,0.33179654136448766,195.22092491310673,195.86693233344096
1494,7.0,-6.0,-0.31,1.5813121169740703,-0.9488459691966081,0.18921758632166533,268.57804600622313,269.089455107028
1495,8.0,-8.05,0.08,1.5607632656937003,-0.5871416862472351,0.4568724073847218,248.98048344596654,250.1123825361679
1496,12.049999999999997,-8.0,2.01,1.4531720943974862,-0.3231796250147375,0.5701840019065773,216.47302148894943,217.707216072907
1497,7.0,-7.05,-1.02,1.2840943621831495,-1.1089115983835909,0.1240917152257466,240.97019301436384,241.2567972653746
1498,9.099999999999994,-10.0,0.18,1.5796780710150222,-0.5787820828724,0.44102335079273514,253.5890698088464,254.69761994389114
1499,8.0,-6.05,0.13,1.5280816273656304,-0.6470498395459267,0.33661685957395143,215.8688672997547,216.5868116575868
1500,10.0,-9.049999999999999,0.47,1.6341332262582855,-0.6029767653929196,0.4899950834624896,261.71540959181465,262.98632718132086
1501,7.0,-8.05,-0.3,1.3280360653907057,-0.8229675178719522,0.3049583926088051,221.04472116840418,221.71339579997806
1502,10.049999999999997,-9.049999999999999,-0.17,1.6405280381937601,-0.6003265798858154,0.4255282457665677,283.4288302420519,284.62680769745225
1503,7.0,-7.0,-0.07,1.3112258598977076,-0.8405328358826366,0.23044575380991067,223.90085504412048,224.4117460687379
1504,8.0,-8.0,0.94,1.3709685530939872,-0.5113182969584351,0.5222789884766337,279.08238145943017,280.54027143293456
1505,6.0,-7.0,0.02,0.939424797671745,-0.6166687930556563,0.1733082452141909,200.8023222607559,201.14910304282114
1506,6.099999999999994,-9.0,0.04,1.5870341457538466,-0.9538352765523195,0.4455397881089431,346.7756404913347,348.29715335042374
1507,9.049999999999997,-8.05,-0.08,1.1562226196678649,-0.8195504028972799,0.19989967158889738,178.86570868925344,179.21737092527295
1508,6.049999999999997,-9.0,-0.27,0.7327300853424328,-0.6075113674854254,0.09895309840636354,176.988193359756,177.16102705434295
1509,11.049999999999997,-12.0,-0.17,1.3710943105753794,-0.4529348072227946,0.4231726856369901,220.94671447390735,221.87847915085408
1510,8.0,-7.0,0.73,1.65971682701419,-0.4970243132758547,0.5408721705861192,315.18328970468787,316.87754300112937
1511,11.0,-8.05,0.92,1.3667894588334586,-0.23994230945285883,0.49402548713298455,215.11834395266388,216.18042733634098
1512,9.0,-8.0,-0.09,1.2060564087649182,-0.7461283923464087,0.1310034065440307,179.38949037708272,179.62200146088946
1513,6.0,-8.0,-0.32,0.8987121878622648,-0.6040540231203335,0.13480090927703872,180.82488034228626,181.0643251240554
1514,7.0,-6.05,0.24,0.9647397156420812,-0.7310962711742423,0.18007148280332705,178.4660870759789,178.78427575905317
1515,11.149999999999991,-12.1,-0.52,1.07972116743962,-0.31366294832583885,0.38790174773773933,175.16514641225746,175.83986466546477
1516,5.049999999999997,-8.05,-0.54,0.8770510540489442,-0.9730785979796757,0.145199787435926,183.80595259276416,184.06810903015605
1517,3.0,-3.0,0.39,3.5358846921039486,-1.9869689929392966,0.9648698666689737,652.7304597917912,658.7370118108462
1518,6.049999999999997,-7.0,-0.46,1.2777525826308476,-0.7572130525797102,0.20830382764001207,194.7864763129026,195.18345956301357
1519,8.049999999999997,-6.05,0.42,1.6076829064055616,-0.7814782815746162,0.33928234440964017,194.40505237088118,195.0602008160836
1520,6.049999999999997,-5.05,0.31,1.458926218357168,-0.5890922289398305,0.36803939469066266,188.8006384111942,189.49621194091614
1521,7.0,-7.0,-0.21,1.4138611002313795,-0.8774530185341434,0.2618378505167268,203.9072374507262,204.43690438805584
1522,7.0,-6.0,0.25,2.262172511448481,-0.9789504897433056,0.5309388551657125,435.92108282473686,438.17855778381454
1523,6.0,-5.0,0.28,1.776496071616016,-1.1402436442647192,0.33867163465979755,248.69494208641507,249.5229603031213
1524,12.0,-11.05,0.41,1.4875883808065422,-0.507268022366664,0.47281151485824074,242.72862250956575,243.87118999115202
1525,12.049999999999997,-10.05,1.8,1.4380009522394959,-0.3802088721606359,0.6103590768473328,232.26464701907523,233.68521085544907
1526,6.0,-6.05,0.1,1.2076007122786747,-0.6400747705047216,0.25517732968366,199.19802452623688,199.70972623273445
1527,14.099999999999994,-15.0,0.22,1.2844214975877457,-0.2858044234614337,0.4598851611898921,180.62766930902046,181.45568929356403
1528,6.0,-4.05,0.07,1.1891011026735914,-0.5183068341093057,0.21624338887755992,195.9725175365074,196.39490935041755
1529,7.0,-5.0,0.64,1.5479226703763649,-0.7524024899653602,0.3485300398336951,203.10267874652294,203.79920161034323
1530,9.099999999999994,-9.0,0.26,1.4868043206136998,-0.39433471049172564,0.49329099811209665,222.3978947991828,223.49076154809853
1531,13.049999999999997,-11.05,0.02,1.5708484270908114,-0.5055984349712407,0.442986330272583,223.86305906583303,224.85188652250454
1532,5.0,-6.0,-0.31,1.501316205260629,-1.1977216961763695,0.1609083335254099,239.3115463043523,239.69785657537585
1533,11.0,-10.05,-0.05,1.6854946840653482,-0.6194591498942615,0.5005264605525824,239.61479534832648,240.8055233035363
1534,5.0,-4.0,-0.06,1.522198185401852,-0.9968842365265894,0.14414468119189094,273.5498614729019,273.914392801245
1535,10.099999999999994,-7.1499999999999995,0.71,1.5412936441290328,-0.3554970849176392,0.5381233698802744,228.4951176595934,229.71495606513542
1536,4.0,-6.0,-1.08,0.9384585475420583,-1.0500648547570055,0.0034024881146740614,220.1354845683986,220.14562001477745
1537,5.0,-5.0,0.1,1.3976257223153965,-0.7882819361981799,0.31494024172420265,220.22001448246854,220.9076014661553
1538,7.049999999999997,-8.0,-0.14,1.3170148472879808,-0.8685891707727811,0.2581362653900498,196.7027520301717,197.20198090073401
1539,6.0,-6.0,0.16,1.120516074245894,-0.6614432865686359,0.3083723924738562,204.3813576210982,205.01292377146018
1540,7.049999999999997,-7.05,-0.59,1.400495528988019,-0.7617081270676829,0.1811514744699098,217.37804184710552,217.76454607978113
1541,7.0,-5.0,0.83,2.375307928320537,-0.9655515061063801,0.615047855087035,334.9901813913202,337.0241278255698
1542,5.0,-5.0,-0.37,1.4467006510122447,-1.0701139817129948,0.18937983535522726,274.3741019506556,274.88764747014153
1543,7.0,-5.05,-0.09,1.5980039375297288,-0.7980154650977147,0.27621960200905105,276.24838444307886,277.01352129752576
1544,6.0,-5.0,0.31,1.7411495492607285,-0.7159836277766255,0.4632475012718644,281.090310182827,282.3790453705689
1545,5.0,-5.0,0.27,1.3730413628092866,-0.7215860525671978,0.3181803755242648,278.93973723523357,279.8207777466212
1546,6.0,-5.1,0.42,1.0979580757875929,-0.4757522288427699,0.3370728953577512,258.85140335482583,259.7168302151078
1547,8.0,-7.0,0.02,1.472466359579023,-0.7466659092517878,0.29493269588533405,256.9465866064031,257.70175390951016
1548,11.099999999999994,-9.0,0.8,1.1016226509917013,-0.3660964600860332,0.34306821822174227,167.46672999724066,168.03981807652755
1549,10.099999999999994,-10.0,0.77,1.0703951281634,-0.3663114306633339,0.3834790317825301,171.44033021522094,172.09270254833126
1550,3.0,-3.05,0.1,3.9637530462987125,-3.466557554608243,0.5806473975123083,742.3150653832718,746.1432741909031
1551,10.0,-15.05,-1.14,0.7723196903809606,-0.40475249642243977,0.2800218258756503,130.360964435146,130.7244067549612
1552,11.0,-11.0,0.2,1.0853245355052261,-0.46207483648765235,0.31658303202267146,155.71037794499546,156.20519244658863
1553,3.049999999999997,-4.0,-0.25,2.621700665429415,-1.9682573884584995,0.283937834754466,535.6414629014342,537.1213149090203
1554,6.049999999999997,-5.0,0.62,1.7740992386765067,-0.8782382491420653,0.3813051438578247,279.11572600838593,280.1832172638414
1555,10.0,-8.149999999999999,0.24,1.1985843738298725,-0.3731677135667474,0.388801139711506,178.76817569477964,179.45985119221766
1556,15.049999999999997,-11.05,1.2,1.2647656533572869,-0.15649956723536917,0.5110589215545516,172.5900593270014,173.4706622219267
1557,7.049999999999997,-6.0,0.08,1.4996334039167714,-0.5598878212963168,0.32431713076260216,266.2349646944684,267.0929725466013
1558,13.049999999999997,-9.0,0.62,1.3898992018111578,-0.47189864528514797,0.3373281238339483,202.68166469301758,203.36146997477633
1559,10.0,-9.049999999999999,-0.24,1.1535714937983208,-0.47229464226806045,0.29779053921006676,192.66907536858326,193.24136654176155
1560,11.0,-10.149999999999999,0.78,1.2400505973334222,-0.3611028387076568,0.4742681063869441,168.62220054040492,169.4222797651777
1561,13.099999999999994,-12.05,1.45,1.3776446770442718,-0.39002407650503584,0.5657853291349955,177.4504396601841,178.45444578325413
1562,1.0,-1.0,-0.02,14.534382981995098,-8.599862124956557,0.5626329695485185,2091.0417594598675,2089.0540898831146
1563,8.0,-7.0,0.55,2.1252288910552184,-1.1916346416703616,0.5112527077261834,353.26203634845825,355.06320852022225
1564,10.0,-11.05,0.98,1.132160467107188,-0.3342919156738709,0.5107249690855545,200.5800044113238,201.60392846980335
1565,11.049999999999997,-11.0,0.19,1.226053312337729,-0.3158268495688514,0.42653297456163597,214.93405297106412,215.85210558759118
1566,12.149999999999991,-9.049999999999999,0.92,1.3707080323778016,-0.30027093267667593,0.5031882922107456,214.99037332546843,216.07051062724364
1567,10.0,-8.0,0.93,1.8084004616649256,-0.7159378705269391,0.5101160409336434,302.8111505748646,304.3528943167557
1568,10.049999999999997,-10.05,-0.53,0.9877166313593008,-0.3609956440100899,0.291165653077556,139.51313168467553,139.91786698450255
1569,10.049999999999997,-7.05,0.69,1.910317584517411,-0.7348795267461135,0.5062805986469631,294.59232820743523,296.082864616454
1570,7.0,-5.0,0.64,2.095840353440773,-0.8565155582019356,0.5348171811768544,378.30215925601107,380.3141041656161
1571,6.0,-6.0,-0.08,1.765108279256052,-1.0186495348598956,0.32618192049409656,255.6854669697686,256.4839010912616
1572,10.0,-7.05,0.58,1.5817852005258366,-0.44687814947689575,0.4657057716277603,257.4449742816551,258.644271357488
1573,7.0,-5.0,0.15,1.823965734246976,-0.8397880502250825,0.3581212821309119,264.662231914626,265.6103883280876
1574,15.0,-9.0,2.55,1.3218774515596767,-0.12465645075050137,0.5269442929916083,192.88678794617846,193.90032899732805
1575,5.0,-5.05,-0.21,1.9585657879395548,-1.316068844137789,0.26679648491777386,282.72825562504056,283.4472562346432
1576,15.0,-11.0,1.5,1.2896081473025762,-0.39498308046263825,0.4894265032707137,204.74366719122034,205.74476070093726
1577,8.0,-6.0,0.59,1.834928686700922,-0.8704397756599305,0.4175328005589018,215.08997109477085,215.98557739462137
1578,7.0,-9.049999999999999,-0.16,1.1349193656036003,-0.47472235976420607,0.3942022626030272,247.7090238842988,248.68059678723912
1579,5.0,-5.0,-0.32,1.5677808629767047,-0.882724774689898,0.24882445675803438,244.08681877017582,244.68975863823883
1580,10.0,-9.099999999999998,0.58,1.1256951650394662,-0.3295015164998055,0.4504678858388982,228.30670124039366,229.32979290933108
1581,12.0,-8.1,0.46,1.5284169545608162,-0.4425246666909414,0.4300144012491549,226.34303569526412,227.30957689985007
1582,10.0,-9.049999999999999,-0.22,1.4362097470508417,-0.7909504390268413,0.3377634637549676,246.36142100956192,247.18973933024571
1583,6.0,-6.05,-0.47,1.8032156471944443,-1.258484456301821,0.1894144841796082,250.23641023799414,250.69520719790776
1584,15.0,-13.0,0.96,1.2041151428924848,-0.21851968476111597,0.4467537630220969,162.5764955290372,163.2991359767958
1585,6.099999999999994,-6.05,0.64,1.589925495058387,-0.8680107215090073,0.4739822680117862,229.3056365536381,230.39893479735179
1586,10.0,-10.0,0.03,1.0601551693183093,-0.2662840509252626,0.4066406777965493,171.32170948088154,172.01802094567245
1587,6.0,-8.0,0.0,1.7538486232836301,-1.2284976614429104,0.3584884387962726,229.4253482525992,230.2181745961696
1588,12.0,-8.05,1.49,1.2735121973861552,-0.286645747396283,0.4738571691488215,182.45415178231596,183.31372095941853
1589,5.0,-4.0,-0.04,1.9564563103267325,-1.0968280178059724,0.2869580673916595,284.3913092047274,285.18337638516107
1590,12.049999999999997,-8.05,2.11,1.108186469498843,-0.09448911211654897,0.509464835985559,154.9529724420639,155.73917690514187
1591,8.0,-8.0,-0.61,1.7484646096601537,-1.1492361024799758,0.16903145462312127,201.75043913502356,202.0968157352189
1592,10.049999999999997,-8.05,1.94,1.1361421557952438,-0.18835599230049585,0.5254831677325328,175.66675286379623,176.59047267769154
1593,6.0,-6.0,0.48,1.731990418533608,-0.9487864901668881,0.4181391362006057,233.6664130382635,234.64689261378186
1594,11.049999999999997,-11.05,0.11,1.0947404183777873,-0.28163605406295533,0.4083138058575549,167.93617966079313,168.6187559436479
1595,5.0,-6.0,-0.27,1.9369106991462346,-1.4716611105663604,0.2184465357161487,267.212913268361,267.77423019001776
1596,14.049999999999997,-13.049999999999999,0.59,1.0147685511862632,-0.1357249309586169,0.4294108011308181,156.026002450146,156.69555000945707
1597,6.049999999999997,-6.05,-0.52,1.1664958205252902,-0.6846810447221113,0.14825400869011776,171.82065644301056,172.07367081514246
1598,15.0,-10.0,2.07,1.3575098208376872,-0.23414546351479343,0.5171967523837975,186.6257398264366,187.58788319783534
1599,16.049999999999997,-11.100000000000001,1.51,1.178552969647419,-0.20338253096088119,0.4781152375190396,167.8194645502537,168.62043529343265
1600,10.0,-6.05,0.89,1.311747830589001,-0.3271795597939277,0.36840332642722473,138.48804279048818,138.99990804996258
1601,12.0,-12.05,0.39,1.198377699589253,-0.37018538245722715,0.41945176876653323,199.84999579027564,200.68216073899615
1602,12.049999999999997,-14.1,0.59,1.160051408035354,-0.4857933408591454,0.4256078232211003,184.44715019887485,185.22834254102446
1603,4.0,-7.05,-0.64,1.3648820323738353,-1.0973786547876585,0.26009697489927486,377.36965501806435,378.31224683118467
1604,12.049999999999997,-8.0,0.93,1.0843656136305035,-0.262709879552718,0.2976106989502564,112.8592946573566,113.1944990020325
1605,13.049999999999997,-9.049999999999999,1.72,1.5223935672531053,-0.3872811879651516,0.585243524978245,216.58468297554876,217.84647315281381
1606,9.0,-7.05,0.56,1.746713181835784,-0.6712366290280709,0.49882132869046814,268.5017355640641,269.83048195950096
1607,2.049999999999997,-2.05,-0.07,4.551195921640664,-3.0669383985660734,0.3142586259087976,869.596658788803,872.1599371642484
1608,9.049999999999997,-9.049999999999999,0.12,0.9645418092387588,-0.5391196383159845,0.20862877230988883,121.93748520442652,122.19289058366081
1609,11.0,-13.099999999999998,0.94,1.0846129842536236,-0.43263698113692983,0.4465670241379511,152.8853428703686,153.56582161875426
1610,10.0,-11.05,-0.18,1.0658340202767749,-0.4333436696889343,0.325253772090351,173.9390500631549,174.50826645596382
1611,8.049999999999997,-9.0,-0.24,1.2624383416490803,-0.6017816843200889,0.31168559852105854,208.7601123829098,209.40845246621006
1612,12.0,-13.0,-0.56,1.065619636692406,-0.3269029423116958,0.3464479017509061,132.09222804460538,132.54765817382741
1613,8.0,-8.1,0.09,0.9029819540282975,-0.6485063840381273,0.17826422297594668,131.1194316527917,131.35048406430116
1614,10.0,-9.0,0.79,1.637786223392683,-0.6594119235001953,0.46519775356715853,206.91767873611195,207.87517856386322
1615,7.0,-6.0,0.14,1.210427030197836,-0.8142010433408741,0.13196495538926356,196.4422776101824,196.7001451164827
1616,9.049999999999997,-10.0,0.12,1.2564135287665914,-0.607936080511754,0.2869684441461415,192.9571923575477,193.50595535946988
1617,8.049999999999997,-8.05,0.16,0.7881538766311642,-0.46064914825644543,0.17916856830806296,133.51508851183416,133.7533877547928
1618,1.0499999999999972,-2.0,0.04,3.7140557248580013,-3.6732190694293405,0.49743765769459897,884.105017511895,887.8167496803442
1619,6.0,-5.05,0.17,1.2012833852369214,-0.801955524952185,0.2025001030953489,192.89375743016015,193.27853229263295
1620,14.0,-11.0,0.33,0.5976933274567019,-0.20419379086288225,0.1495456499092173,84.6879174591576,84.8135729112368
1621,8.049999999999997,-8.0,0.07,1.2875074022553172,-0.582964301350599,0.3640722528415936,208.28337673614948,209.04144635987433
1622,9.0,-8.05,0.6,1.5142266417551618,-0.5676985800890387,0.4853075656098013,211.68212777243272,212.70350830856728
1623,7.0,-7.05,-0.31,1.0268868405523115,-0.5703523030250595,0.23673670053868381,194.81639639839963,195.27739392389446
1624,9.0,-11.0,-0.17,1.2058696725018616,-0.6013767396588824,0.3370816123928018,189.9376748952792,190.57253895531161
1625,7.049999999999997,-6.05,-0.18,1.3947454057121846,-0.8568353130837365,0.20772851839342127,191.1879477270325,191.58812441112826
1626,8.0,-7.0,0.72,1.8104588863696034,-0.8683015007758331,0.535357086370565,243.8513014451618,245.1711459250089
1627,8.0,-9.049999999999999,-0.36,0.9669071276798303,-0.5381354685554007,0.2668329115960684,163.5920445588844,164.0323564648021
1628,7.0,-8.0,-0.47,0.8130234889508274,-0.6185431938263034,0.1279874627571069,142.97494456060647,143.15589251489774
1629,6.049999999999997,-7.0,-0.43,1.6521851929830995,-0.8333616075045425,0.39135197147376694,238.82596929818598,239.75449108324898
1630,7.0,-6.1,-0.12,1.8658968376240255,-1.0850635098716546,0.39430820305321923,265.50984587135713,266.54159339393067
1631,7.049999999999997,-8.0,0.89,1.3816099650568172,-0.5571610993569768,0.5378447070419092,216.1269448911476,217.28152581732218
1632,5.0,-6.0,-0.1,0.9403582102574723,-0.6214762023188354,0.18587126836946338,189.36510095796683,189.71622232966186
1633,7.0,-8.0,-0.06,1.2373304137417442,-0.7402124088731878,0.37499001422464606,203.28830989779192,204.0510852354893
1634,7.049999999999997,-6.05,0.24,1.6117530971759284,-0.8077695819761486,0.30406068656283763,203.38989846980076,203.99838679181178
1635,6.0,-6.0,-0.05,1.6224578711885065,-1.0978244031623383,0.3369968609441771,259.53406767496506,260.3999096626025
1636,7.099999999999994,-5.0,0.29,1.4356995912547754,-0.5462406761828679,0.37384389344588115,239.16288977859637,240.05138192243146
1637,9.0,-6.05,0.49,1.5941244589666783,-0.5102439722328544,0.5158017292241021,281.76904817067674,283.2294992684498
1638,9.0,-11.05,-1.31,0.7994361579771412,-0.6366649233522227,0.10623546955524736,111.02392953499877,111.14077097637289
1639,7.0,-6.1,-0.15,1.4179809791053133,-0.5918889367052986,0.4093673582036764,256.3336001700942,257.36676147125416
1640,12.0,-8.05,1.03,1.8377122433251554,-0.36180809594814994,0.5466253179319067,214.37742114165925,215.53909170626267
1641,7.049999999999997,-8.05,0.38,1.1781311052754255,-0.331153756230663,0.46594792555520587,206.53058520113035,207.4935602323271
1642,8.0,-5.0,0.39,1.9110128123769634,-0.6133191035510799,0.5077848329058334,230.5153199737531,231.67344732423373
1643,6.0,-6.0,-0.43,1.1722345008024813,-0.7740231444414026,0.15194784956113477,169.20956800258563,169.46967602602533
1644,7.0,-6.05,0.04,1.150262163715442,-0.7464878141171583,0.1626829219902225,191.16422189663757,191.46406078980093
1645,5.0,-7.0,-0.72,1.3910282492742976,-1.2310819650233686,0.04557166556323922,247.66792104166004,247.77650312056667
1646,9.0,-8.0,-0.44,1.7643036711177364,-0.7417190096007462,0.349503702236571,272.1724890305621,273.11545357064057
1647,3.049999999999997,-5.0,-0.39,1.3011922268250646,-1.1921026920080076,0.10373198852785512,258.9151546020126,259.1747445901667
1648,9.049999999999997,-9.049999999999999,-0.47,1.46641074995219,-0.4869303509554687,0.421819652858331,218.2104897897311,219.12700835792515
1649,5.0,-5.0,-0.21,1.5696647984616123,-1.112625343841909,0.18919555312746167,231.86054120125948,232.2815269931751
1650,9.049999999999997,-8.05,0.7,1.4992226894745857,-0.4110680549267272,0.5085840854703235,234.51122860923712,235.69872387882714
1651,8.049999999999997,-10.0,-0.05,1.1356611470221134,-0.8752494455439875,0.2589882406713226,169.38662740638708,169.82414437732544
1652,7.0,-8.0,-0.15,1.9338195495926933,-1.2320259542576217,0.46076869868452563,323.59380197234856,325.09225367562954
1653,13.0,-12.1,1.57,1.8557047595172305,-0.5539014586002993,0.6554894907036936,202.9112578799131,204.23403296692766
1654,9.0,-9.0,0.26,1.679580738876843,-0.7168747696462242,0.5560067072818088,262.55601496454346,264.01745882934006
1655,8.0,-8.05,0.15,1.7585300128336647,-0.9500196071837252,0.472333967817221,265.90920287048453,267.1639334788089
1656,10.049999999999997,-7.05,0.68,1.9589638089805275,-0.5282884904497709,0.5842334117913999,248.93037552016096,250.37609960834493
1657,8.0,-8.0,-0.34,1.3198363029213822,-0.631069891970683,0.2640381269252411,158.70221445639697,159.11963602318875
1658,8.049999999999997,-8.0,0.32,1.7331848628756361,-0.5424174569863303,0.568403519292332,219.27770660770796,220.51085353974358
1659,7.049999999999997,-6.0,0.29,1.4070505834620368,-0.6445607128628454,0.2989838412930257,164.97803012543028,165.47144763553123
1660,3.0,-2.0,0.05,2.3234925808083062,-1.8039168529048442,0.16923947023238037,395.98885799235234,396.56695182065073
1661,10.049999999999997,-8.05,0.56,1.7592966931183154,-0.5402191499455897,0.5635082149893849,195.5069942417153,196.60555649936816
1662,4.0,-5.0,-0.33,1.6982249700653043,-1.405901831306477,0.13006350307103964,271.0457325929067,271.39225052075693
1663,5.049999999999997,-5.0,0.07,1.7951633444568065,-0.944228991221087,0.271584735405515,232.0258819015588,232.6583176333542
1664,8.0,-6.05,0.61,1.686007089498924,-0.47120827456609815,0.48613241982242344,212.09966984230596,213.12839709236496
1665,11.0,-10.0,1.29,1.1816890804094426,-0.3734884600204357,0.4615664052377529,147.2610972845654,147.94194621879677
1666,10.0,-7.0,0.43,1.825607154786453,-0.5478167175067018,0.5149244559819764,202.0407062693647,203.07029214366543
1667,6.0,-7.0,-0.73,0.8506195712290869,-0.7084995858861483,0.05605303689168856,182.28629718559012,182.3922656241263
1668,7.0,-7.0,0.01,1.40153882761417,-0.4916000263753073,0.4575224655844585,214.1179502955349,215.08779952165193
1669,11.0,-12.0,0.2,1.4800121833944693,-0.6048094170120701,0.4145743435157306,177.46262130818278,178.1953551785039
1670,7.0,-6.05,0.22,1.3456143505217177,-0.6905864810911836,0.2901534565745457,208.90461121254205,209.50683202462196
1671,7.0,-8.0,-0.23,1.375564041346157,-0.872304746852337,0.2595083276916946,248.4692267915878,249.10475431272494
1672,8.0,-8.0,0.15,1.090035041427848,-0.6290684884656447,0.26105615525323034,210.82579385117697,211.36955720206683
1673,6.0,-6.05,-0.1,1.3087469490732784,-0.7316750490311681,0.2799371783295949,230.75054806278456,231.38266722542392
1674,6.0,-7.0,-0.22,1.4417244352576932,-0.9572044256201248,0.26037514494702435,253.94779227787774,254.58590591400028
1675,4.0,-5.0,-0.07,1.86052875828378,-1.4529021498687227,0.2532735015418752,350.71110688869726,351.5864706161564
1676,8.0,-8.0,-0.65,1.0638552584480405,-0.43764530783938543,0.2537654331623844,180.7773328466444,181.22859032093717
1677,17.049999999999997,-20.05,0.38,0.9227532423488273,-0.19545010498613352,0.3916544172107416,105.61803240166526,106.0314409878427
1678,6.0,-6.05,-0.14,1.8408404341361644,-1.1996460061111944,0.26952133764931124,292.35015775280226,293.13983599968606
1679,8.049999999999997,-7.05,0.15,1.3811458722863215,-0.4610768557505055,0.3959961270494846,224.3386851071074,225.22410593152392
1680,5.049999999999997,-6.0,-0.26,1.340591718138677,-0.8404654703123793,0.25837975840539407,258.9929860975281,259.65824991429093
1681,9.099999999999994,-8.0,0.63,1.3562180778026363,-0.5157184523630712,0.4365692472296625,222.59957249198135,223.57074579593336
1682,9.049999999999997,-8.0,1.01,1.131657487414576,-0.34434821091937234,0.4082603236866303,175.0116617972943,175.7252485435804
1683,10.0,-7.05,-0.11,2.0586666620835863,-0.8237098732812452,0.41178358022798955,264.74113898694145,265.81027677307475
1684,11.0,-12.05,0.26,1.0360258864495735,-0.46490418226168795,0.3376839010754418,148.6372942376207,149.13999689192758
1685,10.0,-8.05,0.69,1.8186802047406743,-0.7161650986986116,0.5313674997525732,254.48940678600823,255.83518533592013
1686,6.0,-5.0,0.48,1.819369397831969,-0.8258736541902254,0.44011307911649683,265.27435259034434,266.4253606041026
1687,7.0,-7.0,-0.43,1.569721406898811,-0.7314905066627068,0.3164225544585125,295.8044775692273,296.74061647324436
1688,7.0,-8.0,-0.53,1.1339686613221878,-0.5845359139171706,0.24935937329377056,203.2396864148119,203.74033806411245
1689,11.0,-11.100000000000001,0.27,1.2134969038371417,-0.44905629210701964,0.38680175937963734,181.56188744124046,182.25761967816754
1690,9.049999999999997,-9.049999999999999,-0.26,1.2292013923974316,-0.6773274473549877,0.32896689823726644,191.59693665565726,192.22763159720512
1691,14.049999999999997,-13.0,1.25,1.1284972481161029,-0.26874311985271515,0.44494014822150235,157.6036738090587,158.30301409188155
1692,6.0,-9.049999999999999,-1.7,0.9802359572426651,-0.6394945463957713,0.16457483155179017,181.5686276029446,181.8636358521877
1693,11.049999999999997,-10.05,0.9,1.452336275805156,-0.5008491571620305,0.49295957303427784,211.41106560494805,212.44916426622615
1694,7.049999999999997,-9.0,-0.57,1.1255925556727118,-0.5753217040425721,0.26743103441038457,167.4005628293271,167.84751112862102
1695,12.049999999999997,-9.049999999999999,0.89,1.432798190459136,-0.44346715998324127,0.5021472272517943,216.3755701034858,217.45922706148056
1696,12.049999999999997,-11.0,-0.48,1.45013026876525,-0.4115680770380585,0.3987851773809335,191.37222326681956,192.1262823333771
1697,6.049999999999997,-4.05,0.36,1.5617685296143493,-0.6522727502404003,0.33950121456149146,219.4717737529184,220.20937322015436
1698,8.049999999999997,-9.0,-1.14,0.7376115945172332,-0.4256381218180685,0.1439608433768534,122.74696386491549,122.92204834047459
1699,14.0,-13.0,1.05,1.3991431080147287,-0.4293791698947689,0.5083961218801073,164.7626668095562,165.60003760336392
1700,7.0,-6.05,-0.06,1.1890455625278282,-0.6995830500616452,0.1983756166041914,211.6305558267607,212.04405955507514
1701,11.0,-9.049999999999999,1.44,1.384504552970221,-0.2821020657729077,0.5258947214495828,202.17376070650192,203.23072683064822
1702,5.0,-6.0,-0.75,1.6142754883149957,-1.078967494725854,0.11070247848265487,254.06910354558104,254.3527761010348
1703,11.0,-10.05,0.67,1.4360875595389098,-0.5119523475007892,0.4795942470273241,233.89589634548926,235.0079755482285
1704,9.049999999999997,-11.0,-0.49,0.8601192984809869,-0.5816362738451948,0.20280776139918302,130.70136759682856,130.96661593295852
1705,9.0,-8.0,0.66,1.1767016053128079,-0.29270726651943924,0.4476840681538372,198.91238824806234,199.7988141199956
1706,5.0,-5.0,0.43,1.4855898333594333,-0.6880294065370856,0.4209400609904175,287.37321160386017,288.56870300540646
1707,9.0,-9.0,0.47,0.8977970431426803,-0.4285591672543861,0.2813500804078555,128.7133212537087,129.07376948904042
1708,8.049999999999997,-8.0,-0.37,1.674326234629699,-0.8818473942609403,0.2941585385023465,236.01961618100253,236.70551209105386
1709,10.049999999999997,-11.0,0.41,1.9340751370947855,-0.7326666508594726,0.5755071310521042,224.025192798084,225.31760463092832
1710,8.0,-8.05,-0.18,1.9915218052027595,-1.1405800603363259,0.40865432650629613,257.78945638784177,258.83973684270507
1711,6.0,-8.05,-0.19,0.911011864234376,-0.6214051610084607,0.17976890341488225,146.36357411235858,146.62291167127125
1712,9.0,-8.05,-0.3,1.478734993044532,-0.590055471912223,0.4270027583924117,198.06926238491724,198.91815850182252
1713,13.0,-11.05,0.9,1.3112676316281087,-0.4620051937138433,0.42758694771608563,169.33417933073494,170.05933272518138
1714,8.0,-6.1,-0.54,0.964023796930318,-0.49784900580439023,0.11406061170927421,160.86236950766562,161.04126377249904
1715,5.0,-5.0,0.32,1.7222828726925117,-1.3672382037872584,0.30518779511045235,290.811966107121,291.66628353035395
1716,4.049999999999997,-4.0,0.0,1.4143776278734776,-0.9849918418257485,0.13786215592191428,272.76108897897865,273.1181364107153
1717,6.0,-6.0,-0.21,1.6504794312423874,-1.1328623550632686,0.17077705322137052,253.84233506114933,254.26414098657926
1718,7.0,-6.0,-0.11,1.5812955535051174,-0.5473437483797998,0.3605475870758378,270.2964589280901,271.27417677888036
1719,5.0,-4.05,-0.09,1.5874274438123086,-0.9812955371926425,0.29658900720105413,258.4578848871894,259.21227036442207
1720,8.049999999999997,-9.0,-0.44,0.9399439213909578,-0.4697231071887528,0.21595806673173715,168.64387935479633,169.00783914068705
1721,5.049999999999997,-6.0,0.13,1.4710748335930526,-1.0591480861247815,0.27003241978492293,218.57366221450877,219.16334936648997
1722,6.049999999999997,-4.0,0.61,1.7649842225155015,-0.7925841916911551,0.38380923454749977,239.52841291905824,240.44150569131784
1723,10.049999999999997,-9.0,0.51,1.8931327072222661,-0.6822494929821017,0.5280636140908658,231.79325020929159,233.01749992005097
1724,7.0,-7.0,-0.22,0.9952857037874634,-0.7007749455496642,0.17193814722596987,152.754199987576,153.0160665659211
1725,9.0,-9.0,-0.14,1.6551426809416179,-0.7999378143928798,0.4471895435156769,230.6983305151407,231.72979523603897
1726,8.049999999999997,-8.0,0.45,1.514951881377561,-0.3226743992603436,0.5593088277517393,204.63496543151814,205.77077417454154
1727,5.049999999999997,-6.0,0.17,1.19022102636218,-0.702864384901941,0.29843205704082365,169.4557269091556,169.96365553354008
1728,7.049999999999997,-9.049999999999999,0.16,1.822109765670423,-0.8828567292104526,0.4751410729291125,242.8049317488851,243.9503179214943
1729,7.0,-5.05,0.08,1.8283108085523818,-0.8150748692958274,0.29102842073964114,196.2589180809355,196.82657012445867
1730,5.0,-6.0,-0.74,1.4977804886823636,-1.1223411765987894,0.15341499437206105,208.48163792671477,208.78849759310154
1731,8.049999999999997,-7.05,0.25,1.8913434580187438,-0.7402527991870509,0.5069182042699185,232.01277454374963,233.18917281519458
1732,4.0,-5.0,-0.5,1.4343796749307223,-1.1956322513077016,0.13590083642825682,228.21038298090843,228.5257526713676
1733,5.0,-5.05,-0.05,1.4607099309986806,-0.9609459759749585,0.27531303341574365,227.07218907307677,227.6897083848931
1734,8.049999999999997,-7.05,0.13,1.7741164733672508,-0.7822649876798187,0.4288294547793361,237.1622105881839,238.16866741153314
1735,4.049999999999997,-6.0,-0.05,1.2871623242785994,-0.9564613456934892,0.27550203068180745,222.35267218048503,222.96552315781278
1736,6.0,-6.05,-0.45,1.5780131371076234,-1.2665548621227332,0.1265500713367947,231.18712964001006,231.4888304384324
1737,6.0,-6.0,-0.03,1.4299679527077598,-0.6527515581105283,0.2620808677868872,183.2111004065673,183.6882953331237
1738,12.0,-9.049999999999999,1.33,1.6272499563868923,-0.42887869407140833,0.623734843371084,181.0253433324745,182.15030162617023
1739,6.0,-7.0,0.52,1.4979549875270186,-0.9762877657327909,0.3797379247526769,181.9524938416173,182.63235212825592
1740,5.0,-6.0,-0.96,1.0914025666269813,-0.7984802165349174,0.08652697196790371,172.6261780861395,172.77738801481115
1741,5.099999999999994,-5.0,-0.21,2.3437614306351087,-1.0720880723144866,0.31742136911426333,369.50189074800056,370.65436546195184
1742,4.0,-6.05,-0.67,0.9796981722826396,-1.1740063034808765,0.04464698793402287,204.65741249125065,204.74235494327928
1743,5.049999999999997,-7.0,-0.38,1.0290715292705976,-1.033505208850799,0.1241080664088268,178.45133441674028,178.67721807591244
1744,11.0,-7.1,2.07,1.2844283519770445,-0.25481868106776023,0.542813749460602,206.1847759183203,207.29813193061378
1745,9.0,-9.049999999999999,-0.05,0.9238265788604436,-0.6068922272683234,0.1768622036872302,132.7024611047857,132.93457909989232
1746,9.049999999999997,-11.0,-1.04,0.840688830994331,-0.5050830530793464,0.15705571277990646,116.72053063783189,116.90249469191808
1747,8.0,-8.0,0.41,1.4626332519645886,-0.5210881126588127,0.44192390955267485,243.05021114110713,244.1115275888477
1748,11.049999999999997,-10.0,0.19,1.289472672446746,-0.5934622562344835,0.3810800365587145,213.56918975001696,214.37645038533287
1749,7.049999999999997,-5.05,0.62,1.3047748021550385,-0.6906575224287279,0.3297011787667754,169.65063513430843,170.20672993486377
1750,10.0,-10.0,0.77,1.2422790959020347,-0.46684252783368246,0.43447288244037874,209.0185675306928,209.9296856539143
1751,11.049999999999997,-8.1,0.84,1.3304853324326416,-0.45367652857423324,0.4370498269454563,198.92208114751668,199.7887239308785
1752,6.049999999999997,-8.0,-0.55,0.9143469439587274,-0.6039031036567739,0.17554791295538685,155.98488882614404,156.2567280977116
1753,7.049999999999997,-7.0,0.18,1.503554049157908,-0.7714433740274331,0.410191948217841,267.3906817449772,268.4913398764825
1754,5.0,-6.0,-0.78,0.7015591282827568,-0.6534396532409086,-0.009200877601721377,173.38438674622682,173.3678285694789
1755,9.149999999999991,-6.0,1.17,1.8202387653564305,-0.5728987863772117,0.5235906067930324,292.72725608695094,294.2421825854212
1756,6.049999999999997,-6.05,-0.39,1.1563832366515172,-0.698392408313052,0.15536254948426587,170.82232969964352,171.08060462619764
1757,9.0,-9.049999999999999,0.5,1.1653594483595229,-0.3777190346751488,0.4287124679185906,200.2674845643839,201.12560066165082
1758,5.0,-6.0,-0.4,1.0933652607517084,-1.052452266947754,0.007827881831116079,207.949895256504,207.94828247015903
1759,6.0,-5.0,-0.09,2.1297787746654095,-1.0483578939191862,0.3374580754720792,397.9972957181606,399.32907963682914
1760,4.0,-7.0,-0.92,0.9397521818273805,-1.0627924796214767,-0.0465819129499862,202.16202616139708,202.0573224214798
1761,3.0,-3.0,0.22,2.671505534609053,-1.9836414639652562,0.3083845034646927,509.6516159753921,511.3583101634696
1762,4.0,-5.0,-0.73,1.0311994451553606,-1.1457727223185705,-0.0474995158670125,217.16546884548646,217.05209875176442
1763,4.0,-5.0,-0.85,0.7432993465843747,-0.8360890004112961,-0.06160347687696738,183.23899135072514,183.12499878630348
1764,6.0,-6.0,-0.05,1.6971645890430564,-0.991492203125349,0.36821355392134175,316.9354269944672,318.08792822793
1765,5.049999999999997,-4.05,-0.09,1.0479560399574472,-0.8164196534140782,0.09547786730987334,197.39535139810454,197.57358867903793
1766,12.0,-9.049999999999999,0.61,1.112143931187398,-0.3054746289492508,0.3945458089795584,144.90610782358436,145.47745597350885
1767,9.0,-10.05,-0.65,0.7890403364137115,-0.6123115889340964,0.06650470915054768,125.26168274919038,125.3440566692464
1768,11.049999999999997,-8.1,0.62,1.4609346587952887,-0.5428651287804617,0.3958642574545771,168.08000557280073,168.74644257434008
1769,6.0,-6.0,0.07,1.41738439575451,-0.737105921693711,0.3143127849588234,251.69158998012531,252.47192778266492
1770,7.049999999999997,-8.0,-0.77,0.7426890968919655,-0.563469307570131,0.049884524685350755,119.87943209941797,119.94033321663788
1771,9.049999999999997,-8.0,-0.2,1.3604034820806263,-0.2983333753535294,0.39739662827121036,198.51431239981156,199.29841223519557
1772,7.0,-9.049999999999999,-0.99,0.7269231959198638,-0.5484543105116021,0.0723498260287076,118.3564034865439,118.4393005884185
1773,9.0,-8.05,0.53,1.2806428645696728,-0.42672461786718907,0.4076309868499778,191.6733885743383,192.45343062319694
1774,11.0,-9.0,1.46,1.357727385054336,-0.3554982833668539,0.5273927829486706,181.25768366454434,182.20908296945476
1775,10.0,-8.05,0.22,1.3208728489643926,-0.4319508999504551,0.34999908982096223,193.73868396069363,194.4111127278395
1776,10.0,-9.0,0.75,1.1431140991236757,-0.3456459862316719,0.37761368271859636,182.6448051972911,183.33529609532516
1777,5.0,-4.0,0.39,1.72806077807003,-0.7961162971676353,0.3377409881049401,210.55911121558856,211.26193187152626
1778,15.049999999999997,-10.0,0.73,1.5247765288303405,-0.2931837073938246,0.49337000917685714,157.74588241495678,158.5256353087798
1779,4.0,-5.0,-0.52,1.2968410160952606,-1.137849358098082,0.06820839093020602,184.46366843617656,184.58093181813928
1780,9.0,-7.05,0.82,1.0929655111102026,-0.2752857398734486,0.3848384070805485,169.58963414737286,170.24090176649003
1781,4.049999999999997,-6.0,-0.73,1.1252779432599815,-0.933448396330004,0.049283714416735326,156.82117356064487,156.8871460329229
1782,13.0,-13.049999999999999,0.51,1.4103168272879578,-0.4525283799800735,0.46491065761105366,156.96109052587727,157.69278575701372
1783,4.0,-5.0,-0.28,1.1566081214619708,-0.9579492281834427,0.13606866921838218,175.23780091793182,175.47498628706646
1784,5.049999999999997,-4.05,0.04,1.2578029373756887,-0.6147146617539205,0.20960614011001216,160.40200912373447,160.72922301358432
1785,7.049999999999997,-6.0,0.85,1.8817510790892706,-0.7182181016272923,0.6684804702794787,249.74961813394606,251.39928152161391
1786,4.0,-4.05,-0.28,1.3755161211751439,-1.1188317034908404,0.12989711079036334,191.70412706677428,191.93429748474304
1787,8.049999999999997,-9.0,0.02,1.7951874960827712,-0.7594064267699874,0.4619613318870819,215.72475977115153,216.70912945510972
1788,9.0,-8.0,0.28,1.7829904613445156,-0.642490155776823,0.46377270485059774,213.7630536478456,214.7458927177525
1789,5.0,-5.05,-0.4,1.0700255316395921,-0.9238675941307458,0.07824860461038165,170.74104869972282,170.87554344870279
1790,3.0,-3.0,-0.22,2.5711818056175706,-2.641385449367088,0.08974760356348233,605.2855540656167,605.8583195256258
1791,8.0,-6.05,0.2,1.7571392511621673,-1.1575940792009656,0.26537999112235694,167.59309507449257,168.02776441160634
1792,4.0,-5.0,0.06,1.4959232900712274,-1.1114558972881146,0.20311790050845407,191.74940592762803,192.12429778712573
1793,5.0,-5.05,0.13,1.2604608117769607,-0.9269082048961688,0.24584558819763783,156.0024124245132,156.38279781950337
1794,13.049999999999997,-10.05,0.72,1.336777685534865,-0.21915876439891396,0.514057179169694,131.50100519690466,132.1739490095192
1795,5.0,-5.05,0.05,1.6452827048716858,-1.1746170132425315,0.28709338677107904,184.08079897662319,184.61629538752769
1796,7.0,-7.05,-0.18,1.4788794377908325,-0.95974360799473,0.20471586566812905,138.61249647983485,138.8962851486633
1797,5.049999999999997,-6.0,-0.07,1.3828281335221826,-0.8425535873177431,0.19643983192495662,167.8069573935649,168.13070714022123
1798,6.0,-7.05,-0.17,1.57953992303022,-1.2850970112481361,0.2551250265243678,176.70414424487652,177.14710798586032
1799,8.049999999999997,-7.0,0.46,1.3518634445730788,-0.3247458814904179,0.41997009483722875,170.25370444075307,170.9637850005151
1800,5.049999999999997,-6.0,-0.06,1.4864438352670113,-0.9062037705938311,0.25503535146234085,174.26332244176928,174.7076208988805
1801,9.0,-10.05,0.11,1.173529278579967,-0.5430396460784152,0.42151103935895806,167.1483795464575,167.84634124963216
1802,7.0,-6.05,-0.08,1.1870704684477675,-0.6001369790751893,0.3253764055226683,124.32800945595781,124.73119168323657
1803,6.049999999999997,-8.0,0.31,1.2034366379533428,-0.8489687757370805,0.3034206022339804,202.69160058381928,203.30357282563816
1804,3.0,-3.0,0.09,1.6305986270561634,-1.1479236254900262,0.20017235024244098,269.9466993656026,270.4600387543662
1805,6.049999999999997,-9.0,-0.78,1.0145384723411222,-0.8744305465771053,0.10227832429503987,182.50416403757743,182.68877414537366
1806,8.049999999999997,-6.0,0.44,1.48342292932193,-0.6100889904244124,0.35997066471800343,141.89771872897566,142.4081047421378
1807,7.049999999999997,-7.0,0.23,1.0722081255557427,-0.44696870264014377,0.3238215808345652,182.20577343616867,182.7923028404043
1808,7.049999999999997,-8.0,-0.13,0.9944405331489411,-0.6172878784580096,0.22655729057533147,160.89701262573806,161.2599819162968
1809,5.0,-6.0,0.0,1.263049537827202,-1.1488373545664294,0.2285501917149758,179.59942776376195,180.00118015468684
1810,8.0,-6.05,0.39,1.6036221835848368,-0.705576380721759,0.3245963214941192,162.14848354284186,162.67132608811855
1811,6.0,-6.0,0.08,1.3263880399741745,-0.7833748521130206,0.2777681811066499,207.80047449863378,208.38070282594126
1812,7.0,-8.0,-0.38,1.4974093099360215,-0.9659088493763144,0.27505893702101714,201.15739006711243,201.71163019416755
1813,8.049999999999997,-8.0,-0.33,1.311959586136215,-0.6469657999284345,0.2821910566269068,179.2079719872015,179.71038911183393
1814,8.0,-10.0,-0.86,1.0968433370180342,-0.593741392777143,0.2421172539946394,162.04788907178417,162.44188356837032
1815,8.0,-9.0,-0.57,0.9816334139523771,-0.6617407431305098,0.10130716722192917,146.01497240474941,146.15955352308987
1816,9.0,-8.0,0.5,1.301551405524947,-0.4515007050468247,0.33407484137315535,183.22856475913733,183.83736819602274
1817,7.0,-6.0,0.34,1.4433240654947692,-0.8806150547772533,0.2952268394957463,247.88196215619766,248.61634679160426
1818,2.0,-2.0,-0.03,4.394675679240184,-4.5788503528773745,0.22276355186025543,910.1460346445696,912.0461403745936
1819,6.0,-7.05,-0.32,1.107689823463451,-0.748865374208097,0.2281679345265028,216.65838933189627,217.14540655197013
1820,7.049999999999997,-6.05,0.42,1.054546666529983,-0.6520976792092146,0.19829842233893344,149.01710940590078,149.31200366057132
1821,6.0,-8.05,-0.6,0.9216415995053459,-0.8239442742959613,0.05133997984428203,163.2791686452514,163.35928580230325
1822,7.0,-7.05,-0.3,0.9826434696925455,-0.9007355571123808,0.037330771056776936,150.01733804436702,150.07101504039147
1823,7.0,-10.0,-2.11,0.6163003859202965,-0.7586586457040932,-0.11681424703815715,116.8780363854545,116.73922220106805
1824,7.0,-6.05,0.18,1.53971627278002,-0.6489627677641983,0.40196272352886675,241.79754979172753,242.77020641285173
1825,9.099999999999994,-8.0,-0.24,1.1132166459342596,-0.458279523932545,0.27438568499306776,166.24242492726205,166.69918848711947
1826,7.0,-9.049999999999999,-0.3,1.451565652299677,-0.9722525153581237,0.36147306312496225,220.10441695621853,220.8963528039575
1827,7.049999999999997,-8.1,-0.5,0.9262529256144578,-0.8818827235046309,0.0680425599140376,124.74418278509212,124.830774427783
1828,5.049999999999997,-8.0,-1.02,1.2716455055379658,-0.7771175363621564,0.2198496862957152,220.17717241251046,220.66798963268323
1829,8.0,-10.0,-1.08,1.2432469653453468,-0.6107448151040966,0.3234953978016599,173.99701898238047,174.55653644692103
1830,13.049999999999997,-10.0,0.83,0.5731018813149009,-0.2888932507481198,0.1369282504663014,58.66142798006715,58.74150817441506
1831,12.049999999999997,-11.05,1.04,1.987132711234128,-0.42960615539769453,0.7630936267477364,175.0945859656045,176.4273112659995
1832,8.099999999999994,-8.0,0.05,1.2014871206567441,-0.5786521711426265,0.38631815307505774,186.70666630510445,187.42771689680697
1833,7.0,-7.05,-0.43,1.544300123258049,-0.6783205147167229,0.40181545896092624,214.2051480614133,215.06307489342117
1834,11.0,-8.0,1.08,1.3936819069214426,-0.47182953629700186,0.4282917176884085,176.23521694361006,176.9831031861426
1835,8.049999999999997,-7.05,-0.26,1.4921811181591498,-0.6677191772343553,0.3810255412380045,211.51051205483392,212.31572532353405
1836,12.0,-12.0,-0.03,1.323192767184123,-0.5463348273698603,0.3538180597889698,173.61822949984239,174.23304734900074
1837,8.0,-11.05,-0.76,0.7800262452387908,-0.6707402898690584,0.10675979985803039,127.93400269512756,128.07146345835048
1838,4.049999999999997,-5.0,0.03,1.3529940749325131,-1.1351649760645923,0.20429693056250894,295.5787427464445,296.1642578333764
1839,10.049999999999997,-10.05,0.21,1.2896874880866014,-0.43969130589712324,0.42360906776479257,206.10092697903258,206.9727814658769
1840,13.049999999999997,-10.05,0.3,1.267853014649428,-0.3679376019524254,0.41188886947282854,183.92839641038344,184.6852462519912
1841,7.0,-7.05,-0.27,0.9283457230221032,-0.702739302675898,0.08963999485166008,140.52228519286334,140.6466572052028
1842,11.0,-7.0,1.03,1.5463951465334647,-0.2995443448691751,0.5242793571706279,234.62036278297418,235.84700068490275
1843,7.0,-7.05,-0.1,0.9218736248687586,-0.6684871453621084,0.14865117610966513,126.30937270051525,126.49596133429155
1844,8.0,-7.0,0.29,1.4181176608818378,-0.5550094087490473,0.4175137821802655,238.7467994219288,239.73813598312645
1845,11.049999999999997,-10.05,0.36,1.4146017434638019,-0.45174806727151295,0.4383491472272324,196.88933482949164,197.7518244799727
1846,8.099999999999994,-9.099999999999998,-0.26,1.1352510461793701,-0.47300704460050813,0.33343205654476504,176.255194523833,176.8349373106416
1847,7.049999999999997,-7.0,-0.11,1.4585912663242313,-0.5808919506110054,0.358906644228897,209.4938481255003,210.24486406439294
1848,10.0,-7.05,1.01,1.5053665217225554,-0.5141753016669391,0.5124916126399097,199.14878814302796,200.1667262674209
1849,11.0,-8.05,1.07,1.5706288467917968,-0.42367277415195004,0.4989786905511195,198.20035341439151,199.1875292584681
1850,15.049999999999997,-13.0,1.48,1.2468063786927939,-0.35884417668680685,0.4651248335535957,158.7322725291211,159.47007854274753
1851,12.0,-12.05,0.36,1.184000890360052,-0.4641225144828301,0.40512537027804085,182.9133876308792,183.65810762351663
1852,15.0,-13.0,0.8,1.2271006160358773,-0.2816680496428116,0.43155510136147496,154.28035450975017,154.94234899695485
1853,11.0,-10.0,-0.17,1.2385836013433758,-0.3516411702430736,0.363206006738585,178.58666793503247,179.23168445130804
1854,13.0,-11.0,1.34,1.1287563729420753,-0.3257108534202083,0.4633097785765575,161.16015034528522,161.90634285853238
1855,2.0,-2.0,-0.27,2.5385940370362063,-3.2896515131042783,-0.265969391867749,536.7956718760497,535.1151077451134
1856,12.049999999999997,-13.099999999999998,0.02,1.1034876067787567,-0.4556892977315657,0.3814531960778815,179.94767676197552,180.63664632962053
1857,13.049999999999997,-9.0,1.05,1.442626291435647,-0.4241844676541343,0.47139605534329887,190.8916153160322,191.78400540773936
1858,9.0,-8.0,0.73,1.422174004016015,-0.44294623985564635,0.4697461579128672,214.62749092098835,215.6323186392573
1859,13.049999999999997,-11.05,0.65,1.2832524525300817,-0.3091850546193395,0.4364528106039052,161.56137109534853,162.2643673735565
1860,9.0,-9.049999999999999,-0.58,1.305039408501342,-0.6174162373564024,0.313275155825011,227.4041573463888,228.11551425489986
1861,5.0,-6.05,-0.23,1.5026571957902135,-0.9928952294876109,0.29730207924477275,279.2615140083731,280.0926726223622
1862,6.0,-6.0,-0.27,1.3928983954869933,-0.6771897480794272,0.32881552365801575,245.76267261377936,246.55779175985595
1863,7.0,-7.0,-0.18,1.2546131846038953,-0.4617428934735056,0.3479229584078245,256.01242572343233,256.89585892155986
1864,12.0,-10.05,1.08,1.1819873747473313,-0.2881606612732779,0.44265383428851557,179.48942071456003,180.28000693438625
1865,11.099999999999994,-9.049999999999999,0.75,1.4872508230825034,-0.5862512742329036,0.44403580865186854,201.61927952937134,202.50896061429776
1866,10.0,-10.0,-0.04,1.155350090183763,-0.390674600324184,0.34157972871992426,174.13157785968048,174.7237707841464
1867,7.049999999999997,-10.0,-0.45,1.1215067992229213,-0.46177530628438557,0.32595612804205776,178.09275782249657,178.6665183695346
1868,7.0,-6.0,0.36,1.2562406177087906,-0.5293367575053108,0.39019638177940186,215.67342723792154,216.51680033810678
1869,8.049999999999997,-6.05,-0.18,1.69740431075892,-0.6204016312961408,0.3213644414653053,252.27968752671174,253.08854338704572
1870,16.049999999999997,-11.0,1.08,1.4683384775488975,-0.30450013833351625,0.463481343569401,182.46860623322524,183.31302088229796
1871,13.049999999999997,-11.0,1.33,1.3703719039713256,-0.4472686392092698,0.4766650643446826,189.22679330281034,190.1252956948994
1872,11.049999999999997,-9.099999999999998,0.99,1.145001950472615,-0.26371578586792144,0.4246934682527563,185.6798528005659,186.4674093340093
1873,7.099999999999994,-5.05,0.27,1.4270738563411278,-0.3696592578056665,0.4153431014741596,259.1684927511059,260.23529620381544
1874,7.049999999999997,-6.0,-0.54,1.5294376826341534,-0.6687467219098526,0.2839095325269348,265.14977243204083,265.8976334919134
1875,7.0,-7.05,-0.45,1.3501449584025558,-0.7427718115536432,0.25960654207795175,251.10286753978852,251.73990583474747
1876,10.049999999999997,-9.049999999999999,0.54,1.2672210022580483,-0.5764553156677383,0.39572932947390116,162.51217980276425,163.15089549688895
1877,7.099999999999994,-9.049999999999999,-0.4,1.3298394323539162,-0.7140174215203083,0.31355049504489857,213.95328719491073,214.62475587457524
1878,10.099999999999994,-10.1,-0.26,0.9530272171134848,-0.3729196398454511,0.2645620852507912,142.77979452068774,143.1570655078458
1879,7.0,-9.049999999999999,-0.69,1.2401158359424693,-1.0559371679990575,0.2182400659554496,213.64106153087192,214.10222768071498
1880,9.0,-9.049999999999999,0.15,1.4509273164554928,-0.7015758763125771,0.3729069345168537,191.73893583651628,192.44464447927245
1881,7.0,-7.05,0.06,1.323574187317581,-0.7813105630257956,0.2794802351597423,209.0121820619015,209.58825641202426
1882,8.0,-8.0,0.31,1.3003681132673464,-0.7830493259585201,0.24841205858423712,197.85874691193112,198.33993707711488
1883,5.0,-5.05,-0.73,1.30097098063702,-0.8477253338512603,0.06345979511305429,210.8048685611896,210.93498327264496
1884,6.0,-6.0,-0.24,1.3246484267629686,-0.7505189243356076,0.15405987119868386,200.8371048470394,201.13657901988665
1885,5.0,-5.05,-0.22,1.085510277983395,-0.8158476756267447,0.16321341517192173,193.5152078017639,193.82574140477524
1886,2.0,-2.0,0.16,3.2973695185560583,-2.350414484996454,0.5354724569051195,758.5928387446008,762.6512456173165
1887,9.049999999999997,-10.0,-0.68,1.0762446509740586,-0.3023712423139635,0.3680734291207169,160.95201490333892,161.54229538969324
1888,6.0,-10.0,-0.86,1.1312665209190833,-0.6464309608861264,0.3444765972470523,195.31223801332206,195.98139899866072
1889,9.0,-8.05,0.18,1.6030071040389742,-0.6223591341285422,0.4233522439305048,196.57728848118154,197.39390341268387
1890,9.049999999999997,-10.0,0.11,1.3614409007787682,-0.585119624996618,0.3871874182382762,168.32451747153976,168.9654484195553
1891,8.0,-7.0,-0.16,1.0704097110957727,-0.47608479160973943,0.23523577593751738,180.41614729695462,180.83505422829356
1892,8.049999999999997,-13.0,-0.78,0.768072521628914,-0.5048748609725211,0.22130447823085697,132.65729856262337,132.94855739540026
1893,6.049999999999997,-8.05,-1.19,0.65868439282512,-0.6914556255566778,-0.017683404238416883,142.05617567199613,142.03123404229274
1894,8.049999999999997,-9.049999999999999,-0.91,1.0126757743035535,-0.8506241840276735,0.04926225533203207,152.5215507718337,152.59348401169416
1895,10.0,-11.0,-0.76,1.2760522539356491,-0.4292427416274506,0.4240351659101259,134.86095212489556,135.4278362916447
1896,7.099999999999994,-10.0,-0.86,0.7547529334903242,-0.6035001588777638,0.07887088162302551,121.97442924718409,122.07063778209273
1897,10.049999999999997,-10.05,0.18,0.7384553155786018,-0.41979315993542415,0.1419842152303777,111.23728831883284,111.39541230238166
1898,7.049999999999997,-12.0,-0.39,1.2898548955936038,-0.5637508759815979,0.4446195167945203,160.50808518660736,161.21473455576358
1899,7.0,-9.0,-0.38,0.9000495393711672,-0.9431606148582918,0.03935459666235221,170.3068551238669,170.36568949884852
1900,4.0,-6.0,-0.45,1.2201020621387275,-1.6559070405183243,-0.04517114197208089,218.79536583229986,218.6831972529062
1901,12.0,-12.0,0.96,1.2079776726754066,-0.4632858681006705,0.48515593960596093,159.371568122021,160.14400686452697
1902,9.049999999999997,-9.0,0.88,1.4402803337173329,-0.5033913277041705,0.5449620997552347,201.8964844011575,202.9912369244746
1903,10.049999999999997,-10.05,0.58,1.243866389469016,-0.20888818316335986,0.48906103572029763,154.4179056073869,155.17009791030287
1904,10.099999999999994,-11.0,-0.83,1.375016527571169,-0.4962168271445364,0.3664921622629577,172.9134618161252,173.5426728852527
1905,14.0,-12.0,0.46,1.492162103207703,-0.43875804143879427,0.46100827269055217,158.98042966290066,159.70859966592732
1906,8.049999999999997,-6.0,0.82,1.7402152117026235,-0.7024388122060677,0.50775090414541,228.35366994072712,229.5132588138154
1907,11.0,-9.049999999999999,0.81,1.1507661478124138,-0.28143771356436975,0.4188272698957337,152.19288641325141,152.8298385635651
1908,6.0,-8.0,-0.38,0.8987355075831672,-0.8463298813525013,0.027180511668608406,192.51963896633538,192.56276013881845
1909,8.0,-7.0,0.57,1.5496482139016186,-0.4628239857647239,0.5334560907484469,220.65076706727086,221.8247429567816
1910,6.0,-8.0,-0.64,1.6295684371317753,-0.882786989302459,0.3268472907082483,255.7779958179572,256.60269511450207
1911,5.0,-6.05,-0.46,1.4677845780330692,-0.6680385446234333,0.3788549466920977,281.5085941815981,282.5676727988489
1912,11.0,-10.0,-0.77,0.5735389565021288,-0.44532118301092893,0.04101895310701773,110.12646523177342,110.17210830060607
1913,11.049999999999997,-12.05,0.42,0.943910509701446,-0.15470982588985413,0.4006894977456333,104.47526808169738,104.89254716555958
1914,11.0,-11.05,-0.76,0.6037979244829429,-0.42538751894531346,0.09458283023459256,83.27900144514318,83.3580671670218
1915,7.0,-5.0,0.94,2.062407951735044,-0.8038707928880304,0.6189400299837405,239.1419081359785,240.61070959514782
1916,8.049999999999997,-10.05,-1.4,0.6650910013013631,-0.6976036822319944,-0.03520951743468412,76.07243380354639,76.04445391357686
1917,2.0,-2.0,-0.03,1.9194596703439042,-1.8958859572994686,0.06054071367669124,359.6880401357659,359.9047597603974
1918,2.049999999999997,-3.0,-0.11,2.723504648383833,-2.333750066938808,0.006005040274007283,387.28090899956516,387.27569382066775
1919,10.0,-11.05,-0.1,1.203072107916197,-0.4126282487402263,0.4388386792588255,129.09916093044393,129.66407512238274
1920,5.0,-6.0,-0.41,0.6690956910952592,-0.6076855714408544,0.008782163563663362,135.6518857354404,135.66210527855813
1921,8.049999999999997,-8.05,0.97,1.3579383660104176,-0.419659382957566,0.5337516512570464,153.70390574814587,154.5202750197887
1922,6.0,-8.0,-0.66,0.6466267706047566,-0.6711645758703587,-0.005406927995861939,112.87352881253526,112.86606113501635
1923,12.049999999999997,-10.0,1.6,1.3019685981108056,-0.17046380704247294,0.5619823132637045,112.19660726978624,112.82514082335703
1924,6.049999999999997,-9.0,-0.64,0.7688400435269221,-0.7843583501807633,-0.002751197726421248,115.62484430602622,115.61767559622017
1925,5.049999999999997,-7.05,-0.94,0.6083696814912967,-0.6192915050244578,-0.010122895659046355,115.19725873125277,115.18507618350199
1926,8.0,-7.0,0.05,0.8238843228514229,-0.41882895676001136,0.12269051827483893,116.56260052639487,116.7044347812153
1927,10.0,-7.05,0.56,1.123454424927848,-0.41900459788451416,0.3349255553370971,120.18973100807172,120.58861779253948
1928,7.0,-7.1,0.28,0.910865180816611,-0.7639908650371229,0.11903562738143496,144.1271987202912,144.29762453913278
1929,8.049999999999997,-7.0,-0.61,0.8714650333470508,-0.6360624854170989,0.015061818254785307,123.1945144533922,123.21260372201614
1930,9.049999999999997,-10.05,-0.22,0.5972210268914845,-0.5191467205818088,0.07100338197362153,91.49177623892783,91.55640722315428
1931,7.049999999999997,-6.1,0.33,0.8347127266934052,-0.4028661103279886,0.22412537613571343,131.65192684167158,131.94604954492934
1932,7.0,-6.0,0.54,1.4467161187456945,-0.6019918068708713,0.3954850313661335,180.4207868112827,181.13332955415032
1933,9.149999999999991,-8.05,-0.03,0.9047673420870157,-0.46186828625562243,0.12440521987958673,121.05025154183348,121.19781867524071
1934,7.0,-6.05,0.28,0.7876380813851942,-0.5025408259384075,0.14416005917417324,139.76328619555375,139.96338227317884
1935,6.0,-4.0,0.65,1.0038557523164808,-0.5125672122117992,0.2170002378491055,150.2098613881972,150.53499799990115
1936,9.0,-10.0,-0.28,0.6369286914747945,-0.5408103622837749,0.05356942940786965,84.97357907504097,85.01926163593389
1937,6.0,-5.05,-0.11,0.9391897333438919,-0.7828951706407242,0.09399578723297346,157.4825618357959,157.62643236427283
1938,5.049999999999997,-5.05,-0.15,0.8941183789141528,-0.5913742486159562,0.1616684104013559,154.4197698857161,154.66719591125192
1939,6.0,-6.0,0.14,1.1812391234361317,-0.5943505887293862,0.2991875000023347,141.66796042466342,142.09272712981212
1940,7.0,-8.0,-0.15,1.233940591626529,-0.6978745857102188,0.3146000543511982,144.36138984463113,144.8129793660321
1941,13.049999999999997,-11.05,0.16,0.9156093799816238,-0.42916188611138445,0.23085859357946137,99.16498644511681,99.39324739511999
1942,7.0,-7.05,-0.49,0.8366554165041239,-0.6637491118801775,0.06427530475297347,144.360486436568,144.44956026589207
1943,7.0,-9.0,-0.86,0.9702830247112296,-0.7825565682155666,0.1219071442022853,135.5172579501191,135.68206487981527
1944,10.0,-6.05,1.02,1.3030659130967919,-0.35812369327697857,0.39528545843849316,122.67658578037977,123.1585171154285
1945,10.0,-10.1,-0.64,0.8199013344924748,-0.4914246977184922,0.2000658175418289,104.71376560015416,104.92443343462328
1946,5.049999999999997,-7.0,-0.85,1.1250378913972563,-0.8498030443825494,0.1158350411921802,161.3472524385326,161.52923884692467
1947,9.0,-10.0,-0.38,0.6482126092293115,-0.42823381198123434,0.09190060717680419,97.7193530282403,97.808514948643
1948,8.099999999999994,-7.05,0.31,1.031481712714298,-0.6184791879733957,0.1412616713180461,118.2513866831062,118.41879211156719
1949,2.0,-2.0,-0.07,2.7610848653053854,-1.942307708937613,0.11222012340561457,435.22752033787606,435.6538222161954
1950,6.0,-5.0,-0.03,1.0733709625048704,-0.8170464379636732,0.06366188953005045,143.69368880313186,143.78888751467565
1951,11.049999999999997,-7.05,0.35,0.7176257409880551,-0.32241089712610116,0.12252266521767397,94.70870239320848,94.82434859148746
1952,9.099999999999994,-8.05,0.68,0.596236602079055,-0.3755927531411915,0.12831596391232028,78.54846795931104,78.64943700685508
1953,6.0,-7.0,-0.58,0.8388378277401114,-0.7820653397692936,-0.0074185645550568025,110.92364837584903,110.91179290659974
1954,9.0,-9.0,0.53,0.7870267793816521,-0.417986376187171,0.19573018560366967,107.81414155295148,108.02310948657534
1955,7.049999999999997,-7.0,0.62,1.1256140184006747,-0.4111753071502906,0.33077103413686354,157.63384381846674,158.15561204248343
1956,9.0,-8.05,-0.06,0.8113968088691261,-0.627486060553941,0.10073383068856223,106.08638852230058,106.19117168475621
1957,9.049999999999997,-8.0,-0.26,0.8086830100515987,-0.5129635959445492,0.05102782667764498,105.10104984769096,105.15534734419744
1958,10.149999999999991,-9.049999999999999,0.3,1.3021570457034872,-0.3886555338121138,0.42042516162409255,132.95585483624933,133.51327116113703
1959,10.099999999999994,-10.05,0.19,0.9654727524668496,-0.29014911492768586,0.307221785117547,122.40532225286387,122.78022893963201
1960,9.049999999999997,-12.0,-0.59,0.8164152319410902,-0.2830955723124547,0.29594785448629546,111.24545484858689,111.57507258127264
1961,10.099999999999994,-11.05,-0.26,1.512445990391688,-0.7519559917422205,0.3149609917821799,134.091189404441,134.5088050292223
1962,6.0,-7.05,0.18,0.8401926745201607,-0.6332523186170063,0.101577797835728,151.92326598023513,152.07799328115323
1963,2.0,-2.0,-0.16,2.5555135808664624,-2.3099404987419807,-0.07429099251477435,470.11969715186933,469.66591956644567
1964,8.0,-8.05,-0.47,1.3414542573622104,-0.8550222894432606,0.28262710660469337,166.64752172627942,167.10966722305386
1965,8.0,-10.149999999999999,-0.2,1.281170810774175,-0.8296358795895127,0.32300447187015036,143.6831940243257,144.14366839012527
1966,7.0,-7.05,-0.24,1.7057435140943762,-0.7835783706708627,0.3091207812649181,200.82671470256125,201.43221950793358
1967,13.0,-6.05,2.14,1.9306235375047074,-0.3802231320120693,0.6630206421482165,163.7203911570741,164.80175175643
1968,8.0,-6.0,0.41,1.6736075353942381,-0.650317091357131,0.41498341662679417,188.41731344032493,189.1955752863969
1969,6.0,-5.05,0.29,1.5758035072186685,-0.6229696311756122,0.38441355471276073,240.81144838357886,241.73204765885487
1970,7.0,-8.0,-0.1,1.4838858506208459,-0.8698998956413597,0.3395758839766137,211.4078635118644,212.12194765538194
1971,6.049999999999997,-5.0,0.2,1.68350836712569,-0.8508121007194788,0.29274387141301667,227.26715414622652,227.9325829490499
1972,7.0,-7.0,0.13,1.2832467425261427,-0.5530228149519607,0.34986486516854226,168.63216811563814,169.2145886976752
1973,9.0,-8.05,-0.21,1.5255087923671629,-0.6962219412774137,0.3431974562648336,152.6365860983223,153.15801926632915
1974,7.049999999999997,-7.0,0.26,1.7101805308393172,-0.8824882685559133,0.4006402075385178,197.85889443583207,198.64639217636642
1975,5.0,-5.05,-0.4,1.5492795999010924,-0.9020444032780661,0.23334241884935658,233.1673434138442,233.71021784432205
1976,7.1499999999999915,-6.05,0.6,1.6717512946653739,-0.8071222973273964,0.3912449112051766,229.80475282148146,230.71086566181486
1977,8.049999999999997,-8.0,0.39,1.260797894852758,-0.5353184761958982,0.38130398221603995,192.33123328439183,193.0630460976123
1978,8.0,-8.0,0.26,1.2603250063731308,-0.6014883763100284,0.3308276341465482,174.9353107351168,175.5118060293236
1979,9.049999999999997,-8.0,-0.09,1.3475740664799942,-0.5000962531392577,0.3793330819914677,184.7633236026846,185.46077183949924
1980,11.0,-11.05,-0.82,0.9836939864648853,-0.3449532558037242,0.30426515539916593,140.21055861679503,140.63674469030022
1981,5.0,-4.05,0.12,1.6117738549316787,-0.6443128044395193,0.4299511881307862,270.81392146993045,271.97382322590533
1982,8.0,-7.0,0.37,1.5132861923150764,-0.6885553264466827,0.369681889046633,212.6343599777783,213.412225274187
1983,11.0,-10.05,0.36,1.2532049653555404,-0.43875930950804387,0.4169762639415048,157.6363340754084,158.29020369422133
1984,8.049999999999997,-8.0,0.27,2.246650639910926,-1.154961183935915,0.5060155945431678,251.88865600002242,253.149644523853
1985,8.0,-7.0,-0.22,2.0357405654154186,-1.0893857604485127,0.3067876145244384,266.09173228280144,266.88437839315316
1986,6.049999999999997,-8.0,-0.29,1.495962520535841,-0.9182825153503179,0.3884242204991093,234.88999713926634,235.78976423148862
1987,6.049999999999997,-8.0,-0.05,1.5462441461818857,-0.906230592567179,0.37255238476460883,230.87342630831145,231.7250865835849
1988,7.0,-8.0,-0.47,1.2748299715103932,-0.7759124489696522,0.2529098024122436,203.0565587562083,203.56762181141394
1989,7.099999999999994,-6.0,0.94,1.7705074424106642,-0.4946234989918584,0.5390943719972614,233.5009789465574,234.75804423275034
1990,6.0,-6.0,0.42,1.502473878526076,-0.8496078397480521,0.37815941704849365,234.79210856447025,235.6718714922697
1991,6.0,-9.049999999999999,-0.23,1.6075526880072672,-1.2955075345831972,0.3753362670705879,231.6804519739908,232.53661609291973
1992,9.0,-5.05,0.08,2.2264298321875624,-0.8329965588439474,0.43487364722597327,233.75786965480216,234.7672086241322
1993,5.0,-7.0,-0.71,1.5906815743432559,-1.1187448682124896,0.29573861870517354,243.09660574472022,243.80238812818715
1994,7.0,-6.05,-0.18,1.6163767749377373,-0.6598991473138701,0.3912404010926967,230.20113498636312,231.09467881943277
1995,9.0,-7.0,0.14,1.5469045421582388,-0.6808508691137927,0.35382497957721143,178.86878163976894,179.5013156489373
1996,2.0,-3.0,-0.41,1.9560400677301544,-2.389169697351085,-0.172657097306622,497.26997255551396,496.41365784940746
1997,7.049999999999997,-10.05,-0.95,1.0628805167007962,-0.6119009411855141,0.24324340591646107,155.49416745989257,155.87053695904262
1998,8.0,-10.0,-0.12,1.1503303079147595,-0.6996777788901286,0.3044129161764814,162.1794930164221,162.6711862389013
1999,16.0,-18.0,0.29,1.0190556006505955,-0.3080074007336644,0.3581550210919459,100.39430743528705,100.753831329362
2000,11.0,-11.05,-0.15,1.16207830683737,-0.35815361765660914,0.3659571271787298,146.25771217459362,146.7925562354558
2001,8.049999999999997,-8.05,-0.22,1.0326842680027686,-0.585854130495274,0.1679257815227989,159.36711614293748,159.63132887821158
2002,8.0,-8.0,0.13,1.0625713583296033,-0.49915233079749266,0.28621125925838625,158.8920037339119,159.3476723798713
2003,7.0,-8.05,-0.04,0.9727426421309644,-0.7027276069531762,0.1831442857646564,187.72770453911406,188.069269684393
2004,7.049999999999997,-7.05,0.31,1.5440624720701552,-0.9950747957207563,0.3337693813266169,247.77888233016165,248.61185537613383
2005,6.0,-6.0,-0.27,1.2937493332922108,-0.7228902772883664,0.2898952347999353,210.48860883286466,211.08706374348498
2006,8.0,-9.0,-0.51,0.8935176589559782,-0.638226616641892,0.12636618848470976,148.97675605641066,149.1615405837021
2007,2.0,-2.0,0.1,4.5502768795960735,-3.5513899963413627,0.5104207406994511,682.7640554946951,685.7494370022187
2008,9.0,-6.05,0.68,1.401855966893394,-0.6608726407397865,0.390534316909561,158.52251023336768,159.1352330645628
2009,7.0,-9.0,-0.82,0.9716287115661234,-0.8051510386712346,0.12572202430920928,141.79698465108947,141.97311957986926
2010,8.049999999999997,-9.0,-0.53,0.9169188705048693,-0.5426454893003767,0.14520147758706764,122.86184913017958,123.04007319424527
2011,7.049999999999997,-8.05,-1.15,0.9807329983101292,-0.6706459219427527,0.0858277448913067,139.140284502508,139.25878069830333
2012,6.0,-8.0,-0.08,0.8789769426109687,-0.5622720269769897,0.2192217013641308,158.1980082480577,158.54286226278953
2013,7.0,-6.05,-0.48,1.9027703079180438,-1.254073771911923,0.16308383702195972,252.63053248826634,253.02889338558617
2014,6.099999999999994,-9.0,-0.18,1.0697688241365602,-0.7326344840331325,0.25393349636662127,153.37746647630038,153.7646592149409
2015,9.049999999999997,-13.049999999999999,-0.91,0.8252637472868294,-0.27268159723297886,0.2963500188012205,88.83739201443802,89.10043450926143
2016,9.0,-9.049999999999999,-0.33,0.6987941726677214,-0.4863409548297478,0.13360120754130636,102.7374285015396,102.87558039764177
2017,9.0,-11.0,-1.18,0.7142347394656011,-0.44895792898368525,0.1075505987130673,89.00517815417801,89.10052318623735
2018,9.049999999999997,-7.0,1.25,1.224294816179357,-0.3275843366098242,0.5107252456178702,107.38009125102599,107.92842819939459
2019,2.0,-3.0,-0.26,2.7684880831483323,-2.927978904225911,-0.13801415016919727,437.95936945045054,437.34474928763893
2020,6.0,-7.0,-0.17,1.8575228663921155,-1.0503502762222456,0.3355988773647827,186.57013343013304,187.19352584697933
2021,6.049999999999997,-7.0,0.05,1.4565048872116573,-0.820292771196617,0.37641302255909553,158.11383076163335,158.70636664095912
2022,5.0,-4.05,0.02,1.8320313821912442,-1.4144238217179856,0.24298785486810082,240.25431533338502,240.81287164502595
2023,6.049999999999997,-7.0,-0.11,1.2543409615192607,-0.6066741480168085,0.29098601991896345,162.4489507776869,162.91962918785737
2024,12.0,-9.0,1.1,1.3177701503104122,-0.39215973285186734,0.43505570442639346,120.82657344448923,121.34795887790001
2025,7.0,-8.0,-0.5,1.2552770991014146,-0.5617723050263757,0.30787153907761583,146.83780143229848,147.28833079372467
2026,8.049999999999997,-7.0,0.16,1.7585771626318754,-0.8111546708722274,0.34547339155379303,183.94992456158795,184.57581568465605
2027,7.0,-8.149999999999999,-0.95,1.1717543519473914,-0.9232240892392276,0.1886237732355707,165.9899376030452,166.299019684228
2028,5.049999999999997,-7.05,-0.97,0.7478641498192029,-0.8679284716925719,-0.04031531225407095,171.48347241038425,171.4102947060225
2029,5.0,-5.05,0.2,1.6045180834829091,-1.0206339118875802,0.37681896760754374,243.69862308165267,244.60941911588557
2030,7.0,-9.049999999999999,0.05,1.4376062151917977,-1.0188635327364504,0.4286518441704253,175.76564860563005,176.5150982002445
2031,7.049999999999997,-6.0,0.48,1.2788745159978476,-0.4352497604434768,0.381579963187824,185.22706847078982,185.93094008373438
2032,6.0,-7.05,-0.16,1.0040181799669727,-0.799637152794811,0.20867233178066502,169.9790667902489,170.33643256315125
2033,7.0,-5.0,0.58,1.4703412944020402,-0.5799106318404535,0.390378894365194,219.14786496695072,219.9998680827743
2034,7.0,-7.0,0.2,1.1541954854150744,-0.7629157378146655,0.22844311740481138,169.44897767785704,169.83514907248852
2035,9.0,-7.05,0.65,1.3468273583959436,-0.41595378892120466,0.43534184381878027,120.68381325162416,121.2065617963985
2036,7.0,-6.0,1.08,1.3081067794393024,-0.39687509566095247,0.5089584682320583,154.92905698136886,155.71360816101898
2037,8.0,-8.05,0.57,1.4145479386933328,-0.8347354916297124,0.33031007373119164,141.1945890948563,141.65565438629588
2038,6.099999999999994,-7.05,-0.1,0.9585327273757465,-0.6937047181313619,0.13473390499413757,125.55613543183289,125.72362752086973
2039,6.0,-10.0,-1.9,0.5127322905257219,-0.6054354686098974,-0.043537795659925306,88.10648812660921,88.06714970123716
2040,7.049999999999997,-10.05,-0.99,0.6971302182947782,-0.7532926974168239,0.0031554989506431676,95.38306230473376,95.38506519893893
2041,5.0,-5.0,0.12,1.5044495508535343,-1.132032257267856,0.17170142769261482,169.58572437422563,169.87205804236692
2042,9.0,-11.0,0.24,0.7641601451466088,-0.34184596256139943,0.2541489379790967,79.81364037440564,80.01622564614419
2043,4.0,-4.0,-0.15,2.0288711489505853,-1.4259331758778673,0.1816374047162439,269.04256979112165,269.5204171533212
2044,12.0,-9.0,0.61,0.8460899352712056,-0.2903061667052207,0.23099516052984406,88.90166567691165,89.10661230272208
2045,6.049999999999997,-5.0,0.15,1.6805197579405808,-0.9844480987994166,0.24328656251770306,206.9059730820808,207.40356973652683
2046,8.0,-8.0,0.16,1.0169744578862487,-0.6012228936679506,0.2243777024115429,102.7128429691876,102.94176546645689
2047,11.0,-7.05,0.34,1.5089324259506254,-0.5968848841023348,0.29454848859256977,119.13057551469782,119.48327254156047
2048,8.049999999999997,-8.05,0.0,1.0239264039021407,-0.742053863527434,0.1584998954914747,113.48390819957214,113.66247153714563
2049,7.049999999999997,-9.049999999999999,-0.4,0.8594605298436392,-0.7184925455203635,0.15918562998691338,121.80609640184407,121.99818018304384
2050,9.149999999999991,-10.05,0.22,0.9343619728900916,-0.5513284455885405,0.26812214087511815,97.14208800845473,97.40148587626821
2051,3.0,-2.0,-0.11,3.2863342361062924,-2.516348377300616,0.06488502660582358,341.8082489049121,341.87978052625823
2052,6.0,-7.0,0.16,1.0823884458427169,-0.9911071605449993,0.06188897481471452,220.4699972178677,220.60117416876642
2053,4.049999999999997,-6.0,-0.87,0.634707320095123,-0.7322076821539796,-0.0685823894457462,163.35177061027514,163.2360447097746
2054,10.0,-10.0,-0.04,0.7134233916960043,-0.635275374499252,0.03499947251693428,117.3910451192774,117.43177631823163
2055,8.0,-11.0,-1.03,0.5311988124177104,-0.5784743437964253,-0.01565951555688794,125.03443121723731,125.01458901100001
2056,6.049999999999997,-7.0,-1.07,0.8138545879226065,-1.1248490376839853,-0.14550950960246392,153.31970031751726,153.09634275724636
2057,6.0,-8.05,-0.66,0.5112068413041967,-0.8414617734668182,-0.054227424115898745,126.77731418908088,126.70843187379006
2058,5.0,-5.05,-0.43,1.140594089073966,-1.241771859203963,-0.07561999237862095,205.68742025507981,205.52216013091808
2059,3.049999999999997,-3.05,0.03,1.4716431068198788,-1.465875711016421,0.019237794046293596,322.2442075352463,322.3329252077212
2060,6.049999999999997,-7.05,-0.19,0.7515017751422076,-0.8264816237841623,0.01970714719111468,197.92141741110458,197.95820473279022
2061,10.049999999999997,-5.05,0.73,1.0408626183012881,-0.5432130333089473,0.12753427300271,189.8948331965879,190.13993233042441
2062,7.049999999999997,-8.0,-0.36,0.6316965064798445,-0.6300646567990393,-0.00991925986835749,90.72487448949701,90.71380039864445
2063,4.0,-4.0,-0.17,0.9868544732535791,-1.1172183969752096,-0.01425860049660089,238.5031893071839,238.47415118931903
2064,8.149999999999991,-9.049999999999999,-0.54,0.614346609764832,-0.6494926107623502,0.002285480962367872,114.69760575984544,114.70184198128669
2065,7.0,-9.099999999999998,-1.07,0.6725231112587198,-0.756167835667573,-0.06682115996109073,111.68753376194125,111.61277000583425
2066,7.049999999999997,-6.05,-0.75,0.8660913498958064,-0.6475926390498675,-0.0331593290706216,169.9567352836437,169.89599845638807
2067,6.0,-8.0,-0.92,0.7526498635594774,-0.8413927219533287,-0.08667845740559624,123.20070059703255,123.09447366283216
2068,11.0,-16.05,-3.49,0.26849672364368277,-0.3475109375292318,-0.043955594865257144,63.418676555607526,63.39090693176965
2069,6.0,-9.0,-0.77,0.6281807618069758,-0.7825857748893766,-0.030663268291110293,138.41274220917754,138.36735245045784
2070,7.0,-9.0,-0.42,0.6908924593967483,-0.661696600580177,0.02857570580349763,153.97858976710506,154.0191059109906
2071,6.0,-7.05,-0.46,0.6096521146849517,-0.6218799516866128,-0.011764300080982242,106.50089431625031,106.48600256448115
2072,8.0,-8.0,-0.38,0.7285631668895792,-0.6019523015564294,0.014090894042637468,173.00747912961415,173.03118710941126
2073,8.0,-8.0,-0.38,0.5713203993930511,-0.6315318039010639,-0.028281297280069655,96.38595456686566,96.359258516512
2074,12.049999999999997,-14.0,-0.41,0.5059499622720897,-0.5390216714578876,-0.005394721601384929,90.57320781390165,90.56847928510601
2075,8.049999999999997,-10.05,-0.97,0.7930075241509478,-0.7174669248688922,-0.006466443370809496,121.50366419490324,121.49304233841751
2076,5.0,-8.0,-1.02,0.5309404814064773,-0.7224595282700633,-0.09778807116891532,124.96252238514923,124.83860577725565
2077,4.0,-4.05,-0.38,0.7165384321526687,-0.8943777679897635,-0.0814045134745485,152.67633718276826,152.55225403735068
2078,8.0,-9.0,-0.49,0.7306181797429508,-0.8178279928297063,-0.01101335820348552,109.75247335488339,109.73887170838208
2079,8.0,-9.049999999999999,-0.6,0.6461006820742367,-0.6522920046083249,0.0007039942070280453,153.99833519342016,153.99862512440654
2080,6.049999999999997,-9.0,-1.24,0.6371712550674414,-0.6915044684513454,-0.061520199528874324,147.05068036707914,146.96115404679387
2081,7.049999999999997,-9.049999999999999,-1.18,0.5770801183720051,-0.7119547622396493,-0.08532826859978279,98.85693888708022,98.77184620813874
2082,9.0,-9.0,-0.81,0.618943634025375,-0.5520513042048799,-0.04662031700525903,93.68278342191124,93.6387972693154
2083,8.0,-12.0,-0.94,0.46571165007473575,-0.5391036980708795,-0.025729947803269662,100.65954563782782,100.63241825458071
2084,11.049999999999997,-13.0,-0.54,0.5537934268907536,-0.5382847356226858,-0.003052984461604136,94.85553926111393,94.85330622109653
2085,9.0,-7.0,0.26,0.9484409977370979,-0.6083406523363806,0.07590154993201723,145.386424642076,145.49641430575204
2086,6.049999999999997,-9.0,-1.13,0.5279678061662431,-0.6767234054001888,-0.0676279761512429,136.89495255199907,136.8015290794908
2087,7.0,-7.0,-0.7,0.5425590591134352,-0.5942502757358848,-0.046996373925166715,113.23173531078943,113.17666568966939
2088,8.049999999999997,-9.0,-0.59,0.6324887647765771,-0.6666167332388636,-0.010437891582233128,113.34185050013966,113.32906940827935
2089,7.0,-7.0,-0.92,0.8241437279561109,-0.7548647259796935,-0.07673999627361133,131.42666591141125,131.32297859058247
2090,8.049999999999997,-8.05,-0.33,0.5738979986669067,-0.6023117924744736,0.00013649282022160065,99.66560610982755,99.66682047678562
2091,7.0,-7.0,-0.41,0.6922914509387733,-0.70813951297045,-0.028918913029347095,112.56996864192628,112.53573309387544
2092,7.049999999999997,-9.049999999999999,-1.23,0.4319960419654471,-0.4474797332603711,-0.030837624652630923,82.24004394932761,82.2137936490741
2093,5.0,-6.0,-0.17,0.9884079614375333,-1.2859018333535086,-0.047579534536031025,188.27120103260637,188.18434208125845
2094,7.0,-10.0,-1.44,0.44718656469061135,-0.5693684784744594,-0.060719560886611304,80.92825970462567,80.87942914281598
2095,8.049999999999997,-12.0,-1.86,0.48136262407118624,-0.6960852844963998,-0.09192861652860472,99.45899152043741,99.36629825526927
2096,3.049999999999997,-5.05,-0.69,0.8181841410679065,-1.1610741779141702,-0.12987228583948243,213.05390597643682,212.77796630749373
2097,6.049999999999997,-8.0,0.09,0.7464306664012816,-0.7877156348415285,0.03533559322825177,133.62315100822437,133.67071868458643
2098,8.0,-8.05,-0.75,0.6793013766178022,-0.6186932902975388,-0.020613694543234144,128.79661196231643,128.76987358520043
2099,8.0,-13.0,-2.86,0.37587394981880723,-0.5931653630737167,-0.12807572940656398,84.75042226601752,84.64060265660795
2100,6.049999999999997,-7.0,-0.32,0.763384188096093,-0.7580581215184091,-0.006785006582629991,129.0103359357545,128.99739630528765
2101,9.049999999999997,-11.05,-0.88,0.42208833525669753,-0.5165657162075156,-0.03570722587809179,72.11804559408073,72.09121721498036
2102,7.049999999999997,-9.049999999999999,-1.43,0.5086040078249612,-0.7809169421412575,-0.11787862671807947,91.6107254394556,91.50266011997181
2103,9.0,-11.0,-1.26,0.40368136627841866,-0.4549334565191878,-0.03427506354060015,77.40029482057267,77.37299270396431
2104,6.049999999999997,-10.0,-1.44,0.41651665185117887,-0.66994171246547,-0.0953042867379172,93.68098650799193,93.59116985281305
2105,7.049999999999997,-9.049999999999999,-0.97,0.5822861154964354,-0.7623023293872927,-0.06822233005093264,104.98686975508535,104.91350388568229
2106,6.049999999999997,-9.099999999999998,-1.3,0.5415690959307513,-0.682086763057884,-0.05089617061052047,127.12725544045016,127.0600322210185
2107,8.0,-10.0,-1.6,0.47693414362314646,-0.5060231750249884,-0.04719307190372226,87.05333906341781,87.01081515306045
2108,1.0,-1.0,-0.1,7.678204351952051,-9.455330976513256,-0.699442489462134,835.3112652624827,830.5528855253754
2109,9.0,-11.05,-1.76,0.4312887385914097,-0.5689721761215808,-0.06296391535487866,83.46203851049529,83.40798814020509
2110,7.0,-6.05,-0.57,0.7042674250088243,-0.5843450317792437,-0.03613533288282534,109.96283091315404,109.92291822513381
2111,7.0,-9.049999999999999,-0.49,0.5005268852594037,-0.6176139095112749,-0.012251172491302708,105.9709928721224,105.95756184784297
2112,7.049999999999997,-9.049999999999999,-0.49,0.7325720872503609,-0.7719044527348417,0.015725586175448232,149.14518812191432,149.1649268896274
2113,7.0,-10.05,-1.16,0.5421187473146614,-0.6986483558329164,-0.0750803170717225,85.94183437200554,85.87670768624997
2114,9.0,-8.0,-0.81,0.827920803094539,-0.6373059636904826,-0.05116930908161174,92.0053445448818,91.95839087688324
2115,9.0,-14.0,-1.83,0.363166387846217,-0.49499012988135416,-0.04675067766039995,54.23805664740219,54.21239418490426
2116,10.099999999999994,-8.05,-0.23,0.6539188051227003,-0.5443959262026289,0.014630070496176803,62.55410402087454,62.56331219914862
2117,8.0,-15.0,-2.35,0.25839176528745195,-0.5193355670828229,-0.08857176137530719,44.773565136510925,44.733854541513956
2118,7.049999999999997,-11.0,-1.4,0.5348722691749084,-0.7090788215367134,-0.09396663796295357,85.59258979506095,85.51180694906675
2119,8.049999999999997,-9.0,-0.7,0.5728554997429415,-0.6707907037319059,-0.06669681721671383,91.14366124356144,91.08255173733323
2120,8.099999999999994,-7.05,0.23,1.0211161396291901,-0.7207082141979712,0.08713465064881629,163.0919103749388,163.23315018783813
2121,7.049999999999997,-10.05,-1.15,0.47991415911938495,-0.6211357846164087,-0.07339834494408531,75.2208047232094,75.1648280989262
2122,10.0,-11.05,-1.51,0.4590687263376153,-0.4109325003063445,-0.014674079113691042,82.25619192095017,82.24431376538585
2123,5.0,-7.0,-1.13,0.48330281461417773,-0.7009395371876401,-0.13424556789539754,96.04152390961178,95.91160955912491
2124,6.0,-8.0,-0.63,0.8557246585664263,-1.0076309666019638,-0.020157274055115918,184.5365999960421,184.49683713942136
2125,9.099999999999994,-13.049999999999999,-1.04,0.46170399350351904,-0.5459296963886604,0.001891187754669352,97.82991246031898,97.83184232129074
2126,10.049999999999997,-11.0,0.14,0.5928116779070335,-0.45930294649661024,0.06993836909409597,85.64021294741566,85.69996501349878
2127,4.0,-11.0,-2.49,0.26051975886708767,-0.757228547648119,-0.1670157419198514,85.16454008281367,85.02142871648455
2128,7.0,-7.0,-0.53,0.9337229411820723,-0.8819349444804155,-0.05576302678235802,140.98184495669585,140.89871285989696
2129,7.0,-13.0,-3.22,0.3937309329248093,-0.6922462148642754,-0.20110413279739883,69.24605212160147,69.10716225884175
2130,7.0,-8.05,-0.98,0.5152711006760391,-0.6800732986505688,-0.07448943579337194,107.99702112604724,107.91505491025063
2131,7.0,-12.05,-1.96,0.47858589010586566,-0.8811304754718412,-0.13699186047560236,98.27751857456592,98.1419312622845
2132,10.0,-15.0,-2.81,0.3693406955962206,-0.5965658412988253,-0.11467719568892934,63.7803337738357,63.70658422387246
2133,8.0,-12.149999999999999,-2.63,0.3692767843765666,-0.7209030695365113,-0.1517090988700407,62.14104837889886,62.0455235900746
2134,9.0,-12.05,-1.5,0.5016387476457248,-0.7069476757363101,-0.0961766482044456,64.41934528012867,64.35678313481735
2135,6.0,-11.0,-1.87,0.4230090351411917,-0.7268244755138565,-0.13317829666798275,94.5455001887933,94.41818801289882
2136,7.0,-6.05,-0.42,0.7745380454140391,-0.7792890699962023,-0.03868462655375933,117.78788721729128,117.74219670454936
2137,7.0,-14.0,-3.22,0.2754938046058666,-0.6832546264572827,-0.17104802622694146,50.84780592656195,50.76079914456598
2138,3.0,-3.0,-0.14,1.0990023471393082,-1.1950543031047598,-0.05057276995091071,192.91336609199737,192.82735304552108
2139,7.099999999999994,-9.0,-1.33,0.5480664457911574,-0.683401142901842,-0.0959857612668442,95.08928602307321,94.99863395949019
2140,7.0,-7.0,-0.05,0.7261021388262228,-0.6497446521745786,0.010981999898032968,109.74413680365946,109.75446570146453
2141,5.049999999999997,-11.0,-2.52,0.3397698209598046,-0.5754283795678157,-0.15100459515096942,58.970702649014974,58.88135270940494
2142,6.049999999999997,-10.0,-1.81,0.5509686026630054,-0.8321837078262085,-0.1820265353222119,64.74015571257462,64.6225233868587
2143,4.049999999999997,-8.0,-1.39,0.4926917469317472,-0.8957229270754868,-0.16206220786678538,124.99404285022689,124.79296322375075
2144,7.0,-10.0,-1.23,0.48473219826486963,-0.6649040381837369,-0.1132676702787036,63.159971672388465,63.088489435833225
2145,9.0,-11.05,-1.24,0.4328791300416687,-0.547489981003808,-0.06422235087162148,64.85196177520112,64.80981886197412
2146,7.0,-10.0,-1.65,0.4981916606601054,-0.6730828579474022,-0.12372345465364776,85.57454772436638,85.46792337915286
2147,7.0,-10.0,-1.78,0.5921289457316746,-0.7951312407304039,-0.13998590079844456,84.46148085521898,84.34341777538897
2148,10.049999999999997,-10.0,-0.32,0.44419968140324195,-0.5316129793359523,-0.0400705619166212,64.83833027741711,64.8111577876139
2149,7.049999999999997,-11.0,-1.14,0.5415533270355902,-0.7018844409977325,-0.09053411804719273,75.98988039524977,75.92023117429343
2150,9.049999999999997,-9.0,0.05,0.6765942972816311,-0.5281086850937448,0.05363618047025672,109.25565249881072,109.31375538874663
2151,6.0,-6.0,0.22,0.7497480831240857,-0.6432626541397252,0.07408815225766348,158.29147867728307,158.4050603157502
2152,4.0,-7.0,-1.01,0.5456693629495831,-0.9500697411839615,-0.16369683717320693,112.78906736112317,112.60225701266698
2153,4.049999999999997,-7.0,-1.61,0.4653980643106233,-0.856678799548825,-0.23406098755434143,89.42546886879582,89.21642367065184
2154,10.049999999999997,-14.0,-2.07,0.3957562702705813,-0.5844660693063232,-0.0782904916274249,78.9627636620139,78.90005489102586
2155,6.049999999999997,-11.0,-3.26,0.2640029616126503,-0.5225188654258368,-0.16013774683492737,104.51044243486727,104.34230371951973
2156,8.0,-11.05,-1.21,0.43516808771363236,-0.6515537390784008,-0.08492776568186848,119.72816378021543,119.62556605664166
2157,9.049999999999997,-10.0,-0.48,0.48742480771022584,-0.5419798191964682,-0.023702467665529556,71.13993868195362,71.12212119831797
2158,4.049999999999997,-8.0,-1.3,0.41408971978181475,-0.7476346317702314,-0.13024566493374543,102.22272519173912,102.09053291994854
2159,7.0,-9.0,-0.95,0.5580563434690896,-0.5955044611896608,-0.07656244471937676,109.36173541828138,109.2775549596576
2160,4.049999999999997,-5.0,-0.27,0.8577830145729465,-1.1088997153169209,-0.07204214545392866,148.1731364727887,148.06071607298298
