id,d_emp_p95,d_emp_p5,d_emp_mean,d_real_wage_ratio_p95,d_real_wage_ratio_p5,d_real_wage_ratio_mean,real_wb_mean,real_wa_mean
1,0.0,-1.0,-0.16,2.8524319169438446,0.14661589731244024,0.4622770159032496,68.84177381208904,69.16938010350232
2,1.0,-3.05,-0.92,0.833571072288386,-0.01619719025039429,0.340634865803863,85.69434847896406,85.98607960215848
3,-2.0,-10.05,-6.06,0.5552746267210484,0.2357501686399148,0.39305071523673996,99.70095906724345,100.09269786600356
4,-24.950000000000003,-47.05,-35.03,0.4973651920877683,0.33207691836938125,0.406144173174991,123.51711495164938,124.01874824592893
5,0.0,-2.0,-0.85,0.9784178402994752,0.14679823057191896,0.42894116566485324,78.56673476946852,78.90318119992382
6,0.0,-1.0,-0.22,2.1223284601198285,0.14697813996359016,0.5233507464551491,58.916452633184605,59.2200523287348
7,0.04999999999999716,-4.0,-1.54,0.9249037538528414,0.10019221077253432,0.45581370154295564,78.43700132554923,78.79468617022958
8,0.0,-4.0,-1.39,0.8034656709788628,0.13056787069091189,0.35829637657873614,80.69333513225469,80.98246925201649
9,0.0,-2.0,-0.56,1.174691656366229,0.1467844351388264,0.43480838213695,69.97525177209155,70.27889521645714
10,0.0,-8.0,-3.43,0.7290759951351665,0.14781513008581232,0.41356534631053793,88.87950218036232,89.24700745344735
11,0.04999999999999716,-5.0,-2.26,0.6730066445866402,0.10026033254798793,0.3769746418338642,87.9237924535147,88.25519262622485
12,0.0,-7.05,-3.32,0.6934997162679916,0.14499898596259392,0.3915120937511443,90.7802604958143,91.13558608659804
13,0.04999999999999716,-5.0,-1.77,0.8456142897841584,0.13647528024251268,0.43219605262327904,82.63309107218666,82.98972912953987
14,0.0,-6.0,-2.59,0.7181513626417609,0.1479638559898816,0.39156913050190534,86.76253076699685,87.10236930281906
15,0.0,-1.0,-0.18,1.8956802637363208,0.14694972868123696,0.4322425403653224,61.445492898466725,61.70985097926629
16,0.0,0.0,-0.04,0.1493436693917601,0.14697398441611617,0.5899684631162748,55.112393696348704,55.431089270348245
17,-1.0,-10.0,-5.02,0.6875516396354856,0.21670053567932926,0.42210468960099,91.58177820072802,91.96834334889901
18,0.0,-2.05,-0.5,1.4848122006561617,0.14697813996357806,0.4052674787156993,70.9884227235239,71.2743664208233
19,-1.0,-8.05,-4.22,0.6194932276355873,0.20469715565254393,0.3995526040515662,89.82184206303157,90.18045597015347
20,-10.950000000000003,-25.0,-17.87,0.530022972522971,0.2998385896939131,0.4148851217536719,111.69069534550776,112.15412106381683
21,0.0,-11.0,-5.88,0.6503511381814809,0.15581375370140974,0.40716593540143103,93.26513276563291,93.64499254338075
22,-7.0,-19.0,-12.89,0.5001965668672633,0.27350085142891123,0.3946868423105845,108.20516033211328,108.63226457434894
23,0.0,-4.0,-1.28,0.7918113855722728,0.1395702211392535,0.36507744458975977,82.63983340510339,82.94093174333798
24,0.0,-3.0,-0.92,1.055664049651545,0.14696422703958895,0.4326107800378643,76.74090646112074,77.0728602925984
25,0.0,-1.0,-0.27,1.321944430487696,0.14695045475665905,0.37772172356255984,67.82236767131918,68.0796319512656
26,0.0,-4.0,-1.66,0.844572531905319,0.13149442549457047,0.4244357672984371,82.01042224792177,82.35854631737762
27,-13.0,-30.05,-21.58,0.49035025906637764,0.2991646733718613,0.3949402001364535,112.52548728826936,112.96994846821566
28,-1.0,-8.0,-4.31,0.5953470749040706,0.2030927521475655,0.3936465008696712,96.47041377017761,96.85015386879473
29,0.0,-2.0,-0.55,1.1283262116363488,0.06788453851141156,0.4329322119741245,74.78478525305954,75.10853042699392
30,0.0,-4.0,-1.57,0.7678075248172732,0.13560072077695526,0.3929185568363781,84.07877290455916,84.40916625459435
31,0.0,-1.0499999999999998,-0.34,2.0609546747137206,0.146798747909749,0.5446053900482712,66.15750532965075,66.52311270947699
32,0.0,-6.0,-2.15,0.8821940796572537,0.14578903791695977,0.425051558362518,85.0662434166774,85.42773407714297
33,-4.950000000000003,-15.0,-9.76,0.5184118560078045,0.26129588775890844,0.3976593248928426,101.78975196531422,102.19457149979726
34,-1.0,-9.0,-4.78,0.6381107217554888,0.2019117402932311,0.4027030291637188,92.89329020834533,93.2674131017896
35,0.0,-3.0,-0.9,1.080507554440386,0.14717354710700836,0.4514204871427948,74.38113937358848,74.71756699733204
36,-12.0,-25.049999999999997,-18.4,0.4959342678876448,0.31054010885044375,0.40046813366220346,108.14712160138004,108.58023243516008
37,0.0,-1.0,-0.22,3.113793750872036,0.14699026501406232,0.7031499827206723,60.38630385593768,60.81937717594607
38,-75.0,-109.0,-91.08,0.44120293587865533,0.35347611359031944,0.3966375015920841,131.39532413873638,131.91648535254618
39,0.0,-6.05,-2.84,0.7600069128146704,0.15350451670710774,0.41469109989366887,85.6060497465017,85.96149619491058
40,0.0,-5.05,-2.52,0.8240509310234769,0.14789031209322842,0.4601768553246931,85.80300437556394,86.198276027698
41,0.0,-3.0,-1.18,0.8623226630277423,0.11111655694607137,0.3927536763315049,78.07442892888592,78.38149975445499
42,0.0,-4.0,-1.39,0.9274437615124007,0.14038804169151867,0.4294419815999663,80.2800969959807,80.62469060386873
43,-4.0,-14.05,-9.06,0.540520804068169,0.2580837222334667,0.3959327643345753,100.16303611567017,100.55955729460219
44,0.0,-4.0,-1.35,0.97162021024344,0.14028476671384474,0.4309323545907972,79.4639616695526,79.80744473833184
45,-1.0,-8.05,-4.28,0.7061912966506182,0.21594523845830546,0.4072148331785992,90.08260019907551,90.44917323295488
46,0.0,-1.0,-0.31,1.2811548012074465,0.14679823057191846,0.42374201011461315,69.35850187518322,69.65276189002769
47,0.0,-5.0,-2.31,0.7882596579651888,0.14772909496880118,0.4473151759438977,81.93119474923844,82.29730308791154
48,0.04999999999999716,-4.05,-1.36,0.9474648388997876,0.07742218996305905,0.4393022478538544,78.62538030648125,78.97005953400075
49,-1.0,-8.0,-4.28,0.6686255287918322,0.2046444467997625,0.40682500363170254,89.95432397981122,90.32005974020963
50,1.0,-3.0,-0.89,1.0070859310782674,-0.08999473392989844,0.400546829343204,76.76949259191969,77.0770666418563
51,0.0,-5.0,-2.21,0.7403081834484951,0.14698274678960593,0.4204435889494553,82.49655843241877,82.8434776451259
52,-2.0,-10.0,-6.18,0.577846122635408,0.25037654502718465,0.4009570570276681,95.84335643404184,96.22789722693864
53,0.0,-1.0,-0.33,1.4810167851580713,0.14697813996358894,0.47913809238328736,69.48013732828105,69.81523437031561
54,0.0,-6.0,-2.58,0.6352193166442408,0.14876744283828566,0.38189178427238046,87.94230308029064,88.2780121024487
55,0.0,-1.0499999999999998,-0.29,1.8999224652867253,0.1467987479097477,0.4745656808441207,66.70567893794347,67.0239513556224
56,-2.0,-12.0,-6.62,0.5882504045667487,0.21583941340333285,0.3858308411455855,99.15395144476426,99.53642501806235
57,0.04999999999999716,-5.0,-2.39,0.6137505249570081,0.1310674174197735,0.3733880292725025,88.63200566896616,88.96334594940689
58,-8.950000000000003,-24.0,-16.09,0.5433618062455108,0.2864499234791373,0.4064539622018154,117.71479033849339,118.19319251057863
59,-1.0,-7.0,-3.98,0.5688646647473495,0.19061802805973624,0.3793409918426364,93.87461030056565,94.2307708234861
60,-47.85000000000001,-76.2,-61.38,0.460840834921074,0.3234043693946508,0.39175817917334216,145.3168944748381,145.8862093247682
61,-18.0,-34.0,-26.4,0.484894753563685,0.3270617635113599,0.4074024370161537,120.07782094919635,120.5669873125579
62,-0.9500000000000028,-8.0,-4.24,0.5880142718706063,0.16971431046380286,0.384372802616365,95.2637136843923,95.62998500369297
63,0.0,-3.05,-1.18,0.8649199034054392,0.1469689501939258,0.4205186269792955,78.21177774093863,78.54012983313027
64,-1.0,-8.0,-4.36,0.6425790512297446,0.20550158813513567,0.3974334644413105,95.7073305988181,96.08774278010438
65,-16.0,-37.05,-27.4,0.4707263676875944,0.292591920707457,0.39268753153634783,129.34824968910883,129.85613522135588
66,0.0,-7.0,-3.24,0.7683770901064295,0.14260041535062346,0.4176558246508754,97.94486780108367,98.35407985345844
67,-1.0,-9.0,-4.66,0.6201033924911086,0.1980235725863344,0.38522501087481886,92.75248042408856,93.1098938137465
68,1.0,-2.0,-0.6,0.8466118553372258,-0.10413920665453494,0.36285204285256967,73.7058796727225,73.97352817907104
69,0.0,-2.0,-0.38,1.1888471566419299,0.14421699879442607,0.36182722733365097,69.69563318125712,69.94818959208999
70,0.0,-3.0,-1.23,1.0104751707678725,0.14664753392995344,0.4497499819468719,76.68224579200209,77.02794596221392
71,0.0,-3.05,-1.09,1.1151666359643175,0.13573598525746713,0.4730524152903719,74.04885474134585,74.39861470142463
72,-1.0,-9.049999999999999,-5.24,0.6250992674338126,0.18562678234071017,0.4013573942342973,91.92492963393046,92.29369176711234
73,0.0,-8.0,-3.38,0.7108558175095973,0.14969380628172152,0.4107937211121172,87.57292198917979,87.93266511786312
74,0.0,-1.0,-0.14,2.3278050531674555,0.1467987479097599,0.44313132832201824,65.1731554236216,65.46619841430248
75,0.04999999999999716,-4.05,-2.03,0.6846416715812659,0.11055824947246053,0.3903080918855928,83.38160921343685,83.70756413183153
76,0.0,-6.0,-2.9,0.6614724457175621,0.12360102854911718,0.3973238214576717,95.90171787745692,96.28327775772863
77,0.0,-5.0,-2.18,0.7703298280756665,0.11312056649492627,0.4174293292998154,83.14129599337886,83.48874252485713
78,0.0,-1.0,-0.12,1.9958241792403666,0.14675879640179826,0.37230312013089484,60.34350621253903,60.56549375157792
79,1.0,-2.0,-0.48,1.1502881746355667,-0.2833424298309794,0.3717523339462606,79.2235985890976,79.5186211592604
80,0.04999999999999716,-4.05,-1.81,0.7083461009912817,0.1262916739906433,0.39567735464755416,82.14099542681399,82.46589328151099
81,0.0,-2.05,-0.78,0.9973786279341138,0.14463840064559014,0.41350180495717326,74.36226125370489,74.67077176053418
82,0.0,-3.0,-1.22,0.7924733524048755,0.1470770515096591,0.4025315965670218,83.33006705894148,83.66642796238588
83,0.0,-7.0,-4.07,0.6053617310858961,0.1590019881996014,0.3897118943467472,93.06425547283905,93.42684278657778
84,0.0,-3.0,-1.31,0.8417034628337263,0.1286751872649429,0.4055720785489101,81.22735777260098,81.55691810460476
85,0.0,-3.0,-1.12,0.9136286557719833,0.14647324645507995,0.41996114015080444,79.39581721826924,79.72942830628521
86,-8.900000000000006,-21.049999999999997,-14.75,0.5063714164117726,0.29314266612726414,0.39956608001251903,109.76003586015192,110.19856144153081
87,1.0,-3.0,-0.9,0.9335918879812743,-0.09222973155324128,0.37677547389542576,78.12029077032281,78.41481522813203
88,0.0,-6.0,-2.75,0.6516803106242121,0.14819296358150102,0.3810123464720527,92.21232982727516,92.56403936872375
89,1.0,-3.0,-0.88,0.981709160292958,-0.04488580228932671,0.4034447680494535,76.65068547447846,76.959993326885
90,-7.950000000000003,-20.0,-13.99,0.4949945632181004,0.2734777142379327,0.3958143253652066,108.27312879967843,108.70182238695548
91,0.0,-7.0,-3.5,0.6830164823934617,0.1474261317489996,0.4321017610101837,90.25687126841095,90.64705277488565
92,0.0,-5.0,-2.29,0.6008505776428127,0.14699567697298926,0.37291215286516083,92.76659406484586,93.11269797931995
93,-1.9500000000000028,-10.0,-5.9,0.5348125327940993,0.21597518119190676,0.3754853521239721,99.17591675939006,99.5482372540888
94,0.0,-3.0,-1.37,0.8975522836378803,0.14699151120757614,0.450664740876909,84.98273238562838,85.36670730197966
95,-2.0,-11.0,-6.58,0.589056389235027,0.22604114972512343,0.40890924496886993,95.12649947618267,95.51530164503566
96,0.0,-5.05,-2.68,0.6414590491903447,0.14776890483105357,0.39086795696089177,89.8148994206116,90.16617425932174
97,0.0,-6.0,-2.62,0.770985971918228,0.14633150182619847,0.4035550518982117,89.13968687751749,89.49945421000336
98,-2.0,-10.0,-6.1,0.5941334471158713,0.2316505597524652,0.4078472127900536,96.853107183928,97.24803244626705
99,0.0,-5.0,-2.49,0.6832188528853755,0.16768030367669154,0.4063819255358617,89.37907337272958,89.7423558958275
100,0.0,-8.0,-3.36,0.6452446413727079,0.11660949206965697,0.3672420357063046,92.84955202157492,93.19039976202878
101,0.0,-4.0,-1.71,0.6812581348170109,0.14654133351015647,0.37644542115904206,84.91713879138516,85.23667113738038
102,0.0,-3.0,-1.2,0.8223648719663362,0.13160347730839195,0.36301994321442843,79.65144080403842,79.94128287111272
103,0.0,-3.0,-1.4,0.6541544758191551,0.14733256162022562,0.36812366515832223,82.084627203538,82.38704904693564
104,-1.9500000000000028,-9.0,-5.05,0.609034744873286,0.2325781213286217,0.4059056310580133,94.82567391332627,95.21079177924017
105,0.0,-3.05,-1.18,1.0226956093456407,0.1321274226157626,0.4244049209736343,78.67819868907424,79.01335834691803
106,0.04999999999999716,-3.0,-0.72,0.9875069726023712,0.12083470837283151,0.40456273781890284,74.0841844813005,74.38320194737491
107,0.04999999999999716,-2.0,-0.5,1.2784733789796288,0.08617289170206205,0.4170371737765483,70.71231373200065,71.00672058434343
108,0.0,-2.0,-0.81,0.8968449197398912,0.08952426829699069,0.4020918284878781,74.21630692725054,74.51501223828545
109,0.04999999999999716,-6.0,-2.83,0.6613985532176854,0.14119514417732093,0.40751163059011136,85.93849818968593,86.28885338045245
110,0.0,-8.0,-3.91,0.6332158762829619,0.15692239492819332,0.3917457419904946,89.90075314514834,90.25261094648725
111,-4.0,-15.0,-9.58,0.5464077412483918,0.2648027320238849,0.40568368561490203,100.03380662724769,100.43974357264494
112,0.0,-6.0,-2.09,0.7396763090681162,0.1301569333610048,0.38422915796415685,87.69641394366806,88.03338860846151
113,-3.0,-15.0,-8.3,0.5964780547611471,0.245442362295202,0.400190934831108,100.30021367965111,100.70165510574539
114,0.0,-8.05,-3.91,0.7325969055957281,0.18920132462213968,0.423460483333397,89.90932055947081,90.28999870846994
115,1.0,-3.0,-1.15,0.9059957218533417,0.016799877762248807,0.40889403882497655,79.64672320389612,79.97230570703711
116,0.0,-5.0,-1.98,0.7296470968578274,0.14019774305348473,0.3756320126525809,87.60124321052336,87.93009205004464
117,-1.0,-8.0,-3.74,0.7421926108037395,0.20644733486877823,0.42363924235232253,90.2814192699466,90.66387257336729
118,-2.950000000000003,-13.0,-7.31,0.5974720821778476,0.23725558012111703,0.40438955110045977,99.3830357987132,99.78487241395251
119,0.0,-7.0,-3.67,0.6407739660200443,0.15203229476287675,0.4099478141492307,92.68322486697451,93.06293598455179
120,-6.0,-15.0,-10.68,0.5023088558296779,0.27132476341344774,0.38970957979379073,106.81559925371798,107.23196831723604
121,-1.0,-8.0,-3.84,0.7371391497640686,0.2204120313335816,0.42877829257094857,94.78677917091355,95.19337716876174
122,0.0,-4.0,-1.53,0.7658930054989648,0.13672610434102273,0.38743839691098153,85.21870859961376,85.549116091352
123,-0.9500000000000028,-9.0,-4.86,0.6373139961740504,0.18720013771801905,0.4255563935827426,96.53048871275983,96.9414100379982
124,1.0,-2.05,-0.88,0.7898241773633359,-0.05513903763922897,0.3974337126976095,78.80887228404629,79.12259835090462
125,0.0,-1.0,-0.28,1.1127664315186299,0.14678443513880635,0.3698707595935559,70.18634744205139,70.44628496037105
126,0.0,-3.0,-1.1,0.8041941960680986,0.14206365631055137,0.3854702731204551,79.53701531578503,79.8438663337269
127,0.0,-6.05,-2.77,0.7281821238184167,0.1472469370517075,0.42049711417951513,86.12996082211835,86.4921046025749
128,-3.0,-13.0,-7.67,0.558874617145163,0.24796909631685524,0.39761668026372277,100.69052100357924,101.09097165871108
129,0.0,-4.0,-1.45,0.9880920251036484,0.14676708471505173,0.4419496254960345,80.62533742986463,80.98170319724238
130,0.0,-5.0,-2.04,0.7238593649975532,0.1478206839661571,0.4005977478460507,84.78177267533934,85.12173559194824
131,0.0,-4.05,-1.98,0.6882558568624844,0.1324000110469378,0.3864735622286733,84.20288565314272,84.5286427847242
132,0.0,-2.0,-0.32,1.4410585300704248,0.14596254430555672,0.4295059498370531,67.81958020613989,68.1141055290845
133,0.0,-3.0,-1.39,0.7397681818537274,0.13318228330108745,0.38524277101058346,82.88474847491742,83.20445842138197
134,0.04999999999999716,-6.0,-2.75,0.7520430800026114,0.14308928759418532,0.4266353367549655,88.32950851481422,88.70604759696687
135,0.0,-5.05,-2.58,0.6737923265794072,0.14704748306440685,0.41501468963704385,87.80411399549081,88.16837128461444
136,-4.0,-16.0,-10.24,0.5349742091467979,0.2405691272099158,0.4000937268381193,103.40069580447629,103.81421460808276
137,-1.0,-8.0,-4.24,0.6621451033364856,0.20102881287905783,0.42353406121176135,92.09533265226715,92.48579171348526
138,0.0,-5.0,-2.15,0.7333115853367159,0.11055809306505571,0.3921322456736369,84.84077581033432,85.1734919503629
139,0.0,-4.0,-1.85,0.8012935224544033,0.145809035010609,0.42522066253742297,81.63603905211244,81.9833487253616
140,-2.0,-11.0,-6.69,0.5659365393790092,0.22896822151094662,0.4070854833524198,96.57691753088218,96.97001543525994
141,1.0,-3.0,-1.03,0.834775424916146,-0.04397342794004162,0.3807518717613813,76.50871769348778,76.79974315706319
142,0.0,-3.0,-1.39,0.7696188946232115,0.14022659355126765,0.4051797628501811,79.64949359993795,79.97262161759743
143,0.0,-4.0,-1.45,0.7346661314180354,0.14717476787453374,0.3723977002106544,81.84409092809148,82.14883523389604
144,0.0,-7.0,-3.5,0.6397691618603238,0.15873761176169912,0.39018288666214324,91.52230093819686,91.87929992663943
145,0.04999999999999716,-5.0,-2.25,0.7506970736599041,0.12072052463715749,0.38987591043969866,85.68113383371409,86.01503162958471
146,0.0,-4.0,-1.89,0.6698008969273404,0.13973871262061818,0.3856992440120788,83.21709696654241,83.53811452863582
147,0.0,-6.0,-2.59,0.7137505251920085,0.14778844495382348,0.3981697889452173,87.20983148226192,87.55709606410932
148,0.0,-3.05,-1.6,0.6736079592775194,0.1440676322488339,0.3977925593718253,82.72396306130693,83.05323168208815
149,0.0,-1.0,-0.25,2.1006213271975214,0.14679874790974698,0.5062196393502352,63.416134928415794,63.73181664420956
150,0.0,-3.0,-0.89,1.0843771891094698,0.1310244616818335,0.42250314498676517,76.83393220956924,77.15918185148838
151,0.04999999999999716,-2.05,-0.68,0.8472751569283894,0.028066149920507072,0.3456102998882826,77.74410075464738,78.01327438303231
152,1.0,-1.0,-0.23,1.1175167412057927,-0.5793641891391523,0.33338551618967055,68.588911286695,68.816537223765
153,0.0,-4.0,-1.43,0.9064020023832179,0.14640791149088564,0.4338260035375486,82.04652568040339,82.40163042182776
154,-5.950000000000003,-19.05,-12.37,0.526653433996924,0.26739497480089097,0.3887255389641346,108.70662865807226,109.12919205978208
155,0.0,-2.0,-0.56,1.2143818282217884,0.14679823057190208,0.4412221090290046,72.19835933389645,72.51854268058577
156,1.0,-3.0,-0.78,1.0574719661342464,-0.15832477440710852,0.40109304301846216,74.63414065057319,74.93179012519063
157,-1.0,-7.0,-3.82,0.6860020243123673,0.21326204566695955,0.4373851346548476,89.9027608311088,90.29572150835003
158,-15.950000000000003,-33.0,-23.16,0.48654431404622545,0.31687203091493343,0.39792255546721106,114.78948685834672,115.24627813930489
159,-0.9500000000000028,-5.05,-2.8,0.618062076700259,0.21313007773942416,0.3998743919762845,86.42243624372432,86.76795718198574
160,0.04999999999999716,-1.0,-0.18,1.4056483821646826,0.10636094271790095,0.34072312963011986,65.18608579408168,65.41229035920506
161,1.0,-2.0,-0.67,0.8788176050123793,-0.1883252980894952,0.37399188279464496,74.57635007683304,74.85479931208407
162,-1.0,-6.0,-3.23,0.6435353191744239,0.21129843320109334,0.4166767936808818,87.42117387515431,87.78524956739516
163,0.0,-4.0,-1.54,0.7769115095388962,0.1277653885314344,0.3996500260215437,80.7953207051079,81.11790542806342
164,-8.950000000000003,-21.049999999999997,-14.92,0.5372539385863146,0.2969587329453872,0.41008950900253316,106.98331633159279,107.42210352453016
165,0.0,-6.0,-2.33,0.7759335782435395,0.1463260682309402,0.41523645989103886,85.54068078580167,85.89593970000233
166,1.0,-2.0,-0.53,0.9753063996537173,-0.1956445994439379,0.36955909378279533,73.19647062851364,73.46643865834417
167,-7.0,-20.0,-13.52,0.5184521657653204,0.28764392834556485,0.40394628722968046,108.965538298103,109.40560613220708
168,-0.9500000000000028,-8.0,-3.79,0.8113278890990425,0.2210835630666648,0.4526676239076211,89.70731144091764,90.11347743866
169,1.0,-2.0,-0.55,0.9473673330679706,-0.14209484909742787,0.36014673373618417,72.96529512859021,73.22662149265763
170,0.0,-7.0,-3.09,0.7852299528165205,0.14745128106062186,0.41510019285956107,88.93550303071079,89.30489120737677
171,-2.0,-9.049999999999999,-5.42,0.5844322191522647,0.2703601058120515,0.41570950750870167,95.92352100072925,96.3222376345181
172,0.0,-4.05,-1.81,0.7931474905098046,0.14490989274577984,0.42244869091728476,83.62200844246031,83.97521149701437
173,0.0,-4.0,-1.63,0.7757690209415072,0.14676862582086717,0.3901231348569706,83.22772116515675,83.55229341742168
174,0.0,-2.0,-0.55,1.2084402797779938,0.12051194398594954,0.43031016211677114,70.15538893219542,70.45551881333898
175,1.0,-3.0,-0.9,0.7524891388778103,-0.05406315153498217,0.32032712595194546,79.26816684912279,79.521894650376
176,0.0,-2.05,-0.76,1.0660752785163214,0.14679070956720672,0.44585440277580946,74.07029356331387,74.39969624602293
177,-1.0,-9.0,-4.51,0.5912252999337253,0.19441605305596518,0.3822737346359689,93.30828022840944,93.66460715848967
178,1.0,-2.0,-0.32,1.677398867670226,-0.2858375062015904,0.420104381934763,66.7418963591231,67.02636279870609
179,0.04999999999999716,-4.0,-1.53,0.7613005264743863,0.11967174020199012,0.36537259185864296,83.40373643544577,83.70848743418493
180,-2.950000000000003,-11.0,-6.26,0.6077709400388579,0.25862306218266845,0.406526926265588,97.94517260605602,98.34338381534431
181,0.0,-5.0,-2.21,0.7655499443319633,0.14744160531670725,0.41643229808983173,86.37295908713494,86.73251632354771
182,0.0,-6.0,-2.71,0.7028834213223323,0.14806141788287247,0.4048103593462244,86.73683798770125,87.08751424234813
183,0.0,-4.05,-1.34,0.8931511185682435,0.10979403758324134,0.40534219059967386,81.60595544065382,81.9361237503075
184,-1.0,-9.0,-4.48,0.6278737057185867,0.20760366512474168,0.39806666191828377,92.28099172113454,92.64828981446252
185,0.0,-4.05,-2.14,0.6906539822534905,0.13210301499231827,0.4085040470261522,86.61651307932887,86.97035060422382
186,1.0,-3.0,-1.04,0.9088070120869155,-0.0672147376140063,0.3760648573678625,78.6665830712349,78.96253078170436
187,-9.950000000000003,-27.0,-18.56,0.5449788445491318,0.28930491492877974,0.4150054580561776,112.45040911299691,112.91706707333597
188,-5.950000000000003,-18.0,-10.7,0.5507892984202277,0.27383078028136526,0.3879606092834587,104.36282133292754,104.76763031386585
189,0.0,-3.05,-1.65,0.684441735110862,0.13582738471326689,0.3866705871788782,84.98000854097019,85.30879523532933
190,-3.0,-13.049999999999999,-7.63,0.598404647847462,0.25774985550840784,0.4082408226066974,98.92926036651428,99.33307185147807
191,-1.0,-10.05,-5.86,0.6095611328794485,0.18254625209661415,0.39582270521960633,97.92490781263761,98.3125920853618
192,0.0,-7.05,-3.36,0.6317261528686828,0.14426030785267485,0.37499342342695025,92.40356367941031,92.74999807146293
193,0.0,-2.0,-0.62,0.8330687377602244,0.1215708237899984,0.3461626618466629,75.9901784903853,76.25448635279389
194,0.0,-4.0,-0.95,1.0557928602752746,0.1451530394892594,0.3860667756058055,78.28177935214094,78.5837624405778
195,-3.0,-10.05,-6.13,0.605627378357265,0.2496973256789308,0.39889919088491205,97.28938233275836,97.67757321300371
196,0.0,-5.05,-2.26,0.7297893642294233,0.1328090800014658,0.38385714129275345,87.8857743201896,88.22333795917744
197,0.04999999999999716,-5.05,-2.22,0.7945160576472075,0.13248991592309417,0.4089214128964219,88.29352185421465,88.65452935127813
198,0.0,-3.05,-1.1,1.0209306272259406,0.14511563024933194,0.41564117729013356,82.2086262027484,82.55014783680217
199,0.0,0.0,-0.04,0.14923035748081864,0.1469826797442315,0.6749198130186566,50.59124995139711,50.902438928181304
200,-1.0,-9.0,-4.39,0.6357190144417515,0.20104282377380756,0.4003098986848427,93.76303389997969,94.13841580309685
201,-1.0,-8.0,-4.08,0.6074902122524615,0.20612026287639293,0.4024842974035297,93.91351380914826,94.29158083882055
202,1.0,-3.0,-1.05,0.8196700207212494,-0.038925521028439325,0.37684481209422366,81.19331649807074,81.49910660808615
203,-1.0,-8.05,-4.85,0.5816079207239578,0.19175300040224325,0.3953409975471825,96.65184796987424,97.03406384168036
204,-25.900000000000006,-49.1,-36.13,0.47676032879386354,0.3174372130180896,0.39815414140875144,130.64732870123322,131.167477986359
205,-1.0,-7.0,-3.78,0.5836557872026957,0.1996285353154695,0.3827172618159308,94.23157064990676,94.59227325982161
206,-35.900000000000006,-60.0,-47.26,0.47266080405623606,0.3362495674047911,0.40163321225768195,128.4116085577613,128.92734176814122
207,-5.950000000000003,-18.049999999999997,-11.73,0.5458911246205052,0.27833535156887257,0.4034240332976355,107.69571860271739,108.13026397968555
208,0.0,-6.0,-2.59,0.6497307540765016,0.1474154293694984,0.36318032927543314,90.21162847888218,90.53955792831927
209,-0.9500000000000028,-9.049999999999999,-4.96,0.5936315783990969,0.17838861105487686,0.38037865625523876,95.93203483435158,96.29712867121818
210,0.0,-3.0,-1.07,0.9360733376301931,0.146706297373051,0.38654023997632236,82.92697965755573,83.24763218123863
211,-1.0,-8.05,-4.79,0.6246662088229387,0.21153079721701523,0.39943683532767227,99.0202304918508,99.41589340777116
212,-0.9500000000000028,-8.05,-4.1,0.6440530863245166,0.20988640465301164,0.40016362480507994,97.07099045829241,97.45926682550652
213,-32.95,-58.05,-45.66,0.46860543629165613,0.32611714701935013,0.39782986103919193,128.46017380670483,128.9712060600509
214,0.0,-6.0,-2.75,0.6600077955995948,0.149240915881923,0.3977694012430834,93.6705075335569,94.04317970604063
215,-1.0,-9.0,-5.14,0.6155631427640695,0.20065632578772166,0.41276246796781135,95.69403301607599,96.08896799806317
216,0.0,-7.05,-3.47,0.6570222691079171,0.1427532382801623,0.3870519244595238,97.03215180166801,97.40745780534002
217,1.0,-2.0,-0.78,0.9140161633494429,-0.1145782649615324,0.40652167171305587,78.35798015159043,78.67642143246077
218,-1.0,-6.05,-3.18,0.6448242285314764,0.19834308963043415,0.3844437931942557,98.0783234242638,98.45526979781685
219,-6.0,-19.05,-11.71,0.5502708916016583,0.2737602411053378,0.40033172053851723,113.59155857742067,114.04631684317683
220,-5.950000000000003,-17.049999999999997,-11.4,0.5401443349018806,0.2663756726759066,0.40572747827534533,109.31863027695955,109.76219071174027
221,0.0,-4.0,-1.72,0.760483960304779,0.12139741955757988,0.4096353476001457,85.59469811803781,85.94577257259678
222,0.0,-3.05,-1.28,0.7736630468182131,0.1349668853123161,0.3672146086052508,83.24075479641844,83.54578178840148
223,0.0,-1.0,-0.26,1.1424865741372907,0.14678443513881376,0.35384192764496447,68.68459047426146,68.92693012761767
224,1.0,-3.0,-1.08,0.8333323813648971,0.011731093941167477,0.3922778385020939,79.27316536792077,79.58388003945298
225,0.0,-6.05,-2.5,0.8098165642561796,0.13572686753383006,0.4042359220697778,93.20415884027365,93.58080572244417
226,-1.0,-8.0,-4.68,0.5832403796600826,0.19364979800716411,0.39632621053945827,102.94892248174196,103.35685490961703
227,0.0,-5.0,-2.33,0.6325297539967283,0.1382838295732651,0.37508451100469464,87.61265380844327,87.94164126972093
228,0.0,-6.0,-2.61,0.731714074430517,0.14688236067623153,0.3908973822009405,87.41716262091062,87.75891286504184
229,-1.0,-8.0,-4.25,0.6671769444692417,0.19721039801626092,0.4215653051454408,92.4784236574491,92.86833435399687
230,0.0,-8.0,-3.85,0.6550750992550269,0.14797912220084408,0.4099865803869621,91.15155110201778,91.52491247611717
231,-1.0,-11.0,-6.03,0.5672386552972073,0.18772684481181337,0.3854523895833074,96.5129722202889,96.88495991418988
232,-3.0,-13.049999999999999,-7.56,0.6284313914944057,0.24301109590292772,0.413697404226419,98.40893618035285,98.81612995252328
233,-1.0,-9.0,-4.6,0.6108719195035596,0.19103792482935125,0.3939253625444091,96.59477120595474,96.97519883444302
234,0.0,-5.0,-1.85,0.8383026298560082,0.13858277020779816,0.38660402590035786,90.12010555395825,90.46839903018437
235,0.0,-3.0,-0.9,1.0149867987016128,0.14549158378555013,0.3988165686432903,76.7796586949821,77.08576854266093
236,0.0,-5.0,-2.25,0.6552046070745128,0.12277432703413384,0.3934134868446107,93.42974913200291,93.79701083689541
237,0.0,-5.0,-1.81,0.9989112872693997,0.13211322566805914,0.4487325068328814,81.88222035803457,82.24948724223427
238,-3.0,-13.0,-7.1,0.6157177723793469,0.25164467887572795,0.39732919998478444,101.22607095709411,101.62820416406326
239,1.0,-4.0,-1.17,0.8452275806684498,-0.008726965821347459,0.3680495133901205,82.94699769970865,83.25146143116517
240,0.0,-4.0,-1.78,0.691904828023044,0.147096047076393,0.37915957300682307,91.54077944803886,91.8877018539852
241,0.0,-4.0,-1.32,0.9163764353443538,0.06867096611222613,0.43175387295894324,82.19639614877035,82.55156266548336
242,-0.9500000000000028,-8.0,-4.2,0.5741363390677958,0.19369427202161432,0.3853501008859185,101.34923330592828,101.7397445734656
243,0.0,-7.0,-2.58,0.8136368930389143,0.14742618527649512,0.3973675056968121,90.24461854002502,90.60292608961852
244,0.0,-4.0,-1.68,0.6998411478263822,0.11633279300881887,0.36768828424860717,85.53257980840195,85.84746629787006
245,-3.0,-16.0,-9.04,0.6226148842519086,0.2482020528662104,0.41739413219963495,109.0401237139529,109.49524717588591
246,0.0,-1.0,-0.35,0.9632039330179265,0.1190152819292072,0.3710796669199803,70.59344647429974,70.85530384356792
247,0.0,-5.0,-2.02,0.8143542209580296,0.14745317547560247,0.4173810735738915,87.67067631699177,88.03652363947562
248,0.0,-4.0,-1.83,0.7699436454421879,0.13309902859788297,0.41492733940226756,80.97460854280557,81.31041682357787
249,0.0,-7.0,-3.3,0.6692210411440086,0.15505828386114806,0.4094013110948328,90.01227439137487,90.38123212703513
250,0.0,-8.0,-3.66,0.6363539502234011,0.14443442459134284,0.3663860837194243,89.41099238558834,89.73826709679447
251,0.04999999999999716,-3.0,-1.05,0.7618470581251034,0.11046233726759173,0.35029029035526316,78.58798407867742,78.86304906351984
252,0.0,-4.0,-1.52,0.7510152712260877,0.14658302828542918,0.40874391044916664,82.40851671009186,82.74563089089126
253,1.0,-4.0,-1.52,0.7277858146295333,0.005431996931500924,0.3557936781055673,83.12586390437477,83.42140949430532
254,1.0,-2.0,-0.37,1.443357782528155,-0.4114959267861634,0.38683484397596485,68.71460990605766,68.98305001865617
255,0.0,-2.0,-0.54,0.9486712267817299,0.146790709567219,0.3745024364756621,71.63244145133415,71.90134222354484
256,0.0,-4.0,-1.55,0.7107209857359001,0.12023967596264522,0.3683884345279626,85.826630376623,86.14247263482304
257,0.0,-7.0,-3.26,0.6575932397647574,0.1475330150898355,0.4135920103138333,89.3542698473877,89.72338988583259
258,0.0,-2.0,-0.86,0.7935619574137827,0.146758796401792,0.39197895579007525,75.67495510198471,75.97186986231635
259,0.0,-2.0,-0.32,1.5011451871886783,0.1448064749491242,0.38912247353615037,69.7614065512566,70.0310623021265
260,0.0,-2.0,-0.7,0.7707768857946521,0.1467844351388171,0.34761325314343067,76.60981497416925,76.87623759817457
261,1.0,-3.0,-0.75,1.0838383422814388,-0.13224273449463703,0.40258806102766237,76.1149648846455,76.42028614924475
262,0.04999999999999716,-3.0,-1.29,0.8339671820253469,0.12026487353965401,0.4074307972013804,80.44859085625137,80.77650868234248
263,0.0,-3.0,-0.91,0.7397797826145154,0.09222911516281578,0.3553585160267933,78.68535735102428,78.9648350829825
264,0.0,-8.05,-4.34,0.6531246456737269,0.15111109978870826,0.3966181012750465,93.81458459482371,94.18672599252587
265,0.0,-1.0,-0.16,1.1628581665087239,0.14675879640180708,0.30016763163492227,67.5591007753894,67.76353422557429
266,0.0,-2.0,-0.57,1.2386255232595553,0.14267605545929118,0.4139952021427075,72.28614536184358,72.58715435539848
267,-9.0,-25.0,-18.12,0.4901924525342398,0.26977670882931354,0.39490762370268867,110.00564119130189,110.4400902045015
268,-1.9500000000000028,-10.0,-5.24,0.667852160493216,0.23354275801922517,0.4195552893363091,95.33071899166136,95.73046635730925
269,0.0,-4.0,-1.1,0.808241364719005,0.1465466650438979,0.36129549926918775,78.70543175028091,78.98914067238898
270,0.0,-1.0,-0.24,2.496705128041753,0.1467769141341164,0.5465789741179473,64.2245213016775,64.5747071025905
271,0.0,-2.0,-0.65,0.9738150906375015,0.13209476328748773,0.40447477348570005,71.49927778595345,71.78747270962064
272,-0.9500000000000028,-7.05,-4.05,0.5996897215713897,0.1939430676558121,0.38859035285258,91.80135213614442,92.15787454228061
273,0.0,-5.0,-1.79,0.9358447055557919,0.1456726857947064,0.4138623885066062,83.42803485454284,83.77266407068518
274,-0.9500000000000028,-9.0,-4.5,0.6434272078217109,0.20228094678694206,0.4011657566451592,96.75796042884629,97.1461116148027
275,-2.0,-12.05,-7.5,0.5839756604932815,0.21815357901265248,0.4116529792825305,98.08190064916843,98.48575503045784
276,0.0,-1.0,-0.16,2.387193986370133,0.14676708471503483,0.42803806940358635,64.60824147648783,64.88272777444614
277,0.0,-6.05,-2.77,0.727176542578731,0.13418264987318995,0.40488878586244453,88.07431065324913,88.43099745658199
278,0.0,-2.0,-0.62,1.1383144095036584,0.1467987479097544,0.417072066807552,74.60027001167538,74.91152673769821
279,-2.0,-9.0,-4.99,0.5955969002252811,0.2667222935640277,0.39724664865515086,96.22039702354122,96.60277746758653
280,0.04999999999999716,-2.05,-0.81,0.9066515597795987,0.09633689593699614,0.38853990120533255,77.38682308099852,77.68778628416158
281,0.0,-4.05,-2.01,0.7421876709893723,0.13723231528654506,0.41325364996722125,84.5653274790042,84.91421591537829
282,0.0,-5.0,-1.85,0.8385060297217821,0.14699680432143178,0.4125641741727264,85.02916984597042,85.38029374266372
283,-1.0,-9.0,-4.77,0.6085860662296751,0.19184618172748782,0.3914133104015438,93.54426729893768,93.91021755073658
284,0.0,-2.0,-0.45,1.2254286425729863,0.1466158973124485,0.3668684586852438,73.73465700814904,74.00444635492823
285,-9.0,-24.0,-16.99,0.4996590886104178,0.2856966467415054,0.3999595122413937,112.0783187538285,112.52655646457313
286,0.0,-2.0,-0.8,0.8588713505559674,0.14315785109619505,0.3961028426707204,79.07187715885098,79.38530837090525
287,-10.950000000000003,-24.05,-16.19,0.5393217887534518,0.3197689916102593,0.4130054419575396,107.0074144690804,107.44948901875595
288,-1.0,-9.0,-4.84,0.6216848218200928,0.19277992690240325,0.40894515138229254,91.3767569395067,91.75033087617916
289,-3.0,-14.0,-7.8,0.5875187274016794,0.247164396067482,0.4022182567589989,98.25008484496982,98.64527009246753
290,0.0,-1.0,-0.2,1.5677962506852596,0.1467769141341155,0.38491065858190576,63.723840807966866,63.969880304927784
291,0.0,-5.0,-2.16,0.8012705431911409,0.1470504295785855,0.42660115944230836,84.0149126744786,84.37303251115016
292,0.0,-5.05,-2.32,0.7896051250592966,0.14358351502488015,0.4261049828603871,83.54343677915865,83.89934323528996
293,1.0,-2.0,-0.42,1.1344467467319503,-0.393041668873121,0.3628732553626098,74.15208356906447,74.41869041833924
294,0.0,-2.05,-0.68,1.1397494918699838,0.14678443513882428,0.435021184032782,72.9156626121193,73.23411319646485
295,0.0,-2.0,-0.62,1.165886653467745,0.14676708471504427,0.4336373582162673,72.01620367736136,72.32827399012072
296,0.04999999999999716,-2.05,-1.01,0.6759755794565327,0.09200134511979931,0.36893199846427244,81.8289161410122,82.13121336227302
297,0.0,-2.0,-0.44,0.9691119233970303,0.11956998834392261,0.33723988099243635,72.70285319206488,72.94856870034539
298,0.0,-6.05,-2.66,0.8683578804208474,0.14693340202545827,0.43848088925745254,86.14407177506423,86.52175717922287
299,0.0,-2.0,-0.54,1.4139460856321198,0.14676708471503222,0.4694881972016244,71.46768223039506,71.8038660468759
300,0.0,-4.05,-2.21,0.6560399384096093,0.1241391358350328,0.38827484443595545,86.78074619442026,87.117824959816
301,0.0,-5.05,-2.16,0.739966874690281,0.14835893184594118,0.3822080123028032,85.41049934699025,85.73718516626028
302,0.0,-4.0,-1.69,0.8196593298079272,0.1383288067939618,0.40707178608535133,81.738408078822,82.07161023743252
303,-0.9500000000000028,-7.05,-3.8,0.6513470230089538,0.19848485529379664,0.4011948428333651,94.95257896533732,95.3337171965111
304,0.0,-3.0,-0.73,1.217990779947939,0.08501780941001263,0.3961872865936666,74.1982151306065,74.49178922184386
305,-0.9500000000000028,-9.0,-4.22,0.6499064727194009,0.17914759246933826,0.39329333116334125,96.78585696419965,97.16646619172005
306,0.0,-5.0,-2.16,0.7556468039087982,0.1367782986938786,0.3984405548737333,85.48583940403861,85.82621398128202
307,-4.0,-16.0,-9.29,0.5538905382075048,0.23516884965892101,0.3927056669474205,105.47618829240487,105.89039867441522
308,-85.0,-126.0,-106.35,0.44672929373939574,0.34629498165631456,0.3966485848386912,138.39286961452356,138.9418250835631
309,-1.0,-8.0,-3.87,0.645246547296358,0.19774692399031835,0.38832682559885073,95.73956231239568,96.1115622888012
310,0.0,-3.0,-0.98,0.9554332060330364,0.14475135407519443,0.41875245831713037,76.70121637807036,77.02203776888578
311,1.0,-3.05,-1.35,0.6953124342117701,-0.030541753676940498,0.3633381066484969,86.81572536261521,87.1302820835653
312,-0.9500000000000028,-7.0,-3.98,0.657047320086641,0.21194405043632922,0.4242300449404649,91.97552541159452,92.36582536681172
313,1.0,-3.05,-1.17,0.8553134423727984,-0.06912620345824086,0.39209703826319575,84.73512985725023,85.06760896284054
314,0.0,-3.0,-0.89,0.8853944003124085,0.09246349094096298,0.3791211609680348,82.2517087091265,82.56418199706845
315,1.0,-4.0,-1.62,0.7136348365244953,0.003949232560937208,0.35934815492798833,84.80461167962837,85.10917866622168
316,0.0,-3.0,-1.08,0.8344023759819695,0.14677691413411337,0.40361597160102647,78.53473662296855,78.8520126675754
317,1.0,-4.0,-1.71,0.778775919487438,0.016041583724525365,0.4113594719725481,86.80164611293225,87.15921922782256
318,-4.0,-15.05,-8.52,0.5915113120408677,0.24920835389072565,0.39108767198135697,101.89760047383471,102.29608332505968
319,0.0,-6.05,-3.06,0.6673907303446608,0.16209245620638038,0.3965508066465848,92.389943622507,92.75600810102968
320,1.0,-4.0,-1.55,0.8342584788221148,-0.010426088084319714,0.3990215124065298,85.06606630015006,85.40580842459642
321,0.0,-2.0,-0.34,1.2852652723211262,0.14275189316467135,0.38579785570186076,72.19269077611435,72.46984192882547
322,1.0,-1.0499999999999998,-0.37,1.1164406866640009,-0.38209700640319066,0.37874527353213316,73.68597491529582,73.96618404613235
323,0.0,-3.0,-1.22,0.8116062481171782,0.12172977274987948,0.4058031698955001,84.05174239662738,84.39224988118985
324,0.0,0.0,0.01,0.14880295340764035,0.14698937445132612,0.14781261024312614,44.030558045454725,44.12925457515346
325,0.0,-4.0,-1.11,0.9409290798386568,0.13883607934252118,0.4039162316825678,82.43103218940414,82.76270639887505
326,0.04999999999999716,-2.05,-0.8,0.9779512134072829,0.11557271635594497,0.42424654475212953,78.22268285367736,78.55405696660728
327,0.0,-3.0,-0.99,0.8600933893518076,0.14585703209035955,0.41275462602047436,79.88056155027004,80.20999487796401
328,0.0,-2.05,-0.54,1.1791574700259575,0.08328884310577751,0.3623506087746108,76.41582203474984,76.69221750796822
329,0.0,-6.0,-2.7,0.6818558778198804,0.14701359697542757,0.386605899210033,97.76474196505929,98.14269403781356
330,1.0,-3.0,-0.96,0.8713975262921313,-0.07804098875303805,0.3718069996942118,81.31689104674126,81.6183422608478
331,1.0,-4.0,-1.43,0.8796016991023955,0.004792633196124117,0.3806938054910671,84.23418708573419,84.55480341513123
332,-25.950000000000003,-47.099999999999994,-37.07,0.4775751274768968,0.3212656401531563,0.399188124065507,127.99198372011368,128.5029658659854
333,-7.0,-17.049999999999997,-11.97,0.5306624898300333,0.2998169692427023,0.4021929979439791,107.95378647963456,108.38798503381832
334,-4.0,-16.0,-8.75,0.6055642834456804,0.26187485921235576,0.405606060097222,104.48420350022583,104.90798250227148
335,0.0,-1.0,-0.2,1.6021407663983476,0.14679823057191518,0.4107726115748007,66.93931571747136,67.21187401992566
336,-2.950000000000003,-14.05,-8.26,0.5855148924424964,0.22846060839230212,0.40032231410867325,112.43400194999272,112.88402355308199
337,-0.9500000000000028,-8.0,-4.27,0.6719665473025755,0.20628589291020832,0.4231241880885406,85.97021196545349,86.33403341821494
338,-21.0,-41.0,-30.42,0.4760347785578273,0.31131852323138715,0.3939281255263511,117.34650743827329,117.80878150857245
339,0.0,-6.05,-3.07,0.6366729344021362,0.1544214872362668,0.3821555867773473,85.75275095021048,86.08055013028724
340,0.0,-8.0,-4.04,0.5932044295269717,0.1477901190045884,0.37714991251201135,87.75925132194735,88.09013932302113
341,-5.0,-19.0,-11.29,0.5454493638527629,0.25703467974599153,0.3882779472186763,98.73312640214351,99.11643165038238
342,-11.0,-30.0,-20.08,0.5193465621199095,0.28557334679172913,0.39952166627003793,107.67735153801466,108.10754841776551
343,-1400.3999999999999,-1526.45,-1468.11,0.4086073025143756,0.3864664780217867,0.398782204987743,180.08920701698926,180.807371706751
344,-381.95000000000005,-466.15000000000003,-424.42,0.4238298841968287,0.3774041637734769,0.4010224374269917,153.4433998599816,154.0587433932027
345,-15.0,-33.1,-25.36,0.4903259277625376,0.30687553166220055,0.40650492918182274,109.91819812484695,110.36500579637016
346,-0.9500000000000028,-11.0,-6.0,0.5991655286349619,0.16775413622041033,0.3867209272219717,91.44864256846672,91.80252463423109
347,-49.95,-84.05,-66.34,0.4547506841537543,0.3325800101610279,0.3905775923881623,131.38477377529148,131.89789366539014
348,-2.0,-14.0,-7.93,0.549613013581511,0.20701243979273126,0.3851275835342786,100.4324092363392,100.81900439741749
349,-35.95,-62.0,-46.74,0.4746305755069861,0.33578890304535813,0.39676969425588593,118.59598257750201,119.06655100475535
350,-38.0,-63.099999999999994,-50.39,0.4602756652188669,0.3344169307231204,0.39405213086280655,126.16349416289698,126.6606591407755
351,0.0,-2.0,-0.65,1.2732093188532845,0.14676708471505862,0.5095708032251892,67.60661633206082,67.95154701022821
352,0.0,-5.05,-2.76,0.5943471940405344,0.14045468699685926,0.3699141749277857,85.3595745789578,85.67530957254311
353,1.0,-2.0,-0.31,1.2981816640194703,-0.22532354328983317,0.36561454335656374,69.12733462223866,69.37985940685195
354,-10.950000000000003,-25.049999999999997,-18.93,0.4825719011634052,0.29094920785290346,0.39791790276631067,105.40339641081229,105.82281357762362
355,-18.950000000000003,-42.05,-31.37,0.4741380906076929,0.29014834032116243,0.39245190841399613,110.7882019501498,111.22298805642872
356,-1.0,-8.0,-4.04,0.5909983758446458,0.20506721901777425,0.37413038940863763,96.44589743324183,96.80665169510985
357,-18.950000000000003,-35.0,-25.49,0.49654954830211373,0.3378003535364508,0.4059274322416786,106.01434528681237,106.44471211545368
358,1.0,-2.0,-0.71,0.8510983554284007,-0.16117242989537414,0.3631645507164833,76.05670738781603,76.33159060177846
359,-211.0,-275.15000000000003,-246.46,0.4265998096440701,0.3626135357486432,0.3980735606181419,142.37641057702228,142.94316672849055
360,0.0,-1.0,-0.35,1.3941189008451962,0.1469968043214375,0.4523093694482682,69.99815671496782,70.31455459594234
361,-2.0,-12.05,-6.67,0.5986866518091649,0.21623754051933497,0.39596695729336345,90.99764094731977,91.35806547269073
362,-4.0,-15.0,-8.71,0.5838171074195486,0.26022903310487555,0.4053860458955692,93.63127082325434,94.01089562776095
363,-1.0,-11.05,-6.27,0.6299551817023954,0.19135361262184172,0.4104308718751086,90.91288786787392,91.2861269709537
364,1.0,-1.0,-0.35,0.9466296986958068,-0.26517060896236,0.35139648205358825,72.66306486428446,72.91704495901514
365,-0.9500000000000028,-10.0,-5.16,0.6996932729110068,0.19859746358124256,0.42719778851807755,88.8702208228392,89.24999022193623
366,1.0,-3.0,-1.04,0.7945470409433524,-0.03921708036366667,0.3700254890242875,82.80928694496015,83.11523538248048
367,0.04999999999999716,-2.05,-0.59,1.181074017156812,0.0673011345525547,0.4038195512850569,71.63107087999225,71.920932276728
368,-1.0,-10.0,-5.65,0.6360677246339844,0.20220025675305306,0.41909742709447406,91.5582428344629,91.94208677853166
369,1.0,-3.0,-0.83,0.9341451366703785,-0.10029057357902887,0.3567357384864359,80.96902288548573,81.25689275397067
370,-1.0,-7.05,-3.64,0.6647137799949293,0.20195869956863166,0.39676838207882265,90.32069944351342,90.67902811825266
371,0.04999999999999716,-4.05,-1.86,0.6917401650547368,0.10449859000334634,0.39373945181926445,86.90575913921866,87.24821887029776
372,1.0,-2.0,-0.61,0.8476968805211517,-0.1433059050331795,0.3364415524053642,77.5546343508952,77.81462335843639
373,-23.0,-43.0,-33.12,0.46801350731140307,0.3199592683376329,0.39936818788519424,127.65277096375804,128.16258693684705
374,1.0,-4.0,-1.47,0.8172987370705821,-0.05668456756589318,0.3862045728615491,82.29665330180977,82.61391968057431
375,1.0,-5.0,-1.89,0.7411040126262892,0.003883402117682508,0.37734492395384855,89.16015559744709,89.49641501181674
376,1.0,-4.0,-1.56,0.807304959053821,0.008400109398561345,0.39949586765556383,84.65299677084964,84.99151997317561
377,-2.0,-13.0,-7.39,0.5872474571693633,0.22336187272128738,0.3924986406156931,98.36273740820563,98.74863690384997
378,-5.0,-17.0,-10.2,0.5385192835078496,0.26379064232740596,0.38658543449853316,104.5454939942178,104.94961026682307
379,0.0,-7.0,-3.16,0.6835846529764836,0.149626280697065,0.37827910284934035,88.64867286181314,88.98396461980099
380,-2.0,-12.0,-6.86,0.5874182688843406,0.21353795607043638,0.3917252008910746,97.21285640239789,97.59366198801997
381,-1.0,-8.0,-4.04,0.6740656593345239,0.21224877547317128,0.4001145806876425,89.18217616090931,89.53883832316451
382,-1.0,-8.05,-4.22,0.663996007415291,0.20376468248718338,0.4004034994047972,91.2539252918493,91.61936406889437
383,0.0,-7.0,-3.6,0.654485280695533,0.16869407752559862,0.4111706670218719,87.30444711261448,87.66339266016934
384,-1.0,-9.0,-4.17,0.649245863979473,0.19986392015425108,0.3915932289162146,91.56234947363009,91.92053244839151
385,-1.0,-7.0,-3.48,0.6957345524999573,0.21668018395686062,0.4178208750412359,86.91136068418363,87.27435580001396
386,-1.0,-9.049999999999999,-4.95,0.6152335731731461,0.18735255601590642,0.38754898528778775,93.35118676554993,93.71295516535602
387,-10.0,-26.0,-17.38,0.5181143262323873,0.2850653452937389,0.392384123300494,104.4311722022907,104.84089864705129
388,1.0,-4.0,-1.41,0.974968718375076,-0.055467827387376295,0.42594437284102105,78.50757038244242,78.84180077429585
389,1.0,-5.0,-1.92,0.6976966110946226,0.04723961039226718,0.3474332486205263,81.33125360612391,81.6136758994105
390,0.0,-1.0,-0.21,1.6501001271917626,0.14298313020459605,0.38946787221056733,63.8756443803767,64.12957498219288
391,1.0,-3.0,-1.12,0.7993410270440409,-0.05578942452345443,0.37600076518191605,76.29044107242346,76.57758609340239
392,0.0,-8.05,-4.17,0.6126414107803407,0.145870312259033,0.393736241921807,88.5462393606058,88.89480795627809
393,0.0,-6.05,-2.73,0.6275249799329387,0.14740248509372983,0.3609002834180848,87.03826573472413,87.35249283757014
394,-5.0,-17.0,-10.7,0.5672323500829038,0.26999540659332255,0.4093534055868337,99.94889203020224,100.35807658031841
395,0.04999999999999716,-6.0,-2.23,0.6625771114484863,0.12446393364066272,0.35182429556947553,85.37098865216605,85.67108439672364
396,1.0,-3.0,-1.34,0.7140589731580476,0.016977532866685702,0.36384044502854856,78.96129603004039,79.24867954412434
397,-0.9500000000000028,-10.0,-4.98,0.6320685714683927,0.19289073289582037,0.3987941952908331,92.05876136738888,92.42574036864106
398,-8.0,-24.0,-16.24,0.5052988413894925,0.2581457455956794,0.3926123822898849,105.34041442700041,105.75402031623052
399,1.0,-2.0,-0.57,1.0376962477959377,-0.17693443370456685,0.3640521572141854,74.32677388896067,74.59750168621161
400,0.0,-5.05,-2.3,0.6844639298586899,0.1472084003241098,0.3793789059111861,85.25218476278943,85.57536390090081
401,0.0,-5.0,-2.23,0.7517676730956272,0.14712945905029629,0.39710307124836364,83.2601487488584,83.59050248888332
402,1.0,-2.0,-0.65,0.9546137090668466,-0.16394308406732414,0.40355444976227317,72.14380029315909,72.43406347934543
403,0.0,-6.0,-2.58,0.7063152008964452,0.14705629767375877,0.3729739043935888,87.46385876869701,87.79016762706414
404,1.0,-3.05,-1.4,0.7491729158819143,-0.016805945488555997,0.39349128056717847,79.4691970329967,79.78117713654764
405,0.04999999999999716,-4.0,-1.61,0.7355890666050227,0.11331076853156524,0.3937504807074317,81.6053451782207,81.92653987963787
406,0.0,-4.0,-1.75,0.8647817930754444,0.14701272970417364,0.44137855954647875,80.72286322842477,81.07973608010576
407,-3.950000000000003,-16.0,-9.85,0.5606236141209607,0.24402879554139778,0.4029321570416038,98.55204409088483,98.94905013251513
408,-1.0,-9.0,-5.63,0.5358950236264794,0.1913270813591443,0.38020102424371816,94.54399009489862,94.90325991535617
409,-2.950000000000003,-15.05,-8.01,0.6234932945362742,0.22572935434761296,0.3897635007000301,98.24981497524712,98.63279718236791
410,0.0,-10.0,-5.65,0.5771431888741715,0.1677548469541765,0.3821486413802675,95.46171599003812,95.82631507057286
411,-0.9500000000000028,-7.0,-3.11,0.7103396340489236,0.21441069560967635,0.40278526055189373,89.12891217528528,89.4882031037851
412,-1.0,-10.0,-5.15,0.623358866130643,0.19093510707078226,0.4003588544199719,91.60347660130226,91.97041083211933
413,0.0,-6.05,-3.13,0.6684264987658786,0.15342976865272084,0.40023321397853207,86.18292453238648,86.52777154961632
414,-54.0,-83.0,-68.07,0.44400498162272156,0.33545765441198805,0.38954039157308046,130.0364229304072,130.5429755770747
415,1.0,-2.0,-0.45,0.9069352350712082,-0.17517501416960263,0.32009204784711615,72.99509567740745,73.22837158956584
416,-3.0,-11.0,-7.36,0.5511653328361329,0.25369008071746507,0.40888776034024693,94.24511095713804,94.63060087469289
417,-12.0,-29.099999999999998,-19.67,0.5200658933815594,0.2995842759706507,0.3952843494290385,107.78164142837261,108.20768855042968
418,-22.950000000000003,-43.05,-33.26,0.47616453082650007,0.32154192170850904,0.40153185064068575,115.42421295235887,115.88767776496744
419,-4.0,-16.0,-10.25,0.5556001087244955,0.24520490478507034,0.3935365306247707,100.98401902229467,101.38134640634566
420,-9.0,-27.0,-18.19,0.5185343247041604,0.27500623519190487,0.4006854857413009,104.6796604015051,105.09904898703876
421,0.04999999999999716,-3.05,-1.29,0.78265155483471,0.09024712336220042,0.37917690912837515,79.22690095568638,79.52789299801123
422,-1.0,-8.05,-4.26,0.6941772005587593,0.20791013405723566,0.41728062121473136,91.00643301867532,91.38622178017307
423,-2.0,-12.0,-6.94,0.5537614702861043,0.21740871106510218,0.3932024345407381,92.8651543852638,93.23038175884663
424,0.04999999999999716,-3.0,-1.16,1.0431014823516411,0.10037306737596007,0.4782003699008841,75.43793277616246,75.79783023859572
425,-4.0,-13.0,-8.96,0.5217770504896005,0.2559522844704349,0.40228850359034074,93.88981220128726,94.26750019008173
426,0.0,-8.0,-3.61,0.7073963613447977,0.1527161193808905,0.3965409081682102,84.18615975050295,84.5199815956176
427,0.0,-6.0,-3.05,0.6711546506368757,0.14821420004547825,0.40301861521431276,87.85095899061959,88.2052160707386
428,-1.0,-8.05,-4.44,0.6154899438000245,0.2034025656665382,0.40270820665240337,87.87622494113916,88.23006683216447
429,1.0,-4.0,-1.35,0.8049086987574954,-0.03553684296133973,0.35908091178875956,82.7039991234204,83.00086640124684
430,-0.9500000000000028,-9.0,-4.53,0.6012150362939915,0.18750310724531807,0.3759693775845625,90.24736690651797,90.58627548867622
431,-1.0,-9.049999999999999,-5.04,0.5687850655710012,0.19675468473273888,0.36753175779642694,96.06389742129059,96.41682518239037
432,0.0,-4.0,-1.53,0.8171352020879769,0.14712892055363058,0.4022344708186603,78.91422846433804,79.23092087933276
433,0.0,-9.049999999999999,-4.54,0.6108723010735302,0.15158164507280206,0.3821997234312324,93.71599513545641,94.07414205530819
434,-2.0,-12.0,-6.68,0.5886885202682103,0.21846639164796766,0.39399241351484326,93.80682603084907,94.17643429279381
435,0.0,-8.05,-4.1,0.6314607624578258,0.1497534784457106,0.3851330595983353,92.15860276285267,92.51346512396411
436,-1.0,-9.049999999999999,-5.11,0.6039404467183294,0.19403481674410744,0.39365987825759724,90.66358427756633,91.02038493638928
437,0.04999999999999716,-5.05,-1.96,0.7642070320487849,0.1090745220478601,0.3950441221356635,84.81228179094977,85.14690303165122
438,-1.0,-7.0,-3.46,0.673508297559649,0.1975751850843739,0.4082931112818222,86.67963644538345,87.03345786331097
439,0.0,-6.0,-2.92,0.7043914615344168,0.13232946526089756,0.4065468444614398,88.05886626262384,88.4168176359396
440,0.0,-9.0,-4.86,0.6362601942609257,0.14757855814587603,0.4014964891050345,90.45310327615829,90.81610160460924
441,-0.9500000000000028,-10.0,-5.47,0.594249422647434,0.17706396479850073,0.38484670112879144,93.3905710112145,93.75017004233173
442,0.04999999999999716,-1.0,-0.21,1.4770697315501837,0.10006481412542047,0.3490862249519885,64.23257983856905,64.45474622042468
443,0.0,-3.0,-0.98,0.8799200610971734,0.1121413075091881,0.36543771473388775,80.92562107813332,81.22113040475229
444,0.0,-7.0,-3.39,0.6367604697414104,0.14761133849885416,0.38549584809541043,88.67383807671123,89.01587317443598
445,1.0,-4.0,-1.5,0.7730594579794987,0.0032534401032860458,0.3749873885622224,83.84437496437612,84.15852927002679
446,0.0,-10.0,-4.69,0.6840889076611507,0.14750886286623408,0.4073169418197354,89.77319461479878,90.13891173755862
447,-13.950000000000003,-33.1,-24.28,0.4872944693661972,0.2837050895161264,0.391150515589993,116.02553781230824,116.47933973001557
448,-28.900000000000006,-52.05,-39.53,0.4736127932838269,0.3278978345171182,0.39698788796861323,117.59308576434623,118.05987129072913
449,0.0,-6.0,-2.28,0.6780239935034418,0.14001507639474978,0.3573920861117964,84.95552441471037,85.25936481586072
450,-2.0,-13.0,-7.23,0.6418815101818858,0.22370063586128378,0.41044660014560014,93.93866869545374,94.32408378783207
451,-4.0,-16.05,-9.4,0.6154068683414319,0.2653586968285804,0.41606525334910344,95.51456501318118,95.9119721404024
452,-6.950000000000003,-19.0,-11.9,0.5217195771677215,0.27402885364403273,0.37754822437363045,104.89455855729847,105.29054680830852
453,-2.0,-12.0,-6.45,0.6395658909919368,0.2318675467241141,0.4133614773420945,90.415412346165,90.78903645027098
454,0.0,-6.0,-2.83,0.7172463482459426,0.1310648057267802,0.39488015445993196,88.11996645101947,88.46817188490927
455,-0.9500000000000028,-8.0,-3.99,0.6605833575521022,0.1922671268139566,0.41533942721204153,86.41726833042458,86.77648197246596
456,0.0,-2.0,-0.52,1.1748470367415171,0.1467670847150463,0.3923279585084517,76.74151768876776,77.04201959339771
457,-1.9500000000000028,-12.0,-6.13,0.652071125486898,0.21182577765136207,0.4004748392626686,93.14763822194956,93.52070914824584
458,0.0,-1.0,-0.13,1.552736005873037,0.14661589731245114,0.31219750881865427,62.721985236429056,62.914943588936346
459,0.0,-6.05,-3.07,0.6417578375863685,0.14696988949223122,0.3846688188886619,86.225368255366,86.55674787144932
460,0.0,0.0,-0.03,0.14892653869542885,0.14693456204388336,0.49182387230373387,54.23338937681919,54.495888353119476
461,-1.9500000000000028,-10.05,-5.71,0.6065669709064828,0.22880591039891263,0.4095392192185691,91.83733067944398,92.21316023049789
462,0.0,-4.0,-1.6,0.6804905301992827,0.1327280856252236,0.37977381507269825,84.15077480134745,84.47066798380858
463,0.0,-3.0,-1.22,0.8343398636809687,0.12797697016041568,0.4055738312433727,77.38789324959448,77.70176115096359
464,0.04999999999999716,-5.0,-1.75,0.8163746957510416,0.10277320015548903,0.3908863523283799,84.47336726742188,84.80385378669065
465,1.0,-2.0,-0.4,1.0578939934671816,-0.3042406510000373,0.36395887251451625,72.5179685994644,72.78225507671861
466,0.0,-1.0,-0.22,1.6955187793700908,0.14661589731243793,0.455336089069737,63.166905716270264,63.45977709903364
467,1.0,-4.0,-1.39,0.9034921769263885,-0.013593478780573294,0.3829020271474326,82.35808893271378,82.6734468429307
468,0.0,0.0,0.0,0.14879289197081594,0.14693062225701445,0.14783991242665823,38.40178101376498,38.45856089335702
469,0.0,-7.05,-3.76,0.5407140471473103,0.1573700727848941,0.3515806436234219,92.6472732542657,92.97291877178414
470,1.0,-4.0,-1.53,0.7983958270100647,-0.01737899765363873,0.38786218215768054,76.68026532031321,76.97764241308984
471,0.04999999999999716,-3.0,-1.05,0.8302130105159564,0.0433024985375263,0.3880564522621863,78.87323510624012,79.17930588461246
472,0.0,-6.0,-2.96,0.6583672216331146,0.14838100506994728,0.4012037087939714,82.37598842145545,82.70658552054532
473,0.0,-4.0,-1.69,0.7531101044607829,0.14744239990018526,0.3881662349600196,82.63609047364596,82.95669004405207
474,0.0,-5.0,-2.58,0.6683912136810708,0.14592709641322407,0.4036742835684282,82.91043235789616,83.24499205371649
475,0.0,-1.0,-0.16,1.5720956908736978,0.14678443513881465,0.3673375015533468,63.05109229825811,63.28181299860342
476,1.0,-3.0,-0.64,1.231110227767941,-0.1768570439257971,0.38218695606055136,70.65246679110041,70.92208075907068
477,1.0,-1.0,-0.4,0.8459507946268578,-0.3590646682111472,0.3504896486613174,71.0607443869127,71.30978733620091
478,0.0,-2.0,-0.64,1.2680799234997715,0.12400560496581643,0.4626345927188176,69.61168135778762,69.93415535899837
479,0.0,-4.0,-1.26,0.9287037947996926,0.12283592598442578,0.3887233190588877,79.74443943139042,80.05455634373583
480,-2.950000000000003,-14.0,-8.81,0.5796177256289928,0.22867800713728975,0.407395063846401,99.44523403024938,99.85037711145443
481,-6.0,-20.0,-12.31,0.5636292032752137,0.28929603032175505,0.4169570681167892,104.2514608446182,104.68604444900187
482,-3.0,-12.0,-7.29,0.5057005296646491,0.23669465842062323,0.3790376140883318,98.4818694409375,98.85513259355557
483,0.0,-6.0,-2.88,0.7364696373558831,0.14820465307304562,0.4261761164405708,85.38457033677494,85.74836299436708
484,-12.0,-29.0,-20.41,0.504710984680855,0.3017525065204659,0.40160215170650565,111.72295656543966,112.17161153383014
485,-1.0,-9.0,-4.58,0.6504500885607877,0.20374497270149503,0.4072059652149612,89.13982887663673,89.5027010445433
486,-1.0,-9.049999999999999,-4.96,0.6410123748644754,0.2012137269024705,0.3891185948863646,95.26344909935368,95.63430168327723
487,0.0,-5.0,-2.59,0.6913990502685449,0.15315456007366357,0.4097769667202259,81.24574635716989,81.57833812527552
488,0.0,-10.0,-5.23,0.6231472865299926,0.15599192033507409,0.3907982663890145,96.62441664906314,97.00186251161851
489,0.0,-7.05,-3.4,0.683414051356719,0.1520512458188663,0.3933044506879639,84.65341938335199,84.9862276040587
490,0.0,-7.05,-3.32,0.6398482850116735,0.15966087225721848,0.3741040165387651,92.76295030655588,93.11016073305257
491,0.0,-5.0,-1.88,0.7625699524715378,0.1426549451164707,0.39399757752441444,79.81905104055541,80.13368411156786
492,0.0,-1.0499999999999998,-0.34,1.3050399132935222,0.14679070956721024,0.37976234813831367,69.84508861830062,70.11010877030078
493,-7.950000000000003,-21.049999999999997,-14.28,0.5237972378539116,0.28831891813260757,0.3993962036042848,102.67107747408164,103.08104948952256
494,0.0,-2.0,-0.39,1.7519146949348123,0.1467844351388176,0.47279986917003325,66.57664552798695,66.89015673076884
495,-1.0,-7.0,-3.6,0.6862551379516034,0.2123515479995289,0.4191096314531223,85.70654611283273,86.06583471151018
496,1.0,-4.05,-1.52,0.8804035442857795,0.009307965818057649,0.4050326523611314,82.36855338159694,82.7030876510693
497,0.0,-4.05,-1.57,0.9683630110552933,0.13957759628484706,0.43170714607772587,76.3926783004056,76.72204131868168
498,0.0,-3.0,-0.85,0.8640380718516597,0.10006376443639656,0.3603515420317297,77.76268156670304,78.0423614586946
499,0.04999999999999716,-5.0,-1.93,0.7403744921757346,0.10277682854906356,0.38160438135228814,84.2657076807014,84.58728994426602
500,-2.0,-9.049999999999999,-5.08,0.6308081254480716,0.24924247089765675,0.4095400405282272,92.53363174352647,92.91257082958174
501,-1.0,-8.0,-4.8,0.5513942297299188,0.20596306037291626,0.38222608003273456,93.28739466559833,93.64370497185641
502,-2.0,-14.0,-7.4,0.608991803121923,0.22366618875168467,0.3898280430031257,94.48478243835126,94.85315160046244
503,0.0,-7.0,-3.45,0.6855986425946861,0.15501180799224995,0.41135163246516926,87.78632362077866,88.14722596034115
504,-0.9500000000000028,-6.0,-2.99,0.6997995641692432,0.22202449398395036,0.4248671990877868,83.58174638854352,83.93704945523594
505,0.0,-6.05,-2.79,0.6176961920970377,0.13895655102573012,0.3773950391573202,87.71809575961846,88.0489564102143
506,1.0,-2.0,-0.68,1.0021852782895075,-0.17243761974085664,0.4128884406807831,68.58134887521351,68.86396325336605
507,-8.950000000000003,-21.0,-13.52,0.5171839287600132,0.3050781357102689,0.3873161819905303,105.93314729203496,106.34338032920883
508,0.04999999999999716,-3.05,-1.08,0.8692551520742359,0.09692662220260435,0.38924483705499463,73.87199638258855,74.1604063496965
509,-2.950000000000003,-16.0,-8.1,0.6197969294988606,0.2256685687124221,0.39927658725072873,97.73311674098342,98.12337765997853
510,0.0,-1.0,-0.29,1.4148745950434416,0.14603708871706317,0.4065762100814099,63.620984633560475,63.881560120558696
511,-1.0,-9.0,-4.77,0.6314529226389612,0.19788985206429777,0.4083088746355889,91.44785527198214,91.82105863423425
512,-1.0,-7.0,-3.66,0.6271421213962804,0.19310900386036445,0.39866905956905313,89.72522453959898,90.0830059383022
513,-10.0,-23.1,-16.62,0.4981338482201343,0.29809920359266867,0.3951872981477739,108.71137256791332,109.14092461316106
514,0.0,-5.0,-2.1,0.70934376313293,0.13220430753826715,0.3734891217956865,79.91544192997777,80.21394578833943
515,-7.0,-19.05,-13.51,0.5142956113633221,0.28004757010646447,0.3986067128575676,105.26096961609151,105.6804954104691
516,0.0,-2.0,-0.35,1.1411934037081282,0.14661589731245647,0.33986295156698043,66.52917903393585,66.75657317895421
517,-5.0,-18.049999999999997,-11.28,0.5179406166381122,0.25048074075182764,0.38529580038864153,104.30402299851644,104.70586229964589
518,0.04999999999999716,-4.0,-1.7,0.6856338390707194,0.10935852238562604,0.3762608593107345,79.23328956441009,79.53134433634158
519,-17.0,-38.1,-27.33,0.4981398757906486,0.3039721941531571,0.39582128331093114,116.39891529319212,116.8596475653414
520,1.0,-4.0,-1.37,0.7992147552503547,0.003657552139380429,0.37251749546826785,77.73889656439539,78.02779461417074
521,-2.0,-12.0,-7.24,0.557165921054665,0.2225165284473579,0.3937348752249873,98.61857279472297,99.00666300406782
522,0.04999999999999716,-3.05,-1.13,0.9268533389297877,0.09969764908466706,0.4161097145571413,75.3763506774416,75.68908993611326
523,-1.9500000000000028,-13.0,-7.86,0.5508233541707489,0.19881636757623378,0.37636653777318074,100.15112859371565,100.52820973283664
524,-3.0,-12.05,-7.43,0.5471326673957515,0.2400353514398147,0.3812480616684477,98.70513838412634,99.08132671938567
525,-2.0,-12.0,-6.99,0.5470524457437328,0.222979238060357,0.385631348541555,97.0676268180232,97.4419352555702
526,-2.0,-13.049999999999999,-7.49,0.5925208212787572,0.21999818192249315,0.4090493468800361,94.87495190516061,95.26296202115431
527,-1.9500000000000028,-11.05,-6.75,0.550029069996152,0.21139508158767395,0.3865409593600422,96.61571524612579,96.98901924334737
528,0.04999999999999716,-5.0,-2.26,0.7173671949112878,0.11685898718487085,0.4054232119227102,81.17977331047692,81.50859736490118
529,-1.0,-9.0,-5.11,0.589274325725807,0.20502165101789613,0.4076144217701389,92.5620544030126,92.93910720883514
530,0.04999999999999716,-4.0,-1.32,0.9396898484791009,0.09721742378103204,0.3938073943519412,76.42919761217581,76.73043184925682
531,0.0,-4.0,-1.11,0.903252353561491,0.0951022238328662,0.39292785807314196,76.6458911140854,76.94693556778645
532,-5.0,-17.0,-10.49,0.5740692591690175,0.26795466477028884,0.4041682202037043,96.24560452316618,96.63460530516349
533,-1.0,-11.0,-5.69,0.5877345655289075,0.20081010925156856,0.38671662405749857,93.52836157650512,93.89012013001845
534,1.0,-3.0,-0.93,0.8639444702410929,-0.05718480641640973,0.37417719317443576,73.7763237566734,74.05176850640105
535,0.0,-6.0,-2.55,0.7799587264235849,0.143256181578368,0.42765545097273167,83.47701500547821,83.83367319391839
536,1.0,-3.0,-0.72,1.1476026512555833,-0.16983408594605348,0.4044962635616695,71.61274211309428,71.90206164117261
537,0.0,-7.0,-3.44,0.6324595319529795,0.14825012874040233,0.38935746086573325,88.90636824877299,89.25249574250823
538,0.0,-4.0,-1.74,0.8028515687533166,0.13100013241270703,0.43374979844163764,77.466428901703,77.80235427542158
539,1.0,-6.05,-2.73,0.7054400813185705,0.06966908427620543,0.3980869840985564,85.46043958375672,85.80036318093511
540,0.0,0.0,-0.04,0.14936572060401898,0.14696671220802504,0.7102794802111986,46.05439079480073,46.35776510441611
541,1.0,-4.0,-1.54,0.7468375606530366,-0.01279928265714771,0.3669808615759397,81.13961829649516,81.43693976049003
542,0.0,-7.0,-3.35,0.7210646446538189,0.14854704717004996,0.4238747815505503,84.78011475749774,85.13961825937264
543,0.0,-4.0,-1.68,0.7203555071134656,0.1461436854022397,0.37963456644095467,82.6146793602203,82.92851853327538
544,1.0,-3.0,-1.24,0.8405863764271362,-0.030028420666326633,0.41018043433403184,75.05926783194931,75.36759805619529
545,1.0,-1.0,-0.06,1.7320456222841856,-0.8654983108582228,0.27263750765216826,58.98875203594924,59.15317581751509
546,0.0,-5.05,-2.59,0.6965998025303632,0.14387316835250696,0.3960713111829127,86.12528846082822,86.46625527821686
547,1.0,-4.05,-1.31,0.971796737503955,-0.027286114347220995,0.37837294598077514,77.89129502731157,78.18605541085208
548,0.04999999999999716,-3.0,-0.78,0.9432749486256488,0.012159670381074324,0.40702758566696573,73.52607207972413,73.8257794462299
549,0.0,0.0,-0.02,0.14890292811717873,0.14679802183433563,0.33070741153536415,51.66840594980672,51.8348854947859
550,0.0,-8.0,-3.43,0.6479326351052099,0.14708638882440883,0.355251025477818,91.92643371806662,92.25316577177554
551,1.0,-4.0,-1.63,0.8346252252847237,0.01629322680069521,0.3959640311381576,79.43783592270513,79.75280824014945
552,0.0,-7.0,-3.2,0.5646223172884864,0.12536815861676465,0.34884574161884957,91.24570691120933,91.56368776919246
553,0.0,-4.0,-1.56,0.863836529425844,0.1436548946934991,0.3965268469384429,78.67712331528834,78.9896222789211
554,1.0,-3.0,-0.96,1.0010916286560345,-0.030710195202397043,0.4043024137090778,76.53031486016901,76.83973959207789
555,0.0,-7.0,-2.56,0.770889312857992,0.14713126818956332,0.39479025942311563,82.72591765927343,83.05241332918024
556,0.0,-5.0,-1.9,0.7873582478729534,0.14773096570816283,0.39909096988123544,83.3962644869778,83.7289904586824
557,-12.950000000000003,-32.0,-20.72,0.5198250274489292,0.2980766780147343,0.3919967194935324,107.72551353065431,108.14769985080589
558,0.0,-2.0,-0.6,1.2005390134365623,0.1469902650140708,0.46563456368808026,71.02278669234596,71.35516492373263
559,1.0,-4.0,-1.62,0.7893438926310313,0.001028382738029418,0.39789639149849554,78.70346940667763,79.01635900926709
560,1.0,-4.0,-1.3,0.6934961140558447,0.02741734087994274,0.3274351977584446,82.7342145708061,83.00487468234613
561,0.0,-1.0499999999999998,-0.39,1.378777356214689,0.1411328829714565,0.44306795646942676,65.28802957957913,65.57709303178991
562,0.0,-6.05,-2.88,0.6812056518371372,0.1479526877813252,0.3907123457007045,87.81990189257063,88.1629187731435
563,0.04999999999999716,-3.05,-1.38,1.0028066818775594,0.099812813406749,0.46494917229736415,76.860161496924,77.21753572060966
564,-0.9500000000000028,-7.0,-3.49,0.5970221639819059,0.1925857301813221,0.3666451871072887,90.86838527764107,91.20160162896141
565,0.0,-4.0,-1.92,0.812960670238538,0.1471165846401551,0.4512637264528015,80.62539511229073,80.98915090924731
566,1.0,-6.0,-2.82,0.686924402846105,0.07562199801466013,0.392567719801066,90.08573141556226,90.43963253990742
567,0.04999999999999716,-3.05,-1.28,0.9479014061846052,0.1178769367550836,0.44759796220489867,76.05620764735377,76.39574259224895
568,0.0,-5.0,-1.9,0.7736524237058456,0.11420548287957599,0.4031024735538009,85.02147815085624,85.36369606460332
569,0.0,-6.05,-2.85,0.7919109015456361,0.14631665009696984,0.4240707531312276,84.35311684776111,84.7108743925747
570,0.0,-5.05,-2.51,0.6157899267649158,0.14699680432144263,0.3686155740802539,88.2725431817328,88.59800395856666
571,-21.0,-42.05,-31.57,0.5100022835510759,0.32925764697586146,0.4184774320678563,112.70102403671501,113.17261859071647
572,0.0,-1.0,-0.14,2.159629134257001,0.1469892261271901,0.4300012785265833,58.6854561301423,58.938074248288565
573,0.04999999999999716,-4.0,-1.41,0.8691596729804185,0.07012792539076168,0.4295460883666994,80.87675590833469,81.22377115678954
574,0.04999999999999716,-4.0,-1.51,0.803287384573548,0.11312542851478878,0.39392643616156037,78.9336237945023,79.24482936696155
575,0.0,-5.0,-2.4,0.6633213548236236,0.1467748774484334,0.38278543364811,86.83510707273794,87.16773244498337
576,1.0,-2.0,-0.66,1.0097787740649706,-0.162917979809198,0.4014818493985248,71.76999066737424,72.058852469861
577,-1.9500000000000028,-10.05,-6.13,0.5512679102924459,0.19737601380622521,0.3855615543555541,97.40574688287093,97.78132261127946
578,1.0,-3.0,-0.92,1.045533627618832,-0.12140471157139246,0.4163243892503754,75.07078477114,75.38315524394571
579,0.0,-2.0,-0.53,0.9969445763386502,0.1469497286812509,0.3629652699808867,74.59124415352274,74.86188049872624
580,0.04999999999999716,-3.0,-0.85,1.0326412827932958,0.12837931233977404,0.3899439862206212,74.67021083400867,74.96063138388514
581,-7.0,-19.05,-12.32,0.5385670549323205,0.28539569391476766,0.3961828412065847,109.14332067367287,109.5758362198044
582,1.0,-2.0,-0.64,1.0458963851552892,-0.16814481674035128,0.41181612939520895,71.03990646621818,71.33333334066602
583,0.04999999999999716,-7.05,-3.62,0.6295052196161874,0.12841668764664715,0.3748677314381592,90.89092924218352,91.23147191699302
584,0.04999999999999716,-4.0,-1.35,0.9933379845183593,0.09897082408156355,0.44322111770359607,75.22124288959743,75.55331419578266
585,0.04999999999999716,-7.0,-3.08,0.7225487235315231,0.08627988190358041,0.3929414509019164,89.52468237310565,89.87676287457018
586,0.0,-4.05,-1.96,0.6845189840212188,0.1468401946310669,0.3828995716901227,82.13604514703559,82.45050963981663
587,-0.9500000000000028,-9.0,-4.58,0.6431668663372998,0.15863848197812963,0.3961247563446764,93.40106396481333,93.77096097826896
588,0.0,-6.0,-2.48,0.7177564562225447,0.14772416381561057,0.4037134456717764,83.42985697037068,83.76667256718565
589,0.0,-1.0,-0.35,0.9466645955542198,0.1256603160044987,0.3423586005282973,71.07239111401915,71.31511700961397
590,1.0,-4.0,-1.82,0.8908402763674294,-0.0062797285149693155,0.4348106554912699,80.16979916608379,80.51928440096451
591,-0.9500000000000028,-9.0,-4.75,0.6164282189725634,0.18640410358012477,0.39305503776891115,98.60394357561688,98.99130911901793
592,-5.0,-14.05,-9.12,0.5754995160488573,0.2844906513477495,0.4066339312040994,97.08441581838647,97.4792151176633
593,0.04999999999999716,-5.0,-2.55,0.6343172052895595,0.10487026637494488,0.3710917996094017,89.20215748665018,89.53318381027636
594,-3.950000000000003,-12.0,-7.93,0.5553878692683829,0.2697465473881823,0.41146801525466886,96.99146962488516,97.39047042066879
595,-1.0,-10.0,-5.76,0.5638548848665506,0.17995724899499554,0.3785668150531932,99.08280160543335,99.45788336966372
596,0.0,-2.0,-0.78,0.8839435177508881,0.11376251658310728,0.416032108389348,71.50858740470485,71.8063712769291
597,1.0,-4.0,-1.17,1.0483522229415072,-0.017394938102780363,0.3933107851760424,76.03307854451923,76.33155344668744
598,0.0,-4.0,-1.86,0.8150256419884417,0.13391617324628172,0.43677031017609436,78.38724677029188,78.72951514046399
599,0.0,-7.0,-3.67,0.6034311291317731,0.16159152054691833,0.38849088595349524,96.8514780303603,97.22793485414815
600,0.0,-4.0,-1.28,0.9160387953587225,0.14651927933359035,0.4008911333331717,74.9430671971757,75.24325656747098
601,1.0,-3.0,-1.28,0.7605229287629565,-0.01781013810532029,0.37890472117161705,76.29186017617535,76.58090988836685
602,1.0,-3.0,-1.05,0.8835475669663757,-0.06345036223418096,0.38042007458670907,74.27785231311576,74.56070274521653
603,0.04999999999999716,-7.0,-3.27,0.6336294268176548,0.14183565418672422,0.3732312874490362,85.83978196766749,86.16008415226875
604,1.0,-3.0,-1.01,0.8983671508798463,-0.060393288156171156,0.39758917373633784,73.7591495878525,74.0519077368148
605,1.0,-4.0,-1.53,0.7634886922876702,-0.0049408753879887175,0.38064437895411124,78.72971204452143,79.02939442146364
606,0.0,-5.0,-1.9,0.7341842693072479,0.1456148811036437,0.3857446879781488,79.59970706565353,79.90658502714105
607,-4.950000000000003,-16.0,-10.48,0.5195094482017939,0.2526093604160606,0.38647708759873517,106.56437202406568,106.97610728785631
608,-2.0,-11.05,-6.21,0.5789391228331011,0.23111380335262321,0.37946665557259485,93.24707011189784,93.60091964625681
609,-2.0,-11.0,-6.24,0.5716357952480119,0.23958645724816308,0.3844308029578154,104.10951088479771,104.5097876970029
610,0.0,-5.0,-1.98,0.7351729888870232,0.14685634496529304,0.4109480575195784,79.96368937939124,80.292414050163
611,1.0,-1.0499999999999998,-0.19,1.1510511222949813,-0.32784121840088437,0.29766181445015055,73.62265017969752,73.84212290825184
612,0.0,-6.0,-2.8,0.7748964290560846,0.14877449226297876,0.43268633824389036,83.88474202412164,84.24772137563845
613,0.0,-6.0,-2.44,0.7180383968821555,0.14665672465030727,0.40428494241693047,83.04887792857,83.38445633904784
614,0.0,-5.0,-2.28,0.7278462940170327,0.14733571599750692,0.41652679835243533,80.97248750497748,81.30969499812451
615,1.0,-4.0,-1.38,0.8319771520858616,-0.012485377510599579,0.3867307752436324,89.73531030383415,90.08234385818055
616,-1.0,-8.0,-4.37,0.615131243938312,0.20283355513627582,0.3958836723098267,88.02274534597271,88.37128952497655
617,0.04999999999999716,-4.0,-1.49,0.8036528752380483,0.09769402807144431,0.39486626518449136,76.7970872681893,77.09999975475377
618,-0.9500000000000028,-8.0,-3.81,0.6771835004692441,0.18973823521459687,0.3961024404090878,97.61972103360945,98.00638531262622
619,-1.0,-8.05,-3.93,0.6416871319510492,0.21564868868471057,0.4067503188948006,87.42128890354773,87.77653195749002
620,0.0,-5.0,-2.42,0.7255116706567504,0.13724761464084492,0.4100115452433768,91.6861406624198,92.0620342313525
621,0.04999999999999716,-3.05,-1.3,0.8915760239975417,0.09959398932001251,0.42282043688397813,75.93331359301732,76.254556128493
622,0.0,-2.0,-0.43,1.279413158174303,0.10926419017203574,0.4011797076200751,67.32936249993315,67.60090586708914
623,0.0,-2.0,-0.54,1.4121274344592274,0.14678443513882902,0.483801381373491,66.88149193391212,67.20504984246719
624,-4.950000000000003,-18.0,-11.35,0.5280710787495955,0.2624666225115869,0.39489814311450844,106.4053800050379,106.82551096335534
625,0.0,-6.05,-2.99,0.698644140134144,0.14338171132908709,0.42059949600655466,83.42365323579561,83.7749137631917
626,0.0,-4.0,-1.87,0.6918646602103734,0.14720152563070288,0.3853954436550684,84.81993668055395,85.1468845899604
627,0.0,-4.0,-1.66,0.7396912979397562,0.1396187212017694,0.3849598579763049,78.13562629625999,78.43668835260739
628,-1.0,-10.05,-5.38,0.5828569510533225,0.20607279203725595,0.39051715725497155,97.78642111196514,98.1680196151987
629,0.0,-5.0,-2.52,0.8013780571030076,0.16410261820868857,0.4455133209938758,80.44789826793334,80.80649307179395
630,-1.9500000000000028,-9.049999999999999,-5.52,0.563872221197286,0.22000280959624882,0.3892836282637477,96.84506056591192,97.22216789358889
631,0.0,-4.0,-1.47,0.8635268188080987,0.146703406893668,0.4091166149772376,78.02463678617947,78.34441131914078
632,1.0,-4.0,-0.97,0.9856349660967619,-0.08761095576373291,0.3694897516562898,79.86725510992179,80.16235121936965
633,1.0,-4.0,-1.46,0.7476747652141553,0.005396621513320875,0.34883711149471497,84.40506945530012,84.7002265733929
634,0.0,-1.0,-0.17,2.088700495799885,0.1467686258208717,0.4518006849843821,58.70540733885784,58.97480276086803
635,0.0,-2.0,-0.76,0.6851321479779081,0.14679874790974948,0.3488649847923408,74.36398092197142,74.62295045671732
636,0.04999999999999716,-4.0,-1.72,0.6203981915692317,0.10754507069784254,0.3574849135453465,84.53516728517116,84.83713209782705
637,-0.9500000000000028,-7.05,-3.86,0.6687169468162535,0.19898826257546745,0.4247113854356121,89.39139152467786,89.77114211874266
638,0.0,-7.0,-3.61,0.6352166417765913,0.16299584089832264,0.39315718279835393,88.59815335439903,88.94643066247913
639,-2.0,-12.0,-6.84,0.5825580501471265,0.2151329729288285,0.39947580835028973,97.49139148985427,97.88090343400977
640,1.0,-2.0,-0.89,0.7461073080373405,-0.08385160320779249,0.37819902154501067,75.82951329211542,76.11684121274907
641,-1.0,-7.0,-3.37,0.632089777086298,0.21077777265316897,0.39211726352082116,90.4493297996628,90.80385670486105
642,0.0,-2.0,-0.65,1.0690700087900478,0.14502174351063493,0.42763158556080066,69.60419149158838,69.90364373096146
643,0.0,-5.0,-2.33,0.8028992960111957,0.1474716524906473,0.43593174599145584,80.32176100988062,80.67207648884929
644,-26.0,-46.0,-35.16,0.4594325519362734,0.32513184916877613,0.3840402369532817,122.80665088682954,123.27826042467188
645,-1.0,-9.049999999999999,-4.96,0.600886505525656,0.20056459068144228,0.3866556997861941,88.67073107722699,89.01344701787983
646,1.0,-2.0,-0.7,0.7729953834373302,-0.10102749293643318,0.3399543734632248,73.02960668317847,73.27792082021942
647,-19.0,-42.0,-29.48,0.5014649830263002,0.30914904961644746,0.39757949582308766,118.9821109851946,119.45509695686604
648,0.0,-7.0,-3.33,0.6971586725377039,0.14617549773445648,0.4100113717715939,85.38501422466385,85.73518955180269
649,0.0,-4.0,-1.55,0.802251029075089,0.14573465705248512,0.42690754995831043,77.71073549577662,78.0425664043723
650,0.0,-4.0,-1.42,0.8254880089063995,0.12738108443313087,0.396354125547496,82.57730823383152,82.90469019967932
651,0.0,-6.05,-3.08,0.6337207108494759,0.14090532711745052,0.3746772608902731,91.06949434994578,91.41036796126173
652,-1.9500000000000028,-11.0,-6.14,0.6470347273597215,0.22701060719479016,0.41200659998136024,93.01530288704639,93.39867960337784
653,1.0,-1.0,-0.29,1.1155707726428208,-0.3413636076722678,0.39717359396126084,65.47899634840245,65.74083841914785
654,0.0,-3.0,-0.9,0.9717073305012909,0.14661589731245891,0.38089905313846223,73.39286288494114,73.6727333014924
655,1.0,-1.0499999999999998,-0.26,1.2355910929378076,-0.4123884791591315,0.3198827418900242,65.01984822523619,65.22711329953364
656,0.04999999999999716,-4.0,-1.89,0.6988026534552912,0.11521223048923818,0.385277278569787,85.05120388159784,85.37899903376194
657,1.0,-2.0,-0.57,0.9295191997097536,-0.18938312598684784,0.3453451600168026,72.10090181343709,72.34995022149407
658,0.04999999999999716,-2.0,-0.41,1.554207107467232,0.10327745412365437,0.4926182977058481,66.42773708271694,66.75461169276866
659,0.04999999999999716,-5.0,-2.16,0.6567061023272601,0.13623168965311036,0.3737635904211169,85.98411893065939,86.30554407892026
660,0.04999999999999716,-5.0,-2.32,0.6660053058552472,0.1276518703173076,0.3976973709853393,83.41871871532625,83.75086804566152
661,0.0,-4.0,-1.78,0.7346984775575676,0.14075634915443985,0.37658785319619353,83.97354160915388,84.28984836882103
662,-0.9500000000000028,-8.0,-4.51,0.6294880139851039,0.2022286763439658,0.4094170595578798,89.5401274742049,89.90677197612001
663,0.0,-2.0,-0.65,1.4285458258689794,0.14699026501406298,0.4996001351293926,71.03742801324788,71.3928873473006
664,-1.9500000000000028,-9.0,-5.14,0.6091670410852722,0.23560097714575012,0.41720288397016575,90.76538832825103,91.14408513622091
665,0.04999999999999716,-4.05,-1.81,0.8097749449482322,0.1134309105604319,0.40808548700993424,83.37819832390286,83.71866350499491
666,1.0,-4.0,-1.69,0.7554783807181634,0.019668842928054927,0.3884008607081791,80.07388164117279,80.38461824046706
667,-1.0,-9.0,-4.66,0.6010448099223522,0.20074589390473743,0.38979142932262417,94.67774082677553,95.04676645690098
668,0.0,-4.0,-1.8,0.7199666203487455,0.1475260261333225,0.39229097051827266,81.46754002873794,81.78659519971616
669,0.0,-4.0,-1.42,0.9165581893076218,0.14536901770147875,0.4399123645949197,79.04307699647465,79.39152996820853
670,0.0,-3.0,-1.3,0.691014960894616,0.14698003635752188,0.3559895703093426,79.28055993531265,79.56312356176198
671,-0.9500000000000028,-8.05,-4.29,0.6496787964538524,0.19068802078458358,0.40359845165666125,91.7179020107074,92.088019620512
672,0.0,-2.0,-0.74,1.0821012068140798,0.14694972868123155,0.4536958127075046,71.56405979093347,71.89092947190765
673,-2.0,-11.0,-6.1,0.6075309329379628,0.2487232533063595,0.4097231185987518,95.67757948180612,96.06961127504246
674,0.04999999999999716,-3.0,-1.19,0.9099848626726487,0.11748568181864105,0.4270886337380614,76.03354434728433,76.35915969341137
675,1.0,-3.0,-1.31,0.73167151861765,0.015950277396806236,0.37198163808291473,80.89501978031319,81.1958048405053
676,-1.0,-10.0,-5.37,0.6360480420560523,0.19391453681599885,0.3971614447436327,91.45867516601666,91.82195117409806
677,0.0,-6.0,-2.64,0.6217037321857128,0.14493884833812504,0.365291073587847,88.1353138668744,88.45731539258914
678,0.0,-3.0,-1.2,0.9721062789120035,0.14710603943534853,0.4624742086455737,72.54790079457939,72.88256360406385
679,0.0,-1.0499999999999998,-0.36,1.0849837796071478,0.1196115361828943,0.37378421638764403,69.07381123321723,69.33435766452692
680,0.0,-3.0,-1.0,0.8577974027125981,0.09980763737792253,0.37375956901320995,77.74781724294331,78.03898434236903
681,0.0,-3.0,-0.94,0.9170640129942702,0.12233093592452518,0.40110358714378264,73.3017294332597,73.59544085255011
682,-1.0,-9.0,-4.89,0.5924451650137936,0.1880185379828387,0.39085077648485184,93.30038150103668,93.66513433260941
683,0.0,-1.0,-0.21,1.453716846393352,0.14695045475665885,0.39678408489424,61.73796715797829,61.98291590597873
684,-1.0,-9.0,-4.9,0.6016969840127306,0.20281129100410525,0.39760228338922404,92.58729164916059,92.95570467278087
685,0.0,-2.0,-0.33,2.203082066135173,0.14678443513882106,0.5052299094037362,62.55982668718171,62.87325738683603
686,0.04999999999999716,-2.0,-0.64,0.7466029191668342,0.05918833783613692,0.32152300708867876,75.20542669626185,75.44618298314232
687,0.0,-2.0,-0.41,1.2884469389329283,0.14460292347514267,0.3999493010809416,68.7745161817431,69.04962995143399
688,0.0,-2.0,-0.42,2.231746306499943,0.14695045475665963,0.555123200431797,63.92617733883131,64.27957040177996
689,0.0,-6.0,-2.75,0.6521791959317895,0.1475578663408032,0.38884310459467414,88.04917207042219,88.39168578342775
690,0.04999999999999716,-2.0,-0.5,1.4107540737855693,0.12211246070388518,0.48732730655458895,66.87553169866845,67.2029914350506
691,-0.9500000000000028,-8.05,-3.99,0.6522120749235016,0.19056997521554933,0.38449998878859504,90.82121485448553,91.17042121873288
692,0.0,-2.0,-0.82,0.7617250863821611,0.1464958573909262,0.37793192025323163,75.12907038659733,75.41414446365006
693,0.0,-9.0,-4.11,0.6555331772637891,0.14510095630106773,0.37701373155738904,91.21052700743262,91.55433909790813
694,1.0,-3.0,-0.97,1.135417785663057,-0.09228957704810599,0.444702846521614,72.33088603049045,72.65083226444182
695,0.0,-7.0,-3.45,0.5938663068988088,0.15016798786020003,0.3777455173866546,90.27666338520787,90.6180214524696
696,0.0,-8.0,-4.3,0.624523628626956,0.15228769490260252,0.3958224337481851,89.55224575027687,89.90666722201993
697,0.0,-3.0,-1.26,0.8429529411166558,0.1467824212539714,0.41588476457205054,77.74009491721137,78.06321775664321
698,0.0,-5.05,-2.56,0.6706933319322231,0.14726621227696782,0.3928253742399474,83.74945492946296,84.0785898361561
699,0.0,-6.0,-2.75,0.7271359474541814,0.13298002066810527,0.3994300807970344,86.19835894771852,86.54290216692202
700,0.0,-3.05,-1.36,0.7961160222309567,0.14707705150966158,0.4058771665286812,77.4255288635204,77.73916824457007
701,1.0,-7.0,-2.96,0.6438450875248544,0.0747563521225436,0.37290475374894355,88.43543773233804,88.76540289245564
702,0.04999999999999716,-5.0,-1.94,0.8374834277978135,0.13647346433935956,0.4129868049156113,80.89086210048598,81.22478737421402
703,-4.0,-13.0,-8.47,0.53892226088861,0.2605544958520205,0.39862784770506565,99.38777819165439,99.78406610403958
704,-3.0,-11.05,-6.69,0.6042190194794457,0.2708864639495038,0.40835439457140105,93.79818469367841,94.18121216850568
705,0.0,-6.0,-2.72,0.6561243262512249,0.14763497279479723,0.3819003857258065,85.63949055345962,85.9664012787322
706,0.0,-6.05,-3.36,0.6788845801088198,0.17480565274165644,0.4118368182516929,86.34442987998193,86.7000186402538
707,0.0,-5.0,-2.2,0.6930430030297774,0.12034358710783383,0.3925488800807737,84.41334598249432,84.74477220816657
708,0.04999999999999716,-2.0,-0.78,0.7898426589429447,0.09784172065737579,0.36295610096700104,74.6558290581995,74.92646105008045
709,0.0,-7.0,-3.12,0.6553498667857065,0.1347755660362872,0.3690757261374104,88.7777146175879,89.10561200949479
710,0.04999999999999716,-5.0,-1.72,0.8366558967589781,0.12581821963826126,0.3962149740602271,80.00148604739483,80.31881987493142
711,0.0,-5.0,-2.11,0.740574458689118,0.13918839323453275,0.40744427905212105,83.44453475241048,83.7849622042728
712,-15.0,-30.0,-22.23,0.5104077320007314,0.32801318125069123,0.41121432022468135,108.70165308912465,109.14866272541511
713,0.0,-4.0,-1.68,0.6634886230162697,0.13174900908502377,0.3723482584287996,82.52943990674396,82.83629608252855
714,0.0,-5.05,-2.19,0.7564632401042102,0.1473429098306517,0.4040071870135831,81.41558825448817,81.74428943835042
715,-2.0,-10.05,-5.55,0.6538205185833539,0.21223617542098855,0.40456416623154795,95.05617754555648,95.44080059062843
716,-12.950000000000003,-29.049999999999997,-20.58,0.5267934083937448,0.3235970588343854,0.41333109711499033,107.13420778766978,107.57707655180468
717,0.0,-4.0,-1.82,0.6320367528088084,0.13991636033072857,0.3649294957620624,83.86303982312809,84.16908713385651
718,0.0,-6.0,-2.59,0.7201314873239419,0.1475917198718743,0.4184068762618711,82.87604526721783,83.22267361268896
719,-1.0,-8.0,-4.38,0.6032399528839643,0.20907025457070472,0.4005745168405024,90.37547900931766,90.73762744904741
720,-1.0,-9.0,-4.47,0.6166569522417897,0.2025489973681754,0.3960441023322453,89.40790012169339,89.76189604760268
721,0.0,-4.0,-1.73,0.7480596095128076,0.1433622869988706,0.39014920164129036,82.38116098966853,82.70297959364966
722,-29.0,-53.05,-41.23,0.4958552988772518,0.3445822999827482,0.4163095400572701,123.07803201292172,123.59039932448246
723,0.0,-6.0,-3.0,0.6465108155041421,0.11878083877121413,0.37244419998800155,87.63679430666508,87.9630484384747
724,1.0,-3.0,-1.0,0.9051663040258688,-0.09047498695030734,0.38595485297893395,77.32771999116348,77.62505287660356
725,-10.0,-22.0,-15.44,0.5261911061324556,0.32251155552559474,0.41685709661654974,105.5812896753328,106.02144330604222
726,0.0,-6.0,-2.89,0.691125180756719,0.14700107993312347,0.3846499051806013,87.56920157007967,87.90607888689107
727,-1.0,-10.0,-4.93,0.6583134565413056,0.20204203883029034,0.410886082811284,91.71814585013247,92.0950123951725
728,0.0,-2.0,-0.41,1.5122870514898197,0.11553690421162913,0.4288721153173329,67.51495885933132,67.80237762152417
729,0.0,-5.05,-2.84,0.670047187158458,0.1512852995073673,0.41084194207205826,85.29990494120374,85.65041882473257
730,0.0,-4.0,-1.7,0.7815723006784864,0.14643873129073814,0.4015681824235893,81.3912612095599,81.71759739546056
731,1.0,-5.0,-1.8,0.7341107511861383,0.06377055735856818,0.38481765607348256,82.368083491355,82.6851200595574
732,-8.950000000000003,-24.05,-15.93,0.5178821859484276,0.27746671353622315,0.3921871568248871,107.4904927032898,107.91214592730088
733,0.0,-3.05,-1.47,0.7892926595934567,0.13786349562313086,0.42189370046770486,79.40783592933069,79.74308622406114
734,0.0,-5.05,-2.18,0.7525656789464932,0.14672507997034048,0.40231669435342016,85.19705056412899,85.53963751876132
735,0.0,-5.0,-2.39,0.6505322550963389,0.14771477267316455,0.3907836429365683,86.65214428080306,86.99089804995529
736,0.0,-7.0,-3.83,0.5799435079750755,0.17217102339516427,0.3832235310271473,91.63778558800013,91.98896364269567
737,-1.0,-9.0,-5.18,0.5489884611270551,0.22378172029758706,0.3882510180108277,94.27141692372754,94.63731265986398
738,0.0,-6.0,-2.67,0.6859280369924752,0.1474179136974283,0.3989051844599388,86.31065319927751,86.65484777742806
739,-5.0,-17.049999999999997,-11.3,0.5781512803992703,0.27129995294916015,0.40573452141540584,102.76212317441927,103.17915526035279
740,0.0,-7.0,-2.84,0.7458747906638818,0.14766251207335238,0.40424629253699207,85.82210886109631,86.16908751041483
741,-7.0,-21.049999999999997,-14.49,0.5224755770603398,0.28024809044508875,0.406981244859209,102.78582841002007,103.2040976232381
742,-7.0,-18.0,-12.4,0.5333115201973799,0.29079306771301827,0.40910053160539467,103.22033789612004,103.64262469404781
743,0.0,-6.0,-3.13,0.6320919960649811,0.14199278721765593,0.3859386222836749,87.9977019884721,88.33732271605952
744,-12.0,-28.0,-19.83,0.5099313668406796,0.3103648881244444,0.4080537838653077,107.39437201891548,107.83263252228537
745,-1.9500000000000028,-10.0,-5.77,0.5545265517346367,0.2057442456968656,0.3850952095569553,94.39347164791481,94.75698633131441
746,0.0,-4.0,-1.59,0.7715736144958246,0.14745166236031357,0.3926477856014941,80.24375053134823,80.55772582081039
747,0.0,0.0,-0.02,0.1488370457625136,0.14679366538177568,0.31689256488547446,49.083314251840065,49.21311311138675
748,0.04999999999999716,-5.0,-1.93,0.7256151567280206,0.11662413597540015,0.37888763954958,83.56514667409476,83.88166817260363
749,-16.0,-35.05,-24.73,0.5269879962897319,0.3265621550493792,0.4164807384077398,109.19874630278677,109.65348412228646
750,-1.0,-7.0,-3.62,0.63460139774588,0.20966700384311843,0.41329021259383575,88.77852184093457,89.14537815548356
751,1.0,-5.0,-2.12,0.796667672570715,0.043811049695753855,0.42046857640889385,79.33853553402386,79.67208472468648
752,-2.0,-12.0,-6.65,0.5976544004853543,0.21373754164731884,0.3980197932730313,95.68768476076858,96.068439520698
753,0.0,-7.0,-2.97,0.6864103255749638,0.13724398049889472,0.39436583890535315,83.9714522893885,84.30249294597044
754,-0.9500000000000028,-7.0,-3.88,0.6619395984772993,0.195366903648241,0.42133836742068387,87.6342523055763,88.0034814226705
755,0.0,-8.0,-4.02,0.6892312464722659,0.15954722325560286,0.4181131072448226,86.18491433581872,86.54517846015337
756,0.0,-6.0,-2.69,0.6815494688748702,0.14785713978379544,0.3953611425588206,85.31279614372075,85.6497126854997
757,-1.0,-8.0,-4.16,0.6792814093494963,0.19508139187581852,0.41122518988274126,88.26139314658327,88.6241802727312
758,0.0,-4.0,-1.12,0.9738378150818954,0.14701272970418258,0.4085351391527331,75.88279225811108,76.19254564945432
759,-5.0,-16.05,-10.79,0.5206293707363671,0.26150057636893803,0.3952388251989411,98.49420657078201,98.88345506242489
760,0.0,-3.0,-0.92,0.9444433329141729,0.1469492113433844,0.4044407152927675,73.97012050363662,74.26791921789113
761,0.0,-5.0,-2.05,0.7216998638366574,0.1429641841721237,0.39357341582246896,80.38717933955994,80.70323908113295
762,0.0,-5.0,-2.08,0.671132909834489,0.13592746241385442,0.3852731060895509,82.81048251750235,83.12948258893424
763,1.0,-4.0,-1.75,0.7495073672679079,0.014757389695462989,0.41907229930123147,78.28228729896716,78.6100410197704
764,0.0,-7.0,-2.87,0.7237672098096668,0.14648499100052917,0.4098059913865964,84.83515061442766,85.18295500792456
765,-6.950000000000003,-20.05,-13.84,0.5218031134560966,0.2686290241157094,0.40441401396459276,101.32669281473189,101.73648961041914
766,0.0,-5.0,-2.3,0.6802295966878623,0.13037547785137077,0.38152659295571145,82.21288584416578,82.52678695128525
767,0.0,-5.05,-2.16,0.8250990266359562,0.14736728915705505,0.4224855562733913,80.31951862061837,80.6589594333347
768,0.0,-2.0,-0.42,1.6789397746998795,0.14700049645084218,0.44605405198575954,64.58566132916566,64.87249110855194
769,0.04999999999999716,-5.0,-2.23,0.7141228483375495,0.14220511303854835,0.3977712598098691,81.30784355644855,81.63125521083312
770,-0.9500000000000028,-9.049999999999999,-5.08,0.5910125376076291,0.19770269654786668,0.3869820644752521,92.44276955579284,92.80076802407173
771,-0.9500000000000028,-7.0,-3.64,0.6334905166244286,0.189490084873368,0.39494856453966976,87.08490150437791,87.42905118202128
772,0.0,-5.0,-2.48,0.5874198319196633,0.14778716429555633,0.39079944440444014,82.33801680048335,82.65950702326103
773,0.0,-6.05,-3.28,0.6794851884375535,0.15724630785705881,0.4018757073547684,86.24393154848089,86.59049422001159
774,-4.950000000000003,-14.05,-8.71,0.5755299179361084,0.2911062543406601,0.41493667880797647,94.19608034141874,94.58687737332554
775,1.0,-4.0,-1.17,0.8114790300328403,0.003917413247167377,0.3516620170479875,77.59683800149226,77.87023198484013
776,0.0,-3.0,-1.13,0.7779182640573465,0.11820702411699469,0.38437024656449237,75.81108085862367,76.1022766041865
777,1.0,-3.0,-0.81,1.0136279476664773,-0.181808139860421,0.40882577506843815,72.43399477311178,72.72991944632676
778,0.0,-4.0,-1.71,0.7010086012637333,0.13247147525819117,0.41227020212712356,80.14543589645584,80.47581395356819
779,0.0,-9.0,-3.85,0.7479787113324088,0.14498381261249427,0.41001095289364065,86.86696764372958,87.22347958482149
780,0.0,-4.05,-1.93,0.6238598506462079,0.14118309795580716,0.356842360552289,82.88655341554995,83.18246556817009
781,-0.9500000000000028,-9.049999999999999,-4.95,0.6245379718660955,0.1765667238526502,0.4012230318497103,89.16448076540595,89.5220132788067
782,1.0,-3.0,-1.26,0.7105407933401423,0.0016998988081568904,0.3594765564206783,78.12971151143066,78.41066450864604
783,0.0,-6.05,-2.91,0.7256893741946893,0.1474202508176686,0.4147412690000185,84.05164857055415,84.40035449448577
784,-11.0,-28.1,-18.46,0.5398706021494071,0.3113366280491937,0.40814821417175295,105.26930487629632,105.69899115738943
785,0.04999999999999716,-5.0,-2.27,0.7008350069719943,0.136518682124248,0.39613880723721,83.73545635440281,84.06685517903733
786,-0.9500000000000028,-9.0,-4.49,0.7255096351141838,0.20831170597262477,0.43241733190702414,86.8276655544781,87.20273160372017
787,0.0,-2.0,-0.79,0.9630117078430279,0.14661589731243013,0.43007958171524957,71.96389680280971,72.27267420636649
788,-1.9500000000000028,-9.049999999999999,-5.5,0.563901666658032,0.22994120046068406,0.3965557398929065,90.57234558079777,90.93155774810164
789,-1.0,-9.0,-4.8,0.6021596742745516,0.18880232606443845,0.39437807276804593,91.05799801075352,91.41727148681686
790,-6.0,-17.049999999999997,-11.53,0.5448419145161764,0.3017355819500823,0.41800841612005935,98.98056909232156,99.39427853373701
791,0.0,-6.05,-2.91,0.7916727420410011,0.1470895189081499,0.4116144203464103,84.23382119443518,84.5806746482083
792,-3.0,-13.049999999999999,-8.36,0.5756885507393379,0.24184956600660085,0.41704585530408755,95.93403868815552,96.33406361139637
793,-3.0,-14.0,-8.33,0.517513325361539,0.22717780505715504,0.3717089163150738,100.0264220285435,100.39846280097638
794,-12.0,-30.0,-20.15,0.5107351326888131,0.2894215582030628,0.39245106665364937,108.71766044873934,109.1443018570459
795,-9.950000000000003,-27.0,-18.1,0.556622008334992,0.28708722977895323,0.4216400071971046,107.00919954022449,107.46037671467963
796,-31.0,-51.05,-41.55,0.4362024058870875,0.32167143790718633,0.38199023674498656,120.52582842481834,120.98623408154353
797,0.0,-4.0,-1.67,0.8199090712083964,0.13750107720342708,0.4171601300478537,80.41522108961152,80.75063113691326
798,0.0,-6.0,-2.43,0.7250380897150903,0.12751447667705193,0.37834774116162717,85.69292457733829,86.01657663027125
799,-15.0,-30.05,-22.03,0.5038104704275609,0.3246323510181722,0.40615527452320405,113.60211284004701,114.06353628606647
800,0.0,-4.0,-1.28,0.9436642275101959,0.1039721094799039,0.44102222940932273,76.85642091924483,77.1952562025841
801,1.0,-3.0,-1.16,0.7468753697873838,-0.02049284555624117,0.3753201848766464,78.52889922400328,78.82404620234061
802,-5.950000000000003,-19.05,-12.34,0.5188388048463773,0.2498958277341507,0.38428120656306625,104.6605449928262,105.06266080473462
803,-1.0,-7.0,-3.53,0.6382618025088491,0.2076401277370138,0.4033620803648553,88.7465510006129,89.10440715386204
804,0.0,-2.0,-0.58,0.9912568370447433,0.14250108017202634,0.39759767850145594,71.01929518971707,71.30207852214072
805,-32.95,-60.0,-44.87,0.4962617813370229,0.34578530450923306,0.4124667838876819,120.85286530628404,121.35137512392168
806,-1.0,-6.0,-3.1,0.626029090255166,0.2081827260427377,0.398630843225634,86.60766546043537,86.95311503243902
807,0.0,-7.0,-3.2,0.7715563145155991,0.1468111386345926,0.42055937240874597,86.40861938730886,86.77195911913779
808,-4.0,-17.0,-10.18,0.5312887837893119,0.24189542111393772,0.38709529318790553,99.63037765973186,100.0160305344667
809,-1.0,-8.0,-4.21,0.6846740394456836,0.21034743711593523,0.4177639800520387,87.05199193117765,87.41572889448317
810,-10.0,-25.049999999999997,-16.73,0.5322005107104597,0.3049170154849857,0.40346582259687835,105.44856751711234,105.8740405129169
811,-1.0,-9.049999999999999,-4.88,0.6193427097894944,0.1982536170880522,0.40473210344299415,91.23765451101438,91.60685511056163
812,0.0,-4.0,-2.03,0.6589119686251486,0.1469294864237395,0.3967546101923012,83.87487341353473,84.20779123158532
813,-2.0,-12.0,-6.57,0.6287489701032415,0.23558356595640925,0.41231629634447875,93.95746917409366,94.34489346138827
814,1.0,-4.05,-1.9,0.6254475573029868,0.04215037637994292,0.341422600491822,85.72065600329356,86.01328514528761
815,1.0,-3.05,-1.11,0.724540390811795,-0.012028289161045409,0.3328085910082546,81.21941151829571,81.48987641708749
816,-8.0,-19.0,-12.05,0.5532347058408758,0.320604459423742,0.408792773324192,102.59519179184446,103.01453928688392
817,1.0,-2.0,-0.53,1.0354160974831894,-0.256989373120305,0.37975981629592065,72.90518497055808,73.18159966605319
818,0.0,-9.049999999999999,-4.68,0.6964506143708605,0.16502136712465493,0.41882236844846704,90.79685339054842,91.17712282172607
819,0.0,-3.0,-0.88,0.8572718932733233,0.08696573838653708,0.3808826276278261,76.39851534280159,76.68998338126325
820,-1.9500000000000028,-11.0,-6.16,0.6108228410101915,0.22726277443951284,0.40656573122547635,92.61483728516767,92.99126130265721
821,-1.0,-9.0,-4.67,0.6841996669713688,0.18548412388983992,0.4076765185647929,94.27480622557383,94.65903277841745
822,1.0,-2.05,-0.77,1.0269704091144283,-0.09344732500052401,0.40061544270499516,76.5774073343683,76.8844696201119
823,-0.9500000000000028,-7.05,-3.66,0.6673436516417384,0.19943717443647932,0.40815804242577625,86.17304916016174,86.52466393408375
824,-2.950000000000003,-12.05,-6.53,0.610302519833681,0.24604263992085385,0.4004468196272741,99.80948858319879,100.20918379158546
825,-1.0,-9.049999999999999,-4.46,0.649319998542458,0.19981027008210775,0.40062215433269155,89.35445268633254,89.71250265606548
826,0.0,-2.0,-0.32,1.758327890538695,0.14679874790974606,0.44862929223237935,67.80444704640952,68.1080481905339
827,-8.950000000000003,-24.0,-16.11,0.5286347936058718,0.2931544989793757,0.40867377507787495,105.82003045981025,106.25242170218827
828,0.0,-3.0,-1.44,0.6813863538143328,0.12663343984074424,0.39585865275111265,81.78661790178582,82.11069941108171
829,-1.0,-8.0,-4.66,0.6350701114186057,0.21653740925299167,0.4321306650497466,87.42600703928747,87.80371820331357
830,0.0,-7.0,-3.75,0.5974968416868612,0.15907952302490422,0.39172053399504475,91.3248048260165,91.68278978007999
831,0.0,-8.0,-4.46,0.5994779544022903,0.15126887570133915,0.39193353365183276,92.63550551285003,92.99863569315076
832,-8.950000000000003,-24.0,-15.2,0.5545046289783897,0.2952307081761929,0.4069006589017296,105.29591619586132,105.72442645053738
833,1.0,-6.05,-2.68,0.764403891707524,0.05594431625570771,0.4012091101622973,84.51565249649775,84.85409155627649
834,-6.0,-20.0,-13.16,0.5033089280276294,0.26064072344055644,0.38879581007964226,105.26406583070452,105.67340773236687
835,0.0,-4.0,-1.65,0.7494892381079933,0.13656679033834865,0.3903213266291934,81.61998209123065,81.93840322517839
836,0.0,-5.0,-1.99,0.7068747944000048,0.12327471976452616,0.372873540109391,83.28087687875396,83.59135364773965
837,0.0,-5.0,-2.12,0.7851205112233687,0.1466808565065591,0.40980774249882457,84.08788406530134,84.43193538653388
838,-7.0,-24.1,-15.53,0.5581607711098091,0.27554108229119356,0.4183369565786476,108.00927475908264,108.46104207821763
839,0.04999999999999716,-4.0,-1.19,0.7905664634031135,0.07227433722933259,0.3439571757613229,79.5348656322684,79.80785220066295
840,0.0,-3.0,-1.14,1.1024713281968836,0.14699518195228037,0.4819467455348061,74.25052273766704,74.60873744723771
841,0.0,-8.0,-4.18,0.6122415018897259,0.17166015892962558,0.40015402240645626,92.57454760610446,92.94500032728422
842,-1.9500000000000028,-9.0,-5.09,0.6098075651187981,0.24615363868321638,0.4003902678119981,94.75421538103124,95.13359428313932
843,-2.0,-10.0,-5.66,0.6033886744308473,0.23636411016746858,0.40075625680905075,96.91638927259038,97.30486596728629
844,-2.0,-11.0,-6.15,0.5932829839912647,0.22928970549511374,0.4006402752077105,98.6612924429698,99.05649820601445
845,0.0,-6.0,-2.63,0.7271183789313264,0.14780311262666773,0.40252519142531457,89.10654101861591,89.46532556734809
846,0.0,-4.0,-1.04,1.1092996786272153,0.14698055369538465,0.40241409349779994,80.2092249379578,80.53139743794209
847,-1.0,-9.099999999999998,-5.14,0.5987754431304437,0.19015357541539935,0.38418146927914776,96.3176474455905,96.68777012693235
848,-7.0,-21.0,-13.96,0.529222331856124,0.27618416197368406,0.3948054405278221,106.10336131597407,106.52226562283236
849,-7.0,-21.099999999999998,-14.73,0.4995813889695153,0.2730265271960778,0.3853782701176391,109.30628892751392,109.72750461315823
850,0.0,-4.0,-1.82,0.8230729530550337,0.12083509442281373,0.42213033816531004,83.84042357514885,84.1948572734424
851,0.0,-3.0,-0.75,1.099471773269554,0.14097406598289977,0.4143110686031111,74.86384305393155,75.17331283125726
852,-1.0,-9.0,-4.71,0.6074147046459057,0.19014718657361632,0.38943157699510955,95.476136248349,95.84797502880461
853,0.0,-2.0,-0.57,1.349238696187718,0.14676708471505126,0.4356550283498293,72.3691580870786,72.68512835250773
854,-2.0,-11.05,-5.86,0.5862211114400245,0.21392903008420663,0.376185769123612,104.48180157716627,104.87474866876971
855,0.0,-4.05,-1.88,0.7377156448954523,0.14244937056644627,0.3996782275515297,86.42871818751638,86.77344653088312
856,-3.0,-12.0,-6.67,0.6158986338996162,0.24770455997393265,0.3976081289136483,101.40111628845204,101.80443382961306
857,1.0,-2.0,-0.46,0.9729992839609323,-0.2896475929191007,0.32201741362701386,76.41617271055233,76.66129023786762
858,1.0,-6.0,-2.24,0.747894728065484,0.03195202339833164,0.39345892980175995,92.04366393496198,92.40574810876603
859,0.0,-6.0,-2.58,0.7255685845380355,0.1468889631054658,0.41130293393521106,88.51502295751418,88.87951154302668
860,0.0,-1.0,-0.21,2.1113544957846373,0.1467844351388148,0.5367157324020536,63.27819915853843,63.62714114253787
861,0.0,-2.0,-0.35,1.7366170750709808,0.14679874790975606,0.4585024885714963,67.95577207288392,68.26573137390949
862,0.04999999999999716,-2.0,-0.56,1.0265459524480467,0.05709834002886374,0.3608478926836678,74.38968204680472,74.65812631050603
863,-8.0,-25.049999999999997,-17.32,0.5098710302019416,0.2717849440251821,0.3915765469977223,109.67915793627921,110.10866153613858
864,0.0,-5.0,-2.33,0.693945780915454,0.13675803007086193,0.42005204890478237,84.69606971018906,85.05139869054933
865,0.0,-6.0,-1.79,0.7987790226054962,0.1301682604369483,0.3791333729180936,83.63427478745272,83.95098208822841
866,1.0,-2.0,-0.76,0.7891451211745225,-0.14827164489334158,0.364614100900111,75.90500527589364,76.18066480253513
867,-4.0,-14.05,-8.66,0.555950977440015,0.25502803132004287,0.3961829230901548,100.07638521457164,100.47274000614833
868,0.0,-6.0,-2.6,0.7035822268047429,0.14530265027990483,0.3784633076957029,88.000234655823,88.33318187548569
869,0.0,-1.0,-0.25,1.1294837872466867,0.14697813996359926,0.36565664404756393,66.35144492096867,66.59252825337802
870,0.04999999999999716,-2.0,-0.56,1.0171234859198772,0.12465910607438371,0.4001418250522482,72.9150434855342,73.2063393629771
871,1.0,-2.0,-0.44,1.039793281882741,-0.28189123319808906,0.3516185454827561,72.82560994558897,73.08199549448973
872,0.0,-1.0,-0.18,1.9662914030463767,0.14698127977079048,0.3991287594096719,64.20239862798284,64.46048076185565
873,-3.0,-11.05,-6.58,0.5687011002380427,0.24648753190718276,0.39199304556115727,98.26089373072622,98.6461814725299
874,0.0,-5.0,-2.26,0.681607610853461,0.13377633046703644,0.3863710104447786,87.20357203979212,87.54047299427636
875,0.0,-3.0,-0.96,0.9222946385446814,0.14699518195225025,0.40294585548491857,76.45325671686629,76.76208229398534
876,0.04999999999999716,-3.0,-1.22,0.7691973619365625,0.09833750155109443,0.3731404506215877,79.56497486866843,79.86148903474282
877,0.04999999999999716,-5.0,-1.51,0.8133149528328594,0.06280775760233108,0.36727524141276624,82.74872143807227,83.05245204191696
878,0.0,-5.0,-2.5,0.6162313183575674,0.1468808458729867,0.37577337202286665,87.40110618413144,87.72977558398148
879,0.0,-1.0,-0.17,1.9755284863336882,0.1467844351388259,0.3633889978565694,62.97355865949629,63.198318671214736
880,1.0,-5.0,-1.55,0.883500088372272,-0.007474264220806893,0.37345959225324293,82.83268488286049,83.14195292340314
881,1.0,-3.0,-1.19,0.9352050907475982,-0.09250345835840162,0.43727755590413997,78.12196469840264,78.46336537845903
882,0.04999999999999716,-3.0,-0.6,1.311790517276825,-0.014798143728517472,0.40758727338368644,73.95960252989465,74.26105973879298
883,-5.0,-16.05,-10.64,0.5192971857283223,0.25612483175944456,0.3834406978813641,105.40496980245312,105.80923262694769
884,0.04999999999999716,-5.1,-1.99,0.7835271829551848,0.144348625378739,0.3925625418086295,85.09444220805295,85.4281216653476
885,1.0,-1.0499999999999998,-0.26,1.2329122183714205,-0.4784224484986941,0.33136949148181266,67.86957040097337,68.09478671561395
886,0.0,-7.0,-2.92,0.7170827350744156,0.13789678295257296,0.386849076825188,89.71042414722531,90.05748864133173
887,0.04999999999999716,-5.0,-2.31,0.6985545554109104,0.096710056717904,0.38480688977539484,90.50036279419693,90.84881110481845
888,-4.0,-15.0,-8.97,0.5364397462053567,0.2631431700226067,0.3861748282298126,103.92924031059103,104.33054123893643
889,1.0,-3.0,-1.1,0.9428798772610227,-0.09504295425314205,0.42842593194198025,79.84311344395621,80.18525741915488
890,0.0,-5.0,-2.17,0.7105944552062764,0.14711449162883128,0.38291917563077915,90.88617191803628,91.23429891301993
891,-5.0,-16.05,-10.3,0.5173284199958468,0.2490058767731831,0.3791224974904738,121.71624405879356,122.1776138477106
892,-1.0,-8.0,-4.4,0.5614981022415154,0.18543269976048796,0.37619518885738384,112.83305643733782,113.25744122923426
893,-1.0,-7.0,-3.54,0.6775536780919552,0.21031059808954033,0.41130891788044077,90.66875085264257,91.04179237037236
894,0.0,-5.05,-2.24,0.6785644326089338,0.1380867424125378,0.3760870461195136,86.24803476337821,86.57253927261868
895,0.0,-3.05,-1.35,0.825975862141892,0.14738823706297105,0.38858874452184344,79.79625694964763,80.10631684705587
896,0.0,-8.0,-3.57,0.6987944489508039,0.15202007863207426,0.41391808754022674,88.86433116422994,89.23197607410476
897,0.0,-2.0,-0.61,1.349299704330346,0.06187049792699058,0.43235266176196424,72.13863716397145,72.45222137564583
898,0.0,-2.0,-0.54,1.3865584693867354,0.14695314087598108,0.47206626723004175,70.14418629087298,70.47650965837583
899,0.0,0.0,-0.01,0.14878588037712406,0.1469820962619351,0.24576137490496947,47.56073654729858,47.58504532328192
900,1.0,-2.0,-0.69,0.9199175674798484,-0.18131327378078083,0.3825888009136397,74.32559392409892,74.61000436817493
901,0.0,-5.0,-1.78,0.8229455197981639,0.14604229374962457,0.41504101559308026,81.959285626532,82.29983048050424
902,-1.0,-10.0,-5.14,0.6289187867872992,0.20060271863469886,0.3818043693016222,94.37406161715326,94.73429556804534
903,-7.950000000000003,-20.0,-13.84,0.5286062442270296,0.2896420860778065,0.4035673991278331,105.5127795791069,105.9385250121449
904,1.0,-4.05,-1.34,0.8731762225552187,-0.03714257032852753,0.3846791423464497,79.47288973933455,79.77840240395126
905,0.0,-2.0,-0.36,1.5916810379768729,0.1467769141341172,0.42745835229185436,65.91103698917364,66.19354359456344
906,-1.0,-10.0,-5.62,0.5540542950936442,0.19513481117703083,0.382887013559811,95.77741534714494,96.14406761692739
907,0.04999999999999716,-6.0,-2.85,0.6766683053646741,0.14332737121963682,0.3871572606248776,87.45792052327896,87.796903176398
908,0.0,-7.0,-2.98,0.6644008509895395,0.1491297847131962,0.391957267427251,87.41012878809681,87.7525351304168
909,0.04999999999999716,-5.0,-1.63,0.8661571811468659,0.08568567959536273,0.3983017703941528,80.91177871007086,81.2340560411711
910,0.0,-2.0,-0.58,1.2180965654887561,0.14702283692641377,0.44387019363212843,70.26230930894495,70.5747124886803
911,0.0,-3.0,-0.7,1.0799697445355696,0.1466158973124443,0.39673426881196955,73.34444545107104,73.63504394012638
912,0.0,-1.0,-0.33,0.9035588425107197,0.12299286045041231,0.34649617744001326,68.5565645671986,68.79328341507303
913,0.0,-4.0,-1.26,0.8423137027793808,0.14046935476031525,0.3773868782236882,78.87576075947896,79.1733152621151
914,1.0,-3.0,-1.03,0.7759732730606209,-0.00994447226699718,0.3355962110346758,77.57425306405754,77.8346174280518
915,0.0,-2.0,-0.32,1.546157909314818,0.1422212269285252,0.4206636680000225,65.9297837449706,66.20734688795875
916,0.0,-1.0,-0.12,1.5237867478159892,0.14678443513881978,0.3270155216621251,61.96708320509352,62.17323675860141
917,-6.950000000000003,-19.05,-12.35,0.5015257593699942,0.27485419595486993,0.3864655192517457,103.6772277206445,104.07786209970882
918,0.04999999999999716,-4.0,-1.16,1.1076385633764205,0.13525791484040642,0.43838137189654425,75.62765067605645,75.95974253890314
919,0.04999999999999716,-3.0,-1.22,0.8450277991930333,0.13393778891205946,0.40183306736775387,77.62866084708756,77.94128342340586
920,-6.950000000000003,-22.0,-13.54,0.5591487636673158,0.2630619032522919,0.40280699041465196,102.57646153851205,102.98951408586716
921,0.0,-4.0,-1.74,0.7814552892345621,0.10521821874025197,0.43099324571989855,81.26742100463267,81.61726153083866
922,0.0,-1.0,-0.17,1.4776177917970539,0.14678443513881909,0.3302292820781012,62.816707466270536,63.02135694004638
923,0.0,-0.04999999999999982,-0.04,0.38355894960102466,0.14679874790975347,0.3754290550277025,53.58358492516289,53.782521681022814
924,0.0,-1.0499999999999998,-0.31,1.0833494363453104,0.14679070956721482,0.3640424026869911,66.82478638436113,67.06970646672623
925,-1.0,-10.0,-5.22,0.659606530981998,0.21081890975349057,0.42251684522702504,90.92375655796415,91.30796046272172
926,1.0,-4.0,-1.44,0.763210771406951,0.006085280381472338,0.36273095562396845,79.50027204106892,79.7881740017782
927,1.0,-2.05,-0.69,0.8836746914749655,-0.13538307741021804,0.35299644599851193,74.09092302989973,74.35182589029027
928,1.0,-6.0,-2.9,0.6079406061953637,0.10935784946561664,0.3628970810909486,87.85833484305185,88.17713801561855
929,-1.0,-12.0,-6.11,0.618798723228639,0.20015216697614738,0.3974206684153721,94.52542830399058,94.90126899213486
930,0.0,-3.0,-0.84,1.0131572744635804,0.146009573009299,0.4267759372705449,72.29931242926646,72.6085268534532
931,0.0,-7.0,-2.89,0.7850337539568705,0.13557437703337422,0.40583465098620863,84.9393468516926,85.28440207337542
932,0.0,-2.0,-0.4,1.1415739618006264,0.1467587964018108,0.38378280987070673,66.95315748933916,67.21186888347736
933,1.0,-4.0,-1.43,0.7941778213041621,0.006198666506820696,0.36531150248350697,78.94477274853405,79.23343165615705
934,0.04999999999999716,-2.0,-0.49,1.2792739603110896,0.018972222981342372,0.4092013328213466,68.5976120873586,68.87801104613602
935,0.0,-4.0,-1.61,0.9166873201938692,0.12857657711983791,0.4245412932352287,78.5589174176738,78.89313022397934
936,0.0,-5.0,-1.96,0.7275268755495777,0.14603463840727735,0.402871657900639,81.66776357850111,81.99655605901047
937,0.0,-4.0,-1.57,0.842889855351419,0.12664352921354646,0.4303716363645077,78.93218349471495,79.2712260645213
938,-43.95,-77.0,-59.66,0.46489429711193014,0.32909337680022055,0.39434540476462693,127.48475353869485,127.98745365749072
939,0.0,-2.0,-0.6,1.0803896543257914,0.07129170634473196,0.4159810112727952,71.2206977970032,71.51714734307573
940,1.0,-3.0,-0.93,0.8969588057503249,-0.07514340957696315,0.3842183660075627,76.90799013992155,77.20354244071474
941,-31.900000000000006,-57.2,-44.14,0.4786307099405645,0.3191849828835873,0.39107446746064595,122.73937786656626,123.21939894578432
942,0.0,-6.0,-2.69,0.6785158489676011,0.14753243118074177,0.3979798385490449,84.62832091387327,84.96487453628706
943,0.0,-5.0,-1.95,0.7645806747839726,0.14728913411566605,0.40774807666555757,81.04371367998446,81.37424660992268
944,0.0,-5.0,-2.43,0.6719863011654079,0.14543020112474572,0.391550156826294,84.61551790336254,84.94665192613215
945,0.04999999999999716,-6.0,-2.57,0.659772718571094,0.12514418568592844,0.3642697829181025,85.7481203442694,86.06058910427288
946,0.04999999999999716,-2.0,-0.44,1.3940210558087702,0.1233544143962905,0.4144524375918957,67.16890107969988,67.44861608984603
947,0.0,-3.0,-1.22,0.8400004724582416,0.11096913030296407,0.3871739536282039,77.40021886987877,77.69993649372813
948,0.0,-3.05,-1.24,0.6998173961537554,0.1469902677943052,0.357569014027617,78.85502115388448,79.13713461438951
949,0.0,-1.0,-0.32,0.9743179053968429,0.14564711640839778,0.35080694804636003,67.38299557045954,67.61874947171998
950,0.0,-2.0,-0.55,1.0664438541492829,0.1466158973124442,0.42149200758103716,70.91223079390356,71.21088689368143
951,-0.9500000000000028,-7.05,-3.99,0.6019262478297791,0.18506817526523867,0.387475182441271,92.6783026348388,93.0374965865205
952,0.0,-3.0,-0.86,0.9769295015589805,0.12650362420155323,0.38743625509502555,76.6652262636985,76.96293852651428
953,1.0,-4.0,-1.49,0.7090893975322846,0.04017222904410368,0.3496349663280561,82.91444592871865,83.20439754250374
954,0.0,-4.0,-1.65,0.7598707614008413,0.14623287908538607,0.40646410673865746,81.14317899317003,81.47348867751411
955,0.0,-3.05,-1.18,0.7728159337851466,0.10555481070660885,0.36151794511434565,79.8101875924008,80.09863200649119
956,0.0,-2.05,-0.72,0.9031179096399201,0.14512143130111405,0.376833855755562,75.29997550496199,75.58416015623692
957,1.0,-1.0499999999999998,-0.37,0.7399317214403196,-0.23256017808798993,0.3067689907026907,71.66592248557482,71.88576746059219
958,1.0,-3.0,-0.93,0.7918644737499894,-0.07808379727000833,0.35375172213547074,77.18506571988142,77.45806008412292
959,0.0,-3.0,-0.84,1.1788710085092309,0.13071635686441296,0.4386048187077092,73.00423831971409,73.32325812043335
960,0.0,-3.05,-0.94,0.8970878008517087,0.11837289418320958,0.36863280116483876,78.15696637478433,78.44550329001656
961,0.0,-4.0,-1.62,0.8105180579793021,0.1374256441866516,0.4118516444652677,80.79444723980195,81.12699150048657
962,0.04999999999999716,-3.0,-0.94,0.8447674499530262,0.08171484741974219,0.390567762482487,76.01680057135914,76.31321769764413
963,0.0,-1.0,-0.14,1.3238119259566492,0.14661589731244135,0.2929757208286578,64.36313869653436,64.55396354086251
964,0.0,-6.0,-3.45,0.5996768238277357,0.18519140401463116,0.4088001697072706,88.8036218341934,89.16673881808667
965,0.0,-2.0,-0.61,1.0961854759505822,0.1010944177164887,0.40281272183621597,73.11359054465476,73.40973136158996
966,-2.950000000000003,-14.0,-8.43,0.5470882582999032,0.22605470366229657,0.3887929764663328,101.0850905168262,101.478076774198
967,0.0,-4.0,-1.95,0.8362525181339361,0.14796405899006393,0.4441828125974043,81.08133287335886,81.44148917370299
968,1.0,-4.0,-1.3,0.8783297671523557,-0.017014877402699528,0.4091036317989646,77.72716552399467,78.04472820305732
969,-10.950000000000003,-26.099999999999998,-18.8,0.508964394614054,0.28405575553069573,0.40040868145422304,108.47138078474946,108.90564150833124
970,0.04999999999999716,-3.0,-1.28,0.7611305240590136,0.14004416504326617,0.38511535030117533,77.99596868453663,78.2964352577373
971,0.0,-2.0,-0.62,1.2187453346515404,0.14694972868123635,0.45434262428817257,70.02479256360483,70.34342092084542
972,0.0,-2.0,-0.67,1.0136801809647522,0.1451991860738295,0.42720725547995697,70.10846763342317,70.40754345255037
973,1.0,-3.0,-0.88,1.0045925116901961,-0.14346735837282504,0.4371826539279422,72.98133180837922,73.29941316806406
974,1.0,-4.05,-1.56,0.9028245342095225,-0.014836799913926703,0.39318516934509007,80.66364997744856,80.98015038851827
975,-35.95,-59.0,-47.25,0.46155684513060097,0.331981004976702,0.3976281012248778,121.69497831797108,122.1788737611973
976,0.0,-6.0,-2.79,0.6356387072205671,0.13554906751062507,0.3839977516026149,85.10367965638397,85.43009626231913
977,0.0,-2.0,-0.62,1.0609421601323714,0.11788478919555535,0.40114072233965253,69.66903535588622,69.94913595209623
978,0.0,-1.0,-0.19,2.11698317289843,0.146784435138813,0.40663700328194624,60.972669226063736,61.213377529634606
979,0.0,-3.0,-0.76,1.133428542312762,0.1467844351388071,0.40976975438670893,71.81028565037268,72.10399627822622
980,0.04999999999999716,-2.05,-0.83,0.798846275328515,0.03771939067136341,0.3754695984263335,73.65704710236975,73.93327222736043
981,-4.0,-15.0,-9.35,0.539654613660419,0.2658518454014504,0.40291894598883404,99.39378064888064,99.79430998406704
982,0.0,-7.05,-3.37,0.6887156345337144,0.15437630197053132,0.4036649648395704,87.16112346552956,87.51322103869636
983,-0.9500000000000028,-9.049999999999999,-4.99,0.5889431364742029,0.18668056052540566,0.3792365514160586,90.90215510888213,91.2467579891361
984,0.0,-4.0,-1.38,0.9381840674091145,0.14717353385586984,0.43740133674795545,76.04573529528815,76.37850314370587
985,0.0,-1.0,-0.07,2.1219844073366234,0.14679874790975658,0.35410524258464116,57.058793942634814,57.26208126614775
986,0.04999999999999716,-4.05,-1.7,0.9371512402712937,0.10531270131607572,0.44294117335888766,78.62890837916379,78.97790655683292
987,0.0,-4.0,-1.55,0.8031896923728107,0.14626079288644372,0.3997344008565368,78.3995904141571,78.71274166573603
988,0.0,-2.0,-0.49,1.0862387160249563,0.12210131416569892,0.4086697767109024,67.44909841909522,67.72476950161855
989,0.0,-2.0,-0.79,1.0899681980192986,0.14677691413412586,0.46197499671302966,70.54080153247374,70.86461874024064
990,-1.0,-8.05,-4.84,0.6562301490761526,0.2101651319810461,0.41767726996825316,90.41118201031806,90.78898155383727
991,1.0,-1.0499999999999998,-0.27,1.3433317426111746,-0.6483718204208239,0.36784937233071263,66.76393619746989,67.00790085200711
992,1.0,-3.0,-1.18,0.8663448344847889,-0.02535410286872848,0.3965068965523825,78.98101415371592,79.29470100820221
993,-11.0,-27.05,-18.45,0.4923337685694718,0.28267760117126756,0.3814221036301378,111.18100207090531,111.60506823881705
994,0.0,-2.0,-0.43,1.782768638339646,0.14695045475666035,0.4865640116774059,67.37574964491674,67.70210002059858
995,0.0,-2.0,-0.47,1.2142272739073763,0.1469951819522585,0.4184587822161916,69.0714490227254,69.35950261829592
996,0.04999999999999716,-1.0499999999999998,-0.29,1.014766700705351,0.11006309362279128,0.3375252076785674,67.98160581035035,68.20970563264676
997,-4.0,-14.0,-8.69,0.5496177834108904,0.2565232998472341,0.4047244238755177,101.3135754645454,101.72346179593153
998,0.0,0.0,0.0,0.14882013853601161,0.1468312594107623,0.14779186980251438,39.624406218095004,39.682960597147975
999,-1.9500000000000028,-12.0,-6.65,0.5876966776636019,0.21593578727304658,0.3922013683985534,97.74670456452505,98.13004716866192
1000,0.04999999999999716,-5.05,-2.2,0.7719903007110904,0.1122513317262203,0.3935516272530704,84.2117666054849,84.54327195068424
1001,0.0,-3.0,-0.92,0.9898206570624926,0.12130435158451433,0.39440273416508653,76.331874552365,76.63282196561731
1002,1.0,-3.0,-1.25,0.7572693796137153,-0.020317521026848275,0.38588483675353497,79.76792670375447,80.07608081199095
1003,0.04999999999999716,-4.0,-1.59,0.7334688532852279,0.09729207505367035,0.38620811712336556,81.69371144329222,82.00849694090238
1004,-6.900000000000006,-18.0,-11.96,0.5251221002547641,0.28317962973059047,0.3965969191611998,102.1347993601039,102.53986339154271
1005,0.0,-6.0,-2.79,0.6802685115764788,0.14347842210704775,0.4058996772081528,86.03233260981646,86.38167452610513
1006,1.0,-3.0,-0.89,0.9855362173508724,-0.10939680387980533,0.4167711829631683,74.09820639699275,74.40645786640323
1007,1.0,-3.0,-0.82,0.8059084161537493,-0.07509490663960157,0.3329047310141612,77.47168852892489,77.73041929739799
1008,-0.9500000000000028,-8.05,-4.44,0.6671212379364027,0.18847232792462973,0.40828420664358606,90.60090217770613,90.97056652284529
1009,0.0,-2.0,-0.64,1.4428690149194747,0.13796276603403138,0.49641856679855395,69.0761098755919,69.41939777436471
1010,-3.0,-12.0,-7.73,0.5759761328133437,0.2513673447022993,0.4180889122729441,96.74978394703474,97.15414331399629
1011,0.0,-1.0499999999999998,-0.31,0.9935737162810551,0.14652901876051166,0.32418345383081837,68.35353774700114,68.57410019115424
1012,0.0,-2.0,-0.33,1.504478986907572,0.14679070956720588,0.4139180301011008,66.16574046797123,66.4408192423757
1013,0.0,-1.0499999999999998,-0.35,1.0768119995278254,0.14675879640180292,0.3599703188378357,68.40948152682435,68.65640882686343
1014,-0.9500000000000028,-8.0,-4.23,0.6084378829189533,0.1773783244848453,0.39603796652619894,91.68545761915507,92.04860665331702
1015,0.0,-2.0,-0.58,1.0851655891892373,0.14700139339760404,0.4143184899302804,71.95000269814622,72.24874512745195
1016,0.0,-2.0,-0.43,1.3832656760461088,0.14678443513882078,0.4223613430184889,69.87161775686127,70.16732758006746
1017,0.0,0.0,-0.04,0.148902928117177,0.14694250840027862,0.38984744728722787,55.44711537568654,55.66507894530865
1018,0.0,-2.0,-0.58,1.2693727341034842,0.14676708471503866,0.45544462501228977,71.47286083826249,71.79780278297554
1019,0.0,-3.0,-0.73,0.9682765639524498,0.0593635576002363,0.3634572119560988,76.97012188756851,77.24894464370776
1020,0.0,-1.0,-0.1,2.650850449208342,0.14695045475667126,0.4052428494905132,60.92405096536734,61.16631260282704
1021,0.0,-1.0,-0.1,2.5163611304850306,0.14676708471504013,0.36298501718702497,61.11038046813914,61.32583622945923
1022,0.0,-2.0,-0.6,1.466338587909978,0.1435861764422736,0.4561113405135285,72.16468498873809,72.49736123754037
1023,0.04999999999999716,-3.0,-0.8,1.0029510304606617,0.0979902618630514,0.3886687264048268,76.66332384119352,76.9612343472477
1024,0.0,-1.0,-0.29,1.252782147808745,0.14695045475665697,0.3893569445393076,66.76556678458374,67.02298648742749
1025,0.0,-1.0,-0.13,6.100090872402368,0.14695045475666263,1.0068010907623344,55.09409668846858,55.659996965708444
1026,0.0,-1.0,-0.2,1.6200024131055377,0.14694921134338382,0.3798175018132179,64.80404498354481,65.04683286737496
1027,1.0,-2.05,-0.73,1.09382438448355,-0.14250479379675593,0.41567332651582545,75.36521235708439,75.67809194068654
1028,0.04999999999999716,-2.0,-0.74,1.0215394835434397,0.13174567936227854,0.4277024989907141,74.87803626757078,75.19823466724799
1029,0.04999999999999716,-2.0,-0.53,1.0584921630195543,0.05261461123386726,0.3988805770964372,72.97974886996307,73.26972340780216
1030,1.0,-2.0,-0.65,0.9693115510007588,-0.1677365219940891,0.3802863708549905,75.32384464815583,75.60993583553498
1031,0.0,-1.0,-0.16,2.0483166840112936,0.1469497286812373,0.40828285503103295,63.55578916331585,63.81322009068865
1032,0.04999999999999716,-4.05,-1.7,0.724805520123136,0.11998074704902696,0.36511982292691253,89.51407057024791,89.84022173781665
1033,0.0,-2.0,-0.39,1.0139949941373139,0.1355047036507942,0.3486235469549783,76.37528615436962,76.6397343956003
1034,0.0,-3.0,-0.79,0.9988311297238692,0.1453666171260164,0.4078128473376273,78.42879909023077,78.74981695119192
1035,-4.950000000000003,-19.0,-11.58,0.5404935187365693,0.25255240252542605,0.3922636639149301,109.5109063687761,109.94030141219869
1036,-15.0,-36.05,-23.93,0.5362983930541154,0.30699434366754874,0.40391656417831145,127.27163183568295,127.78562126672686
1037,-3.950000000000003,-17.0,-10.19,0.5456607647217749,0.23741684999212448,0.39044682617023535,105.55409793524338,105.96596326796103
1038,-8.0,-22.0,-15.08,0.5078265100776882,0.28199796902865254,0.3978273817993173,107.0653612390062,107.49128207912608
1039,-17.0,-35.0,-26.08,0.48845571853256675,0.31380077368838777,0.4003196191583895,116.17478291243731,116.63983198149631
1040,0.04999999999999716,-1.0,-0.19,2.0386957572457605,0.07742659939305575,0.4088620983469165,63.81049010473722,64.06585404604874
1041,-9.0,-25.0,-16.29,0.5316987217492959,0.2877148295820108,0.40328320075627216,109.4568553562825,109.89819189500068
1042,0.0,-1.0,-0.14,2.165413787686356,0.1469504547566684,0.4055739052623773,59.86049803521675,60.099175572772694
1043,0.04999999999999716,-3.0,-0.93,0.9840060596424669,0.10772957332165882,0.4102267369772743,75.14350274555086,75.4521899747415
1044,0.0,-1.0499999999999998,-0.4,1.3191962038394824,0.14694972868122985,0.4376858756024987,66.73326215270939,67.02515675405351
1045,0.0,-3.0,-0.68,1.120282643709533,0.1466158973124619,0.42258427943732085,71.80092780181423,72.10414252783593
1046,0.0,-4.0,-1.4,0.7571913413684667,0.14694972868124817,0.37974309515221366,78.69463875842952,78.99350977281604
1047,1.0,-2.05,-0.85,0.8670173043207261,-0.15464375919257123,0.3913389945007394,74.69486516727761,74.98723060347774
1048,1.0,-3.0,-1.03,1.0235566947924277,-0.0741885075367463,0.4429199839484535,73.6745208935996,74.00141207946618
1049,0.0,-5.0,-2.02,0.7977297140772307,0.14507145774429892,0.4060018074904636,81.09421111503079,81.42347872288363
1050,-2.0,-11.0,-6.34,0.6062781238190391,0.22189950781306358,0.4039152615869447,93.23064687941482,93.6070443431497
1051,0.04999999999999716,-3.0,-0.99,1.003638806400657,0.08139217923209352,0.43959366392238186,73.54145424612925,73.86433013321118
1052,0.0,0.0,-0.04,0.14935942025766696,0.14696878998176527,0.5074901897252606,47.26001385994009,47.4740154000647
1053,-19.0,-39.099999999999994,-29.73,0.4921678610125954,0.31607268016965673,0.4064373762176205,111.94698653582724,112.40197095956053
1054,0.0,-1.0,-0.3,0.8851239014370438,0.14678443513882636,0.34032428951049964,65.76945503804427,65.99451139483723
1055,0.0,-1.0,-0.18,2.055946536134398,0.14676708471503605,0.41944027879365164,60.2761361763254,60.531023104719914
1056,0.04999999999999716,-2.05,-0.73,0.9016186564405643,0.09249117237079954,0.37907190701543547,71.6256852062802,71.89766866881146
1057,0.0,-5.0,-2.12,0.7457219021527598,0.13035607608899086,0.3981704044764347,81.66546950798784,81.99062348848565
1058,0.0,-4.0,-1.76,0.726993619169107,0.12983318959213547,0.39249764637091183,80.80257776801719,81.11899421440737
1059,0.0,-2.0,-0.49,1.7159470732874764,0.1467587964017964,0.5604673377885422,64.5256001555101,64.88520611575674
1060,0.0,0.0,-0.01,0.14879526123140357,0.14696359554742017,0.43951642131824165,38.611264299127185,38.772522453921795
1061,0.04999999999999716,-2.0,-0.62,1.2257615357033926,0.11696941081185053,0.4294932922224939,69.83933058817432,70.1398293596211
1062,0.0,-1.0,-0.25,2.6732012753294665,0.14697813996359818,0.5906891219921458,59.5574661332453,59.91385475461807
1063,0.0,-6.0,-2.65,0.7100416291511694,0.14803967367753254,0.4026372504124842,84.8163541729658,85.15794185475931
1064,0.0,-5.0,-1.86,0.8452769451039943,0.12876544883519306,0.4204528749647173,80.82996373289613,81.16916575787073
1065,0.04999999999999716,-2.0,-0.37,1.2243049903834708,0.12375949185774444,0.35470861859559283,69.31873880611171,69.56554931479342
1066,0.0,-1.0,-0.14,1.6773550289383508,0.1467987479097554,0.34954223801299483,62.710150682775385,62.93236042346284
1067,-5.0,-17.0,-11.37,0.531121147781157,0.2640171754303367,0.4068518045017319,101.26433236211825,101.6763415940341
1068,0.0,-2.0,-0.41,1.667237875932135,0.14697813996358952,0.5470764911431251,64.37290235863898,64.72706192318691
1069,1.0,-4.0,-1.55,0.817687627059003,-0.008569997940705544,0.40660896817746467,79.39795005765254,79.72035091090547
1070,0.04999999999999716,-3.0,-0.99,0.8854843995447853,0.1215070946128797,0.3723375398026098,75.43257729612694,75.71414100858071
1071,0.0,-5.0,-2.45,0.7145759167582267,0.14789845584486536,0.40387161940338706,83.5655783016511,83.90315557049047
1072,1.0,-3.0,-0.8,1.1489299540698608,-0.05870386786916607,0.42520756502458257,72.32163470518618,72.6289658369773
1073,0.0,-1.0,-0.19,1.4874612942415333,0.13311940401511474,0.3784638305877903,63.40767606199369,63.652730060460065
1074,0.0,-5.0,-2.05,0.9738728041550443,0.14746113831679417,0.49405482671535894,78.79633522139761,79.18549987823216
1075,0.0,-2.0,-0.55,1.0141413704408986,0.1453077571132138,0.4134878574449888,68.82428540227131,69.10903072076543
1076,-0.9500000000000028,-7.0,-3.33,0.695493794225971,0.21234524304288152,0.4062227317500233,86.04304879782856,86.39261664022543
1077,1.0,-4.0,-1.4,0.8670962795689299,-0.019877241987468937,0.40662219227748425,77.38142108834799,77.69603522359068
1078,0.0,-4.05,-2.0,0.743522719389305,0.1394657048262165,0.4215754933718484,80.76323381839535,81.10381264841176
1079,0.0,-2.0,-0.58,1.078565792751385,0.1426579643932021,0.40157632552636324,69.56663446344837,69.84521924520806
1080,0.0,-3.0,-1.04,1.0336637031184346,0.09484298516380435,0.4385601950356396,72.23334959972946,72.5497247539252
1081,-2.0,-13.049999999999999,-7.94,0.568706253171577,0.20428735047855104,0.39618471738555866,95.79135914287008,96.17092674401243
1082,1.0,-3.0,-1.03,0.7690640406149274,-0.05615926680355047,0.37140933035038737,76.06057811037493,76.34353710011993
1083,0.0,-1.0,-0.21,1.549563774256006,0.14661589731245442,0.40009243450117166,61.286602699982396,61.53207132001452
1084,0.0,-6.0,-2.76,0.6489423109690329,0.14272536713315734,0.3934044182599885,86.37208627259504,86.71194016339332
1085,0.0,-4.05,-2.12,0.6599331884440088,0.14795780402837524,0.39372580999910345,82.62207805887203,82.94730379381643
1086,0.0,-1.0,-0.19,1.8464761990956542,0.14695045475665805,0.42044165550644436,62.71717304159929,62.98157420064822
1087,0.0,-8.0,-3.87,0.6936740370917436,0.15063874903348035,0.4140665710811115,93.52728731677362,93.91463111029393
1088,-7.950000000000003,-23.0,-15.94,0.5330374083622199,0.28508549293453794,0.4187624030503865,105.41054877801209,105.85200667860083
1089,0.0,-4.05,-2.06,0.7169654190858615,0.14717569774929937,0.40638525828365585,82.99395002533716,83.331626709698
1090,-1.0,-10.0,-5.0,0.6195496924152069,0.19880074282431243,0.40799887267031437,90.29472935634897,90.66317379469815
1091,0.04999999999999716,-4.0,-1.54,0.7235421900552413,0.12354933913047715,0.3628170124350587,81.092682384425,81.38667070085633
1092,-4.0,-14.05,-8.55,0.6335886446255355,0.2802278710410526,0.4211877112283699,99.5230765209992,99.94224988419484
1093,-11.0,-28.05,-18.75,0.5334395781492882,0.30901842040453176,0.402075770576878,109.42091591978611,109.86086998090994
1094,-352.7,-416.15,-383.53,0.4202942054334544,0.37573664060166173,0.3982414760309208,153.85132013613492,154.46402276788297
1095,-15.950000000000003,-31.0,-22.86,0.502294165760879,0.3222903539503434,0.4085016387372809,111.01599674578489,111.46949522769513
1096,-209.0,-266.0,-234.61,0.43020384823644253,0.3711740019252475,0.3970349182344249,145.28671271360548,145.8635489613095
1097,0.04999999999999716,-3.0,-0.62,1.2108568429334419,0.031182429469263646,0.3989213148220985,72.21412162377811,72.50355011966226
1098,0.0,-3.0,-1.34,0.720149512895872,0.10968977314803857,0.38238775650054335,81.72197627037032,82.03446950190653
1099,-5.0,-19.0,-11.97,0.5644084048608936,0.2658432822770385,0.40934644497571127,100.90540556464015,101.31843154172405
1100,-177.9,-225.04999999999998,-202.16,0.4228683541918704,0.3688370451158934,0.3975369562333749,140.0182798680505,140.57489784059442
1101,0.04999999999999716,-5.05,-2.56,0.6686803936819198,0.13476298578555934,0.39935757325572196,82.28135566546968,82.60973974211946
1102,-3.0,-12.05,-7.96,0.5513552553920481,0.24195861113102546,0.40615659710705343,93.84456711506033,94.22570091864293
1103,-67.95,-105.1,-84.88,0.4595660558848184,0.35300772896027377,0.40078378335537634,127.929753875414,128.44246386651102
1104,-102.80000000000001,-147.05,-125.92,0.44369731897388087,0.3514991261853205,0.4008953350918606,134.4508260780778,134.98982432244054
1105,-17.0,-36.05,-25.78,0.5075093454375023,0.3183250683363349,0.4075123079681265,108.77862709487883,109.22197949759952
1106,-14.950000000000003,-35.05,-23.7,0.5150182013599306,0.30776962066597174,0.4013931946825423,107.44188390113457,107.87310284039818
1107,0.0,-2.0,-0.42,1.0816993123664382,0.1467769141341088,0.3660112922274321,71.34685882720332,71.60771005753298
1108,-340.7,-406.09999999999997,-372.4,0.41884391414814964,0.3746577753516356,0.39717294819275084,150.3756456102173,150.97289228970757
1109,-1.0,-10.1,-5.99,0.625937759774167,0.19429789372709827,0.4106515712799389,92.32411654619499,92.7028502154572
1110,0.0,-6.0,-2.44,0.8061985614728994,0.1479561944485558,0.42307051093669706,82.73143625696581,83.08154047283122
1111,0.0,-1.0,-0.09,3.2719274654683588,0.14697813996359457,0.4371892978622243,59.387274962733684,59.64071534254165
1112,0.0,-6.0,-2.69,0.8477318219929336,0.14734988880465977,0.452752672949745,82.30191626680588,82.67461479107392
1113,0.0,-5.05,-2.11,0.7610197984975183,0.14788127137482096,0.3869804849728331,83.41812223470114,83.74088279385951
1114,0.0,-7.0,-2.8,0.7833916677003395,0.1327464134276248,0.40933545227247536,85.89236997099388,86.24348138367681
1115,-1.0,-9.0,-4.68,0.641399326471552,0.20457902923809054,0.41290457156946253,88.47738115935068,88.84261812397447
1116,-3.950000000000003,-16.0,-8.97,0.5992801197303378,0.26002806295964276,0.41670646110484083,98.29529927013448,98.70481222254577
1117,-446.8,-539.0,-484.42,0.4282767430974835,0.3813152311795312,0.4009256800569579,157.0227795141601,157.65232254601003
1118,-6.0,-20.0,-13.04,0.525287132092032,0.2669913032469729,0.39824360812463916,100.47109619927117,100.87110672595144
1119,0.0,-8.0,-3.73,0.6753087393820083,0.16629803135703827,0.4109597695476058,85.90562206943099,86.25880494779864
1120,-330.85,-412.05,-365.08,0.42766358931153603,0.3752438601190723,0.3981085226303714,150.37610256660085,150.97475622494306
1121,-6.950000000000003,-21.049999999999997,-13.19,0.5780488836090882,0.2783726866713864,0.4112182908456908,101.37363879308312,101.79056309475354
1122,-395.95,-471.1,-434.13,0.42152192417336665,0.3776249068069169,0.39962908534706765,154.1869632149533,154.80314003269478
1123,-4.950000000000003,-17.049999999999997,-10.92,0.5747028644395882,0.2605961655211588,0.407551198548312,98.21923263535709,98.61948168208572
1124,-4.0,-19.0,-11.34,0.5955483082237146,0.256036661209517,0.4190643439565123,97.54557041864969,97.95415146018011
1125,-2.0,-12.0,-6.89,0.5820201644121945,0.21974538159055018,0.3902680935451317,92.98044642160247,93.34332498082507
1126,-136.0,-175.05,-157.6,0.43233642664068894,0.36800293456439276,0.4026534356474565,140.7108333140419,141.2774141150942
1127,-12.0,-29.049999999999997,-21.08,0.4931089078870905,0.29137031907388244,0.40441428594408635,106.27056083073786,106.70020803117539
1128,-105.95,-147.05,-126.75,0.4390201793615943,0.36063467767200214,0.4007125689315053,136.45133650988222,136.99809897218896
1129,-83.9,-119.0,-102.42,0.44675419870536737,0.362079355406785,0.40928890956120595,128.8026616043755,129.3298287199271
1130,-33.95,-61.0,-47.92,0.4675873511503212,0.32543769588411875,0.3982809642112287,117.1350115108807,117.60153621147384
1131,-5.0,-18.0,-11.14,0.5531562837469318,0.2623653345500729,0.39974314596471616,97.41824264323708,97.80760921227689
1132,-44.95,-73.1,-59.85,0.46026366552882003,0.3376415380081008,0.3998414389116305,119.75835279147371,120.23719828335793
1133,0.0,-6.0,-2.88,0.7018424875341105,0.14477384585485456,0.4086603880319504,87.790185744815,88.1489070167415
1134,-32.0,-58.0,-44.51,0.487629342434439,0.33623359389357377,0.4063725656678755,115.55222251657615,116.02175288198826
1135,-21.950000000000003,-47.099999999999994,-34.8,0.4785679065906075,0.30333164702536725,0.39251599162794304,113.05501936744375,113.49879094775241
1136,-7.0,-19.05,-12.85,0.5454291883879266,0.29492981702776133,0.4069599616903455,99.90298106558963,100.3094401482278
1137,-52.900000000000006,-79.0,-64.93,0.452949247174646,0.3613954797459895,0.4034418437136121,121.41615455768448,121.9059857442446
1138,-69.0,-111.05,-90.34,0.4600474531065602,0.33859882014610015,0.39837363231904804,126.73145688879396,127.23630951790757
1139,-151.8,-200.5,-177.03,0.43892322943263273,0.3696529195961719,0.40551819154953855,136.73091991466924,137.2853901921797
1140,-93.0,-137.0,-117.25,0.44671458956037424,0.3476993936046444,0.4029494730431692,130.55436205524416,131.08043705350087
1141,-7.950000000000003,-19.1,-13.18,0.5160299144810542,0.2889378734999622,0.39653105297666924,99.62307115848314,100.0181324769552
1142,-25.950000000000003,-48.0,-36.08,0.48487695780479384,0.3300302125017484,0.4049720069937189,111.68658329818332,112.13887961440783
1143,-88.0,-129.05,-108.43,0.45012180477560093,0.35845621057783633,0.40401731809758573,129.1251272839203,129.64681001229772
1144,-31.0,-59.0,-42.86,0.49425972787090966,0.33595394165438075,0.40198347128843975,114.84040106187487,115.30202337281837
1145,-122.85000000000001,-166.0,-143.41,0.44379685440396605,0.36355097852427226,0.40370725012824865,133.5639455790272,134.10315338566562
1146,-4.0,-13.0,-8.55,0.5204714210563478,0.2596143726523852,0.3930083380466432,94.53579687873706,94.90714268369933
1147,0.0,-8.0,-3.96,0.6714424826083496,0.16347411597494285,0.41486325366510257,89.4810702945419,89.852053330001
1148,-39.95,-65.0,-51.51,0.470847605826214,0.34838828270422384,0.40410218608961446,117.320531925605,117.79462322092814
1149,-157.9,-205.0,-179.88,0.43820474759874695,0.37063210962989146,0.4022097108136182,146.60553474510968,147.19518333934994
1150,-14.950000000000003,-31.1,-22.51,0.5073017653871725,0.31054030999052157,0.4004251856352128,106.40402813955046,106.83006809157631
1151,-7.950000000000003,-25.049999999999997,-17.17,0.5285896219722487,0.26662471677573707,0.4101546423659791,103.99003143799882,104.41650434040358
1152,-58.900000000000006,-90.05,-74.69,0.4591077545426057,0.35277913533765987,0.40365094141381297,123.45915332051256,123.95749748762464
1153,-14.0,-33.0,-23.5,0.5013211416744981,0.29823039215872116,0.40064510148635707,109.55746092514056,109.9963821401589
1154,-12.0,-28.05,-20.31,0.512289321730971,0.302298354793877,0.40836449665967534,104.78125019893463,105.20913157292107
1155,-67.0,-96.1,-81.98,0.4457417565139226,0.36140926317734395,0.40250216258300875,125.89038438985749,126.39710040528968
1156,-19.950000000000003,-39.05,-29.61,0.4828885835475847,0.31667143345272597,0.40324685914377534,113.45286146828312,113.91032275331818
1157,-10.0,-24.0,-16.9,0.5272554112296676,0.3082933958608148,0.411715307520723,104.22047870811541,104.64957200817439
1158,-33.95,-58.05,-46.02,0.47472768875573207,0.3330700947137339,0.4004326780029191,115.77037149053223,116.2339397190338
1159,-72.85000000000001,-110.05,-89.5,0.4622374969864228,0.3565369122342508,0.40533875108845296,126.46229099656084,126.97488050141934
1160,-15.950000000000003,-33.05,-24.58,0.5053182731094668,0.3079020900711509,0.40838147876430986,107.18104131906097,107.61875749904424
1161,-116.9,-163.0,-140.83,0.44211420544844515,0.3566922331345994,0.4029874187392035,133.48455829148807,134.02248760113014
1162,-4.0,-14.05,-8.96,0.5802488274138423,0.2718097579645447,0.40738537159900085,98.0343880466251,98.43380332818295
1163,-197.0,-254.0,-224.72,0.43291052590189516,0.3733327687858355,0.4024308811221904,140.3941827767156,140.95916593323167
1164,-13.0,-29.0,-20.51,0.5069957137772607,0.3065816543393246,0.4016902732593821,105.42992167082569,105.85343963481502
1165,-14.900000000000006,-32.05,-22.62,0.4994725449606979,0.3147380233655406,0.39785403105701195,109.18346330384553,109.61783408914212
1166,-23.0,-48.0,-34.72,0.49856068785167856,0.31944372850196134,0.40404798533627373,116.07195278098516,116.54090058373671
1167,-131.95,-180.1,-157.99,0.4451968608135032,0.3673597201503584,0.4087014054051689,134.69505839248217,135.2455610226725
1168,-39.0,-66.0,-51.83,0.47141239948529695,0.33954948489246783,0.4006766390029216,117.4978529127916,117.96866505943892
1169,-227.60000000000002,-283.15,-254.69,0.4347136247812508,0.3775473744439168,0.405270163426136,143.80657911055968,144.38937925624276
1170,-54.900000000000006,-82.10000000000001,-67.66,0.46174872636819875,0.36021081922173415,0.4076505300855778,122.3428332096742,122.8415658383534
1171,-139.85000000000002,-179.25,-160.37,0.4382174417335026,0.37095359179501697,0.40494083394542135,134.8332781133596,135.37927061728368
1172,0.0,-7.0,-3.17,0.6472442139823082,0.15132213586784216,0.38984287746328156,87.18133590524441,87.52125158870294
1173,0.0,-3.0,-1.16,0.9012305073376359,0.12628626137833365,0.44901892080496686,75.68668288872703,76.02602131688741
1174,-4.0,-14.0,-9.48,0.528588909211704,0.2554296033949387,0.3984055960435975,98.36885991662763,98.76085673546008
1175,-37.95,-62.1,-49.52,0.4733015131230496,0.3420245514998941,0.40596606079352604,117.42731615937265,117.90403893896705
1176,-126.95,-176.10000000000002,-154.08,0.4425809475710697,0.361197438491735,0.4066476091445216,135.4866715563091,136.03761508548675
1177,-5.950000000000003,-19.0,-12.35,0.5465924577664198,0.2697298398469159,0.4126902107346514,99.76097985338909,100.17255043413923
1178,-63.95,-93.10000000000001,-78.5,0.452294408835782,0.35780415758785655,0.4031981256047542,125.91053511268414,126.4182055845944
1179,-50.0,-81.05,-64.33,0.46981445519858533,0.3499064324067708,0.4019367707220787,120.60016748382586,121.08490600896376
1180,-302.95000000000005,-358.0,-334.22,0.42477556820888857,0.3830317619079044,0.406834985566704,147.67446328155899,148.27525005938324
1181,-4.0,-16.0,-10.0,0.5677508664476771,0.26771799855224065,0.4087693178409218,96.4061705608207,96.80012006840504
1182,-237.9,-300.05,-267.22,0.436802352006237,0.37332040462462307,0.4036515661185508,144.61383128412638,145.19756570003779
1183,-127.0,-173.0,-147.35,0.45255013867625515,0.3704540686008924,0.4074529029932779,133.43248014235604,133.97615710544991
1184,-279.85,-338.0,-306.74,0.43038901287693393,0.38234801129915624,0.4047907044040116,146.97340906291197,147.56834210521313
1185,0.0,-8.0,-4.08,0.6767685485194334,0.14767983323692438,0.4135108829695747,86.58894212686445,86.94676022952022
1186,-41.0,-69.05,-55.21,0.47146232973955016,0.3418647192180779,0.41082665561436416,118.6360617170316,119.12346270488646
1187,-77.9,-108.15,-92.73,0.44428574325189685,0.35971438682548396,0.4017752002057778,135.81540394544334,136.3610692840141
1188,-194.90000000000003,-250.05,-225.46,0.43844812434803093,0.37495768321652945,0.40923116941414905,140.13832491011277,140.71181035971722
1189,-233.85000000000002,-299.3,-271.89,0.4307006693370347,0.36767393998015996,0.4042966627177784,143.0462146027405,143.62454369230716
1190,-227.75,-279.25,-251.75,0.4372220097437613,0.38194775366577915,0.40734542572751375,142.6876883457053,143.26891687054933
1191,-64.0,-100.05,-81.41,0.46450895190397584,0.3537760184205203,0.40873922261201867,125.00828291321379,125.51924171407492
1192,-236.0,-298.1,-267.89,0.4412614826713192,0.38077219774562077,0.41136908342212825,143.57885666528094,144.1694930337456
1193,-3.0,-16.05,-10.13,0.5754580798384996,0.24242738675528078,0.40583512155438956,98.89329633010635,99.29456521735699
1194,-5.950000000000003,-17.049999999999997,-11.41,0.5777167258090645,0.27591997627686865,0.4150096597522783,99.70507463676509,100.11884649460644
1195,-56.95,-90.05,-75.26,0.4546638110381493,0.34532543791782555,0.4079316238422834,123.84256582126885,124.34777365701069
1196,-255.9,-316.05,-285.23,0.4296238957765313,0.37586547447361895,0.4026998789873315,144.5742084784705,145.15640626889822
1197,-15.0,-31.05,-23.43,0.5008507967622461,0.322872031201017,0.4102902299589579,106.7526695060683,107.19065327488967
1198,-77.9,-110.1,-93.63,0.45764255254564357,0.3690122098237491,0.41270401003208823,127.23956125751457,127.76467677433013
1199,-76.9,-114.25,-95.0,0.4685490352777273,0.3600772658463824,0.4076060064088988,126.60540673961057,127.12145802675394
1200,-98.85000000000001,-138.0,-118.68,0.44406518050700333,0.36144177971602165,0.40567084313145857,130.25491110660766,130.78331493542328
1201,-89.0,-125.10000000000001,-108.08,0.45347199686080136,0.3680103010082203,0.4116219002260022,127.35165485208493,127.87586651193799
1202,-201.85000000000002,-260.2,-230.18,0.4390127877786793,0.37008158954293846,0.4043721820122909,139.68391794466746,140.24875797757463
1203,-68.9,-100.05,-85.29,0.4506752623455056,0.3563705942150205,0.406635559242187,125.07151385746135,125.58010397433537
1204,-45.0,-76.0,-60.63,0.47074300957139054,0.3432233762125607,0.41046427959288545,118.1138437761796,118.59865225209654
1205,-42.0,-65.0,-52.93,0.45806561913806587,0.3471570985318248,0.40505842919082236,118.82189443417313,119.30319195382143
1206,-83.0,-123.0,-101.13,0.4586419239091284,0.3619976099751017,0.40939457747636027,131.20025920618673,131.73739992361345
1207,-7.0,-19.0,-13.37,0.538702485189132,0.2824140335180306,0.4128173003841428,105.81745203107364,106.25435576097603
1208,-15.0,-33.0,-23.03,0.5205638266216489,0.32286329597495644,0.41082092694737876,107.68878196823542,108.13114632691213
1209,-256.95,-328.1,-294.71,0.4309349321716345,0.3679136889013739,0.4015509568689747,145.5724399461863,146.15698513835423
1210,-16.0,-36.0,-26.09,0.49689210647388804,0.3073028227116099,0.4002485241383102,107.98713954249727,108.41935597921714
1211,-38.0,-63.0,-50.84,0.4707942901889352,0.3409220935690786,0.4045323730297527,118.8432235891685,119.32397628175478
1212,-20.0,-40.0,-29.55,0.4889978599234487,0.3234504146922722,0.40618169316010855,110.77473344532604,111.22462921683123
1213,-49.95,-73.0,-61.96,0.45464436822743465,0.3518852154195182,0.40668582703555517,126.97635390560886,127.49276362424499
1214,-226.90000000000003,-283.0,-252.33,0.434178420921968,0.3775388203269058,0.4050142378687979,141.9651571365218,142.54013356547892
1215,-31.950000000000003,-54.050000000000004,-41.87,0.48294330511800704,0.33764661319441647,0.4087042014579512,117.37370849220679,117.85340947661278
1216,-32.900000000000006,-58.0,-44.66,0.4804883796128443,0.3377074937444157,0.40885665485427003,116.6115074124047,117.08828368810505
1217,-35.95,-57.0,-45.76,0.47300430919346936,0.3541418306758586,0.40839526703081647,117.03480766797003,117.51274675423234
1218,-30.0,-52.15,-41.34,0.4694800830557847,0.33085126748001276,0.39861368521719387,123.7900312147168,124.28348127704272
1219,-25.85000000000001,-50.05,-38.16,0.4948517026770481,0.3196516474935225,0.41240235599063085,115.85389858293746,116.33169065109524
1220,-185.95,-240.0,-214.15,0.4374097918303494,0.3746788090664727,0.4050876420062722,138.90244090649637,139.46511603394745
1221,-8.950000000000003,-22.0,-14.97,0.5439788924970047,0.299957979975905,0.4127367045730951,105.64965628664777,106.08575839978538
1222,-10.0,-23.0,-16.75,0.5029727058358775,0.3163232292505221,0.4133457334097697,102.8059276635308,103.2308921533684
1223,-14.950000000000003,-34.0,-23.81,0.49873644860659805,0.30115434612808356,0.40410105994613993,108.93191657538229,109.37212258039182
1224,-30.0,-51.0,-42.23,0.46143494331485235,0.336096033594165,0.4068288980711376,122.92515874859882,123.42525200052718
1225,-14.0,-34.0,-23.76,0.4972545563162824,0.30141908300293563,0.398111490643899,113.13203843546134,113.58246745427026
1226,-207.9,-259.05,-229.7,0.4400723873340226,0.38006903181608453,0.4076488838724845,140.12185487296935,140.69306075268634
1227,-16.950000000000003,-34.0,-24.95,0.4985143706788761,0.31602976229050034,0.4024697658198892,110.24400965872772,110.68771587419451
1228,-51.0,-83.0,-67.34,0.4686111473716388,0.3458132487178794,0.409327328928783,122.58533907238099,123.08711889616096
1229,-11.950000000000003,-28.05,-20.68,0.5008413091708155,0.2995807720308568,0.39964662689249125,105.89162498303551,106.31484825570072
1230,-29.0,-51.05,-39.88,0.47950957905031594,0.33644363254690085,0.40813150659790237,116.01262252273014,116.4861040384469
1231,0.04999999999999716,-4.0,-1.45,0.8722175100685937,0.09697769727557096,0.4157406973181936,79.67580756599193,80.00784067478263
1232,-1.0,-10.0,-5.54,0.6364853389837664,0.1909021817609607,0.40910612364602705,91.82597577443714,92.20160063131999
1233,-2.0,-11.0,-6.64,0.570112106070096,0.24069638790755649,0.410253864367967,95.05337402302521,95.4433914814633
1234,-137.95,-180.45,-159.79,0.4352240621205789,0.3662699469903988,0.40292725439247357,136.35695564905546,136.90638452085693
1235,-11.0,-28.0,-19.2,0.5178982139362303,0.2929842912741017,0.40437345658531176,105.40892014290681,105.83509650069841
1236,-4.0,-16.1,-10.39,0.5414942335058502,0.26058839823731605,0.40085644461367664,97.95026535000612,98.34287263777006
1237,-1.0,-10.0,-4.4,0.7094682698103963,0.2014529807330261,0.40683783904055176,89.05078576998184,89.41319390854707
1238,-4.0,-15.0,-9.01,0.5776211038768738,0.2571768941558162,0.406297038105263,93.62481832453888,94.00526762012773
1239,-12.950000000000003,-27.05,-19.94,0.4971387067009305,0.3072800282341328,0.4009256014973517,104.8223778308511,105.24266013658436
1240,-37.95,-65.10000000000001,-51.71,0.46598140509596775,0.33128113776506196,0.40148600744025587,119.16119989971469,119.63960040856163
1241,-3.0,-14.0,-8.43,0.5937624008899405,0.2542391460916146,0.41318024343908866,94.1142506588322,94.50309437122439
1242,-14.0,-31.0,-22.43,0.5030078342440998,0.3116953205159089,0.4021247464821577,107.68602706143531,108.11909128426949
1243,-2.0,-13.049999999999999,-8.03,0.5430343992893643,0.21017126579519982,0.3843782781853352,100.86039758882994,101.24824800140215
1244,-7.0,-21.0,-13.77,0.5368345655798638,0.27938742737939665,0.4055019776878879,107.06491907852849,107.49904408739347
1245,-50.0,-76.15,-64.15,0.45643838776187357,0.35113350820442035,0.4039433976250944,122.77581999753994,123.27175619960413
1246,-8.950000000000003,-24.05,-15.98,0.5160303047950414,0.2757632414838537,0.3891342034596057,105.39342372423638,105.80354993859191
1247,-2.0,-12.0,-6.51,0.6572092319335623,0.2334399946923617,0.4195291779655881,95.0553501473262,95.45397311496787
1248,-2.0,-13.0,-7.19,0.6351174244871667,0.22475040330297272,0.41646891481179227,93.93569456555157,94.32689965596222
1249,-15.0,-35.05,-25.78,0.5094135280243777,0.30391432194022017,0.4093688672569804,111.17628102589521,111.63138437091563
1250,-17.0,-35.0,-26.2,0.5027989683809524,0.3213778311998946,0.41354563767636066,108.74301784163404,109.19271956225306
1251,-6.0,-18.0,-11.99,0.5065707358882915,0.2774898949045652,0.3921355159103065,100.0200095110829,100.4121196005528
1252,0.0,-6.0,-2.45,0.7923113315402791,0.12469852217959945,0.42262302826976245,80.72554606327154,81.06660579707457
1253,-12.0,-28.0,-18.79,0.5282809429156266,0.3208268309748629,0.4047985587587135,106.72968925262211,107.16170808060777
1254,-9.950000000000003,-22.0,-15.7,0.5045073524223842,0.301993776947498,0.4005857889568144,104.11270633857058,104.52977590628758
1255,-0.9500000000000028,-9.0,-4.08,0.7108835321825739,0.20066566871548291,0.41546743011444937,87.11141510037847,87.473406614931
1256,-4.0,-16.0,-9.79,0.5355250314392013,0.2563862587443505,0.3986509488119529,98.54498535981995,98.93765253967476
1257,0.0,-7.0,-3.09,0.7447340382420534,0.14785690916578406,0.4173011857439811,86.61798441792364,86.97938900126437
1258,-21.950000000000003,-41.0,-31.57,0.48885205721132996,0.33082137764918973,0.4079004343450166,115.25697079941757,115.72709849298461
1259,-3.0,-15.0,-8.91,0.5860432426594444,0.24386357209944548,0.41227100421273105,97.40230142260516,97.80377113604428
1260,-4.0,-16.0,-9.92,0.5572788314460031,0.25513360938065643,0.3978133189694002,98.80926725554694,99.20234034470623
1261,-4.0,-14.05,-8.95,0.5824775505225935,0.26961950215838576,0.4163739109140759,95.67459071961176,96.07300509240078
1262,-11.950000000000003,-30.05,-21.22,0.5188112020146319,0.2961376920631625,0.4083473926972019,110.33206340034607,110.782550587807
1263,-82.95,-119.15,-102.94,0.44375165122532345,0.3540473973053531,0.40289806610623224,131.87964473152667,132.4109708384106
1264,-8.950000000000003,-24.05,-17.23,0.5067398267519124,0.27599113585981616,0.39681668899095307,106.0978093819201,106.51886174181604
1265,-4.0,-17.0,-10.12,0.578836586433131,0.24729176678984469,0.4077657642610176,99.39363949684821,99.79885031184523
1266,-15.950000000000003,-37.05,-27.43,0.49312276859276144,0.2916372439544625,0.40152930342632165,115.87202057772856,116.33731452973147
1267,-1.0,-10.0,-5.36,0.6299558111716543,0.19394883982329875,0.4018802671993207,90.49874832412544,90.862564871427
1268,-6.0,-20.05,-13.03,0.5492106207978698,0.26292756975418485,0.4076301204694861,101.26079932979872,101.67356577031634
1269,-5.950000000000003,-21.0,-12.61,0.544438989670903,0.26566612066691314,0.40134627007267176,101.54635788590662,101.9538548876208
1270,0.0,-6.0,-2.86,0.7593593244991836,0.14718019867292495,0.43831526420450295,82.69278871351551,83.05515596462108
1271,-12.950000000000003,-29.049999999999997,-21.27,0.5162350009526359,0.31073886472906526,0.41299015682381074,110.21548209394152,110.67060818507608
1272,-6.950000000000003,-22.0,-13.97,0.5479786941685463,0.27948719071623296,0.4084180661585926,102.63061780207669,103.0497149357738
1273,0.0,-6.0,-2.57,0.7918120048450232,0.14796607569991815,0.42384752146059484,84.58272188762643,84.94145738811865
1274,-6.0,-18.0,-11.4,0.5448886756695559,0.2782116678742382,0.4019387163975594,102.95575848982112,103.3696691182348
1275,0.0,-7.05,-3.53,0.6192257730267137,0.14941141367285554,0.3771460686397506,88.24419578549389,88.5768021401946
1276,-5.950000000000003,-20.0,-11.86,0.576807410904073,0.27338221775221705,0.4051933786783756,99.69084382879028,100.09477816268773
1277,-1.0,-8.0,-3.96,0.6102706552192748,0.2027008777922102,0.3723210556854247,87.64461278153667,87.97115134933672
1278,-5.0,-18.0,-11.69,0.5293210758861413,0.2709434864578066,0.3943787279708569,104.76065883983964,105.17384788309923
1279,0.0,-6.0,-2.77,0.7884200080792829,0.14133721962510962,0.43418266161800373,82.36211308947004,82.71944410221468
1280,0.0,-9.0,-4.69,0.6409762531892775,0.15960951321763456,0.4216080919670656,89.05541041730014,89.43110780961095
1281,1.0,-5.05,-2.27,0.7048743362683354,0.056662917387800445,0.38871797003211,82.0085416921081,82.32684502587779
1282,-4.0,-14.0,-9.2,0.5307160672293303,0.25874580113445006,0.39619948082376455,101.14586714796127,101.54668324313896
1283,-0.9500000000000028,-9.0,-4.85,0.5895251726239729,0.1886488834096937,0.37951586754474476,91.01192364741841,91.3571475836412
1284,-8.950000000000003,-24.0,-16.16,0.5462865539638599,0.2983045767195865,0.41729626446245915,104.06973661366362,104.5039467100539
1285,-1.0,-8.0,-4.48,0.6273827677297321,0.20509478060758182,0.4061193123776868,88.27692505500731,88.63532502756239
1286,-4.0,-16.05,-10.01,0.5539517928028022,0.26743026240726125,0.4038754079547045,101.96467503520039,102.37633912657346
1287,0.0,-4.0,-1.53,0.8467452305546783,0.14535154395075592,0.4340832746946676,81.21993349418798,81.57217930263774
1288,-2.0,-14.0,-7.72,0.607958183218219,0.21841881151122708,0.4065841743568399,96.01049816655211,96.40093115519664
1289,-28.950000000000003,-55.0,-42.95,0.4880039329468597,0.33446336244003244,0.4103487004390519,117.1715571352996,117.65236995626908
1290,-3.0,-13.0,-7.87,0.5670820112928543,0.25645527712254734,0.4047032177885982,98.47565565278818,98.8743182868582
1291,-6.950000000000003,-25.0,-16.86,0.5232793607315338,0.24670806116514526,0.40482379132705154,102.13284556063861,102.54621119408851
1292,0.0,-5.0,-2.27,0.7011962277073558,0.14174811580070573,0.3987039539925031,83.48952814397332,83.82214297011687
1293,0.0,-2.05,-0.79,0.8943272445334013,0.14588129161376714,0.41166341018697467,70.64515932558764,70.93354995739638
1294,-9.950000000000003,-26.0,-17.56,0.5201458598775401,0.29394984519927964,0.40626234456375765,104.14338500167422,104.56638744211763
1295,-9.0,-24.0,-16.58,0.535215308187833,0.28801783940888004,0.4107505231080995,108.34262903827869,108.78760519901542
1296,-2.0,-13.0,-7.74,0.6039344564507695,0.22355020526554895,0.41655561913154027,94.12042027791773,94.51244223081495
1297,-13.0,-33.0,-23.23,0.5091823310815556,0.2920716872540257,0.40041419625837554,111.5594467536337,112.0061457561534
1298,0.0,-2.05,-0.86,0.9415487478817917,0.14248477450304808,0.4265653597894603,71.89191272852133,72.19909701529086
1299,-157.85000000000002,-208.14999999999998,-184.57,0.4387177373075886,0.3670468022515257,0.4072397842904867,144.01670433120648,144.60319244897818
1300,-14.0,-30.0,-21.97,0.49844831815516905,0.30492620323166475,0.39788692818310395,117.407983820452,117.87523899333702
1301,-4.0,-15.0,-9.41,0.5394342617591955,0.25667063569920073,0.39670317733913846,97.41676234433686,97.80323635900778
1302,0.0,-3.0,-1.05,0.9448100561632077,0.1466158973124562,0.4273054475576862,75.38781464066818,75.7105377386387
1303,0.0,-5.0,-1.88,0.6899226291713008,0.14657027632697456,0.36934689445868196,81.44122684151155,81.7419118402684
1304,-4.0,-14.05,-9.43,0.549959066658504,0.26165970461770177,0.4083950008448572,96.90846232636494,97.30423133765231
1305,0.0,-3.0,-0.74,1.1577749177332939,0.14699680432142956,0.40651916103299307,71.77258584795833,72.0638706595542
1306,-7.950000000000003,-23.0,-14.54,0.5480451031582133,0.27940448696091275,0.4080330902344148,106.8836594578947,107.31971626732047
1307,-19.0,-39.05,-29.39,0.4964916249636984,0.32376754141438563,0.40631837959423955,112.55843926545641,113.01580715758072
1308,-1.0,-9.049999999999999,-4.57,0.6964411162922362,0.2036909759062822,0.4027264818290378,89.32610001787467,89.68602510809887
1309,1.0,-3.05,-1.16,0.9832327443847274,-0.04353300597475342,0.397566977517667,76.42097161387751,76.72470387749739
1310,0.0,-4.0,-1.53,0.8132453887297912,0.14671365874229453,0.4238186136882684,76.57748796628954,76.90233222610117
1311,0.0,-7.0,-3.35,0.6690071596074656,0.14821629197729058,0.40494345313617247,85.70386925251873,86.05063364902053
1312,-2.0,-13.0,-7.44,0.5647551433823979,0.22445447038906996,0.3968647232897794,98.77580047726447,99.16784495744155
1313,-2.950000000000003,-12.0,-6.84,0.592827650546289,0.2519225551617006,0.4056185143897173,92.97546455330253,93.35261017891443
1314,-15.0,-32.05,-23.62,0.5015247866093298,0.3119835175788288,0.4044027527834544,112.3288412682085,112.78313161627959
1315,0.0,-5.05,-2.41,0.7329422977303587,0.1531508330203142,0.400830898520712,82.86268973565407,83.19514383559928
1316,1.0,-3.05,-1.25,0.7462786615635637,0.014811950193033399,0.36783513778731397,77.90666574988333,78.19386066773012
1317,-10.0,-25.0,-17.09,0.5151808083282025,0.30781174233452824,0.40461397982503194,104.52949815628698,104.95240616975818
1318,-0.9500000000000028,-5.0,-2.79,0.6390693235516337,0.19154601808958333,0.4056909615204776,88.31541912099028,88.67377384404121
1319,0.0,-4.0,-1.29,0.852380185888108,0.11338282048203109,0.3904962113786544,80.10773718262288,80.42095670361824
1320,-2.0,-9.0,-4.68,0.7569752940566383,0.2639989769232348,0.45242202383391183,87.81756558691079,88.21482807859853
1321,0.0,-6.0,-2.72,0.6723523490211477,0.14252863814557729,0.380131618340049,91.33888833246485,91.68620688695404
1322,-0.9500000000000028,-6.0,-2.67,0.7705217997004203,0.2275586173623379,0.41511045199110563,84.05405539467449,84.40320198607179
1323,0.04999999999999716,-6.0,-2.87,0.6575474695430874,0.1322432573212043,0.3835145758423065,86.05909914873365,86.38951644904145
1324,0.0,-7.05,-3.12,0.7426264990662098,0.14791129333941408,0.4149759307895448,84.8712764567466,85.22323883186014
1325,-2.0,-12.1,-7.16,0.5635133402804773,0.21849680975192978,0.39269842978662894,97.8711029537369,98.25542945447945
1326,0.0,-8.0,-4.12,0.6390316597928981,0.1616293450860242,0.402474245860183,89.71109500533814,90.07197922833012
1327,0.04999999999999716,-4.0,-1.92,0.681404670730172,0.1350071725801411,0.38996765903210295,79.73617407815678,80.04705263371665
1328,-2.0,-9.049999999999999,-5.48,0.6001247765906009,0.23910945621480845,0.4139279994256216,92.11032455975804,92.49149624577637
1329,0.0,-5.05,-1.86,0.7520117759389612,0.14733571599749293,0.36139139698510847,86.22139057315535,86.53316962830664
1330,0.04999999999999716,-3.05,-1.37,0.8307353244460145,0.07050523156847058,0.42181729825357733,77.55668888762177,77.88420523803251
1331,1.0,-4.0,-1.64,0.7418327153427533,0.013160572975041692,0.38634969288603166,79.82166413906758,80.13001921869873
1332,1.0,-1.0,-0.28,1.1666819622633515,-0.4368006663123292,0.3679831304541189,65.60876866609999,65.84822912381169
1333,0.0,-4.0,-1.37,0.8789762567285091,0.13668639691056372,0.4155597899775864,77.97367802341626,78.29762415287654
1334,0.0,-8.0,-3.22,0.726106951320247,0.179736645403529,0.3981943770170503,90.55437814167695,90.91498607183125
1335,-22.0,-42.0,-30.43,0.5116113383679592,0.3351417511612906,0.4128432697556279,117.24100648245226,117.72502272619568
1336,-0.9500000000000028,-9.0,-4.22,0.7300423627268697,0.19111123609663308,0.43560439983089033,92.99300932534457,93.3981403857877
1337,0.0,-1.0,-0.16,1.3971999371571961,0.14695045475667154,0.3334933970813211,60.86054367995619,61.05931880962921
1338,0.0,-1.0,-0.21,1.9270972067520302,0.14697019360720054,0.45451726557501504,62.989515196487616,63.280658229542475
1339,-9.950000000000003,-24.0,-15.47,0.5230879839840674,0.3108831100800764,0.3969222077559577,109.93211757027083,110.36842711908643
1340,-1.0,-10.0,-5.56,0.669554913487527,0.20024265798645624,0.43369607464650484,90.70024281578188,91.09370577907357
1341,0.0,-4.0,-1.76,0.7179396930864932,0.1471735338558617,0.39361751500887104,81.14667094673509,81.46582785627706
1342,0.04999999999999716,-4.0,-1.08,0.8067393715503658,0.09728209421005558,0.37568330810419065,78.57884704793844,78.87326853638716
1343,-3.950000000000003,-15.100000000000001,-8.95,0.5640412881845279,0.2465901462687581,0.38881715825974383,99.75523399214872,100.14314862521819
1344,0.0,-3.0,-0.76,1.223043192661842,0.14225780244496047,0.4537873641631533,74.59833906636165,74.93568395573979
1345,0.0,-2.05,-0.75,1.1298635409987157,0.1448842017101382,0.4300168413221068,72.4793279439454,72.79188640929534
1346,-48.95,-81.05,-64.6,0.46645911988652383,0.3459777912634233,0.4034585420308806,124.76807647640356,125.27146066648349
1347,-2.0,-9.0,-5.68,0.5611365695886996,0.22312438222788397,0.39086610537252603,94.01960549898041,94.38713072664646
1348,-6.0,-18.0,-11.13,0.5423357060648031,0.2776543658948492,0.39276120390012426,110.39575285850871,110.82945325618593
1349,-0.9500000000000028,-10.0,-5.01,0.6331628570029871,0.20148677905639825,0.41452301460206903,89.22224589651131,89.59207596692605
1350,0.0,-4.0,-1.45,0.836265008161607,0.13060281078817618,0.4184756430815015,77.07254110760644,77.39525716099766
1351,-3.0,-11.0,-6.61,0.5722332046606529,0.2553691012279889,0.4067055469973698,96.78519086817774,97.17892331338155
1352,-3.950000000000003,-12.0,-7.25,0.5541280291141751,0.2650962820033689,0.39097393704677336,97.51468007684309,97.89586480647048
1353,-4.0,-17.0,-9.67,0.5687482125909652,0.24620322270497055,0.3913233862530477,101.74362302768584,102.14179067482337
1354,0.0,-1.0,-0.13,3.1918865581168236,0.14697813996359138,0.5735056965255907,58.93399321104607,59.27723763451122
1355,-11.950000000000003,-29.0,-20.01,0.5052824653616831,0.2926137590911521,0.3997124376620246,111.68943337269815,112.13581092473437
1356,-4.0,-16.0,-9.65,0.5386073253169991,0.24796941304417444,0.39298878549612587,101.84417616820461,102.2443250065527
1357,-1.0,-8.0,-3.94,0.6762405292447881,0.21833237705002181,0.4259063699679578,89.5126125335583,89.89363302171726
1358,0.04999999999999716,-3.0,-0.98,1.1005512820902825,0.08494490695616495,0.40705484726328217,78.13693510800267,78.45581224857797
1359,-3.0,-15.0,-8.92,0.5743113012831251,0.24153975597011895,0.40803078173661583,100.94801370494895,101.36001974373461
1360,-1.0,-8.0,-4.3,0.7154306898468193,0.20546347856414474,0.42962766398889785,91.29692414938127,91.6890052800786
1361,0.0,-2.05,-0.91,0.8581991311641161,0.1467907095671976,0.4234618715390334,75.24082338840297,75.55948283815779
1362,-3.0,-15.0,-9.03,0.5736561816069419,0.24715680602629514,0.41477474149451815,100.90894181221573,101.32750235283785
1363,-1.0,-9.0,-4.62,0.6328816373993267,0.20006732607091887,0.3898810031635266,94.24687232991832,94.61450761796847
1364,0.0,-5.0,-2.52,0.6462108463546475,0.14943564660997774,0.3989230654455309,93.66559450848784,94.0392917429744
1365,0.0,-7.0,-3.33,0.6131667932612598,0.15758451742461213,0.3769755769585993,90.05353111589518,90.3927612360087
1366,-1.0,-10.0,-5.23,0.6314288796425169,0.19178442610022559,0.39169775712975663,94.20059127107673,94.5695737609233
1367,0.0,-5.0,-1.79,0.7878749361798915,0.14719367519803586,0.39334343956993423,82.86610192850424,83.19146068698555
1368,0.0,0.0,-0.03,0.14887931753892167,0.14695045475666543,0.2727365842317301,55.734129744132844,55.885912470178916
1369,-1.0,-9.0,-4.9,0.6023064338676914,0.19320321362936485,0.39886372919729246,93.36553713634305,93.73786117419078
1370,0.04999999999999716,-4.0,-1.71,0.7589194506979184,0.14005809891561255,0.3972644891342948,83.25253639282417,83.58313871507237
1371,0.0,-6.05,-2.8,0.7247552955184425,0.14746117727304012,0.4010219416913517,88.45181124320872,88.80645368074387
1372,0.0,-5.0,-2.19,0.702867193712014,0.1473368564506154,0.4147249640060128,85.93022634702108,86.28687902104696
1373,0.0,0.0,0.0,0.1488277151634343,0.14678391780096672,0.18353765538951614,54.76064091392073,54.860521308730696
1374,-44.0,-71.05000000000001,-58.14,0.4609874455606441,0.33887631690851694,0.40273044705704747,123.84599626244199,124.34475225269989
1375,-20.950000000000003,-41.0,-29.87,0.48643714227712254,0.31549716593325444,0.39406987070628957,113.14083847576455,113.58668239323815
1376,-2.0,-13.0,-7.06,0.5857348742094923,0.2212873358024946,0.38270645629088945,100.3182492975204,100.70219846664426
1377,-40.0,-62.0,-50.17,0.47509236119586185,0.35878889822680987,0.4136810452445133,119.91539578649392,120.41148389249592
1378,0.0,-2.0,-0.39,1.3116739694505626,0.14694972868123873,0.42463842879051905,66.52829527992719,66.81214161152552
1379,0.04999999999999716,-3.0,-1.48,0.8124629007095987,0.1384664517822812,0.4214157899856503,79.15811320542468,79.49157849444185
1380,1.0,-2.05,-0.74,0.756333539776967,-0.10630610326304343,0.3297901879608221,76.68377454007421,76.93597255258915
1381,25259.3,24727.95,25012.98,37.851391254354205,35.825142462651506,36.80519449630131,107.31328997556402,146.80610398483367
1382,0.0,-2.05,-0.86,1.090943433792484,0.14677691413411162,0.46891111707263966,72.88922214809948,73.23148146453809
1383,0.04999999999999716,-3.0,-1.2,0.8999392868006361,0.10569900200311884,0.42426686299316185,75.50508109043538,75.82535999418593
1384,0.0,-4.1,-2.0,0.9475882150786836,0.1466048156816813,0.45170674354891327,80.29902339726236,80.66092943448919
1385,0.0,-5.0,-1.83,0.8101461823786527,0.135121060816478,0.3985685639086467,81.37414962462874,81.69889031883967
1386,0.04999999999999716,-4.0,-1.31,0.8965037124779494,0.09999914995837124,0.4084252515234188,77.94257937615188,78.26069262626525
1387,0.0,-3.05,-1.08,0.9714922458029402,0.1044129731972812,0.42334648982605394,75.39003275499057,75.70840330913641
1388,-61.0,-96.0,-79.49,0.47087006887013977,0.3553845192428082,0.41358214053069275,123.03288624277562,123.54173451997416
1389,0.04999999999999716,-3.0,-1.21,1.0277788626791613,0.074101721053119,0.4709599856633697,74.95742125285568,75.31039971747643
1390,0.0,-4.0,-1.52,0.8032738703906764,0.13113118441314567,0.4242237341331297,78.31796368705562,78.65085219991039
1391,0.0,-2.05,-0.83,0.9480781723545899,0.14694972868123463,0.4229381738245687,72.86085214360642,73.1684117450503
1392,0.04999999999999716,-4.0,-1.69,0.9533255234382831,0.12211189536170426,0.4578682117289752,75.59268463487757,75.93927730159221
1393,0.0,-4.0,-1.15,1.0379517337330872,0.14710738123053743,0.4287941755222888,76.3232971514325,76.64988998842554
1394,0.04999999999999716,-4.0,-1.15,0.9475099792515859,0.13557689973974,0.3830005254371161,78.09416488785662,78.39350208780444
1395,1.0,-1.0499999999999998,-0.31,1.1077826349973408,-0.3886168916549503,0.34379101969405085,67.89578780006045,68.12701426591158
1396,-2.0,-11.0,-6.5,0.5708355138994284,0.22469659227970412,0.39796599091668583,92.03818126395464,92.40442851661535
1397,-21.0,-41.0,-29.3,0.5110226529389856,0.3417597787360535,0.4112348350355831,113.81084102302658,114.27889132178261
1398,-55.95,-89.1,-72.6,0.4831233043936768,0.3554385862919406,0.4213573949747761,124.56819244332006,125.0930588020486
1399,0.04999999999999716,-4.0,-1.63,0.7766202815232561,0.12386919183543207,0.4042191006589263,80.2522868511866,80.57674852313656
1400,0.04999999999999716,-4.05,-1.61,0.8817203207919452,0.09663642212503418,0.4195360142409969,79.57759773749588,79.91157879889737
1401,0.0,-6.1,-3.26,0.6911551579782392,0.14551025781392402,0.41486367217266584,86.83646289586751,87.19660379722225
1402,0.0,-5.0,-1.8,0.8200818040886706,0.12943168663539353,0.41586596691870453,80.15806943812318,80.49162597541267
1403,-2.950000000000003,-13.0,-7.08,0.6177667429541152,0.24637556161227292,0.4049626662721581,98.7700933416011,99.17021803616036
1404,1.0,-5.0,-2.03,0.7999014690619144,0.023241358941909575,0.42677948936485594,80.53791650303074,80.88207586493459
1405,0.0,-6.0,-2.99,0.6700772584052163,0.14772730632387948,0.3969500250821173,85.00576146815489,85.34335897287106
1406,0.0,-3.0,-1.06,0.7734862600849841,0.1175401319519351,0.4130770273883757,75.19394129898772,75.50412378512362
1407,-2.0,-9.0,-5.16,0.6175159168062496,0.24461876232730995,0.4154514317467111,92.71624689107232,93.1014440441102
1408,0.04999999999999716,-5.0,-2.01,0.8290843621795895,0.13452113975658922,0.44535159754662734,80.40100711110077,80.75886167588752
1409,0.0,-5.0,-2.16,0.7966199563416565,0.14702067606056787,0.4297124270996109,84.37694178878306,84.73928754473636
1410,0.0,-7.0,-3.0,0.7396671393565012,0.15407339056970312,0.41869027706955814,86.51317766185561,86.87551138992445
1411,-5.0,-13.049999999999999,-8.63,0.5715155681770854,0.30473617338950515,0.4267060654444305,96.45100037083779,96.8625951159608
1412,0.0,-2.05,-0.74,0.994402045373424,0.1467844351388143,0.38809342902339267,73.32655920417803,73.61053374644351
1413,0.0,-8.0,-3.98,0.6796500580172355,0.16204618023400513,0.4123021910260258,88.87321666970612,89.23967502159327
1414,-2.0,-10.05,-6.69,0.5476068313416523,0.22149460390690504,0.3962094596174914,97.13787422000797,97.5227207374819
1415,-21.0,-42.0,-31.8,0.5110813440945582,0.33759881271992714,0.42353906429153965,112.7092269888367,113.18654127142287
1416,-3.0,-15.0,-9.2,0.5702973980176317,0.2357045800572503,0.4126717356523356,98.36937338989038,98.77539445176271
1417,1.0,-4.0,-1.45,0.7504821385787289,-0.009207262257761731,0.3858538385698229,82.48112767868528,82.79857593980752
1418,-1.0,-9.0,-4.87,0.6082774524858156,0.20595482730654247,0.40416689093421515,90.52286955969437,90.88850944143796
1419,-1.0,-9.049999999999999,-5.29,0.6503686743203718,0.21739163529756128,0.42438539398769365,90.73318439171152,91.11818475173608
1420,0.0,-3.0,-1.13,0.8173513898244197,0.1304110924437145,0.37141870452661613,81.18400804593182,81.48580820003019
1421,0.0,-7.05,-3.88,0.6742411963923445,0.1468397701602772,0.4274125165255688,92.51372870361145,92.90905721640826
1422,-2.0,-13.0,-7.3,0.593238110962112,0.23028163595766893,0.4124964366147935,96.05818625876594,96.45434543364925
1423,0.0,-5.0,-2.02,0.838289881069945,0.14675355529335377,0.42473727926250726,81.01860411214231,81.3625455548205
1424,-1.0,-10.0,-5.15,0.6481573789241465,0.2036704220457267,0.405757070250572,92.86448179200188,93.24140007853106
1425,-2.950000000000003,-12.0,-6.39,0.614022263877385,0.2704003066490058,0.4141612676065675,94.34832860449734,94.73919501097198
1426,-12.0,-26.049999999999997,-19.65,0.5005691551999941,0.3024848796661848,0.40652489623546423,109.5439658864978,109.98930182306178
1427,-5.0,-17.0,-10.51,0.5627771468773394,0.2881098590318304,0.40477739316699046,102.15411213986867,102.56753012835867
1428,-3.0,-13.0,-7.0,0.6128134802399883,0.26029946327658143,0.41303391230512815,95.8375269198799,96.23318855347941
1429,0.0,-6.0,-2.85,0.6960465830654231,0.14781757150164754,0.41093677489389646,87.24867504508005,87.60738981840429
1430,1.0,-3.0,-1.0,0.8512377150815362,-0.0595117288183967,0.3594059683615112,79.69333981554573,79.97941577227756
1431,-3.950000000000003,-16.05,-9.81,0.5755170626697415,0.2502109144852786,0.4089198988540286,103.89960025512784,104.32446248856995
1432,0.0,-7.0,-3.37,0.7797162951179901,0.14660926929651405,0.4555574290616662,88.06606743513132,88.46730170097103
1433,-6.950000000000003,-20.0,-13.31,0.5453682811885829,0.29336671319232066,0.41317854061255366,103.49787377315039,103.92546948222981
1434,0.0,-5.0,-2.08,0.7271334960267996,0.14786326042601838,0.3984543019452716,82.6094613360795,82.93903049742104
1435,-3.950000000000003,-13.049999999999999,-8.18,0.5466858637005833,0.2625799825078628,0.4012307886120491,102.51244889779952,102.9235853798101
1436,1.0,-3.0,-0.82,1.1805412720356796,-0.16841524358817242,0.4638971315424876,73.41148737288484,73.7530455298619
1437,0.0,-1.0,-0.35,1.2259317571251016,0.14697813996359665,0.419111008512029,68.96024244796206,69.25233769646772
1438,0.0,-4.0,-1.34,1.0745690986902963,0.11440846736235673,0.43493853028088125,76.9561690894222,77.29158348403452
1439,0.0,-2.0,-0.37,1.5475354845784837,0.14696895019391823,0.46808706434814373,66.45039253121996,66.76046244965292
1440,1.0,-2.0,-0.7,1.1967624989273875,-0.23850421623108353,0.449456041463144,71.85714850095415,72.17969799994394
1441,1.0,-3.0,-0.73,1.0122358142812706,-0.09272892990349411,0.369469950624786,75.73166149613799,76.01191064613033
1442,1.0,-4.0,-1.22,0.916347932880144,-0.0007768655169371214,0.4008224452764512,77.32680739887763,77.63701610186232
1443,0.04999999999999716,-2.0,-0.42,1.0110759732416146,0.0007308909742540348,0.36044735397860755,69.64401506385832,69.89338677570996
1444,0.04999999999999716,-2.0,-0.64,0.8700742611390294,0.10796698307463252,0.3562357346970495,75.38310135777704,75.65004217869405
1445,0.0,-2.0,-0.78,0.8025468873391892,0.14717476787451672,0.39637355789830137,75.12536250939604,75.4232468456637
1446,0.0,-4.0,-1.51,0.8088839297378135,0.13772101720034421,0.4069169410036427,82.58055907570075,82.91653847897214
1447,1.0,-3.0,-0.98,0.911501411421525,-0.05588126314944548,0.38289173538674925,76.3329335613422,76.62553537306673
1448,1.0,-3.0,-0.84,1.0963774546938183,-0.06701494478801957,0.46888406038127584,75.6624439125012,76.017250332351
1449,0.0,-4.05,-1.65,0.7954021680316364,0.14565982947174222,0.39748284068960166,80.02700975387556,80.34525003270451
1450,-1.0,-8.0,-4.11,0.6992196412540753,0.21316470326789078,0.42997951222733155,88.74650931372838,89.12795543959666
1451,0.0,-2.0,-0.64,1.0105198709100993,0.1469492113433978,0.39074812394420116,72.67863956096544,72.96316999867311
1452,0.04999999999999716,-2.05,-0.67,1.2507429480347356,0.12096715577803209,0.4133756698497201,71.24387176122863,71.5368658699231
1453,0.04999999999999716,-6.0,-2.32,0.8064698759121427,0.1260659286485054,0.41884336656106036,85.23027757792823,85.5871628972585
1454,-2.0,-11.0,-6.77,0.6017023756796424,0.24631178098552364,0.42255345506557307,95.25003619148453,95.6525256459359
1455,-3.950000000000003,-15.0,-9.55,0.5534869550233376,0.2647413487915157,0.41059143839247997,101.47947561327128,101.89604499728199
1456,0.0,-6.0,-3.23,0.6846946408092446,0.14660933132523266,0.4145481596948667,88.06831337191682,88.43324209644105
1457,-2.0,-12.05,-6.85,0.5840554676463725,0.23450329380701918,0.41236037356009064,95.62449492014586,96.01867487504322
1458,0.0,-3.0,-0.92,1.000690396942445,0.14710489071686111,0.4383871206456813,74.12647362039658,74.45068991650362
1459,0.0,-6.0,-2.63,0.7936816292086877,0.1476051142519068,0.4235687863701459,85.37043724457835,85.73213936320454
1460,0.0,-2.0,-0.69,1.1841192605221755,0.06694701019656343,0.45394162005945554,71.11757984352131,71.44114530692427
1461,0.0,-7.0,-3.6,0.7228367734627713,0.17389170526013367,0.4339894676297803,88.7639024795482,89.14900721662906
1462,-0.9500000000000028,-8.05,-4.02,0.6761372674817036,0.20160984145986363,0.4119146493758439,89.63150782727391,90.00076555223272
1463,1.0,-5.0,-1.69,0.922003317495888,0.01905405666332992,0.4282025927784763,82.40746069761974,82.75989748806107
1464,0.0,-5.0,-2.43,0.7244718972081597,0.14791587291837383,0.4428290439192217,83.5759862722548,83.94697446082384
1465,-11.0,-25.049999999999997,-16.9,0.5488971120786582,0.3218827688311591,0.41162001722796016,112.69723346352909,113.16109777811893
1466,-1.9500000000000028,-10.05,-5.33,0.639705177481327,0.22229727824629492,0.39609573385344937,93.50830282218887,93.87881103024145
1467,1.0,-2.0,-0.6,1.0419671533917916,-0.1479549998982551,0.41814394283155293,70.12770503908922,70.42328652432046
1468,0.04999999999999716,-3.0,-0.87,0.960412477050174,0.11256988410553795,0.41713413722353954,74.02592984452872,74.33413698761429
1469,0.0,-3.0,-0.97,0.8716606574656027,0.14248833495632832,0.39652293546176176,76.15960055593519,76.46158789013639
1470,0.0,-3.0,-0.8,0.9565738145636526,0.14661589731245214,0.39832077841431923,73.60442803265309,73.89774311119254
1471,0.0,-2.0,-0.89,0.826305152603917,0.1411755246655575,0.38984730897762254,74.59725755125886,74.88848728941112
1472,-6.0,-20.0,-12.83,0.5760906987156731,0.2739336821359277,0.41593553613185336,103.34390002301265,103.77392012003891
1473,0.04999999999999716,-5.0,-2.07,0.7595871074877424,0.1317313486874115,0.40498354212190835,82.50657662682447,82.84007919134457
1474,0.04999999999999716,-2.0,-0.47,1.1840577295507595,0.11467329740104545,0.4102982545706764,72.05175764059953,72.34790641223975
1475,0.0,-6.0,-2.77,0.7188186569723264,0.1402531704694883,0.4183592768189534,84.88828544573619,85.24359592201034
1476,0.04999999999999716,-5.0,-1.95,0.7649295373765581,0.12627499528647873,0.4157036493887582,82.81855405810424,83.16278032659204
1477,0.0,-4.0,-1.72,0.7902966131433361,0.1472891341156728,0.4041563890444305,80.58285974860644,80.90848649391133
1478,0.0,-4.0,-1.53,0.8707899722613422,0.14596480229489942,0.42328034741979725,78.11267361175635,78.44337045599947
1479,-5.0,-15.0,-9.1,0.5690401519551673,0.26934923111580417,0.4025222796926888,101.40332059895144,101.81158393511619
1480,1.0,-3.0,-1.09,0.7926105362054388,-0.010470792164709966,0.38702857536194907,76.0770627903292,76.37179448822647
1481,-22.950000000000003,-45.05,-34.06,0.49707668627831003,0.3302953717505777,0.4122441785056424,117.45069804686696,117.9348695324013
1482,0.0,-6.05,-2.61,0.8016342588711494,0.14680559113282002,0.4167531835945463,84.51069725014263,84.86262758033341
1483,-3.0,-14.0,-8.19,0.5725620226830356,0.23896077757010728,0.40487263367419435,98.30815816737214,98.70617343180602
1484,0.0,-2.0,-0.7,1.242561996307619,0.1471105802597922,0.46882207802368625,70.15247248713497,70.48000492234314
1485,0.0,-6.0,-2.68,0.7558677981230891,0.14677691413410573,0.418564231838274,84.2420357802914,84.59463377570155
1486,0.04999999999999716,-1.0,-0.22,1.800423883058629,0.1045158263916579,0.45627214963427926,62.54946294728684,62.837033953762436
1487,0.0,-7.0,-3.24,0.760746667607669,0.1666863030262789,0.420995694723659,85.53082101953753,85.89081537003177
1488,0.0,-2.0,-0.5,1.4626030776214272,0.13998640771467996,0.45828335256775005,68.4798764550746,68.79407892195182
1489,0.04999999999999716,-3.0,-0.85,1.0083577623054565,0.10304861072745676,0.3983408276737901,72.88424286838526,73.17396924619896
1490,0.0,-1.0,-0.29,1.255187785912948,0.14677691413410476,0.40220890647856744,65.18918352110121,65.44989545532057
1491,0.0,-6.0,-3.02,0.760379337638549,0.14787732690912658,0.4606020751558173,82.12176546796519,82.49964455850018
1492,1.0,-5.0,-1.29,1.0096105420588826,0.011301592785822104,0.398980083198248,78.70594940052094,79.01938561040984
1493,-3.0,-14.0,-8.7,0.5815494198464957,0.25604787716412397,0.4105543229556229,96.83193329648522,97.22938298771173
1494,1.0,-4.0,-1.57,0.7901306840291327,-0.00952934882607927,0.4025586787841597,80.46429753866558,80.78823771919322
1495,-16.0,-33.05,-24.75,0.5163150059591822,0.32949094459903133,0.41857797402016655,108.65080690407227,109.10557625316358
1496,1.0,-4.0,-1.55,0.8449193299265428,-0.019780802127879228,0.43546461538942566,80.72013554095346,81.07203853817484
1497,-1.9500000000000028,-9.049999999999999,-5.0,0.6392737383459015,0.22549808971752272,0.4026501533315782,92.18805234118027,92.55943259321612
1498,0.04999999999999716,-5.05,-2.58,0.6337153666774715,0.14133417729702571,0.3899157976056292,83.04171529389617,83.36548755657674
1499,1.0,-3.05,-1.14,0.8455239784841845,-0.0014823672605766146,0.37806035915770453,75.28023702842167,75.56483316134896
1500,0.0,-2.05,-0.69,0.940845876426769,0.12208156368896413,0.3580636025804448,73.00837394658032,73.26840132420563
1501,0.0,-1.0,-0.23,1.288838268338768,0.1467670847150263,0.3436877318571625,65.49370964371771,65.71710734040917
1502,-1.0,-9.0,-4.67,0.6302537647951043,0.19679426505139022,0.4076221698427897,93.0120016529686,93.39098832395075
1503,0.0,-4.0,-1.74,0.6991610343105478,0.12918792745284663,0.39587693757268627,84.17854595949464,84.51201202732953
1504,0.0,-7.05,-4.07,0.6661282121387142,0.14794714908616857,0.43218938267755436,88.03592651186752,88.41664093121632
1505,0.0,-2.0,-0.35,1.1496204755918558,0.03965629182678246,0.36688171686888604,70.61124871228462,70.87108124838815
1506,-26.0,-46.050000000000004,-35.36,0.5043353831656645,0.34378054361796234,0.415784736152157,116.3718654164644,116.85573766972331
1507,0.0,-3.0,-1.27,0.8537590294503636,0.1459891901993995,0.4305393300604981,79.34337501090481,79.68414462206651
1508,0.04999999999999716,-1.0,-0.29,1.4390300932262872,0.1131581638975602,0.4699819027644176,66.20865778688221,66.52079272976384
1509,0.0,-1.0,-0.27,1.5934479109794684,0.1469968043214277,0.4732975214901856,64.28306076640109,64.58381625157729
1510,0.04999999999999716,-3.0,-1.06,0.8835809913067149,0.105299751007675,0.4045506766987559,78.41288457821466,78.72943956486816
1511,-40.900000000000006,-69.0,-53.53,0.48984462158946507,0.3527664136216303,0.41805204296882104,118.98372664773231,119.48113306267207
1512,0.0,-2.0,-0.62,1.3490541693964657,0.14694169033868765,0.47052060945335034,71.6053288515141,71.94065170370864
1513,1.0,-3.05,-1.34,0.8003348892828539,-0.020873861284072488,0.4050955428974045,75.78948871677704,76.09643186339865
1514,0.0,-5.0,-2.04,0.7713424879060181,0.1474701393753683,0.4211365600180389,79.58675381256239,79.9211094284562
1515,1.0,-2.0,-0.28,1.4007939702579992,-0.21470963321148098,0.32084218514373924,71.718128307313,71.94732660502875
1516,-8.950000000000003,-21.049999999999997,-14.13,0.552437419550663,0.30971038902519943,0.41053616014164424,102.85158964298476,103.27375842679118
1517,1.0,-2.0,-0.35,1.3078053935764846,-0.4444206456228132,0.38135532988753723,70.93845971063772,71.20825406878653
1518,0.04999999999999716,-2.0,-0.65,1.0924730050027776,0.044902375381603424,0.4112511983583811,75.36119098506914,75.67135116071354
1519,0.0,-2.0,-0.48,1.1164181804614608,0.14368037072507023,0.38026583044129225,69.00423968507447,69.26621026254524
1520,0.04999999999999716,-3.0,-1.16,0.805757929588858,0.09996276197573245,0.40777535353158034,76.47911686818547,76.79060899026533
1521,1.0,-3.0,-1.01,0.986734059196017,-0.0693494222918176,0.4216993036102805,75.54926002785383,75.86725124415867
1522,0.0,0.0,-0.01,0.14883082536312137,0.1467965696834786,0.25060266386535035,54.090462208731594,54.228072258931796
1523,-4.0,-16.05,-9.14,0.6386400508181395,0.2816740344503118,0.43070747479194493,98.33681354883532,98.76027072968071
1524,1.0,-3.0,-0.84,1.0683499364369275,-0.09707721001450992,0.40792816096953766,76.569194120958,76.8815387230029
1525,0.0,0.0,-0.01,0.14880785585975542,0.14691866933108932,0.21451386820962282,53.76111261667716,53.8704546886153
1526,0.0,-1.0,-0.14,2.3684766718760017,0.1466158973124553,0.4406910978322917,61.21135843019083,61.48291422014102
1527,0.0,-1.0,-0.39,1.2687889880864665,0.14661589731245253,0.44558178840171864,68.33213954498707,68.6363810006728
1528,0.0,-2.0,-0.39,1.6652975777080032,0.1467670847150471,0.4203237555859034,68.94923732543667,69.24088873618257
1529,-43.0,-76.0,-59.49,0.5000410113614051,0.35048201577527727,0.4231581474265608,131.11519431961204,131.67000387592316
1530,0.0,-1.0,-0.04,2.3813996682389953,0.14678443513881695,0.3191023192705372,58.35828341303627,58.54626166628662
1531,-2.0,-12.05,-6.53,0.7005353189030512,0.23517452998361413,0.42842480663534643,93.82994077132287,94.23184809674802
1532,-17.0,-36.0,-26.78,0.503532806144699,0.32348995213603726,0.40916303053706976,120.86256962702586,121.35708044428094
1533,0.0,-2.05,-0.75,0.9229442282612579,0.1469701936071882,0.4060588670008909,73.44849468587327,73.74655603245296
1534,-3.0,-14.0,-8.15,0.5808785700061581,0.24946640803940115,0.4140518781100298,94.65571231789052,95.04755185992418
1535,-2.950000000000003,-12.0,-6.91,0.5987989205173201,0.2421749947686237,0.411828626917422,93.50760734569178,93.89276013196961
1536,-3.0,-15.0,-9.29,0.5517523663694147,0.23526036198433628,0.3903232386821667,99.18501993158308,99.57209563505734
1537,-6.0,-18.0,-12.34,0.5491072128422365,0.280030040014298,0.415889047790036,102.44903438644685,102.87517660651403
1538,-28.950000000000003,-52.05,-38.35,0.5052107742579863,0.34858851677631775,0.41390332690201004,117.18279521765955,117.6678173668645
1539,0.0,-4.05,-1.9,0.7926443627358065,0.13763517013801593,0.4080663101475684,82.53070021165733,82.86772552220187
1540,0.04999999999999716,-3.0,-1.0,1.0089441946190139,0.13459187554327456,0.42082321200354145,76.43636444955648,76.75852400537418
1541,0.0,-8.05,-3.51,0.6961278982110659,0.15468755626514694,0.3847699502805208,88.33048308682642,88.67040798523665
1542,0.04999999999999716,-3.0,-0.89,0.8967095377096183,0.08783612274067931,0.37569227561160545,76.00736910712907,76.29348660849777
1543,-2.0,-13.0,-7.5,0.5925537175219914,0.22083743820396382,0.4077750420356101,95.80346955085326,96.194156438246
1544,-3.0,-12.05,-7.29,0.5840002084299434,0.25380927656803837,0.4112620342326103,95.2833765230558,95.67521046653164
1545,-13.0,-28.15,-21.07,0.4988238019458583,0.3143283472019836,0.41160475027153437,106.91269831317157,107.35279389117886
1546,-1.0,-10.0,-4.93,0.7162153398310436,0.20897683834583294,0.42951611638170734,87.5000434252423,87.87605837027041
1547,-2.0,-13.0,-7.21,0.6343155914871598,0.23009313508234175,0.4252953317194211,92.378709377668,92.77150874371398
1548,0.0,-7.0,-3.47,0.6946054906483863,0.15341569209681946,0.4111492555616559,89.71839011268068,90.08743041159998
1549,-3.0,-16.0,-10.36,0.5541461804167801,0.23703095937909407,0.4108193304003076,101.3979041133095,101.81436691147002
1550,-0.9500000000000028,-9.0,-4.68,0.6260656064033683,0.22464290148318544,0.4034958848652542,92.31385134155985,92.68607937369929
1551,0.0,-2.0,-0.6,1.2943877045276984,0.14679070956720752,0.47415008871450615,68.57066538044911,68.89657006151312
1552,-1.9500000000000028,-11.0,-5.99,0.6178466073803411,0.2302522283359447,0.41312433109078384,91.63624105811033,92.0146180763568
1553,0.0,-7.0,-3.38,0.7247618811305611,0.14838721448145137,0.4266062314793791,85.07999230825855,85.44305833765456
1554,0.0,-8.0,-3.56,0.7192651549212888,0.14968978771827027,0.4158797360265114,85.93832021683902,86.29581337161376
1555,0.0,-5.0,-2.63,0.7633111829798944,0.1474641209714531,0.46136605186323143,79.99801706483295,80.36710224318036
1556,0.0,-8.0,-4.1,0.6596514670225865,0.15413002288262864,0.40283648502304503,90.80485996468707,91.17074921453828
1557,-6.0,-18.0,-10.96,0.6192671627738708,0.30371246343828817,0.4427808524827748,97.92760907288215,98.36120593393306
1558,-1.0,-10.0,-5.34,0.6083518351132016,0.20356177049263727,0.40364468932927783,91.0890909995892,91.45657795467118
1559,0.0,-1.0,-0.31,1.4170277076664004,0.14698922612719068,0.46512401189254243,66.53975645091171,66.85134874800318
1560,-14.0,-35.0,-24.72,0.5090397292287298,0.2997435658204608,0.4084033976776699,109.59274562506411,110.04025886527901
1561,0.0,-2.0,-0.4,1.8790490722934157,0.14694169033869278,0.5068657212493911,66.2313500851051,66.56537661910139
1562,-0.9500000000000028,-8.0,-4.18,0.7012920893853121,0.20164110340768443,0.4312277576933652,86.55380113446056,86.92698580814887
1563,0.04999999999999716,-1.0,-0.23,1.2491971038260488,0.1219116888221984,0.3427611050415054,67.69574507240682,67.92828754282328
1564,0.0,-7.0,-3.08,0.7788369629753846,0.1476611714452524,0.4139029769037196,83.84411891288957,84.19136850716704
1565,0.0,-2.0,-0.58,1.4776455336749619,0.14676708471503366,0.5208899863981443,69.89149757701054,70.25582444773013
1566,0.0,-5.0,-2.38,0.7258291382565143,0.14557247184923902,0.4141553600395598,80.33976684080353,80.67201492999182
1567,0.04999999999999716,-2.0,-0.68,1.0104115711643082,0.11402450299568376,0.4221858178130337,73.8198256973086,74.13263875975916
1568,-42.0,-68.05,-54.87,0.49111305175824344,0.36747948518660833,0.4223901585317774,118.91935496236688,119.42165513826023
1569,-1.0,-8.0,-4.05,0.6187197933081792,0.21960130552886575,0.4109464848387801,88.14405662156508,88.50654985571528
1570,0.0,-3.05,-1.35,0.8502383864454158,0.14658648867931298,0.4266497780160756,76.64946009955784,76.97642659727241
1571,0.0,-2.0,-0.75,1.0229072139583695,0.09996660048444377,0.4089692040631229,74.63471980758045,74.9401468633278
1572,0.04999999999999716,-3.0,-1.25,0.7485750974140959,0.1359750047196755,0.3756549424028507,77.18372074870696,77.4732750779087
1573,1.0,-3.0,-0.9,0.9142431403541761,-0.021681706495402006,0.374399559624359,78.39079345826607,78.68472269515104
1574,0.0,-9.0,-4.32,0.6459614751166535,0.1682054182609901,0.3987472757815212,91.18843662044806,91.55205657822418
1575,0.0,-7.0,-3.02,0.7723318454293342,0.15544908757754472,0.41820792786322086,86.56203927736728,86.92442206335598
1576,1.0,-2.0,-0.31,1.7637396636966336,-0.49500662418066105,0.37274833336222,68.98557364440543,69.242452692221
1577,0.0,-5.05,-2.55,0.734642185607977,0.16405219087140155,0.41149550502077786,85.35957686060199,85.71093960448032
1578,0.0,-1.0,-0.06,2.148492944285324,0.14697019360720423,0.36544840315741745,56.99173493887604,57.19516626271677
1579,0.0,-6.0,-2.63,0.6707191268385218,0.15978164645270201,0.4041617188267057,85.6122956344603,85.9586319211467
1580,0.0,-6.0,-2.64,0.7698459107586285,0.14754887555278706,0.42773594366669315,87.3799169743279,87.75348226848556
1581,-2.0,-12.0,-7.19,0.5800433160821252,0.2351146375569062,0.4162176099299162,95.99316588433543,96.39276184425536
1582,0.0,-3.0,-0.88,1.1365965096639021,0.14676708471505648,0.40836684602195256,76.08055352867008,76.39024772018753
1583,-4.950000000000003,-16.05,-10.31,0.5970639848027701,0.27904837306072283,0.4309190595400906,98.42612523631148,98.8502950104286
1584,0.0,-3.05,-1.38,0.7973538359744099,0.14695045475666807,0.3957078141130254,83.20247140042578,83.5316673868574
1585,0.0,-5.0,-2.55,0.6802603691660167,0.153745568213129,0.4221302041436241,83.3142376105237,83.66576934040489
1586,-1.0,-11.05,-6.25,0.6471747277999047,0.20356533619941292,0.42418445484186745,91.97752255019064,92.36779568933602
1587,1.0,-3.0,-1.05,0.876405178082468,-0.07129516269717409,0.41637315897719185,78.80059699413754,79.12923030522715
1588,-3.0,-14.05,-8.32,0.6141727926847675,0.2562988373275125,0.4263034279079702,94.51762922030944,94.92044592408419
1589,-2.0,-11.0,-6.27,0.632454915189155,0.268202251338491,0.42925480989723996,92.04769993388703,92.44295530025829
1590,1.0,-5.0,-2.14,0.7180676736553586,0.049265010104838476,0.41441739630635976,80.5469856244758,80.88066968526863
1591,-4.0,-14.05,-8.82,0.5779301294687937,0.2647288779438495,0.4139545611493062,104.24764482339424,104.67909403749115
1592,0.0,-4.05,-1.88,0.7924515031530803,0.14652777537202777,0.42437648320866267,79.3462228659325,79.68238827985573
1593,-7.0,-18.0,-11.89,0.5623328614282019,0.31356076156957635,0.4276452468270076,102.52155174589495,102.9599959563061
1594,0.0,-3.0,-0.96,0.9351943866393874,0.1469497286812294,0.40681681014733134,74.55347766630433,74.85649734245072
1595,-9.0,-25.049999999999997,-16.34,0.5460515148000049,0.29225872976521494,0.4019583862518803,114.69264478869553,115.15367881397951
1596,0.0,-3.0,-1.26,0.8103844088615871,0.14717260698477297,0.42121811265681797,78.30114584322183,78.63044422505837
1597,-1.0,-11.0,-5.67,0.6418310167008793,0.22642273167463822,0.42063869271097387,94.20398150160892,94.59996229508302
1598,-7.0,-26.0,-15.98,0.5741655280632652,0.264925286885646,0.4126045266569025,108.11459233367094,108.56054520758207
1599,-3.0,-13.0,-8.03,0.5652990646268724,0.26360322277174947,0.4055296221626186,101.5654853419075,101.97726248646748
1600,-17.950000000000003,-38.050000000000004,-27.06,0.49964848488605224,0.31351582256407423,0.408295431395528,120.51508318981703,121.00717171056358
1601,0.0,-3.0,-0.95,0.9376107832133936,0.14698723559587112,0.43844696418352364,75.56243165640981,75.8936009017034
1602,1.0,-2.05,-0.7,1.0404742991723692,-0.1426870091628357,0.391797886113504,75.72731057976698,76.02453373948279
1603,-1.0,-7.0,-3.77,0.6722615256303262,0.22091047488838372,0.43442343253526644,89.82905180185357,90.2191558394824
1604,0.0,-2.0,-0.73,1.1327602910978058,0.1374253433092445,0.4690643177002529,72.97001952992075,73.3131475675796
1605,-27.0,-49.050000000000004,-38.36,0.4840326943271228,0.3335650208826647,0.40974327265302773,118.5767504469605,119.06262212524717
1606,0.0,-2.0,-0.56,1.0521827333507008,0.14661589731244873,0.3934363348985982,72.44133669205844,72.72303719016296
1607,-8.950000000000003,-22.05,-14.59,0.5122932718117564,0.29516945719066867,0.399272098442533,109.59993030665261,110.03749970153716
1608,0.0,-3.0,-1.13,0.9077605020834227,0.1470206760605868,0.4352921430529462,77.61887190000323,77.95590111748001
1609,1.0,-4.0,-1.52,0.7178094541965875,0.026309999395308377,0.37147053267300234,82.55189514007505,82.85824460942375
1610,0.0,-8.0,-3.97,0.7179451924580584,0.17948663527932185,0.4466434436744877,90.51999981780762,90.92400266466024
1611,0.0,-2.0,-0.38,1.2891208648011414,0.1469492113434133,0.41237452717619355,69.04653661855153,69.33331013116259
1612,-1.0,-10.0,-4.89,0.6516883273468047,0.20311423283324653,0.40631131789132346,95.22053683805207,95.60744007394182
1613,-2.0,-11.0,-6.2,0.6220881766434704,0.22493843741443437,0.42035139551152206,96.57704870375458,96.98291294537908
1614,-5.0,-17.0,-10.37,0.5941932504716181,0.2835543309571088,0.4352164946973292,103.46015070385933,103.91034768241673
1615,-1.0,-9.0,-4.81,0.6498504431961486,0.19620681152074465,0.4115386969532316,95.88224703220796,96.276677047424
1616,1.0,-2.05,-0.85,0.9592061663404039,-0.07145754609724612,0.40378043561450405,76.11230406186667,76.41884218813857
1617,0.0,-3.0,-0.98,1.0495367862428244,0.14439623650826908,0.4517226726088949,75.98094298169552,76.324505875561
1618,1.0,-3.0,-0.81,1.016714266204407,-0.01430590779418777,0.3769772738687546,76.20265827221516,76.49211070087273
1619,0.0,-5.05,-2.45,0.7502354781338235,0.14719367519803114,0.4144273053322657,87.0735088493488,87.43449642107062
1620,0.0,-3.0,-0.92,1.0231675131988287,0.1469504547566636,0.4355498931084131,76.53984326219714,76.87270463362756
1621,0.0,-1.0,-0.13,1.9659204176922949,0.14695045475666849,0.3956644622083864,61.479882009653736,61.72629802196209
1622,0.0,0.0,-0.04,0.14934051921858624,0.14692661568748647,0.5569273199498521,54.4760262494281,54.782921970606424
1623,0.0,-7.0,-3.52,0.6870400843499038,0.14815671615874196,0.4122427315882115,89.98519122582289,90.35587085969952
1624,-1.0,-8.0,-4.5,0.6703251207816519,0.2173942531279035,0.4376031287657159,88.2622718534275,88.64864293184377
1625,0.0,-2.0,-0.49,1.3727321653798135,0.14679874790974973,0.4715164220379947,71.17812398450195,71.51578119157249
1626,1.0,-3.0,-0.67,1.2858552072510216,-0.18046238102648435,0.417578675333994,72.53173909283187,72.83354750371147
1627,1.0,-3.0,-0.82,1.0551447417036957,-0.0911889279539368,0.4179133459346181,74.46934344392882,74.78196089893322
1628,-1.0,-7.0,-3.3,0.733588006704251,0.22824338686425233,0.4431858711138964,86.61819832817645,87.00210438083951
1629,-3.0,-12.0,-7.66,0.5560750367298293,0.25311905009648866,0.4035632973638979,97.39805578750298,97.79100822101462
1630,-3.0,-14.05,-7.74,0.6471104761321254,0.2466349938227549,0.4201465842210478,100.95151501588957,101.37569791339313
1631,1.0,-3.0,-0.73,1.2836423534304382,-0.15818109954893952,0.4192716055245185,75.24894624245762,75.56495305337589
1632,0.0,-3.0,-0.89,1.0136874978919292,0.10274491033305462,0.400415683446737,76.81039497869828,77.11708309031586
1633,0.0,-2.0,-0.77,0.9924815420714634,0.1461342238967865,0.42226705430174216,74.49398778570475,74.80921490109455
1634,0.0,-5.0,-1.96,0.7394045643677889,0.14796895111028457,0.4131296372997293,81.20271335551625,81.53761287986086
1635,0.0,-1.0499999999999998,-0.34,1.1514901385582699,0.146615897312445,0.4020958935266941,68.4601059596339,68.73553374156386
1636,0.0,-4.0,-1.53,0.871839268662536,0.14697951441936058,0.42265139151782677,77.6629071828225,77.99059322387687
1637,0.0,-1.0,-0.3,1.4650214683216447,0.14698922612718748,0.4594558198582765,65.97695335611645,66.28091950829582
1638,0.0,-4.0,-1.73,0.9013081688267964,0.14711083203151018,0.4468179639032378,78.31847542956694,78.66823542386268
1639,0.0,-4.0,-1.37,0.895889166529371,0.1469497286812388,0.42731196299438085,79.50145873241405,79.8404066055117
1640,-1.9500000000000028,-12.0,-5.46,0.6830797019487077,0.22584862690419558,0.39844922329655835,93.1794375740635,93.55066018703681
1641,0.0,-4.0,-1.65,0.773736682835987,0.1468418269569126,0.4212368618802755,80.03652894467706,80.37365262901699
1642,0.0,-3.0,-1.07,1.0946835382650908,0.14695045475665325,0.4451485986955476,74.178106213887,74.50813014379199
1643,0.0,-2.0,-0.51,1.5159097997248654,0.146798230571907,0.485884382753637,67.30560563848539,67.63275686746735
1644,-5.0,-18.0,-10.74,0.5819265588855085,0.2797971959073915,0.4128249503097255,101.60671969607891,102.02616237673878
1645,-3.0,-12.0,-7.47,0.5786546906516647,0.257067988920015,0.4149770607041598,100.25650936307665,100.6725314070601
1646,1.0,-5.0,-1.69,0.7622513165884346,0.04880853395129471,0.37420350321392415,83.37390520549796,83.68580130340747
1647,0.0,-2.0,-0.65,0.9118631658002359,0.14020635930134645,0.3914865238606249,76.94730054305221,77.2486336400199
1648,0.0,-6.0,-2.62,0.7721761189293119,0.14900043585978842,0.41985850770113864,86.52086140597935,86.88397069986694
1649,0.0,-4.0,-1.87,0.8116063712158866,0.1470130443992334,0.445414848367364,82.35648241136958,82.72340084277758
1650,1.0,-4.0,-1.35,0.7433255492119871,0.0037814375058707883,0.37958353495089625,82.1473765276137,82.45901249148923
1651,0.0,-3.0,-0.98,1.2679123645070287,0.14684388171836985,0.48164074225004144,76.49783366698406,76.86594600309309
1652,-1.0,-9.0,-4.88,0.6028954795725949,0.1990942228959397,0.4043690019433717,94.65251029587164,95.03537330262212
1653,0.04999999999999716,-3.0,-1.14,1.0127951941364632,0.13667496198345847,0.45503647737956343,77.15180990268011,77.50236514089252
1654,0.0,-4.0,-1.69,0.8349401848396825,0.14702283692642013,0.41295185326507794,83.08183989555279,83.42471558968761
1655,1.0,-3.05,-0.95,1.0431836553412097,-0.06099250900022489,0.4270992822850341,75.70151324632188,76.02520920509716
1656,0.04999999999999716,-4.0,-1.12,1.1596006093510782,0.0720931819874685,0.45614678747655296,76.8271112636057,77.17750568868739
1657,0.0,-7.05,-4.05,0.5833948271866972,0.15776487684573873,0.39170750203347354,92.54421406893938,92.90687063239973
1658,-12.0,-27.05,-19.2,0.5440542221375635,0.3235588090275055,0.4219363663965213,110.54728621083179,111.01366091605055
1659,-22.0,-42.0,-30.4,0.5120898814847766,0.33611044569872817,0.41259714145213455,112.95441247820806,113.42049936915754
1660,-1.0,-7.0,-4.27,0.6137111608457476,0.21445608959748041,0.41329253290853624,88.94580023663215,89.31341211936146
1661,0.0,-3.0,-0.93,1.032695015297493,0.14710738123053288,0.45851551685611314,74.10789382345871,74.44922872085462
1662,0.0,-2.0,-0.57,1.2974908550929318,0.1469951819522865,0.4560267763106898,70.31444943768561,70.63674680649717
1663,-1.0,-9.049999999999999,-4.95,0.6497393586215937,0.20072763308914154,0.421800736675377,92.36750130692772,92.75700143663288
1664,0.04999999999999716,-5.0,-2.1,0.7426733487966191,0.11407389858105153,0.38923475138655333,82.70346169539218,83.02498103039929
1665,0.04999999999999716,-5.0,-2.01,0.8354424766954465,0.10296761674626795,0.40179536183431563,82.26632749159855,82.59692710558225
1666,0.0,-2.0,-0.46,2.001970295307375,0.1467987479097516,0.5652623108106272,65.42417701929669,65.79405835414698
1667,0.0,-1.0499999999999998,-0.27,1.4893325231636356,0.14661589731245347,0.3953629240441565,64.72248882227663,64.9781417577986
1668,0.0,-7.0,-3.86,0.6501145189065904,0.1655211101219917,0.40776765031998385,89.723457149418,90.08918556596817
1669,0.0,-1.0,-0.16,1.4866853769836437,0.14675879640180758,0.3417332373436351,62.28151800363237,62.49311487662904
1670,-7.950000000000003,-21.049999999999997,-14.13,0.5428303722474743,0.2921916886705536,0.4144360396359106,102.69633365208202,103.12195345148804
1671,0.0,-5.0,-2.03,0.8875318247409635,0.1347619747053944,0.47359398215379556,79.94962259781866,80.32844168304763
1672,-16.0,-36.05,-25.45,0.5410658343339554,0.31737408372496617,0.4173800835648872,112.57203609607416,113.04194893309726
1673,0.0,-2.0,-0.62,1.364583602978755,0.14704495754878408,0.48751670111367335,68.69566682477509,69.02975672610039
1674,0.0,-3.0,-0.64,1.6646999689784918,0.1467987479097694,0.46859500268004,70.76926190688522,71.10039834843323
1675,1.0,-3.0,-1.32,0.8037008010788879,0.0011098331789231946,0.40540258270250734,77.26905492628917,77.58273591843798
1676,-2.0,-10.0,-5.77,0.5834092706887292,0.23310216937572653,0.40915271530668407,93.81406489435973,94.19791389324682
1677,1.0,-3.0,-1.38,0.8006685228187322,-0.009376858597154614,0.4237900703349766,77.39674170031947,77.72476210711869
1678,0.0,-2.05,-0.95,1.0185134229958706,0.14695045475668145,0.4401411845679268,74.47749863349136,74.8056821740075
1679,0.0,-4.05,-1.97,0.6662778915444197,0.1474257840084341,0.396882826631331,81.00374709590947,81.32479742118879
1680,1.0,-3.0,-0.86,1.129643703577597,-0.0933222420886327,0.42553502345898264,73.62567612255754,73.93852329347642
1681,-3.950000000000003,-14.0,-8.48,0.6298784661526724,0.2842554072351561,0.446714631809807,95.38626903979223,95.81229637315676
1682,-1.0,-8.0,-4.72,0.6040013228662382,0.19846619733352358,0.4212266655209712,92.63495020793488,93.0253144587247
1683,-6.950000000000003,-17.0,-12.23,0.5084630091538778,0.29208762667286997,0.4018010518581426,100.34651648455564,100.74974459121462
1684,0.0,-7.0,-3.16,0.7563609777187267,0.14799407552679755,0.43045023112970116,85.18797383670586,85.5545469009952
1685,0.0,-2.0,-0.58,1.3694854809071375,0.14678443513881972,0.4956198288713853,70.65134474232126,70.99905582943616
1686,-1.9500000000000028,-9.0,-5.47,0.6148521788541846,0.24986930543810068,0.43690045399949573,95.08318638785806,95.49879077019024
1687,0.0,-7.0,-3.34,0.6963689316947009,0.16402358363063899,0.4073500995152299,88.48150135648089,88.84151099710373
1688,-50.900000000000006,-79.05,-63.85,0.4811511101628677,0.3558052556203256,0.41268322517599015,127.49093618767144,128.01707247691147
1689,-1.0,-10.0,-5.42,0.7398462516079164,0.22557388475007906,0.451351860442382,89.50385892634375,89.90806468948044
1690,0.0,-5.0,-2.48,0.7433002087014753,0.14773539760004473,0.4237912689666954,85.2332394277162,85.5944406806857
1691,0.0,-4.05,-1.98,0.8340617422323675,0.14711083203151243,0.4672545496770972,78.53300697140277,78.89957294514757
1692,0.0,-2.0,-0.55,1.1493519192923614,0.09589692213263784,0.4141543391973743,70.99477833895176,71.28718811587119
1693,-1.9500000000000028,-10.0,-5.73,0.5864256002087895,0.2137092786445216,0.39884766234118246,93.66215642145443,94.03586223248584
1694,-3.0,-12.05,-7.01,0.616686967199516,0.24921343489566616,0.4139765036774953,98.81845678092618,99.22763580794098
1695,0.0,-3.0,-0.74,1.109857271428076,0.1465347693725317,0.40337149105783,75.08942575200969,75.39178416513354
1696,0.0,-2.0,-0.6,1.2416667260518515,0.14695314087599026,0.44546391889391757,72.1662921875325,72.48617335226442
1697,-2.0,-11.05,-6.34,0.6101487650515387,0.2599870637406022,0.42942559712387507,95.82158696936469,96.23305516161474
1698,0.0,-1.0,-0.14,1.7924445104107303,0.14695045475666413,0.3911710130026027,63.42436466157834,63.67712208189933
1699,0.04999999999999716,-3.0,-0.76,1.1138955954099308,0.11031158128382543,0.4289688427062711,75.58909735280795,75.91231230237644
1700,0.0,-5.0,-2.55,0.7491385897795124,0.1790199417981247,0.45673145750103294,86.16440971674345,86.55792203960496
1701,0.0,-5.0,-2.13,0.7265320493829929,0.146516912105874,0.4108364389883441,84.3144883945034,84.66105240457037
1702,0.0,-7.0,-3.03,0.8123203439801934,0.14991430547681822,0.4289627949986552,88.21447322793192,88.5931706597875
1703,0.0,-1.0,-0.08,3.1710349362579473,0.1469504547566713,0.4927986795529074,56.03544741776568,56.3163839668985
1704,0.0,-1.0,-0.07,3.519308486994327,0.14678443513881875,0.3838555430083118,58.52817519441027,58.7525983501768
1705,0.0,-1.0,-0.06,2.6715915891248363,0.1467987479097539,0.3702720514806313,56.1158712131664,56.3209442374347
1706,0.0,-1.0,-0.18,2.3572308277517706,0.14697019360719654,0.562376136735929,58.77567317554368,59.10700003998256
1707,0.0,-0.04999999999999982,-0.03,0.26687899803709303,0.14678443513881995,0.23430197008583548,59.715430233224964,59.852009658035925
1708,0.04999999999999716,-3.0,-1.12,0.9792251049455943,0.1079630193493375,0.4547936109822166,76.754020189324,77.10255980882776
1709,0.04999999999999716,-2.0,-0.38,1.4300597981119563,0.024573689544312376,0.41880573074099287,68.85332492312008,69.14084263198382
1710,0.0,-3.0,-0.97,0.8709537341878253,0.12553277232692026,0.38339597891603433,78.80998284950756,79.11134755000393
1711,0.0,-4.0,-1.37,0.8704043477489559,0.13923626039190581,0.41003022475542183,80.33334009486659,80.66272816845789
1712,0.0,-4.0,-1.3,0.8967728450157392,0.14615458908627743,0.4039338674431642,82.66207927439562,82.99621794007027
1713,0.0,-2.0,-0.49,1.1850455310152028,0.14697251535282013,0.42577728059737086,71.15740614371413,71.46123221798304
1714,-4.0,-14.0,-8.52,0.5881104564863572,0.26550442979510136,0.41919420563914433,101.36813873999087,101.79301685755759
1715,0.0,0.0,-0.01,0.148805622645878,0.1469599640933984,0.4703683575309863,41.360682653396815,41.54308232338144
1716,-4.0,-18.0,-10.3,0.6087294800439912,0.27967027866445243,0.42414675270525054,101.99862649700535,102.43109439550801
1717,0.0,-1.0,-0.14,3.383253653402364,0.14695045475667337,0.7775822817306524,58.96125326616174,59.46576862733026
1718,0.04999999999999716,-1.0,-0.22,2.3796608139442044,0.0914455493048322,0.46453844422400126,64.54090167511531,64.83720278555359
1719,-1.0,-8.0,-4.03,0.6408860744945133,0.20605830019690577,0.41826439015914785,91.72488428136955,92.10854476883586
1720,0.0,0.0,-0.02,0.1488277151634393,0.14697710107672118,0.3110823981436884,55.14838596975322,55.31868056858386
1721,0.0,-1.0,-0.14,3.526097810591271,0.14699518195227704,0.6288888340349787,57.072584301683726,57.41840837612533
1722,0.0,-5.0,-1.86,0.813141407546756,0.14772135489154004,0.42113197877425684,83.02654364747828,83.37606839935746
1723,0.0,-5.0,-2.16,0.8568225096468466,0.14729640106604702,0.451140263269788,84.11317092263485,84.49215730853521
1724,0.04999999999999716,-2.0,-0.57,0.9947916577886382,0.1314215937428214,0.3870175516284896,73.95986750453685,74.24522643018703
1725,0.0,-2.0,-0.46,1.6523830147421825,0.14661589731245098,0.5234863580942886,69.68791064536168,70.05515828789868
1726,-8.0,-21.049999999999997,-15.21,0.5473161551825955,0.30827286393077685,0.4253268051229942,108.23071938050369,108.69115404571247
1727,1.0,-2.0,-0.56,1.0162373101947333,-0.11250494916536678,0.3927273120921788,74.32023160035537,74.61213204573248
1728,0.0,-2.0,-0.44,1.1595229723865343,0.146950454756661,0.40034945044574294,70.7339605217524,71.01601370155063
1729,-15.0,-33.05,-23.89,0.5245664776621903,0.32506897990145184,0.4198408214462961,112.90914838932237,113.38317058100627
1730,0.0,0.0,-0.01,0.14883549066266252,0.1467943914571951,0.2946347853314223,53.72625233793992,53.8832749373805
1731,0.0,-2.0,-0.64,0.9690824293233389,0.1460314912856279,0.39577487372689846,75.05384591212281,75.3492196286304
1732,-2.0,-12.0,-7.29,0.5887716868585905,0.24229939197341188,0.41523980613742867,96.51828485505958,96.91891086584923
1733,0.0,-6.05,-3.35,0.6715067412210737,0.199027607895604,0.4186030237688849,90.91623314319948,91.2969616322921
1734,0.0,-5.0,-2.5,0.6245507238869297,0.1478987974097952,0.37085373145008743,89.25779461567323,89.58889731382334
1735,0.0,-4.0,-1.34,0.9048927514308273,0.13975748251071196,0.3971709864893546,78.99220153652098,79.30610396867793
1736,0.0,-2.0,-0.51,0.9714985209559865,0.146044711304076,0.36600931013238575,69.8312257635712,70.08563364088499
1737,0.0,-7.0,-3.16,0.7009275206487353,0.1456111947459633,0.4242459049444537,89.98970034947656,90.37125766358265
1738,0.0,-5.05,-2.22,0.7143111671362293,0.1467824212539829,0.3873630998562219,82.23383459423736,82.55286286660694
1739,0.0,-7.0,-3.61,0.710017647218834,0.15959766682294838,0.41828342082461584,87.38809179529915,87.75339177695591
1740,0.0,-6.0,-2.58,0.7227538080772198,0.14757038956676247,0.42134270858425926,87.5279992871815,87.89683797699348
1741,-1.0,-9.0,-4.71,0.6486087210313902,0.20261181262049102,0.40858506606397227,89.85959190938782,90.22686051504475
1742,0.0,-5.0,-1.79,0.961734523911863,0.10772987978646707,0.44337511854569284,81.86206473109358,82.22451586660587
1743,0.0,-6.0,-2.61,0.6800618447991554,0.13289912170417328,0.4040036101483278,82.78260458624453,83.1173474784454
1744,0.0,-1.0,-0.16,2.195362075083574,0.1467987479097533,0.45709857442335766,61.35568413533912,61.6353751292008
1745,-1.0,-12.05,-6.8,0.6526336475037049,0.2021742676249906,0.4144211374661957,94.46770027670577,94.85911524429788
1746,0.0,-1.0,-0.21,1.8634367243360437,0.14699680432141654,0.502867612442739,62.70791203836875,63.02735603926319
1747,0.0,-6.05,-3.01,0.733328080382701,0.152492067973044,0.429167500281156,83.87798695092481,84.23808562894928
1748,1.0,-3.0,-0.73,1.3802847472252802,-0.2438818459879635,0.4909024049994005,73.05981052064338,73.41989583568552
1749,0.0,-2.0,-0.52,1.287220175708137,0.1469962208391291,0.42265790828520233,71.45374943658784,71.75640703302393
1750,0.0,-1.0,-0.24,1.9957832182148072,0.14661589731245048,0.4534958152940927,64.46211670880272,64.75102753593617
1751,0.0,-4.0,-1.86,0.7867804735841163,0.14637520240829563,0.4219619907426775,84.52275167636034,84.87991201107408
1752,1.0,-2.0,-0.44,1.4614560532671692,-0.45248528735880744,0.4474328039276273,66.29100867538975,66.58697673206562
1753,1.0,-4.0,-1.36,0.8129573428922552,0.02981948967186725,0.4092985978369822,81.06984901612242,81.4011008674105
1754,0.0,-1.0,-0.34,1.1384212361237056,0.1467670847150361,0.3829403194418313,68.65810347368866,68.92260034686483
1755,-3.950000000000003,-15.0,-9.13,0.5697293661207737,0.2518296559583288,0.415974737953064,101.47017800989929,101.8922514615747
1756,0.0,-7.0,-3.23,0.6860113778753573,0.14795907349206622,0.3969458385711901,89.77158454352016,90.12780846411097
1757,0.0,0.0,-0.03,0.14887931753891998,0.14695045475666743,0.5104382406112671,53.88010275505705,54.17224578053262
1758,0.0,-1.0,-0.2,1.6930212931489197,0.1469701936071974,0.40036360939590004,66.87150480375705,67.1397426806223
1759,0.0,-3.0,-1.2,0.8052337031473671,0.14699026501406212,0.40030009426625285,77.70912436681563,78.01985157596943
1760,0.0,-5.0,-2.05,0.8156981185686105,0.11698184672713735,0.4221451985060726,86.466678526183,86.83105219658067
1761,-2.0,-9.0,-5.01,0.6484142543223418,0.24588849870525695,0.4312420822031926,91.88351513597964,92.27990648200075
1762,1.0,-2.0,-0.51,0.89703166227051,-0.20953593073466853,0.37029331203768306,71.23489127248683,71.49951787910928
1763,0.0,-5.0,-2.18,0.8280767953442987,0.14778694703553877,0.4410327024831961,82.20825858357315,82.57076688542872
1764,0.0,-4.0,-1.18,1.01412455601666,0.14654238037627168,0.406945024959048,77.17985816569406,77.49414694751277
1765,0.0,-4.0,-1.4,0.9137653845171196,0.14698922612718665,0.4099953914578001,80.0300374867411,80.35738784835675
1766,0.0,0.0,-0.01,0.14881678871521498,0.1468550984799463,0.25281423374957507,51.4680627954669,51.59308594809102
1767,0.0,-6.0,-2.75,0.6462954100534739,0.14961041165847155,0.3756922032844481,88.66312887919482,88.99595741637918
1768,0.0,-1.0,-0.14,2.743071470065542,0.1469781399635934,0.4452165353010745,65.23150914879842,65.51836146831799
1769,0.0,-7.0,-3.05,0.7386930170532996,0.1485401377679333,0.39607485453317337,90.11962617552949,90.47641795318735
1770,0.04999999999999716,-2.0,-0.49,1.2012779225264643,0.1293417885913754,0.3864982788892983,76.08196954911459,76.37663498433542
1771,1.0,-2.0,-0.46,1.0781629596196578,-0.263119112659693,0.35266434294733456,75.69109748634544,75.95688031862912
1772,0.0,-1.0,-0.25,1.508976932370384,0.1469504547566701,0.4138059841732001,65.6778371507558,65.94658870035032
1773,-2.0,-9.049999999999999,-5.61,0.6153934848808085,0.24044275185933356,0.42398264010257675,100.69326228310949,101.12010570525322
1774,0.04999999999999716,-3.0,-0.99,1.2058914478847345,0.12464251519852255,0.4482701152749457,76.9289349148887,77.27411770123024
1775,0.0,-7.0,-2.94,0.7444849191313441,0.16629217855339914,0.41094836213209057,89.27163357690647,89.63820158450147
1776,0.0,-2.0,-0.44,1.207375547726396,0.14694972868124082,0.41356889811972264,73.535532926733,73.83946791436698
1777,0.0,-1.0,-0.19,1.8693899800875768,0.14699026501406018,0.454085188767612,60.1689395377674,60.44209310014938
1778,0.0,-3.0,-1.05,0.964366699613346,0.1469800363575259,0.42752951648266185,80.44694566145931,80.79173808401478
1779,0.0,0.0,-0.03,0.14890292811716724,0.14679802183432963,0.2759648368013813,58.06744725994424,58.22857400069763
1780,-6.0,-18.099999999999998,-12.01,0.5641748517351572,0.28764920007365924,0.4201787209406853,106.20693588718835,106.65321528048123
1781,1.0,-4.0,-1.57,0.8228996031052966,0.02407560229197749,0.41108961897731366,78.58054348824889,78.90373146194933
1782,0.0,-1.0,-0.16,2.632455042514003,0.14695045475667123,0.5017733389202941,63.77095090106,64.08971872650638
1783,0.0,-1.0,-0.07,3.157273760932412,0.1469504547566595,0.6186358876660405,60.496203424450435,60.87336326319714
1784,0.0,-5.0,-2.22,0.6910886327192749,0.13581759670350477,0.38367582664317285,91.35274918152999,91.70363799526736
1785,0.0,-2.0,-0.48,1.0571256400860158,0.1377260208365734,0.3673280788593084,75.66261326787944,75.93973831570233
1786,0.0,-6.05,-3.01,0.7015071724156837,0.1446514793174445,0.4102853000148042,89.2579033681466,89.62422268546023
1787,0.0,-1.0,-0.13,3.4337450696315157,0.1469781399635936,0.516633000321326,62.69818786731491,63.02157618509329
1788,0.0,-6.0,-2.94,0.7201612750253088,0.1765414925717865,0.41630996716559954,88.30011516717221,88.66766099865228
1789,0.04999999999999716,-2.0,-0.65,0.9701327925090393,0.13139459158355982,0.35860105114958624,80.78523477759406,81.07530326873477
1790,0.0,-6.0,-2.69,0.7888475889816069,0.14757796953945848,0.4483384081865192,87.43277268255746,87.82493186217818
1791,0.0,-1.0,-0.13,1.31122458386854,0.14678443513881748,0.2930306356618685,65.58566169445282,65.77604940176938
1792,0.04999999999999716,-4.0,-1.64,0.9092865881312322,0.11098772659314944,0.441320270110918,82.43779545496454,82.80182024265345
1793,0.04999999999999716,-2.0,-0.69,1.0563614955190077,0.12991329491845055,0.43293683238962816,75.84342839036661,76.17084069023285
1794,0.04999999999999716,-3.0,-0.88,1.0320333570639288,0.1363043723705243,0.45228369749154934,75.46460047355129,75.80653038727193
1795,-0.9500000000000028,-7.0,-3.35,0.7252089184408643,0.20606887037271285,0.42908078773936,90.35595944617977,90.74354459068289
1796,1.0,-1.0499999999999998,-0.37,0.9525122263818714,-0.29989909520635094,0.34499879059641164,73.3932557717529,73.64454856901556
1797,-2.0,-12.0,-7.36,0.6118032847509227,0.23624139900192248,0.42085909402714405,102.22628164754525,102.65652874102851
1798,0.04999999999999716,-4.0,-1.43,0.9026155102242617,0.12169842195542997,0.41620705585826806,81.9373739993338,82.27861565487005
1799,1.0,-4.0,-1.47,0.9008971972364024,-0.0034401704782445358,0.4402362300678442,81.55748236214762,81.91742328278075
1800,1.0,-4.0,-1.33,0.813203300610411,-0.030695931543727722,0.3961471113274201,81.2226531546069,81.54356600846849
1801,-9.0,-23.0,-15.33,0.5581157024004566,0.31260806428041066,0.4310719045388616,107.4415222860368,107.90468808544146
1802,-0.9500000000000028,-7.0,-3.7,0.6846251382352386,0.17770919806625224,0.4063679566160574,94.12777003313673,94.51057597303587
1803,0.0,-5.0,-2.38,0.6322036270939333,0.1480110519495937,0.3855397912969431,85.54348512709305,85.87321522668066
1804,0.0,-1.0499999999999998,-0.31,1.4423572292275175,0.1467670847150473,0.4362971054007189,65.22341486209905,65.50777989571709
1805,0.0,0.0,0.0,0.1487972697028089,0.146966712208023,0.1477750015735614,47.20234535669458,47.27210075080154
1806,0.0,-7.0,-3.44,0.6566323634072524,0.15094021399933258,0.4064179256771657,89.64430611608131,90.00852366558958
1807,0.0,-1.0,-0.13,2.772282448016184,0.14695045475666285,0.47040216513671806,61.453336425832916,61.736817516640876
1808,0.0,-3.05,-1.12,0.8726831313233117,0.14686827628022892,0.4088018975535272,80.8605453343398,81.1895521994619
1809,0.0,-2.0,-0.78,1.1208047796440472,0.1466158973124541,0.4466272277885805,71.55148120550176,71.87046929586755
1810,0.0,-4.0,-1.6,0.6993271558061556,0.1469892261271895,0.36968625987821396,88.32309880342116,88.64978628377537
1811,0.04999999999999716,-6.0,-2.45,0.7820713516051415,0.12627823571022054,0.4097171813441096,85.73814097637506,86.0895258230033
1812,0.0,-5.0,-1.95,0.7963162232909164,0.1470471962907243,0.4182695471144258,84.14077939911081,84.49302556899211
1813,0.0,-2.0,-0.81,1.0578026735044148,0.1450242499055094,0.46881417380924595,73.86188795844848,74.20791822437158
1814,0.0,-1.0,-0.15,1.884066190345059,0.1467670847150253,0.37366409008306517,66.41670672415549,66.66360184546802
1815,0.0,-1.0,-0.17,2.010233122443075,0.14675879640181289,0.41507195560972,63.87466237032582,64.14167013637076
1816,1.0,-4.0,-1.39,0.9723184235870432,-0.0027094094271812997,0.4210654490974974,80.92105497433329,81.26134628482389
1817,-3.0,-13.0,-7.63,0.5574226771879308,0.25015147752017697,0.38950519377094744,112.19502390195959,112.63196302323429
1818,0.0,-4.0,-1.43,0.7333688347443985,0.1465331945390853,0.3864074649671438,82.2369650286104,82.5545627127013
1819,0.0,-3.0,-0.8,1.2924094403840471,0.14676708471503241,0.45865076064554744,75.19436994846336,75.53977861042804
1820,0.04999999999999716,-1.0499999999999998,-0.3,1.4021883507977286,0.10141155519903641,0.4037236616126959,68.53225480079868,68.8077778834306
1821,0.0,-4.05,-1.69,0.8267103698838324,0.14736412152864875,0.417640415852712,82.04921180027128,82.39195478948973
1822,0.0,-2.0,-0.66,1.1596823890958812,0.144960793752253,0.46305911108837877,71.47263665463272,71.80363535929104
1823,-2.0,-13.0,-6.87,0.6484316127185098,0.2276613965576897,0.41595412676511734,95.9707355702517,96.36969221866511
1824,1.0,-4.0,-1.24,0.9357466099244917,-0.03830836432295665,0.41743452387441565,81.28371416832051,81.62336313109728
1825,0.0,-1.0,-0.27,1.225433576104264,0.1467769141341119,0.35174779429767306,66.07733705979228,66.30745294117366
1826,-22.900000000000006,-44.1,-34.23,0.4961503358235808,0.3284565932320585,0.41931494890601867,113.23602721736387,113.71085557407032
1827,0.04999999999999716,-5.05,-2.19,0.7664654277666652,0.10510523132076134,0.41171359809800256,81.65425440291686,81.99066074618825
1828,1.0,-3.0,-0.8,0.9046819485558467,-0.08486958431168155,0.3604107816514777,80.02350950547495,80.31201623237625
1829,-1.9500000000000028,-13.0,-7.25,0.5832075201722549,0.21086200581874875,0.3957421220753765,95.2862252162507,95.66335768748901
1830,0.0,-4.0,-1.95,0.7620805629434415,0.13823969105418066,0.4271140816742218,89.1520317649215,89.53250275142916
1831,0.0,-5.0,-2.04,0.7806859523270285,0.12688234815495253,0.4222583922827033,81.96655904174412,82.31280481752063
1832,-1.0,-9.0,-4.77,0.6154506241206293,0.2096273104590967,0.39435005652602007,91.29239224851979,91.65248393216478
1833,-0.9500000000000028,-5.0,-2.68,0.6724376234140583,0.22747148847751159,0.41627897326009555,85.91753027676624,86.2752809086484
1834,0.0,-3.0,-1.31,0.7461530325054688,0.13881143295508006,0.39808274816117567,80.0292997754682,80.34789120748651
1835,0.0,-3.0,-1.22,1.0167431002464677,0.14623548929002975,0.46010063985743765,77.11542330034379,77.47037983309465
1836,0.0,-4.0,-1.54,0.6780179655403519,0.1471789753781133,0.38590869887958434,81.04381234663327,81.35626339633968
1837,-27.0,-50.05,-39.34,0.4747864564770616,0.32639257067537575,0.40702953451059515,118.37461260243775,118.8564030449396
1838,0.0,-5.0,-2.17,0.7665147539032205,0.1408061568586439,0.4086727539248015,82.27462489551971,82.61089849052703
1839,-4.950000000000003,-16.0,-9.87,0.5928228466892914,0.27832526211767505,0.42803779908373984,98.65184344677338,99.07412140401831
1840,-1.0,-7.05,-3.99,0.6111016334185515,0.20532766663720717,0.4000743377589199,88.98768606511162,89.34378695603553
1841,0.0,-7.0,-2.54,0.9007782587624504,0.1475691816317512,0.4287696340784736,83.43598891260726,83.79374510956481
1842,-169.95,-221.05,-197.55,0.4363327961677563,0.36686022024622084,0.40403575502310163,152.56181673326566,153.17822147105903
1843,-21.950000000000003,-45.05,-32.61,0.4978666211330999,0.324677197725769,0.40883974687588226,114.43648082653974,114.90430594045995
1844,-0.9500000000000028,-8.05,-4.44,0.6485240280649687,0.19901959913668588,0.4028133602695717,90.04594324954404,90.4082882977751
1845,0.04999999999999716,-2.0,-0.41,1.3320860843110858,0.12092651464068682,0.39442031378239656,68.8503511372124,69.12200521685058
1846,0.04999999999999716,-3.0,-0.76,0.9958064913361412,0.11217704311083113,0.39188205382690655,72.9827091065525,73.26914062640707
1847,0.0,-3.05,-1.28,0.8623737190299713,0.11186634645106408,0.39911193279347823,77.07701830093708,77.38433225911004
1848,0.0,-6.0,-2.4,0.8433413945887195,0.14716803942082832,0.4422149667154435,83.75781108190672,84.128116510798
1849,0.0,-5.0,-1.91,0.8679786253839527,0.14615404173253072,0.43412275714816995,81.39263306906548,81.74582224709584
1850,-3.0,-15.05,-9.37,0.5712990134329574,0.23219934188014896,0.41105316560887617,97.13672669351433,97.53610945846543
1851,-6.900000000000006,-19.0,-12.12,0.5547571732811654,0.2968616121692605,0.40680603641564345,100.07376320389209,100.4808815272003
1852,0.0,-5.05,-2.6,0.6669055175235985,0.14776493125977638,0.43110266426442345,83.7012256797829,84.06186831001483
1853,-1.0,-10.0,-5.18,0.6845324833106468,0.2188199022120881,0.43134232939611794,92.0190094734955,92.41550918156351
1854,0.0,-5.0,-1.66,0.9306001815217784,0.13113123035605825,0.400301602892832,81.19432683760635,81.51949184086452
1855,0.0,-4.05,-1.87,0.782663041358279,0.14802402905704062,0.41844171824060195,83.03372642602703,83.38151692283594
1856,0.0,-2.0,-0.57,1.164683419778367,0.1467989730056887,0.3940987940220498,70.94626612540718,71.22661698800427
1857,-53.85000000000001,-83.1,-66.98,0.4839398582409278,0.3636293283404957,0.4168039599762082,124.53684630346676,125.055930276379
1858,0.0,-6.0,-3.08,0.7308993161174583,0.16261720883442246,0.44938401901570496,84.38998673897063,84.76955632545858
1859,0.0,-6.0,-2.66,0.8402790810139742,0.1492752068884428,0.43933112541566954,82.52487614305481,82.8874229493158
1860,0.0,-5.05,-3.03,0.5947953757567424,0.14814795486272722,0.4047948894089501,84.93621965353519,85.28001381672422
1861,-3.0,-14.0,-7.49,0.6271730281815779,0.2525456544983711,0.41623660032098736,95.43097036936753,95.82803959285835
1862,-0.9500000000000028,-7.0,-3.39,0.7125887191719769,0.21029769233214932,0.41893481651302955,86.26270374704609,86.6242474814208
1863,-3.0,-14.0,-8.35,0.5992298552148289,0.2450697121649225,0.4173756812655687,100.05568279762493,100.47318344566935
1864,0.0,-6.0,-2.87,0.6562652945515429,0.14701062167941964,0.38296869057555183,87.4089201124457,87.74356642013932
1865,0.0,-4.0,-1.6,0.801587423370248,0.14743044776765138,0.3897780074583789,81.37862620001431,81.69614871730381
1866,0.0,-3.0,-1.08,0.8572366665566452,0.14698723559587668,0.3956455331630333,77.51493392842234,77.82180457672405
1867,0.0,-7.0,-3.46,0.7027292484974559,0.1477842856155019,0.4330951410522667,88.31311635958025,88.69588522776276
1868,-0.9500000000000028,-9.0,-4.82,0.7279056351263948,0.197053625815709,0.4353369171662799,92.41637055261286,92.81871638304926
1869,0.0,-2.0,-0.73,1.091483713230114,0.1469416903386811,0.4486879861448255,72.53162147880808,72.85585479638976
1870,0.0,-3.0,-0.91,1.1641591745765827,0.1470228369263982,0.4474264116059601,77.2300452172438,77.57579235246982
1871,0.04999999999999716,-2.0,-0.65,0.908871404873775,0.07471590642811045,0.3742626839907765,76.12385062761257,76.4084534714417
1872,-1.0,-9.0,-4.19,0.6683941990572435,0.20474865379222673,0.4119234241115835,95.19705615989787,95.58915584726574
1873,0.0,-4.0,-2.01,0.7092486276527484,0.14773841679787347,0.4159665021688081,82.38676929188222,82.72939935009275
1874,-1.0,-8.0,-4.84,0.6155982531929783,0.2144627449819651,0.42495951176924235,92.03953799013411,92.43063962758617
1875,-24.950000000000003,-46.050000000000004,-35.45,0.4995132363855377,0.3415721505787388,0.42094917298749124,118.10069109000273,118.59782528996746
1876,0.0,-6.0,-2.99,0.6802052240334877,0.14759848487177143,0.41567926697626734,87.3514847148699,87.71464914453496
1877,0.0,-3.0,-0.88,1.125015759620965,0.12180890235899441,0.4775440692431448,72.8214200704444,73.16944426052419
1878,-1.9500000000000028,-9.0,-5.4,0.5822054792913691,0.22996501094022082,0.4062463312407102,94.87255659547141,95.25799830012193
1879,0.0,-3.0,-1.06,1.0686070279833895,0.1470114862908903,0.4531214944308696,79.41286433848714,79.77219451107318
1880,0.0,-5.0,-1.85,0.912967088159761,0.14581623048333506,0.41472564658102296,84.85432303546465,85.206311693317
1881,0.04999999999999716,-4.05,-1.72,0.9147393191919928,0.14177900760862353,0.44518625668897227,82.48691522508048,82.85451551441278
1882,0.0,-3.0,-1.04,1.0817825489487032,0.12649766177062438,0.4264998153069067,79.30383696633295,79.64202853204245
1883,0.0,-7.0,-3.21,0.7163093441808857,0.14664812277674072,0.4020649280173538,91.328166570986,91.69527145898014
1884,1.0,-4.05,-1.91,0.7908080560288365,0.06623047372215145,0.41955448398415934,82.49349883030663,82.83938899488477
1885,0.04999999999999716,-2.0,-0.38,1.221261039802891,0.12023740145836617,0.37329711816504074,70.51516899250787,70.77656825101394
1886,0.0,-7.0,-3.58,0.6583566500376582,0.16047588647238306,0.4111513426410279,96.29760923379995,96.69369857123776
1887,-14.0,-31.05,-21.93,0.5211481696503488,0.3172006918229352,0.4146079493803196,110.7940675199083,111.25337727296719
1888,-9.950000000000003,-23.05,-16.67,0.5340713435302059,0.3072521224240177,0.4210930412580509,105.37833142919219,105.82201445997772
1889,0.0,-5.0,-2.28,0.767264366118726,0.1476819604509918,0.4305140373182176,83.14256566579259,83.49983690091213
1890,-11.0,-26.0,-18.24,0.5400562733234097,0.321890314109904,0.42266298640136435,108.25513088492211,108.71269299568317
1891,0.0,-5.0,-2.04,0.7759947691229301,0.1477372768419134,0.4211542051398142,82.75635846828288,83.10479032482338
1892,0.0,-5.0,-1.72,0.9818816831775807,0.14518675969673514,0.424152321796772,82.21898681952585,82.5679200098223
1893,0.0,-5.0,-2.75,0.6685884030298163,0.14706062538296785,0.4182985324091377,86.47727995955326,86.8390032572824
1894,0.0,-7.05,-3.35,0.7670453191933262,0.1436633584561757,0.43104031043924046,90.08634938036495,90.47453351252989
1895,-1.9500000000000028,-10.0,-5.31,0.642713572028973,0.23583444322688424,0.4213318204860478,92.99432063249458,93.38631665796797
1896,-14.950000000000003,-37.0,-25.02,0.555190841427202,0.30857189985382544,0.4175397000918661,113.81940548743044,114.29463756669762
1897,-29.950000000000003,-52.05,-41.4,0.49873492819665266,0.34372654444827133,0.4226465870918084,118.40227030573956,118.90270172003358
1898,0.0,-6.0,-3.05,0.6546082282535051,0.14661249961968534,0.39702527344641053,91.7392210875275,92.1033864965432
1899,-1.0,-8.05,-4.7,0.6767353564168977,0.21552783617387195,0.4439623942422386,93.03698560582934,93.45021639199499
1900,-7.0,-22.05,-14.29,0.5448509202453551,0.27628454481559384,0.4072284444322264,114.2625597280261,114.72782654069869
1901,-23.950000000000003,-49.050000000000004,-36.09,0.5098501644565386,0.3330615604718531,0.41877395377483567,124.14734508598856,124.66719629735937
1902,0.0,-5.0,-1.95,0.7683286600002899,0.10720614775591136,0.3805946085682016,94.55537219707745,94.91549412694145
1903,0.0,0.0,-0.03,0.1487365198628969,0.14683920576714843,0.24862675408510604,50.85104118764528,50.78367065569925
1904,-8.0,-24.05,-15.96,0.5616816682253507,0.29940233051869564,0.423119214064773,113.61604139099468,114.09674032640643
1905,0.0,-1.0499999999999998,-0.45,1.020959237861271,0.14677691413410549,0.42698355863505866,73.91362827268476,74.22838659807131
1906,-3.0,-12.0,-7.46,0.5848377513919816,0.2540015973842592,0.4109563669146688,103.11913998957783,103.54285993689388
1907,1.0,-3.05,-0.87,1.2783782208214254,-0.09376366188178237,0.42050077352532644,80.32844828444102,80.66634122972393
1908,-10.0,-26.0,-18.54,0.5220360728278258,0.2991886940622471,0.41591039129059615,118.51199968162634,119.00485756291539
1909,-2.950000000000003,-16.0,-8.81,0.5846364478156624,0.2193333761267133,0.3879911455067622,108.84817796515166,109.27044968204791
1910,0.0,-5.0,-2.18,0.6643586442897208,0.14214928332638302,0.36045215373758394,92.5669059498029,92.90064081512921
1911,-3.950000000000003,-15.0,-9.0,0.5461259376624221,0.24269044918594987,0.39993856375422154,107.71530210776767,108.14606406797573
1912,0.0,-2.0,-0.66,0.8878858848896973,0.14677691413411462,0.37323982930232036,81.2629356060078,81.56598922307816
1913,-1.0,-9.0,-5.02,0.6013765000965087,0.19294451756736514,0.404858445661221,99.53276956034755,99.93556768763762
1914,0.0,-4.05,-1.84,0.680335358044013,0.14612977724694906,0.38201783451113946,90.03150641825496,90.37519121613326
1915,0.0,-5.0,-2.31,0.7495961847144835,0.13020576811238652,0.4113865606136585,91.52241174436618,91.8991715541092
1916,-20.900000000000006,-41.050000000000004,-29.52,0.5186365646872638,0.3231268596157431,0.4124959163314892,123.79546648303571,124.30608386040998
1917,-4.0,-14.05,-8.26,0.6284632521921975,0.27780917890308987,0.41978890894940435,104.40517081194771,104.84329859415216
1918,0.0,-5.05,-2.3,0.7211273280416722,0.11087896548860839,0.4028073860213652,89.30744040947121,89.66736207629299
1919,-0.9500000000000028,-9.0,-5.28,0.6009746231686185,0.19624726888002295,0.4074226848314866,99.57168410126118,99.97750145805976
1920,0.0,-2.0,-0.63,0.8649577543502591,0.14514705474522943,0.3736046717271554,79.852438972261,80.15100435791183
1921,0.0,-2.0,-0.39,1.057116337325702,0.14675879640180522,0.3560402632908207,78.55347939956813,78.83343341336908
1922,-3.0,-15.05,-9.41,0.5566010137653844,0.23509568487870514,0.4072298769525596,108.33383345421282,108.77494212171717
1923,0.0,-3.05,-1.3,0.8316037453185721,0.13656651384232024,0.40157271015503604,85.20024839427968,85.54183676451255
1924,-2.0,-12.1,-6.42,0.6683562491110698,0.22966455473472602,0.4262876471252168,105.45651495904542,105.90585571793585
1925,-7.950000000000003,-23.0,-14.98,0.586838946798642,0.2919776300067935,0.42889774679898657,115.16856579704317,115.66274944658375
1926,0.0,-5.0,-2.32,0.734465241031799,0.14778626406706058,0.4124460526245406,92.337589024281,92.7178179292188
1927,1.0,-3.0,-0.93,0.8180495071185422,-0.055590290107681614,0.34355305610588016,83.55362459046145,83.84090279093111
1928,0.0,-3.05,-1.42,0.7716010432470265,0.14607451873886315,0.4145096122307417,86.13323169903632,86.49004330554159
1929,0.0,-6.0,-3.21,0.7463824656164074,0.18560768310054146,0.4521613611051659,95.40390694899506,95.83525304400631
1930,-4.950000000000003,-14.0,-9.1,0.5687750777208106,0.28046965639762034,0.4107543547380936,108.91523450306289,109.3627040408231
1931,0.0,-3.0,-1.0,0.9187382211833718,0.14700107993311826,0.42752927253844014,83.2236014365641,83.57956831056771
1932,-5.0,-18.099999999999998,-11.68,0.5246800523675897,0.2629597834989399,0.39143600807852325,112.26839159360671,112.70777630881834
1933,0.04999999999999716,-3.0,-1.36,0.8759013552255134,0.039569772307205035,0.43730342813969486,86.35363783492865,86.73208081107872
1934,0.0,-2.0,-0.39,1.4266506657617108,0.14694169033869367,0.4194776755717325,70.75386929796905,71.05153613583404
1935,0.0,-1.0,-0.09,1.9825150473618907,0.14676708471502897,0.3216322110137733,68.84587827554279,69.06867090347131
1936,-1.0,-7.0,-3.03,0.6241257938039431,0.2002104983792232,0.3655152807410989,96.89346303640299,97.24756826979336
1937,-8.0,-22.0,-14.44,0.528044759542171,0.282144574713682,0.40060691456273045,118.54238846615085,119.01725531255195
1938,0.0,-5.0,-2.42,0.7600291005870622,0.14799222457330466,0.41882773510501764,95.90714112571756,96.3087622888744
1939,0.0,-7.0,-3.6,0.6829865428533294,0.15222107233969293,0.4166552869234257,95.87037330883126,96.26986082273348
1940,0.0,-6.0,-2.62,0.8452470194156712,0.14584136412749116,0.4579559333702511,88.84346334384459,89.25055950082958
1941,1.0,-2.0,-0.57,0.823911622298881,-0.04653391710083504,0.33362718264046415,80.52357233274088,80.79150837227883
1942,-6.0,-18.0,-11.84,0.5135579923654399,0.2685902069071299,0.3848461384642773,114.86134452625902,115.30341405897065
1943,0.0,-3.0,-1.15,0.9009007663060966,0.14641292328882377,0.4206774191795346,81.48567811154135,81.82905029967908
1944,1.0,-6.05,-2.62,0.6732752021108792,0.09418557577022581,0.35983623189279695,90.39368683779126,90.71893959456486
1945,0.0,-6.0,-3.29,0.6550185536690505,0.1636536185667066,0.41335051631694614,91.59425470969668,91.97282539456418
1946,0.0,-5.0,-2.1,0.6847846901855034,0.1477266141682771,0.39424468572931815,89.53391341502103,89.88647732496713
1947,0.0,-4.0,-1.47,0.8107855189509791,0.139361217936227,0.4088865106638134,84.95521023677526,85.303070983084
1948,0.0,-4.0,-1.92,0.7822986032543472,0.14711058741009198,0.4362313691998531,86.7622336014817,87.14151680798093
1949,-1.9500000000000028,-8.05,-4.46,0.7004211263439785,0.2522165284643657,0.4393070305230357,99.27236600647564,99.70847023195809
1950,1.0,-5.0,-1.26,1.00292030499313,-0.012128954693398402,0.3858450054018057,84.37965746541789,84.70534747662647
1951,0.0,-8.0,-3.52,0.6951140924461974,0.16259051831057236,0.4010490849492423,93.59399655185709,93.9694175451816
1952,1.0,-3.0,-1.45,0.8506924737418496,-0.02164302030741944,0.4398735190833144,83.74820188209047,84.11671251698482
1953,-3.0,-14.0,-7.77,0.6119459937220769,0.24692303777576807,0.4135834350048131,101.19996809093318,101.61849069598782
1954,1.0,-3.0,-1.15,0.8333104981303553,0.03860789654186612,0.3978674251544057,81.21777083144218,81.54052008485527
1955,0.04999999999999716,-3.0,-1.08,0.9654041651022793,0.13470621448393788,0.4213208574477161,79.10720209976715,79.43911629837278
1956,1.0,-4.0,-1.81,0.7277585035343631,0.04632886508737307,0.3844127788445785,86.32551469235563,86.65756779000841
1957,0.0,-5.0,-2.0,0.7471539051353495,0.11330081495659108,0.39947454826766937,88.17403688187946,88.52653371675596
1958,0.0,-1.0,-0.24,1.442401861569985,0.1467670847150338,0.3862584875113073,68.35534363445697,68.61687068468949
1959,0.0,-1.0,-0.31,1.1871649923465462,0.14694169033870164,0.3869610476990146,69.38103495810037,69.64332680281532
1960,0.0,-3.0,-0.96,0.8634945372350543,0.13371014862006386,0.4071456783308349,78.14920065328585,78.46719567396542
1961,-1.0,-9.0,-5.28,0.6394631801374097,0.22189527259668496,0.44550516815073515,93.99907757382098,94.41771581308387
1962,1.0,-4.0,-1.24,0.9954687762259736,-0.02815777657454506,0.4041389070920251,80.55387750624993,80.87962387758182
1963,-3.0,-14.0,-8.34,0.6051877984394798,0.2530353506178549,0.4189513376158964,99.59994680325266,100.01735501675816
1964,-5.0,-17.0,-10.95,0.5569434188036667,0.2740560442883311,0.4137379045994116,103.67736093441584,104.10631853191697
1965,0.0,-4.0,-1.39,0.7604529405517599,0.14717476787452735,0.39505783259327926,80.77477203444296,81.09398372570854
1966,-7.0,-20.0,-12.31,0.5961657333697488,0.29102100521012175,0.42135872686697445,105.7298067064431,106.1754530561193
1967,-2.0,-10.0,-5.99,0.6235481565814881,0.2594602677467191,0.4339309820073444,95.79109027697264,96.20670466192456
1968,0.0,-5.0,-2.33,0.6788261570405908,0.14732809389612328,0.40430276420940925,85.62180251762543,85.96792965250889
1969,0.0,-3.0,-0.96,1.093465324153905,0.14704585449553692,0.4622803415772722,74.48763942840024,74.83314898640911
1970,0.0,-2.0,-0.44,1.1924782466609836,0.14697019360720934,0.4629654433908822,67.87516473341012,68.18832021593268
1971,0.0,-6.0,-2.77,0.7201139384003019,0.14801993130505742,0.4417625894328438,85.66533820218828,86.04338841957862
1972,0.04999999999999716,-5.0,-2.25,0.8056218403621301,0.1297694725677423,0.4446313924330459,83.64611931003213,84.0180912666924
1973,0.0,-3.0,-1.32,0.8539028123358726,0.14675705463304137,0.4466651974628791,78.49684780613015,78.8477001210319
1974,0.0,-1.0,-0.11,2.0716249487543412,0.14695045475667062,0.4662583864101151,60.716565318900074,61.02391374408841
1975,0.0,-2.0,-0.46,1.2096263854618972,0.14694972868124395,0.4180618382299561,71.37986551653955,71.67980861525325
1976,-10.950000000000003,-24.05,-17.4,0.5311771337759147,0.3201427376677303,0.41910642776616847,110.49284244369105,110.95596268834784
1977,1.0,-2.0,-0.46,1.2802967848399325,-0.25777421874031803,0.39160180415802226,70.57873402971128,70.85289039510887
1978,0.0,-6.0,-2.6,0.6638821218521371,0.13061274341478163,0.38077588641983956,87.42554545911369,87.7587386862146
1979,0.0,-3.0,-1.43,0.8249199225124276,0.1459644847074412,0.4454173733363006,79.7230686688018,80.07783096970498
1980,0.0,-1.0,-0.15,1.5567812971624795,0.14697813996359443,0.35696138739592764,62.375603059289304,62.59711402191017
1981,0.0,-6.05,-3.22,0.8020963603069644,0.1706120103035573,0.4591143555871702,87.56001000894511,87.96215678448817
1982,-1.0,-10.0,-5.34,0.6355762780929763,0.21261747148868917,0.4091853989769534,95.71496050764526,96.1067676876109
1983,-2.0,-12.05,-7.47,0.5740815458979123,0.21366751427023375,0.41446181429426526,98.96833311872743,99.37851253084108
1984,-2.0,-13.0,-6.7,0.6437534387296077,0.21725574283101717,0.41202360400682414,97.15687164792102,97.557067387373
1985,0.0,-4.0,-1.96,0.7745115096571041,0.14786815384279373,0.4210791592786631,83.80751754544272,84.16044828418764
1986,0.0,-7.0,-3.04,0.6933848635233708,0.14762284295446146,0.3888652048784923,89.86583344285677,90.21522489983495
1987,-1.0,-11.0,-5.92,0.6388556822112089,0.20076725957440533,0.4235500857490388,94.89162166718336,95.29363770950502
1988,-3.950000000000003,-12.0,-7.37,0.5854150591567384,0.2726887535317113,0.40758683943405816,97.56957223579597,97.96723260600773
1989,-27.0,-48.0,-38.77,0.476767866636881,0.3358119879796343,0.4121918179052954,121.70951924678755,122.21120920061345
1990,-1.0,-9.0,-4.78,0.6756516611159346,0.22258072795837439,0.4395073458040704,93.31723556715619,93.72724112574005
1991,0.0,-1.0,-0.07,2.095088801761956,0.14679874790975894,0.43935064828509673,59.3037569241576,59.568628934427444
1992,1.0,-4.0,-1.72,0.7250215529731174,0.046702901430149206,0.36664469624925317,86.85893711437811,87.17755097565673
1993,0.0,-5.0,-2.16,0.7854046965507058,0.1473191838148989,0.42369190610752516,87.24676542251737,87.61660182921725
1994,0.04999999999999716,-3.0,-1.07,0.8464284173675334,0.09052390968491332,0.3838387816180608,80.00957462603951,80.31698748766168
1995,0.0,-6.0,-2.84,0.7094787882849888,0.17745866535823207,0.40785938793797966,89.55470004685125,89.91987684133255
1996,0.0,-5.0,-2.42,0.7724154648678007,0.1492725098105297,0.43158498110259297,85.27804864268106,85.6460369918277
1997,0.0,-2.0,-0.8,0.9682972205037282,0.14627955897890607,0.4248163221913257,75.26000548121492,75.57966170930972
1998,-2.950000000000003,-15.0,-8.13,0.6385498133840612,0.2512817674451939,0.41184078037260846,101.05311996296547,101.46916508273716
1999,-11.0,-25.0,-17.25,0.5243400128368864,0.3050780949731598,0.41019425518842906,113.1369252854987,113.60103489996692
2000,-0.9500000000000028,-8.0,-4.31,0.6371731530091826,0.19454224494863795,0.40785170872120396,95.93653487172021,96.32805879190423
2001,0.0,-5.0,-2.11,0.8695551371880028,0.1460606889085196,0.4485364492195318,87.54648565090719,87.93935699957534
2002,-0.9500000000000028,-6.0,-3.26,0.6702278361051534,0.2067079552887849,0.43232987483999585,93.37969384412254,93.78338316371645
2003,1.0,-3.0,-1.12,0.8634229924664659,-0.06346255988526896,0.39549476592443805,80.2341918615279,80.551902086421
2004,1.0,-3.0,-1.27,0.9060725789574875,0.011562460144889944,0.4354409657766911,81.58683950292186,81.94279900558297
2005,0.04999999999999716,-2.0,-0.47,1.1501032809522687,0.04653172200423318,0.38409617858470996,75.57119201679438,75.86021069224108
2006,0.0,-3.0,-0.83,1.0634602248078826,0.12703636407591315,0.42433496985471925,78.46135355890115,78.79389859108
2007,0.0,-6.0,-2.64,0.6655553952256615,0.1467839784371104,0.3950160153126272,90.77213340672866,91.13082929296526
2008,0.0,-5.0,-1.93,0.7801053627104889,0.1322069271886973,0.40186391906233754,86.86985054916114,87.21876960343786
2009,0.0,-3.05,-1.23,0.8534644071738247,0.1467587964017946,0.4028964142526815,81.7795544569002,82.10932549769883
2010,0.04999999999999716,-2.0,-0.46,0.9461676519450564,0.12767688619383688,0.37017194427708344,74.45148282469334,74.72698804272062
2011,0.0,-2.0,-0.61,0.9307319068672821,0.14675879640180847,0.37297969487522137,76.07646669664017,76.36000491416627
2012,-1.0,-8.05,-4.17,0.638910822073575,0.19574089550784196,0.3885342125298646,96.58511428780643,96.96061069760323
2013,0.0,-5.0,-2.25,0.8499389881969399,0.14440640099163907,0.4416436869604462,86.79961521533887,87.18230306644493
2014,0.04999999999999716,-3.0,-1.17,0.8993537267998527,0.07576022077475834,0.41056274396409753,80.65871490798254,80.99010825459592
2015,0.0,-6.0,-2.48,0.8399943351367715,0.14715793219858345,0.4367586361128562,87.20020512220992,87.58090027796429
2016,-1.0,-8.05,-4.3,0.6944880296013021,0.20209940000924353,0.4261837831470286,95.86173030909568,96.27024774444958
2017,-3.0,-13.049999999999999,-8.42,0.5707847822956016,0.24257138460505448,0.3938340308168497,103.90953845303233,104.3188595410978
2018,-2.950000000000003,-11.0,-6.16,0.6300438037871653,0.2651322325636904,0.42616706068306215,100.01088701426029,100.43728566382632
2019,-1.9500000000000028,-9.0,-5.16,0.6164174125185401,0.23900943325149557,0.4057436128524259,104.76641380915616,105.19166850790077
2020,1.0,-4.0,-1.42,0.820273529355622,-0.02589737647864299,0.38507111452875653,90.19954021209642,90.5466964300072
2021,0.0,-5.05,-2.05,0.8444306860966114,0.12062105228040336,0.40582418809248344,90.6089047372527,90.97701802933877
2022,-2.0,-10.0,-6.05,0.6171244169656811,0.24395096174622385,0.4339617910256786,103.78682890331936,104.23734821541574
2023,-3.0,-11.0,-6.34,0.6219291260744655,0.26767234962456565,0.41984407879992447,104.99524604695407,105.43612815368188
2024,-0.9500000000000028,-8.0,-4.57,0.6550121134201377,0.1857381817780574,0.4289887121412645,101.31399672504902,101.74839073047455
2025,0.0,-4.05,-1.7,0.8735510987054572,0.14716775139290317,0.4154493976512725,93.13129356838748,93.51876868654843
2026,-18.950000000000003,-40.05,-29.75,0.5037570684137447,0.31814741452129114,0.4123941902982686,127.4495025457592,127.97515008019919
2027,-15.950000000000003,-33.0,-23.4,0.5170218500937641,0.31851041608948544,0.40809798026495997,119.71455875780352,120.20316820579707
2028,0.04999999999999716,-5.0,-1.92,0.7821838300676155,0.12176517758461955,0.3987747491976568,88.14269242396476,88.4936356892648
2029,0.0,-3.0,-0.98,0.902972721315312,0.12881116545316365,0.4313364408306329,78.57585672289947,78.91413650721677
2030,0.04999999999999716,-3.0,-1.21,0.8218829621017457,0.11011658417618013,0.4033301467298394,85.86239878960157,86.20825409828905
2031,0.0,-6.0,-2.74,0.714890594945076,0.14737694221731362,0.40929884866294847,94.25905658521577,94.64495886198284
2032,0.0,-4.0,-1.85,0.8202050548038211,0.14715793219859616,0.4424656848530964,88.02539138721261,88.41464553174914
2033,0.0,-6.0,-2.88,0.651122416588566,0.16890999381033797,0.39323310789567534,92.2131276210954,92.57582308655893
2034,0.0,-4.0,-1.7,0.8678587526527607,0.1454416109247428,0.4272263800457106,86.2962922764479,86.66545136034101
2035,-5.0,-18.0,-11.61,0.5084958962727647,0.246247368151711,0.38624018922878584,108.71055620467934,109.13051513461403
2036,0.0,-8.05,-3.74,0.634771074231026,0.1386376559808991,0.37537396801071254,97.33018179134642,97.69541279752575
2037,0.0,-5.0,-1.85,0.7926364087420377,0.11353436113709581,0.386102719270627,88.51600909997421,88.8572369775199
2038,0.0,-7.05,-3.54,0.6440942539426979,0.14745147660595714,0.38575752702703936,94.29996629813722,94.66339824376277
2039,0.0,-1.0,-0.13,2.817069880135724,0.14695045475665527,0.46808410131787703,63.390156062073245,63.68482453318109
2040,0.04999999999999716,-3.0,-0.93,0.9943797415044591,0.06026288898509946,0.3986748807761788,81.12995329853896,81.45382682672778
2041,1.0,-3.0,-0.84,0.9502898642525484,-0.045470859942308796,0.375901399051776,80.89355242851637,81.19861671401952
2042,0.0,-3.0,-1.32,0.7395205339639422,0.08421472374476147,0.39574234083320436,84.99463811429979,85.33093169304004
2043,0.04999999999999716,-1.0,-0.28,1.0883526190708752,0.11231607697160369,0.33253274074182815,68.74989486167321,68.97671590251456
2044,0.0,-6.0,-2.57,0.7196484018727459,0.14698650952045278,0.40262943529355605,87.05356751396404,87.40380295975523
2045,-2.0,-13.0,-7.19,0.5387368873800329,0.20770858007632795,0.379934743666785,112.2107210401477,112.63704768462692
2046,-2.0,-12.05,-6.83,0.5528383197040773,0.19921764076442403,0.36564322773217556,105.1833510886984,105.56790112893177
2047,0.04999999999999716,-4.05,-1.87,0.7507893564023023,0.07519696361198552,0.40082220210223546,88.05870703244078,88.41204239368955
2048,1.0,-2.05,-0.49,0.8229173896054509,-0.20762792856239068,0.29445519205295817,81.71878193667449,81.95970373977079
2049,1.0,-3.0,-0.49,1.2460519336030766,-0.2562156256005846,0.3443589463884087,77.09794431190925,77.3632230152911
2050,1.0,-5.0,-1.89,0.7646886030301911,0.03479199008979524,0.39656043319779877,91.24703600853553,91.60909214482696
2051,-0.9500000000000028,-10.0,-5.09,0.5829303940346586,0.17349063619073812,0.3723134706739178,103.21621991471056,103.60063520836874
2052,-1.0,-9.0,-5.26,0.5429587398498514,0.18953569075168938,0.36972942594648134,101.6665947258991,102.04235142276428
2053,0.0,-9.0,-4.96,0.574000064642714,0.15517171757863985,0.38665972517377845,96.11707497341021,96.48859820422616
2054,1.0,-3.0,-0.84,0.8221409126647314,-0.0626843951199578,0.3751480304098888,84.29913496159168,84.61523796076062
2055,-4.0,-17.0,-10.7,0.5012342667392905,0.2398863301930768,0.3754863940423265,105.7757263978186,106.1728537318652
2056,-11.0,-27.0,-18.06,0.4674561598169483,0.2708701327954523,0.36316388385155074,123.79560831198643,124.24520902649522
2057,-40.95,-73.19999999999999,-58.04,0.4324132715544891,0.30788574821967135,0.37136863467030695,139.753586500947,140.2726071449457
2058,0.0,-6.0,-2.07,0.7905110544034535,0.14732701105958695,0.382528845970711,90.2979554586969,90.64277267411582
2059,-3.0,-16.0,-8.79,0.5436030764228403,0.2175499870231666,0.36091293057360097,110.38651120539471,110.78499314744141
2060,0.0,-1.0499999999999998,-0.32,1.6497380722656625,0.14676862582086625,0.45173982165035126,72.43547560127706,72.76555288434754
2061,0.0,-8.05,-3.49,0.6111888133990572,0.14711380593176954,0.3370231340138453,102.2742779695906,102.61894986966875
2062,-7.0,-21.0,-13.34,0.5068264985231907,0.25400238452267565,0.3774533152291425,109.42560795696433,109.8387229999293
2063,0.0,-7.0,-3.25,0.6566693536970662,0.12888400212043,0.3881775180652018,92.0315970986168,92.38880534549683
2064,0.0,-8.0,-3.88,0.5903882654692428,0.139174410367026,0.3552146021410914,102.26764568933665,102.63088769842007
2065,-1.0,-13.049999999999999,-7.61,0.5628239298766425,0.17891114195761096,0.3736165648617915,107.74573903858871,108.14837989819472
2066,0.0,-7.0,-3.1,0.6325324474193914,0.14775666784113273,0.35537918773040805,96.84602630701323,97.19039168098354
2067,-2.0,-12.0,-6.39,0.5455126118787392,0.21176299187368466,0.3629171775747046,106.26244041904837,106.64804345557148
2068,0.0,-6.0,-3.27,0.6436529920586624,0.1476884319724683,0.3932760477673009,91.78137682674547,92.14246515161607
2069,0.0,-6.05,-2.91,0.6564027532117721,0.12431020959169527,0.3654487822332535,92.11377584650535,92.45039845686573
2070,0.0,-7.05,-3.17,0.6751463383014423,0.14942504964306894,0.3777715663801311,96.56056192028487,96.92514922467709
2071,0.0,-9.0,-4.41,0.5466615349392583,0.15767998378811865,0.34181611518016264,99.47714340960721,99.81702348945561
2072,0.04999999999999716,-3.0,-1.1,0.7264524173925284,0.034709706141191274,0.3608657932642666,84.41785042538893,84.72338530340714
2073,0.0,-7.05,-3.46,0.606029461056905,0.13713409658422154,0.36554967263025423,99.23061066477464,99.59285812926119
2074,1.0,-2.0,-0.61,1.3733481287104672,-0.2944596442992231,0.4811128237860285,78.4387041064355,78.81994593780537
2075,0.0,-6.0,-2.69,0.6411849739072153,0.12518820028443708,0.37267154960563253,95.72872337043913,96.08542379657943
2076,1.0,-4.05,-1.84,0.7556626071557242,0.0156330011317627,0.387999212028162,87.28632612736828,87.6259603719568
2077,-1.0,-7.0,-3.63,0.5845221616437752,0.19310250339051127,0.36678718021038775,98.02064682843621,98.37987821666327
2078,1.0,-4.0,-1.67,0.6458025193699704,0.04261671299936755,0.34686223739750605,89.36382703513989,89.6739955172584
2079,0.0,0.0,-0.01,0.14927758716965459,0.14696164585139534,0.41707541271285237,42.06247968928611,42.19799845855753
2080,-2.0,-10.1,-6.27,0.5252974677672922,0.21124049444536902,0.36186632542993863,104.76841251215032,105.14766315210694
2081,-5.950000000000003,-15.0,-9.7,0.4863194132576534,0.2658952738359607,0.36573899289691947,107.8432174718531,108.2377361003016
2082,1.0,-4.0,-1.53,0.721390977703176,0.008953437237186416,0.3632358268013655,87.9009827589577,88.22031037629442
2083,1.0,-4.0,-1.23,0.85856283005919,-0.023075970333084325,0.38199023810599464,84.77188226952698,85.09567251594301
2084,1.0,-6.0,-2.91,0.6271456228678344,0.070531712965127,0.3621489113440719,96.53911794420422,96.88894551392168
2085,1.0,-3.05,-1.02,0.6810520335226496,-0.022668192497624758,0.30406011288393947,87.86966321857608,88.13713303077073
2086,-9.0,-24.0,-16.09,0.4811301205502932,0.2688456172128455,0.36816044299078926,119.17847763281249,119.61728298845867
2087,0.04999999999999716,-7.0,-3.35,0.6279798710953594,0.09671105224834081,0.3683548364056344,96.57214652132811,96.9277880923524
2088,0.0,-1.0499999999999998,-0.35,1.1400365375415438,0.01500498286280398,0.3572450739588694,73.80250298917593,74.0656655350858
2089,-1.0,-8.0,-4.57,0.5108110347115448,0.18568126384561326,0.36339913209051145,100.29375470357165,100.65825947340943
2090,0.0,-7.0,-3.48,0.6562083487018363,0.1450322899084421,0.3951734399245801,95.85286858771411,96.2315411382774
2091,0.0,-0.04999999999999982,-0.05,0.3108357471799625,0.14695045475666338,0.7129134018557743,58.2509477250382,58.688618041611115
2092,-2.950000000000003,-9.0,-5.7,0.47804297520109124,0.23244470564537179,0.3497002594394348,104.41505606744998,104.78014393442778
2093,0.0,-5.0,-1.89,0.7513329489526076,0.11762661538278146,0.35831532440547476,90.58552193578838,90.91011649773404
2094,0.0,-8.0,-4.17,0.5416568154008972,0.13675865382660218,0.35645304026659663,99.18272079118422,99.5364133326082
2095,-1.0,-10.0,-5.18,0.5970545291817247,0.16759136031452815,0.38522690378923197,99.09771472557532,99.47930863733221
2096,1.0,-7.0,-4.05,0.5143683702802684,0.09449399137593605,0.3540705643440908,99.49808054341872,99.85041838856614
2097,1.0,-2.05,-0.79,0.8529497300072976,-0.12424835799262449,0.3859158276041024,82.81303355747772,83.13279570761092
2098,1.0,-4.0,-0.89,0.912729667080839,-0.11004470562063824,0.333378164198892,86.39548217303654,86.68274714487112
2099,1.0,-2.0,-0.63,0.707623327087211,-0.1105647583623927,0.2942786967320539,86.50194505513421,86.75749255961603
2100,1.0,-5.0,-1.73,0.6705620610047464,0.06084257585871137,0.31146199430683025,97.5959936279014,97.89990995045628
2101,1.0,-4.0,-1.08,0.8786006281168521,-0.0578130697919643,0.3683248670181553,85.10577105410545,85.420131321581
2102,1.0,-2.0,-0.52,0.9700856487837869,-0.259369466732459,0.3548240731918972,77.49195968540884,77.76670473726958
2103,0.04999999999999716,-2.0,-0.54,0.8012535744096796,0.08359871604293997,0.3115560709557986,79.15102150720838,79.39677029794028
2104,0.0,-10.0,-4.0,0.6737102664307243,0.14144017124453112,0.36913499787288084,103.0368600246971,103.41724836109566
2105,0.0,-8.0,-3.89,0.6639273699973754,0.1472738797697526,0.3915754711982904,98.33530997953268,98.72071669605435
2106,-2.0,-12.0,-6.83,0.5317932047975696,0.20734539972353896,0.36316378152583423,110.63958465073368,111.04131604493287
2107,1.0,-4.0,-1.34,0.7429405966750081,0.010287944963193463,0.3455812176481966,84.76452552345398,85.05716627060755
2108,-4.0,-18.0,-10.71,0.512180042848661,0.23740317809895126,0.36783488618731597,110.35271222374234,110.75847792532755
2109,0.0,-7.05,-4.08,0.50867748655544,0.14489095620852038,0.34457894688333973,100.6057930286865,100.95248683381857
2110,0.0,-7.0,-3.64,0.6078095680644381,0.13662799794290115,0.37823929725931554,99.7821900710072,100.15978554863746
2111,0.04999999999999716,-2.0,-0.5,1.0070584902333075,0.07209666649462677,0.35902904198824975,76.53009910669147,76.80268053847776
2112,-4.0,-19.0,-11.7,0.5061599464038794,0.21976998046562854,0.35995696996573584,119.13918132919504,119.5679708276381
2113,0.0,-9.0,-4.14,0.6605155152432515,0.167246508423532,0.3757055437266179,99.69155593699627,100.06584678675915
2114,-2.0,-14.0,-8.19,0.510667803217015,0.19850385033176346,0.35993139058143697,108.96864521429488,109.3609887289647
2115,0.0,-8.05,-4.42,0.5902437959832447,0.14021867667512988,0.37365051410786365,103.06983013078501,103.45483880408705
2116,1.0499999999999972,-3.0,-0.65,0.9099306480078223,-0.2749019063868641,0.3307030801222315,85.89638502518272,86.18010251803624
2117,1.0,-3.0,-0.93,0.736775895962234,-0.05651107068842935,0.31890867893570973,89.48544208532616,89.77171561367265
2118,0.0,-6.05,-2.77,0.6414951643353889,0.11842031893241652,0.38040111023714707,94.74971431674294,95.10999556283444
2119,0.0,-7.0,-3.41,0.5965156468347302,0.14293458067106607,0.34566138755759096,101.86053711126131,102.21252469752659
2120,-15.0,-34.0,-24.39,0.4303024664334595,0.2691268691540525,0.35086509606696076,134.07989227871084,134.5504026932901
2121,0.0,-5.0,-2.48,0.6539156118369013,0.1441030603824757,0.3730969349346502,93.20534010300304,93.55249564573268
2122,1.0,-3.05,-1.36,0.7703440698145232,-0.028666049933561234,0.36293736233369855,89.7982120332277,90.12428867805176
2123,-1.0,-14.05,-7.21,0.5617241246303163,0.17083979214743358,0.3555859890866575,110.52344042789282,110.91647008393616
2124,0.04999999999999716,-5.0,-1.83,0.824722701986716,0.07508136854660638,0.38406687738651263,93.24200245492428,93.60028193372108
2125,1.0,-3.0,-0.81,0.9083185490142968,-0.1191118464369435,0.3524834691161452,88.51023475286267,88.822965723801
2126,0.0,-6.0,-2.87,0.6045748704254571,0.12297326582308805,0.35766763804261437,95.99098304381468,96.33487606384448
2127,-0.9500000000000028,-9.049999999999999,-4.75,0.5486077136211011,0.15167992942332412,0.35574573334398435,107.61270988115022,107.99535387347734
2128,1.0,-4.0,-1.68,0.7313688022301541,0.01814635676295932,0.34412125764721196,95.25632689753527,95.58386952976205
2129,-5.0,-19.0,-12.19,0.483813087906275,0.23009328818763441,0.36103820759761496,120.70996187689211,121.1457478878181
2130,1.0,-3.05,-1.23,0.85451389443116,-0.04857614563724549,0.3900013128367895,91.07173606012444,91.4273952778519
2131,-24.0,-49.050000000000004,-34.04,0.4579628202374861,0.2990554645986354,0.3698273313528624,137.6664260187511,138.1755408754985
2132,1.0,-4.0,-1.26,0.8987736353297286,-0.06167141908375856,0.40396627813082275,89.90852254944215,90.27165784694832
2133,0.04999999999999716,-3.0,-1.09,0.8986237663373322,0.10178321316593056,0.37874473888725474,83.7095697347315,84.02589004650034
2134,0.0,-5.0,-2.16,0.6979226408011685,0.12189291461557746,0.34633647434787407,93.90635089091043,94.23147207232165
2135,-2.0,-13.0,-6.72,0.5337573094428313,0.2019016742728199,0.3535515416243746,111.98965533067026,112.38558228561817
2136,-11.0,-30.0,-20.48,0.45316861053685975,0.255874142506559,0.35983354771658127,137.62600985627202,138.12126849158184
2137,-2.0,-13.0,-7.28,0.5412945404931176,0.19896807934059602,0.36132335144412836,110.91076206453664,111.31162539452436
2138,-1.0,-9.0,-4.92,0.5459835192508554,0.16423470886489208,0.3522318757405929,103.3558585878917,103.7199274010738
2139,-1.0,-8.0,-4.03,0.5959859988514545,0.1854335069766479,0.3687840928622544,99.47075362144635,99.83743987580544
2140,0.0,-5.0,-1.73,0.7577618159754989,0.10834368968312133,0.37831837824102726,94.3638480906864,94.72085441222022
2141,0.0,-6.05,-2.82,0.6289537641196864,0.15829000157504805,0.3585090377037603,100.79769993406998,101.15880044221188
2142,0.0,-9.049999999999999,-4.39,0.6633180503523141,0.14296262488055145,0.3800131607596316,102.87948064665814,103.2703028358923
2143,-4.0,-14.0,-8.56,0.5189039965328078,0.22713729544936778,0.3652767141531473,120.56930649692485,121.00984898965335
