id,d_emp_p95,d_emp_p5,d_emp_mean,d_real_wage_ratio_p95,d_real_wage_ratio_p5,d_real_wage_ratio_mean,real_wb_mean,real_wa_mean
1,0.0,-1.0,-0.15,0.0,0.0,0.0,1.0,1.0
2,1.0,-3.05,-0.89,0.0,0.0,0.0,1.2589422063303237,1.2589422063303237
3,-2.0,-10.0,-5.86,0.0,0.0,0.0,1.4703945020258624,1.4703945020258624
4,-24.950000000000003,-48.0,-35.12,0.0,0.0,0.0,1.8201591188342592,1.8201591188342592
5,0.0,-2.0,-0.83,0.0,0.0,0.0,1.1565022401172456,1.1565022401172456
6,0.0,-1.0,-0.2,0.0,0.0,0.0,0.8620468653485273,0.8620468653485273
7,0.04999999999999716,-4.0,-1.54,0.0,0.0,0.0,1.1541521447808487,1.1541521447808487
8,0.0,-4.0,-1.4,0.0,0.0,0.0,1.1920985083053066,1.1920985083053066
9,0.0,-2.0,-0.58,0.0,0.0,0.0,1.035791418775081,1.035791418775081
10,0.0,-8.0,-3.38,0.0,0.0,0.0,1.312567584309423,1.312567584309423
11,0.04999999999999716,-5.0,-2.25,0.0,0.0,0.0,1.297652719250906,1.297652719250906
12,0.0,-7.05,-3.28,0.0,0.0,0.0,1.3375046085518578,1.3375046085518578
13,0.04999999999999716,-4.0,-1.73,0.0,0.0,0.0,1.2156391761405276,1.2156391761405276
14,0.0,-6.0,-2.6,0.0,0.0,0.0,1.2781048799238524,1.2781048799238524
15,0.0,-1.0,-0.18,0.0,0.0,0.0,0.8962524449789261,0.8962524449789261
16,0.0,0.0,-0.04,0.0,0.0,0.0,0.7688242901129491,0.7688242901129491
17,-1.0,-9.049999999999999,-4.98,0.0,0.0,0.0,1.3469637489956903,1.3469637489956903
18,0.0,-2.05,-0.53,0.0,0.0,0.0,1.0473930584205644,1.0473930584205644
19,-1.0,-8.0,-4.13,0.0,0.0,0.0,1.3258998490525074,1.3258998490525074
20,-10.950000000000003,-26.0,-17.38,0.0,0.0,0.0,1.6452630678555245,1.6452630678555245
21,0.0,-11.0,-5.82,0.0,0.0,0.0,1.3736027527350467,1.3736027527350467
22,-6.0,-18.0,-12.61,0.0,0.0,0.0,1.5961238351864688,1.5961238351864688
23,0.0,-4.0,-1.23,0.0,0.0,0.0,1.2195545187121544,1.2195545187121544
24,0.0,-3.0,-0.9,0.0,0.0,0.0,1.1295344602185073,1.1295344602185073
25,0.0,-1.0,-0.27,0.0,0.0,0.0,0.9978170403603493,0.9978170403603493
26,0.04999999999999716,-4.0,-1.62,0.0,0.0,0.0,1.2117643232397775,1.2117643232397775
27,-13.0,-30.0,-21.39,0.0,0.0,0.0,1.6589157707761422,1.6589157707761422
28,-1.0,-8.0,-4.14,0.0,0.0,0.0,1.4225961737615682,1.4225961737615682
29,0.0,-2.0,-0.56,0.0,0.0,0.0,1.0960579342840224,1.0960579342840224
30,0.0,-4.0,-1.53,0.0,0.0,0.0,1.235569793104177,1.235569793104177
31,0.0,-1.0499999999999998,-0.33,0.0,0.0,0.0,0.9672240872878791,0.9672240872878791
32,0.0,-6.0,-2.12,0.0,0.0,0.0,1.248330416360108,1.248330416360108
33,-4.950000000000003,-14.05,-9.6,0.0,0.0,0.0,1.4991086963681366,1.4991086963681366
34,-1.0,-9.0,-4.78,0.0,0.0,0.0,1.3694882087499558,1.3694882087499558
35,0.0,-3.0,-0.86,0.0,0.0,0.0,1.093763286419315,1.093763286419315
36,-12.0,-25.0,-18.3,0.0,0.0,0.0,1.5937434320442532,1.5937434320442532
37,0.0,-1.0,-0.22,0.0,0.0,0.0,0.8740515423273458,0.8740515423273458
38,-74.95,-106.05,-90.05,0.0,0.0,0.0,1.9374522443659996,1.9374522443659996
39,0.0,-6.05,-2.83,0.0,0.0,0.0,1.258414096858453,1.258414096858453
40,0.0,-5.05,-2.5,0.0,0.0,0.0,1.2651653514784622,1.2651653514784622
41,0.0,-3.0,-1.15,0.0,0.0,0.0,1.1462404391149277,1.1462404391149277
42,0.0,-4.0,-1.33,0.0,0.0,0.0,1.1826986585788926,1.1826986585788926
43,-3.950000000000003,-14.05,-8.87,0.0,0.0,0.0,1.4737468851217579,1.4737468851217579
44,0.0,-4.0,-1.32,0.0,0.0,0.0,1.169625063373339,1.169625063373339
45,-1.0,-8.05,-4.29,0.0,0.0,0.0,1.32713675729038,1.32713675729038
46,0.0,-1.0,-0.3,0.0,0.0,0.0,1.0126355515537169,1.0126355515537169
47,0.0,-5.0,-2.26,0.0,0.0,0.0,1.2115371282788023,1.2115371282788023
48,0.04999999999999716,-4.05,-1.38,0.0,0.0,0.0,1.155185259447052,1.155185259447052
49,-0.9500000000000028,-8.0,-4.18,0.0,0.0,0.0,1.3267030220373888,1.3267030220373888
50,1.0,-3.0,-0.88,0.0,0.0,0.0,1.1305929077642956,1.1305929077642956
51,0.0,-5.0,-2.15,0.0,0.0,0.0,1.2144555888607373,1.2144555888607373
52,-1.9500000000000028,-10.0,-6.02,0.0,0.0,0.0,1.413634603193454,1.413634603193454
53,0.0,-1.0,-0.32,0.0,0.0,0.0,1.013442511492112,1.013442511492112
54,0.0,-5.0,-2.45,0.0,0.0,0.0,1.2995750582492969,1.2995750582492969
55,0.0,-1.0499999999999998,-0.28,0.0,0.0,0.0,0.9893075848859421,0.9893075848859421
56,-1.9500000000000028,-12.0,-6.43,0.0,0.0,0.0,1.4631124137655798,1.4631124137655798
57,0.04999999999999716,-5.0,-2.3,0.0,0.0,0.0,1.3054950233911127,1.3054950233911127
58,-8.0,-24.0,-15.66,0.0,0.0,0.0,1.7372507351454354,1.7372507351454354
59,-1.0,-7.0,-3.98,0.0,0.0,0.0,1.3843969231978792,1.3843969231978792
60,-45.95,-75.1,-58.9,0.0,0.0,0.0,2.142980682950722,2.142980682950722
61,-17.0,-34.0,-26.29,0.0,0.0,0.0,1.7698424116828948,1.7698424116828948
62,-0.9500000000000028,-8.0,-4.24,0.0,0.0,0.0,1.403370312034905,1.403370312034905
63,0.0,-3.05,-1.2,0.0,0.0,0.0,1.1500502042972156,1.1500502042972156
64,-1.0,-8.0,-4.2,0.0,0.0,0.0,1.410380021625369,1.410380021625369
65,-16.0,-36.05,-26.45,0.0,0.0,0.0,1.908093054651588,1.908093054651588
66,0.0,-7.0,-3.19,0.0,0.0,0.0,1.446743353538861,1.446743353538861
67,-0.9500000000000028,-9.0,-4.51,0.0,0.0,0.0,1.3655402578715052,1.3655402578715052
68,1.0,-2.0,-0.59,0.0,0.0,0.0,1.0762073773586887,1.0762073773586887
69,0.0,-2.0,-0.38,0.0,0.0,0.0,1.0166017896990032,1.0166017896990032
70,0.0,-3.0,-1.16,0.0,0.0,0.0,1.128710365679848,1.128710365679848
71,0.0,-3.05,-1.04,0.0,0.0,0.0,1.0883498692296216,1.0883498692296216
72,-1.0,-9.0,-5.15,0.0,0.0,0.0,1.3558655442261551,1.3558655442261551
73,0.0,-7.05,-3.34,0.0,0.0,0.0,1.291333491274373,1.291333491274373
74,0.0,-1.0,-0.13,0.0,0.0,0.0,0.9460156117914454,0.9460156117914454
75,0.04999999999999716,-4.05,-1.99,0.0,0.0,0.0,1.2286150209954048,1.2286150209954048
76,0.04999999999999716,-6.0,-2.83,0.0,0.0,0.0,1.4118491263218873,1.4118491263218873
77,0.0,-5.0,-2.17,0.0,0.0,0.0,1.2250074435870928,1.2250074435870928
78,0.0,-1.0,-0.12,0.0,0.0,0.0,0.8811572032229017,0.8811572032229017
79,1.0,-2.0,-0.46,0.0,0.0,0.0,1.1678575425691091,1.1678575425691091
80,0.04999999999999716,-4.05,-1.8,0.0,0.0,0.0,1.2102135427888776,1.2102135427888776
81,0.0,-3.0,-0.79,0.0,0.0,0.0,1.0939479814062518,1.0939479814062518
82,0.0,-3.0,-1.2,0.0,0.0,0.0,1.220494199771234,1.220494199771234
83,0.0,-7.0,-3.87,0.0,0.0,0.0,1.371511650429908,1.371511650429908
84,0.04999999999999716,-3.0,-1.25,0.0,0.0,0.0,1.1963508028680818,1.1963508028680818
85,1.0,-3.0,-1.07,0.0,0.0,0.0,1.169283028378284,1.169283028378284
86,-6.950000000000003,-21.0,-13.99,0.0,0.0,0.0,1.6179174097857298,1.6179174097857298
87,1.0,-3.0,-0.84,0.0,0.0,0.0,1.1486501634730362,1.1486501634730362
88,0.0,-6.0,-2.82,0.0,0.0,0.0,1.359952742326669,1.359952742326669
89,1.0,-3.0,-0.85,0.0,0.0,0.0,1.132036863514234,1.132036863514234
90,-7.0,-20.0,-13.58,0.0,0.0,0.0,1.5965159893370808,1.5965159893370808
91,0.04999999999999716,-6.05,-3.39,0.0,0.0,0.0,1.3327308527740869,1.3327308527740869
92,0.0,-5.0,-2.3,0.0,0.0,0.0,1.3696054324214082,1.3696054324214082
93,-1.0,-10.0,-5.69,0.0,0.0,0.0,1.46149586040281,1.46149586040281
94,0.0,-3.0,-1.3,0.0,0.0,0.0,1.2522585838740417,1.2522585838740417
95,-2.0,-10.05,-6.35,0.0,0.0,0.0,1.4004865524206207,1.4004865524206207
96,0.0,-5.0,-2.65,0.0,0.0,0.0,1.3227424307851825,1.3227424307851825
97,0.0,-6.0,-2.62,0.0,0.0,0.0,1.3123833808432572,1.3123833808432572
98,-2.0,-10.0,-5.9,0.0,0.0,0.0,1.4289301496711817,1.4289301496711817
99,0.0,-5.0,-2.48,0.0,0.0,0.0,1.3167092876239255,1.3167092876239255
100,0.0,-8.0,-3.19,0.0,0.0,0.0,1.367054713006664,1.367054713006664
101,0.0,-4.0,-1.65,0.0,0.0,0.0,1.2512563392333405,1.2512563392333405
102,0.04999999999999716,-3.0,-1.14,0.0,0.0,0.0,1.174993792193498,1.174993792193498
103,0.0,-3.0,-1.38,0.0,0.0,0.0,1.2095943886672698,1.2095943886672698
104,-1.9500000000000028,-9.0,-4.88,0.0,0.0,0.0,1.3963716569925595,1.3963716569925595
105,0.0,-3.05,-1.14,0.0,0.0,0.0,1.1581592632749382,1.1581592632749382
106,1.0,-3.0,-0.69,0.0,0.0,0.0,1.0853203323164282,1.0853203323164282
107,0.0,-2.0,-0.52,0.0,0.0,0.0,1.0319786901480557,1.0319786901480557
108,1.0,-2.0,-0.8,0.0,0.0,0.0,1.0920267558225556,1.0920267558225556
109,0.04999999999999716,-6.0,-2.83,0.0,0.0,0.0,1.263598613089752,1.263598613089752
110,0.0,-8.0,-3.89,0.0,0.0,0.0,1.3220520933911797,1.3220520933911797
111,-4.950000000000003,-15.0,-9.33,0.0,0.0,0.0,1.4763186631250806,1.4763186631250806
112,0.0,-6.0,-2.11,0.0,0.0,0.0,1.2906064260832901,1.2906064260832901
113,-3.0,-15.0,-8.12,0.0,0.0,0.0,1.4824330966347015,1.4824330966347015
114,-0.9500000000000028,-8.05,-3.86,0.0,0.0,0.0,1.327717959759791,1.327717959759791
115,0.0,-3.0,-1.13,0.0,0.0,0.0,1.1768470356278435,1.1768470356278435
116,0.0,-5.0,-1.97,0.0,0.0,0.0,1.2884407580386172,1.2884407580386172
117,-1.0,-8.0,-3.7,0.0,0.0,0.0,1.3300408639820764,1.3300408639820764
118,-2.950000000000003,-12.05,-7.19,0.0,0.0,0.0,1.4632568242086632,1.4632568242086632
119,0.0,-6.05,-3.52,0.0,0.0,0.0,1.3668216094935486,1.3668216094935486
120,-5.0,-15.0,-10.17,0.0,0.0,0.0,1.5758031381078144,1.5758031381078144
121,-1.0,-7.05,-3.73,0.0,0.0,0.0,1.3968444089510117,1.3968444089510117
122,0.0,-4.0,-1.53,0.0,0.0,0.0,1.254060549783774,1.254060549783774
123,-0.9500000000000028,-8.0,-4.69,0.0,0.0,0.0,1.423788832333027,1.423788832333027
124,1.0,-2.0,-0.88,0.0,0.0,0.0,1.165102470260716,1.165102470260716
125,0.0,-1.0,-0.28,0.0,0.0,0.0,1.0313179202040035,1.0313179202040035
126,0.0,-3.0,-1.11,0.0,0.0,0.0,1.1729311137290663,1.1729311137290663
127,0.0,-6.05,-2.77,0.0,0.0,0.0,1.2657218714383336,1.2657218714383336
128,-3.0,-12.0,-7.49,0.0,0.0,0.0,1.484216719290747,1.484216719290747
129,0.0,-4.0,-1.39,0.0,0.0,0.0,1.186735899629909,1.186735899629909
130,0.0,-5.0,-2.01,0.0,0.0,0.0,1.2508103603200451,1.2508103603200451
131,0.0,-4.05,-1.94,0.0,0.0,0.0,1.2393094384654686,1.2393094384654686
132,1.0,-2.0,-0.3,0.0,0.0,0.0,0.9950993262246964,0.9950993262246964
133,0.0,-3.0,-1.36,0.0,0.0,0.0,1.2203093739466977,1.2203093739466977
134,0.0,-6.0,-2.71,0.0,0.0,0.0,1.2997495186481427,1.2997495186481427
135,0.0,-5.0,-2.53,0.0,0.0,0.0,1.292866760463375,1.292866760463375
136,-3.950000000000003,-15.05,-9.89,0.0,0.0,0.0,1.5238322016564152,1.5238322016564152
137,-1.0,-7.05,-4.18,0.0,0.0,0.0,1.3561702932454596,1.3561702932454596
138,0.04999999999999716,-5.0,-2.09,0.0,0.0,0.0,1.2528555465137539,1.2528555465137539
139,0.0,-4.0,-1.82,0.0,0.0,0.0,1.2027025191412415,1.2027025191412415
140,-2.0,-11.0,-6.55,0.0,0.0,0.0,1.4239529374442628,1.4239529374442628
141,1.0,-3.0,-0.99,0.0,0.0,0.0,1.1282699986080997,1.1282699986080997
142,0.0,-3.0,-1.36,0.0,0.0,0.0,1.1733820712542449,1.1733820712542449
143,0.0,-4.0,-1.42,0.0,0.0,0.0,1.207902753215844,1.207902753215844
144,0.0,-7.0,-3.42,0.0,0.0,0.0,1.3479441541869834,1.3479441541869834
145,0.0,-5.0,-2.2,0.0,0.0,0.0,1.2598001659012565,1.2598001659012565
146,0.0,-4.0,-1.84,0.0,0.0,0.0,1.22925464898573,1.22925464898573
147,0.0,-6.0,-2.48,0.0,0.0,0.0,1.2868020286137034,1.2868020286137034
148,0.0,-4.0,-1.54,0.0,0.0,0.0,1.213789139703572,1.213789139703572
149,0.0,-1.0,-0.25,0.0,0.0,0.0,0.9292335664757015,0.9292335664757015
150,0.0,-3.0,-0.83,0.0,0.0,0.0,1.1319313758503222,1.1319313758503222
151,1.0,-2.0,-0.63,0.0,0.0,0.0,1.147100782164604,1.147100782164604
152,1.0,-1.0,-0.23,0.0,0.0,0.0,1.0095528902626318,1.0095528902626318
153,0.0,-4.0,-1.36,0.0,0.0,0.0,1.207914469269366,1.207914469269366
154,-5.0,-19.05,-11.68,0.0,0.0,0.0,1.6052063385517819,1.6052063385517819
155,0.0,-2.0,-0.55,0.0,0.0,0.0,1.0610712224250693,1.0610712224250693
156,1.0,-3.0,-0.74,0.0,0.0,0.0,1.100487385155287,1.100487385155287
157,-0.9500000000000028,-7.0,-3.71,0.0,0.0,0.0,1.3247361189853857,1.3247361189853857
158,-14.950000000000003,-31.0,-22.17,0.0,0.0,0.0,1.6914709731495536,1.6914709731495536
159,0.0,-5.05,-2.71,0.0,0.0,0.0,1.274727556382938,1.274727556382938
160,1.0,-1.0,-0.17,0.0,0.0,0.0,0.9527247039514702,0.9527247039514702
161,1.0,-2.0,-0.65,0.0,0.0,0.0,1.0876172502143089,1.0876172502143089
162,0.0,-6.0,-3.04,0.0,0.0,0.0,1.2866997976976253,1.2866997976976253
163,0.04999999999999716,-4.0,-1.43,0.0,0.0,0.0,1.1919121846329273,1.1919121846329273
164,-8.0,-21.0,-14.39,0.0,0.0,0.0,1.5765454985597858,1.5765454985597858
165,0.0,-6.0,-2.23,0.0,0.0,0.0,1.2604741510239004,1.2604741510239004
166,1.0,-2.0,-0.51,0.0,0.0,0.0,1.0769295563016146,1.0769295563016146
167,-6.950000000000003,-19.0,-13.01,0.0,0.0,0.0,1.6060127114392388,1.6060127114392388
168,-0.9500000000000028,-7.05,-3.66,0.0,0.0,0.0,1.3219499736298521,1.3219499736298521
169,1.0,-2.0,-0.53,0.0,0.0,0.0,1.0711529715419696,1.0711529715419696
170,0.0,-7.0,-2.98,0.0,0.0,0.0,1.3092484528574095,1.3092484528574095
171,-2.0,-9.0,-5.09,0.0,0.0,0.0,1.4150513118705605,1.4150513118705605
172,0.0,-4.0,-1.75,0.0,0.0,0.0,1.2357760155669808,1.2357760155669808
173,0.0,-4.0,-1.57,0.0,0.0,0.0,1.2251785225801444,1.2251785225801444
174,0.0,-2.0,-0.54,0.0,0.0,0.0,1.0399532604097002,1.0399532604097002
175,1.0,-3.0,-0.83,0.0,0.0,0.0,1.167860025498826,1.167860025498826
176,0.0,-2.05,-0.76,0.0,0.0,0.0,1.0891675670100367,1.0891675670100367
177,0.0,-8.0,-4.29,0.0,0.0,0.0,1.3736233048591788,1.3736233048591788
178,1.0,-2.0,-0.31,0.0,0.0,0.0,0.9859885102490332,0.9859885102490332
179,0.04999999999999716,-4.0,-1.45,0.0,0.0,0.0,1.2292397226859715,1.2292397226859715
180,-2.0,-11.0,-5.93,0.0,0.0,0.0,1.4430432526864518,1.4430432526864518
181,0.0,-5.0,-2.15,0.0,0.0,0.0,1.2685105587907008,1.2685105587907008
182,0.0,-6.0,-2.62,0.0,0.0,0.0,1.2791119319767044,1.2791119319767044
183,0.04999999999999716,-4.05,-1.3,0.0,0.0,0.0,1.202052660687997,1.202052660687997
184,-1.0,-8.05,-4.31,0.0,0.0,0.0,1.3571350887150504,1.3571350887150504
185,0.0,-4.0,-2.03,0.0,0.0,0.0,1.2769721183828944,1.2769721183828944
186,1.0,-3.0,-1.01,0.0,0.0,0.0,1.1558329058234664,1.1558329058234664
187,-8.950000000000003,-26.0,-17.83,0.0,0.0,0.0,1.657803425325555,1.657803425325555
188,-5.950000000000003,-17.049999999999997,-10.4,0.0,0.0,0.0,1.540108956014035,1.540108956014035
189,0.04999999999999716,-3.0,-1.6,0.0,0.0,0.0,1.2543986579970077,1.2543986579970077
190,-2.950000000000003,-13.049999999999999,-7.41,0.0,0.0,0.0,1.4587560903943027,1.4587560903943027
191,-1.0,-10.05,-5.76,0.0,0.0,0.0,1.4426405715432227,1.4426405715432227
192,0.0,-7.0,-3.25,0.0,0.0,0.0,1.3637350953842136,1.3637350953842136
193,0.0,-2.0,-0.59,0.0,0.0,0.0,1.11789633760925,1.11789633760925
194,0.0,-4.0,-0.95,0.0,0.0,0.0,1.1494502370777373,1.1494502370777373
195,-2.0,-10.05,-5.94,0.0,0.0,0.0,1.4348849328332693,1.4348849328332693
196,0.0,-5.05,-2.16,0.0,0.0,0.0,1.2937661647008551,1.2937661647008551
197,0.0,-5.05,-2.25,0.0,0.0,0.0,1.2972826646914088,1.2972826646914088
198,0.0,-3.05,-1.04,0.0,0.0,0.0,1.2115840622120897,1.2115840622120897
199,0.0,0.0,-0.04,0.0,0.0,0.0,0.7166609942348537,0.7166609942348537
200,-1.0,-9.0,-4.14,0.0,0.0,0.0,1.3818420162915357,1.3818420162915357
201,-1.0,-7.0,-3.95,0.0,0.0,0.0,1.3837676822413383,1.3837676822413383
202,1.0,-3.0,-1.0,0.0,0.0,0.0,1.1927010323930276,1.1927010323930276
203,-0.9500000000000028,-8.05,-4.64,0.0,0.0,0.0,1.4226605561649501,1.4226605561649501
204,-23.950000000000003,-48.05,-34.91,0.0,0.0,0.0,1.9242621851684454,1.9242621851684454
205,-1.0,-7.0,-3.68,0.0,0.0,0.0,1.3872315409220652,1.3872315409220652
206,-33.0,-58.0,-45.13,0.0,0.0,0.0,1.8930485737439056,1.8930485737439056
207,-5.950000000000003,-17.049999999999997,-11.34,0.0,0.0,0.0,1.588712518596057,1.588712518596057
208,0.0,-6.0,-2.53,0.0,0.0,0.0,1.3300780802492893,1.3300780802492893
209,0.0,-9.0,-4.77,0.0,0.0,0.0,1.415350834744007,1.415350834744007
210,0.0,-3.0,-1.06,0.0,0.0,0.0,1.220581513537834,1.220581513537834
211,-1.0,-8.05,-4.58,0.0,0.0,0.0,1.4615010559288306,1.4615010559288306
212,0.0,-8.0,-3.75,0.0,0.0,0.0,1.4343142748343536,1.4343142748343536
213,-30.950000000000003,-56.0,-43.19,0.0,0.0,0.0,1.8940663719361117,1.8940663719361117
214,0.0,-6.0,-2.68,0.0,0.0,0.0,1.3805267378958854,1.3805267378958854
215,-1.0,-9.0,-5.1,0.0,0.0,0.0,1.4096418232098307,1.4096418232098307
216,0.0,-7.05,-3.42,0.0,0.0,0.0,1.4291326677870333,1.4291326677870333
217,1.0,-2.0,-0.77,0.0,0.0,0.0,1.1546973170382637,1.1546973170382637
218,0.0,-6.05,-2.99,0.0,0.0,0.0,1.448493637156722,1.448493637156722
219,-5.950000000000003,-18.049999999999997,-11.4,0.0,0.0,0.0,1.672858030365817,1.672858030365817
220,-5.0,-17.0,-10.83,0.0,0.0,0.0,1.611676361601987,1.611676361601987
221,0.04999999999999716,-4.0,-1.64,0.0,0.0,0.0,1.2543507765815538,1.2543507765815538
222,1.0,-3.0,-1.21,0.0,0.0,0.0,1.2222739138131695,1.2222739138131695
223,0.0,-1.0,-0.26,0.0,0.0,0.0,1.0061861313218552,1.0061861313218552
224,1.0,-3.0,-1.04,0.0,0.0,0.0,1.1677312643346562,1.1677312643346562
225,0.0,-6.0,-2.42,0.0,0.0,0.0,1.370120377058495,1.370120377058495
226,0.0,-8.0,-4.5,0.0,0.0,0.0,1.520947061983499,1.520947061983499
227,0.0,-5.0,-2.22,0.0,0.0,0.0,1.2898621868921265,1.2898621868921265
228,1.0,-6.0,-2.37,0.0,0.0,0.0,1.2862670381211236,1.2862670381211236
229,-1.0,-8.0,-4.02,0.0,0.0,0.0,1.3636103707293001,1.3636103707293001
230,0.0,-8.0,-3.58,0.0,0.0,0.0,1.343583252186676,1.343583252186676
231,-1.0,-10.05,-5.72,0.0,0.0,0.0,1.4247917484682773,1.4247917484682773
232,-2.0,-13.0,-7.16,0.0,0.0,0.0,1.4524945268707297,1.4524945268707297
233,-1.0,-8.0,-4.37,0.0,0.0,0.0,1.4252092786759294,1.4252092786759294
234,0.0,-5.0,-1.77,0.0,0.0,0.0,1.3299306137563496,1.3299306137563496
235,0.0,-3.0,-0.84,0.0,0.0,0.0,1.1313743575313042,1.1313743575313042
236,0.0,-5.0,-2.19,0.0,0.0,0.0,1.3771424539046004,1.3771424539046004
237,0.0,-5.0,-1.74,0.0,0.0,0.0,1.2068123811074893,1.2068123811074893
238,-2.0,-13.0,-6.57,0.0,0.0,0.0,1.491681602300321,1.491681602300321
239,1.0,-4.0,-1.11,0.0,0.0,0.0,1.2162681547083911,1.2162681547083911
240,0.04999999999999716,-4.0,-1.67,0.0,0.0,0.0,1.3516222510046634,1.3516222510046634
241,1.0,-4.0,-1.27,0.0,0.0,0.0,1.20938163392611,1.20938163392611
242,0.0,-8.0,-3.98,0.0,0.0,0.0,1.4959939724879587,1.4959939724879587
243,0.0,-7.0,-2.46,0.0,0.0,0.0,1.3252490787993316,1.3252490787993316
244,1.0,-4.05,-1.54,0.0,0.0,0.0,1.2583513124407437,1.2583513124407437
245,-2.950000000000003,-15.05,-8.73,0.0,0.0,0.0,1.6065336369325387,1.6065336369325387
246,0.0,-1.0,-0.36,0.0,0.0,0.0,1.036694917184968,1.036694917184968
247,0.0,-5.0,-1.98,0.0,0.0,0.0,1.2936436718863893,1.2936436718863893
248,0.0,-4.0,-1.8,0.0,0.0,0.0,1.1932239890520038,1.1932239890520038
249,0.0,-6.05,-3.14,0.0,0.0,0.0,1.3284775540440679,1.3284775540440679
250,0.0,-7.05,-3.56,0.0,0.0,0.0,1.3174061578211893,1.3174061578211893
251,0.04999999999999716,-3.0,-1.05,0.0,0.0,0.0,1.1546642686413866,1.1546642686413866
252,0.04999999999999716,-4.0,-1.51,0.0,0.0,0.0,1.2122711949032954,1.2122711949032954
253,1.0,-4.0,-1.47,0.0,0.0,0.0,1.2209803908153603,1.2209803908153603
254,1.0,-2.0,-0.35,0.0,0.0,0.0,1.0102247034664882,1.0102247034664882
255,0.0,-2.0,-0.56,0.0,0.0,0.0,1.0572184687199309,1.0572184687199309
256,0.04999999999999716,-4.0,-1.48,0.0,0.0,0.0,1.2639370997965145,1.2639370997965145
257,0.0,-7.0,-3.16,0.0,0.0,0.0,1.3149243705698967,1.3149243705698967
258,0.0,-2.0,-0.81,0.0,0.0,0.0,1.1171513687948218,1.1171513687948218
259,1.0,-2.0,-0.28,0.0,0.0,0.0,1.021215496016903,1.021215496016903
260,0.0,-2.0,-0.66,0.0,0.0,0.0,1.1261928016284235,1.1261928016284235
261,1.0,-3.0,-0.69,0.0,0.0,0.0,1.1174680785195439,1.1174680785195439
262,1.0,-3.0,-1.19,0.0,0.0,0.0,1.1845140618728782,1.1845140618728782
263,1.0,-3.0,-0.88,0.0,0.0,0.0,1.158122455518785,1.158122455518785
264,0.0,-8.0,-4.0,0.0,0.0,0.0,1.382317882796485,1.382317882796485
265,0.04999999999999716,-1.0,-0.15,0.0,0.0,0.0,0.9896591413934982,0.9896591413934982
266,0.04999999999999716,-2.0,-0.52,0.0,0.0,0.0,1.0701188055236228,1.0701188055236228
267,-9.0,-24.05,-17.33,0.0,0.0,0.0,1.6205438348014736,1.6205438348014736
268,-1.0,-10.0,-4.99,0.0,0.0,0.0,1.4073406667364317,1.4073406667364317
269,0.0,-3.05,-1.08,0.0,0.0,0.0,1.1577215325545718,1.1577215325545718
270,0.0,-1.0,-0.23,0.0,0.0,0.0,0.9389344036492561,0.9389344036492561
271,0.0,-2.0,-0.63,0.0,0.0,0.0,1.0496939174582454,1.0496939174582454
272,0.0,-7.0,-3.79,0.0,0.0,0.0,1.3537140721281105,1.3537140721281105
273,0.0,-5.0,-1.75,0.0,0.0,0.0,1.2211764896623198,1.2211764896623198
274,0.0,-8.05,-4.28,0.0,0.0,0.0,1.4288333902588415,1.4288333902588415
275,-2.0,-12.0,-7.15,0.0,0.0,0.0,1.4454318945780598,1.4454318945780598
276,0.0,-1.0,-0.16,0.0,0.0,0.0,0.9362077147148301,0.9362077147148301
277,0.0,-6.05,-2.68,0.0,0.0,0.0,1.2957852138731072,1.2957852138731072
278,0.0,-2.0,-0.62,0.0,0.0,0.0,1.0930518047348188,1.0930518047348188
279,-2.0,-9.0,-4.73,0.0,0.0,0.0,1.418019926574448,1.418019926574448
280,1.0,-2.0,-0.78,0.0,0.0,0.0,1.1381345805502117,1.1381345805502117
281,0.0,-5.0,-1.93,0.0,0.0,0.0,1.2437020842175641,1.2437020842175641
282,0.0,-5.0,-1.77,0.0,0.0,0.0,1.2559098655654148,1.2559098655654148
283,-1.0,-9.049999999999999,-4.61,0.0,0.0,0.0,1.3786608910299487,1.3786608910299487
284,0.0,-2.0,-0.41,0.0,0.0,0.0,1.0793601468051994,1.0793601468051994
285,-9.0,-23.0,-16.3,0.0,0.0,0.0,1.6519506931024353,1.6519506931024353
286,0.0,-2.0,-0.79,0.0,0.0,0.0,1.1614154314210408,1.1614154314210408
287,-9.950000000000003,-24.0,-15.53,0.0,0.0,0.0,1.5775316278132996,1.5775316278132996
288,-1.0,-9.0,-4.58,0.0,0.0,0.0,1.3480843540104357,1.3480843540104357
289,-3.0,-13.049999999999999,-7.57,0.0,0.0,0.0,1.446595303040329,1.446595303040329
290,0.0,-1.0,-0.2,0.0,0.0,0.0,0.9339913958400788,0.9339913958400788
291,0.0,-5.0,-2.05,0.0,0.0,0.0,1.2333503884415464,1.2333503884415464
292,0.0,-5.0,-2.29,0.0,0.0,0.0,1.234504960341549,1.234504960341549
293,1.0,-2.0,-0.36,0.0,0.0,0.0,1.0919522743871082,1.0919522743871082
294,0.04999999999999716,-2.0,-0.63,0.0,0.0,0.0,1.0703333917023956,1.0703333917023956
295,0.0,-2.0,-0.6,0.0,0.0,0.0,1.0556932160114658,1.0556932160114658
296,1.0,-3.0,-0.94,0.0,0.0,0.0,1.2057054641765534,1.2057054641765534
297,0.0,-2.0,-0.42,0.0,0.0,0.0,1.0622427555329539,1.0622427555329539
298,0.0,-6.05,-2.56,0.0,0.0,0.0,1.2705399331828469,1.2705399331828469
299,0.0,-2.0,-0.54,0.0,0.0,0.0,1.054121456038729,1.054121456038729
300,0.0,-4.0,-2.12,0.0,0.0,0.0,1.2771705259525388,1.2771705259525388
301,0.0,-5.05,-2.06,0.0,0.0,0.0,1.2607501560385435,1.2607501560385435
302,0.0,-4.0,-1.65,0.0,0.0,0.0,1.2047559283440217,1.2047559283440217
303,0.0,-7.05,-3.58,0.0,0.0,0.0,1.3998571147687533,1.3998571147687533
304,0.0,-3.0,-0.71,0.0,0.0,0.0,1.0948540162857379,1.0948540162857379
305,0.0,-8.0,-3.95,0.0,0.0,0.0,1.4286472085288222,1.4286472085288222
306,0.0,-5.0,-2.05,0.0,0.0,0.0,1.2573432153096504,1.2573432153096504
307,-3.0,-16.0,-8.77,0.0,0.0,0.0,1.5553628638505466,1.5553628638505466
308,-79.95,-121.14999999999999,-102.58,0.0,0.0,0.0,2.0398973251091177,2.0398973251091177
309,0.0,-7.0,-3.56,0.0,0.0,0.0,1.409222162921313,1.409222162921313
310,0.0,-3.0,-0.93,0.0,0.0,0.0,1.1310433188195572,1.1310433188195572
311,1.0,-3.0,-1.3,0.0,0.0,0.0,1.2760313519756818,1.2760313519756818
312,0.0,-7.0,-3.75,0.0,0.0,0.0,1.3553083785822013,1.3553083785822013
313,1.0,-3.0,-1.08,0.0,0.0,0.0,1.2479942665629478,1.2479942665629478
314,1.0,-3.0,-0.83,0.0,0.0,0.0,1.2134132850811201,1.2134132850811201
315,1.0,-4.0,-1.61,0.0,0.0,0.0,1.2468721872678687,1.2468721872678687
316,0.0,-3.0,-1.05,0.0,0.0,0.0,1.1605228896405186,1.1605228896405186
317,1.0,-4.0,-1.57,0.0,0.0,0.0,1.278303793504094,1.278303793504094
318,-4.0,-15.0,-8.27,0.0,0.0,0.0,1.4999055048345644,1.4999055048345644
319,0.0,-6.0,-2.88,0.0,0.0,0.0,1.358089971391082,1.358089971391082
320,1.0,-4.0,-1.49,0.0,0.0,0.0,1.2569978965153055,1.2569978965153055
321,0.0,-2.0,-0.34,0.0,0.0,0.0,1.0555600882575467,1.0555600882575467
322,1.0,-1.0499999999999998,-0.33,0.0,0.0,0.0,1.0792822778453621,1.0792822778453621
323,0.0,-3.0,-1.17,0.0,0.0,0.0,1.235121214427185,1.235121214427185
324,0.0,0.0,0.01,0.0,0.0,0.0,0.6923938193565271,0.6923938193565271
325,0.0,-4.0,-1.07,0.0,0.0,0.0,1.2141716692051892,1.2141716692051892
326,1.0,-2.0,-0.77,0.0,0.0,0.0,1.1489941449571117,1.1489941449571117
327,0.0,-3.0,-0.95,0.0,0.0,0.0,1.1758741953427891,1.1758741953427891
328,0.0,-2.0,-0.51,0.0,0.0,0.0,1.126819785929166,1.126819785929166
329,0.04999999999999716,-6.0,-2.63,0.0,0.0,0.0,1.4383587357601746,1.4383587357601746
330,1.0,-3.0,-0.83,0.0,0.0,0.0,1.1972028416647726,1.1972028416647726
331,1.0,-4.0,-1.35,0.0,0.0,0.0,1.2416592939652806,1.2416592939652806
332,-25.0,-48.0,-35.87,0.0,0.0,0.0,1.8875041841001445,1.8875041841001445
333,-6.0,-17.0,-11.48,0.0,0.0,0.0,1.5932241465858459,1.5932241465858459
334,-4.0,-16.0,-8.32,0.0,0.0,0.0,1.5416539026391587,1.5416539026391587
335,0.0,-1.0,-0.2,0.0,0.0,0.0,0.9777028471014604,0.9777028471014604
336,-2.0,-14.0,-7.92,0.0,0.0,0.0,1.655811337509266,1.655811337509266
337,-0.9500000000000028,-8.0,-4.18,0.0,0.0,0.0,1.2697849312740286,1.2697849312740286
338,-19.0,-40.0,-28.77,0.0,0.0,0.0,1.7299522416411088,1.7299522416411088
339,0.0,-7.0,-3.0,0.0,0.0,0.0,1.2634579377277688,1.2634579377277688
340,0.0,-8.0,-3.86,0.0,0.0,0.0,1.2921265214033897,1.2921265214033897
341,-5.0,-18.0,-10.98,0.0,0.0,0.0,1.4556076051926226,1.4556076051926226
342,-11.0,-28.1,-19.48,0.0,0.0,0.0,1.5870506573048475,1.5870506573048475
343,-1369.7,-1498.3000000000002,-1434.56,0.0,0.0,0.0,2.655345059328644,2.655345059328644
344,-375.8,-451.45000000000005,-417.07,0.0,0.0,0.0,2.2622290786282453,2.2622290786282453
345,-15.900000000000006,-33.05,-25.1,0.0,0.0,0.0,1.6214317667627833,1.6214317667627833
346,0.0,-11.0,-5.95,0.0,0.0,0.0,1.3498553186971418,1.3498553186971418
347,-44.0,-76.15,-60.07,0.0,0.0,0.0,1.9366293916063164,1.9366293916063164
348,-1.9500000000000028,-13.0,-7.38,0.0,0.0,0.0,1.4819633481761645,1.4819633481761645
349,-34.0,-62.0,-46.67,0.0,0.0,0.0,1.7487656920106764,1.7487656920106764
350,-35.95,-59.2,-46.44,0.0,0.0,0.0,1.8596996087360702,1.8596996087360702
351,0.0,-2.0,-0.66,0.0,0.0,0.0,0.9908952679208898,0.9908952679208898
352,0.0,-6.0,-2.78,0.0,0.0,0.0,1.2605713607515385,1.2605713607515385
353,1.0,-2.0,-0.29,0.0,0.0,0.0,1.0101535985000298,1.0101535985000298
354,-10.950000000000003,-26.0,-18.74,0.0,0.0,0.0,1.5536847694855576,1.5536847694855576
355,-18.0,-41.0,-30.74,0.0,0.0,0.0,1.6338774630254198,1.6338774630254198
356,-1.0,-7.05,-3.63,0.0,0.0,0.0,1.4194204614133528,1.4194204614133528
357,-17.0,-34.0,-24.66,0.0,0.0,0.0,1.5627045861811029,1.5627045861811029
358,1.0,-2.0,-0.58,0.0,0.0,0.0,1.119272528216584,1.119272528216584
359,-206.0,-272.09999999999997,-241.03,0.0,0.0,0.0,2.099562201937672,2.099562201937672
360,0.0,-1.0,-0.32,0.0,0.0,0.0,1.0238843204343557,1.0238843204343557
361,-2.0,-12.05,-6.58,0.0,0.0,0.0,1.3405859126542046,1.3405859126542046
362,-3.950000000000003,-15.0,-8.57,0.0,0.0,0.0,1.3817883315073263,1.3817883315073263
363,-1.0,-11.0,-6.13,0.0,0.0,0.0,1.3369189400809358,1.3369189400809358
364,1.0,-1.0,-0.32,0.0,0.0,0.0,1.0646370738256186,1.0646370738256186
365,-0.9500000000000028,-10.0,-5.06,0.0,0.0,0.0,1.3122340154366432,1.3122340154366432
366,1.0,-3.0,-0.91,0.0,0.0,0.0,1.220724985078921,1.220724985078921
367,1.0,-2.0,-0.56,0.0,0.0,0.0,1.053148277718204,1.053148277718204
368,-1.0,-10.0,-5.47,0.0,0.0,0.0,1.3519189290014844,1.3519189290014844
369,1.0,-3.0,-0.73,0.0,0.0,0.0,1.1921021443052913,1.1921021443052913
370,-1.0,-7.0,-3.57,0.0,0.0,0.0,1.3315805520211088,1.3315805520211088
371,1.0,-4.0,-1.71,0.0,0.0,0.0,1.2790738252298044,1.2790738252298044
372,1.0,-2.0,-0.54,0.0,0.0,0.0,1.1434625494915376,1.1434625494915376
373,-22.0,-42.0,-32.47,0.0,0.0,0.0,1.882092744061813,1.882092744061813
374,1.0,-4.0,-1.34,0.0,0.0,0.0,1.2146021388228438,1.2146021388228438
375,1.0,-5.0,-1.62,0.0,0.0,0.0,1.3144839155951802,1.3144839155951802
376,1.0,-4.0,-1.39,0.0,0.0,0.0,1.2440621334042914,1.2440621334042914
377,-2.0,-12.0,-6.41,0.0,0.0,0.0,1.4521061567848759,1.4521061567848759
378,-5.0,-17.0,-10.12,0.0,0.0,0.0,1.5418418167406296,1.5418418167406296
379,0.04999999999999716,-6.0,-2.68,0.0,0.0,0.0,1.3085857255589521,1.3085857255589521
380,0.0,-11.0,-6.04,0.0,0.0,0.0,1.4330423450124075,1.4330423450124075
381,-1.0,-8.05,-4.0,0.0,0.0,0.0,1.3151741662637846,1.3151741662637846
382,-0.9500000000000028,-8.0,-3.84,0.0,0.0,0.0,1.3443032685307523,1.3443032685307523
383,0.0,-7.0,-3.55,0.0,0.0,0.0,1.2868585393906893,1.2868585393906893
384,-1.0,-9.0,-3.8,0.0,0.0,0.0,1.3502826000618102,1.3502826000618102
385,-1.0,-7.0,-3.39,0.0,0.0,0.0,1.2803319859807911,1.2803319859807911
386,-1.0,-9.0,-4.58,0.0,0.0,0.0,1.374864810285125,1.374864810285125
387,-9.950000000000003,-26.0,-17.38,0.0,0.0,0.0,1.5383971832407406,1.5383971832407406
388,1.0,-4.0,-1.31,0.0,0.0,0.0,1.1555547564515114,1.1555547564515114
389,1.0,-5.0,-1.92,0.0,0.0,0.0,1.1987228088513604,1.1987228088513604
390,0.0,-1.0,-0.2,0.0,0.0,0.0,0.9309928854683241,0.9309928854683241
391,1.0,-3.0,-1.07,0.0,0.0,0.0,1.1232506580678179,1.1232506580678179
392,0.0,-8.05,-4.1,0.0,0.0,0.0,1.3054298985040724,1.3054298985040724
393,0.04999999999999716,-6.0,-2.43,0.0,0.0,0.0,1.278425947842444,1.278425947842444
394,-5.0,-17.0,-10.6,0.0,0.0,0.0,1.4723433587282275,1.4723433587282275
395,0.04999999999999716,-5.0,-2.08,0.0,0.0,0.0,1.2575263888043873,1.2575263888043873
396,1.0,-3.0,-1.2,0.0,0.0,0.0,1.1630820537147097,1.1630820537147097
397,-0.9500000000000028,-9.0,-4.65,0.0,0.0,0.0,1.3563606534398644,1.3563606534398644
398,-6.950000000000003,-22.0,-15.14,0.0,0.0,0.0,1.551792623483086,1.551792623483086
399,1.0,-2.0,-0.57,0.0,0.0,0.0,1.091775837245898,1.091775837245898
400,0.0,-5.0,-2.13,0.0,0.0,0.0,1.257942658359526,1.257942658359526
401,0.0,-5.0,-2.14,0.0,0.0,0.0,1.228529006249829,1.228529006249829
402,1.0,-2.0,-0.61,0.0,0.0,0.0,1.0630434162221367,1.0630434162221367
403,0.0,-6.0,-2.4,0.0,0.0,0.0,1.2901029884779183,1.2901029884779183
404,1.0,-3.05,-1.3,0.0,0.0,0.0,1.172151620487323,1.172151620487323
405,1.0,-4.0,-1.53,0.0,0.0,0.0,1.200682139995503,1.200682139995503
406,1.0,-4.0,-1.52,0.0,0.0,0.0,1.185378430855288,1.185378430855288
407,-3.0,-15.05,-9.46,0.0,0.0,0.0,1.4523327635013539,1.4523327635013539
408,-0.9500000000000028,-9.0,-5.11,0.0,0.0,0.0,1.3949761825401237,1.3949761825401237
409,-2.0,-14.0,-7.34,0.0,0.0,0.0,1.4489181501305342,1.4489181501305342
410,1.0,-10.0,-5.25,0.0,0.0,0.0,1.4086918764886673,1.4086918764886673
411,0.0,-6.0,-2.78,0.0,0.0,0.0,1.311501497193426,1.311501497193426
412,-0.9500000000000028,-9.0,-4.83,0.0,0.0,0.0,1.3509116801207026,1.3509116801207026
413,0.0,-6.0,-2.83,0.0,0.0,0.0,1.2720768009140253,1.2720768009140253
414,-49.900000000000006,-78.1,-62.41,0.0,0.0,0.0,1.9169493532560387,1.9169493532560387
415,1.0,-2.0,-0.44,0.0,0.0,0.0,1.0754581048025884,1.0754581048025884
416,-2.0,-11.0,-7.19,0.0,0.0,0.0,1.3899681745278787,1.3899681745278787
417,-10.0,-28.0,-18.09,0.0,0.0,0.0,1.5892647616582696,1.5892647616582696
418,-22.0,-42.0,-32.06,0.0,0.0,0.0,1.70122196642573,1.70122196642573
419,-4.0,-15.05,-9.53,0.0,0.0,0.0,1.4896311030600176,1.4896311030600176
420,-8.0,-26.0,-17.53,0.0,0.0,0.0,1.5443888180898528,1.5443888180898528
421,0.04999999999999716,-3.05,-1.23,0.0,0.0,0.0,1.1665758621268736,1.1665758621268736
422,-1.0,-8.05,-3.89,0.0,0.0,0.0,1.342222088882899,1.342222088882899
423,-2.950000000000003,-12.0,-6.8,0.0,0.0,0.0,1.37026172229464,1.37026172229464
424,1.0,-3.0,-1.06,0.0,0.0,0.0,1.1093420404641454,1.1093420404641454
425,-4.0,-13.0,-8.61,0.0,0.0,0.0,1.3869349982853936,1.3869349982853936
426,0.0,-7.05,-3.48,0.0,0.0,0.0,1.242526327862044,1.242526327862044
427,0.0,-6.0,-2.74,0.0,0.0,0.0,1.295530990971252,1.295530990971252
428,-1.0,-8.05,-4.33,0.0,0.0,0.0,1.2956725573075585,1.2956725573075585
429,1.0,-4.0,-1.15,0.0,0.0,0.0,1.2143897995201056,1.2143897995201056
430,0.0,-8.05,-4.35,0.0,0.0,0.0,1.3299816618719307,1.3299816618719307
431,0.0,-9.0,-4.55,0.0,0.0,0.0,1.4169321829597548,1.4169321829597548
432,0.0,-4.0,-1.46,0.0,0.0,0.0,1.1606343815272955,1.1606343815272955
433,1.0,-8.05,-4.01,0.0,0.0,0.0,1.3797772494768878,1.3797772494768878
434,-2.0,-11.05,-6.44,0.0,0.0,0.0,1.3820961597621393,1.3820961597621393
435,0.0,-8.05,-3.69,0.0,0.0,0.0,1.3563890996173467,1.3563890996173467
436,-0.9500000000000028,-9.0,-4.97,0.0,0.0,0.0,1.3373789175310011,1.3373789175310011
437,1.0,-5.0,-1.66,0.0,0.0,0.0,1.250397376611484,1.250397376611484
438,0.0,-7.0,-3.27,0.0,0.0,0.0,1.275983023589823,1.275983023589823
439,0.0,-6.0,-2.53,0.0,0.0,0.0,1.2968590641904632,1.2968590641904632
440,0.0,-9.0,-4.62,0.0,0.0,0.0,1.3338509431220333,1.3338509431220333
441,-0.9500000000000028,-10.0,-5.21,0.0,0.0,0.0,1.3767055460230142,1.3767055460230142
442,0.04999999999999716,-1.0,-0.19,0.0,0.0,0.0,0.9435299454399615,0.9435299454399615
443,1.0,-3.0,-0.86,0.0,0.0,0.0,1.1888093488048528,1.1888093488048528
444,0.0,-7.0,-3.27,0.0,0.0,0.0,1.3051729396649105,1.3051729396649105
445,1.0,-4.0,-1.26,0.0,0.0,0.0,1.2351278744131704,1.2351278744131704
446,0.0,-10.0,-4.58,0.0,0.0,0.0,1.3239286930963994,1.3239286930963994
447,-10.0,-30.0,-20.86,0.0,0.0,0.0,1.7121209773525523,1.7121209773525523
448,-27.900000000000006,-51.0,-38.68,0.0,0.0,0.0,1.7343541955699897,1.7343541955699897
449,0.04999999999999716,-6.0,-2.16,0.0,0.0,0.0,1.2509245800868105,1.2509245800868105
450,-1.0,-13.0,-6.82,0.0,0.0,0.0,1.3858515571384689,1.3858515571384689
451,-3.950000000000003,-16.0,-9.13,0.0,0.0,0.0,1.4085240138858515,1.4085240138858515
452,-4.0,-16.05,-10.39,0.0,0.0,0.0,1.5464394986931227,1.5464394986931227
453,-2.0,-12.0,-6.27,0.0,0.0,0.0,1.3334404857252542,1.3334404857252542
454,0.04999999999999716,-6.0,-2.56,0.0,0.0,0.0,1.2973804343035846,1.2973804343035846
455,-1.0,-7.0,-3.92,0.0,0.0,0.0,1.2713264794677466,1.2713264794677466
456,0.04999999999999716,-2.0,-0.49,0.0,0.0,0.0,1.1281401615602507,1.1281401615602507
457,-1.0,-12.0,-5.88,0.0,0.0,0.0,1.3736627250312337,1.3736627250312337
458,1.0,-1.0,-0.11,0.0,0.0,0.0,0.9235821341283855,0.9235821341283855
459,0.0,-6.0,-2.99,0.0,0.0,0.0,1.267904211724896,1.267904211724896
460,0.0,0.0,-0.02,0.0,0.0,0.0,0.7651288833842941,0.7651288833842941
461,-1.9500000000000028,-10.0,-5.51,0.0,0.0,0.0,1.3534231403514303,1.3534231403514303
462,1.0,-3.0,-1.39,0.0,0.0,0.0,1.2413857715301548,1.2413857715301548
463,0.0,-3.0,-1.16,0.0,0.0,0.0,1.1389699231801205,1.1389699231801205
464,1.0,-5.0,-1.57,0.0,0.0,0.0,1.244176114629141,1.244176114629141
465,1.0,-2.0,-0.38,0.0,0.0,0.0,1.0641668595692726,1.0641668595692726
466,0.0,-1.0,-0.21,0.0,0.0,0.0,0.9217580400003521,0.9217580400003521
467,1.0,-4.0,-1.23,0.0,0.0,0.0,1.2155912755361729,1.2155912755361729
468,0.0,0.0,0.0,0.0,0.0,0.0,0.6206640801627917,0.6206640801627917
469,0.0,-7.05,-3.33,0.0,0.0,0.0,1.3665929810087152,1.3665929810087152
470,1.0,-4.0,-1.52,0.0,0.0,0.0,1.1279461839611964,1.1279461839611964
471,1.0,-3.0,-0.92,0.0,0.0,0.0,1.158589569899452,1.158589569899452
472,0.0,-6.0,-2.88,0.0,0.0,0.0,1.2148707076536838,1.2148707076536838
473,0.0,-3.05,-1.5,0.0,0.0,0.0,1.2157536961338802,1.2157536961338802
474,0.0,-5.0,-2.58,0.0,0.0,0.0,1.2239979458272179,1.2239979458272179
475,0.0,-1.0,-0.15,0.0,0.0,0.0,0.929028991001999,0.929028991001999
476,1.0,-3.0,-0.66,0.0,0.0,0.0,1.0467588289713303,1.0467588289713303
477,1.0,-1.0,-0.38,0.0,0.0,0.0,1.045460017261089,1.045460017261089
478,1.0,-2.0,-0.62,0.0,0.0,0.0,1.0247903771846145,1.0247903771846145
479,1.0,-3.0,-1.14,0.0,0.0,0.0,1.1752282291238823,1.1752282291238823
480,-2.0,-14.0,-8.27,0.0,0.0,0.0,1.4679092751017786,1.4679092751017786
481,-7.0,-20.0,-12.75,0.0,0.0,0.0,1.5354341826898343,1.5354341826898343
482,-2.0,-11.05,-6.43,0.0,0.0,0.0,1.450761111902671,1.450761111902671
483,0.0,-6.0,-3.01,0.0,0.0,0.0,1.2559962242171574,1.2559962242171574
484,-10.950000000000003,-26.049999999999997,-18.33,0.0,0.0,0.0,1.6457545449433608,1.6457545449433608
485,-1.0,-9.0,-4.68,0.0,0.0,0.0,1.3147329338207394,1.3147329338207394
486,0.0,-9.0,-4.47,0.0,0.0,0.0,1.402754792772747,1.402754792772747
487,0.0,-5.0,-2.69,0.0,0.0,0.0,1.1975924829904696,1.1975924829904696
488,0.0,-9.0,-4.66,0.0,0.0,0.0,1.423070902621812,1.423070902621812
489,0.0,-7.05,-3.4,0.0,0.0,0.0,1.2476513796737905,1.2476513796737905
490,0.0,-7.0,-2.91,0.0,0.0,0.0,1.367625687384613,1.367625687384613
491,0.0,-5.0,-1.89,0.0,0.0,0.0,1.1728258232091653,1.1728258232091653
492,0.0,-1.0,-0.32,0.0,0.0,0.0,1.027060596054221,1.027060596054221
493,-7.0,-20.05,-13.83,0.0,0.0,0.0,1.5126558738299538,1.5126558738299538
494,0.0,-1.0499999999999998,-0.32,0.0,0.0,0.0,0.9842005284706308,0.9842005284706308
495,-1.0,-7.0,-3.47,0.0,0.0,0.0,1.26386347485688,1.26386347485688
496,1.0,-3.0999999999999996,-1.37,0.0,0.0,0.0,1.2131252974683482,1.2131252974683482
497,0.0,-4.05,-1.51,0.0,0.0,0.0,1.126216935719999,1.126216935719999
498,0.0,-3.0,-0.81,0.0,0.0,0.0,1.142065528134076,1.142065528134076
499,1.0,-5.0,-1.72,0.0,0.0,0.0,1.2419478418545422,1.2419478418545422
500,-2.0,-9.049999999999999,-5.06,0.0,0.0,0.0,1.3644054803863421,1.3644054803863421
501,-1.0,-8.0,-4.27,0.0,0.0,0.0,1.3750448818410097,1.3750448818410097
502,-2.0,-13.049999999999999,-6.91,0.0,0.0,0.0,1.3937667971587258,1.3937667971587258
503,0.0,-7.0,-3.22,0.0,0.0,0.0,1.2950851071886083,1.2950851071886083
504,0.0,-6.0,-2.89,0.0,0.0,0.0,1.2311206926279388,1.2311206926279388
505,1.0,-5.05,-2.51,0.0,0.0,0.0,1.2919070338550673,1.2919070338550673
506,0.04999999999999716,-2.0,-0.66,0.0,0.0,0.0,1.0157762487065545,1.0157762487065545
507,-6.950000000000003,-20.05,-12.41,0.0,0.0,0.0,1.562754286851337,1.562754286851337
508,1.0,-3.0,-1.02,0.0,0.0,0.0,1.0906417627666298,1.0906417627666298
509,-2.0,-15.0,-7.59,0.0,0.0,0.0,1.4406158903246964,1.4406158903246964
510,0.0,-1.0,-0.29,0.0,0.0,0.0,0.928762515952497,0.928762515952497
511,0.0,-9.0,-4.43,0.0,0.0,0.0,1.3512521998793898,1.3512521998793898
512,-1.0,-7.0,-3.51,0.0,0.0,0.0,1.3177634402263332,1.3177634402263332
513,-9.0,-23.0,-15.8,0.0,0.0,0.0,1.60254858844551,1.60254858844551
514,0.0,-5.0,-2.1,0.0,0.0,0.0,1.1803230759486127,1.1803230759486127
515,-6.0,-19.0,-12.71,0.0,0.0,0.0,1.5509023177437273,1.5509023177437273
516,0.0,-2.0,-0.39,0.0,0.0,0.0,0.9846319082659437,0.9846319082659437
517,-4.950000000000003,-17.049999999999997,-10.7,0.0,0.0,0.0,1.5366923037208826,1.5366923037208826
518,1.0,-4.0,-1.72,0.0,0.0,0.0,1.1715892689520255,1.1715892689520255
519,-15.0,-36.099999999999994,-25.55,0.0,0.0,0.0,1.715613239529584,1.715613239529584
520,1.0,-4.0,-1.42,0.0,0.0,0.0,1.1428392280746136,1.1428392280746136
521,-1.9500000000000028,-12.0,-6.64,0.0,0.0,0.0,1.45114266134588,1.45114266134588
522,0.04999999999999716,-3.05,-1.18,0.0,0.0,0.0,1.1087865279342994,1.1087865279342994
523,-1.0,-13.0,-7.13,0.0,0.0,0.0,1.476782915283103,1.476782915283103
524,-2.0,-12.0,-6.74,0.0,0.0,0.0,1.454194496698206,1.454194496698206
525,-2.0,-11.0,-6.48,0.0,0.0,0.0,1.43342750314974,1.43342750314974
526,-2.0,-13.049999999999999,-7.77,0.0,0.0,0.0,1.4014540020728856,1.4014540020728856
527,-1.9500000000000028,-11.0,-6.15,0.0,0.0,0.0,1.4254601760510957,1.4254601760510957
528,0.04999999999999716,-5.0,-2.41,0.0,0.0,0.0,1.196953624646124,1.196953624646124
529,-0.9500000000000028,-8.05,-4.61,0.0,0.0,0.0,1.366011750893066,1.366011750893066
530,0.04999999999999716,-4.05,-1.37,0.0,0.0,0.0,1.120980671857427,1.120980671857427
531,1.0,-4.0,-1.02,0.0,0.0,0.0,1.1313699520402796,1.1313699520402796
532,-4.0,-17.0,-10.33,0.0,0.0,0.0,1.4186398638205093,1.4186398638205093
533,-0.9500000000000028,-10.0,-5.06,0.0,0.0,0.0,1.378596878249854,1.378596878249854
534,1.0,-3.0,-0.92,0.0,0.0,0.0,1.0817363373722997,1.0817363373722997
535,0.0,-6.0,-2.4,0.0,0.0,0.0,1.230517745685673,1.230517745685673
536,1.0,-3.0,-0.76,0.0,0.0,0.0,1.0468445425412822,1.0468445425412822
537,0.0,-7.0,-3.01,0.0,0.0,0.0,1.3091543341838172,1.3091543341838172
538,0.0,-4.0,-1.81,0.0,0.0,0.0,1.1416157011971781,1.1416157011971781
539,1.0499999999999972,-6.05,-2.52,0.0,0.0,0.0,1.2589200978540984,1.2589200978540984
540,0.0,0.0,-0.04,0.0,0.0,0.0,0.6636741199503627,0.6636741199503627
541,1.0,-4.0,-1.45,0.0,0.0,0.0,1.194801214431511,1.194801214431511
542,-0.9500000000000028,-7.0,-3.51,0.0,0.0,0.0,1.2503682043999396,1.2503682043999396
543,0.04999999999999716,-4.0,-1.49,0.0,0.0,0.0,1.217772555205559,1.217772555205559
544,1.0,-4.0,-1.34,0.0,0.0,0.0,1.1046576915455548,1.1046576915455548
545,1.0,-1.0,-0.06,0.0,0.0,0.0,0.8651453432714397,0.8651453432714397
546,0.04999999999999716,-5.0,-2.28,0.0,0.0,0.0,1.268967048274615,1.268967048274615
547,1.0,-5.0,-1.43,0.0,0.0,0.0,1.1461822578023115,1.1461822578023115
548,1.0,-3.0,-0.75,0.0,0.0,0.0,1.083475794941897,1.083475794941897
549,0.0,0.0,-0.02,0.0,0.0,0.0,0.7342716294036353,0.7342716294036353
550,0.0,-7.0,-3.02,0.0,0.0,0.0,1.3562252535927406,1.3562252535927406
551,1.0,-4.05,-1.68,0.0,0.0,0.0,1.1725824350498215,1.1725824350498215
552,1.0,-6.05,-2.92,0.0,0.0,0.0,1.3468437127016455,1.3468437127016455
553,0.04999999999999716,-4.0,-1.54,0.0,0.0,0.0,1.1624536951510687,1.1624536951510687
554,1.0,-3.0,-0.88,0.0,0.0,0.0,1.129422210742418,1.129422210742418
555,0.04999999999999716,-6.05,-2.56,0.0,0.0,0.0,1.218414338288081,1.218414338288081
556,0.0,-5.0,-1.67,0.0,0.0,0.0,1.227150683343112,1.227150683343112
557,-13.0,-31.0,-20.48,0.0,0.0,0.0,1.5883456117213326,1.5883456117213326
558,0.0,-2.0,-0.55,0.0,0.0,0.0,1.0419398724747113,1.0419398724747113
559,1.0,-4.0,-1.61,0.0,0.0,0.0,1.1596176217065801,1.1596176217065801
560,1.0,-3.05,-1.07,0.0,0.0,0.0,1.222155324809446,1.222155324809446
561,0.0,-2.0,-0.39,0.0,0.0,0.0,0.9614573776910267,0.9614573776910267
562,0.0,-6.0,-2.55,0.0,0.0,0.0,1.296303671841698,1.296303671841698
563,0.04999999999999716,-4.0,-1.42,0.0,0.0,0.0,1.1288484035602162,1.1288484035602162
564,0.0,-7.0,-3.05,0.0,0.0,0.0,1.3382450386851457,1.3382450386851457
565,0.0,-4.0,-1.98,0.0,0.0,0.0,1.1916215237279644,1.1916215237279644
566,1.0,-5.05,-2.36,0.0,0.0,0.0,1.329499318061348,1.329499318061348
567,0.04999999999999716,-3.05,-1.33,0.0,0.0,0.0,1.1204045518352606,1.1204045518352606
568,0.04999999999999716,-5.0,-1.65,0.0,0.0,0.0,1.257024363671032,1.257024363671032
569,0.0,-6.05,-2.92,0.0,0.0,0.0,1.242552245573829,1.242552245573829
570,0.0,-5.0,-2.17,0.0,0.0,0.0,1.2987634336154088,1.2987634336154088
571,-21.950000000000003,-45.0,-32.89,0.0,0.0,0.0,1.6611657416302608,1.6611657416302608
572,0.0,-1.0,-0.14,0.0,0.0,0.0,0.85116862382386,0.85116862382386
573,1.0,-4.0,-1.24,0.0,0.0,0.0,1.1941410877819723,1.1941410877819723
574,0.04999999999999716,-4.0,-1.5,0.0,0.0,0.0,1.1612582763742476,1.1612582763742476
575,1.0,-5.0,-2.15,0.0,0.0,0.0,1.2811507184846453,1.2811507184846453
576,1.0,-2.0,-0.69,0.0,0.0,0.0,1.0534848865303763,1.0534848865303763
577,-0.9500000000000028,-9.049999999999999,-5.35,0.0,0.0,0.0,1.4360007801887806,1.4360007801887806
578,1.0,-3.0,-0.98,0.0,0.0,0.0,1.1032521711928707,1.1032521711928707
579,0.04999999999999716,-2.0,-0.44,0.0,0.0,0.0,1.09649807185551,1.09649807185551
580,0.0,-3.0,-0.88,0.0,0.0,0.0,1.0973082768677473,1.0973082768677473
581,-5.0,-18.049999999999997,-10.81,0.0,0.0,0.0,1.6095749032753282,1.6095749032753282
582,1.0,-2.0,-0.64,0.0,0.0,0.0,1.040669160624329,1.040669160624329
583,1.0,-7.0,-3.25,0.0,0.0,0.0,1.3404030676707288,1.3404030676707288
584,1.0,-4.0,-1.33,0.0,0.0,0.0,1.1085043109505874,1.1085043109505874
585,1.0,-6.05,-2.77,0.0,0.0,0.0,1.3193673948188123,1.3193673948188123
586,0.0,-4.0,-1.93,0.0,0.0,0.0,1.2089403930911233,1.2089403930911233
587,0.0,-8.05,-4.05,0.0,0.0,0.0,1.3783682724658706,1.3783682724658706
588,0.0,-6.0,-2.46,0.0,0.0,0.0,1.2273272686738605,1.2273272686738605
589,0.0,-1.0,-0.34,0.0,0.0,0.0,1.0368048248435102,1.0368048248435102
590,1.0,-4.0,-1.82,0.0,0.0,0.0,1.1780456337616203,1.1780456337616203
591,0.0,-8.0,-4.19,0.0,0.0,0.0,1.4523706787264745,1.4523706787264745
592,-5.0,-14.0,-8.91,0.0,0.0,0.0,1.4307981564709171,1.4307981564709171
593,0.04999999999999716,-5.0,-2.27,0.0,0.0,0.0,1.3132393983716784,1.3132393983716784
594,-3.0,-12.0,-7.81,0.0,0.0,0.0,1.4282678409485934,1.4282678409485934
595,-0.9500000000000028,-9.049999999999999,-5.04,0.0,0.0,0.0,1.4626418343632894,1.4626418343632894
596,0.0,-2.0,-0.78,0.0,0.0,0.0,1.0529977790602998,1.0529977790602998
597,1.0,-4.0,-1.13,0.0,0.0,0.0,1.1171258935990422,1.1171258935990422
598,0.0,-4.0,-1.83,0.0,0.0,0.0,1.154846129698076,1.154846129698076
599,0.0,-7.0,-3.23,0.0,0.0,0.0,1.4305823531898343,1.4305823531898343
600,0.0,-4.0,-1.29,0.0,0.0,0.0,1.104247181010283,1.104247181010283
601,1.0,-3.0,-1.23,0.0,0.0,0.0,1.1247288851475228,1.1247288851475228
602,1.0,-3.0,-1.03,0.0,0.0,0.0,1.0923385003385215,1.0923385003385215
603,0.04999999999999716,-7.0,-3.17,0.0,0.0,0.0,1.2664604379122362,1.2664604379122362
604,1.0,-3.0,-0.99,0.0,0.0,0.0,1.0816998079244937,1.0816998079244937
605,1.0,-4.0,-1.41,0.0,0.0,0.0,1.1615749640340671,1.1615749640340671
606,0.04999999999999716,-5.0,-1.82,0.0,0.0,0.0,1.1737646880164343,1.1737646880164343
607,-4.0,-15.05,-9.46,0.0,0.0,0.0,1.5695827392136144,1.5695827392136144
608,-2.0,-11.0,-5.85,0.0,0.0,0.0,1.374491785008985,1.374491785008985
609,-1.0,-10.0,-5.4,0.0,0.0,0.0,1.535978727349515,1.535978727349515
610,0.0,-5.0,-1.93,0.0,0.0,0.0,1.1788219072072392,1.1788219072072392
611,1.0,-1.0499999999999998,-0.18,0.0,0.0,0.0,1.0847622783562658,1.0847622783562658
612,0.0,-6.0,-2.68,0.0,0.0,0.0,1.2384842767283457,1.2384842767283457
613,0.0,-6.0,-2.35,0.0,0.0,0.0,1.2225111907469497,1.2225111907469497
614,0.0,-5.0,-2.21,0.0,0.0,0.0,1.1945844610026457,1.1945844610026457
615,1.0,-4.0,-1.24,0.0,0.0,0.0,1.327261926048415,1.327261926048415
616,-1.0,-8.0,-4.27,0.0,0.0,0.0,1.2968714676121997,1.2968714676121997
617,1.0,-4.0,-1.41,0.0,0.0,0.0,1.1364404188393022,1.1364404188393022
618,0.0,-8.0,-3.38,0.0,0.0,0.0,1.439972785407406,1.439972785407406
619,-1.0,-8.0,-3.84,0.0,0.0,0.0,1.289250839841599,1.289250839841599
620,0.0,-5.0,-2.16,0.0,0.0,0.0,1.3498925357426392,1.3498925357426392
621,0.04999999999999716,-3.0,-1.28,0.0,0.0,0.0,1.119461270816345,1.119461270816345
622,0.04999999999999716,-2.0,-0.41,0.0,0.0,0.0,0.9830437773006451,0.9830437773006451
623,0.0,-2.0,-0.55,0.0,0.0,0.0,0.9813882423941727,0.9813882423941727
624,-3.0,-17.0,-10.09,0.0,0.0,0.0,1.5686281732421277,1.5686281732421277
625,0.0,-6.0,-2.86,0.0,0.0,0.0,1.22838500139352,1.22838500139352
626,0.0,-4.0,-1.68,0.0,0.0,0.0,1.2540080738068442,1.2540080738068442
627,0.0,-4.0,-1.58,0.0,0.0,0.0,1.1471174187644695,1.1471174187644695
628,-0.9500000000000028,-9.049999999999999,-4.85,0.0,0.0,0.0,1.4409373139218362,1.4409373139218362
629,0.0,-5.0,-2.42,0.0,0.0,0.0,1.1844461479867203,1.1844461479867203
630,-1.0,-9.049999999999999,-5.09,0.0,0.0,0.0,1.428699844118093,1.428699844118093
631,0.0,-4.0,-1.46,0.0,0.0,0.0,1.1482046932391972,1.1482046932391972
632,1.0,-4.0,-0.91,0.0,0.0,0.0,1.1789979451759232,1.1789979451759232
633,1.0499999999999972,-4.0,-1.28,0.0,0.0,0.0,1.2415544837365287,1.2415544837365287
634,0.0,-1.0,-0.17,0.0,0.0,0.0,0.8595156698967122,0.8595156698967122
635,0.0,-2.0,-0.75,0.0,0.0,0.0,1.0963315871512362,1.0963315871512362
636,1.0,-3.05,-1.45,0.0,0.0,0.0,1.2453381290463843,1.2453381290463843
637,0.0,-7.0,-3.48,0.0,0.0,0.0,1.3152545959699464,1.3152545959699464
638,0.0,-7.0,-3.49,0.0,0.0,0.0,1.3055117926263653,1.3055117926263653
639,-1.0,-11.0,-6.3,0.0,0.0,0.0,1.436871264148377,1.436871264148377
640,1.0,-2.05,-0.89,0.0,0.0,0.0,1.1129730692311939,1.1129730692311939
641,0.0,-6.05,-3.07,0.0,0.0,0.0,1.3309456074884383,1.3309456074884383
642,0.04999999999999716,-2.0,-0.65,0.0,0.0,0.0,1.0268833737338925,1.0268833737338925
643,0.0,-5.0,-2.36,0.0,0.0,0.0,1.181555696584247,1.181555696584247
644,-22.0,-43.0,-32.0,0.0,0.0,0.0,1.8107824995963353,1.8107824995963353
645,-1.0,-9.049999999999999,-5.02,0.0,0.0,0.0,1.3035900712550115,1.3035900712550115
646,1.0,-2.0,-0.7,0.0,0.0,0.0,1.072158899245007,1.072158899245007
647,-16.950000000000003,-39.0,-26.82,0.0,0.0,0.0,1.754290477448796,1.754290477448796
648,0.0,-7.05,-3.32,0.0,0.0,0.0,1.258057161581967,1.258057161581967
649,0.0,-4.0,-1.62,0.0,0.0,0.0,1.1431608171189453,1.1431608171189453
650,0.0,-4.0,-1.35,0.0,0.0,0.0,1.211688392654722,1.211688392654722
651,0.0,-6.0,-2.74,0.0,0.0,0.0,1.3411814556946167,1.3411814556946167
652,-2.0,-11.0,-6.35,0.0,0.0,0.0,1.3713107745773487,1.3713107745773487
653,1.0,-1.0,-0.27,0.0,0.0,0.0,0.9560304519141843,0.9560304519141843
654,0.0,-3.0,-0.86,0.0,0.0,0.0,1.0824414483887184,1.0824414483887184
655,1.0,-2.0,-0.27,0.0,0.0,0.0,0.962952502512374,0.962952502512374
656,0.04999999999999716,-4.0,-1.68,0.0,0.0,0.0,1.250767174217522,1.250767174217522
657,1.0,-2.0,-0.56,0.0,0.0,0.0,1.0639758896380838,1.0639758896380838
658,0.04999999999999716,-2.0,-0.42,0.0,0.0,0.0,0.9610134181396848,0.9610134181396848
659,1.0,-4.05,-1.87,0.0,0.0,0.0,1.2644634277342552,1.2644634277342552
660,0.0,-5.0,-2.35,0.0,0.0,0.0,1.2280140668094512,1.2280140668094512
661,0.0,-4.0,-1.63,0.0,0.0,0.0,1.2393629494260165,1.2393629494260165
662,-0.9500000000000028,-8.05,-4.69,0.0,0.0,0.0,1.3179241195135203,1.3179241195135203
663,0.0,-2.0,-0.59,0.0,0.0,0.0,1.0423447833813466,1.0423447833813466
664,-2.0,-9.0,-5.19,0.0,0.0,0.0,1.3355615896825668,1.3355615896825668
665,0.04999999999999716,-4.05,-1.7,0.0,0.0,0.0,1.2281788369379067,1.2281788369379067
666,0.04999999999999716,-4.05,-1.77,0.0,0.0,0.0,1.1807139708271697,1.1807139708271697
667,0.0,-8.0,-4.18,0.0,0.0,0.0,1.3928900594142766,1.3928900594142766
668,0.0,-4.0,-1.88,0.0,0.0,0.0,1.1980558293938686,1.1980558293938686
669,0.0,-4.0,-1.36,0.0,0.0,0.0,1.1631319490517347,1.1631319490517347
670,0.0,-3.0,-1.34,0.0,0.0,0.0,1.169272250439665,1.169272250439665
671,0.0,-8.0,-4.0,0.0,0.0,0.0,1.351414053986527,1.351414053986527
672,0.0,-2.0,-0.75,0.0,0.0,0.0,1.0543195765767317,1.0543195765767317
673,-2.0,-10.0,-5.48,0.0,0.0,0.0,1.4099882413166354,1.4099882413166354
674,0.0,-3.0,-1.23,0.0,0.0,0.0,1.118134859359611,1.118134859359611
675,1.0,-3.0,-1.14,0.0,0.0,0.0,1.1893203868192104,1.1893203868192104
676,-1.0,-10.0,-5.47,0.0,0.0,0.0,1.3463700211768836,1.3463700211768836
677,0.04999999999999716,-6.0,-2.34,0.0,0.0,0.0,1.3008201938322275,1.3008201938322275
678,0.0,-3.0,-1.22,0.0,0.0,0.0,1.066879998125244,1.066879998125244
679,1.0,-1.0499999999999998,-0.32,0.0,0.0,0.0,1.0201570050686082,1.0201570050686082
680,1.0,-3.0,-0.85,0.0,0.0,0.0,1.1430551209851567,1.1430551209851567
681,0.0,-3.0,-0.96,0.0,0.0,0.0,1.0779598353929432,1.0779598353929432
682,-0.9500000000000028,-9.0,-4.43,0.0,0.0,0.0,1.3774361575813683,1.3774361575813683
683,0.0,-1.0,-0.21,0.0,0.0,0.0,0.8986722981268113,0.8986722981268113
684,-1.0,-9.0,-4.54,0.0,0.0,0.0,1.3653334412041045,1.3653334412041045
685,0.0,-2.0,-0.33,0.0,0.0,0.0,0.9185916456210702,0.9185916456210702
686,0.04999999999999716,-2.0,-0.59,0.0,0.0,0.0,1.105712227681668,1.105712227681668
687,0.0,-2.0,-0.38,0.0,0.0,0.0,1.0125722476207673,1.0125722476207673
688,0.0,-2.0,-0.42,0.0,0.0,0.0,0.9428315848400973,0.9428315848400973
689,0.0,-6.0,-2.47,0.0,0.0,0.0,1.2964631734620797,1.2964631734620797
690,0.0,-2.0,-0.54,0.0,0.0,0.0,0.9827388911360561,0.9827388911360561
691,0.04999999999999716,-8.0,-3.6,0.0,0.0,0.0,1.3361414920503762,1.3361414920503762
692,0.0,-2.0,-0.86,0.0,0.0,0.0,1.1032388802660689,1.1032388802660689
693,0.04999999999999716,-8.05,-3.75,0.0,0.0,0.0,1.3466117066284342,1.3466117066284342
694,0.0,-3.0,-1.02,0.0,0.0,0.0,1.0688945553402431,1.0688945553402431
695,0.0,-6.05,-3.27,0.0,0.0,0.0,1.3253587775173268,1.3253587775173268
696,0.0,-8.0,-4.4,0.0,0.0,0.0,1.3230915190595451,1.3230915190595451
697,0.0,-3.0,-1.16,0.0,0.0,0.0,1.1466481151334307,1.1466481151334307
698,0.0,-6.0,-2.71,0.0,0.0,0.0,1.2375224038546226,1.2375224038546226
699,0.04999999999999716,-6.0,-2.36,0.0,0.0,0.0,1.2705789719401681,1.2705789719401681
700,0.0,-4.0,-1.45,0.0,0.0,0.0,1.1401029121769897,1.1401029121769897
701,1.0,-6.0,-2.7,0.0,0.0,0.0,1.3041630468425245,1.3041630468425245
702,0.0,-5.0,-2.0,0.0,0.0,0.0,1.190232835419738,1.190232835419738
703,-3.0,-13.0,-7.83,0.0,0.0,0.0,1.4643633183937015,1.4643633183937015
704,-4.0,-11.05,-6.88,0.0,0.0,0.0,1.3832034072142423,1.3832034072142423
705,1.0,-6.0,-2.48,0.0,0.0,0.0,1.2632002078293878,1.2632002078293878
706,0.0,-7.0,-3.51,0.0,0.0,0.0,1.2695340152073415,1.2695340152073415
707,0.0,-5.0,-2.0,0.0,0.0,0.0,1.2427271284843604,1.2427271284843604
708,0.0,-2.0,-0.82,0.0,0.0,0.0,1.0952704901952226,1.0952704901952226
709,0.04999999999999716,-7.0,-2.83,0.0,0.0,0.0,1.3094462876695983,1.3094462876695983
710,0.04999999999999716,-5.0,-1.78,0.0,0.0,0.0,1.179323112528991,1.179323112528991
711,1.0,-5.0,-2.03,0.0,0.0,0.0,1.2276024267479615,1.2276024267479615
712,-16.0,-32.0,-23.4,0.0,0.0,0.0,1.6006097604974416,1.6006097604974416
713,1.0,-4.0,-1.55,0.0,0.0,0.0,1.2136598415708162,1.2136598415708162
714,0.0,-5.05,-2.3,0.0,0.0,0.0,1.1972822829251937,1.1972822829251937
715,-1.0,-10.0,-5.1,0.0,0.0,0.0,1.4001460596661497,1.4001460596661497
716,-13.0,-30.0,-21.29,0.0,0.0,0.0,1.578820259062144,1.578820259062144
717,1.0,-4.0,-1.61,0.0,0.0,0.0,1.2327041073881124,1.2327041073881124
718,0.0,-6.0,-2.77,0.0,0.0,0.0,1.2248132183052223,1.2248132183052223
719,-1.0,-7.05,-4.05,0.0,0.0,0.0,1.3338335988583128,1.3338335988583128
720,-1.0,-9.0,-4.8,0.0,0.0,0.0,1.318140143399013,1.318140143399013
721,0.04999999999999716,-4.0,-1.63,0.0,0.0,0.0,1.2118418815081013,1.2118418815081013
722,-32.900000000000006,-55.0,-44.33,0.0,0.0,0.0,1.815391886304824,1.815391886304824
723,0.0,-6.0,-2.77,0.0,0.0,0.0,1.294464457014641,1.294464457014641
724,1.0,-3.0,-0.91,0.0,0.0,0.0,1.1352666721748284,1.1352666721748284
725,-11.0,-23.0,-16.39,0.0,0.0,0.0,1.5554068871215343,1.5554068871215343
726,0.0,-6.0,-2.74,0.0,0.0,0.0,1.2907507596304373,1.2907507596304373
727,-1.0,-8.0,-4.54,0.0,0.0,0.0,1.3508470555066299,1.3508470555066299
728,1.0,-2.0,-0.34,0.0,0.0,0.0,0.9860662087478684,0.9860662087478684
729,0.0,-5.0,-2.59,0.0,0.0,0.0,1.2544147213448449,1.2544147213448449
730,0.0,-4.0,-1.55,0.0,0.0,0.0,1.1973108987739456,1.1973108987739456
731,1.0,-5.0,-1.67,0.0,0.0,0.0,1.2113251426244502,1.2113251426244502
732,-7.950000000000003,-23.0,-14.83,0.0,0.0,0.0,1.5853543033529582,1.5853543033529582
733,0.0,-3.05,-1.4,0.0,0.0,0.0,1.169685717450662,1.169685717450662
734,0.0,-5.05,-1.98,0.0,0.0,0.0,1.256115113927639,1.256115113927639
735,0.0,-5.0,-2.28,0.0,0.0,0.0,1.2732626056926013,1.2732626056926013
736,0.04999999999999716,-7.0,-3.56,0.0,0.0,0.0,1.350069812532418,1.350069812532418
737,-1.0,-8.05,-4.75,0.0,0.0,0.0,1.387684124636632,1.387684124636632
738,0.0,-6.05,-2.86,0.0,0.0,0.0,1.2718699508236282,1.2718699508236282
739,-5.0,-17.0,-10.79,0.0,0.0,0.0,1.5135331050688337,1.5135331050688337
740,0.0,-6.05,-2.57,0.0,0.0,0.0,1.265764753363172,1.265764753363172
741,-8.0,-23.0,-15.26,0.0,0.0,0.0,1.5155473346891852,1.5155473346891852
742,-6.0,-18.0,-11.6,0.0,0.0,0.0,1.519992463484073,1.519992463484073
743,0.0,-6.0,-2.96,0.0,0.0,0.0,1.2995809151817885,1.2995809151817885
744,-13.950000000000003,-29.0,-20.89,0.0,0.0,0.0,1.5843880859026394,1.5843880859026394
745,-1.0,-9.049999999999999,-5.44,0.0,0.0,0.0,1.3921347570783562,1.3921347570783562
746,0.0,-4.0,-1.48,0.0,0.0,0.0,1.1841637238717724,1.1841637238717724
747,0.0,0.0,-0.02,0.0,0.0,0.0,0.7054102793038676,0.7054102793038676
748,1.0,-5.0,-1.81,0.0,0.0,0.0,1.2291247832553396,1.2291247832553396
749,-18.0,-37.0,-25.78,0.0,0.0,0.0,1.6095963223663718,1.6095963223663718
750,-0.9500000000000028,-7.0,-3.5,0.0,0.0,0.0,1.3084611158087722,1.3084611158087722
751,0.0,-5.0,-2.19,0.0,0.0,0.0,1.171333290849134,1.171333290849134
752,-1.9500000000000028,-12.0,-6.28,0.0,0.0,0.0,1.4093006815481204,1.4093006815481204
753,0.0,-7.0,-3.08,0.0,0.0,0.0,1.2402725707491593,1.2402725707491593
754,-0.9500000000000028,-7.0,-3.69,0.0,0.0,0.0,1.2933621188378188,1.2933621188378188
755,-1.0,-8.0,-4.18,0.0,0.0,0.0,1.2706229499961958,1.2706229499961958
756,0.0,-6.0,-2.56,0.0,0.0,0.0,1.2569640002625695,1.2569640002625695
757,-1.0,-8.05,-4.44,0.0,0.0,0.0,1.3021540240046603,1.3021540240046603
758,0.0,-4.0,-1.13,0.0,0.0,0.0,1.116380456141195,1.116380456141195
759,-5.950000000000003,-17.049999999999997,-11.41,0.0,0.0,0.0,1.452751365855998,1.452751365855998
760,1.0,-3.0,-0.86,0.0,0.0,0.0,1.0887522070048024,1.0887522070048024
761,0.0,-5.0,-2.14,0.0,0.0,0.0,1.1835436772395989,1.1835436772395989
762,0.04999999999999716,-4.05,-1.97,0.0,0.0,0.0,1.221948218251488,1.221948218251488
763,1.0,-4.05,-1.86,0.0,0.0,0.0,1.152497596197325,1.152497596197325
764,0.0,-7.0,-2.78,0.0,0.0,0.0,1.2501859729715894,1.2501859729715894
765,-7.0,-21.049999999999997,-14.52,0.0,0.0,0.0,1.4949429179927927,1.4949429179927927
766,0.0,-5.0,-2.16,0.0,0.0,0.0,1.2100171944558722,1.2100171944558722
767,0.0,-5.0,-2.06,0.0,0.0,0.0,1.1857996303466265,1.1857996303466265
768,0.0,-2.0,-0.38,0.0,0.0,0.0,0.9542450543193877,0.9542450543193877
769,0.04999999999999716,-6.0,-2.32,0.0,0.0,0.0,1.1941010334236237,1.1941010334236237
770,0.04999999999999716,-9.0,-4.81,0.0,0.0,0.0,1.3634390009679425,1.3634390009679425
771,0.0,-6.05,-3.46,0.0,0.0,0.0,1.2869411733493836,1.2869411733493836
772,0.0,-5.0,-2.65,0.0,0.0,0.0,1.210730934576081,1.210730934576081
773,0.0,-6.0,-3.1,0.0,0.0,0.0,1.2709082014763564,1.2709082014763564
774,-4.950000000000003,-15.0,-9.14,0.0,0.0,0.0,1.3907489430727293,1.3907489430727293
775,1.0,-4.0,-1.11,0.0,0.0,0.0,1.1474737938916875,1.1474737938916875
776,0.0,-3.0,-1.22,0.0,0.0,0.0,1.1153848696061603,1.1153848696061603
777,1.0,-3.0,-0.77,0.0,0.0,0.0,1.066708941907506,1.066708941907506
778,1.0,-4.0,-1.63,0.0,0.0,0.0,1.1795087484315976,1.1795087484315976
779,0.0,-9.049999999999999,-4.07,0.0,0.0,0.0,1.278660322084274,1.278660322084274
780,0.0,-4.0,-1.81,0.0,0.0,0.0,1.2203934880469804,1.2203934880469804
781,-0.9500000000000028,-9.049999999999999,-5.18,0.0,0.0,0.0,1.3138392172675577,1.3138392172675577
782,1.0,-3.0,-1.15,0.0,0.0,0.0,1.149830544435694,1.149830544435694
783,0.0,-6.05,-3.01,0.0,0.0,0.0,1.2383187532559778,1.2383187532559778
784,-11.950000000000003,-27.15,-19.01,0.0,0.0,0.0,1.551052170562794,1.551052170562794
785,0.04999999999999716,-5.0,-2.21,0.0,0.0,0.0,1.2284060482640884,1.2284060482640884
786,-1.0,-9.0,-4.78,0.0,0.0,0.0,1.280828824137082,1.280828824137082
787,1.0,-2.0,-0.69,0.0,0.0,0.0,1.0567167643059672,1.0567167643059672
788,-2.0,-10.0,-5.68,0.0,0.0,0.0,1.3355054819819605,1.3355054819819605
789,0.0,-8.0,-4.44,0.0,0.0,0.0,1.3429634389258678,1.3429634389258678
790,-7.0,-18.0,-12.15,0.0,0.0,0.0,1.459136075707835,1.459136075707835
791,0.0,-6.0,-2.76,0.0,0.0,0.0,1.2429241797720598,1.2429241797720598
792,-3.950000000000003,-14.05,-8.67,0.0,0.0,0.0,1.4149272243569861,1.4149272243569861
793,-3.0,-13.0,-7.68,0.0,0.0,0.0,1.4727640586002986,1.4727640586002986
794,-12.950000000000003,-31.0,-21.09,0.0,0.0,0.0,1.6029191203369075,1.6029191203369075
795,-10.0,-28.0,-18.91,0.0,0.0,0.0,1.5803193789731511,1.5803193789731511
796,-26.0,-47.05,-38.05,0.0,0.0,0.0,1.7776583354369615,1.7776583354369615
797,0.0,-4.0,-1.74,0.0,0.0,0.0,1.1845404439501346,1.1845404439501346
798,1.0,-6.0,-2.17,0.0,0.0,0.0,1.2636063707813705,1.2636063707813705
799,-15.0,-30.0,-22.36,0.0,0.0,0.0,1.6751500529486634,1.6751500529486634
800,1.0,-4.0,-1.16,0.0,0.0,0.0,1.1306980312643804,1.1306980312643804
801,1.0,-3.0,-1.23,0.0,0.0,0.0,1.1551489918680349,1.1551489918680349
802,-4.0,-18.0,-11.19,0.0,0.0,0.0,1.5440754292580516,1.5440754292580516
803,-1.0,-8.0,-3.67,0.0,0.0,0.0,1.308141123688159,1.308141123688159
804,0.0,-2.0,-0.55,0.0,0.0,0.0,1.0492156135584987,1.0492156135584987
805,-35.0,-62.0,-46.4,0.0,0.0,0.0,1.7812194411972024,1.7812194411972024
806,0.0,-6.0,-2.92,0.0,0.0,0.0,1.2776578020317797,1.2776578020317797
807,0.0,-7.0,-3.34,0.0,0.0,0.0,1.2743878532395239,1.2743878532395239
808,-3.0,-16.0,-9.4,0.0,0.0,0.0,1.469746838803697,1.469746838803697
809,-1.0,-8.05,-4.32,0.0,0.0,0.0,1.2834237773178219,1.2834237773178219
810,-9.0,-23.05,-15.49,0.0,0.0,0.0,1.5557880857632176,1.5557880857632176
811,-1.0,-9.049999999999999,-5.0,0.0,0.0,0.0,1.3432433663993495,1.3432433663993495
812,0.0,-4.0,-1.86,0.0,0.0,0.0,1.236111692197178,1.236111692197178
813,-2.0,-12.05,-6.85,0.0,0.0,0.0,1.3837953379695866,1.3837953379695866
814,1.0,-4.05,-1.81,0.0,0.0,0.0,1.261315931642034,1.261315931642034
815,1.0,-3.05,-1.05,0.0,0.0,0.0,1.1939123380967573,1.1939123380967573
816,-8.0,-20.05,-13.15,0.0,0.0,0.0,1.5120759529022896,1.5120759529022896
817,1.0,-2.0,-0.51,0.0,0.0,0.0,1.0689348360109816,1.0689348360109816
818,-0.9500000000000028,-10.0,-5.03,0.0,0.0,0.0,1.3393803872417738,1.3393803872417738
819,1.0,-3.0,-0.82,0.0,0.0,0.0,1.1318404745168427,1.1318404745168427
820,-2.0,-12.0,-6.54,0.0,0.0,0.0,1.363966229714097,1.363966229714097
821,-1.0,-8.05,-4.28,0.0,0.0,0.0,1.3915489438294844,1.3915489438294844
822,1.0,-2.0,-0.71,0.0,0.0,0.0,1.1263076602809958,1.1263076602809958
823,-1.0,-8.0,-4.01,0.0,0.0,0.0,1.2700404417120583,1.2700404417120583
824,-1.9500000000000028,-11.0,-5.72,0.0,0.0,0.0,1.4715601866577328,1.4715601866577328
825,-1.0,-9.049999999999999,-4.8,0.0,0.0,0.0,1.316905487868168,1.316905487868168
826,0.0,-2.0,-0.3,0.0,0.0,0.0,0.9994608314758472,0.9994608314758472
827,-9.0,-24.0,-17.28,0.0,0.0,0.0,1.5581447481564792,1.5581447481564792
828,1.0,-3.0,-1.22,0.0,0.0,0.0,1.2071991654810459,1.2071991654810459
829,-1.9500000000000028,-8.05,-4.99,0.0,0.0,0.0,1.292015263179714,1.292015263179714
830,0.0,-6.0,-3.33,0.0,0.0,0.0,1.3480327272407595,1.3480327272407595
831,0.0,-7.05,-4.01,0.0,0.0,0.0,1.3637231726530674,1.3637231726530674
832,-10.0,-25.049999999999997,-16.37,0.0,0.0,0.0,1.5528951821873591,1.5528951821873591
833,1.0,-6.0,-2.54,0.0,0.0,0.0,1.2471194373942458,1.2471194373942458
834,-4.0,-19.0,-11.98,0.0,0.0,0.0,1.5526159732141729,1.5526159732141729
835,1.0,-4.0,-1.46,0.0,0.0,0.0,1.204480052497739,1.204480052497739
836,0.0,-5.0,-1.88,0.0,0.0,0.0,1.2291907077462043,1.2291907077462043
837,0.0,-5.0,-1.91,0.0,0.0,0.0,1.2383801472124314,1.2383801472124314
838,-9.0,-26.049999999999997,-16.88,0.0,0.0,0.0,1.5940226988615178,1.5940226988615178
839,1.0,-4.0,-1.04,0.0,0.0,0.0,1.1743225561224617,1.1743225561224617
840,0.0,-3.0,-1.19,0.0,0.0,0.0,1.0963267709134674,1.0963267709134674
841,0.0,-8.0,-3.82,0.0,0.0,0.0,1.3635806959314851,1.3635806959314851
842,-1.9500000000000028,-10.0,-5.52,0.0,0.0,0.0,1.3958614856925238,1.3958614856925238
843,-1.0,-9.0,-5.19,0.0,0.0,0.0,1.4296045762701306,1.4296045762701306
844,-1.9500000000000028,-11.0,-5.46,0.0,0.0,0.0,1.4561360072565395,1.4561360072565395
845,0.0,-6.0,-2.42,0.0,0.0,0.0,1.3140869955066927,1.3140869955066927
846,1.0,-4.0,-0.88,0.0,0.0,0.0,1.1814514465912618,1.1814514465912618
847,-1.0,-9.0,-4.62,0.0,0.0,0.0,1.417969075363161,1.417969075363161
848,-6.0,-20.0,-12.79,0.0,0.0,0.0,1.5641750617679802,1.5641750617679802
849,-6.950000000000003,-20.0,-13.36,0.0,0.0,0.0,1.6110764746371877,1.6110764746371877
850,0.0,-4.0,-1.71,0.0,0.0,0.0,1.2313874241228744,1.2313874241228744
851,0.0,-3.0,-0.71,0.0,0.0,0.0,1.100323222385554,1.100323222385554
852,-0.9500000000000028,-9.0,-4.36,0.0,0.0,0.0,1.4064242559362128,1.4064242559362128
853,1.0,-2.0,-0.52,0.0,0.0,0.0,1.0662706600842322,1.0662706600842322
854,-1.0,-11.0,-5.32,0.0,0.0,0.0,1.5392384783533162,1.5392384783533162
855,1.0,-4.05,-1.73,0.0,0.0,0.0,1.2763628841355446,1.2763628841355446
856,-2.0,-11.0,-5.97,0.0,0.0,0.0,1.4968530106561386,1.4968530106561386
857,1.0,-2.0,-0.39,0.0,0.0,0.0,1.1226296146537924,1.1226296146537924
858,1.0,-5.0,-2.03,0.0,0.0,0.0,1.3512649784834991,1.3512649784834991
859,0.0,-5.0,-2.3,0.0,0.0,0.0,1.3057707514215864,1.3057707514215864
860,0.0,-1.0,-0.18,0.0,0.0,0.0,0.9209408338134145,0.9209408338134145
861,0.0,-2.0,-0.31,0.0,0.0,0.0,0.9904519921559932,0.9904519921559932
862,1.0,-2.0,-0.49,0.0,0.0,0.0,1.092817232455491,1.092817232455491
863,-7.0,-23.05,-15.61,0.0,0.0,0.0,1.6151252442558404,1.6151252442558404
864,0.04999999999999716,-5.0,-2.16,0.0,0.0,0.0,1.246702397292041,1.246702397292041
865,1.0,-5.05,-1.62,0.0,0.0,0.0,1.2339899858776286,1.2339899858776286
866,1.0,-2.0,-0.66,0.0,0.0,0.0,1.1173326936102739,1.1173326936102739
867,-2.0,-14.0,-7.69,0.0,0.0,0.0,1.4753341085993665,1.4753341085993665
868,1.0,-6.0,-2.3,0.0,0.0,0.0,1.2961568323319994,1.2961568323319994
869,0.0,-1.0,-0.21,0.0,0.0,0.0,0.9759322772714399,0.9759322772714399
870,1.0,-2.0,-0.5,0.0,0.0,0.0,1.0727120795802363,1.0727120795802363
871,1.0,-2.0,-0.42,0.0,0.0,0.0,1.0699264978747076,1.0699264978747076
872,0.0,-1.0,-0.15,0.0,0.0,0.0,0.9362204284328882,0.9362204284328882
873,-2.0,-11.0,-5.9,0.0,0.0,0.0,1.4479774017927565,1.4479774017927565
874,0.0,-5.0,-2.05,0.0,0.0,0.0,1.2873309591803013,1.2873309591803013
875,0.0,-3.0,-0.87,0.0,0.0,0.0,1.1312050564373133,1.1312050564373133
876,1.0,-3.0,-1.15,0.0,0.0,0.0,1.1729411456354384,1.1729411456354384
877,1.0,-4.05,-1.34,0.0,0.0,0.0,1.2151676261153392,1.2151676261153392
878,0.0,-5.0,-2.25,0.0,0.0,0.0,1.285316714841609,1.285316714841609
879,0.0,-1.0,-0.15,0.0,0.0,0.0,0.9217247133992984,0.9217247133992984
880,1.0,-4.05,-1.42,0.0,0.0,0.0,1.2194237674028547,1.2194237674028547
881,1.0,-3.0,-1.1,0.0,0.0,0.0,1.1470876467159845,1.1470876467159845
882,1.0,-2.05,-0.57,0.0,0.0,0.0,1.0832941213602252,1.0832941213602252
883,-4.0,-15.05,-9.56,0.0,0.0,0.0,1.555586616514432,1.555586616514432
884,1.0,-5.05,-1.76,0.0,0.0,0.0,1.2532024422752603,1.2532024422752603
885,1.0,-1.0,-0.23,0.0,0.0,0.0,1.004379071056093,1.004379071056093
886,0.0,-6.0,-2.54,0.0,0.0,0.0,1.3248531723055814,1.3248531723055814
887,0.04999999999999716,-5.0,-2.07,0.0,0.0,0.0,1.336329627211582,1.336329627211582
888,-3.0,-14.0,-7.93,0.0,0.0,0.0,1.5345096141547139,1.5345096141547139
889,1.0,-3.0,-1.01,0.0,0.0,0.0,1.1717619347278008,1.1717619347278008
890,1.0,-5.0,-1.86,0.0,0.0,0.0,1.3393808828200489,1.3393808828200489
891,-2.0,-16.0,-8.69,0.0,0.0,0.0,1.7960721945714513,1.7960721945714513
892,0.0,-7.05,-3.65,0.0,0.0,0.0,1.6632434447759012,1.6632434447759012
893,-1.0,-6.05,-3.29,0.0,0.0,0.0,1.3351654198580212,1.3351654198580212
894,0.04999999999999716,-5.0,-2.07,0.0,0.0,0.0,1.2729031575100729,1.2729031575100729
895,0.0,-3.05,-1.3,0.0,0.0,0.0,1.1749214832203305,1.1749214832203305
896,1.0,-7.05,-3.3,0.0,0.0,0.0,1.311672244538134,1.311672244538134
897,1.0,-2.0,-0.56,0.0,0.0,0.0,1.0593548342024972,1.0593548342024972
898,1.0,-2.0,-0.47,0.0,0.0,0.0,1.0286090886822175,1.0286090886822175
899,0.0,0.0,0.0,0.0,0.0,0.0,0.6972882027481533,0.6972882027481533
900,1.0,-2.0,-0.61,0.0,0.0,0.0,1.093460886696739,1.093460886696739
901,0.0,-4.05,-1.69,0.0,0.0,0.0,1.2034358389595916,1.2034358389595916
902,-1.0,-9.049999999999999,-4.54,0.0,0.0,0.0,1.3906451553762726,1.3906451553762726
903,-4.950000000000003,-20.0,-12.8,0.0,0.0,0.0,1.5572798427894907,1.5572798427894907
904,1.0,-4.0,-1.19,0.0,0.0,0.0,1.1696462493089617,1.1696462493089617
905,0.0,-2.0,-0.35,0.0,0.0,0.0,0.976047384127109,0.976047384127109
906,-1.0,-9.0,-4.97,0.0,0.0,0.0,1.4130274673759289,1.4130274673759289
907,0.04999999999999716,-6.0,-2.51,0.0,0.0,0.0,1.2901768807345244,1.2901768807345244
908,0.0,-6.05,-2.73,0.0,0.0,0.0,1.287111261230102,1.287111261230102
909,1.0,-4.0,-1.54,0.0,0.0,0.0,1.188541935773192,1.188541935773192
910,0.0,-2.0,-0.55,0.0,0.0,0.0,1.0380061015439535,1.0380061015439535
911,0.04999999999999716,-3.0,-0.65,0.0,0.0,0.0,1.079529955586131,1.079529955586131
912,0.0,-1.0,-0.3,0.0,0.0,0.0,1.0076039746897,1.0076039746897
913,0.0,-4.0,-1.21,0.0,0.0,0.0,1.1656898787645071,1.1656898787645071
914,1.0,-3.0,-0.95,0.0,0.0,0.0,1.1449082751096749,1.1449082751096749
915,0.04999999999999716,-2.0,-0.3,0.0,0.0,0.0,0.9622980318272512,0.9622980318272512
916,0.0,-1.0,-0.12,0.0,0.0,0.0,0.9089088191732958,0.9089088191732958
917,-5.950000000000003,-18.0,-11.29,0.0,0.0,0.0,1.529115404045132,1.529115404045132
918,1.0,-4.0,-1.06,0.0,0.0,0.0,1.1133969002671298,1.1133969002671298
919,1.0,-3.0,-1.1,0.0,0.0,0.0,1.1411631424736965,1.1411631424736965
920,-5.950000000000003,-20.0,-12.42,0.0,0.0,0.0,1.5117342058050134,1.5117342058050134
921,0.04999999999999716,-4.0,-1.64,0.0,0.0,0.0,1.195828928581893,1.195828928581893
922,0.0,-1.0,-0.17,0.0,0.0,0.0,0.9203771503512616,0.9203771503512616
923,0.0,-0.04999999999999982,-0.04,0.0,0.0,0.0,0.7736340232198521,0.7736340232198521
924,0.0,-1.0499999999999998,-0.3,0.0,0.0,0.0,0.9791004680267066,0.9791004680267066
925,-1.0,-9.0,-4.92,0.0,0.0,0.0,1.3395905986331516,1.3395905986331516
926,1.0,-4.0,-1.35,0.0,0.0,0.0,1.1717113059254052,1.1717113059254052
927,1.0,-2.0,-0.62,0.0,0.0,0.0,1.0890308827105069,1.0890308827105069
928,1.0,-6.0,-2.69,0.0,0.0,0.0,1.2947582323070028,1.2947582323070028
929,-1.0,-11.05,-5.77,0.0,0.0,0.0,1.3945692281981439,1.3945692281981439
930,0.0,-2.05,-0.78,0.0,0.0,0.0,1.0626981856154611,1.0626981856154611
931,0.0,-7.0,-2.7,0.0,0.0,0.0,1.254098508305937,1.254098508305937
932,0.04999999999999716,-2.0,-0.38,0.0,0.0,0.0,0.9835267222808463,0.9835267222808463
933,1.0,-4.0,-1.38,0.0,0.0,0.0,1.163207615779069,1.163207615779069
934,1.0,-2.0,-0.46,0.0,0.0,0.0,1.0048933430673765,1.0048933430673765
935,1.0,-4.0,-1.49,0.0,0.0,0.0,1.1563601075526035,1.1563601075526035
936,1.0,-5.0,-1.8,0.0,0.0,0.0,1.1986738777263997,1.1986738777263997
937,0.0,-4.0,-1.53,0.0,0.0,0.0,1.1575257972804562,1.1575257972804562
938,-42.95,-74.0,-56.49,0.0,0.0,0.0,1.8794583306211547,1.8794583306211547
939,0.0,-2.0,-0.59,0.0,0.0,0.0,1.0438211407639668,1.0438211407639668
940,1.0,-3.0,-0.81,0.0,0.0,0.0,1.1303498357815938,1.1303498357815938
941,-29.85000000000001,-57.1,-41.51,0.0,0.0,0.0,1.8101466375908404,1.8101466375908404
942,0.0,-5.05,-2.49,0.0,0.0,0.0,1.2467117491554234,1.2467117491554234
943,0.0,-5.0,-1.84,0.0,0.0,0.0,1.1906834364883077,1.1906834364883077
944,0.0,-5.0,-2.26,0.0,0.0,0.0,1.2419623602135639,1.2419623602135639
945,0.04999999999999716,-6.0,-2.37,0.0,0.0,0.0,1.259595148512236,1.259595148512236
946,1.0,-2.0,-0.43,0.0,0.0,0.0,0.9875635417469367,0.9875635417469367
947,1.0,-3.0,-1.09,0.0,0.0,0.0,1.1379273704689874,1.1379273704689874
948,0.0,-3.05,-1.13,0.0,0.0,0.0,1.1638878604621326,1.1638878604621326
949,0.04999999999999716,-1.0,-0.31,0.0,0.0,0.0,0.9951886728791984,0.9951886728791984
950,0.0,-2.0,-0.49,0.0,0.0,0.0,1.0375096948620213,1.0375096948620213
951,0.0,-7.05,-3.69,0.0,0.0,0.0,1.3659316147059815,1.3659316147059815
952,0.0,-2.0,-0.76,0.0,0.0,0.0,1.1252572790011128,1.1252572790011128
953,1.0,-4.0,-1.31,0.0,0.0,0.0,1.2223399308106986,1.2223399308106986
954,0.0,-3.0,-1.59,0.0,0.0,0.0,1.1968580342021016,1.1968580342021016
955,1.0,-3.0,-1.15,0.0,0.0,0.0,1.1807245402606763,1.1807245402606763
956,0.0,-2.0,-0.65,0.0,0.0,0.0,1.1098075808679189,1.1098075808679189
957,1.0,-1.0499999999999998,-0.36,0.0,0.0,0.0,1.0476332070952272,1.0476332070952272
958,1.0,-3.0,-0.88,0.0,0.0,0.0,1.1350239770024784,1.1350239770024784
959,1.0,-3.0,-0.8,0.0,0.0,0.0,1.0768538775175385,1.0768538775175385
960,0.0,-3.05,-0.87,0.0,0.0,0.0,1.1453117166308104,1.1453117166308104
961,0.04999999999999716,-4.0,-1.5,0.0,0.0,0.0,1.1904627658634857,1.1904627658634857
962,1.0,-3.0,-0.9,0.0,0.0,0.0,1.1196703296119805,1.1196703296119805
963,0.04999999999999716,-1.0,-0.13,0.0,0.0,0.0,0.9520277711900547,0.9520277711900547
964,0.0,-6.0,-3.29,0.0,0.0,0.0,1.310776480231577,1.310776480231577
965,0.0,-2.0,-0.55,0.0,0.0,0.0,1.0726200874404805,1.0726200874404805
966,-2.0,-13.0,-7.79,0.0,0.0,0.0,1.4906185712969846,1.4906185712969846
967,0.0,-4.0,-1.85,0.0,0.0,0.0,1.195416368220562,1.195416368220562
968,1.0,-3.05,-1.25,0.0,0.0,0.0,1.1452097513720085,1.1452097513720085
969,-10.0,-26.0,-17.82,0.0,0.0,0.0,1.6010694002292143,1.6010694002292143
970,0.0,-3.0,-1.24,0.0,0.0,0.0,1.150063295424103,1.150063295424103
971,0.0,-2.0,-0.62,0.0,0.0,0.0,1.0268582658230654,1.0268582658230654
972,0.0,-2.0,-0.64,0.0,0.0,0.0,1.0304510258561632,1.0304510258561632
973,1.0,-3.0,-0.81,0.0,0.0,0.0,1.0708715386087104,1.0708715386087104
974,1.0,-4.05,-1.5,0.0,0.0,0.0,1.1878625814670867,1.1878625814670867
975,-33.95,-57.050000000000004,-45.26,0.0,0.0,0.0,1.793667012457491,1.793667012457491
976,0.0,-6.0,-2.72,0.0,0.0,0.0,1.253415209578023,1.253415209578023
977,0.0,-2.0,-0.61,0.0,0.0,0.0,1.0193844442470263,1.0193844442470263
978,0.0,-1.0,-0.19,0.0,0.0,0.0,0.8884608630143949,0.8884608630143949
979,0.0,-3.0,-0.75,0.0,0.0,0.0,1.0561938999255747,1.0561938999255747
980,0.04999999999999716,-2.0,-0.81,0.0,0.0,0.0,1.0840182013189716,1.0840182013189716
981,-4.0,-15.0,-9.07,0.0,0.0,0.0,1.4655609319996872,1.4655609319996872
982,0.0,-7.05,-3.31,0.0,0.0,0.0,1.282639439335259,1.282639439335259
983,-1.0,-9.049999999999999,-5.07,0.0,0.0,0.0,1.3380188059391602,1.3380188059391602
984,0.0,-4.0,-1.35,0.0,0.0,0.0,1.1158828485306567,1.1158828485306567
985,0.0,-1.0,-0.06,0.0,0.0,0.0,0.8268561550430888,0.8268561550430888
986,1.0,-4.0,-1.62,0.0,0.0,0.0,1.1583203259252917,1.1583203259252917
987,0.0,-4.0,-1.57,0.0,0.0,0.0,1.1558319781118056,1.1558319781118056
988,0.0,-2.0,-0.49,0.0,0.0,0.0,0.9937233644635746,0.9937233644635746
989,0.0,-2.0,-0.78,0.0,0.0,0.0,1.0407987041524398,1.0407987041524398
990,-1.0,-8.0,-4.81,0.0,0.0,0.0,1.3353892779146224,1.3353892779146224
991,1.0,-1.0,-0.24,0.0,0.0,0.0,0.9793311508347035,0.9793311508347035
992,1.0,-3.0,-1.09,0.0,0.0,0.0,1.1584007859356324,1.1584007859356324
993,-9.950000000000003,-26.049999999999997,-16.94,0.0,0.0,0.0,1.6393335792245687,1.6393335792245687
994,0.04999999999999716,-2.0,-0.38,0.0,0.0,0.0,0.9860777964151449,0.9860777964151449
995,0.0,-2.0,-0.46,0.0,0.0,0.0,1.0169777055226692,1.0169777055226692
996,0.04999999999999716,-1.0499999999999998,-0.27,0.0,0.0,0.0,1.0006754710827013,1.0006754710827013
997,-3.0,-12.05,-8.04,0.0,0.0,0.0,1.4922607813957642,1.4922607813957642
998,0.0,0.0,0.0,0.0,0.0,0.0,0.6371436899474046,0.6371436899474046
999,-1.0,-11.05,-6.16,0.0,0.0,0.0,1.4388088970400728,1.4388088970400728
1000,1.0,-5.0,-2.11,0.0,0.0,0.0,1.2451462674089901,1.2451462674089901
1001,1.0,-3.0,-0.89,0.0,0.0,0.0,1.1249480059581456,1.1249480059581456
1002,1.0,-3.0,-1.19,0.0,0.0,0.0,1.171265891315805,1.171265891315805
1003,1.0,-4.0,-1.53,0.0,0.0,0.0,1.2015032233369423,1.2015032233369423
1004,-5.950000000000003,-18.049999999999997,-11.6,0.0,0.0,0.0,1.504841084196187,1.504841084196187
1005,0.0,-6.0,-2.67,0.0,0.0,0.0,1.274145983894851,1.274145983894851
1006,1.0,-3.0,-0.89,0.0,0.0,0.0,1.091908212405141,1.091908212405141
1007,1.0,-3.0,-0.82,0.0,0.0,0.0,1.14247990846044,1.14247990846044
1008,0.0,-8.05,-4.34,0.0,0.0,0.0,1.3333810062990892,1.3333810062990892
1009,0.0,-2.05,-0.64,0.0,0.0,0.0,1.0204179159519133,1.0204179159519133
1010,-2.950000000000003,-13.0,-7.64,0.0,0.0,0.0,1.425834799565568,1.425834799565568
1011,0.0,-1.0499999999999998,-0.31,0.0,0.0,0.0,1.0055334505233697,1.0055334505233697
1012,0.0,-2.0,-0.33,0.0,0.0,0.0,0.9771390192007877,0.9771390192007877
1013,0.0,-2.0,-0.36,0.0,0.0,0.0,1.0003028377424952,1.0003028377424952
1014,-0.9500000000000028,-8.0,-4.15,0.0,0.0,0.0,1.3534760616904011,1.3534760616904011
1015,0.0,-2.0,-0.56,0.0,0.0,0.0,1.0567320037075243,1.0567320037075243
1016,0.0,-2.0,-0.42,0.0,0.0,0.0,1.0255871212149712,1.0255871212149712
1017,0.0,0.0,-0.03,0.0,0.0,0.0,0.7927481956593044,0.7927481956593044
1018,0.04999999999999716,-2.0,-0.55,0.0,0.0,0.0,1.0485029345616739,1.0485029345616739
1019,1.0,-3.0,-0.63,0.0,0.0,0.0,1.1320333923625865,1.1320333923625865
1020,0.0,-1.0,-0.1,0.0,0.0,0.0,0.8668649290954537,0.8668649290954537
1021,0.0,-1.0,-0.08,0.0,0.0,0.0,0.8789202743455965,0.8789202743455965
1022,0.0,-2.0,-0.59,0.0,0.0,0.0,1.0632870936445225,1.0632870936445225
1023,0.04999999999999716,-2.05,-0.78,0.0,0.0,0.0,1.1268578341395894,1.1268578341395894
1024,0.0,-1.0,-0.27,0.0,0.0,0.0,0.9839873639904048,0.9839873639904048
1025,0.0,-1.0,-0.13,0.0,0.0,0.0,0.78518741362647,0.78518741362647
1026,0.0,-1.0,-0.2,0.0,0.0,0.0,0.944093024024792,0.944093024024792
1027,1.0,-2.0,-0.68,0.0,0.0,0.0,1.1063624370212883,1.1063624370212883
1028,1.0,-2.0,-0.7,0.0,0.0,0.0,1.1042766163695321,1.1042766163695321
1029,1.0,-2.0,-0.5,0.0,0.0,0.0,1.0778863349255885,1.0778863349255885
1030,1.0,-2.0,-0.6,0.0,0.0,0.0,1.1138613237239807,1.1138613237239807
1031,0.0,-1.0,-0.15,0.0,0.0,0.0,0.933499884745942,0.933499884745942
1032,0.04999999999999716,-4.05,-1.58,0.0,0.0,0.0,1.3194124253357957,1.3194124253357957
1033,0.0,-2.0,-0.4,0.0,0.0,0.0,1.1177914956119226,1.1177914956119226
1034,0.0,-3.0,-0.76,0.0,0.0,0.0,1.1545966635432792,1.1545966635432792
1035,-4.0,-17.049999999999997,-11.16,0.0,0.0,0.0,1.6154561181573728,1.6154561181573728
1036,-15.0,-35.05,-23.44,0.0,0.0,0.0,1.878040010257971,1.878040010257971
1037,-4.900000000000006,-16.05,-10.09,0.0,0.0,0.0,1.556133268946556,1.556133268946556
1038,-7.950000000000003,-22.0,-15.05,0.0,0.0,0.0,1.5783846573015976,1.5783846573015976
1039,-17.0,-35.0,-25.63,0.0,0.0,0.0,1.7112217632653162,1.7112217632653162
1040,1.0,-1.0,-0.18,0.0,0.0,0.0,0.9252037705208309,0.9252037705208309
1041,-9.0,-25.0,-16.07,0.0,0.0,0.0,1.6132059573714128,1.6132059573714128
1042,0.0,-1.0,-0.14,0.0,0.0,0.0,0.8692591419210827,0.8692591419210827
1043,0.04999999999999716,-3.0,-0.91,0.0,0.0,0.0,1.1059385659524954,1.1059385659524954
1044,0.0,-1.0499999999999998,-0.4,0.0,0.0,0.0,0.9816899152518451,0.9816899152518451
1045,0.0,-3.0,-0.64,0.0,0.0,0.0,1.0492019747235302,1.0492019747235302
1046,0.04999999999999716,-4.0,-1.42,0.0,0.0,0.0,1.1604151653022474,1.1604151653022474
1047,1.0,-2.05,-0.83,0.0,0.0,0.0,1.0984577478055755,1.0984577478055755
1048,1.0,-3.0,-1.03,0.0,0.0,0.0,1.0858361290350727,1.0858361290350727
1049,0.0,-5.0,-2.05,0.0,0.0,0.0,1.195170744468577,1.195170744468577
1050,-2.0,-11.05,-6.46,0.0,0.0,0.0,1.3740011100268952,1.3740011100268952
1051,1.0,-3.0,-0.98,0.0,0.0,0.0,1.0875806046906082,1.0875806046906082
1052,0.0,0.0,-0.04,0.0,0.0,0.0,0.6849814728314169,0.6849814728314169
1053,-19.0,-41.050000000000004,-29.92,0.0,0.0,0.0,1.6513238805710158,1.6513238805710158
1054,0.0,-1.0,-0.29,0.0,0.0,0.0,0.9737904902943947,0.9737904902943947
1055,0.0,-1.0,-0.18,0.0,0.0,0.0,0.8873060528583525,0.8873060528583525
1056,0.04999999999999716,-2.05,-0.71,0.0,0.0,0.0,1.0570101132838732,1.0570101132838732
1057,0.0,-5.0,-2.12,0.0,0.0,0.0,1.2039371832074226,1.2039371832074226
1058,0.0,-4.0,-1.72,0.0,0.0,0.0,1.1886492817358911,1.1886492817358911
1059,0.0,-2.0,-0.48,0.0,0.0,0.0,0.9460554899798967,0.9460554899798967
1060,0.0,0.0,-0.01,0.0,0.0,0.0,0.6234487113314269,0.6234487113314269
1061,0.04999999999999716,-2.0,-0.61,0.0,0.0,0.0,1.028429402680089,1.028429402680089
1062,0.0,-1.0,-0.23,0.0,0.0,0.0,0.8690407646304291,0.8690407646304291
1063,0.0,-6.0,-2.72,0.0,0.0,0.0,1.2499093053173302,1.2499093053173302
1064,0.0,-5.0,-1.91,0.0,0.0,0.0,1.187852081009575,1.187852081009575
1065,0.0,-2.0,-0.39,0.0,0.0,0.0,1.0120837283936792,1.0120837283936792
1066,0.0,-1.0,-0.14,0.0,0.0,0.0,0.9108909699052486,0.9108909699052486
1067,-6.0,-17.0,-11.68,0.0,0.0,0.0,1.4914237498392138,1.4914237498392138
1068,0.0,-2.0,-0.41,0.0,0.0,0.0,0.949083503363561,0.949083503363561
1069,1.0,-5.0,-1.65,0.0,0.0,0.0,1.169172978688504,1.169172978688504
1070,0.0,-3.0,-1.03,0.0,0.0,0.0,1.113896430014182,1.113896430014182
1071,0.0,-5.0,-2.54,0.0,0.0,0.0,1.2301636306658645,1.2301636306658645
1072,0.04999999999999716,-3.0,-0.81,0.0,0.0,0.0,1.0661940169193924,1.0661940169193924
1073,0.0,-1.0,-0.2,0.0,0.0,0.0,0.9261862017049641,0.9261862017049641
1074,0.0,-5.0,-2.11,0.0,0.0,0.0,1.1638413751190344,1.1638413751190344
1075,0.0,-2.0,-0.54,0.0,0.0,0.0,1.0173514233419096,1.0173514233419096
1076,-0.9500000000000028,-7.0,-3.42,0.0,0.0,0.0,1.266258222820664,1.266258222820664
1077,0.0,-4.0,-1.43,0.0,0.0,0.0,1.1402759349512868,1.1402759349512868
1078,0.04999999999999716,-4.05,-2.02,0.0,0.0,0.0,1.19009249067059,1.19009249067059
1079,0.0,-2.0,-0.59,0.0,0.0,0.0,1.0277216142210366,1.0277216142210366
1080,0.04999999999999716,-3.0,-1.02,0.0,0.0,0.0,1.0653985069882266,1.0653985069882266
1081,-2.0,-14.0,-8.01,0.0,0.0,0.0,1.4130794096815185,1.4130794096815185
1082,1.0,-3.0,-1.04,0.0,0.0,0.0,1.1198661377392023,1.1198661377392023
1083,0.0,-1.0,-0.2,0.0,0.0,0.0,0.8952114312412482,0.8952114312412482
1084,0.0,-6.0,-2.77,0.0,0.0,0.0,1.2724980750107842,1.2724980750107842
1085,0.0,-4.05,-2.08,0.0,0.0,0.0,1.2181221582314554,1.2181221582314554
1086,0.0,-1.0,-0.19,0.0,0.0,0.0,0.9224353601846712,0.9224353601846712
1087,0.0,-8.0,-3.75,0.0,0.0,0.0,1.3748789093443707,1.3748789093443707
1088,-9.0,-23.0,-16.68,0.0,0.0,0.0,1.5535102129481901,1.5535102129481901
1089,0.0,-4.05,-2.01,0.0,0.0,0.0,1.2258307138558535,1.2258307138558535
1090,-1.0,-10.0,-4.77,0.0,0.0,0.0,1.329754832617632,1.329754832617632
1091,1.0,-4.0,-1.51,0.0,0.0,0.0,1.1938785345163934,1.1938785345163934
1092,-4.0,-14.05,-8.54,0.0,0.0,0.0,1.4689189693240825,1.4689189693240825
1093,-11.0,-26.049999999999997,-18.5,0.0,0.0,0.0,1.6138501250987813,1.6138501250987813
1094,-339.0,-404.3,-370.73,0.0,0.0,0.0,2.2684941760536903,2.2684941760536903
1095,-15.0,-31.0,-22.6,0.0,0.0,0.0,1.6382557169303593,1.6382557169303593
1096,-202.0,-258.0,-226.11,0.0,0.0,0.0,2.142672712674887,2.142672712674887
1097,1.0,-3.0,-0.61,0.0,0.0,0.0,1.0655702244565932,1.0655702244565932
1098,0.0,-3.0,-1.33,0.0,0.0,0.0,1.2025856213546686,1.2025856213546686
1099,-6.0,-18.0,-12.06,0.0,0.0,0.0,1.4864999663422196,1.4864999663422196
1100,-170.95000000000002,-220.04999999999998,-195.89,0.0,0.0,0.0,2.063803354807723,2.063803354807723
1101,0.04999999999999716,-5.05,-2.55,0.0,0.0,0.0,1.2141109392450213,1.2141109392450213
1102,-3.0,-13.0,-7.96,0.0,0.0,0.0,1.3823634253260542,1.3823634253260542
1103,-65.0,-102.1,-82.6,0.0,0.0,0.0,1.8858894135636453,1.8858894135636453
1104,-98.95,-144.04999999999998,-122.24,0.0,0.0,0.0,1.983029915449193,1.983029915449193
1105,-16.0,-36.0,-25.49,0.0,0.0,0.0,1.6038775502242537,1.6038775502242537
1106,-15.950000000000003,-35.05,-23.73,0.0,0.0,0.0,1.5840029972253757,1.5840029972253757
1107,0.0,-2.0,-0.42,0.0,0.0,0.0,1.0504637816302944,1.0504637816302944
1108,-331.65000000000003,-395.09999999999997,-364.34,0.0,0.0,0.0,2.217551396370504,2.217551396370504
1109,-1.0,-11.05,-6.1,0.0,0.0,0.0,1.3613474564749313,1.3613474564749313
1110,0.0,-6.0,-2.47,0.0,0.0,0.0,1.2190363092151133,1.2190363092151133
1111,0.0,-1.0,-0.09,0.0,0.0,0.0,0.8484069154808722,0.8484069154808722
1112,0.0,-6.0,-2.65,0.0,0.0,0.0,1.2136947071795665,1.2136947071795665
1113,0.0,-5.05,-2.16,0.0,0.0,0.0,1.2300586371073583,1.2300586371073583
1114,0.0,-7.0,-2.89,0.0,0.0,0.0,1.266015433310571,1.266015433310571
1115,-0.9500000000000028,-8.05,-4.63,0.0,0.0,0.0,1.3040786539182536,1.3040786539182536
1116,-4.0,-16.0,-9.28,0.0,0.0,0.0,1.4468041161889014,1.4468041161889014
1117,-437.95000000000005,-531.2,-477.47,0.0,0.0,0.0,2.3151830001634077,2.3151830001634077
1118,-6.0,-20.0,-12.99,0.0,0.0,0.0,1.481311424150315,1.481311424150315
1119,0.0,-8.0,-3.71,0.0,0.0,0.0,1.2669157179769217,1.2669157179769217
1120,-325.45000000000005,-404.1,-359.01,0.0,0.0,0.0,2.217607090783586,2.217607090783586
1121,-6.0,-20.05,-13.35,0.0,0.0,0.0,1.4950707486704282,1.4950707486704282
1122,-390.70000000000005,-461.20000000000005,-426.52,0.0,0.0,0.0,2.273313605827432,2.273313605827432
1123,-5.0,-18.0,-11.18,0.0,0.0,0.0,1.4472250432041878,1.4472250432041878
1124,-5.0,-19.0,-11.35,0.0,0.0,0.0,1.4355086613876926,1.4355086613876926
1125,-2.0,-12.05,-6.96,0.0,0.0,0.0,1.3692265601494962,1.3692265601494962
1126,-134.95000000000002,-175.0,-155.63,0.0,0.0,0.0,2.075590573729402,2.075590573729402
1127,-12.0,-29.0,-21.34,0.0,0.0,0.0,1.5681561247099536,1.5681561247099536
1128,-105.95,-146.04999999999998,-124.82,0.0,0.0,0.0,2.0118025954839305,2.0118025954839305
1129,-85.0,-119.05000000000001,-103.97,0.0,0.0,0.0,1.8999560654511571,1.8999560654511571
1130,-31.950000000000003,-61.0,-47.58,0.0,0.0,0.0,1.7265932209038892,1.7265932209038892
1131,-5.0,-18.0,-11.37,0.0,0.0,0.0,1.4353886545815664,1.4353886545815664
1132,-43.0,-74.0,-59.79,0.0,0.0,0.0,1.766129201143321,1.766129201143321
1133,0.0,-6.0,-2.94,0.0,0.0,0.0,1.292522678961725,1.292522678961725
1134,-30.950000000000003,-57.050000000000004,-43.95,0.0,0.0,0.0,1.7022943074869639,1.7022943074869639
1135,-22.0,-46.050000000000004,-34.62,0.0,0.0,0.0,1.6675418969371725,1.6675418969371725
1136,-8.0,-20.0,-13.1,0.0,0.0,0.0,1.4708312258327,1.4708312258327
1137,-51.0,-79.0,-64.44,0.0,0.0,0.0,1.7894233050092945,1.7894233050092945
1138,-70.95,-113.05,-91.27,0.0,0.0,0.0,1.8679500714139443,1.8679500714139443
1139,-152.95,-201.4,-177.62,0.0,0.0,0.0,2.0150629469383508,2.0150629469383508
1140,-95.95,-137.10000000000002,-118.43,0.0,0.0,0.0,1.9243847978186912,1.9243847978186912
1141,-7.0,-18.15,-13.04,0.0,0.0,0.0,1.4696368671873432,1.4696368671873432
1142,-26.950000000000003,-47.05,-36.33,0.0,0.0,0.0,1.6477217146290213,1.6477217146290213
1143,-90.95,-131.0,-109.6,0.0,0.0,0.0,1.9040674679826433,1.9040674679826433
1144,-32.0,-58.05,-43.34,0.0,0.0,0.0,1.6933772985485023,1.6933772985485023
1145,-122.0,-165.0,-144.8,0.0,0.0,0.0,1.9688170626419372,1.9688170626419372
1146,-4.0,-13.0,-8.56,0.0,0.0,0.0,1.3932709350777939,1.3932709350777939
1147,0.0,-8.0,-4.0,0.0,0.0,0.0,1.3184660016754683,1.3184660016754683
1148,-40.0,-66.05,-52.13,0.0,0.0,0.0,1.730418272288282,1.730418272288282
1149,-163.8,-210.0,-185.49,0.0,0.0,0.0,2.1617406041925573,2.1617406041925573
1150,-13.950000000000003,-32.05,-22.74,0.0,0.0,0.0,1.5685978971787256,1.5685978971787256
1151,-8.900000000000006,-25.099999999999998,-17.48,0.0,0.0,0.0,1.5342396847750217,1.5342396847750217
1152,-58.85000000000001,-91.0,-74.64,0.0,0.0,0.0,1.8202790213912996,1.8202790213912996
1153,-14.0,-33.1,-23.99,0.0,0.0,0.0,1.6148901923652852,1.6148901923652852
1154,-13.0,-28.05,-20.25,0.0,0.0,0.0,1.5451361556785406,1.5451361556785406
1155,-68.95,-100.05,-82.88,0.0,0.0,0.0,1.8552903274165453,1.8552903274165453
1156,-18.950000000000003,-40.0,-29.31,0.0,0.0,0.0,1.6739220697977517,1.6739220697977517
1157,-10.0,-25.049999999999997,-17.34,0.0,0.0,0.0,1.537614764138134,1.537614764138134
1158,-34.0,-58.0,-46.1,0.0,0.0,0.0,1.7072504780637485,1.7072504780637485
1159,-72.9,-113.0,-91.28,0.0,0.0,0.0,1.8641914123310885,1.8641914123310885
1160,-16.0,-34.0,-24.65,0.0,0.0,0.0,1.5808440337836318,1.5808440337836318
1161,-120.0,-165.05,-143.48,0.0,0.0,0.0,1.9681519855986738,1.9681519855986738
1162,-4.950000000000003,-14.05,-9.05,0.0,0.0,0.0,1.4460741097658307,1.4460741097658307
1163,-201.95,-256.1,-228.26,0.0,0.0,0.0,2.0705438659889803,2.0705438659889803
1164,-12.0,-28.05,-20.54,0.0,0.0,0.0,1.5533631748698433,1.5533631748698433
1165,-14.900000000000006,-33.05,-23.32,0.0,0.0,0.0,1.608414617426969,1.608414617426969
1166,-24.0,-47.099999999999994,-35.12,0.0,0.0,0.0,1.710097059731939,1.710097059731939
1167,-135.9,-185.04999999999998,-161.84,0.0,0.0,0.0,1.9858648460565862,1.9858648460565862
1168,-39.95,-66.14999999999999,-52.31,0.0,0.0,0.0,1.7321855182294712,1.7321855182294712
1169,-231.85000000000002,-285.3,-259.22,0.0,0.0,0.0,2.120159740885515,2.120159740885515
1170,-55.95,-83.05,-68.23,0.0,0.0,0.0,1.803025275026757,1.803025275026757
1171,-143.9,-183.04999999999998,-163.38,0.0,0.0,0.0,1.9884718536400714,1.9884718536400714
1172,0.0,-7.0,-3.24,0.0,0.0,0.0,1.2856785502213979,1.2856785502213979
1173,0.0,-3.0,-1.19,0.0,0.0,0.0,1.1097494364863574,1.1097494364863574
1174,-5.0,-15.0,-9.86,0.0,0.0,0.0,1.4490005303916331,1.4490005303916331
1175,-37.0,-63.0,-50.17,0.0,0.0,0.0,1.7321228812523897,1.7321228812523897
1176,-129.9,-181.10000000000002,-157.93,0.0,0.0,0.0,1.9982128882616252,1.9982128882616252
1177,-6.0,-19.0,-12.51,0.0,0.0,0.0,1.4729666698891186,1.4729666698891186
1178,-64.9,-96.05,-80.99,0.0,0.0,0.0,1.856107333847511,1.856107333847511
1179,-50.0,-82.0,-65.1,0.0,0.0,0.0,1.778689840200701,1.778689840200701
1180,-313.95,-375.0,-343.16,0.0,0.0,0.0,2.1778002999090034,2.1778002999090034
1181,-5.0,-16.0,-10.1,0.0,0.0,0.0,1.420240770715185,1.420240770715185
1182,-244.8,-305.05,-272.84,0.0,0.0,0.0,2.1323803874741434,2.1323803874741434
1183,-131.9,-172.05,-149.19,0.0,0.0,0.0,1.966943647270262,1.966943647270262
1184,-282.90000000000003,-344.05,-313.5,0.0,0.0,0.0,2.1670498526116053,2.1670498526116053
1185,0.0,-8.0,-4.04,0.0,0.0,0.0,1.2765259593533742,1.2765259593533742
1186,-44.0,-72.05,-57.47,0.0,0.0,0.0,1.748822746852585,1.748822746852585
1187,-80.0,-112.05,-94.89,0.0,0.0,0.0,2.002031540963919,2.002031540963919
1188,-205.95,-259.0,-233.67,0.0,0.0,0.0,2.066308894253743,2.066308894253743
1189,-235.9,-308.3,-275.6,0.0,0.0,0.0,2.109403620024457,2.109403620024457
1190,-235.0,-293.05,-261.33,0.0,0.0,0.0,2.1042847769263773,2.1042847769263773
1191,-66.9,-100.1,-83.21,0.0,0.0,0.0,1.8427093267253958,1.8427093267253958
1192,-250.95000000000002,-304.1,-277.14,0.0,0.0,0.0,2.1171944627663772,2.1171944627663772
1193,-4.0,-18.049999999999997,-10.63,0.0,0.0,0.0,1.4571471854766822,1.4571471854766822
1194,-5.950000000000003,-18.0,-11.92,0.0,0.0,0.0,1.4693431038058973,1.4693431038058973
1195,-63.0,-93.05000000000001,-78.8,0.0,0.0,0.0,1.8256476505131838,1.8256476505131838
1196,-261.95,-318.05,-289.89,0.0,0.0,0.0,2.1312960728553794,2.1312960728553794
1197,-16.0,-32.0,-24.29,0.0,0.0,0.0,1.5735694095619968,1.5735694095619968
1198,-77.95,-113.0,-95.14,0.0,0.0,0.0,1.8761555383737374,1.8761555383737374
1199,-76.95,-119.10000000000001,-98.19,0.0,0.0,0.0,1.8655916269890935,1.8655916269890935
1200,-102.9,-141.1,-122.35,0.0,0.0,0.0,1.9206490738934594,1.9206490738934594
1201,-91.0,-129.0,-111.61,0.0,0.0,0.0,1.8779145408312565,1.8779145408312565
1202,-206.90000000000003,-267.05,-234.34,0.0,0.0,0.0,2.0597800741576076,2.0597800741576076
1203,-71.95,-103.05000000000001,-88.0,0.0,0.0,0.0,1.84406026506029,1.84406026506029
1204,-48.0,-78.0,-62.62,0.0,0.0,0.0,1.7409445758332345,1.7409445758332345
1205,-41.95,-66.05,-53.8,0.0,0.0,0.0,1.752996556831431,1.752996556831431
1206,-89.95,-128.0,-106.38,0.0,0.0,0.0,1.934559012959478,1.934559012959478
1207,-7.0,-20.0,-13.75,0.0,0.0,0.0,1.56022761103831,1.56022761103831
1208,-15.950000000000003,-33.0,-23.74,0.0,0.0,0.0,1.5876237046904162,1.5876237046904162
1209,-263.95,-334.05,-299.56,0.0,0.0,0.0,2.146937556151044,2.146937556151044
1210,-17.0,-37.05,-27.09,0.0,0.0,0.0,1.5913022718962617,1.5913022718962617
1211,-40.0,-65.0,-52.16,0.0,0.0,0.0,1.7515899449187413,1.7515899449187413
1212,-21.0,-41.0,-30.58,0.0,0.0,0.0,1.6338162609185007,1.6338162609185007
1213,-51.95,-75.0,-64.28,0.0,0.0,0.0,1.8715953359935324,1.8715953359935324
1214,-229.95,-289.1,-257.83,0.0,0.0,0.0,2.093005402436113,2.093005402436113
1215,-31.950000000000003,-56.0,-43.43,0.0,0.0,0.0,1.731116150252329,1.731116150252329
1216,-34.0,-58.099999999999994,-45.81,0.0,0.0,0.0,1.7185243422587027,1.7185243422587027
1217,-36.95,-58.0,-46.63,0.0,0.0,0.0,1.7250052799781175,1.7250052799781175
1218,-32.95,-55.0,-42.36,0.0,0.0,0.0,1.8240608862449432,1.8240608862449432
1219,-25.900000000000006,-52.0,-38.81,0.0,0.0,0.0,1.7069621718717416,1.7069621718717416
1220,-193.9,-247.0,-219.69,0.0,0.0,0.0,2.0478457449906746,2.0478457449906746
1221,-9.0,-23.0,-15.34,0.0,0.0,0.0,1.5591925440861698,1.5591925440861698
1222,-10.0,-23.05,-17.28,0.0,0.0,0.0,1.5165511302549384,1.5165511302549384
1223,-16.0,-35.05,-24.57,0.0,0.0,0.0,1.6076468712104246,1.6076468712104246
1224,-31.0,-53.0,-43.44,0.0,0.0,0.0,1.8127126194136667,1.8127126194136667
1225,-14.950000000000003,-33.1,-24.18,0.0,0.0,0.0,1.6669037593795304,1.6669037593795304
1226,-215.0,-268.0,-236.07,0.0,0.0,0.0,2.066526194901684,2.066526194901684
1227,-18.0,-35.0,-25.35,0.0,0.0,0.0,1.6260050801390025,1.6260050801390025
1228,-51.95,-83.14999999999999,-68.8,0.0,0.0,0.0,1.8081464137759768,1.8081464137759768
1229,-13.900000000000006,-28.05,-21.06,0.0,0.0,0.0,1.561858585154276,1.561858585154276
1230,-29.950000000000003,-53.0,-40.47,0.0,0.0,0.0,1.7118469968614825,1.7118469968614825
1231,1.0,-4.0,-1.5,0.0,0.0,0.0,1.1723124302225019,1.1723124302225019
1232,-2.0,-10.0,-5.66,0.0,0.0,0.0,1.357131433642529,1.357131433642529
1233,-2.950000000000003,-11.0,-6.76,0.0,0.0,0.0,1.3988553168257494,1.3988553168257494
1234,-140.89999999999998,-184.3,-162.05,0.0,0.0,0.0,2.010470164021539,2.010470164021539
1235,-11.950000000000003,-28.0,-19.61,0.0,0.0,0.0,1.5543985032310284,1.5543985032310284
1236,-4.0,-17.049999999999997,-10.57,0.0,0.0,0.0,1.4442257185552194,1.4442257185552194
1237,-1.0,-10.0,-4.46,0.0,0.0,0.0,1.3103035281243436,1.3103035281243436
1238,-4.0,-15.0,-9.15,0.0,0.0,0.0,1.3828886857795402,1.3828886857795402
1239,-12.950000000000003,-28.05,-20.24,0.0,0.0,0.0,1.544749436513045,1.544749436513045
1240,-38.0,-63.15,-52.04,0.0,0.0,0.0,1.7567931326702109,1.7567931326702109
1241,-3.0,-14.0,-8.48,0.0,0.0,0.0,1.3880675115024241,1.3880675115024241
1242,-14.0,-31.0,-22.71,0.0,0.0,0.0,1.5878250497641175,1.5878250497641175
1243,-2.950000000000003,-14.05,-8.24,0.0,0.0,0.0,1.4858245561438503,1.4858245561438503
1244,-7.0,-20.05,-13.88,0.0,0.0,0.0,1.5772084058207332,1.5772084058207332
1245,-51.0,-78.0,-64.45,0.0,0.0,0.0,1.8106362609211522,1.8106362609211522
1246,-9.0,-26.0,-16.41,0.0,0.0,0.0,1.5541309802558494,1.5541309802558494
1247,-2.0,-12.05,-6.59,0.0,0.0,0.0,1.3999022839210764,1.3999022839210764
1248,-2.0,-13.0,-7.25,0.0,0.0,0.0,1.3865606546111093,1.3865606546111093
1249,-16.0,-36.0,-26.16,0.0,0.0,0.0,1.6392946242025068,1.6392946242025068
1250,-17.950000000000003,-35.0,-26.51,0.0,0.0,0.0,1.6031517985164916,1.6031517985164916
1251,-6.900000000000006,-18.0,-12.02,0.0,0.0,0.0,1.4735823294862507,1.4735823294862507
1252,0.0,-6.0,-2.45,0.0,0.0,0.0,1.1890329179761134,1.1890329179761134
1253,-12.950000000000003,-28.0,-18.88,0.0,0.0,0.0,1.5739829731400947,1.5739829731400947
1254,-9.950000000000003,-22.05,-15.85,0.0,0.0,0.0,1.5354024516994942,1.5354024516994942
1255,-1.0,-8.05,-4.15,0.0,0.0,0.0,1.2852089337453345,1.2852089337453345
1256,-4.950000000000003,-15.05,-9.9,0.0,0.0,0.0,1.4516056207015393,1.4516056207015393
1257,0.0,-7.0,-3.14,0.0,0.0,0.0,1.2771671705057661,1.2771671705057661
1258,-21.0,-42.0,-31.72,0.0,0.0,0.0,1.6998596244927284,1.6998596244927284
1259,-3.0,-15.0,-8.99,0.0,0.0,0.0,1.4358947810060487,1.4358947810060487
1260,-5.0,-16.0,-10.02,0.0,0.0,0.0,1.4537071886192439,1.4537071886192439
1261,-4.950000000000003,-14.0,-9.04,0.0,0.0,0.0,1.4100256581034427,1.4100256581034427
1262,-11.950000000000003,-30.0,-21.29,0.0,0.0,0.0,1.627090067526941,1.627090067526941
1263,-83.95,-121.14999999999999,-104.0,0.0,0.0,0.0,1.9446022044521252,1.9446022044521252
1264,-9.0,-25.0,-17.4,0.0,0.0,0.0,1.5646347270113443,1.5646347270113443
1265,-4.0,-17.049999999999997,-10.37,0.0,0.0,0.0,1.4654275641346783,1.4654275641346783
1266,-16.0,-37.0,-27.53,0.0,0.0,0.0,1.7067674139730586,1.7067674139730586
1267,-1.0,-10.0,-5.4,0.0,0.0,0.0,1.3331942973370172,1.3331942973370172
1268,-5.950000000000003,-20.05,-13.14,0.0,0.0,0.0,1.492980019807125,1.492980019807125
1269,-5.0,-21.0,-12.62,0.0,0.0,0.0,1.4978227400163453,1.4978227400163453
1270,0.0,-6.0,-2.8,0.0,0.0,0.0,1.216338487865671,1.216338487865671
1271,-12.950000000000003,-30.0,-21.36,0.0,0.0,0.0,1.6236552613647104,1.6236552613647104
1272,-6.950000000000003,-22.05,-13.99,0.0,0.0,0.0,1.512864446362808,1.512864446362808
1273,0.0,-6.0,-2.59,0.0,0.0,0.0,1.2461759362143965,1.2461759362143965
1274,-6.0,-18.0,-11.42,0.0,0.0,0.0,1.5176458067661678,1.5176458067661678
1275,0.0,-7.05,-3.57,0.0,0.0,0.0,1.2998974190315555,1.2998974190315555
1276,-5.950000000000003,-20.0,-11.94,0.0,0.0,0.0,1.4705049613726926,1.4705049613726926
1277,-0.9500000000000028,-8.0,-4.0,0.0,0.0,0.0,1.293047827514748,1.293047827514748
1278,-6.900000000000006,-18.0,-11.74,0.0,0.0,0.0,1.5435605084333548,1.5435605084333548
1279,0.0,-6.0,-2.83,0.0,0.0,0.0,1.2118721413464326,1.2118721413464326
1280,-0.9500000000000028,-9.0,-4.72,0.0,0.0,0.0,1.3138520577834607,1.3138520577834607
1281,1.0,-5.0,-2.23,0.0,0.0,0.0,1.2086754731869684,1.2086754731869684
1282,-4.0,-14.0,-9.22,0.0,0.0,0.0,1.4892044694862827,1.4892044694862827
1283,0.0,-9.0,-4.89,0.0,0.0,0.0,1.3421731513101423,1.3421731513101423
1284,-9.0,-24.0,-16.16,0.0,0.0,0.0,1.5341230229948832,1.5341230229948832
1285,-0.9500000000000028,-8.0,-4.53,0.0,0.0,0.0,1.302315326832684,1.302315326832684
1286,-4.0,-16.05,-10.01,0.0,0.0,0.0,1.5023442655084311,1.5023442655084311
1287,0.0,-4.0,-1.55,0.0,0.0,0.0,1.193480152263379,1.193480152263379
1288,-2.950000000000003,-14.0,-7.75,0.0,0.0,0.0,1.4165338495106612,1.4165338495106612
1289,-29.950000000000003,-54.050000000000004,-43.09,0.0,0.0,0.0,1.726221030111198,1.726221030111198
1290,-3.0,-12.05,-7.8,0.0,0.0,0.0,1.4513257964586899,1.4513257964586899
1291,-6.950000000000003,-26.0,-17.05,0.0,0.0,0.0,1.5077490823359267,1.5077490823359267
1292,0.0,-5.0,-2.22,0.0,0.0,0.0,1.2310800202007437,1.2310800202007437
1293,0.0,-3.0,-0.8,0.0,0.0,0.0,1.0419342803559888,1.0419342803559888
1294,-9.950000000000003,-26.0,-17.58,0.0,0.0,0.0,1.5350702526442914,1.5350702526442914
1295,-9.950000000000003,-24.0,-16.48,0.0,0.0,0.0,1.597340337860504,1.597340337860504
1296,-2.0,-13.0,-7.73,0.0,0.0,0.0,1.386120105504758,1.386120105504758
1297,-13.0,-33.0,-23.07,0.0,0.0,0.0,1.643915804677704,1.643915804677704
1298,0.0,-2.05,-0.85,0.0,0.0,0.0,1.0556550693972644,1.0556550693972644
1299,-155.9,-211.0,-184.24,0.0,0.0,0.0,2.1238057196700235,2.1238057196700235
1300,-14.0,-30.05,-21.84,0.0,0.0,0.0,1.73136434815095,1.73136434815095
1301,-4.0,-15.0,-9.35,0.0,0.0,0.0,1.437098783639158,1.437098783639158
1302,0.0,-3.0,-1.03,0.0,0.0,0.0,1.106054929851368,1.106054929851368
1303,0.0,-5.0,-1.88,0.0,0.0,0.0,1.2007113287895743,1.2007113287895743
1304,-4.0,-14.05,-9.37,0.0,0.0,0.0,1.4274193169505027,1.4274193169505027
1305,0.0,-3.0,-0.74,0.0,0.0,0.0,1.056426324092253,1.056426324092253
1306,-7.0,-23.0,-14.41,0.0,0.0,0.0,1.57540172723938,1.57540172723938
1307,-19.0,-39.0,-28.85,0.0,0.0,0.0,1.6584547854603828,1.6584547854603828
1308,-1.0,-9.049999999999999,-4.49,0.0,0.0,0.0,1.3193046933816777,1.3193046933816777
1309,1.0,-4.0,-1.12,0.0,0.0,0.0,1.128123019735887,1.128123019735887
1310,0.0,-4.0,-1.54,0.0,0.0,0.0,1.132736465941335,1.132736465941335
1311,0.0,-7.0,-3.36,0.0,0.0,0.0,1.2611930138566274,1.2611930138566274
1312,-2.950000000000003,-13.0,-7.63,0.0,0.0,0.0,1.4566716937091078,1.4566716937091078
1313,-2.950000000000003,-12.0,-6.89,0.0,0.0,0.0,1.3731553466922337,1.3731553466922337
1314,-15.0,-32.0,-23.52,0.0,0.0,0.0,1.6552438286807603,1.6552438286807603
1315,0.0,-5.05,-2.4,0.0,0.0,0.0,1.2206260366075772,1.2206260366075772
1316,1.0,-3.05,-1.26,0.0,0.0,0.0,1.1467752799723256,1.1467752799723256
1317,-10.0,-25.0,-16.93,0.0,0.0,0.0,1.5417015823834292,1.5417015823834292
1318,0.0,-5.0,-2.67,0.0,0.0,0.0,1.3006377113122443,1.3006377113122443
1319,0.0,-4.0,-1.3,0.0,0.0,0.0,1.1802185959974774,1.1802185959974774
1320,-1.0,-9.0,-4.64,0.0,0.0,0.0,1.2923787997518474,1.2923787997518474
1321,0.0,-6.0,-2.61,0.0,0.0,0.0,1.3464462498820462,1.3464462498820462
1322,0.0,-6.0,-2.63,0.0,0.0,0.0,1.2369083413964148,1.2369083413964148
1323,1.0,-6.0,-2.92,0.0,0.0,0.0,1.268656473008879,1.268656473008879
1324,0.0,-6.1,-3.05,0.0,0.0,0.0,1.24973819612162,1.24973819612162
1325,-2.0,-12.05,-7.15,0.0,0.0,0.0,1.443851743996032,1.443851743996032
1326,0.0,-8.0,-4.02,0.0,0.0,0.0,1.320889697001168,1.320889697001168
1327,0.0,-4.0,-1.9,0.0,0.0,0.0,1.1788275937416084,1.1788275937416084
1328,-2.0,-9.0,-5.51,0.0,0.0,0.0,1.3578425029974466,1.3578425029974466
1329,0.0,-5.05,-1.83,0.0,0.0,0.0,1.2718010826536774,1.2718010826536774
1330,0.04999999999999716,-3.05,-1.35,0.0,0.0,0.0,1.1427440309165862,1.1427440309165862
1331,1.0,-4.0,-1.62,0.0,0.0,0.0,1.1754876896241169,1.1754876896241169
1332,1.0,-1.0,-0.28,0.0,0.0,0.0,0.9620195434022907,0.9620195434022907
1333,0.0,-4.0,-1.39,0.0,0.0,0.0,1.1485514504412466,1.1485514504412466
1334,0.0,-8.0,-3.19,0.0,0.0,0.0,1.335996188981244,1.335996188981244
1335,-24.0,-43.0,-32.44,0.0,0.0,0.0,1.729462969313519,1.729462969313519
1336,-1.0,-9.0,-4.54,0.0,0.0,0.0,1.3684180434201823,1.3684180434201823
1337,0.0,-1.0,-0.17,0.0,0.0,0.0,0.8933881838692733,0.8933881838692733
1338,0.0,-1.0,-0.21,0.0,0.0,0.0,0.916345362671015,0.916345362671015
1339,-9.0,-22.05,-15.18,0.0,0.0,0.0,1.6193022365437235,1.6193022365437235
1340,-1.0,-10.0,-5.59,0.0,0.0,0.0,1.336700800464871,1.336700800464871
1341,0.0,-4.0,-1.75,0.0,0.0,0.0,1.1958053371241417,1.1958053371241417
1342,1.0,-4.0,-1.06,0.0,0.0,0.0,1.1544191945486233,1.1544191945486233
1343,-3.0,-16.05,-8.88,0.0,0.0,0.0,1.4709510297929023,1.4709510297929023
1344,0.0,-3.0,-0.75,0.0,0.0,0.0,1.1026569193550089,1.1026569193550089
1345,0.0,-2.05,-0.73,0.0,0.0,0.0,1.064682748225277,1.064682748225277
1346,-48.0,-81.0,-63.85,0.0,0.0,0.0,1.8399546143735444,1.8399546143735444
1347,-2.0,-9.0,-5.61,0.0,0.0,0.0,1.3864895063985552,1.3864895063985552
1348,-6.0,-18.049999999999997,-10.96,0.0,0.0,0.0,1.6280335113835342,1.6280335113835342
1349,-1.0,-10.05,-4.96,0.0,0.0,0.0,1.316061221752455,1.316061221752455
1350,0.0,-4.0,-1.43,0.0,0.0,0.0,1.1343854646187386,1.1343854646187386
1351,-2.0,-10.0,-6.48,0.0,0.0,0.0,1.4253315556931556,1.4253315556931556
1352,-2.950000000000003,-11.100000000000001,-7.2,0.0,0.0,0.0,1.4370760745722775,1.4370760745722775
1353,-4.0,-16.05,-9.63,0.0,0.0,0.0,1.500129113639264,1.500129113639264
1354,0.0,-1.0,-0.13,0.0,0.0,0.0,0.8514201671513155,0.8514201671513155
1355,-11.0,-29.049999999999997,-19.56,0.0,0.0,0.0,1.6456564420412858,1.6456564420412858
1356,-4.0,-16.0,-9.5,0.0,0.0,0.0,1.5009792911999045,1.5009792911999045
1357,-1.0,-8.0,-3.89,0.0,0.0,0.0,1.317727378014905,1.317727378014905
1358,0.04999999999999716,-3.0,-0.98,0.0,0.0,0.0,1.1495321661272868,1.1495321661272868
1359,-3.0,-15.05,-8.76,0.0,0.0,0.0,1.4865406774782182,1.4865406774782182
1360,-1.0,-8.0,-4.17,0.0,0.0,0.0,1.3447587687676323,1.3447587687676323
1361,0.0,-2.0,-0.9,0.0,0.0,0.0,1.1109962101160054,1.1109962101160054
1362,-3.0,-14.0,-8.78,0.0,0.0,0.0,1.4891299104198634,1.4891299104198634
1363,-0.9500000000000028,-8.05,-4.43,0.0,0.0,0.0,1.3886550823288097,1.3886550823288097
1364,0.0,-5.0,-2.46,0.0,0.0,0.0,1.3818691743310194,1.3818691743310194
1365,0.0,-7.0,-3.27,0.0,0.0,0.0,1.3283994975772098,1.3283994975772098
1366,-1.0,-10.0,-5.12,0.0,0.0,0.0,1.3878701186935887,1.3878701186935887
1367,0.0,-4.0,-1.77,0.0,0.0,0.0,1.2214016356254265,1.2214016356254265
1368,0.0,0.0,-0.03,0.0,0.0,0.0,0.8159577823557513,0.8159577823557513
1369,-1.0,-8.05,-4.68,0.0,0.0,0.0,1.374412638134694,1.374412638134694
1370,0.0,-4.0,-1.65,0.0,0.0,0.0,1.2261798447412162,1.2261798447412162
1371,0.0,-6.05,-2.75,0.0,0.0,0.0,1.3028642302385824,1.3028642302385824
1372,0.0,-4.05,-2.13,0.0,0.0,0.0,1.2640408337998394,1.2640408337998394
1373,0.0,0.0,0.01,0.0,0.0,0.0,0.7804782752561021,0.7804782752561021
1374,-42.95,-71.05000000000001,-56.73,0.0,0.0,0.0,1.8263352859474105,1.8263352859474105
1375,-18.950000000000003,-41.0,-28.88,0.0,0.0,0.0,1.6690070436124034,1.6690070436124034
1376,-2.0,-12.05,-6.92,0.0,0.0,0.0,1.4761781722769893,1.4761781722769893
1377,-43.900000000000006,-64.05,-53.83,0.0,0.0,0.0,1.7684779031848599,1.7684779031848599
1378,0.0,-2.0,-0.42,0.0,0.0,0.0,0.9817410089832701,0.9817410089832701
1379,0.04999999999999716,-3.0,-1.58,0.0,0.0,0.0,1.16216773171271,1.16216773171271
1380,1.0,-3.0,-0.83,0.0,0.0,0.0,1.1256981870761043,1.1256981870761043
1381,25255.35,24728.0,25012.89,36.261280887097506,36.261280887097506,36.26128088709752,1.582391963207315,2.1561875577207767
1382,0.0,-3.0,-0.87,0.0,0.0,0.0,1.0699519612378738,1.0699519612378738
1383,0.04999999999999716,-3.0,-1.27,0.0,0.0,0.0,1.1181900084516767,1.1181900084516767
1384,0.0,-5.05,-2.04,0.0,0.0,0.0,1.1840091830816308,1.1840091830816308
1385,0.0,-5.0,-1.93,0.0,0.0,0.0,1.1995252325780184,1.1995252325780184
1386,0.0,-4.0,-1.38,0.0,0.0,0.0,1.149424025178532,1.149424025178532
1387,0.0,-3.05,-1.13,0.0,0.0,0.0,1.1063482471922215,1.1063482471922215
1388,-67.95,-101.15,-85.14,0.0,0.0,0.0,1.8144381925308368,1.8144381925308368
1389,0.04999999999999716,-3.0,-1.21,0.0,0.0,0.0,1.098571674611116,1.098571674611116
1390,0.0,-4.0,-1.53,0.0,0.0,0.0,1.15179905337407,1.15179905337407
1391,0.0,-2.05,-0.84,0.0,0.0,0.0,1.0703712482860974,1.0703712482860974
1392,0.0,-4.05,-1.81,0.0,0.0,0.0,1.1160646061611272,1.1160646061611272
1393,0.0,-4.0,-1.18,0.0,0.0,0.0,1.118776985844555,1.118776985844555
1394,0.0,-4.0,-1.24,0.0,0.0,0.0,1.1491481310155363,1.1491481310155363
1395,0.04999999999999716,-1.0499999999999998,-0.34,0.0,0.0,0.0,0.995870969562229,0.995870969562229
1396,-2.0,-11.05,-6.94,0.0,0.0,0.0,1.3577264474993376,1.3577264474993376
1397,-22.0,-41.0,-30.31,0.0,0.0,0.0,1.6787347282317766,1.6787347282317766
1398,-60.0,-94.1,-78.12,0.0,0.0,0.0,1.8375589424601195,1.8375589424601195
1399,0.0,-4.0,-1.67,0.0,0.0,0.0,1.1821878049281194,1.1821878049281194
1400,0.04999999999999716,-4.0,-1.66,0.0,0.0,0.0,1.170744150089143,1.170744150089143
1401,0.0,-8.0,-3.49,0.0,0.0,0.0,1.280226649721933,1.280226649721933
1402,0.0,-5.0,-1.84,0.0,0.0,0.0,1.1794573763063314,1.1794573763063314
1403,-3.0,-14.0,-7.86,0.0,0.0,0.0,1.458045501005965,1.458045501005965
1404,1.0,-5.0,-2.04,0.0,0.0,0.0,1.1864840365117562,1.1864840365117562
1405,0.0,-6.0,-3.04,0.0,0.0,0.0,1.2543977803376896,1.2543977803376896
1406,0.0,-3.0,-1.06,0.0,0.0,0.0,1.1048102562496807,1.1048102562496807
1407,-2.0,-10.0,-5.69,0.0,0.0,0.0,1.364590650283957,1.364590650283957
1408,0.0,-5.0,-1.99,0.0,0.0,0.0,1.1818158867417798,1.1818158867417798
1409,0.0,-5.0,-2.35,0.0,0.0,0.0,1.2373318605181187,1.2373318605181187
1410,0.0,-7.0,-3.38,0.0,0.0,0.0,1.275465195463781,1.275465195463781
1411,-5.950000000000003,-15.0,-9.32,0.0,0.0,0.0,1.4227260062703107,1.4227260062703107
1412,0.0,-2.05,-0.76,0.0,0.0,0.0,1.0771792344781472,1.0771792344781472
1413,-0.9500000000000028,-8.0,-4.36,0.0,0.0,0.0,1.3138672432015985,1.3138672432015985
1414,-2.0,-11.0,-6.88,0.0,0.0,0.0,1.4306926339146304,1.4306926339146304
1415,-23.950000000000003,-45.0,-34.68,0.0,0.0,0.0,1.6626653345192175,1.6626653345192175
1416,-4.950000000000003,-15.05,-10.04,0.0,0.0,0.0,1.4484879362204484,1.4484879362204484
1417,1.0,-4.0,-1.48,0.0,0.0,0.0,1.2159799703232819,1.2159799703232819
1418,-2.0,-9.0,-5.34,0.0,0.0,0.0,1.3344713481675212,1.3344713481675212
1419,-1.0,-9.099999999999998,-5.67,0.0,0.0,0.0,1.3394208297518984,1.3394208297518984
1420,0.0,-3.05,-1.12,0.0,0.0,0.0,1.1930902153376295,1.1930902153376295
1421,0.0,-8.0,-3.94,0.0,0.0,0.0,1.3628957203145058,1.3628957203145058
1422,-3.950000000000003,-14.0,-8.19,0.0,0.0,0.0,1.4172602880210539,1.4172602880210539
1423,0.0,-5.0,-2.2,0.0,0.0,0.0,1.1952923490850003,1.1952923490850003
1424,-2.0,-11.0,-5.72,0.0,0.0,0.0,1.3694396073713506,1.3694396073713506
1425,-3.0,-12.0,-6.97,0.0,0.0,0.0,1.3938534626647927,1.3938534626647927
1426,-13.950000000000003,-28.0,-21.43,0.0,0.0,0.0,1.6143836579507689,1.6143836579507689
1427,-6.0,-18.0,-11.36,0.0,0.0,0.0,1.506117129131743,1.506117129131743
1428,-3.0,-13.0,-7.54,0.0,0.0,0.0,1.4128650483416438,1.4128650483416438
1429,0.0,-6.0,-3.15,0.0,0.0,0.0,1.2861626081673565,1.2861626081673565
1430,1.0,-3.0,-1.1,0.0,0.0,0.0,1.1697786465556888,1.1697786465556888
1431,-5.0,-18.0,-10.72,0.0,0.0,0.0,1.531718252444897,1.531718252444897
1432,0.0,-7.0,-3.62,0.0,0.0,0.0,1.2977974142729465,1.2977974142729465
1433,-7.950000000000003,-21.0,-14.33,0.0,0.0,0.0,1.525589818801336,1.525589818801336
1434,0.0,-4.05,-2.07,0.0,0.0,0.0,1.217631027846487,1.217631027846487
1435,-5.0,-15.0,-9.32,0.0,0.0,0.0,1.5115407184312233,1.5115407184312233
1436,1.0,-3.0,-0.82,0.0,0.0,0.0,1.077311663174764,1.077311663174764
1437,0.0,-1.0499999999999998,-0.35,0.0,0.0,0.0,1.0151490566558363,1.0151490566558363
1438,0.0,-3.05,-1.36,0.0,0.0,0.0,1.1350321625403412,1.1350321625403412
1439,0.0,-2.0,-0.38,0.0,0.0,0.0,0.9717331714251821,0.9717331714251821
1440,1.0,-2.0,-0.74,0.0,0.0,0.0,1.0528293983917212,1.0528293983917212
1441,1.0,-3.0,-0.79,0.0,0.0,0.0,1.1213716396480828,1.1213716396480828
1442,1.0,-4.0,-1.22,0.0,0.0,0.0,1.137390161107958,1.137390161107958
1443,0.04999999999999716,-2.0,-0.45,0.0,0.0,0.0,1.0220029195012499,1.0220029195012499
1444,0.0,-2.0,-0.72,0.0,0.0,0.0,1.1061235384589512,1.1061235384589512
1445,0.0,-2.0,-0.79,0.0,0.0,0.0,1.1068300404117943,1.1068300404117943
1446,0.0,-4.0,-1.6,0.0,0.0,0.0,1.215669426325764,1.215669426325764
1447,0.04999999999999716,-3.0,-1.01,0.0,0.0,0.0,1.127871291434681,1.127871291434681
1448,0.0,-3.0,-0.92,0.0,0.0,0.0,1.1111978349854525,1.1111978349854525
1449,0.0,-4.05,-1.68,0.0,0.0,0.0,1.1773518571678627,1.1773518571678627
1450,-1.0,-8.0,-4.2,0.0,0.0,0.0,1.3092023821144565,1.3092023821144565
1451,0.0,-2.0,-0.65,0.0,0.0,0.0,1.0696995971398886,1.0696995971398886
1452,0.0,-2.05,-0.71,0.0,0.0,0.0,1.0513846252757104,1.0513846252757104
1453,0.0,-6.0,-2.53,0.0,0.0,0.0,1.2564316937175084,1.2564316937175084
1454,-2.0,-11.05,-6.91,0.0,0.0,0.0,1.4046993802185996,1.4046993802185996
1455,-4.950000000000003,-16.0,-10.42,0.0,0.0,0.0,1.496227742822959,1.496227742822959
1456,0.0,-6.0,-3.36,0.0,0.0,0.0,1.295810618837038,1.295810618837038
1457,-3.0,-12.05,-7.32,0.0,0.0,0.0,1.4104597656941633,1.4104597656941633
1458,0.0,-3.0,-0.97,0.0,0.0,0.0,1.0933299207259979,1.0933299207259979
1459,0.0,-6.05,-2.85,0.0,0.0,0.0,1.2556457093909539,1.2556457093909539
1460,0.0,-2.0,-0.73,0.0,0.0,0.0,1.0448933090306722,1.0448933090306722
1461,-1.0,-7.0,-3.93,0.0,0.0,0.0,1.3080487272514356,1.3080487272514356
1462,0.0,-8.05,-4.12,0.0,0.0,0.0,1.3227693631403923,1.3227693631403923
1463,0.0,-5.0,-1.81,0.0,0.0,0.0,1.2088611574322001,1.2088611574322001
1464,0.0,-5.0,-2.52,0.0,0.0,0.0,1.2312150782903473,1.2312150782903473
1465,-12.0,-27.05,-18.57,0.0,0.0,0.0,1.6605713875227623,1.6605713875227623
1466,-2.0,-11.0,-5.67,0.0,0.0,0.0,1.3769053154558688,1.3769053154558688
1467,0.0,-2.0,-0.67,0.0,0.0,0.0,1.0329525371368193,1.0329525371368193
1468,0.0,-3.0,-0.92,0.0,0.0,0.0,1.0908029045883614,1.0908029045883614
1469,0.0,-3.0,-1.0,0.0,0.0,0.0,1.1171828264517059,1.1171828264517059
1470,0.0,-3.0,-0.83,0.0,0.0,0.0,1.084363097078359,1.084363097078359
1471,0.0,-2.0,-0.93,0.0,0.0,0.0,1.0993361625618663,1.0993361625618663
1472,-6.950000000000003,-20.05,-13.42,0.0,0.0,0.0,1.52579401118836,1.52579401118836
1473,0.0,-5.0,-2.27,0.0,0.0,0.0,1.2177155668257351,1.2177155668257351
1474,0.0,-2.0,-0.52,0.0,0.0,0.0,1.0613608622898314,1.0613608622898314
1475,0.0,-6.0,-2.97,0.0,0.0,0.0,1.2500292437318021,1.2500292437318021
1476,0.0,-5.05,-2.18,0.0,0.0,0.0,1.2221400704760341,1.2221400704760341
1477,0.0,-4.05,-1.87,0.0,0.0,0.0,1.1895450064841822,1.1895450064841822
1478,0.0,-4.0,-1.63,0.0,0.0,0.0,1.1527933924773592,1.1527933924773592
1479,-5.0,-16.05,-9.99,0.0,0.0,0.0,1.4938663808435069,1.4938663808435069
1480,0.04999999999999716,-3.0,-1.17,0.0,0.0,0.0,1.1210724056010084,1.1210724056010084
1481,-25.0,-47.05,-36.26,0.0,0.0,0.0,1.731352766422466,1.731352766422466
1482,0.0,-7.0,-2.84,0.0,0.0,0.0,1.2471042780593047,1.2471042780593047
1483,-3.0,-14.0,-8.78,0.0,0.0,0.0,1.450137150208346,1.450137150208346
1484,0.0,-2.0,-0.74,0.0,0.0,0.0,1.0326796046567,1.0326796046567
1485,0.0,-6.0,-2.88,0.0,0.0,0.0,1.2433200211573274,1.2433200211573274
1486,0.0,-1.0,-0.25,0.0,0.0,0.0,0.9154617109669669,0.9154617109669669
1487,-1.0,-7.05,-3.56,0.0,0.0,0.0,1.2627079385423448,1.2627079385423448
1488,0.0,-2.0,-0.53,0.0,0.0,0.0,1.0033116426458437,1.0033116426458437
1489,0.0,-3.0,-0.89,0.0,0.0,0.0,1.0727353550984011,1.0727353550984011
1490,0.04999999999999716,-1.0,-0.29,0.0,0.0,0.0,0.9532716565054224,0.9532716565054224
1491,0.0,-6.0,-3.2,0.0,0.0,0.0,1.2098017145836517,1.2098017145836517
1492,0.0,-5.0,-1.38,0.0,0.0,0.0,1.1589012671444228,1.1589012671444228
1493,-4.0,-14.0,-9.43,0.0,0.0,0.0,1.4272889733535936,1.4272889733535936
1494,0.04999999999999716,-4.0,-1.64,0.0,0.0,0.0,1.185959906245741,1.185959906245741
1495,-19.0,-36.0,-26.98,0.0,0.0,0.0,1.6017887249250764,1.6017887249250764
1496,0.04999999999999716,-4.0,-1.62,0.0,0.0,0.0,1.1834636540863073,1.1834636540863073
1497,-2.0,-10.0,-5.17,0.0,0.0,0.0,1.359218870810424,1.359218870810424
1498,0.0,-6.0,-2.86,0.0,0.0,0.0,1.2256630913087745,1.2256630913087745
1499,0.0,-4.0,-1.29,0.0,0.0,0.0,1.1088796223201767,1.1088796223201767
1500,0.0,-3.0,-0.77,0.0,0.0,0.0,1.0747265877237695,1.0747265877237695
1501,0.0,-1.0,-0.24,0.0,0.0,0.0,0.9656427886944681,0.9656427886944681
1502,-1.0,-9.0,-4.79,0.0,0.0,0.0,1.3714326209657874,1.3714326209657874
1503,0.0,-4.0,-1.85,0.0,0.0,0.0,1.2357002129933852,1.2357002129933852
1504,-0.9500000000000028,-8.05,-4.57,0.0,0.0,0.0,1.2952425234814051,1.2952425234814051
1505,0.0,-2.0,-0.38,0.0,0.0,0.0,1.035795223473221,1.035795223473221
1506,-28.950000000000003,-50.0,-38.18,0.0,0.0,0.0,1.7162627745220962,1.7162627745220962
1507,0.0,-3.0,-1.35,0.0,0.0,0.0,1.1702487311128351,1.1702487311128351
1508,0.04999999999999716,-1.0,-0.3,0.0,0.0,0.0,0.9632620215483088,0.9632620215483088
1509,0.0,-1.0,-0.27,0.0,0.0,0.0,0.9428327212947244,0.9428327212947244
1510,0.0,-3.0,-1.14,0.0,0.0,0.0,1.1542869616065092,1.1542869616065092
1511,-46.0,-72.05,-58.34,0.0,0.0,0.0,1.753052362710792,1.753052362710792
1512,0.0,-2.0,-0.65,0.0,0.0,0.0,1.0518851273201948,1.0518851273201948
1513,0.04999999999999716,-4.0,-1.47,0.0,0.0,0.0,1.11761032462185,1.11761032462185
1514,0.0,-5.0,-2.18,0.0,0.0,0.0,1.1732202818568067,1.1732202818568067
1515,0.04999999999999716,-2.0,-0.28,0.0,0.0,0.0,1.0413484539876796,1.0413484539876796
1516,-10.0,-23.0,-15.62,0.0,0.0,0.0,1.5144397587816372,1.5144397587816372
1517,1.0,-2.0,-0.37,0.0,0.0,0.0,1.037998392709586,1.037998392709586
1518,0.04999999999999716,-2.0,-0.67,0.0,0.0,0.0,1.105568544131568,1.105568544131568
1519,0.0,-2.0,-0.55,0.0,0.0,0.0,1.0200187878463243,1.0200187878463243
1520,0.0,-3.05,-1.27,0.0,0.0,0.0,1.12198242082199,1.12198242082199
1521,0.04999999999999716,-3.05,-1.08,0.0,0.0,0.0,1.1133644013063881,1.1133644013063881
1522,0.0,0.0,-0.01,0.0,0.0,0.0,0.7784792632677637,0.7784792632677637
1523,-5.0,-17.0,-10.17,0.0,0.0,0.0,1.4518610614608394,1.4518610614608394
1524,0.0,-3.0,-0.9,0.0,0.0,0.0,1.1281588524369963,1.1281588524369963
1525,0.0,0.0,-0.01,0.0,0.0,0.0,0.7508748452020488,0.7508748452020488
1526,0.0,-1.0,-0.16,0.0,0.0,0.0,0.8954882766447981,0.8954882766447981
1527,0.0,-2.0,-0.44,0.0,0.0,0.0,1.0010553241617817,1.0010553241617817
1528,0.0,-2.0,-0.39,0.0,0.0,0.0,1.0135648327694835,1.0135648327694835
1529,-51.95,-81.0,-66.19,0.0,0.0,0.0,1.931569373538245,1.931569373538245
1530,0.0,-1.0,-0.05,0.0,0.0,0.0,0.8407913931803654,0.8407913931803654
1531,-3.0,-12.1,-7.02,0.0,0.0,0.0,1.3816997420883832,1.3816997420883832
1532,-22.0,-40.05,-30.71,0.0,0.0,0.0,1.7805387901771115,1.7805387901771115
1533,0.0,-2.05,-0.81,0.0,0.0,0.0,1.0780759448416246,1.0780759448416246
1534,-4.0,-14.0,-8.7,0.0,0.0,0.0,1.3975370123658086,1.3975370123658086
1535,-3.950000000000003,-12.05,-7.43,0.0,0.0,0.0,1.3761861433609262,1.3761861433609262
1536,-4.0,-16.0,-9.87,0.0,0.0,0.0,1.4637153474601734,1.4637153474601734
1537,-7.0,-20.0,-13.35,0.0,0.0,0.0,1.510877852334592,1.510877852334592
1538,-30.900000000000006,-54.050000000000004,-40.9,0.0,0.0,0.0,1.7280694634907456,1.7280694634907456
1539,0.0,-5.0,-2.11,0.0,0.0,0.0,1.214434466840406,1.214434466840406
1540,0.0,-3.0,-1.05,0.0,0.0,0.0,1.1196526096380748,1.1196526096380748
1541,-1.0,-9.0,-3.84,0.0,0.0,0.0,1.3025625060130113,1.3025625060130113
1542,0.0,-3.0,-0.96,0.0,0.0,0.0,1.1159425549325446,1.1159425549325446
1543,-3.0,-13.0,-8.0,0.0,0.0,0.0,1.4131233950986717,1.4131233950986717
1544,-4.0,-13.0,-8.14,0.0,0.0,0.0,1.4035632307981587,1.4035632307981587
1545,-15.0,-31.0,-22.57,0.0,0.0,0.0,1.5757837379966275,1.5757837379966275
1546,-1.0,-10.0,-5.16,0.0,0.0,0.0,1.291603009287837,1.291603009287837
1547,-2.0,-13.0,-7.61,0.0,0.0,0.0,1.3607986350635992,1.3607986350635992
1548,-1.0,-7.0,-3.81,0.0,0.0,0.0,1.323717649104318,1.323717649104318
1549,-5.0,-17.049999999999997,-11.54,0.0,0.0,0.0,1.494074340366003,1.494074340366003
1550,-1.0,-9.0,-4.83,0.0,0.0,0.0,1.3594990546498127,1.3594990546498127
1551,0.0,-2.0,-0.64,0.0,0.0,0.0,1.0038467565086857,1.0038467565086857
1552,-2.0,-11.0,-6.57,0.0,0.0,0.0,1.3503045067641954,1.3503045067641954
1553,0.0,-7.0,-3.73,0.0,0.0,0.0,1.2527380925497127,1.2527380925497127
1554,0.0,-8.05,-3.94,0.0,0.0,0.0,1.2679554906588069,1.2679554906588069
1555,0.0,-5.0,-2.81,0.0,0.0,0.0,1.1787187936158583,1.1787187936158583
1556,-1.0,-8.0,-4.39,0.0,0.0,0.0,1.335059150324562,1.335059150324562
1557,-6.0,-19.0,-11.99,0.0,0.0,0.0,1.4436852781629979,1.4436852781629979
1558,-2.0,-11.0,-5.88,0.0,0.0,0.0,1.3414515463817027,1.3414515463817027
1559,0.0,-1.0,-0.33,0.0,0.0,0.0,0.9684520585334888,0.9684520585334888
1560,-17.0,-38.0,-27.23,0.0,0.0,0.0,1.616192794998837,1.616192794998837
1561,0.0,-2.0,-0.42,0.0,0.0,0.0,0.9716216062579869,0.9716216062579869
1562,-1.0,-9.0,-4.55,0.0,0.0,0.0,1.2754519401194628,1.2754519401194628
1563,0.04999999999999716,-1.0499999999999998,-0.24,0.0,0.0,0.0,0.9963142627094175,0.9963142627094175
1564,-1.0,-7.0,-3.61,0.0,0.0,0.0,1.2361231316109875,1.2361231316109875
1565,0.0,-2.0,-0.62,0.0,0.0,0.0,1.0227083434619606,1.0227083434619606
1566,0.0,-6.0,-2.64,0.0,0.0,0.0,1.1879190655031027,1.1879190655031027
1567,0.0,-2.0,-0.73,0.0,0.0,0.0,1.0832225709657533,1.0832225709657533
1568,-47.95,-71.05000000000001,-59.7,0.0,0.0,0.0,1.7531026099987839,1.7531026099987839
1569,-1.0,-8.0,-4.57,0.0,0.0,0.0,1.2970388311020742,1.2970388311020742
1570,0.0,-4.0,-1.55,0.0,0.0,0.0,1.123838677223436,1.123838677223436
1571,0.0,-2.0,-0.79,0.0,0.0,0.0,1.0995874978561238,1.0995874978561238
1572,0.0,-4.0,-1.42,0.0,0.0,0.0,1.1395005873664135,1.1395005873664135
1573,0.04999999999999716,-3.0,-0.97,0.0,0.0,0.0,1.156382244163556,1.156382244163556
1574,-1.0,-9.0,-4.8,0.0,0.0,0.0,1.3419824026655645,1.3419824026655645
1575,-0.9500000000000028,-7.0,-3.5,0.0,0.0,0.0,1.2763694743891167,1.2763694743891167
1576,0.04999999999999716,-2.0,-0.34,0.0,0.0,0.0,1.0143263732042838,1.0143263732042838
1577,-0.9500000000000028,-6.0,-2.86,0.0,0.0,0.0,1.2569227188613117,1.2569227188613117
1578,0.0,-1.0,-0.07,0.0,0.0,0.0,0.8270859116174853,0.8270859116174853
1579,-0.9500000000000028,-6.0,-2.91,0.0,0.0,0.0,1.2593865598249037,1.2593865598249037
1580,0.0,-6.0,-2.79,0.0,0.0,0.0,1.2841647941542822,1.2841647941542822
1581,-3.0,-13.0,-7.92,0.0,0.0,0.0,1.4149914175833627,1.4149914175833627
1582,0.0,-3.0,-0.92,0.0,0.0,0.0,1.1257730793248257,1.1257730793248257
1583,-5.950000000000003,-17.049999999999997,-11.4,0.0,0.0,0.0,1.4512318422686092,1.4512318422686092
1584,0.0,-3.05,-1.42,0.0,0.0,0.0,1.2204077680224297,1.2204077680224297
1585,0.0,-6.0,-2.83,0.0,0.0,0.0,1.227149037315155,1.227149037315155
1586,-2.0,-12.0,-6.87,0.0,0.0,0.0,1.3560968479084614,1.3560968479084614
1587,1.0,-3.0,-1.07,0.0,0.0,0.0,1.164250278231529,1.164250278231529
1588,-4.0,-15.0,-9.06,0.0,0.0,0.0,1.3936376727736632,1.3936376727736632
1589,-3.0,-11.0,-6.84,0.0,0.0,0.0,1.3555228230294858,1.3555228230294858
1590,1.0,-5.0,-2.36,0.0,0.0,0.0,1.1852887580771698,1.1852887580771698
1591,-4.0,-15.0,-9.1,0.0,0.0,0.0,1.5357295768826515,1.5357295768826515
1592,0.0,-5.0,-2.03,0.0,0.0,0.0,1.170110665217077,1.170110665217077
1593,-7.950000000000003,-20.0,-13.08,0.0,0.0,0.0,1.5124538132210814,1.5124538132210814
1594,0.0,-3.0,-1.07,0.0,0.0,0.0,1.0986194410545638,1.0986194410545638
1595,-9.950000000000003,-27.0,-16.95,0.0,0.0,0.0,1.6920358355204923,1.6920358355204923
1596,0.0,-3.05,-1.38,0.0,0.0,0.0,1.1539926392462254,1.1539926392462254
1597,-2.0,-11.05,-6.21,0.0,0.0,0.0,1.3898073584675041,1.3898073584675041
1598,-9.0,-27.05,-17.64,0.0,0.0,0.0,1.5944680604236663,1.5944680604236663
1599,-4.0,-14.0,-8.84,0.0,0.0,0.0,1.4970159962395126,1.4970159962395126
1600,-18.950000000000003,-39.05,-27.78,0.0,0.0,0.0,1.7761073387439972,1.7761073387439972
1601,0.0,-3.0,-1.02,0.0,0.0,0.0,1.1120211303114187,1.1120211303114187
1602,1.0,-3.0,-0.72,0.0,0.0,0.0,1.1139432232734026,1.1139432232734026
1603,-1.0,-8.0,-4.17,0.0,0.0,0.0,1.32330298518459,1.32330298518459
1604,0.0,-2.0,-0.76,0.0,0.0,0.0,1.0689601782729203,1.0689601782729203
1605,-29.950000000000003,-51.0,-40.6,0.0,0.0,0.0,1.7488815667253328,1.7488815667253328
1606,0.0,-2.0,-0.57,0.0,0.0,0.0,1.0631752279337574,1.0631752279337574
1607,-8.900000000000006,-22.05,-14.88,0.0,0.0,0.0,1.6175718622776423,1.6175718622776423
1608,0.0,-3.05,-1.26,0.0,0.0,0.0,1.1391590917483294,1.1391590917483294
1609,1.0,-4.0,-1.69,0.0,0.0,0.0,1.21697709697542,1.21697709697542
1610,-1.0,-8.05,-4.31,0.0,0.0,0.0,1.3348587074539002,1.3348587074539002
1611,0.0,-2.0,-0.43,0.0,0.0,0.0,1.0125441114037594,1.0125441114037594
1612,-1.0,-10.0,-5.17,0.0,0.0,0.0,1.4030685533481035,1.4030685533481035
1613,-2.950000000000003,-12.0,-7.1,0.0,0.0,0.0,1.4237694333554112,1.4237694333554112
1614,-5.950000000000003,-18.0,-11.71,0.0,0.0,0.0,1.5273340653501049,1.5273340653501049
1615,-1.0,-9.0,-4.99,0.0,0.0,0.0,1.4122772574397289,1.4122772574397289
1616,0.04999999999999716,-3.0,-1.0,0.0,0.0,0.0,1.1223807123363545,1.1223807123363545
1617,0.0,-3.0,-1.07,0.0,0.0,0.0,1.1180240448669674,1.1180240448669674
1618,0.0,-3.0,-0.94,0.0,0.0,0.0,1.1273060815305116,1.1273060815305116
1619,0.0,-5.05,-2.47,0.0,0.0,0.0,1.2794736972090925,1.2794736972090925
1620,0.0,-3.0,-0.98,0.0,0.0,0.0,1.1303742973576365,1.1303742973576365
1621,0.0,-1.0,-0.13,0.0,0.0,0.0,0.8958903830443282,0.8958903830443282
1622,0.0,-0.04999999999999982,-0.05,0.0,0.0,0.0,0.7694679092284997,0.7694679092284997
1623,-0.9500000000000028,-8.0,-3.92,0.0,0.0,0.0,1.3256351769112882,1.3256351769112882
1624,-1.0,-9.0,-4.93,0.0,0.0,0.0,1.3017252029690705,1.3017252029690705
1625,0.0,-2.0,-0.51,0.0,0.0,0.0,1.047053635937126,1.047053635937126
1626,1.0,-3.0,-0.76,0.0,0.0,0.0,1.064840320322701,1.064840320322701
1627,0.0,-3.0,-0.98,0.0,0.0,0.0,1.0940187234490102,1.0940187234490102
1628,-1.0,-7.0,-3.54,0.0,0.0,0.0,1.2771539146486584,1.2771539146486584
1629,-4.0,-14.0,-8.36,0.0,0.0,0.0,1.4353643303640673,1.4353643303640673
1630,-4.0,-15.0,-8.65,0.0,0.0,0.0,1.4874239205578492,1.4874239205578492
1631,0.0,-3.0,-0.79,0.0,0.0,0.0,1.1079992675810828,1.1079992675810828
1632,0.0,-3.0,-0.96,0.0,0.0,0.0,1.1308678334627382,1.1308678334627382
1633,0.0,-2.0,-0.8,0.0,0.0,0.0,1.0989230480252032,1.0989230480252032
1634,0.0,-5.0,-2.16,0.0,0.0,0.0,1.194214863291095,1.194214863291095
1635,0.0,-2.0,-0.36,0.0,0.0,0.0,1.0115475460936838,1.0115475460936838
1636,0.0,-4.0,-1.67,0.0,0.0,0.0,1.1433091110143243,1.1433091110143243
1637,0.0,-1.0,-0.3,0.0,0.0,0.0,0.9730977823635354,0.9730977823635354
1638,0.0,-5.0,-1.99,0.0,0.0,0.0,1.1510152783013143,1.1510152783013143
1639,0.0,-4.0,-1.42,0.0,0.0,0.0,1.1712847000075581,1.1712847000075581
1640,-2.950000000000003,-12.0,-6.18,0.0,0.0,0.0,1.372328850345661,1.372328850345661
1641,0.0,-4.0,-1.88,0.0,0.0,0.0,1.1763989531842316,1.1763989531842316
1642,0.0,-3.0,-1.2,0.0,0.0,0.0,1.086881950687047,1.086881950687047
1643,0.0,-2.0,-0.6,0.0,0.0,0.0,0.991407999976997,0.991407999976997
1644,-6.950000000000003,-19.0,-12.4,0.0,0.0,0.0,1.496277517189476,1.496277517189476
1645,-3.0,-13.0,-7.86,0.0,0.0,0.0,1.4772393080757604,1.4772393080757604
1646,0.0,-5.0,-1.96,0.0,0.0,0.0,1.2271601668084176,1.2271601668084176
1647,0.0,-2.0,-0.65,0.0,0.0,0.0,1.1304731252233524,1.1304731252233524
1648,-0.9500000000000028,-6.0,-2.71,0.0,0.0,0.0,1.274555881543093,1.274555881543093
1649,0.0,-5.0,-2.07,0.0,0.0,0.0,1.2137259181558155,1.2137259181558155
1650,1.0,-4.0,-1.43,0.0,0.0,0.0,1.2133754974953164,1.2133754974953164
1651,0.0,-3.05,-1.06,0.0,0.0,0.0,1.1240301760237683,1.1240301760237683
1652,-2.0,-9.049999999999999,-5.62,0.0,0.0,0.0,1.396007806070238,1.396007806070238
1653,0.0,-3.0,-1.21,0.0,0.0,0.0,1.136656952526626,1.136656952526626
1654,0.0,-4.0,-1.88,0.0,0.0,0.0,1.2236583876467142,1.2236583876467142
1655,1.0,-3.05,-0.97,0.0,0.0,0.0,1.119732762462874,1.119732762462874
1656,0.04999999999999716,-4.0,-1.24,0.0,0.0,0.0,1.1284744103927902,1.1284744103927902
1657,0.0,-8.0,-4.54,0.0,0.0,0.0,1.361492965256666,1.361492965256666
1658,-14.0,-29.0,-20.55,0.0,0.0,0.0,1.6293798120209015,1.6293798120209015
1659,-23.0,-45.0,-32.78,0.0,0.0,0.0,1.6665048507945335,1.6665048507945335
1660,-1.0,-7.05,-4.64,0.0,0.0,0.0,1.3103763308186815,1.3103763308186815
1661,0.0,-3.0,-0.97,0.0,0.0,0.0,1.0915033489593642,1.0915033489593642
1662,0.0,-2.0,-0.61,0.0,0.0,0.0,1.0274216026360827,1.0274216026360827
1663,-1.0,-10.0,-5.28,0.0,0.0,0.0,1.3604516830277833,1.3604516830277833
1664,0.0,-5.05,-2.36,0.0,0.0,0.0,1.2215976751624775,1.2215976751624775
1665,0.0,-5.05,-2.4,0.0,0.0,0.0,1.2145694800677456,1.2145694800677456
1666,0.0,-2.0,-0.47,0.0,0.0,0.0,0.9642204979780683,0.9642204979780683
1667,0.0,-1.0499999999999998,-0.29,0.0,0.0,0.0,0.9438029046373007,0.9438029046373007
1668,-1.0,-7.05,-4.16,0.0,0.0,0.0,1.321467721412831,1.321467721412831
1669,0.0,-1.0,-0.17,0.0,0.0,0.0,0.9111652072817408,0.9111652072817408
1670,-8.950000000000003,-22.0,-15.07,0.0,0.0,0.0,1.5137229713429325,1.5137229713429325
1671,0.0,-5.0,-2.29,0.0,0.0,0.0,1.1780045465333833,1.1780045465333833
1672,-17.0,-38.0,-27.26,0.0,0.0,0.0,1.6576037741498206,1.6576037741498206
1673,0.0,-2.05,-0.69,0.0,0.0,0.0,1.0071253145824661,1.0071253145824661
1674,0.0,-3.0,-0.67,0.0,0.0,0.0,1.0404452823622317,1.0404452823622317
1675,0.0,-3.0,-1.46,0.0,0.0,0.0,1.1380366480220234,1.1380366480220234
1676,-2.0,-10.0,-6.08,0.0,0.0,0.0,1.383533766503221,1.383533766503221
1677,0.0,-3.0,-1.55,0.0,0.0,0.0,1.1399211992846263,1.1399211992846263
1678,0.0,-2.05,-1.02,0.0,0.0,0.0,1.0908138278355226,1.0908138278355226
1679,0.0,-5.0,-2.28,0.0,0.0,0.0,1.1963569158311318,1.1963569158311318
1680,0.04999999999999716,-3.0,-0.91,0.0,0.0,0.0,1.087647028185152,1.087647028185152
1681,-4.0,-14.05,-9.43,0.0,0.0,0.0,1.4053494415951109,1.4053494415951109
1682,-1.0,-8.0,-5.08,0.0,0.0,0.0,1.3680145347182815,1.3680145347182815
1683,-7.950000000000003,-19.0,-13.69,0.0,0.0,0.0,1.4797901268300324,1.4797901268300324
1684,-0.9500000000000028,-7.05,-3.44,0.0,0.0,0.0,1.2535909626109083,1.2535909626109083
1685,0.0,-2.0,-0.62,0.0,0.0,0.0,1.03835459080297,1.03835459080297
1686,-2.0,-9.049999999999999,-5.76,0.0,0.0,0.0,1.3978433266333792,1.3978433266333792
1687,-0.9500000000000028,-8.0,-3.76,0.0,0.0,0.0,1.3034908928435913,1.3034908928435913
1688,-52.95,-84.05,-67.79,0.0,0.0,0.0,1.8799263561808532,1.8799263561808532
1689,-1.0,-10.0,-5.86,0.0,0.0,0.0,1.322166472846593,1.322166472846593
1690,0.0,-5.0,-2.59,0.0,0.0,0.0,1.2554281858131189,1.2554281858131189
1691,0.0,-5.0,-2.15,0.0,0.0,0.0,1.1568675279845761,1.1568675279845761
1692,0.0,-2.0,-0.56,0.0,0.0,0.0,1.0468473613152807,1.0468473613152807
1693,-2.0,-11.0,-6.46,0.0,0.0,0.0,1.3830416399568475,1.3830416399568475
1694,-4.0,-13.0,-7.99,0.0,0.0,0.0,1.4555546126866676,1.4555546126866676
1695,0.0,-3.0,-0.79,0.0,0.0,0.0,1.1045976291215036,1.1045976291215036
1696,0.0,-2.05,-0.63,0.0,0.0,0.0,1.0588646758883409,1.0588646758883409
1697,-3.0,-12.0,-7.09,0.0,0.0,0.0,1.4141173838653953,1.4141173838653953
1698,0.0,-1.0,-0.17,0.0,0.0,0.0,0.927288502624044,0.927288502624044
1699,0.0,-3.0,-0.81,0.0,0.0,0.0,1.1078048546352819,1.1078048546352819
1700,0.0,-5.05,-2.86,0.0,0.0,0.0,1.2642554708910607,1.2642554708910607
1701,0.0,-5.0,-2.31,0.0,0.0,0.0,1.240739343147669,1.240739343147669
1702,0.0,-7.0,-3.11,0.0,0.0,0.0,1.2971558227586675,1.2971558227586675
1703,0.0,-1.0,-0.09,0.0,0.0,0.0,0.8117598315473038,0.8117598315473038
1704,0.0,-1.0,-0.07,0.0,0.0,0.0,0.8522516581433419,0.8522516581433419
1705,0.0,-1.0,-0.06,0.0,0.0,0.0,0.8168130006859445,0.8168130006859445
1706,0.0,-1.0,-0.19,0.0,0.0,0.0,0.8535843535094219,0.8535843535094219
1707,0.0,-0.04999999999999982,-0.03,0.0,0.0,0.0,0.8570059709992074,0.8570059709992074
1708,0.0,-3.0,-1.27,0.0,0.0,0.0,1.134296799096987,1.134296799096987
1709,0.04999999999999716,-2.0,-0.39,0.0,0.0,0.0,1.0179499758741963,1.0179499758741963
1710,0.0,-3.0,-0.98,0.0,0.0,0.0,1.1597337843437183,1.1597337843437183
1711,0.0,-4.0,-1.54,0.0,0.0,0.0,1.1814499670384113,1.1814499670384113
1712,0.0,-4.05,-1.37,0.0,0.0,0.0,1.2166408228282888,1.2166408228282888
1713,0.0,-2.0,-0.58,0.0,0.0,0.0,1.0439950056455771,1.0439950056455771
1714,-5.0,-14.05,-9.48,0.0,0.0,0.0,1.4949815496064542,1.4949815496064542
1715,0.0,0.0,-0.01,0.0,0.0,0.0,0.657542573299487,0.657542573299487
1716,-6.0,-19.0,-11.5,0.0,0.0,0.0,1.5043816336292144,1.5043816336292144
1717,0.0,-1.0,-0.15,0.0,0.0,0.0,0.853355643248772,0.853355643248772
1718,0.0,-1.0,-0.22,0.0,0.0,0.0,0.9451413300173204,0.9451413300173204
1719,-2.0,-8.05,-4.61,0.0,0.0,0.0,1.350819841864414,1.350819841864414
1720,0.0,0.0,-0.02,0.0,0.0,0.0,0.7785283730800194,0.7785283730800194
1721,0.0,-1.0,-0.14,0.0,0.0,0.0,0.8281847526229522,0.8281847526229522
1722,0.0,-5.0,-2.02,0.0,0.0,0.0,1.2216965145915892,1.2216965145915892
1723,0.0,-5.0,-2.21,0.0,0.0,0.0,1.2413546470245758,1.2413546470245758
1724,1.0,-2.0,-0.6,0.0,0.0,0.0,1.0886892084864503,1.0886892084864503
1725,0.0,-2.0,-0.48,0.0,0.0,0.0,1.0252263598279625,1.0252263598279625
1726,-11.0,-25.0,-17.24,0.0,0.0,0.0,1.595692441255984,1.595692441255984
1727,1.0,-2.0,-0.58,0.0,0.0,0.0,1.095023306333559,1.095023306333559
1728,0.0,-2.0,-0.45,0.0,0.0,0.0,1.047725071067823,1.047725071067823
1729,-16.950000000000003,-36.0,-25.79,0.0,0.0,0.0,1.6654924100213302,1.6654924100213302
1730,0.0,0.0,-0.01,0.0,0.0,0.0,0.7523375361460259,0.7523375361460259
1731,0.0,-2.0,-0.67,0.0,0.0,0.0,1.1078755032553156,1.1078755032553156
1732,-3.0,-13.0,-7.74,0.0,0.0,0.0,1.4206270797058063,1.4206270797058063
1733,-0.9500000000000028,-7.0,-3.46,0.0,0.0,0.0,1.341534890042035,1.341534890042035
1734,0.0,-5.0,-2.67,0.0,0.0,0.0,1.3166826896532904,1.3166826896532904
1735,0.0,-4.0,-1.46,0.0,0.0,0.0,1.1569797891863096,1.1569797891863096
1736,0.0,-2.0,-0.54,0.0,0.0,0.0,1.025086504741167,1.025086504741167
1737,0.0,-7.0,-3.34,0.0,0.0,0.0,1.32403339645787,1.32403339645787
1738,0.0,-6.0,-2.36,0.0,0.0,0.0,1.2126991542402303,1.2126991542402303
1739,0.0,-7.05,-3.85,0.0,0.0,0.0,1.2874347352483086,1.2874347352483086
1740,0.0,-6.0,-2.76,0.0,0.0,0.0,1.287636670451632,1.287636670451632
1741,-1.9500000000000028,-9.0,-4.93,0.0,0.0,0.0,1.3250989192060125,1.3250989192060125
1742,0.0,-5.0,-1.92,0.0,0.0,0.0,1.2066182535079046,1.2066182535079046
1743,0.0,-6.0,-2.74,0.0,0.0,0.0,1.2199687637671845,1.2199687637671845
1744,0.0,-1.0,-0.18,0.0,0.0,0.0,0.9013961822887996,0.9013961822887996
1745,-2.0,-13.049999999999999,-7.08,0.0,0.0,0.0,1.3954330803128423,1.3954330803128423
1746,0.0,-1.0,-0.21,0.0,0.0,0.0,0.9163395078940062,0.9163395078940062
1747,0.0,-7.0,-3.1,0.0,0.0,0.0,1.2332937487605937,1.2332937487605937
1748,1.0,-3.0,-0.72,0.0,0.0,0.0,1.0712714321589767,1.0712714321589767
1749,0.0,-2.0,-0.54,0.0,0.0,0.0,1.0549056650913657,1.0549056650913657
1750,0.0,-1.0,-0.24,0.0,0.0,0.0,0.94947213347907,0.94947213347907
1751,0.0,-4.0,-1.96,0.0,0.0,0.0,1.2438365516638041,1.2438365516638041
1752,1.0,-2.0,-0.44,0.0,0.0,0.0,0.978450856962585,0.978450856962585
1753,0.04999999999999716,-4.0,-1.4,0.0,0.0,0.0,1.1921641200541657,1.1921641200541657
1754,0.0,-1.0,-0.36,0.0,0.0,0.0,1.0094737668105611,1.0094737668105611
1755,-4.0,-16.0,-9.55,0.0,0.0,0.0,1.4977040538473574,1.4977040538473574
1756,0.0,-7.0,-3.5,0.0,0.0,0.0,1.324020817108,1.324020817108
1757,0.0,0.0,-0.04,0.0,0.0,0.0,0.7598929403851648,0.7598929403851648
1758,0.0,-1.0,-0.2,0.0,0.0,0.0,0.9820984701587429,0.9820984701587429
1759,0.0,-3.0,-1.28,0.0,0.0,0.0,1.1464088427076788,1.1464088427076788
1760,0.0,-5.0,-2.17,0.0,0.0,0.0,1.2689492359398011,1.2689492359398011
1761,-2.0,-9.049999999999999,-5.35,0.0,0.0,0.0,1.3552317845666766,1.3552317845666766
1762,0.04999999999999716,-2.0,-0.62,0.0,0.0,0.0,1.0494890828505665,1.0494890828505665
1763,0.0,-5.05,-2.3,0.0,0.0,0.0,1.2129775330243602,1.2129775330243602
1764,0.0,-4.0,-1.3,0.0,0.0,0.0,1.1348370409504855,1.1348370409504855
1765,0.0,-4.0,-1.49,0.0,0.0,0.0,1.1751233964251182,1.1751233964251182
1766,0.0,0.0,-0.01,0.0,0.0,0.0,0.7480829622732731,0.7480829622732731
1767,-0.9500000000000028,-6.05,-3.0,0.0,0.0,0.0,1.3035909260714786,1.3035909260714786
1768,0.0,-1.0,-0.16,0.0,0.0,0.0,0.9446501230084817,0.9446501230084817
1769,-0.9500000000000028,-7.05,-3.55,0.0,0.0,0.0,1.3292289511232087,1.3292289511232087
1770,0.0,-2.0,-0.52,0.0,0.0,0.0,1.1145787111554855,1.1145787111554855
1771,0.0,-2.0,-0.49,0.0,0.0,0.0,1.109364617044947,1.109364617044947
1772,0.0,-1.0,-0.27,0.0,0.0,0.0,0.9550700919283142,0.9550700919283142
1773,-2.0,-9.049999999999999,-5.81,0.0,0.0,0.0,1.4851188315015693,1.4851188315015693
1774,0.0,-4.0,-1.18,0.0,0.0,0.0,1.1288164340754323,1.1288164340754323
1775,-1.0,-7.0,-3.38,0.0,0.0,0.0,1.3138860119884228,1.3138860119884228
1776,0.0,-2.0,-0.45,0.0,0.0,0.0,1.0819138297419724,1.0819138297419724
1777,0.0,-1.0,-0.2,0.0,0.0,0.0,0.8781114082372514,0.8781114082372514
1778,0.0,-3.0,-1.08,0.0,0.0,0.0,1.1866771140036803,1.1866771140036803
1779,0.0,0.0,-0.03,0.0,0.0,0.0,0.8541043289104272,0.8541043289104272
1780,-7.0,-20.0,-13.24,0.0,0.0,0.0,1.565056745090547,1.565056745090547
1781,1.0,-4.0,-1.68,0.0,0.0,0.0,1.157185472947332,1.157185472947332
1782,0.0,-1.0,-0.16,0.0,0.0,0.0,0.9237040858688288,0.9237040858688288
1783,0.0,-1.0,-0.07,0.0,0.0,0.0,0.8403381948864354,0.8403381948864354
1784,0.0,-5.0,-2.26,0.0,0.0,0.0,1.3506694693384977,1.3506694693384977
1785,0.0,-2.0,-0.48,0.0,0.0,0.0,1.109323355808704,1.109323355808704
1786,0.0,-7.0,-3.28,0.0,0.0,0.0,1.317103401856489,1.317103401856489
1787,0.0,-1.0,-0.13,0.0,0.0,0.0,0.9058222157301011,0.9058222157301011
1788,-1.0,-6.0,-3.21,0.0,0.0,0.0,1.3023210470383129,1.3023210470383129
1789,0.04999999999999716,-2.0,-0.68,0.0,0.0,0.0,1.1859301095133754,1.1859301095133754
1790,0.0,-6.0,-2.89,0.0,0.0,0.0,1.2889178747787329,1.2889178747787329
1791,0.0,-1.0,-0.14,0.0,0.0,0.0,0.9601071098521685,0.9601071098521685
1792,0.0,-4.05,-1.79,0.0,0.0,0.0,1.2160732236655432,1.2160732236655432
1793,0.04999999999999716,-2.0,-0.68,0.0,0.0,0.0,1.1177755480280362,1.1177755480280362
1794,0.04999999999999716,-3.0,-0.89,0.0,0.0,0.0,1.112374520342718,1.112374520342718
1795,-1.0,-7.05,-3.57,0.0,0.0,0.0,1.3316106057976775,1.3316106057976775
1796,1.0,-1.0499999999999998,-0.37,0.0,0.0,0.0,1.0806631374617306,1.0806631374617306
1797,-2.950000000000003,-13.0,-7.63,0.0,0.0,0.0,1.5084441068851226,1.5084441068851226
1798,0.0,-4.0,-1.59,0.0,0.0,0.0,1.2097356789026614,1.2097356789026614
1799,0.0,-4.0,-1.61,0.0,0.0,0.0,1.2001933106069629,1.2001933106069629
1800,0.04999999999999716,-4.0,-1.46,0.0,0.0,0.0,1.1957367895752637,1.1957367895752637
1801,-10.950000000000003,-25.0,-16.91,0.0,0.0,0.0,1.5840774265217175,1.5840774265217175
1802,-0.9500000000000028,-7.0,-3.74,0.0,0.0,0.0,1.3865842719051285,1.3865842719051285
1803,0.0,-5.0,-2.59,0.0,0.0,0.0,1.2624252113286825,1.2624252113286825
1804,0.0,-2.0,-0.34,0.0,0.0,0.0,0.9596962890653,0.9596962890653
1805,0.0,0.0,0.0,0.0,0.0,0.0,0.685240649543639,0.685240649543639
1806,-0.9500000000000028,-7.0,-3.75,0.0,0.0,0.0,1.3217816905051594,1.3217816905051594
1807,0.0,-1.0,-0.14,0.0,0.0,0.0,0.8927707908598197,0.8927707908598197
1808,0.0,-3.0,-1.14,0.0,0.0,0.0,1.1950539707027017,1.1950539707027017
1809,0.0,-2.0,-0.83,0.0,0.0,0.0,1.0483848679313683,1.0483848679313683
1810,0.0,-4.0,-1.61,0.0,0.0,0.0,1.2998556453918022,1.2998556453918022
1811,0.0,-6.0,-2.74,0.0,0.0,0.0,1.262476766766312,1.262476766766312
1812,0.0,-5.0,-2.13,0.0,0.0,0.0,1.2390765153043541,1.2390765153043541
1813,0.0,-2.05,-0.84,0.0,0.0,0.0,1.0836450290375543,1.0836450290375543
1814,0.0,-1.0,-0.13,0.0,0.0,0.0,0.9688018828311539,0.9688018828311539
1815,0.0,-1.0,-0.17,0.0,0.0,0.0,0.9282416596741715,0.9282416596741715
1816,0.04999999999999716,-4.0,-1.56,0.0,0.0,0.0,1.1879722985956076,1.1879722985956076
1817,-3.0,-13.0,-7.58,0.0,0.0,0.0,1.6516274981475432,1.6516274981475432
1818,0.0,-4.05,-1.64,0.0,0.0,0.0,1.2099030160865487,1.2099030160865487
1819,0.0,-3.0,-0.86,0.0,0.0,0.0,1.1028932409384569,1.1028932409384569
1820,0.0,-2.0,-0.33,0.0,0.0,0.0,1.0044195840710588,1.0044195840710588
1821,0.0,-5.0,-1.85,0.0,0.0,0.0,1.2084897737591616,1.2084897737591616
1822,0.0,-2.0,-0.76,0.0,0.0,0.0,1.0523031110339103,1.0523031110339103
1823,-3.0,-13.049999999999999,-7.55,0.0,0.0,0.0,1.414908902335198,1.414908902335198
1824,0.04999999999999716,-4.0,-1.29,0.0,0.0,0.0,1.1938449163703704,1.1938449163703704
1825,0.0,-1.0,-0.27,0.0,0.0,0.0,0.974578048920738,0.974578048920738
1826,-26.950000000000003,-50.0,-37.91,0.0,0.0,0.0,1.6705020836887547,1.6705020836887547
1827,0.0,-6.0,-2.41,0.0,0.0,0.0,1.204038976738505,1.204038976738505
1828,1.0,-3.0,-0.85,0.0,0.0,0.0,1.1746155271805199,1.1746155271805199
1829,-2.0,-14.0,-8.02,0.0,0.0,0.0,1.4046324299970931,1.4046324299970931
1830,0.0,-5.0,-1.99,0.0,0.0,0.0,1.3143426787950074,1.3143426787950074
1831,0.0,-5.0,-2.19,0.0,0.0,0.0,1.206218062464413,1.206218062464413
1832,-2.0,-9.0,-5.23,0.0,0.0,0.0,1.3481082462790925,1.3481082462790925
1833,-1.0,-5.05,-2.86,0.0,0.0,0.0,1.2652296811496067,1.2652296811496067
1834,0.0,-3.0,-1.41,0.0,0.0,0.0,1.1755329625883832,1.1755329625883832
1835,0.0,-3.05,-1.33,0.0,0.0,0.0,1.1324479279628619,1.1324479279628619
1836,0.0,-4.0,-1.67,0.0,0.0,0.0,1.192823666149074,1.192823666149074
1837,-31.0,-54.050000000000004,-43.11,0.0,0.0,0.0,1.745814376597956,1.745814376597956
1838,0.0,-5.0,-2.37,0.0,0.0,0.0,1.2127701481820454,1.2127701481820454
1839,-5.0,-16.05,-10.78,0.0,0.0,0.0,1.4545377364849204,1.4545377364849204
1840,-1.0,-8.0,-4.41,0.0,0.0,0.0,1.3121863206632287,1.3121863206632287
1841,0.0,-7.05,-2.87,0.0,0.0,0.0,1.22820660869312,1.22820660869312
1842,-169.95,-217.1,-196.46,0.0,0.0,0.0,2.249523784305843,2.249523784305843
1843,-25.0,-47.15,-36.29,0.0,0.0,0.0,1.6867572371462358,1.6867572371462358
1844,-1.0,-9.049999999999999,-5.09,0.0,0.0,0.0,1.3272869709499842,1.3272869709499842
1845,0.0,-2.0,-0.5,0.0,0.0,0.0,1.0098986790049413,1.0098986790049413
1846,0.0,-3.0,-0.82,0.0,0.0,0.0,1.0757597116898903,1.0757597116898903
1847,0.0,-4.0,-1.39,0.0,0.0,0.0,1.1351044177947014,1.1351044177947014
1848,0.0,-6.0,-2.59,0.0,0.0,0.0,1.2319911988081171,1.2319911988081171
1849,0.0,-5.0,-1.98,0.0,0.0,0.0,1.2017554533901853,1.2017554533901853
1850,-4.0,-17.0,-10.12,0.0,0.0,0.0,1.4329476496854172,1.4329476496854172
1851,-7.950000000000003,-20.05,-13.34,0.0,0.0,0.0,1.4757963240379643,1.4757963240379643
1852,0.0,-6.0,-2.78,0.0,0.0,0.0,1.231036810576381,1.231036810576381
1853,-2.0,-10.0,-5.85,0.0,0.0,0.0,1.3570469973551098,1.3570469973551098
1854,0.0,-5.0,-1.99,0.0,0.0,0.0,1.1963712246991884,1.1963712246991884
1855,0.0,-5.0,-2.12,0.0,0.0,0.0,1.222866908450185,1.222866908450185
1856,0.0,-2.05,-0.63,0.0,0.0,0.0,1.0469276919095702,1.0469276919095702
1857,-56.95,-88.10000000000001,-72.03,0.0,0.0,0.0,1.8360655180765304,1.8360655180765304
1858,-1.0,-6.0,-3.25,0.0,0.0,0.0,1.2415541177709803,1.2415541177709803
1859,0.0,-6.05,-2.82,0.0,0.0,0.0,1.2133004139068637,1.2133004139068637
1860,-0.9500000000000028,-6.0,-3.33,0.0,0.0,0.0,1.250429150369602,1.250429150369602
1861,-3.0,-15.0,-8.14,0.0,0.0,0.0,1.4044854837405711,1.4044854837405711
1862,-1.0,-7.0,-3.6,0.0,0.0,0.0,1.2704802465023244,1.2704802465023244
1863,-4.0,-14.0,-8.97,0.0,0.0,0.0,1.476058740051621,1.476058740051621
1864,0.0,-6.0,-3.16,0.0,0.0,0.0,1.2875368060017758,1.2875368060017758
1865,0.0,-4.0,-1.72,0.0,0.0,0.0,1.2006149668290251,1.2006149668290251
1866,0.0,-3.0,-1.16,0.0,0.0,0.0,1.1421895272205576,1.1421895272205576
1867,-1.0,-7.0,-3.77,0.0,0.0,0.0,1.3040750787031254,1.3040750787031254
1868,-1.0,-9.0,-5.18,0.0,0.0,0.0,1.361086590196506,1.361086590196506
1869,0.0,-2.05,-0.77,0.0,0.0,0.0,1.0704938756311977,1.0704938756311977
1870,0.0,-3.0,-0.95,0.0,0.0,0.0,1.1407557952525496,1.1407557952525496
1871,0.0,-2.0,-0.71,0.0,0.0,0.0,1.1173909921632221,1.1173909921632221
1872,-1.0,-8.0,-4.31,0.0,0.0,0.0,1.4048789476129395,1.4048789476129395
1873,-0.9500000000000028,-5.0,-2.25,0.0,0.0,0.0,1.2107995306621289,1.2107995306621289
1874,-2.0,-9.0,-5.33,0.0,0.0,0.0,1.3555543336061118,1.3555543336061118
1875,-27.0,-52.05,-38.84,0.0,0.0,0.0,1.7420980629607377,1.7420980629607377
1876,0.0,-7.0,-3.3,0.0,0.0,0.0,1.2907559326079143,1.2907559326079143
1877,0.0,-3.0,-0.96,0.0,0.0,0.0,1.0705136782774016,1.0705136782774016
1878,-2.0,-10.0,-6.05,0.0,0.0,0.0,1.3987086761359888,1.3987086761359888
1879,0.0,-3.0,-1.07,0.0,0.0,0.0,1.1652381325423735,1.1652381325423735
1880,0.0,-5.0,-1.9,0.0,0.0,0.0,1.250098621332829,1.250098621332829
1881,0.0,-4.05,-1.87,0.0,0.0,0.0,1.213769913811393,1.213769913811393
1882,0.0,-3.0,-1.07,0.0,0.0,0.0,1.1636240845992558,1.1636240845992558
1883,0.0,-7.0,-3.31,0.0,0.0,0.0,1.3467973679998915,1.3467973679998915
1884,0.0,-5.0,-2.15,0.0,0.0,0.0,1.2175290328368502,1.2175290328368502
1885,0.04999999999999716,-2.0,-0.39,0.0,0.0,0.0,1.036359642824685,1.036359642824685
1886,0.0,-7.0,-3.66,0.0,0.0,0.0,1.4223930958050481,1.4223930958050481
1887,-17.950000000000003,-33.05,-24.89,0.0,0.0,0.0,1.6332778206401573,1.6332778206401573
1888,-11.0,-25.049999999999997,-18.22,0.0,0.0,0.0,1.5544686802402348,1.5544686802402348
1889,0.0,-5.05,-2.49,0.0,0.0,0.0,1.2255835956985743,1.2255835956985743
1890,-12.950000000000003,-28.0,-20.21,0.0,0.0,0.0,1.5977214331214065,1.5977214331214065
1891,0.0,-5.0,-2.28,0.0,0.0,0.0,1.2245531675362922,1.2245531675362922
1892,0.0,-5.0,-1.9,0.0,0.0,0.0,1.2114828417930468,1.2114828417930468
1893,0.0,-6.0,-3.05,0.0,0.0,0.0,1.276467545924586,1.276467545924586
1894,0.0,-7.05,-3.43,0.0,0.0,0.0,1.3298394552971826,1.3298394552971826
1895,-2.950000000000003,-10.0,-5.9,0.0,0.0,0.0,1.370655835870164,1.370655835870164
1896,-17.950000000000003,-38.050000000000004,-27.56,0.0,0.0,0.0,1.6783858189834158,1.6783858189834158
1897,-35.0,-57.0,-45.76,0.0,0.0,0.0,1.7457658525456734,1.7457658525456734
1898,0.0,-6.0,-3.06,0.0,0.0,0.0,1.3515319689118679,1.3515319689118679
1899,-1.0,-9.0,-5.11,0.0,0.0,0.0,1.371513263879695,1.371513263879695
1900,-7.0,-23.0,-14.47,0.0,0.0,0.0,1.6849531702860412,1.6849531702860412
1901,-29.0,-52.05,-39.61,0.0,0.0,0.0,1.8294702478272524,1.8294702478272524
1902,1.0,-5.0,-1.59,0.0,0.0,0.0,1.3931992320011632,1.3931992320011632
1903,0.0,0.0,-0.03,0.0,0.0,0.0,0.739498229084229,0.739498229084229
1904,-10.0,-26.0,-17.87,0.0,0.0,0.0,1.6750837881545193,1.6750837881545193
1905,0.0,-1.0499999999999998,-0.42,0.0,0.0,0.0,1.0812586840764906,1.0812586840764906
1906,-4.0,-13.0,-8.18,0.0,0.0,0.0,1.520018487865627,1.520018487865627
1907,1.0,-3.05,-0.8,0.0,0.0,0.0,1.1823316590286348,1.1823316590286348
1908,-12.0,-28.1,-20.96,0.0,0.0,0.0,1.7483101372332335,1.7483101372332335
1909,-2.0,-15.0,-8.09,0.0,0.0,0.0,1.6052435750406717,1.6052435750406717
1910,0.0,-5.0,-1.96,0.0,0.0,0.0,1.3674225413761016,1.3674225413761016
1911,-3.950000000000003,-14.0,-8.65,0.0,0.0,0.0,1.5877922391499228,1.5877922391499228
1912,0.0,-2.0,-0.75,0.0,0.0,0.0,1.1896349477831871,1.1896349477831871
1913,-1.0,-9.0,-4.84,0.0,0.0,0.0,1.4656084051752503,1.4656084051752503
1914,0.0,-4.05,-1.79,0.0,0.0,0.0,1.3286725823612204,1.3286725823612204
1915,0.0,-5.0,-2.26,0.0,0.0,0.0,1.3460451286265709,1.3460451286265709
1916,-21.950000000000003,-43.0,-31.56,0.0,0.0,0.0,1.824478419122017,1.824478419122017
1917,-4.0,-15.05,-9.05,0.0,0.0,0.0,1.5395181699384397,1.5395181699384397
1918,1.0,-5.0,-2.2,0.0,0.0,0.0,1.316331691814174,1.316331691814174
1919,0.0,-9.0,-5.05,0.0,0.0,0.0,1.468373927428403,1.468373927428403
1920,0.04999999999999716,-2.0,-0.64,0.0,0.0,0.0,1.169122775523857,1.169122775523857
1921,0.0,-1.0,-0.36,0.0,0.0,0.0,1.1543873801821078,1.1543873801821078
1922,-3.0,-15.05,-8.97,0.0,0.0,0.0,1.5958617304027767,1.5958617304027767
1923,0.0,-3.05,-1.35,0.0,0.0,0.0,1.2546514168088234,1.2546514168088234
1924,-2.950000000000003,-13.099999999999998,-6.82,0.0,0.0,0.0,1.554449469686923,1.554449469686923
1925,-9.0,-25.0,-16.36,0.0,0.0,0.0,1.6959686312341657,1.6959686312341657
1926,-0.9500000000000028,-5.0,-2.52,0.0,0.0,0.0,1.3634538719536726,1.3634538719536726
1927,1.0,-3.0,-0.96,0.0,0.0,0.0,1.2293695749995956,1.2293695749995956
1928,0.0,-4.0,-1.52,0.0,0.0,0.0,1.2737593141262447,1.2737593141262447
1929,-1.0,-6.05,-3.48,0.0,0.0,0.0,1.4056990183907816,1.4056990183907816
1930,-5.950000000000003,-16.0,-10.1,0.0,0.0,0.0,1.6079608040548914,1.6079608040548914
1931,0.0,-3.0,-1.03,0.0,0.0,0.0,1.2264574325142452,1.2264574325142452
1932,-5.0,-19.0,-11.26,0.0,0.0,0.0,1.653763598640026,1.653763598640026
1933,1.0,-3.0,-1.31,0.0,0.0,0.0,1.2709429370183831,1.2709429370183831
1934,0.0,-2.0,-0.39,0.0,0.0,0.0,1.0343137567318654,1.0343137567318654
1935,0.0,-1.0,-0.09,0.0,0.0,0.0,1.0020453433379728,1.0020453433379728
1936,0.0,-6.05,-2.9,0.0,0.0,0.0,1.4252320527028661,1.4252320527028661
1937,-8.0,-21.0,-13.86,0.0,0.0,0.0,1.74633480349259,1.74633480349259
1938,0.0,-5.0,-2.33,0.0,0.0,0.0,1.415336523377523,1.415336523377523
1939,-1.0,-7.05,-3.84,0.0,0.0,0.0,1.4093987232236236,1.4093987232236236
1940,0.0,-6.05,-2.78,0.0,0.0,0.0,1.3082166262241948,1.3082166262241948
1941,1.0,-2.0,-0.53,0.0,0.0,0.0,1.1817884280593982,1.1817884280593982
1942,-5.0,-18.0,-11.5,0.0,0.0,0.0,1.6935711265126043,1.6935711265126043
1943,0.0,-3.05,-1.22,0.0,0.0,0.0,1.1984236988015804,1.1984236988015804
1944,0.0,-7.0,-2.86,0.0,0.0,0.0,1.33073541507099,1.33073541507099
1945,-1.0,-7.0,-3.58,0.0,0.0,0.0,1.3516838255906338,1.3516838255906338
1946,0.0,-5.05,-2.32,0.0,0.0,0.0,1.3188374525851119,1.3188374525851119
1947,0.0,-3.05,-1.49,0.0,0.0,0.0,1.2448540652145115,1.2448540652145115
1948,0.0,-4.0,-2.09,0.0,0.0,0.0,1.2780734767326083,1.2780734767326083
1949,-2.0,-9.049999999999999,-4.96,0.0,0.0,0.0,1.4639539296369088,1.4639539296369088
1950,1.0,-5.0,-1.44,0.0,0.0,0.0,1.2473783456100305,1.2473783456100305
1951,-0.9500000000000028,-8.0,-3.88,0.0,0.0,0.0,1.3776340260761908,1.3776340260761908
1952,0.0,-3.05,-1.57,0.0,0.0,0.0,1.2359823220747115,1.2359823220747115
1953,-3.950000000000003,-14.05,-8.64,0.0,0.0,0.0,1.491639165482802,1.491639165482802
1954,0.0,-3.0,-1.29,0.0,0.0,0.0,1.1954375479211456,1.1954375479211456
1955,0.04999999999999716,-3.0,-1.16,0.0,0.0,0.0,1.1661871016720509,1.1661871016720509
1956,0.0,-5.0,-2.07,0.0,0.0,0.0,1.2700262881380775,1.2700262881380775
1957,0.0,-5.0,-2.19,0.0,0.0,0.0,1.2973593489874986,1.2973593489874986
1958,0.0,-1.0,-0.25,0.0,0.0,0.0,1.000774962971921,1.000774962971921
1959,0.0,-1.0499999999999998,-0.34,0.0,0.0,0.0,1.0133389048229626,1.0133389048229626
1960,0.0,-3.0,-1.05,0.0,0.0,0.0,1.1538847974550215,1.1538847974550215
1961,-2.0,-9.049999999999999,-5.7,0.0,0.0,0.0,1.3857563387733096,1.3857563387733096
1962,1.0,-4.05,-1.35,0.0,0.0,0.0,1.185968137720636,1.185968137720636
1963,-3.950000000000003,-15.05,-9.08,0.0,0.0,0.0,1.4685251271259887,1.4685251271259887
1964,-6.0,-18.0,-12.01,0.0,0.0,0.0,1.5271177101720275,1.5271177101720275
1965,0.0,-4.0,-1.55,0.0,0.0,0.0,1.1950045994716658,1.1950045994716658
1966,-7.0,-20.05,-13.43,0.0,0.0,0.0,1.556899919404958,1.556899919404958
1967,-3.0,-11.05,-6.58,0.0,0.0,0.0,1.4134499674077683,1.4134499674077683
1968,0.0,-5.05,-2.7,0.0,0.0,0.0,1.2619259611661593,1.2619259611661593
1969,0.0,-3.0,-1.03,0.0,0.0,0.0,1.0986814223992527,1.0986814223992527
1970,0.0,-2.0,-0.48,0.0,0.0,0.0,0.9933058406245094,0.9933058406245094
1971,0.0,-6.0,-3.0,0.0,0.0,0.0,1.263665176789676,1.263665176789676
1972,0.0,-5.0,-2.39,0.0,0.0,0.0,1.2321722808360922,1.2321722808360922
1973,0.0,-3.0,-1.44,0.0,0.0,0.0,1.155504282419311,1.155504282419311
1974,0.0,-1.0,-0.11,0.0,0.0,0.0,0.8787503937747329,0.8787503937747329
1975,0.0,-2.0,-0.51,0.0,0.0,0.0,1.0408068670294133,1.0408068670294133
1976,-13.0,-26.049999999999997,-19.15,0.0,0.0,0.0,1.6283822624111928,1.6283822624111928
1977,0.0,-2.0,-0.52,0.0,0.0,0.0,1.0399230519645182,1.0399230519645182
1978,0.0,-6.0,-2.9,0.0,0.0,0.0,1.2894872960150496,1.2894872960150496
1979,0.0,-3.0,-1.6,0.0,0.0,0.0,1.1748930214648923,1.1748930214648923
1980,0.0,-1.0,-0.17,0.0,0.0,0.0,0.9081052040405356,0.9081052040405356
1981,-1.0,-7.0,-3.48,0.0,0.0,0.0,1.2876305262426195,1.2876305262426195
1982,-2.0,-11.0,-5.87,0.0,0.0,0.0,1.4115439456905958,1.4115439456905958
1983,-3.0,-13.049999999999999,-8.13,0.0,0.0,0.0,1.4598824886925081,1.4598824886925081
1984,-3.0,-14.0,-7.36,0.0,0.0,0.0,1.4325924889553898,1.4325924889553898
1985,0.0,-5.0,-2.1,0.0,0.0,0.0,1.2317260240533983,1.2317260240533983
1986,0.0,-7.0,-3.34,0.0,0.0,0.0,1.326508935577404,1.326508935577404
1987,-1.0,-11.0,-6.4,0.0,0.0,0.0,1.402211172939272,1.402211172939272
1988,-4.0,-13.049999999999999,-8.1,0.0,0.0,0.0,1.4391146968889705,1.4391146968889705
1989,-31.0,-51.0,-41.65,0.0,0.0,0.0,1.7944573270964377,1.7944573270964377
1990,-2.0,-9.0,-5.07,0.0,0.0,0.0,1.3780270625196216,1.3780270625196216
1991,0.0,-1.0,-0.08,0.0,0.0,0.0,0.8471591124044683,0.8471591124044683
1992,0.0,-4.0,-1.89,0.0,0.0,0.0,1.2775296230671893,1.2775296230671893
1993,0.0,-5.0,-2.39,0.0,0.0,0.0,1.2868182994592905,1.2868182994592905
1994,0.0,-3.0,-1.16,0.0,0.0,0.0,1.179114352714154,1.179114352714154
1995,-1.0,-6.05,-3.1,0.0,0.0,0.0,1.3195036251618424,1.3195036251618424
1996,0.0,-5.0,-2.57,0.0,0.0,0.0,1.2576045900545774,1.2576045900545774
1997,0.0,-3.0,-0.87,0.0,0.0,0.0,1.1053747235834308,1.1053747235834308
1998,-3.0,-15.05,-8.62,0.0,0.0,0.0,1.4905981387124845,1.4905981387124845
1999,-12.0,-26.0,-18.69,0.0,0.0,0.0,1.6673415491538472,1.6673415491538472
2000,-1.0,-8.0,-4.55,0.0,0.0,0.0,1.415851335704605,1.415851335704605
2001,0.0,-5.05,-2.25,0.0,0.0,0.0,1.291748709244156,1.291748709244156
2002,-1.0,-7.0,-3.58,0.0,0.0,0.0,1.3764909253876108,1.3764909253876108
2003,1.0,-3.0,-1.16,0.0,0.0,0.0,1.183093112381016,1.183093112381016
2004,0.0,-3.0,-1.35,0.0,0.0,0.0,1.2036583641209797,1.2036583641209797
2005,0.0,-2.0,-0.49,0.0,0.0,0.0,1.1068668755783588,1.1068668755783588
2006,0.0,-3.0,-0.94,0.0,0.0,0.0,1.1523440354179573,1.1523440354179573
2007,0.0,-6.0,-2.92,0.0,0.0,0.0,1.3387824513337707,1.3387824513337707
2008,0.0,-5.0,-2.11,0.0,0.0,0.0,1.280882892022926,1.280882892022926
2009,0.0,-4.0,-1.41,0.0,0.0,0.0,1.2053417551225252,1.2053417551225252
2010,0.0,-2.0,-0.52,0.0,0.0,0.0,1.0918758061295533,1.0918758061295533
2011,0.0,-2.0,-0.71,0.0,0.0,0.0,1.1229487754678942,1.1229487754678942
2012,-1.0,-9.0,-4.62,0.0,0.0,0.0,1.4201489515202832,1.4201489515202832
2013,0.0,-5.05,-2.43,0.0,0.0,0.0,1.2775316417080973,1.2775316417080973
2014,0.0,-4.0,-1.26,0.0,0.0,0.0,1.1902364134804981,1.1902364134804981
2015,0.0,-6.0,-2.68,0.0,0.0,0.0,1.285942867867121,1.285942867867121
2016,-1.0,-9.0,-4.75,0.0,0.0,0.0,1.4141934665274123,1.4141934665274123
2017,-4.0,-14.0,-9.27,0.0,0.0,0.0,1.5306403139939286,1.5306403139939286
2018,-3.0,-12.0,-6.77,0.0,0.0,0.0,1.4740856764941848,1.4740856764941848
2019,-2.0,-10.0,-5.72,0.0,0.0,0.0,1.544643295077172,1.544643295077172
2020,0.0,-4.0,-1.54,0.0,0.0,0.0,1.3325655451465872,1.3325655451465872
2021,0.0,-5.05,-2.26,0.0,0.0,0.0,1.3365888064801679,1.3365888064801679
2022,-2.950000000000003,-11.0,-6.6,0.0,0.0,0.0,1.531354934476812,1.531354934476812
2023,-3.0,-12.0,-6.72,0.0,0.0,0.0,1.5475029626515358,1.5475029626515358
2024,-1.0,-8.0,-4.82,0.0,0.0,0.0,1.492049242688597,1.492049242688597
2025,0.0,-4.05,-1.73,0.0,0.0,0.0,1.3742703339672175,1.3742703339672175
2026,-20.0,-41.050000000000004,-31.5,0.0,0.0,0.0,1.878170825986395,1.878170825986395
2027,-15.950000000000003,-33.05,-24.48,0.0,0.0,0.0,1.7646020143252275,1.7646020143252275
2028,0.0,-5.0,-2.08,0.0,0.0,0.0,1.3007946967767836,1.3007946967767836
2029,0.0,-3.0,-1.02,0.0,0.0,0.0,1.1592750171742165,1.1592750171742165
2030,0.0,-3.0,-1.35,0.0,0.0,0.0,1.264984469182853,1.264984469182853
2031,0.0,-6.0,-2.88,0.0,0.0,0.0,1.38709431929821,1.38709431929821
2032,0.0,-4.0,-1.93,0.0,0.0,0.0,1.2962392411486905,1.2962392411486905
2033,-0.9500000000000028,-6.0,-2.99,0.0,0.0,0.0,1.361395559300483,1.361395559300483
2034,0.0,-4.0,-1.8,0.0,0.0,0.0,1.2748666223943776,1.2748666223943776
2035,-2.0,-16.0,-9.47,0.0,0.0,0.0,1.603565762783283,1.603565762783283
2036,1.0,-7.05,-3.05,0.0,0.0,0.0,1.434418879758712,1.434418879758712
2037,2.0,-5.0,-1.41,0.0,0.0,0.0,1.302110782611244,1.302110782611244
2038,1.0,-7.05,-3.04,0.0,0.0,0.0,1.388500788666789,1.388500788666789
2039,0.0,-1.0,-0.13,0.0,0.0,0.0,0.9181697460547986,0.9181697460547986
2040,1.0,-2.0,-0.62,0.0,0.0,0.0,1.195486431368377,1.195486431368377
2041,1.0,-2.05,-0.56,0.0,0.0,0.0,1.189767343397733,1.189767343397733
2042,1.0,-3.0,-1.05,0.0,0.0,0.0,1.2479233519251849,1.2479233519251849
2043,1.0,-1.0,-0.26,0.0,0.0,0.0,1.0171672323606518,1.0171672323606518
2044,0.0,-5.0,-2.19,0.0,0.0,0.0,1.2808995402712955,1.2808995402712955
2045,-0.9500000000000028,-10.0,-5.29,0.0,0.0,0.0,1.6534867665732298,1.6534867665732298
2046,1.0,-10.05,-5.05,0.0,0.0,0.0,1.548961473248412,1.548961473248412
2047,1.0,-4.0,-1.49,0.0,0.0,0.0,1.294462548330075,1.294462548330075
2048,1.0,-2.05,-0.32,0.0,0.0,0.0,1.2019495977692392,1.2019495977692392
2049,1.0,-2.0,-0.35,0.0,0.0,0.0,1.1248824773559138,1.1248824773559138
2050,1.0,-5.0,-1.54,0.0,0.0,0.0,1.3423729629369592,1.3423729629369592
2051,1.0,-9.049999999999999,-4.0,0.0,0.0,0.0,1.5208956771765167,1.5208956771765167
2052,0.04999999999999716,-8.0,-4.19,0.0,0.0,0.0,1.4989226794361346,1.4989226794361346
2053,1.0,-8.0,-4.03,0.0,0.0,0.0,1.4181091023971784,1.4181091023971784
2054,1.0,-3.0,-0.63,0.0,0.0,0.0,1.2398091178023904,1.2398091178023904
2055,-2.0,-15.0,-8.99,0.0,0.0,0.0,1.5608107666982016,1.5608107666982016
2056,-4.0,-24.0,-12.64,0.0,0.0,0.0,1.823360922406202,1.823360922406202
2057,-30.0,-63.05,-46.85,0.0,0.0,0.0,2.061032823403354,2.061032823403354
2058,1.0,-5.0,-1.66,0.0,0.0,0.0,1.3310987258494544,1.3310987258494544
2059,-1.0,-14.05,-6.67,0.0,0.0,0.0,1.6248065485780934,1.6248065485780934
2060,1.0,-1.0499999999999998,-0.25,0.0,0.0,0.0,1.070076488988481,1.070076488988481
2061,1.0,-7.05,-2.58,0.0,0.0,0.0,1.507420793527005,1.507420793527005
2062,-4.950000000000003,-20.0,-10.84,0.0,0.0,0.0,1.6131630892305486,1.6131630892305486
2063,1.0,-6.0,-2.58,0.0,0.0,0.0,1.3574678793456725,1.3574678793456725
2064,1.0,-7.05,-2.84,0.0,0.0,0.0,1.5086659569142649,1.5086659569142649
2065,1.0,-12.0,-5.85,0.0,0.0,0.0,1.5895682215008522,1.5895682215008522
2066,0.04999999999999716,-6.0,-2.38,0.0,0.0,0.0,1.4287372112498522,1.4287372112498522
2067,0.0,-10.05,-4.74,0.0,0.0,0.0,1.566077193512197,1.566077193512197
2068,0.0,-6.0,-2.6,0.0,0.0,0.0,1.3560645335302257,1.3560645335302257
2069,1.0,-6.0,-2.27,0.0,0.0,0.0,1.3585108009637283,1.3585108009637283
2070,1.0,-6.0,-2.38,0.0,0.0,0.0,1.4222989809196522,1.4222989809196522
2071,2.0,-8.0,-3.09,0.0,0.0,0.0,1.4661141133279643,1.4661141133279643
2072,1.0,-3.0,-0.75,0.0,0.0,0.0,1.2428560283506018,1.2428560283506018
2073,1.0,-7.0,-2.54,0.0,0.0,0.0,1.4609033662418078,1.4609033662418078
2074,1.0,-2.0,-0.43,0.0,0.0,0.0,1.1488275546949678,1.1488275546949678
2075,1.0,-5.0,-2.09,0.0,0.0,0.0,1.410702045130692,1.410702045130692
2076,1.0499999999999972,-4.05,-1.47,0.0,0.0,0.0,1.2892953091773718,1.2892953091773718
2077,0.04999999999999716,-6.0,-2.76,0.0,0.0,0.0,1.4483714936109022,1.4483714936109022
2078,1.0,-4.0,-1.28,0.0,0.0,0.0,1.3146807652261456,1.3146807652261456
2079,0.0,0.0,-0.01,0.0,0.0,0.0,0.6740257375771086,0.6740257375771086
2080,0.0,-9.0,-4.57,0.0,0.0,0.0,1.5454518443640068,1.5454518443640068
2081,-2.950000000000003,-13.049999999999999,-7.43,0.0,0.0,0.0,1.5894109002505121,1.5894109002505121
2082,1.0,-4.0,-1.19,0.0,0.0,0.0,1.2938123443372578,1.2938123443372578
2083,1.0,-3.0,-0.85,0.0,0.0,0.0,1.2483771018850687,1.2483771018850687
2084,1.0499999999999972,-5.05,-2.01,0.0,0.0,0.0,1.4184031226407359,1.4184031226407359
2085,1.0499999999999972,-3.0,-0.52,0.0,0.0,0.0,1.2955546728775043,1.2955546728775043
2086,-3.0,-20.0,-11.71,0.0,0.0,0.0,1.7558317533983763,1.7558317533983763
2087,1.0,-6.05,-2.47,0.0,0.0,0.0,1.4245003051797167,1.4245003051797167
2088,1.0,-1.0,-0.24,0.0,0.0,0.0,1.085053585243063,1.085053585243063
2089,0.0,-7.05,-3.63,0.0,0.0,0.0,1.4777312127792033,1.4777312127792033
2090,1.0,-6.05,-2.61,0.0,0.0,0.0,1.4140383247734047,1.4140383247734047
2091,0.0,0.0,-0.02,0.0,0.0,0.0,0.8096360386460177,0.8096360386460177
2092,1.0,-8.0,-3.96,0.0,0.0,0.0,1.5403911853284737,1.5403911853284737
2093,1.0,-5.0,-1.24,0.0,0.0,0.0,1.340620638123472,1.340620638123472
2094,2.0,-7.0,-2.99,0.0,0.0,0.0,1.4624701845196357,1.4624701845196357
2095,0.0,-8.0,-4.05,0.0,0.0,0.0,1.4594257678325062,1.4594257678325062
2096,1.0499999999999972,-7.0,-2.91,0.0,0.0,0.0,1.4703163281641662,1.4703163281641662
2097,1.0,-2.0,-0.55,0.0,0.0,0.0,1.2220207082721075,1.2220207082721075
2098,1.0,-3.05,-0.68,0.0,0.0,0.0,1.2750720689295745,1.2750720689295745
2099,1.0,-2.0,-0.44,0.0,0.0,0.0,1.2748189901552331,1.2748189901552331
2100,2.0,-4.0,-0.95,0.0,0.0,0.0,1.441125468538978,1.441125468538978
2101,1.0,-3.05,-0.71,0.0,0.0,0.0,1.2529761027845372,1.2529761027845372
2102,1.0,-2.0,-0.34,0.0,0.0,0.0,1.1454135233481506,1.1454135233481506
2103,1.0,-2.0,-0.32,0.0,0.0,0.0,1.1634482798142762,1.1634482798142762
2104,2.0,-9.0,-2.9,0.0,0.0,0.0,1.5187481968362386,1.5187481968362386
2105,0.04999999999999716,-7.0,-3.02,0.0,0.0,0.0,1.4517248252406594,1.4517248252406594
2106,1.0,-11.0,-4.66,0.0,0.0,0.0,1.6305271275703468,1.6305271275703468
2107,1.0,-3.0,-1.04,0.0,0.0,0.0,1.2523859632791745,1.2523859632791745
2108,-1.9500000000000028,-15.05,-8.33,0.0,0.0,0.0,1.6272333495739515,1.6272333495739515
2109,2.049999999999997,-6.0,-2.87,0.0,0.0,0.0,1.483603606669156,1.483603606669156
2110,1.0499999999999972,-6.0,-2.63,0.0,0.0,0.0,1.4762765021614785,1.4762765021614785
2111,1.0,-2.0,-0.38,0.0,0.0,0.0,1.1301643878745122,1.1301643878745122
2112,0.0,-15.100000000000001,-7.79,0.0,0.0,0.0,1.7561657211332216,1.7561657211332216
2113,0.04999999999999716,-7.05,-3.03,0.0,0.0,0.0,1.4700320618187817,1.4700320618187817
2114,1.0499999999999972,-12.0,-5.64,0.0,0.0,0.0,1.6071950790532243,1.6071950790532243
2115,2.0,-8.0,-3.08,0.0,0.0,0.0,1.5195663314524404,1.5195663314524404
2116,2.0,-3.0,-0.44,0.0,0.0,0.0,1.2643292752450597,1.2643292752450597
2117,1.0,-2.05,-0.56,0.0,0.0,0.0,1.3117683971286886,1.3117683971286886
2118,1.0,-5.0,-1.95,0.0,0.0,0.0,1.3957060129829406,1.3957060129829406
2119,1.0,-7.0,-2.42,0.0,0.0,0.0,1.5011415958092085,1.5011415958092085
2120,-4.950000000000003,-25.049999999999997,-15.63,0.0,0.0,0.0,1.977337066096595,1.977337066096595
2121,1.0,-5.0,-1.81,0.0,0.0,0.0,1.3744851999430057,1.3744851999430057
2122,1.0,-3.0,-0.93,0.0,0.0,0.0,1.3212023962747041,1.3212023962747041
2123,1.0999999999999943,-12.05,-5.02,0.0,0.0,0.0,1.6314093133537524,1.6314093133537524
2124,1.0,-5.0,-1.35,0.0,0.0,0.0,1.3760289384999425,1.3760289384999425
2125,1.0,-2.0,-0.53,0.0,0.0,0.0,1.3049619072955738,1.3049619072955738
2126,1.0,-6.0,-2.11,0.0,0.0,0.0,1.4196601435170637,1.4196601435170637
2127,1.0,-8.0,-2.85,0.0,0.0,0.0,1.5849287424733332,1.5849287424733332
2128,1.0499999999999972,-3.05,-0.97,0.0,0.0,0.0,1.3999676714240212,1.3999676714240212
2129,-1.0,-15.05,-8.75,0.0,0.0,0.0,1.781421139253318,1.781421139253318
2130,1.0,-3.05,-0.93,0.0,0.0,0.0,1.3438146136475,1.3438146136475
2131,-8.950000000000003,-36.199999999999996,-23.36,0.0,0.0,0.0,2.0293951874514047,2.0293951874514047
2132,1.0,-3.0,-1.05,0.0,0.0,0.0,1.320620457780788,1.320620457780788
2133,1.0,-3.0,-0.87,0.0,0.0,0.0,1.2334186687306703,1.2334186687306703
2134,1.0,-5.0,-1.53,0.0,0.0,0.0,1.3837539103906158,1.3837539103906158
2135,0.0,-11.0,-4.72,0.0,0.0,0.0,1.6522926577451165,1.6522926577451165
2136,-3.950000000000003,-24.05,-13.98,0.0,0.0,0.0,2.029650220370028,2.029650220370028
2137,-0.9500000000000028,-11.0,-5.44,0.0,0.0,0.0,1.634585922927833,1.634585922927833
2138,1.0,-9.0,-3.83,0.0,0.0,0.0,1.52254363404528,1.52254363404528
2139,0.0,-8.0,-3.18,0.0,0.0,0.0,1.4693594208477476,1.4693594208477476
2140,1.0,-4.0,-1.08,0.0,0.0,0.0,1.386381695039076,1.386381695039076
2141,1.0,-5.05,-2.08,0.0,0.0,0.0,1.4810974225524403,1.4810974225524403
2142,2.049999999999997,-8.05,-3.34,0.0,0.0,0.0,1.5186455960276815,1.5186455960276815
2143,0.0,-12.05,-6.1,0.0,0.0,0.0,1.7765086068564295,1.7765086068564295
