id,d_res_p95,d_res_p5,d_res_mean,d_real_rent_ratio_p95,d_real_rent_ratio_p5,d_real_rent_ratio_mean,real_rb_mean,real_ra_mean
1,7.049999999999997,-8.0,-0.02,1.9037084527772503,-0.41429675525447357,0.6800904358045574,16062.479486341166,16170.676911556977
2,7.0,-6.05,-0.06,1.2591705307622485,-0.09498765221957646,0.5414287144626194,8191.552400834417,8235.745433649541
3,6.0,-7.05,-0.66,1.0097199946742572,-0.036735440398387165,0.48933600936523325,7754.785927869557,7792.625359624039
4,10.0,-9.099999999999998,-0.02,1.2257166174068899,-0.0683988352043602,0.5538168315052707,8687.16204848911,8735.058863500797
5,6.049999999999997,-6.0,0.54,1.6065987777598294,-0.3915953447411896,0.6609105972438206,16127.605064038205,16234.069631167033
6,11.099999999999994,-12.0,-0.18,1.1015557968843572,0.049943051635751995,0.5548824021412843,6990.634828275401,7029.270365865298
7,8.049999999999997,-7.05,0.6,1.4768375731606544,-0.14997088135760833,0.6555569490513414,16807.480639984333,16917.544929325468
8,1.0499999999999972,-2.0,-0.09,3.1802183838513844,-2.3598463890541805,0.484177760805702,45967.605915775115,46188.22661625103
9,6.049999999999997,-8.0,0.01,1.2667570224790923,-0.19306484854182115,0.6160025584367965,15675.547946974128,15772.047198833938
10,8.0,-8.0,-0.01,1.7745757220983553,-0.49243955053028693,0.5814377878050386,18257.80885447213,18363.449143487396
11,9.0,-6.0,1.34,1.6265386755703473,-0.0234435542660997,0.7544280228252244,15122.766078031262,15236.43042827389
12,8.049999999999997,-13.0,-0.82,1.2194291558824741,-0.15462877948723902,0.5387368499776555,9530.295306435188,9581.461633682977
13,7.0,-6.0,0.22,2.264743184510021,-0.6316912912942538,0.6866993534730453,20442.461700622243,20581.75639596868
14,7.0,-6.05,-0.24,1.3844713436554965,-0.1953081949920636,0.5544508777202355,15559.044597168297,15645.3790556536
15,7.049999999999997,-8.0,-0.42,1.526811742930144,-0.3560417037612453,0.5423275591284561,16077.953286023985,16164.805619093142
16,3.0,-3.05,-0.25,1.9429248657732945,-1.1428593145839148,0.44052021393856317,32987.734651107516,33132.92829565977
17,5.049999999999997,-6.05,-0.38,2.042944617066092,-1.164118991683344,0.4425307599737339,17546.934024915925,17622.354675022176
18,8.0,-7.05,0.13,1.2873506299801734,-0.10658578889507594,0.6072824375650674,15145.1411778797,15236.801433730787
19,5.0,-6.05,-0.5,1.6433125242544389,-0.7587151039073393,0.4453201162442611,17593.95499181469,17670.971180467186
20,10.0,-8.05,1.54,1.3581540047189848,0.038657817006678814,0.7119169509814006,14047.176059789515,14146.957738975785
21,10.0,-12.0,-0.39,1.094344269477958,0.075357329007327,0.5667266730527873,8095.954503929608,8141.84587331729
22,9.099999999999994,-8.0,0.35,1.4309383667704432,-0.07994119460411066,0.6312619545221937,15404.506923973444,15501.1455954364
23,7.049999999999997,-8.0,-0.92,1.2769521324022053,-0.2579994613447127,0.4518108041912662,11467.680733926396,11519.274537070061
24,6.0,-5.05,-0.63,1.5474717970103598,-0.5374038899410906,0.3716880312222065,17512.90840848447,17577.435874698447
25,8.049999999999997,-7.05,0.37,1.5338656344592365,-0.26087979628586466,0.5955811013774079,11764.168705521108,11833.974961027945
26,7.0,-8.0,-1.12,1.2060967971355105,-0.1935519510661477,0.4230506846442701,11215.496010230483,11262.715425102164
27,7.049999999999997,-7.0,-0.22,1.2002399908834682,0.015158104983390415,0.5643717330694791,10576.17664171609,10635.921401464475
28,9.049999999999997,-9.0,0.03,1.2018944870346584,-0.13141950059449067,0.5452731008653633,12200.484482216023,12267.327139807116
29,4.0,-6.0,-0.67,1.322592794568342,-0.47734409844528514,0.4100494567638879,13803.971019355737,13860.014524216982
30,7.0,-8.05,-1.26,1.183827582786372,-0.38256402774389836,0.36627730893420574,10407.63190155953,10445.696157993554
31,8.099999999999994,-11.0,-0.17,1.2326232966779183,-0.24212422792742683,0.5444950727442837,9176.291754955188,9226.135769682476
32,7.049999999999997,-7.0,0.27,1.6039396612717778,-0.5284741008469304,0.669727660013828,13478.763009242695,13568.765756487224
33,6.0,-8.0,-0.57,1.3543615998098035,-0.5289741202449729,0.46111026637447894,16313.385505506305,16388.688538203896
34,4.0,-4.05,-0.13,1.6464734407668782,-0.8030078688686049,0.4736504009320042,21831.656244492297,21934.26792506718
35,9.0,-10.05,-0.27,1.5373076199048645,-0.4233225328496705,0.5440900589400097,14728.23878305234,14808.244746400927
36,9.049999999999997,-8.05,-0.14,1.2072686284438376,-0.039980240066435205,0.5742122000491068,10728.748038710957,10790.131948318924
37,7.099999999999994,-11.05,-1.47,1.052839295900682,-0.17367581430229265,0.48621723677236944,12549.923780054758,12610.924325675727
38,7.049999999999997,-8.0,-0.13,1.2327311274060095,-0.23380568230937204,0.5687503593449166,12093.99514899446,12162.34406999569
39,9.0,-9.0,0.05,1.4275707231153136,-0.2037775202111128,0.6248164792417593,15732.726140518507,15830.382219910332
40,12.049999999999997,-9.0,0.99,1.4676453257640165,-0.0805260182981857,0.6624682054279261,13097.093912397651,13183.787229348492
41,8.0,-8.0,0.06,1.4607697880786812,-0.2785372868618962,0.5909754093076932,12677.799433069327,12752.44763760123
42,10.049999999999997,-11.0,-0.04,1.2985077974960948,-0.05150056590844427,0.6038319109202337,12153.591182730086,12226.861628455383
43,7.0,-8.0,-0.33,1.2477759132656847,-0.1635025629126732,0.5387926675513285,11174.410823439732,11234.34778851593
44,5.049999999999997,-5.0,0.52,1.586545931518276,-0.26932516409239704,0.6779817142982577,20720.02939414781,20860.428183882552
45,8.0,-8.0,-0.32,1.1827462347003728,-0.09958308012875926,0.516616592262212,10727.836384056127,10783.176743310285
46,7.049999999999997,-8.0,0.2,1.5223873951064366,-0.44288883408168994,0.6083162719148566,17366.474334617644,17472.037373564457
47,7.0,-7.05,-0.17,1.3662651065139477,-0.23613371331012123,0.5535420635732725,10320.820879064213,10377.646103639676
48,9.0,-8.0,0.39,1.3875851468170506,-0.17704130394329787,0.6106732695839899,14335.13152693888,14422.890249917764
49,7.0,-9.0,-0.41,1.1850496437906977,-0.10955343196377144,0.5728947167315661,10884.742884148744,10946.957339049943
50,5.0,-5.0,-0.11,1.6697401881644456,-0.5011531970314539,0.5696511905768699,23200.244038269717,23331.14707717434
51,10.049999999999997,-9.0,0.11,1.2889138911923526,-0.09382312848435906,0.5441458226520847,9267.722836879924,9318.18040185977
52,8.049999999999997,-9.049999999999999,0.81,1.19704940745289,-0.0982262375622518,0.6283291021970583,13597.638068896851,13682.903948532407
53,9.049999999999997,-9.049999999999999,-0.49,1.292283509956351,-0.1590957538952797,0.5435405129590791,12744.70098003276,12813.964815689933
54,6.0,-6.0,0.17,1.4043555519083593,-0.30726566158426305,0.6185290259403976,11391.917272132698,11462.03325180219
55,8.0,-8.05,-0.21,1.1867179099171397,-0.1763592486699658,0.5185705197538227,11669.366610278985,11729.599217877485
56,5.0,-9.0,-0.85,1.117078207990011,-0.3147771714799214,0.508396673633648,8641.232814210238,8685.31033770144
57,7.049999999999997,-11.100000000000001,-0.94,1.098359110610313,-0.3750545599508684,0.40676805869729094,11879.465984680854,11927.728769110909
58,5.049999999999997,-7.0,-0.4,1.127780610339077,-0.4978874852634786,0.403961518358999,14142.066148352644,14199.366465014722
59,6.049999999999997,-8.0,-0.35,1.2933156323442216,-0.21291066682253804,0.5803393706293977,7604.950538077058,7648.826984191481
60,9.0,-10.05,0.03,1.368604858072032,-0.06159820424980125,0.6810983400091096,9036.877565822511,9098.28574955478
61,8.0,-7.05,-0.06,1.0394748065753436,-0.048947634990305786,0.46209216204290804,7341.460379881345,7375.315787570311
62,7.0,-6.0,-0.38,1.4105683075600606,-0.2868501513383596,0.5156384758343058,11495.843652154366,11555.600767688979
63,10.0,-11.0,-1.2,1.315255515816041,-0.2634224625096313,0.5222377203248824,8861.388765683178,8907.749133646807
64,1.0,-1.0,0.0,13.317087656691388,-7.624986550535325,0.958748153852001,118319.86110361853,119067.17730525315
65,5.0,-7.0,-1.27,1.07445108908338,-0.4101540425323667,0.34146635146479176,12013.390956372632,12054.417664033463
66,5.0,-6.0,-0.43,1.4436185450068908,-0.6153109204038082,0.3996168004829936,12979.499779848016,13031.199189543706
67,9.0,-9.0,0.31,1.2660324299849481,-0.1924796190751803,0.551175820295806,7521.600871436141,7562.953328840966
68,10.0,-11.0,-0.51,1.353385779172151,-0.2539278989196162,0.5166320833204358,13222.979451439316,13291.467066710202
69,6.0,-7.0,-0.24,1.308850658146944,-0.37164003543084895,0.5092737865698254,17172.968812050894,17260.83864349653
70,5.0,-4.05,-0.28,1.8940668144953927,-0.4192153712689356,0.5231816663634266,22870.05580096932,22989.90298978138
71,8.0,-7.0,0.57,1.4715495942968313,-0.2637117854491244,0.6269698002935922,14626.420044006672,14718.03118239061
72,7.0,-7.0,-0.14,1.4381328053462934,-0.38528007027700606,0.5725248638180355,16649.536408204716,16744.57993573034
73,5.0,-6.0,-0.17,1.5194440043763369,-0.30029383012751765,0.5910694566797624,20596.638704718225,20718.150139012345
74,7.049999999999997,-5.05,0.51,1.5433187499162335,-0.21491312885521266,0.6450113152642024,17654.095655589354,17768.516947265594
75,4.0,-4.0,-0.14,1.7686076758612057,-0.6371796917599253,0.46570490524026603,15512.079369326386,15582.963202078694
76,7.0,-9.0,-0.04,1.2628177347378429,-0.23252032762192495,0.5661878732861642,14209.257657390088,14289.33464141821
77,11.0,-11.100000000000001,0.42,1.1616575855440754,-0.1699760414492579,0.5579043127070856,7085.11961664606,7124.538360407592
78,10.049999999999997,-10.0,-0.1,1.2641519437099953,-0.09081519751540838,0.5815543754348179,12157.133681914278,12227.535881211865
79,7.0,-7.0,0.89,1.5477065807344235,-0.26147790206050375,0.6756845269019547,15166.511574294542,15268.775461730907
80,9.0,-6.05,1.04,1.5581508201715446,-0.19293363790101475,0.6842644893639728,8821.971205234173,8882.213517584933
81,5.0,-7.0,-0.35,1.2331674723327841,-0.34999802273244063,0.5123515813286724,16922.2697716716,17009.056009171924
82,4.0,-3.05,0.05,2.2784806292853363,-0.947602174473602,0.6134214215717547,30140.973458712935,30323.042580760157
83,11.0,-10.0,-0.14,1.2246350512442368,0.023055078400117293,0.5714885579562985,8225.646046200442,8272.537459169624
84,7.0,-8.05,-0.29,1.1083490984036923,-0.23851181337272634,0.47076768964088667,11251.268733451001,11304.13296397794
85,9.099999999999994,-7.0,-0.1,1.2770335500074341,-0.14512167137896093,0.49543357822777545,10469.787317928593,10521.726738889849
86,7.049999999999997,-7.0,-0.28,1.141843834183472,-0.12079635377593238,0.5067779269797752,10978.028209723247,11033.564509379985
87,6.049999999999997,-7.05,-0.2,1.3302073545151956,-0.3331891516492349,0.473908845156371,12197.345818090296,12254.77798376689
88,8.0,-9.0,-0.46,1.1086935650606815,-0.21845984213835523,0.4279524801176068,10819.950180961865,10865.972159021192
89,9.0,-6.05,0.73,1.6553017048796896,-0.18128191007858688,0.6997576082983227,10742.681292684389,10817.64037297587
90,6.049999999999997,-7.0,-1.11,1.2098125653899459,-0.31563721994600713,0.3693036563190634,12765.82856828829,12812.661935632917
91,6.0,-6.0,-0.51,1.4263177406245668,-0.41619859547586463,0.47126555201372583,14165.028465863063,14231.631461069288
92,6.049999999999997,-6.0,0.29,1.2823779206461647,-0.1414258268907673,0.5964914810957094,11644.88778642544,11714.102537997189
93,5.0,-7.0,-0.35,1.859693085450449,-0.9662673718053171,0.5608431299763156,13696.900280417101,13772.861860631177
94,6.0,-6.05,-0.22,1.3148563232055095,-0.39166190144124063,0.4864580430950842,14919.830084786583,14992.002796436916
95,8.0,-9.0,-0.31,1.2582769888120648,-0.24286987207807914,0.4775434786002157,8005.780432137682,8043.966768726434
96,8.0,-8.0,-0.23,1.3592370796634325,-0.17364168171639027,0.551700828629918,14223.582167024899,14301.866809254421
97,5.049999999999997,-6.05,-0.19,1.2870727852432853,-0.45358941598628255,0.47510018376980623,14711.260345424427,14781.387173923089
98,3.0,-2.0,0.14,4.052049350077471,-1.5581574355436925,0.7910574419080583,38450.310586054555,38742.81717539972
99,4.0,-6.05,-0.78,1.5578415081945622,-0.7778304143435633,0.36390113115463973,16369.699182185037,16428.550963327383
100,5.0,-5.0,0.01,1.9095903183710472,-0.7201623189645501,0.6101594245151456,21157.381760649838,21286.61731378294
101,6.0,-7.0,-0.05,1.5299326419060297,-0.3885647316206864,0.5820537931279687,12042.589200583949,12112.401775913306
102,6.0,-5.05,0.31,1.799542767961649,-0.35621877832586174,0.6591967236071876,16480.60820200305,16589.021475129073
103,6.049999999999997,-5.0,0.35,1.8582849156052847,-0.5633550901493234,0.6565775253409853,16949.857483323998,17060.66516851522
104,2.0,-2.0,-0.09,2.8641674787044122,-2.120467589196069,0.46214377069730206,41188.93847667922,41369.25218211771
105,8.0,-8.05,0.3,1.1695681636526603,-0.05122096056858671,0.5816930255586481,13123.960536629042,13199.931463459832
106,9.0,-9.049999999999999,-0.18,1.1956809888706448,-0.015050021575334638,0.5684672468993119,11200.719129361054,11264.416637738028
107,9.049999999999997,-6.05,0.07,1.662152088264377,-0.2701433281743154,0.5597273654792363,14913.793309234165,14996.661251526784
108,7.049999999999997,-8.0,-0.54,1.4543467858055519,-0.3627516835790351,0.5369284247940699,13757.53483983897,13831.01854175023
109,9.0,-9.0,-0.16,1.3945015437299653,-0.2528827046852509,0.5755447962770034,13305.108130765228,13381.577354560492
110,6.0,-6.0,-0.18,1.2787566121270588,-0.20408833551912303,0.5147984545281912,16769.304590314292,16856.007643614026
111,5.0,-6.0,-0.07,1.4067147828675686,-0.363780270206558,0.5173960578902591,18391.919841034,18487.18426005913
112,7.049999999999997,-8.05,-0.78,1.1520828610157363,-0.11337796075034547,0.49817711802539144,13658.257749547402,13726.237787824559
113,8.049999999999997,-8.05,0.18,1.3562001407664968,-0.06284792254320334,0.5743387287254652,14518.760416793464,14602.227272421089
114,7.0,-8.05,-0.34,1.450588446729293,-0.273299753311507,0.5439000622121981,16381.612623315023,16470.47304474099
115,7.0,-8.05,-0.51,1.1717888437470294,-0.22691376071875843,0.5273607596056231,9857.035354342275,9908.72892240504
116,11.0,-8.05,0.09,1.2196055898024527,0.07610799938622405,0.5631718406882313,10437.210690431697,10495.90842367464
117,12.0,-11.100000000000001,0.18,1.3029175736552256,-0.033942510965680774,0.6047678959269805,10937.418170560632,11003.40085897774
118,9.0,-9.0,-0.08,1.2733364103313562,-0.11971240446304564,0.5613983349713455,11247.753965082646,11311.020527983283
119,7.0,-6.0,0.27,1.768495947486841,-0.567656728590988,0.607849972956095,14189.86650490275,14275.061586451477
120,13.0,-10.05,0.39,1.3361601964411498,0.08940638114595571,0.6214452345145562,10077.116731736442,10139.75396900294
121,11.099999999999994,-9.0,0.57,1.362332117430811,0.09316477023176918,0.6799759562095931,9909.55829206027,9976.771154768621
122,9.149999999999991,-10.05,-0.98,1.0854311523685922,-0.023354193782024114,0.45927805129743526,8572.341253474966,8611.764194785597
123,7.0,-8.0,-0.34,1.1501204235222744,-0.2512597191310463,0.4946781200101951,9439.130282911075,9485.745563091663
124,6.049999999999997,-8.0,-0.28,1.2428558657884408,-0.2973236235591146,0.5133656761210462,10396.03429998838,10449.431101012522
125,4.049999999999997,-7.0,-0.67,1.3608609597074623,-0.644643973247853,0.4751500489530042,13851.327458122347,13916.764244323413
126,5.049999999999997,-6.05,-0.6,1.267917743912662,-0.27319964352215836,0.4550860248822839,10472.567945541356,10520.126871802619
127,9.0,-9.049999999999999,-0.44,1.399779864105961,-0.2528606276186015,0.5368671562074502,9844.311128697074,9897.419280318927
128,5.0,-7.0,-1.0,1.0797871432055883,-0.3893773232098014,0.3404297653184872,11579.633366797432,11618.705191897028
129,6.049999999999997,-6.0,0.46,1.3939237579541803,-0.16560979509360682,0.6076377879213862,13686.57574450489,13769.472548425832
130,9.0,-9.0,0.01,1.3868632092738418,-0.1785740369469171,0.5826257362026773,13778.14505523747,13858.215169452187
131,11.0,-11.0,0.66,1.1399277564256598,0.07637678842811385,0.5951248003299772,8161.675026943454,8210.2224125357
132,11.0,-15.0,-1.4,0.9819980483025023,-0.02869248010442159,0.5041375677998086,7137.771865645643,7173.698668367675
133,8.049999999999997,-8.05,-0.01,1.3474889551206637,-0.10561418283579976,0.6046925451833394,11901.12427489738,11972.841125861705
134,10.0,-12.05,-0.49,1.2244646054248982,-0.12974224710293214,0.5588818330387619,10336.35379009758,10393.986516059858
135,5.0,-6.0,-0.4,1.9945705813980896,-1.06133628631373,0.4951844411268803,20604.467439600863,20705.72047294815
136,8.0,-9.0,-0.88,1.193901067702182,-0.21520072547122243,0.4941591380710952,11337.028083408775,11392.861001976398
137,7.049999999999997,-8.0,-1.01,1.499298535717942,-0.3961835450924264,0.4530014575919985,13313.592974697563,13373.9787046557
138,6.049999999999997,-9.149999999999999,-0.77,1.0338374351875694,-0.09570402265377229,0.5454133896014592,9926.319227501079,9980.38808612301
139,7.0,-8.1,-0.6,1.2000964409470989,-0.2786870217306639,0.49126568011197264,11484.090420702192,11540.46612414152
140,10.0,-10.05,-0.77,1.1309367794031322,-0.06478382889017027,0.5264150398360029,8917.033125132808,8963.765055479507
141,8.0,-7.05,-0.16,1.3616366132276212,-0.12470861410694838,0.5370135489021888,13729.184512848378,13802.303914230599
142,8.0,-6.0,0.47,1.034754466668478,0.10786295021607324,0.5668981955956061,10391.334667459252,10450.274212131637
143,5.0,-7.0,-0.25,1.8000878052763298,-1.0947290204067777,0.50707508825195,23569.25127914065,23686.999425851485
144,5.0,-5.0,-0.2,1.7654640991617605,-0.5709858258940467,0.5297089705543029,22579.301034582226,22697.26565033465
145,7.0,-7.0,-0.48,1.46291879957408,-0.3514279025260825,0.511068215934549,16684.462038879195,16770.030286202804
146,7.0,-7.05,0.0,1.1727918358248857,-0.21261458547391193,0.5272814295210039,13398.751047505533,13469.137249254774
147,6.0,-8.05,-1.27,1.0933691303480415,-0.3479932563567765,0.3829429451915559,12180.360305976721,12226.946234402712
148,9.049999999999997,-9.0,0.1,1.3014107631718648,-0.23262841193163006,0.5484704365260444,12864.624696817024,12935.055651379043
149,7.0,-6.0,-0.18,1.3975996551172458,-0.3571803135870905,0.5007085396176116,15231.829600690995,15308.313159166908
150,9.0,-7.0,0.99,1.6277000369798724,-0.22087809718681653,0.7144419428991963,12756.423932753229,12847.530314965838
151,7.049999999999997,-10.0,-0.77,1.221365575567994,-0.3765128845797189,0.45580797303373943,11701.942063815532,11755.484994869646
152,10.049999999999997,-10.0,0.28,1.1877695699856483,-0.18102058759655204,0.5210956001118392,9402.914894334786,9451.930469989427
153,7.099999999999994,-9.049999999999999,-0.48,1.190351668630509,-0.38499291053968077,0.4462335755140239,10789.89157385913,10837.833204775843
154,5.049999999999997,-5.0,-0.12,1.3276032786972256,-0.35613626119211533,0.4851205655114328,15160.340965009062,15233.994186150678
155,5.0,-6.0,-0.66,1.3985903872916214,-0.6464122187103385,0.3394898948350086,15588.64629412323,15640.40796192865
156,7.049999999999997,-10.0,-1.03,0.9311602822158696,-0.23365617764133573,0.38860378604551343,7516.979380541291,7546.073318478074
157,8.049999999999997,-8.0,0.2,1.1454373628293246,-0.1309659794376762,0.5066372850334051,9783.173743665337,9832.583200924548
158,6.049999999999997,-7.0,-0.73,1.2894083120669029,-0.36771684361241685,0.39108545424374214,12811.576158922258,12861.521165461581
159,7.0,-8.0,-0.14,1.542882103997132,-0.5461306452455106,0.5084429784750071,14761.914212065309,14837.00960382225
160,5.0,-5.0,0.21,1.847515377695283,-0.7197697773685569,0.6174860862164109,20978.53231172299,21107.709730594306
161,6.0,-6.05,-0.27,1.537555650111929,-0.4452184207683272,0.4665620662192538,16033.448095343627,16107.750010371867
162,8.049999999999997,-7.05,0.05,1.3631860904922297,-0.22011086961249404,0.5864150117812342,14397.156125916701,14480.967709323151
163,6.0,-6.05,-0.53,1.3174691023604335,-0.2742202190182529,0.44934219977625445,16368.2603236515,16441.29081159463
164,7.049999999999997,-8.0,-0.32,1.387188797978238,-0.27291173555492054,0.5274495729287966,15185.02923855509,15264.760092691402
165,7.049999999999997,-7.0,0.01,1.2879768633449462,-0.15912418408841,0.5414142435786168,14692.004687587008,14771.465757989074
166,6.0,-5.05,-0.27,1.6573360411628184,-0.5682850367873966,0.4649918603466487,18907.223890193076,18995.23343282669
167,4.0,-3.0,0.05,2.0236258813351147,-0.705138030077582,0.513546932413788,27085.47133551187,27221.56503530297
168,6.049999999999997,-8.0,-0.17,1.1271954296439357,-0.33403167552459,0.4864299862778158,13455.083725267132,13520.616027299891
169,9.049999999999997,-7.0,0.13,1.5939753715136218,-0.3548184135288456,0.5330947683909357,14267.671025240677,14343.578843129018
170,5.049999999999997,-7.0,-0.6,1.1382510792068985,-0.5147336236029723,0.39793134173196826,13655.223937876824,13709.27646440475
171,8.0,-10.1,-1.48,1.0187844539824977,-0.1199864842710773,0.4122736320312306,10213.494849576127,10255.65147087959
172,7.0,-6.0,-0.04,1.3232603728079908,-0.18826971217948618,0.543321595073461,14392.63629524778,14470.558252893763
173,9.049999999999997,-10.0,-0.75,1.3050608907067291,-0.2139168611915591,0.49686407855436604,10987.466449741813,11041.86901986535
174,11.049999999999997,-7.05,0.53,1.3818306688560416,-0.017519466691825605,0.6368583667571336,10963.786890056115,11033.681114772342
175,7.0,-6.0,0.27,1.758312904740691,-0.39485595860470435,0.5878713592409774,15139.344584106964,15227.927162020087
176,8.049999999999997,-8.05,-0.05,1.4531568975595084,-0.2885655159975867,0.5867929087644336,13041.404886028608,13117.701560250967
177,8.0,-6.05,0.28,1.6096142299469518,-0.24932993436915954,0.6062418189881704,15128.49868445938,15220.25418774107
178,5.0,-5.05,-0.42,1.4214083411459506,-0.4355522930247233,0.4929235886839265,18234.354748138634,18323.918623673697
179,6.0,-6.05,0.05,1.4526181169467058,-0.39114017386310235,0.5232437626162775,17424.44813992214,17515.641460093488
180,7.0,-5.05,0.71,1.5659625889758435,-0.16274012619107867,0.666552294606719,15128.48505693357,15229.205596460137
181,3.0,-2.0,0.24,3.7736828733781347,-0.9152893080353345,0.8818050296684897,37806.8381161536,38132.377827057266
182,5.049999999999997,-7.0,-0.49,1.3468363805992902,-0.513625238555423,0.5164216107022005,15416.520267365391,15495.810138734909
183,8.0,-9.0,-0.7,1.0702696080202367,-0.13867188398035182,0.46260708419735314,10360.943645477517,10408.966569990896
184,6.049999999999997,-7.0,0.09,1.4136918783396726,-0.425809327207242,0.5313069570919391,14088.406449195474,14162.995697449212
185,9.049999999999997,-7.05,0.68,1.2309523866280543,0.0038107578067931684,0.6123527780233691,11582.077578839653,11653.090130160266
186,5.0,-7.0,-0.8,1.5896845618549373,-0.7936021866668188,0.36769511695572044,15776.490344996108,15833.7701418851
187,9.049999999999997,-10.05,-0.12,1.3834890941857219,-0.2615354965530262,0.6007308769304344,12519.468494333432,12594.715261624176
188,6.0,-5.05,0.22,1.7588558966471808,-0.604222147344229,0.5716053754951372,15996.134517319924,16087.870219894441
189,6.0,-4.0,0.33,1.7298155038818883,-0.4616062025847854,0.5908704998325442,19843.09759792024,19959.980062178987
190,5.049999999999997,-5.05,0.45,1.585332604630664,-0.6811061575880408,0.6279396430263811,17660.13232191287,17770.83283541498
191,10.049999999999997,-9.049999999999999,-0.08,1.2511392023297525,-0.11923530626167518,0.5569242314068209,11139.354983504061,11201.40473627153
192,8.0,-9.0,-1.2,1.098359020801382,-0.04637039949122496,0.4908767343789899,9233.622104330361,9278.917904987913
193,9.049999999999997,-8.05,0.3,1.1797420804777983,-0.08699211357126657,0.585065970599259,11557.795893109023,11625.330526680553
194,8.0,-8.0,-0.54,1.461379818567177,-0.4181837733289101,0.4782909050132665,12828.767965393276,12890.326807798678
195,10.049999999999997,-10.0,-0.42,1.1592973736157968,-0.045031757754649376,0.5261930581169885,9153.966927333093,9202.10831962646
196,8.0,-6.0,0.5,1.7016430078958393,-0.2261592442332437,0.6181210451804205,14718.784178708598,14809.713409729375
197,10.049999999999997,-11.0,0.36,1.1661958897378817,-0.06602087121495011,0.5662670249270181,9769.200337196387,9824.44163766075
198,7.0,-6.0,-0.25,1.2338586630854604,-0.1388670345816634,0.484206030107442,13394.951355850699,13459.842881574637
199,8.0,-9.0,-0.77,0.899805811801423,0.06752936401689599,0.48785936018771414,8831.42685059789,8874.431378624002
200,7.049999999999997,-9.049999999999999,-1.32,1.1419917126922896,-0.16526818455910408,0.4816619284413747,8553.64164538288,8594.841794938404
201,5.049999999999997,-7.0,-0.87,1.3157208661175004,-0.2563494602578095,0.46564356743752666,10110.779845167568,10157.727680455668
202,1.0499999999999972,-2.0,0.0,2.2807413414483793,-2.3291173299840087,0.5647094358708697,39628.9755441077,39854.49334034514
203,9.0,-6.05,0.64,1.2295386402107091,-0.0064110810134092215,0.5852616741617803,11561.709029426751,11629.368030535366
204,8.0,-10.05,0.39,1.0041525183697912,-0.02835044908685383,0.5481182282542205,9109.543630020464,9159.588201889703
205,7.0,-6.05,0.03,1.3577084187514006,-0.1531704007689031,0.5737845046337198,11882.723433230323,11950.785121895147
206,5.0,-6.05,-0.69,1.2020580643005996,-0.28530596045490303,0.4363241059315385,15581.513357793148,15649.318898191268
207,3.0,-3.05,-0.34,2.030635006370212,-1.107680870125876,0.35664337256849016,21952.26360681301,22029.282586836853
208,9.0,-7.0,0.66,1.6102616252067474,-0.25368562026427366,0.6172349913591022,12900.883232260847,12980.448606573094
209,4.049999999999997,-4.0,0.07,1.7756171694274854,-0.5588865020904691,0.5805481628570406,18646.833889731097,18754.04988030905
210,8.0,-7.05,0.85,1.39665741323602,-0.37424257790964305,0.627930781563594,13661.35357742203,13747.35409129452
211,7.0,-7.0,-1.13,1.3118588925890615,-0.43813295863342855,0.3826357773330284,13183.52280697575,13233.681758938617
212,7.0,-6.05,-0.05,1.1152680007286242,-0.07375356322046936,0.5133640631165534,12569.498366999258,12633.978825115868
213,7.0,-4.0,0.72,1.9321874649622548,-0.46835340914114443,0.6690348071948324,16779.039007993717,16889.27293867124
214,8.049999999999997,-11.05,-0.4,1.1977538771235474,-0.18612722584063587,0.5459460384683279,8933.517577474333,8982.216246978078
215,7.0,-10.05,-0.86,1.1069667741693632,-0.35466190535769754,0.45379364115627036,9641.039631310668,9684.424419671903
216,6.0,-8.0,-0.58,1.113670117283801,-0.4657813690440255,0.3939109699807105,11711.49326580147,11757.147177966392
217,7.0,-7.0,-0.11,1.1822812372373759,-0.09196926253328369,0.5006766471615015,10070.10747676327,10120.502064058926
218,10.049999999999997,-10.0,-0.97,1.0985161869909672,-0.019209157788751135,0.4735129065731591,8740.134288059504,8781.585870341132
219,3.049999999999997,-5.05,-0.43,1.4022172443717167,-0.8874387403873282,0.32687114558497266,17641.127183577646,17699.069402531655
220,13.0,-12.05,-0.64,1.0322570495665397,0.0989340786807913,0.528778009108965,6018.060112600025,6049.8698527356
221,8.0,-10.0,-0.91,1.0387386103060154,-0.20601230525461847,0.4526538723840614,7719.596705433654,7754.528297344904
222,6.0,-8.0,-0.88,1.2359619196368454,-0.49067898517320035,0.3971921363896888,11226.0267498592,11270.566003227654
223,7.049999999999997,-8.05,-1.02,1.1422262584372738,-0.20692210419688792,0.4171796330422688,9356.592496806546,9395.534461548757
224,5.0,-5.0,0.03,1.5882325901857155,-0.7391273441525947,0.49985181381798904,16101.940892843813,16182.2741908198
225,6.049999999999997,-6.0,-0.2,1.7420746962212006,-0.5403269800210482,0.5048916477222498,16125.80196627544,16206.351646351412
226,5.049999999999997,-6.0,-0.21,1.6732984665816608,-0.7091232794467387,0.48788996750885727,17503.641751326544,17587.848731706377
227,5.049999999999997,-5.05,0.04,1.681956059804422,-0.5808938161156869,0.5601227143767105,18080.12389091761,18181.294023496746
228,2.0,-2.0,0.05,4.1693690418081415,-2.540216204760031,0.64598759516332,32804.20400724635,33008.78812719046
229,10.0,-8.05,1.04,1.3480718022249678,-0.02410556754632499,0.6369776471820516,7504.516514641082,7552.331254886032
230,7.049999999999997,-6.05,-0.12,1.4982480762848507,-0.30511420809437406,0.5209876914293506,13962.979217601305,14035.679866154762
231,6.0,-6.1,-0.7,1.2862200170675575,-0.2757887161350193,0.4829343842254356,14299.03131817749,14368.215164557098
232,8.0,-7.0,-0.4,1.3290352496855502,-0.19372338974288134,0.4899052511114458,12094.130225209808,12153.533674339198
233,9.049999999999997,-7.05,-0.06,1.21465485372227,-0.14522653045707043,0.5014812917437997,10925.041068121807,10980.172997349868
234,6.0,-7.0,-0.7,1.2411051761947727,-0.4273412503805253,0.40078643147128923,14629.870234956126,14688.736151689416
235,7.049999999999997,-8.05,-1.01,1.0443507029440968,-0.18277883020992072,0.41649031827220917,12020.359933985563,12070.244849157445
236,3.0,-3.0,-0.11,3.3808801086425415,-2.0006084548454135,0.3810601659896581,36069.362454612274,36215.18464612932
237,6.0,-5.0,0.15,1.4158527099014453,-0.37084649574445194,0.527344066629896,13439.169960613437,13510.307396596696
238,9.0,-11.0,-0.41,1.0916579792034857,-0.1838409949976018,0.48234911706819944,10037.385573055564,10085.72681884057
239,4.0,-6.0,-0.36,1.1497065389171375,-0.3731850722635919,0.43872405131682063,11209.371281846981,11258.687785935392
240,7.0,-8.0,-0.67,1.2415159259673543,-0.3601973779372254,0.4449315111907353,12676.605163362841,12733.164944668208
241,6.099999999999994,-9.0,-0.87,0.9972666806673528,-0.20159922025383034,0.4090309709677457,10403.49761147709,10445.925330202199
242,6.0,-6.0,-0.27,1.7176715877236255,-0.7293543161099669,0.4314572099287624,16650.7348665403,16722.36890854123
243,3.0,-5.0,-0.38,1.3081546771472592,-0.5806036306210903,0.407294884556659,14077.031476030206,14133.913203542106
244,6.0,-5.05,-0.41,1.8462746031540074,-0.5868828070043235,0.423033111771108,14975.504096739034,15038.4083920515
245,7.049999999999997,-7.05,-0.09,1.353269582361383,-0.31066786028963606,0.4712973857589807,9582.26989532328,9627.30842598786
246,7.0,-14.0,-1.63,0.965667616485596,-0.33189997847852054,0.41141837242021284,8256.542302015627,8290.399357183942
247,5.049999999999997,-7.05,-0.2,1.4081595362389931,-0.5566124337197831,0.49783871396886925,14932.212286955983,15006.898062757693
248,7.0,-5.1,-0.34,1.40987038750382,-0.20916798175482826,0.45243531597358994,10963.24824157892,11012.585917605593
249,5.0,-5.05,-0.63,1.4532209230568573,-0.5487332208419873,0.37480605560588875,14085.544466428357,14138.589200017102
250,9.049999999999997,-11.0,-1.76,1.0584849598189612,-0.13139255396701466,0.3887831385716409,7489.189683582573,7518.206259518516
251,6.0,-5.05,0.49,1.814797092362606,-0.4221974954007031,0.6409055490431882,19781.523995865766,19907.909821242614
252,6.099999999999994,-7.0,-0.4,1.2885173039833835,-0.2566005339296443,0.45778548499507965,12825.389750276656,12883.98632175182
253,10.0,-10.0,-0.05,1.2853598046910362,-0.16882678194052345,0.5568357351223159,12760.382724791929,12831.195157832566
254,9.0,-9.0,-0.28,1.094566699335144,-0.056584430735298674,0.5088835033706316,11023.86351399641,11079.99835338545
255,6.0,-6.0,-0.05,1.4986514197332557,-0.3009032024340737,0.5453809146235631,15197.978841754324,15280.38504937106
256,6.049999999999997,-7.05,-0.42,1.2857981041323616,-0.22699348146182632,0.5018359696386109,13476.645835687397,13543.956634269916
257,6.0,-6.0,-0.21,1.4969200792661286,-0.35771453000994197,0.5043287347697283,17202.35141779962,17289.372972852772
258,5.0,-5.0,0.19,1.5712556125006867,-0.3661047430717287,0.6034916852467158,18681.7148543974,18793.259081171167
259,4.049999999999997,-5.0,-0.52,1.3676065586005721,-0.5739312163495175,0.4020937165243458,15740.527424416876,15803.337563951398
260,5.0,-5.0,-0.02,1.600070992463515,-0.4387089100655067,0.594817267977134,18757.62508315561,18868.26362566667
261,5.0,-6.0,-0.63,1.48958030330216,-0.4923751965468183,0.45285469551162777,17894.15660654958,17974.1437670077
262,5.049999999999997,-7.0,-0.47,1.3735776292476192,-0.586525253685732,0.42936473159949246,14281.668107504958,14343.074494022458
263,6.0,-8.05,-0.84,1.154809163505883,-0.28714872441581574,0.45403118056137565,12359.640626901235,12415.351580590559
264,6.049999999999997,-6.05,-0.26,1.6939025265953194,-0.562409147228246,0.4356818481481527,16330.293798470891,16401.970128649737
265,5.0,-10.05,-1.71,0.9422155354959322,-0.2880183518217094,0.34979493786808014,11037.18687929468,11075.768075846203
266,5.0,-8.0,-0.82,1.2830134572306673,-0.5020430944219434,0.41399248160621127,14173.870508119348,14232.650321588306
267,7.0,-8.0,-0.71,1.3014573613264562,-0.47673183027516136,0.4489114394071948,12674.820162041764,12731.411428034706
268,5.0,-6.05,-0.44,1.3463704869556605,-0.560064299866713,0.42229681744695996,16303.878153884552,16372.625453033927
269,4.049999999999997,-7.0,-0.53,1.1178130138600701,-0.5053185782809718,0.4217590150767959,14818.792132716182,14881.009754855624
270,6.049999999999997,-8.05,-0.8,1.1490647756685135,-0.35665677147822333,0.44735767224836054,13613.72161679695,13674.616006359924
271,6.049999999999997,-7.05,-0.45,1.2247270176577498,-0.3775691451539566,0.44492373326431306,12520.364085520177,12576.046083524883
272,8.049999999999997,-9.099999999999998,-0.33,1.1325437902998114,-0.14074480642300044,0.5301582433369438,11964.91481854246,12028.369128408443
273,5.0,-8.0,-0.55,1.325509650754451,-0.7817537546997243,0.4342062412212047,13461.528737979803,13519.258039885073
274,8.0,-8.05,-0.31,1.2884459923828717,-0.32261281165687916,0.524958200957742,14716.097164894805,14793.468117987404
275,7.049999999999997,-9.0,-1.16,1.1596613240656128,-0.2619258429281209,0.436484035366911,12550.896017240462,12605.543723793608
276,7.049999999999997,-7.05,-0.02,1.4340697383775876,-0.31455760813714695,0.5785243634622165,13903.245633634522,13983.633380118472
277,9.049999999999997,-9.049999999999999,-0.37,1.1200741731524961,-0.0203232766344386,0.5132050740247525,7784.89491364146,7824.879258749615
278,8.0,-7.05,0.44,1.763375150622159,-0.4458612434568225,0.7065911630419531,16131.831844262124,16245.377590026625
279,4.049999999999997,-5.0,-0.4,1.3749426091666495,-0.43364056460619627,0.4494647076432441,14120.415457808602,14184.03031407397
280,6.049999999999997,-8.0,-0.24,1.2721244649798316,-0.23353298508756123,0.5321943706841077,12871.424750379412,12939.751816890286
281,5.0,-7.0,-1.23,1.3858119536556293,-0.5801338037449655,0.29431627304016816,14952.213821499985,14996.551640346148
282,6.049999999999997,-10.05,-1.25,1.0903731055511912,-0.37598396879139884,0.42052393754275974,10251.55395762011,10294.491370426866
283,4.0,-6.0,-0.08,1.627117746702978,-0.7241938803656343,0.49248870199569666,18517.33038940033,18609.57903758752
284,9.049999999999997,-11.05,-0.1,1.1579604681091291,-0.15800687458046847,0.5668099832952836,9352.573108520677,9405.52028080342
285,8.049999999999997,-9.0,-0.51,1.3137349675024734,-0.27449754794454995,0.4754353222892952,10803.13973664984,10854.660109286062
286,6.0,-8.0,-0.52,1.1416999836177397,-0.23066766928808644,0.44628179931036144,13308.333281688407,13367.313304788971
287,5.049999999999997,-6.05,-0.02,1.1529916755562224,-0.22812495813269698,0.5037125318970133,12666.0250722972,12729.754556508451
288,5.099999999999994,-5.0,-0.29,1.4306250891637156,-0.4482089502205712,0.4721985228751361,17130.61872311903,17211.054786495733
289,6.0,-5.05,0.24,1.354844735421265,-0.361177719835246,0.5229487580910066,12513.212438981005,12578.618342302163
290,6.049999999999997,-7.0,-0.47,1.2312722105405032,-0.15194747120445176,0.522110277277021,13738.834902735416,13810.805680610023
291,7.0,-7.0,-0.49,1.2417823936080903,-0.10227342045616869,0.5108461140535148,14674.22351569285,14748.95678082756
292,6.049999999999997,-7.0,-1.04,1.1721326711063647,-0.16967535641715575,0.44274959686105275,14191.831489491462,14255.184526659712
293,7.0,-7.0,0.29,1.345837666190301,-0.22075646948472308,0.5747340219304558,15118.870430786148,15205.364987876372
294,9.0,-7.0,0.36,1.3596852381919486,-0.10446161291612296,0.5878591259786283,13232.348765938816,13310.361556686534
295,9.0,-7.05,0.78,1.523270293537611,-0.2343111476152567,0.6373672949231886,15102.923940732931,15198.604549638329
296,6.0,-7.0,-0.42,1.374911227464649,-0.4128996691387571,0.44852942426043413,11362.868511791085,11413.769743249262
297,7.049999999999997,-6.0,-0.47,1.348971141111363,-0.21373337788931113,0.4505489564261173,15460.356666609272,15530.015494163814
298,8.049999999999997,-9.0,-0.39,1.2046316089582385,-0.1234865840918259,0.5002893998672763,11639.248806316189,11697.36606703089
299,5.049999999999997,-8.0,-0.87,1.2239489754869062,-0.3826463843591172,0.3988573445997424,11995.510986523012,12042.90485384249
300,6.0,-6.0,0.25,1.2992203847921002,-0.22379878820431842,0.5731622787344035,15186.203441959684,15273.040354817409
301,9.0,-8.0,-0.01,1.270786346603841,-0.03935849620059035,0.5501640388248192,11295.745260700565,11357.916542648767
302,6.0,-8.05,-0.92,1.0654916824252076,-0.3057913780876678,0.39253168200391614,11264.98694336429,11308.983645047218
303,10.0,-8.0,0.35,1.5686426350488079,-0.1713224152762612,0.5871066880239081,12632.711908676303,12706.981918564576
304,7.0,-7.0,-0.09,1.5679974296916623,-0.37768277056488186,0.5681848124527291,17004.159241694102,17100.326680874987
305,10.0,-9.0,0.31,1.160679088841388,-0.05732805857970508,0.5571879144124864,10749.345561858132,10809.222681026202
306,6.049999999999997,-7.0,-0.68,1.0855775272959833,-0.1329666090116696,0.44178130053805265,9798.325863055305,9841.6165801816
307,9.0,-9.099999999999998,0.23,1.3230180562428953,-0.18011725012651025,0.617572796868822,11616.007153084565,11687.796093797497
308,8.0,-8.05,-0.55,1.332380162516538,-0.3288338350106939,0.45518821087770256,10487.362666313547,10534.886612743374
309,6.099999999999994,-11.05,-1.27,1.0592586962835864,-0.14405381463850564,0.494714276033162,10506.724356845936,10558.597453112456
310,7.0,-8.0,-0.43,1.269677702278436,-0.251645435432277,0.47321617334999544,11617.262534738244,11671.870127042355
311,9.0,-9.049999999999999,-0.59,1.1354738330023804,0.030801551107037566,0.5436364452803413,10623.591587086168,10681.344402582577
312,5.0,-6.0,-0.3,1.2497000355627252,-0.3519899000852978,0.47152108387127645,13076.11135040928,13137.391126568578
313,8.049999999999997,-7.0,0.09,1.385712447614237,-0.1756822208403893,0.5266268458383396,13204.010932018964,13273.421460250342
314,5.0,-6.0,-0.5,1.3809262365693793,-0.55982816154535,0.40685188563508434,12429.804345743254,12479.825398046323
315,6.049999999999997,-9.0,-1.06,0.9721237387665761,-0.10843880293921765,0.44094768736222983,10532.829861885763,10579.031362829266
316,8.0,-10.05,-1.04,1.0928929621641006,-0.1284107977007937,0.46265877713179665,7245.173163900867,7278.5914940924395
317,4.0,-5.05,-0.78,1.1797170558520091,-0.3851986469397224,0.3853692255605354,11977.703631185426,12024.091259633058
318,7.0,-6.0,0.96,1.4295700345350875,-0.2960563630930196,0.6185711919598258,15025.323727842855,15118.692428074071
319,7.0,-6.0,-0.18,1.2940140394303634,-0.2226220419516202,0.47230716745630735,13930.74962210109,13996.618468850751
320,6.0,-7.0,-0.55,1.3594470451128247,-0.42318269773748973,0.43035149874554435,11759.942225428846,11810.426019107152
321,11.0,-11.05,-0.22,1.059850136030488,0.08529193782968185,0.5597406830444986,8822.37509769691,8871.58547026574
322,8.049999999999997,-7.0,-0.08,1.411301580737377,-0.147102867520164,0.5101114747255092,10945.73998399824,11001.40948970699
323,1.0,-1.0,0.03,3.3138803808322854,-2.414519326662992,0.6142672331677445,55772.35119810851,56095.44357948911
324,6.049999999999997,-5.0,0.32,1.535104239527283,-0.5386052716485205,0.5698801404241078,14229.181206113526,14310.158326652916
325,7.0,-6.05,0.38,1.325316326933918,-0.14296088962511336,0.5471318524211203,11103.409674603225,11163.739940591166
326,4.049999999999997,-8.0,-1.31,0.9386853426303837,-0.29670003957206564,0.34252728279554145,9740.190540526022,9773.28309559965
327,6.0,-5.0,-0.45,1.8336097948844874,-0.5766684335567492,0.4284518098020152,12630.676633855594,12684.428148855071
328,4.0,-4.05,0.22,1.6137519935616629,-0.3881819013789556,0.6074319065253685,14654.666064377598,14743.521368049365
329,5.0,-6.05,-0.13,1.827662052658368,-0.8278408891488122,0.5857715239575881,15846.105585341573,15938.235239313419
330,5.0,-5.0,0.0,1.7598986162959687,-0.6320618934689501,0.5217512003985293,16525.83404358213,16610.48113462346
331,5.049999999999997,-5.05,0.26,1.7315997080840524,-0.6469355428261863,0.6640285734574648,15127.264544199677,15228.13410842862
332,5.049999999999997,-5.05,-0.1,1.3650403088377892,-0.21156816798296602,0.5376690961094891,9427.629407728084,9478.345010895917
333,8.0,-7.05,-0.25,1.144442304784494,0.0043294369616339486,0.5236446833218714,8406.831076915512,8450.860361485686
334,6.0,-6.0,-0.33,1.6102252860360546,-0.2852006838163253,0.50316594026791,13369.909374578832,13437.240547667283
335,21.049999999999997,-24.0,0.5,0.7910216043663665,0.1969906802881075,0.5406969677541461,3543.8828184091003,3563.0282020758696
336,10.049999999999997,-13.0,-1.94,1.0159974492596102,0.020980437285622232,0.4853598296007275,7103.88550145177,7138.239784691051
337,6.0,-7.05,-0.92,1.2831455925965018,-0.367753608458271,0.43818111497160184,11539.960005128401,11590.527028294233
338,2.0,-2.0,-0.26,2.4581581363582248,-1.4512837603253508,0.30764163794163685,25966.091817456047,26041.396113870014
339,9.0,-8.05,-0.53,1.2715458911797513,-0.10470365291301843,0.49585016700838,6934.898423929475,6969.225375920259
340,10.0,-9.0,0.99,1.0616244515157613,0.0023899936605401764,0.5391065930733354,14682.49924602832,14761.386813836769
341,5.049999999999997,-5.0,0.04,1.9368577814507597,-0.8202207355037071,0.548517572197426,24462.474161498383,24595.67296905925
342,9.049999999999997,-10.05,-0.47,1.0109588701299168,-0.19724013382358094,0.4246098017230849,14977.605605036908,15040.79899635389
343,9.049999999999997,-10.05,-0.91,1.0989883537597562,-0.3425829860467997,0.3874794954625309,17164.595517745583,17230.827077031114
344,7.049999999999997,-9.0,-0.37,1.1666046027500103,-0.2985457135269778,0.4212772655994165,19341.078654520912,19422.293208849354
345,11.049999999999997,-8.05,0.86,1.2782541884858012,-0.10083672364670013,0.5377414862662466,16514.542393051048,16603.229240287576
346,9.099999999999994,-8.05,0.61,1.0162855165724691,-0.04635325835401231,0.4945802147062723,15512.36272682865,15588.875604558942
347,3.0,-3.0,-0.05,1.9665180302074212,-1.3508192204437115,0.4519678621103961,45485.856588810544,45691.17212623083
348,6.049999999999997,-6.0,0.29,1.2166992201490863,-0.19540780386347678,0.5015778376930098,20788.977445708286,20893.003956532077
349,8.0,-8.0,0.57,1.1839708549136623,-0.13666484078913513,0.5463196218761072,17495.12263425718,17590.3746945472
350,2.0,-2.0,-0.24,1.8142677297919023,-0.8671896380074332,0.35255387167393065,32425.226172960003,32535.859950142352
351,5.0,-6.0,-0.27,1.6753019283098678,-0.9477988876548087,0.4566010115102961,22818.78935665809,22922.204018154145
352,9.049999999999997,-8.0,0.02,1.1577824575601283,-0.06655350533365255,0.46932215318406073,16140.22516068254,16215.599850576744
353,8.0,-7.0,0.25,1.2730745750099786,-0.14371102758582885,0.5264375772426056,13718.19801647474,13790.345448372704
354,7.0,-9.0,-0.54,1.1039189164054428,-0.2825607505422486,0.40276415238104446,18553.331742183,18628.185629892716
355,7.049999999999997,-6.0,0.6,1.6267384354237473,-0.3946673353340154,0.6426443715077006,22705.21839248877,22850.42227258615
356,6.049999999999997,-5.05,0.26,1.510519181580493,-0.40000225248104043,0.4973176705650106,16783.527561021132,16867.187945213565
357,7.0,-6.0,0.63,1.5301371506294583,-0.2687638348208124,0.6747369390477835,21900.33723281118,22047.767235383093
358,8.049999999999997,-10.1,0.42,1.4525984090896056,-0.2802090813538549,0.6186644109247048,18652.10477836827,18766.96430884921
359,8.0,-8.0,-0.67,1.19469271846559,-0.2627088863252118,0.3874799056433645,11995.945487569978,12042.302758554673
360,6.0,-6.0,0.11,1.468484071717746,-0.37069055458090655,0.606479069460425,25143.73221612394,25297.311511104184
361,8.049999999999997,-8.0,-0.22,1.090970158344027,-0.07541789508004171,0.48105831644223185,11263.096608204052,11317.317813694783
362,3.049999999999997,-3.05,0.07,2.2509762530167303,-1.038739460123951,0.5855649274608998,44874.10204153125,45131.80378266989
363,6.049999999999997,-5.0,0.55,1.5812194594136904,-0.28131380385054633,0.5809706071397357,14938.722175278717,15025.541292117903
364,8.0,-8.05,-0.27,1.2856378585435881,-0.2412658525162316,0.5559632370075704,19640.892167339454,19749.974973185468
365,10.049999999999997,-8.05,1.51,1.3691869025844785,-0.12588109961264143,0.696713178823139,17138.3224324353,17257.319214443993
366,10.049999999999997,-7.05,0.11,1.2960206659456923,-0.09472398065835475,0.5396010324454078,17426.444936074025,17520.512245095688
367,7.0,-8.0,-0.58,1.1314806360755236,-0.32059848283361975,0.39379536859075104,12478.106129080383,12526.894931209083
368,11.0,-10.05,0.41,1.2782558822554266,-0.14447242835430896,0.5617954649396877,15619.771396186796,15707.292019647577
369,4.0,-4.1,-0.52,1.3820066005768012,-0.7214015790401035,0.33437002718645453,18353.02801404065,18413.894252162492
370,7.0,-5.05,0.83,1.6500310781928962,-0.27106969747537935,0.6788530409665335,20918.131781318578,21058.660025073365
371,8.0,-6.05,1.06,1.3711183703469656,-0.07124274697520085,0.6636201983120285,17723.81382928628,17841.38017990538
372,7.0,-7.0,-0.56,1.2987864461777239,-0.4155368295115183,0.3851189496205275,12529.692668723235,12577.69760732422
373,10.0,-6.05,1.28,1.5203249081783197,-0.15427705425567545,0.6354154562310352,16484.969576812833,16589.693096118837
374,6.0,-6.0,-0.09,1.479830625767937,-0.5903535540554793,0.4399691762953045,17073.14505454146,17148.243065475675
375,6.049999999999997,-8.0,-0.83,1.067648738376126,-0.26357468472502726,0.37070686247317025,12058.357058182228,12102.781504443283
376,7.0,-7.0,-0.08,1.3100580508887891,-0.342287629565028,0.4483180930742853,14372.047594612546,14435.861745719067
377,9.049999999999997,-8.0,-0.49,1.2809324617224718,-0.24242881063131813,0.4090071771943341,12272.686994649255,12322.881276796672
378,6.049999999999997,-8.05,-0.38,1.0441462968126862,-0.2005068961562788,0.4146623923216042,10603.678312766357,10647.555587633942
379,6.0,-7.0,-0.3,1.2314431070246872,-0.48575371551332813,0.39841725305878384,14256.024649984005,14312.052581481117
380,9.049999999999997,-10.0,0.48,1.3274427557880573,-0.42901020947519203,0.5224621615771478,12780.330875856342,12847.074417042657
381,4.049999999999997,-7.0,0.1,1.4171032763847975,-0.6630382426699412,0.5562646512655837,21637.530326978205,21757.71598824569
382,7.0,-7.05,-0.57,1.2836866646383975,-0.5110733279564627,0.4063648096697517,15461.669901252393,15524.60457769718
383,7.049999999999997,-7.1,-0.41,1.2821822861213008,-0.3260958077526267,0.428697720151624,14455.028279787384,14516.754482923423
384,8.0,-6.05,0.61,1.4295040705137516,-0.10236783209743582,0.641502880915654,18286.592098861034,18403.47210552838
385,7.0,-8.05,-1.04,1.1415548300694205,-0.20882994954164455,0.3998900664607317,13416.473831185896,13469.82649136168
386,14.049999999999997,-10.05,1.86,1.2730953116257595,0.08097423283203738,0.6532969272514718,11846.666241387033,11924.019646559615
387,7.049999999999997,-10.0,-0.89,1.1454084698297673,-0.2718932103812354,0.43831406364972986,12932.308769714778,12988.8194985833
388,8.0,-7.1,0.39,1.153957490476921,-0.03381247601324771,0.5774834778210228,15093.055246814278,15180.17391961364
389,7.099999999999994,-10.1,-1.3,0.9751436623083611,-0.2560000635521217,0.34780410939948603,13053.406473289695,13098.969270878495
390,10.049999999999997,-10.0,-0.55,1.2984458864724213,-0.1318909180136854,0.5432997806969604,15890.196032130953,15976.531091827781
391,7.0,-7.0,0.12,1.3688463195094305,-0.44837780323123544,0.5040067013473901,17290.251517203225,17376.72728866831
392,12.0,-8.0,1.02,1.5238691484543994,-0.12106423968945365,0.6278470220553224,16130.568684674794,16231.786951861297
393,5.0,-5.05,-0.18,1.4979489573702431,-0.6455349180495138,0.44249182274955023,23234.491680378782,23336.911812998584
394,11.0,-8.05,0.11,1.367383903397021,-0.27678313506024416,0.4940419912840571,14992.628324800313,15066.614095671412
395,11.0,-10.0,0.61,1.2343835531670195,0.0380753829387668,0.6101128485873885,13704.666487728546,13788.224744461837
396,8.0,-8.05,0.18,1.2369686985525463,-0.272197008562672,0.537149895573611,15590.421781459992,15673.854119365138
397,10.0,-10.05,0.77,1.145119476533344,-0.0461847631907017,0.6201850201819531,13520.737961697534,13604.307659905327
398,8.049999999999997,-9.0,-0.42,1.2576377477150507,-0.29079552953788873,0.49401663206836455,14724.103168568814,14796.736316931127
399,7.0,-6.05,-0.12,1.2563343505109543,-0.2732770728945155,0.5092409237583125,17399.872908889185,17488.291522484436
400,5.199999999999989,-8.05,-0.67,1.1209723447600324,-0.3408421187189559,0.45964744777307615,15811.049090069746,15883.292789034485
401,6.0,-8.0,-0.18,1.2212479305741761,-0.556048575854658,0.47076317159261527,19492.697558449916,19584.645929308106
402,10.0,-8.05,1.17,1.198884300000378,0.016320885596760832,0.6297763082708293,11573.112666097844,11645.861482497485
403,2.0,-2.0,0.07,2.8457607269632734,-2.20016902776934,0.6245894947598035,47853.336489707726,48152.27825359771
404,5.0,-6.0,-0.29,1.0776216217522272,-0.24545331112418217,0.4295524175702676,15872.743989575729,15940.932836721513
405,5.049999999999997,-6.0,-0.37,1.3428373537418918,-0.39479207263869187,0.4242721216652929,19114.828795755428,19196.49245526356
406,6.049999999999997,-8.0,-0.91,0.953547612662985,-0.29657291706898764,0.3768992932656736,13563.45784373257,13614.51667521519
407,9.0,-10.0,-0.11,1.2429347133625643,-0.29380320927750997,0.5074449322372064,12385.699640733605,12448.311738551127
408,9.0,-9.0,0.38,1.1535785797570288,-0.15668264629402548,0.5456491824554021,12804.108760522673,12873.952157820251
409,8.0,-8.0,-0.22,1.099260573777482,-0.1579573646415676,0.4711752339349514,13153.244028082398,13215.053793187328
410,10.049999999999997,-8.05,0.51,1.2344863469574325,-0.08343230475231828,0.5364506470607074,12480.151191912058,12546.906512009276
411,7.0,-9.0,-0.27,1.1689939876489104,-0.3665343298968349,0.4882082038505002,15842.42558952405,15919.921910392519
412,7.0,-8.05,-0.77,1.2320986068053799,-0.27261420074570775,0.4282107433786736,15017.749963501354,15082.022951159608
413,10.049999999999997,-9.049999999999999,-0.46,1.35663356652227,-0.2946548277193645,0.44383792224245605,14094.45846920161,14156.925782087672
414,9.0,-7.05,0.57,1.20066511945023,-0.06214927618707198,0.5381408987978356,12688.898788223007,12757.023523270953
415,9.049999999999997,-9.049999999999999,-0.05,1.2680471200669268,-0.2602279239083341,0.46488528088175246,12620.172957705841,12678.717477982174
416,6.0,-6.0,-0.13,1.3281154228722023,-0.4872235419392479,0.4434401569524421,20789.917577846816,20881.65601871514
417,9.049999999999997,-9.0,0.18,1.2395473399124266,-0.18443754547215865,0.5130318690074561,13403.123526755322,13471.76557928441
418,7.0,-7.0,-0.23,1.0917423912156925,-0.18255563854567386,0.45823734839896757,14089.344192373024,14153.95915386639
419,5.049999999999997,-6.05,-0.48,1.1058692705175497,-0.3187671096647433,0.411238923185158,14208.758034363174,14267.286091281254
420,9.049999999999997,-10.0,0.09,1.4744319078379573,-0.42709485678549464,0.5614048326714781,18056.703163618615,18157.948528705325
421,5.0,-5.0,-0.12,1.449128734915529,-0.5443834591524025,0.47403776558387584,22129.810043973976,22234.74438170915
422,6.049999999999997,-6.0,0.39,1.4142066753917477,-0.2146067467082885,0.6117658100750317,18623.116767654625,18736.765014983102
423,5.0,-4.05,0.15,1.8548879240056735,-0.7799754150680868,0.5068183351980654,25203.848228545812,25331.786880018768
424,8.049999999999997,-7.0,0.62,1.5198077284290719,-0.2105114417641721,0.651092591105791,20412.89975854811,20545.414440782377
425,9.0,-8.05,-0.19,1.2633984414863437,-0.21636935651696984,0.4593760720734418,14737.210095926197,14804.828826032743
426,6.049999999999997,-6.0,0.01,1.29824122551169,-0.21226890345909266,0.5172636075222405,15243.583267409922,15322.134710473647
427,9.0,-10.0,-0.74,1.370874336369901,-0.3074475347562078,0.5061061235948129,16903.27623395141,16988.071597588198
428,6.0,-6.0,0.31,1.3944331561722925,-0.35140105064155025,0.5336251232155464,17294.756200288233,17386.989054334892
429,8.0,-7.05,0.05,1.3323422438471153,-0.2607004175549315,0.5465305085961978,19472.349807318762,19578.65337123182
430,7.049999999999997,-7.1,0.13,1.3471622833286225,-0.25347322403774925,0.5301186877816316,20810.333408531307,20920.783055208754
431,9.049999999999997,-9.049999999999999,-0.2,1.2786858734269981,-0.241890002039947,0.5030459588161275,11835.730702096671,11895.141402873553
432,10.0,-9.0,0.03,1.1654377217728291,-0.018798716369084204,0.5188139316510086,13905.587566882989,13977.862353520091
433,4.049999999999997,-7.0,-0.28,1.1931817590536198,-0.5824341937513362,0.4253441643214784,16444.75420918752,16514.962454452958
434,12.0,-9.0,0.55,1.270190219674686,-0.10072786716738386,0.5534439440525988,14003.780278377806,14081.228446060495
435,7.099999999999994,-7.05,-0.65,1.0279696846298019,-0.10968875166889211,0.4613803986385287,11618.238001208243,11671.881175789016
436,11.0,-10.05,0.57,1.3206011979434,-0.12325727163540155,0.5926636178502726,13316.880770516354,13395.698557426345
437,9.0,-8.0,-0.06,1.2837916033343595,-0.08206604708184577,0.5079654413943823,11777.690111176526,11837.525600003368
438,9.049999999999997,-7.05,1.28,1.3156928392924896,0.003472988381103646,0.6655953853554162,15056.102526466639,15156.227063443985
439,7.0,-8.0,-0.58,1.3653182921264484,-0.22606493052253213,0.46720249285291643,12831.355154290448,12891.390129695495
440,11.0,-10.0,0.72,1.367891821824401,-0.031626350307664294,0.6493806611140067,14319.252590986158,14412.020898750476
441,5.049999999999997,-6.05,-0.28,1.399280179034256,-0.4675912685857057,0.47775360531039757,14429.119108256382,14497.501151939108
442,10.0,-9.0,0.83,1.3561307006451662,-0.17830659142617328,0.629850875763052,14535.174067080376,14626.620614605614
443,6.049999999999997,-8.05,-0.36,1.110728281064092,-0.26443645613766803,0.4643365223001657,12342.612649297193,12399.92393934863
444,9.049999999999997,-8.05,0.56,1.3339727271121546,-0.19646744084806447,0.5846104348049539,14974.94240235799,15062.280423168815
445,11.0,-8.0,1.04,1.3050500224049522,-0.010059254744060341,0.5993032447401853,13566.089715949875,13647.02835261029
446,6.0,-6.0,0.14,1.364500794083702,-0.3269028677314144,0.5763893263862261,16934.39087201795,17031.451619026135
447,4.0,-5.0,-0.61,1.5064600186250046,-0.7433936875369435,0.27693865816588187,18457.11453305191,18508.259020849237
448,11.049999999999997,-10.05,1.38,1.197982612605512,0.030575873407030243,0.6444435190625468,11208.990560967057,11281.13859677063
449,4.0,-6.0,-0.61,1.2014686268966595,-0.7957616990656428,0.35629088978856716,17592.940184767835,17655.021048513496
450,11.0,-9.049999999999999,1.86,1.247077459345333,-0.0016118284227390745,0.7099265434140485,13760.578401927942,13858.348989815919
451,6.0,-8.05,-0.46,1.2146595874371444,-0.4898750935826232,0.4389049080883065,12780.538106998625,12836.713156653936
452,7.049999999999997,-8.0,0.47,1.2093793815464073,-0.08741185554327487,0.62035250366969,15675.395574829765,15772.672205555433
453,2.0,-2.0,-0.11,3.1440688520421243,-2.4283074998077234,0.34123725664913757,40145.80156434493,40282.25161251033
454,10.049999999999997,-8.0,1.08,1.3556273067048057,-0.04502877119298501,0.6740058394985666,14262.401028984053,14358.314553103111
455,8.049999999999997,-10.05,-0.29,0.9885297096465686,-0.051565867552531966,0.49549868265672864,12837.124562109078,12900.579075410731
456,12.049999999999997,-11.05,0.28,1.0513947316344832,-0.015526516011817417,0.48139415933958757,12569.770627533837,12630.266428751369
457,7.049999999999997,-10.05,-0.74,1.115530499436068,-0.3115199198697662,0.4291696051256244,11744.621169120472,11794.844037668558
458,8.049999999999997,-9.049999999999999,0.4,1.1666581493415464,-0.17441895332554216,0.5467483707699852,16355.576959449883,16445.00735985506
459,5.049999999999997,-6.05,-0.33,1.145103744359867,-0.3679831844541092,0.4642947009098172,14892.703724744904,14962.029048145527
460,9.0,-10.05,-0.81,1.2087425463143582,-0.2882357547571854,0.4551833570619291,15456.935701775588,15527.187864797756
461,3.0,-3.0,-0.12,1.9538634457779682,-1.0458492880693897,0.3928699986962826,21920.32463143872,22003.87293457922
462,9.0,-11.0,-0.68,0.9954911563656784,-0.07355539892151539,0.48857166730753543,11921.08137089108,11979.227285067313
463,5.049999999999997,-7.0,-1.02,1.2464751110892283,-0.4898909866861412,0.3462924465195033,14098.093093239015,14146.827276525826
464,12.049999999999997,-9.049999999999999,1.07,1.2430768438758335,0.06554390652065613,0.6328738249893088,12721.478489795572,12802.090658984846
465,5.0,-7.0,-0.19,1.54813379684889,-0.7401903980917032,0.43803347566416034,15423.265350144466,15490.118695134059
466,12.0,-8.05,1.94,1.3474766627887875,0.08270273701479186,0.6865986754454496,12779.832103818582,12867.531804847247
467,6.049999999999997,-7.0,-0.55,1.2275948034837438,-0.31908326324341474,0.42015569766041794,12230.09348397414,12281.442268742225
468,11.0,-8.0,0.37,1.3411724708386046,0.015237361937488697,0.6002448865478073,13031.618591665905,13109.711682744515
469,7.049999999999997,-8.05,-0.79,1.1345664016120256,-0.46542312395065977,0.35445640914033844,12126.49284329707,12169.244940581291
470,5.049999999999997,-5.05,0.18,1.3630176323814598,-0.530142534483231,0.49736015596144556,14687.284866724985,14760.37585324642
471,3.0,-3.0,-0.23,3.0599603009067042,-1.9055140079199688,0.24602871254005354,42043.09063303997,42143.04589013764
472,6.0,-7.0,-0.17,1.3200059253873277,-0.5249418961904228,0.4429083569303222,14126.703585746423,14189.204645831946
473,2.0,-2.05,-0.07,2.6904362241691,-2.2161649748529273,0.445310370596585,44953.288220768096,45162.190517835144
474,5.049999999999997,-7.05,-0.9,1.153215212390984,-0.4146798620642723,0.37342924829550567,14987.577392872932,15043.618392620712
475,12.0,-7.1,2.01,1.529974656061427,0.07244896769432288,0.7770619735355527,16818.935695971268,16949.195765987308
476,6.049999999999997,-7.0,-0.2,1.2395142600781905,-0.3686627572216542,0.46022807471853366,13971.835078812115,14036.014481295308
477,11.0,-8.0,1.59,1.321258432139571,0.1630510077134384,0.7484493337814784,14541.00945545887,14649.56453368127
478,6.0,-7.0,-0.29,1.2272093603503442,-0.233581006305373,0.45393755125954177,14390.207288350894,14455.118224470241
479,9.049999999999997,-8.05,0.63,1.60894968678342,-0.2311657057525961,0.7072144890665776,16805.403601579463,16924.492487597377
480,6.0,-8.05,-0.37,1.2982948082173928,-0.6639322806118557,0.4105720984422665,15397.102085115574,15459.751995207078
481,9.0,-7.0,1.29,1.4666374877258126,-0.12602024814640628,0.7047056927746462,17414.70889032759,17536.870456229273
482,5.0,-6.05,-0.81,1.2280880716193425,-0.49622283862196587,0.36880306491520237,15901.193059986106,15959.33834236394
483,8.049999999999997,-6.05,0.48,2.104473971801193,-0.513621999067018,0.7620747575731985,22175.38661102706,22344.11577794628
484,6.049999999999997,-8.05,-0.47,1.338671907287081,-0.47096019981503534,0.43244794051282504,14740.132326777537,14803.981824345898
485,9.049999999999997,-11.05,-0.96,1.1819376708185978,-0.29053579575767363,0.4071625903831967,12237.417144666644,12287.33266593571
486,11.0,-9.0,1.59,2.155918878866011,-0.34514194518456165,0.9244537793264683,17409.05797427305,17569.160481222192
487,5.049999999999997,-5.0,0.13,1.4352608032604508,-0.31655536566018644,0.5453049094593055,19567.24331440569,19672.647813447373
488,14.0,-11.0,1.05,1.8334373254207534,0.0019953044378595236,0.8584338945603194,13726.905300457955,13844.808877418298
489,6.0,-8.05,-0.73,1.1752569283915388,-0.5404152299480381,0.3925217327521805,14836.88889790803,14894.94046914121
490,11.0,-7.05,1.87,1.5373127347402946,0.22030739058760243,0.8786605934703554,14400.173602009028,14526.303595539335
491,8.049999999999997,-8.0,0.06,1.3703343874067602,-0.26451754448951187,0.49613404512676446,13015.259574999329,13079.68118113284
492,12.0,-9.0,1.4,1.7968564912189835,0.007882320149360592,0.9038442871064967,16417.682435132578,16565.505314682847
493,5.0,-5.0,0.03,1.1929626797506685,-0.4570811713555528,0.4709426747362366,16050.952747634867,16126.298201025475
494,11.0,-8.05,1.07,1.6991839268705689,-0.13378805064261765,0.7286530239538296,17411.2405201221,17538.137449818354
495,5.0,-7.0,-0.69,1.2153753290634675,-0.45091520918723144,0.37408308493209935,13775.886906396716,13827.244684061208
496,11.099999999999994,-9.049999999999999,0.96,1.5282004787116878,-0.10974217922928918,0.69276046501241,15407.387866990499,15513.760199090942
497,6.0,-6.0,-0.29,1.3962165923112912,-0.5046602726885072,0.4423459648842513,14520.372052827639,14584.539692874681
498,7.0,-9.0,0.08,1.3976420266764653,-0.39405980340955066,0.5520183418162303,19337.686581181173,19444.535623421772
499,4.0,-8.0,-1.32,1.0669656566715773,-0.51323819877602,0.28005758254067475,14623.99871561871,14664.798946316876
500,8.049999999999997,-7.1,0.9,1.263716240732746,-0.15567247061433911,0.6087580098993244,15611.003492009559,15705.7295714562
501,7.049999999999997,-6.0,-0.06,1.5464062064983468,-0.2633496446839697,0.4802720658925936,14024.182909233426,14091.34631881974
502,9.049999999999997,-10.0,-0.68,1.0317514581819818,-0.034592738302998284,0.457670304301266,12520.614633065818,12577.775045144763
503,5.049999999999997,-9.0,-2.13,0.9633031565876244,-0.4830193238912793,0.242407725220008,13509.702440581856,13542.345619472486
504,9.0,-9.0,-0.17,1.2320320650096388,-0.4061788091573331,0.45283971084307184,12684.120173664955,12741.693908814077
505,6.0,-6.0,0.45,1.7544294550620334,-0.6091754117060324,0.5982808546231121,22255.018578527244,22387.994750195077
506,7.0,-8.0,-0.66,1.0701285917073606,-0.18344992139256197,0.43219746732015374,13427.30780322673,13485.102288858816
507,9.049999999999997,-7.1499999999999995,0.32,1.0734434241619906,-0.09363779424171995,0.4892909777756229,14431.321349333297,14501.766537783502
508,5.0,-5.05,-0.09,1.6179327900031224,-0.7233751352156482,0.47549290692950036,21971.802059438065,22076.029775213086
509,10.049999999999997,-11.100000000000001,0.75,0.9487201261052662,-0.007985447588605955,0.5056589062039261,11302.342911832557,11359.577169459619
510,5.049999999999997,-6.0,-0.3,1.369495085002059,-0.48907646229789487,0.4334395438635944,18430.443048711357,18509.96196956839
511,9.0,-7.0,0.33,1.11837707262272,-0.01911284855260163,0.5180095894774914,14836.263775866526,14913.054307855557
512,5.0,-6.0,-0.44,1.2560746739724702,-0.4888427940169197,0.4179213385062631,18286.98923835352,18363.352473651998
513,9.049999999999997,-6.1,0.47,1.3030103721625699,-0.058305386576306635,0.5391866946287667,15700.418834314454,15784.842128508335
514,6.0,-7.0,-0.09,1.252773419485375,-0.3104056383646244,0.493637264909194,17144.55110109028,17228.566238680924
515,8.049999999999997,-8.0,0.58,1.342188168736511,-0.15338851015048519,0.5978925697972993,15718.976394752148,15812.330522605953
516,7.0,-8.05,-0.9,1.273160638232361,-0.5070527662444332,0.36855534346125823,16299.460267895241,16359.52570405343
517,6.049999999999997,-8.05,0.25,1.08809439900588,-0.21307711646283864,0.530558744291072,14228.232445877446,14303.568866732952
518,5.0,-6.0,-0.1,1.634591513728109,-0.7370937043192252,0.5245126529793055,21569.82148340473,21683.663061882988
519,9.0,-8.0,0.81,1.3823936896435374,-0.12505386054220097,0.610751152964943,18068.806224150336,18179.124134917904
520,7.0,-7.05,-0.14,1.6272014192204223,-0.3636895458450359,0.5674248338035386,18432.176765716416,18536.590178342183
521,12.0,-7.1,1.49,1.826582261824281,0.0120277182092689,0.8566138806634787,16429.165443002734,16569.958938212134
522,7.049999999999997,-8.0,0.03,1.3806233427650656,-0.3567248502228701,0.5473228968024393,15216.525359051666,15299.332414919585
523,10.049999999999997,-11.0,0.4,1.8716463052658499,-0.23359010893990675,0.7905285095766328,16733.29292402622,16865.393153244593
524,9.0,-9.0,0.94,1.4431718917246448,-0.24440855627824695,0.6717953816432757,13660.120054510795,13751.581711374904
525,11.049999999999997,-10.05,0.89,1.612573316473812,-0.04381949849574347,0.8650538578029224,14575.322025680693,14701.505844158943
526,6.049999999999997,-8.0,-0.32,1.2777596886784606,-0.29353662560058336,0.483114335154118,14611.609246298012,14682.098777078283
527,10.0,-9.049999999999999,1.39,1.9494397454725954,-0.1742306750676318,0.9408927294893823,17370.155818474366,17533.035918558453
528,6.0,-8.05,-1.28,1.0482589879876494,-0.3070952334893693,0.3687933096597956,13736.263385594017,13786.704408697004
529,6.0,-7.05,-0.25,1.1951810549580635,-0.43152747083040044,0.44204057212136016,16017.265823791471,16087.743346920804
530,9.0,-7.0,-0.58,1.5799562822103326,-0.353623838711126,0.4300585267502285,16275.281086378207,16344.884391374626
531,9.0,-7.1,0.97,2.2637867738425523,-0.4360267148727478,1.0285312982192278,20463.971853182942,20674.7169290505
532,5.0,-5.05,-0.94,1.2900399198510306,-0.5278022311816561,0.32891542162306026,18623.617780271405,18684.025650474963
533,10.149999999999991,-8.05,0.94,1.733738406133339,-0.0014847025192553753,0.9213044318198452,15384.877906396478,15526.132871849519
534,6.0,-7.05,-1.01,1.2131692139431693,-0.4091909270158886,0.3558798238319194,15608.992570616128,15664.117500552109
535,11.0,-7.0,1.97,1.5753133973890963,0.132104384506976,0.856778388124299,15549.340502496176,15681.907150406765
536,7.0,-8.0,-0.58,1.41560404459463,-0.5226832180529349,0.49371645466307046,15868.957635654946,15947.049145575324
537,6.0,-6.05,0.11,1.444348411785461,-0.3009743981316149,0.5852443669629204,21819.3913550065,21946.59460843975
538,7.049999999999997,-7.0,-0.77,1.3663288944919183,-0.5086441208902883,0.392859390552954,17274.636507504452,17342.07214799562
539,9.0,-8.0,0.97,1.488832098612742,-0.019161747047074587,0.7546766179832347,15620.584339762787,15738.180443480527
540,6.0,-6.0,0.12,1.5802692724269385,-0.6283105694653572,0.5206783961615745,20433.596016828713,20539.75694541307
541,11.0,-9.099999999999998,0.85,2.006016320429629,-0.04394605060692093,0.9144591996805532,17528.005405490017,17687.64020089227
542,8.049999999999997,-10.0,-0.8,1.0927831867179165,-0.15545090160495487,0.43609175308757403,11974.290559139383,12026.396198143973
543,8.0,-8.05,-0.1,1.8964065239983623,-0.38264310715051175,0.8663802810018393,20551.4940682765,20729.90296717489
544,6.049999999999997,-9.0,-0.74,1.2076360393170709,-0.3300826819210439,0.42411648581186945,14348.819157320086,14409.439629778351
545,11.049999999999997,-8.0,1.6,1.9102193343707192,0.16503601591159728,1.0000160926650394,15599.52974970555,15755.331184741535
546,5.0,-7.05,-0.54,1.1483466584930493,-0.35750294548292966,0.42091656466791993,15146.77719793238,15210.34102096919
547,10.0,-8.0,0.77,2.428706935519829,-0.34668898649246094,1.0211412902393833,20810.39749344329,21023.481133357403
548,6.049999999999997,-10.1,-0.68,1.0482569114160931,-0.3467054163064126,0.4466017990425676,11185.059221164587,11235.035386130923
549,9.0,-8.0,0.47,2.4770392782370294,-0.5884685598413346,0.9853566325040731,23610.722645210637,23842.170336577045
550,9.049999999999997,-9.099999999999998,0.73,2.008720147237568,-0.3065075366787425,0.9313675909984958,19531.591756905906,19712.19342561007
551,7.0,-9.049999999999999,-1.08,1.1787123937072213,-0.3318740463726203,0.4141652490426723,12964.36629653566,13017.657098438507
552,12.0,-11.0,0.98,1.81827225161715,0.06111866419656981,0.9368286991657917,14754.393119775974,14892.808875936496
553,5.0,-5.05,-0.3,1.2687363537283078,-0.24471681932743047,0.48185210640639886,16965.758967492053,17047.064165170017
554,8.0,-6.05,0.85,2.6836766535617067,-0.522188347236987,1.0087713631178203,22491.156538277122,22716.829300362417
555,9.0,-7.05,-0.08,1.2398605410796606,-0.09353848754538914,0.4825585622647195,11646.57794843737,11702.663258327515
556,11.049999999999997,-9.049999999999999,0.96,1.9991019784698736,-0.10335093176735585,0.8703731057074612,15691.28103564526,15827.408248816868
557,7.0,-8.05,-0.34,1.1964089083316138,-0.3069074100713978,0.4514095612354074,12422.981937873385,12478.843677708943
558,9.0,-9.0,0.74,1.405618661885443,-0.15299416631839044,0.656442593505149,15341.58777444659,15442.200740416325
559,8.0,-9.149999999999999,-0.1,1.2586157180905717,-0.23096933048801171,0.5015504667177898,10569.367703396836,10622.22749151058
560,7.049999999999997,-7.05,-0.12,1.5222283777878953,-0.3680316114982634,0.5412739872396234,18830.62451507752,18932.08970383275
561,6.0,-7.05,-0.43,1.3110484621521592,-0.5385575160419314,0.4463976280353552,14151.997631660695,14214.74355328516
562,9.0,-5.0,0.84,1.507578452841332,-0.057621624898387624,0.6141020642719189,17760.59543168678,17869.47415825685
563,6.0,-6.05,0.01,1.1930669538732883,-0.17193486701529612,0.5400287553014134,12670.939093530447,12739.380658036403
564,7.0,-7.0,0.16,1.2838543359398042,-0.3203051351952111,0.5101293785112265,17484.8751776391,17573.42423137366
565,6.0,-7.05,-0.84,1.1667896901899564,-0.3159891954378358,0.42899270177080245,13122.68797056306,13178.98930801376
566,8.049999999999997,-8.05,0.17,1.3732517271777138,-0.18118847968141344,0.595373969624172,14895.257264403153,14984.166499761188
567,8.0,-7.05,-0.53,1.2810371154073612,-0.33145562674683954,0.4190659631477789,13094.18395692393,13149.144594079706
568,10.0,-7.05,0.31,1.6967862835243277,-0.13202733942773173,0.6434623191501261,15160.888918441718,15258.337441376616
569,7.0,-10.0,-1.04,1.2718167878498439,-0.6054615069998852,0.365579874276292,14031.717085209226,14083.223189206763
570,11.0,-7.05,1.31,1.960789291774596,-0.09685319214609305,0.8786067754960188,14811.04766587647,14941.173101629533
571,4.0,-5.0,-0.44,1.3853092952255888,-0.5159144789621384,0.39229976940833144,15276.093779518518,15335.61933102151
572,10.0,-8.0,1.13,1.7737268503764168,-0.1694412369384854,0.8010697713671294,16105.006648979706,16233.71674505408
573,8.0,-7.0,0.08,1.3517081414858183,-0.18900879801037135,0.4994210928796513,11591.907939263245,11649.61948230916
574,11.0,-9.099999999999998,0.76,1.9723668294392191,-0.3492014427674746,0.8911076531714606,17204.186096270838,17356.8129511765
575,7.049999999999997,-9.0,-0.73,1.1828136676815415,-0.2577733050323562,0.4139972008411836,12269.369981796413,12319.962319151373
576,4.0,-4.0,-0.34,2.5452863265633843,-1.163395459026995,0.5754700746729144,38345.19587205127,38565.31817120882
577,8.0,-7.05,0.2,1.91727436110865,-0.30064444711658844,0.7785707962703705,19369.342681421957,19519.212374533967
578,6.049999999999997,-10.0,-1.7,0.9093087009395002,-0.23611470783316463,0.3420084715463305,9442.839328836339,9475.042802241565
579,8.049999999999997,-9.0,0.47,1.7452682859200286,-0.3903285628193048,0.7850307093051053,17589.479609485377,17727.139325561016
580,5.049999999999997,-7.0,-0.19,1.1860054777244362,-0.4183864344208513,0.4633573928091482,13324.519444012682,13386.008674739045
581,9.0,-6.05,0.91,1.5786373225525718,-0.019574275692637047,0.7421751185290456,15788.671525358097,15905.244074845528
582,7.049999999999997,-9.049999999999999,-0.49,1.0976793630352506,-0.3721837075424569,0.42614423556649095,11651.797431806433,11701.404970787806
583,7.049999999999997,-7.0,-0.29,1.5295905404425305,-0.19900356493207425,0.5904978006668519,15556.09601237579,15648.144467662894
584,6.0,-6.05,-0.4,1.3098485129685054,-0.4277453127054965,0.42017632983835446,12738.491574817486,12792.102851660957
585,9.0,-6.05,0.76,1.5326087659458352,-0.20205686288377464,0.6234775770301689,15577.970793235108,15675.63874355416
586,4.049999999999997,-6.0,-0.17,1.2867848656894219,-0.6330333533277545,0.47649166404547477,14133.748975305461,14201.122259819924
587,7.049999999999997,-9.049999999999999,-0.41,1.3353804539583227,-0.31630019663125364,0.5841399313393905,15073.323926726158,15161.561325779878
588,10.049999999999997,-9.049999999999999,-0.12,1.1511772495589991,-0.1220677011831175,0.47987392345232693,10024.34661145494,10072.397989006951
589,7.0,-7.0,0.3,1.3221108648936737,-0.19213514735279014,0.619725459182144,16250.193267107428,16350.651389325638
590,8.0,-8.0,-0.5,1.293986925796208,-0.3350753077205644,0.460290789457884,11706.840391679718,11760.560018159675
591,7.049999999999997,-5.0,0.53,1.6169085352267014,-0.15645912119923114,0.6383218001923671,19157.381291390593,19279.59850760788
592,7.099999999999994,-9.049999999999999,-0.68,1.232176227804344,-0.35055002125138834,0.43011569930077087,11483.523325097507,11533.103437447011
593,6.0,-7.05,-0.13,1.3320824136264675,-0.47659258360266943,0.53077633571715,18163.66795540882,18259.6396942934
594,6.0,-10.0,-1.12,1.0049632924195158,-0.32603778262568944,0.4019559169384508,10585.309172528097,10627.380576379886
595,8.0,-8.0,-0.1,1.2514044460953233,-0.2301649843314365,0.5416392296121395,14306.77985333547,14383.858412290781
596,7.049999999999997,-10.0,-1.15,1.0650368269507688,-0.27628145402875354,0.3834808906683336,9050.114192027962,9084.927918342386
597,12.099999999999994,-9.0,1.37,1.1420712598591152,0.145673510066583,0.6045132939579715,11073.026596777258,11139.926146774003
598,6.0,-6.0,-0.81,1.499403164906113,-0.6052940832957023,0.3392001350841815,16070.347847209556,16124.859273105942
599,10.049999999999997,-8.0,0.56,1.5310718143478466,-0.0999847458673653,0.6487317778338955,13713.011123542916,13801.756042033036
600,5.0,-5.05,-0.33,1.3662489848149724,-0.37479978520770446,0.4449695922586919,14649.264076587475,14713.928289229176
601,4.0,-5.0,-0.47,1.4378461353308538,-0.48707634373379277,0.4790304228034128,22473.86721669368,22581.00010995309
602,9.0,-7.0,0.37,1.661120443758467,-0.3075735119864567,0.5666912826012949,18588.617907017982,18693.805711146862
603,8.049999999999997,-9.0,-0.76,1.2047753833063823,-0.1307568133391951,0.5248531777162683,13846.61108723025,13919.275532420826
604,7.0,-10.05,-1.54,0.9364103463024974,-0.3638671203430509,0.3406060427359649,8367.692906589029,8396.29346380511
605,10.0,-8.05,0.22,1.2193093629366658,0.03159525556193682,0.6006937390559816,13822.348252784144,13905.433925824324
606,9.049999999999997,-6.05,-0.12,1.327471687766147,-0.02777439016395612,0.5451389005423061,15724.247163100914,15809.586157041973
607,8.049999999999997,-7.05,0.87,1.2414018496910078,-0.15962360578823423,0.6115237039167211,16676.573226579596,16778.181662423634
608,7.0,-9.0,-0.84,1.1772657887266136,-0.4204928856395761,0.4020396586026153,16571.20349807619,16637.525997349072
609,9.0,-7.0,-0.07,1.0223013192755481,0.06305358605188309,0.48330542284737066,13285.656458861755,13349.744063604707
610,7.0,-9.0,-0.4,1.0640024857448713,-0.1526206199180489,0.4649638579627091,14490.183268846562,14557.457207583044
611,9.0,-11.05,-0.21,0.9700945801746591,-0.1298863940296738,0.46419461093704106,12353.82410892041,12411.08125779425
612,9.0,-8.0,-0.27,1.090848531308926,0.014079683998790235,0.5056043955821113,8883.515537460728,8928.389829035776
613,7.0,-8.0,-0.11,1.1638288703298563,-0.22225262733431286,0.5033175130226176,16427.143655397485,16509.868355219904
614,6.049999999999997,-7.0,-0.99,1.1569654649255008,-0.23530571825906377,0.39997108793620056,9973.727441641446,10013.662654603659
615,8.0,-9.049999999999999,-0.28,0.9875865005247049,-0.0788124161560679,0.4786831684288554,12673.091497100671,12733.73490977742
616,7.0,-11.0,-0.94,1.0575716092596568,-0.2744256660971138,0.4299279195363263,7169.574874263939,7200.340350228187
617,6.0,-8.0,-0.8,1.040740816540455,-0.21879131311267272,0.4359340369619557,13867.11541646734,13927.632647924269
618,8.049999999999997,-9.099999999999998,-0.79,1.178417385030645,-0.2675279934286306,0.42709974765196285,14553.166635362499,14614.986544701356
619,7.0,-6.05,0.17,1.341927946405841,-0.29418586693221616,0.5125403732930518,18020.87375009342,18113.083067269676
620,7.049999999999997,-11.05,-0.72,1.086648568834849,-0.4088112409969265,0.4511052259807067,6539.737110346363,6569.0503702348105
621,6.099999999999994,-9.049999999999999,-0.76,1.088330725776205,-0.2876896916081546,0.41163017059305496,16503.11454513213,16570.307132065027
622,9.0,-10.1,-0.22,1.212815106901262,-0.3550659045621647,0.4792757480741997,15054.47444180484,15126.514324327221
623,6.049999999999997,-5.0,0.13,1.659424368820273,-0.586920540050411,0.5178251647374005,13196.710256382139,13264.301888592483
624,10.0,-6.05,0.85,1.8370851015420528,-0.19711219227672402,0.6704207209180971,17692.357708649997,17810.064096660608
625,9.049999999999997,-10.05,-1.09,1.0927507760500654,-0.05862146355954819,0.45983016873721266,7242.214533767771,7275.470561232656
626,8.049999999999997,-7.0,-0.09,1.1591690955077192,-0.06686348740209234,0.506098610149184,13409.07559772546,13477.102450869934
627,7.0,-7.0,-0.28,1.3918017837180907,-0.4293110460979355,0.45295236459962934,18683.52634127918,18767.73412723632
628,7.0,-5.05,0.0,1.2781125461050973,-0.09007945883178986,0.5445958216616533,16818.815030036047,16910.31055301987
629,6.049999999999997,-6.0,-0.12,1.7355192275197981,-0.46331828564560584,0.5136324840084349,15225.705437946564,15304.084413414981
630,8.0,-8.1,-0.57,1.0110540102583625,-0.09888908633141053,0.43477407659691963,13850.455340914039,13910.689089870972
631,6.049999999999997,-9.0,-1.35,1.1815127149869338,-0.2530945156438045,0.4011848803428243,11314.809280257956,11360.059670320865
632,8.0,-8.05,0.54,1.1105593637244786,-0.14668360164411912,0.5111306865241222,16348.777816462589,16432.04962929874
633,4.0,-3.05,0.3,2.0162764444443666,-0.7918855644574265,0.6210037879309473,23151.069025436853,23294.924267757153
634,9.0,-8.0,0.22,1.131870277251599,-0.10226875139607522,0.4873721581473947,14580.143266752248,14650.939117613987
635,12.0,-9.049999999999999,-0.46,1.1454925710565147,-0.047775728203229846,0.5007008053272041,9333.68749000444,9380.248860942787
636,7.0,-9.0,-0.8,0.923896933208673,-0.08471179107318848,0.4281416600925735,12777.148919671068,12831.765843586645
637,6.099999999999994,-6.0,-0.09,1.3388123498044855,-0.159008572501878,0.525208057684408,12830.29898334154,12897.385417049194
638,9.049999999999997,-9.049999999999999,-0.69,1.0912121299957045,-0.15404675899143574,0.4296591440921609,10130.796789927948,10174.278383241424
639,5.0,-5.05,-0.07,1.1459468311594643,-0.336222357582475,0.4627177271226302,19938.6734485878,20031.095515208704
640,10.0,-11.0,-0.42,1.1912859346158517,-0.31846712115911274,0.454395623651338,12564.430425847655,12621.394678790071
641,6.0,-7.0,-0.93,1.1934485055418764,-0.32670552096397076,0.36212075738545507,13404.104131860027,13452.564997070353
642,7.0,-8.0,-0.96,1.2023874572441955,-0.28122584278839763,0.4084915373628709,13373.36897338813,13428.296785796532
643,5.049999999999997,-7.0,-1.07,1.361510889657881,-0.6163168647155693,0.36256973812932825,19010.867661130746,19079.516033996144
644,6.049999999999997,-8.0,-0.64,1.1550999321436635,-0.30998652888673633,0.454201245991321,13228.952018285847,13288.95241410638
645,9.0,-8.05,0.72,1.4845627040156757,-0.10751397780662428,0.6280758836614706,13620.754754580064,13706.305522115379
646,7.0,-8.0,-0.25,1.4134627934373702,-0.6055510121692569,0.4530634373286204,15284.690579393548,15354.142264693708
647,6.099999999999994,-6.05,-0.32,1.2348772951643954,-0.11918872577825491,0.5442777946048183,16292.678150432652,16381.234458399249
648,5.0,-5.0,0.01,2.1426153761540054,-0.8094881273316467,0.6567305133404641,28458.03470800463,28642.93301443456
649,5.049999999999997,-8.05,-1.33,1.0283004448493003,-0.3065774878741731,0.37369546106332807,12014.969642732685,12059.658943908527
650,6.0,-6.0,0.21,1.9980658924858998,-0.6074386818063415,0.630798425522909,27634.420938619216,27805.19069309568
651,8.0,-10.0,-1.02,1.2628206433768068,-0.1898986374054809,0.48434138458754455,15310.997900226857,15385.00761146999
652,7.0,-9.0,-0.72,1.0635137052706396,-0.31911601803918055,0.4286673554512025,10988.663628930502,11035.478612194094
653,8.099999999999994,-10.0,-0.14,1.2457766600978855,-0.4035319886357492,0.4921142124303933,14629.44262359926,14701.099471689678
654,7.0,-9.0,-0.91,1.2561928286008126,-0.3370567210066713,0.49841475898696413,15624.2055183568,15702.146756409778
655,8.049999999999997,-7.05,0.48,1.2823145058355334,-0.09198534152559541,0.5646751630943962,10703.31184648405,10763.487746315635
656,11.049999999999997,-9.049999999999999,-0.02,1.4378144765463337,-0.1297276748074369,0.5408078494555053,10661.028693189803,10718.40423465605
657,8.0,-7.05,0.71,1.5001951878404791,-0.36578965550805154,0.680445220141208,16846.550783088034,16961.240217688995
658,9.0,-8.05,-0.32,1.3218734390807112,-0.19391681733566604,0.4751666112511026,14625.082720416965,14694.182607853454
659,10.0,-10.05,-0.35,1.4184282081035446,-0.5089462258412125,0.47355878082820013,15945.822808494417,16021.22822236886
660,10.0,-8.0,0.89,1.3709579425720793,-0.06274864025427383,0.6029869172576982,14470.53155652599,14557.87056632152
661,7.049999999999997,-11.0,-0.34,1.1120025308152428,-0.30936908758101866,0.4721713990860813,10696.34673086776,10746.758487446392
662,8.0,-8.0,0.26,1.280559350879133,-0.1757115566944294,0.5664365005518779,14833.57253102541,14917.502902715469
663,7.0,-6.0,0.73,1.3565333343812187,-0.25230925149054506,0.6146642874110254,15851.054819956138,15948.360993595672
664,7.049999999999997,-7.0,-0.33,1.23919859506952,-0.20731370137858487,0.4822522336076427,13336.973387838596,13401.303087668499
665,7.049999999999997,-7.0,-0.13,1.457437877922276,-0.17649208837949174,0.545341192216021,16776.734937041547,16868.257300095902
666,7.049999999999997,-8.0,-0.08,1.3427294363211117,-0.2643416511455945,0.527966852356746,12740.816454779124,12808.148818737503
667,8.0,-8.0,0.39,1.7481625818778443,-0.25480447921402744,0.7040975134413548,19412.772037184975,19548.9019520629
668,6.0,-5.0,0.38,1.6014902517963496,-0.37214642373073037,0.5950431055868736,17519.426152577897,17623.751525533207
669,7.0,-4.05,0.98,1.8553698888030368,-0.06558202466450623,0.787733817872778,20466.637062082827,20626.821497539273
670,5.049999999999997,-5.0,-0.01,1.2733862062474193,-0.21430491665790236,0.509268259485916,14740.325688991988,14814.864317653373
671,9.049999999999997,-9.0,0.36,1.6538811779728642,-0.32591994125018164,0.718054665297401,16443.060273789688,16560.62116352189
672,6.0,-7.0,-0.4,1.6043856176930804,-0.7319463546288086,0.4241321643031478,17020.667679199963,17092.050014097305
673,9.0,-8.0,0.5,1.6956811533997485,-0.166395721910538,0.7073944540124633,15854.80006831135,15965.963380101817
674,6.0,-5.05,-0.14,1.7539138138095036,-0.8193040508201209,0.5015551399542459,20321.670940104876,20422.876604522673
675,7.0,-7.05,0.08,1.332440209821518,-0.1691822313376947,0.6317618211192526,15886.222232302978,15986.48549320267
676,5.049999999999997,-5.0,0.43,1.4365065335826448,-0.2048785095648678,0.5865754593472898,16958.75539844511,17058.575970897786
677,7.0,-8.05,-0.43,1.444494193463117,-0.3716491789437593,0.5903997628002738,14834.57497773882,14922.32830146468
678,6.0,-6.05,-0.3,1.3139175176313482,-0.20615880889910992,0.4761843783684563,14564.484696039915,14633.509580051403
679,9.0,-9.0,-0.15,1.6273828200012623,-0.4732946255627808,0.6189584354836338,16225.509850730152,16326.347133586904
680,6.0,-6.05,-0.6,1.1791605701546908,-0.42936191387530165,0.42629460468321684,14411.429472367896,14473.191835620193
681,7.0,-6.0,0.05,1.5305496885153302,-0.12344818039101359,0.6229529229922277,17003.715347967805,17109.42885216026
682,5.049999999999997,-6.0,-0.23,1.174138404174091,-0.30192583336997253,0.43811207670918234,15125.357185986377,15191.401384396064
683,6.0,-6.0,-0.34,1.982792595522107,-0.7271744266822378,0.5754040269740193,26248.446098948134,26396.659936733395
684,6.049999999999997,-6.0,-0.09,1.1633497216996969,-0.08228670426217968,0.5073992237891062,13218.492333929089,13285.423802039739
685,3.0,-3.0,-0.06,3.4402711458805806,-1.9214746489611851,0.6214016639805806,41759.348393519416,42018.69575259556
686,7.049999999999997,-8.05,-0.88,1.371233983854473,-0.32600590462036855,0.43073114797610684,13920.136879094038,13979.919821891686
687,8.0,-6.05,-0.05,1.6173161453268854,-0.01886677255824932,0.7262486455919206,16702.90663764638,16824.10842789319
688,6.0,-6.0,-0.25,1.761545620551607,-0.617141675437594,0.49853040749036803,19110.14185577297,19205.335469933507
689,9.0,-7.05,1.13,1.8490881090172997,-0.13156010689422185,0.8384149601235823,17120.172036476084,17263.471913091955
690,7.0,-7.0,-0.09,1.4224104445446948,-0.25422730158024154,0.534954994330547,15830.255499194815,15914.775012344688
691,9.049999999999997,-7.05,0.26,1.8446943200135302,-0.15678685573653234,0.7386514554576539,15530.167870764313,15643.860271405403
692,5.0,-5.0,0.42,2.1267856939101293,-0.794471980560185,0.6977907713223874,25080.852278710194,25254.319197902674
693,4.0,-5.0,-0.51,1.5095946478013504,-0.7304820207796153,0.41153172669003146,21320.876362729807,21408.326765446356
694,11.0,-9.049999999999999,0.92,1.8774546371710414,-0.19002111909111413,0.7951482098265232,13717.788735472095,13826.907521503621
695,5.0,-6.0,-0.45,1.4074621238592058,-0.5133368376480301,0.4517304285759814,17338.881285489326,17416.904597059794
696,9.049999999999997,-7.05,0.13,1.73748227033886,-0.11745318251108049,0.7126016916297517,16506.033372078567,16623.141978203406
697,5.049999999999997,-5.05,-0.07,1.5204802633387975,-0.5062859666435116,0.49617170838853686,18898.959310389342,18992.014052218103
698,9.0,-7.05,0.43,1.4917693854127207,-0.15732680647647845,0.7018100581139345,14824.478604180173,14928.582207675947
699,6.0,-6.0,-0.24,1.5998237772277755,-0.524803946614234,0.45429659818488666,19034.653752215854,19120.826839494748
700,9.0,-8.0,0.46,1.502493780441395,-0.0765175332884368,0.6921168892740026,15456.530403668201,15563.17688091158
701,7.049999999999997,-6.0,0.81,1.4582309829210127,-0.28449610154869714,0.6462425148244811,15531.647504236269,15631.47213775065
702,8.049999999999997,-8.05,0.23,1.6366225777617094,-0.2613536432635216,0.6868583852226939,16744.345050790536,16859.456633217396
703,8.0,-12.0,-1.05,1.3420373375146508,-0.5529238383638486,0.4426907172867773,13650.789131136198,13711.524301972437
704,11.049999999999997,-6.0,1.51,1.9750168914307917,0.04410206394138714,0.9302716104556586,17338.399141864968,17498.97794395713
705,7.049999999999997,-8.0,-0.79,1.1191931880675123,-0.28675009240360017,0.41273130157124405,12664.275121731735,12716.499713810304
706,13.0,-10.0,0.65,1.8374798133616734,-0.09995744912082584,0.8079171472390392,15362.487914897169,15486.04422638097
707,7.0,-9.049999999999999,0.04,1.1733162447561312,-0.28993755235231844,0.4940591999091415,12428.746812776037,12490.371029813841
708,11.049999999999997,-11.0,0.73,1.875907836384266,-0.3041326580165604,0.8403891982634591,15410.2923709981,15538.943242018486
709,8.0,-8.0,0.09,1.3320725795055217,-0.36888097014656557,0.4981873886720939,14356.403428101086,14427.855412046287
710,11.0,-7.05,0.8,1.7063471904003347,-0.11320778400373724,0.7675539681263028,15678.353136624792,15798.023275486543
711,9.0,-9.049999999999999,-0.77,1.1987638472502644,-0.3380826718722154,0.452153357009938,13569.559691983894,13630.738078064776
712,7.0,-8.0,0.27,1.5364110988694677,-0.18186696407125594,0.7201806825271726,17089.97771280689,17212.59109562809
713,7.0,-8.05,-0.03,1.2557076986629654,-0.22347232577891035,0.5427773939757516,13491.884946486856,13564.949311039003
714,10.049999999999997,-9.049999999999999,1.06,1.8073457354321039,-0.09074597693265378,0.8869025941269806,14096.422247204639,14221.392626743931
715,9.049999999999997,-9.0,0.55,1.3371759582709122,-0.23709175256740242,0.5971363591224462,12494.451581374451,12568.668533133005
716,10.049999999999997,-8.0,0.49,1.5919080838847024,0.10673770454644661,0.7975102515558445,13391.642059685582,13498.381241443169
717,6.049999999999997,-6.0,0.11,1.519569910290021,-0.43264858469656037,0.5240079089275496,17935.745786980922,18029.793720732254
718,11.0,-6.05,1.32,1.9157675544448727,0.04347404150124016,0.9343075070763126,16140.458440995244,16290.867559760334
719,7.0,-8.0,-0.17,1.5692213907843642,-0.8002613421458837,0.5012779932874296,17625.753850364435,17713.668675331854
720,10.0,-12.0,-0.03,1.7048121334935078,-0.3399857594398093,0.7876137526486267,15204.698872633455,15323.68079173521
721,6.0,-6.0,0.16,1.5688684838601394,-0.5200722555184519,0.5236084682236681,17297.0762319857,17386.79053264173
722,10.0,-10.05,0.25,1.6889529030909332,-0.052815401990727665,0.817784847085656,15231.64922158844,15355.942418648132
723,7.0,-8.0,-0.53,1.5538503845801506,-0.5119134143694636,0.4249045256329461,15963.979799981002,16030.648357117663
724,10.0,-9.049999999999999,0.68,1.7368943290991523,-0.10952274002837545,0.8466176946534216,15941.239950119698,16075.739825704233
725,6.0,-4.05,0.15,1.455952116846315,-0.32663708511981926,0.5229572873003788,19179.9280805226,19279.358224158834
726,10.0,-6.0,1.13,2.2187615537981737,-0.14431467758076397,0.9997515020886734,19992.49524254867,20192.989581466558
727,5.049999999999997,-5.0,-0.16,1.71284124399111,-0.5955328314194652,0.48586054206777646,20932.38990249259,21033.351017941408
728,11.0,-8.05,1.3,1.8355570940499903,-0.0663689386885487,0.9280735932374253,13561.480031577412,13687.070212079188
729,4.0,-5.0,-0.11,1.5520703543426335,-0.6470276914890112,0.4734353266900336,23063.204026772175,23172.14874101444
730,7.0,-6.0,-0.31,1.5660129390971234,-0.5031121033990231,0.4529886705677802,16311.817658402768,16385.391387677864
731,9.049999999999997,-9.0,0.4,2.336123919322537,-0.5403532518367314,0.8714706581049224,19671.897886598206,19842.70701632082
732,6.0,-5.0,-0.17,1.6009403835896314,-0.5396057521196158,0.47661219927445636,19734.617418594025,19828.0549602502
733,6.049999999999997,-6.05,-0.37,1.6302413080231828,-0.4488066986291549,0.47268266787834007,18077.870247422205,18162.80773297726
734,6.0,-6.05,-0.15,1.6166099977338624,-0.7762084848629651,0.44103792179655293,21210.189810894182,21303.10499671528
735,8.049999999999997,-8.05,-0.35,1.135826400609434,-0.2696073495348545,0.436797793933745,14082.678610037437,14144.094181978355
736,6.0,-6.0,0.09,1.4206656973925038,-0.433972050582501,0.49362351607046945,17869.555156000286,17957.865035312683
737,4.0,-6.05,-0.51,1.4685708505350676,-1.0397770412340106,0.37595735078352194,22796.97621699648,22882.64586365828
738,5.049999999999997,-7.0,-0.34,1.412505161729707,-0.7415160952390945,0.43117401218108675,20378.366450373425,20465.550936013995
739,3.0,-5.0,-0.4,1.4693796790221838,-0.9442701937015672,0.3637303811771688,25066.56828198326,25158.576066002184
740,6.0,-5.0,-0.3,1.3955258412136373,-0.42963825871982886,0.43951643436412674,16674.834107754294,16747.83483648578
741,6.0,-7.0,0.4,1.4935749114269488,-0.49001834050678755,0.5578186369043014,17692.228819407166,17791.31035606612
742,4.049999999999997,-7.05,-0.9,1.347166827112947,-0.6049350849397315,0.3440482586841743,18223.905673080943,18285.67676512458
743,6.0,-5.0,-0.23,1.1958203895466033,-0.20728254827059,0.44929624046497707,16965.132831946466,17041.19467504603
744,15.0,-11.05,1.68,2.031801762943113,0.1291585890225063,1.059161712680758,13078.576107855912,13216.536703853144
745,7.049999999999997,-8.05,-0.06,1.2602105816181752,-0.36895711845303986,0.47331142068158855,15406.531195028198,15479.036477578818
746,7.049999999999997,-9.0,-0.98,1.3149959125215542,-0.5918050262306783,0.37760102509025756,16093.320372230573,16153.27221995743
747,12.0,-9.049999999999999,1.22,1.9050688167207512,-0.0538743673470968,0.895234123710589,17455.404109102183,17611.11299135095
748,9.049999999999997,-8.05,0.54,1.1328874368949235,-0.10356046851989056,0.545012951065885,11930.398555888627,11995.354275167385
749,11.049999999999997,-9.0,-0.14,1.3494061502871075,-0.08896220909207805,0.5509023412967988,12570.234111479536,12639.432004366383
750,12.099999999999994,-6.05,1.79,1.9561287232542848,0.15816941573405666,0.9640035597873277,16293.821311867616,16450.575807939917
751,7.0,-8.05,-0.67,1.3896811511631237,-0.42011233251985924,0.46867647159398373,17514.034451586707,17596.239858361398
752,9.0,-8.0,0.76,1.4294968355973166,-0.13920129478629886,0.6338238411238946,13416.11775542031,13500.71689290782
753,9.0,-10.0,0.45,1.8746661655336638,-0.3842945156155079,0.7592277115305273,18143.197381869933,18280.125157477516
754,12.0,-10.1,0.72,1.2461878978146255,-0.12737136634353802,0.5569380585529063,10846.009442143528,10906.390300726624
755,13.0,-9.0,2.06,1.5957996280113191,0.22247971995310303,0.9131535603744345,13414.655211699534,13536.785122286767
756,7.049999999999997,-6.0,0.43,1.2988969496285925,-0.071669852006502,0.5744726026508924,15212.796217127485,15300.203896417415
757,16.099999999999994,-11.0,2.86,1.6147724017370804,0.3372589292566215,0.9327723839970914,12069.165177576433,12181.705605620102
758,10.0,-11.05,-0.01,1.2748156889428466,-0.11521647170336943,0.5827586984131128,12175.015102860303,12245.602021905594
759,11.049999999999997,-7.1,1.57,1.8550211321889318,-0.058419070004859554,0.9086292978068662,17980.011956248127,18143.456804838235
760,8.0,-8.05,0.52,1.2348600946683628,-0.16122527580063153,0.6241762218100415,14577.769165670898,14668.448179540446
761,10.049999999999997,-12.0,0.58,1.639141289743034,-0.14096611855950364,0.7958066295509668,16741.943924060703,16875.145707731346
762,10.0,-8.05,1.31,1.3520372237714349,-0.04894236462248583,0.6954226900012696,13598.90238165333,13693.264092857216
763,10.049999999999997,-7.0,1.82,2.2955072245971557,0.06922409202305914,1.1892381264172567,19282.235941703773,19510.43915604653
764,9.0,-11.0,-0.11,1.297960656255333,-0.18376531965979095,0.5613986007317606,13775.531287692651,13852.976537707678
765,11.049999999999997,-9.0,0.81,1.915337515039446,-0.04558496496833465,0.8678810953619274,18104.308453320264,18260.724261885054
766,9.0,-7.0,0.48,1.5503308310009074,-0.12408010118641545,0.6559896535079572,16318.859005989256,16426.014202034115
767,11.049999999999997,-9.049999999999999,0.48,1.9252985831008134,-0.054153899251251705,0.8442434553637556,18210.00901709953,18363.78411498622
768,13.0,-10.25,-0.21,1.3622864937072545,0.005172359503003675,0.5745087108220495,12141.532210374067,12211.240045018834
769,13.049999999999997,-10.0,0.99,1.9621002110865264,0.06931264993942157,0.9333668889344932,15009.70127995699,15149.632301880461
770,9.0,-10.0,-0.3,1.1023447458469233,-0.12134221021464946,0.4792601121123784,12773.029669957008,12834.144769991633
771,6.049999999999997,-7.0,-0.21,2.3131179291546964,-0.6495076226481555,0.7982769448685416,26749.844093216634,26961.104656740335
772,7.0,-8.05,-0.86,1.1621680546757558,-0.32643644091125235,0.4243624695224736,16686.416457026913,16757.298985063568
773,5.099999999999994,-7.0,-0.41,1.2135939854889102,-0.4615558730756759,0.41689408130292704,19225.49763637221,19305.876386650198
774,13.0,-8.0,0.77,1.1858360251370683,0.05605862043703169,0.5305204069753403,12419.358780144288,12485.064726051025
775,11.0,-7.0,1.57,2.7853483350063737,-0.3101668418128172,1.1397515993718081,23635.415274495113,23903.866049694785
776,8.049999999999997,-8.0,0.17,1.3178966849802034,-0.30779256078220013,0.5184748981131041,15252.37793057684,15331.232980276232
777,9.0,-10.0,-0.53,1.1302134888321897,-0.19129703923250369,0.44610888215163663,13581.684587707841,13642.174157885094
778,12.0,-8.05,1.4,1.8147919750242232,0.09868637687095132,0.9813770252052083,15863.535883151086,16018.968480354575
779,11.0,-9.049999999999999,0.35,1.0864886124684399,0.03310801957012624,0.5170965980383534,11245.139855533309,11303.0967169061
780,16.0,-12.0,2.03,1.902338198896081,0.07139885076866659,1.0048728916201382,14879.143039351397,15028.666114395939
781,13.099999999999994,-11.0,0.07,1.0510764294059043,0.07253711857235429,0.4999365938212768,10292.20182833682,10343.72790513291
782,10.049999999999997,-11.0,0.65,2.488828445721097,-0.7244992229659548,1.0207310791979525,21563.708697912294,21781.56311829605
783,6.099999999999994,-10.05,-1.27,1.0277719487698207,-0.2098173690705649,0.4136326507886354,12355.846322165176,12406.880027524152
784,6.0,-9.049999999999999,-0.93,1.042763102509363,-0.32231498412903326,0.41269955437766265,13966.457077854413,14024.03278814735
785,9.099999999999994,-7.05,2.02,2.250992145532907,-0.25699280001344166,1.116041402546391,20916.114337572468,21149.09197465
786,8.049999999999997,-9.049999999999999,-0.12,1.1768046626046436,-0.19815287178479077,0.4969838933016924,13852.010850951398,13920.679625370285
787,11.0,-9.0,1.22,1.6050633456461805,-0.05840920533540233,0.8381529922515437,16034.498930807777,16168.62066028831
788,6.0,-8.0,-0.53,1.069906156465399,-0.14586686233318255,0.45715246114511054,14338.822737931234,14404.552547675294
789,13.0,-13.0,2.28,1.5614012788525387,0.01899480633733218,0.8791069630349352,13380.230424209582,13497.916157778829
790,7.0,-7.0,-0.47,1.5139488373147205,-0.2581506460579335,0.5511138379574535,19929.444953659153,20038.539232856274
791,7.0,-9.049999999999999,-1.21,0.9759113454478678,-0.23500736952065054,0.39076552660114117,13184.248513083496,13235.636916661733
792,19.0,-10.05,3.34,1.8627442888456065,0.22369654501114958,0.9813306933945957,13032.96466909826,13161.009218375355
793,5.0,-5.0,-0.1,1.3297410354202024,-0.49825994231573906,0.4638940231573265,20858.06415416979,20954.920927220774
794,9.0,-8.0,0.35,2.0160830762831883,-0.29102488211764976,0.8894498127318806,21130.643162530352,21318.051695218935
795,9.0,-8.05,0.14,1.3585542828652464,-0.4518431753656192,0.4976432154618703,16379.918524662009,16461.25500058305
796,12.049999999999997,-9.0,1.56,2.0068591211686857,0.09195218893742262,0.9994162449599309,16523.03422354868,16687.673297049663
797,5.049999999999997,-6.0,-0.35,1.229982605570147,-0.37847887632332844,0.4405220508402129,18387.55695721297,18468.625655528052
798,11.0,-9.049999999999999,1.02,1.9355758323939911,-0.09657013384701514,0.899685477441338,16893.752722481564,17045.367404047374
799,7.0,-8.0,-0.21,1.1316089935163487,-0.291814615873978,0.4551407142652696,13979.37666321467,14042.991601155516
800,9.0,-7.0,0.72,1.922942774037264,-0.23429039240589503,0.7629950764456681,20285.03817978362,20439.14666497764
801,7.0,-5.0,0.65,2.105332361294656,-0.284123867917676,0.9136248354744044,22982.300375421895,23192.5242363126
802,9.049999999999997,-11.0,-0.46,1.253483500078851,-0.3672403238507611,0.46543782762206054,13211.318902201027,13272.718999862082
803,6.0,-7.0,-0.14,1.7524582015310881,-0.6254853827717876,0.6552910009702564,22026.06663604605,22169.592129384866
804,8.0,-9.0,-0.23,1.1601600528251603,-0.23199861756710818,0.4623597991161457,12972.707665701131,13032.676452454089
805,4.0,-4.1,-0.21,1.8872864764291963,-0.706989545872373,0.5364458919407248,28027.38293887727,28177.572120035715
806,7.0,-8.05,-0.29,1.0983634438909389,-0.2641257139348993,0.4711886493066055,13816.450760139212,13881.604636455526
807,12.049999999999997,-10.05,1.12,1.4382084625928988,-0.06354421452926533,0.6875550745680472,13465.113561076076,13557.62167708277
808,5.0,-9.0,-1.05,0.9489016614329235,-0.12485713259304254,0.4185771266907723,11904.935192581373,11954.542158137716
809,10.0,-7.0,0.11,1.7664245126813543,-0.24226326057174336,0.6617341145937549,17756.02928274442,17872.44607995763
810,4.0,-6.0,-0.51,1.1813937310694982,-0.4466002490361351,0.4081341262775197,18122.435980745988,18196.304631559353
811,10.0,-8.0,0.68,1.6862067181045426,0.002218474367819564,0.8151153530855944,15998.873805136218,16129.315205977848
812,8.049999999999997,-7.05,-0.15,1.3832383576605047,-0.31261162580436663,0.48455711963759457,14285.633034529823,14354.678851207616
813,11.049999999999997,-9.0,0.98,1.4309544024877343,0.0849524608377127,0.7700454985311137,12888.379290285584,12987.64766973928
814,5.0,-8.05,-0.98,0.9890704833063958,-0.2806047260136976,0.39137971343326056,15566.47248151793,15627.170213169875
815,9.0,-7.05,0.62,1.6199613783599291,-0.09517369531390318,0.7018126332365163,18517.455645661288,18647.306512758572
816,7.099999999999994,-9.049999999999999,0.25,1.1272310492317492,-0.2621182408394047,0.5171049256292755,14046.45371334321,14118.975609470359
817,9.0,-8.0,0.09,1.7636829031027077,-0.32701707363140886,0.6936183495393738,19272.63498292378,19406.078691813273
818,7.0,-8.0,0.27,1.2267561698588758,-0.19659275424132217,0.5355706490880547,13285.863583619097,13356.692780089925
819,9.099999999999994,-5.0,1.59,2.6223432160939284,0.0062775748747177645,1.1272508025802543,22498.259928012212,22749.918499286287
820,6.0,-6.05,-1.31,1.359988282706874,-0.4653605649513453,0.31839405622394185,16276.321064224956,16327.45508796366
821,8.0,-8.05,-0.35,1.1906511938224638,-0.36509885665619213,0.44446290564251034,12797.24514918099,12854.045950748436
822,13.0,-11.05,1.92,1.951403155313207,0.18673264144388987,1.1286136144107521,13750.441017074812,13905.466527456
823,5.0,-5.0,0.1,1.6342737390915352,-0.6298989556428346,0.5132980302330996,18183.20953630324,18275.821896581772
824,20.049999999999997,-8.05,3.53,2.273153904855909,0.5343578441928477,1.3386395667131996,12513.337835624448,12680.481551159819
825,8.0,-7.05,-0.32,1.4516281211072912,-0.4376353184196793,0.4397839448961108,13896.869683148516,13958.47315533466
826,14.049999999999997,-11.05,1.02,2.3156669686535762,0.06250811393590826,1.0885121011662926,15698.717392757684,15869.866348845993
827,7.0,-7.0,-0.44,1.1757472898529302,-0.3243453117843207,0.4229705753830409,12287.576935793459,12339.390433054657
828,6.0,-5.0,-0.04,1.6249438780497985,-0.5270370031375564,0.4851698032296065,15579.091601137587,15654.326842657156
829,10.049999999999997,-8.0,0.99,2.306280672757252,-0.1370580384649756,1.104364922802411,21286.595487725208,21520.96283903732
830,6.0,-8.0,-0.66,1.0174146130673385,-0.33119080954914126,0.4026123038495178,10327.111509512715,10368.79395195466
831,13.049999999999997,-11.05,0.26,1.8074417317016298,0.13861786924677286,0.9780620601328165,13806.703884026732,13941.368477144793
832,7.049999999999997,-10.05,-1.52,1.070717438801746,-0.2702840665576506,0.3554477910550712,8244.641755269746,8273.799223616334
833,11.149999999999991,-10.0,0.37,2.349765770115031,0.013384996615397667,1.0567509169659064,17028.307090576436,17207.475276155496
834,5.049999999999997,-7.05,-0.72,1.0496430243396224,-0.37859194170361593,0.38113206251954856,13051.76551559835,13101.506525466482
835,16.0,-12.05,1.62,2.0415038778994723,0.16715987890124626,1.1356827977544315,14610.478261613072,14775.861828748262
836,5.049999999999997,-7.05,-0.61,1.0184748852629597,-0.3522232226702749,0.38260880283453746,13511.537396775522,13563.012342719278
837,6.0,-6.0,0.34,1.1205173495275411,-0.27957870110551897,0.49345922981736046,14906.452997859185,14979.806718029724
838,8.0,-7.0,0.64,3.257997618409573,-0.4392284893773727,1.2682751774804084,25024.5402186775,25341.109803951345
839,8.0,-6.0,0.13,1.38577382614972,-0.22581764941980467,0.4992178081844594,15855.177300285546,15935.108871435525
840,6.0,-7.05,0.01,1.3648822513595007,-0.4168627270169801,0.49446041091592796,16167.525883313807,16247.088317736476
841,8.0,-8.05,-0.11,1.2210649516528354,-0.2831061793063419,0.4678307620094653,13209.704934396575,13271.223839787453
842,6.0,-7.0,-0.19,1.240678334867646,-0.3421528176026527,0.4561560347185891,16446.220970553917,16521.088632921983
843,8.0,-7.0,-0.17,1.2517635241052778,-0.1550756667761248,0.47435115926762966,12697.022394028834,12757.281051096921
844,8.0,-9.049999999999999,0.12,2.20755802105578,-0.467236993309644,1.025381559695389,17088.04672317442,17262.806108618275
845,5.0,-4.05,0.27,1.420897667672979,-0.48256097894075206,0.5619607047842089,18297.1581253268,18400.31483939294
846,14.0,-11.05,1.98,1.9488089301772296,0.2347457193827606,1.1115517920451672,13209.904679129533,13356.345231836201
847,7.0,-9.0,-0.48,1.0702598740985412,-0.3355131356897972,0.4292214525276423,12273.111591219373,12325.924623549385
848,10.0,-8.0,1.56,2.1619434901982717,0.02678343166009859,1.1558999363462201,16239.534973205868,16426.72744979935
849,12.0,-12.0,-1.08,0.990654996527166,-0.027004938180759556,0.4206051635508335,8010.901914525354,8044.509465145409
850,7.049999999999997,-9.049999999999999,-1.39,0.9742783425063529,-0.12391450336304237,0.3841905559523868,9029.133992528949,9063.91695454428
851,5.049999999999997,-8.0,-0.8,1.1602115158166126,-0.4628691482896048,0.35662502359449777,12628.160329794253,12672.979228008173
852,8.0,-8.05,-0.46,1.2377554387521246,-0.25515949484426387,0.42337735460992876,9974.270063638847,10016.580150025464
853,11.0,-10.0,0.69,1.0845336812819601,-0.0022822615116505933,0.5244000674950432,9175.840205710041,9223.826047916122
854,7.049999999999997,-6.05,-0.11,1.3798856089408726,-0.3136864967273132,0.48443079990500487,15487.466710175862,15562.185120890292
855,6.0,-7.0,0.45,1.106880151160071,-0.07217745763991283,0.5503796782158529,12298.70629428426,12366.340541803438
856,8.099999999999994,-9.049999999999999,0.45,1.3099221248324975,-0.28395767606748107,0.5556946488898058,11806.112090520417,11871.257960840276
857,5.049999999999997,-5.0,0.11,1.4725542348032405,-0.45149123481969883,0.5173782097777943,17631.445272487246,17723.050160040086
858,6.0,-10.1,-1.32,0.9293779273481226,-0.14038251076424374,0.4098747216591658,9857.70501888809,9898.162130992667
859,5.0,-6.05,-0.1,1.6931591699444772,-0.9547675325309789,0.4863823456900559,18354.976238085423,18443.52980876014
860,5.049999999999997,-7.0,-0.65,1.645618063045279,-0.9740746062463541,0.35442972051292737,13935.343677801124,13984.308272819744
861,6.049999999999997,-6.0,0.51,1.5558035273733515,-0.477301222969355,0.5704154359075566,13657.05945778475,13733.837633457377
862,7.0,-8.0,-0.4,1.2801229995838903,-0.2934672198050999,0.442200049260474,10888.233330913052,10936.200873931573
863,7.0,-8.05,-0.46,1.3040523612323829,-0.342477284670238,0.4516676354761465,10337.035749561443,10383.795576582035
864,8.049999999999997,-8.1,0.22,1.0236944976107591,-0.027150947237100754,0.5129389923089568,7008.41548126379,7044.231983250024
865,5.0,-6.0,-0.17,1.489964540261823,-0.5896699216611825,0.45877039410225606,14553.494229821155,14619.585712227405
866,6.0,-6.0,-0.28,1.3275036579008757,-0.5180322032818959,0.4505318492632926,14533.700415189589,14598.989690644905
867,6.049999999999997,-6.05,0.09,1.6139380293107184,-0.7324084040554764,0.4879711914682596,15958.684058651685,16036.864670204253
868,5.049999999999997,-7.0,-0.16,1.3614686894519945,-0.4057637325806095,0.4886096283805808,13950.498461563988,14018.703526693778
869,5.049999999999997,-6.0,-0.34,1.375387055800831,-0.3986876809040734,0.4517743090094149,15187.330227475222,15255.889896178916
870,7.0,-7.05,-0.38,1.4178277975688225,-0.3179595940882708,0.5019352388965688,13191.277291732174,13257.104945767613
871,6.0,-10.0,-1.1,1.2218504063688986,-0.6349273015624687,0.38684302594639974,12128.040231808072,12174.586820578212
872,4.049999999999997,-8.0,-0.95,1.1376866040768636,-0.5026512108552679,0.3659792121035396,13538.25789592172,13587.779660032815
873,4.049999999999997,-7.0,-1.13,1.234095149812095,-0.5775493766523726,0.3084127064990628,15537.558513204576,15585.362458237747
874,5.0,-5.0,-0.35,1.227340755443136,-0.4379631149722399,0.4014812282214531,14591.054338659109,14649.543458270358
875,6.0,-7.0,-0.77,1.1908862802371858,-0.43508846417951047,0.34317479527247213,13366.15672597199,13411.911897285723
876,6.0,-7.0,-1.52,1.1759836740214202,-0.47233630597235404,0.2844400195694047,12126.873813948205,12161.353531965895
877,5.0,-6.05,-0.27,1.2293742950001527,-0.3525234575519719,0.44204546169849407,11845.379630211972,11897.685732502496
878,6.0,-9.0,-0.38,1.296164141104668,-0.8223142367676587,0.38639326745553726,13554.448469045143,13606.907982998617
879,6.0,-5.0,0.0,1.5319888934078523,-0.4927964652870246,0.4568749702861833,14791.060239946062,14858.376449695208
880,2.0,-2.05,-0.07,2.186955187278226,-1.721726584636337,0.4082661899342223,28474.8810435486,28589.879967979843
881,6.049999999999997,-8.0,-1.49,1.180218652022479,-0.23277547228174372,0.338091784753734,10885.937116822894,10922.546592964907
882,6.0,-6.05,0.14,1.5590398027420624,-0.5185806608204078,0.5321528248151597,14739.795711035305,14817.76572484119
883,7.0,-8.0,0.01,1.3771394137724353,-0.4089231809475793,0.4737580037587852,12784.386765523459,12844.723730902562
884,7.0,-7.05,-0.74,1.5044564151462707,-0.48126294769739847,0.4237900527737441,13172.797897875842,13228.250752479851
885,6.0,-8.0,-0.77,1.0276534735975673,-0.26461619561923855,0.41483453594208053,10226.066649904715,10268.524770072343
886,6.049999999999997,-8.05,-0.77,1.288354142057997,-0.4749874855820104,0.42789582529879167,12387.974550170395,12440.797724682354
887,6.0,-9.0,-0.99,1.1399077137427898,-0.35138608103287117,0.3815661628909081,11176.417871899852,11219.227093618272
888,6.0,-7.0,-1.25,1.2585202063954275,-0.623719757495635,0.31943992146854383,12102.347799510071,12140.6818607321
889,6.049999999999997,-7.05,0.05,1.35243037221564,-0.4907234100818927,0.48089441964107765,11840.856494782487,11897.892728496474
890,6.049999999999997,-7.05,-0.03,1.3618826021557922,-0.4512179093201453,0.5004979936322832,11515.299002331483,11572.73340755193
891,8.0,-9.049999999999999,-0.66,1.3061184298219894,-0.2249044484785097,0.47820902182522884,9700.706786427807,9746.993221554634
892,7.049999999999997,-9.049999999999999,-0.95,1.0801683641076674,-0.09034409199358451,0.51866678000391,7931.691563318284,7972.894445980691
893,6.049999999999997,-11.05,-1.63,0.8909642159191098,-0.19675623230535916,0.3912331845668928,6591.4509964395265,6617.324757434947
894,4.0,-5.0,-0.42,1.1522347799716626,-0.3674790629711424,0.412158702726141,13473.038215574941,13528.719335960306
895,6.0,-7.0,-0.22,1.298015767337251,-0.39138203132109933,0.43758659503656117,11701.141797051967,11752.274544488755
896,9.0,-14.0,-1.78,0.8785603349156461,-0.1799713005266121,0.3693725519086735,5553.204094588157,5573.736656141027
897,2.0,-2.0,-0.15,2.4751434793006717,-1.7738111071942135,0.2817281844778429,19074.25711197386,19123.76926552696
898,2.0,-2.0,0.0,2.5452021486384213,-1.5687431982720266,0.5390652945302967,28763.44670744888,28915.793148204397
899,7.049999999999997,-7.0,-0.4,1.036848968794968,-0.22829218415276403,0.3462217125038163,4415.326169859473,4430.562630167573
900,5.0,-9.0,-1.29,1.1139336382099139,-0.47296293782058035,0.35932801792143765,10859.252900030362,10898.089133823467
901,6.0,-8.0,-0.68,1.0355213282285163,-0.20328086694463293,0.442108110641705,10011.91334746953,10056.055766048112
902,5.049999999999997,-8.0,-1.1,1.2030950286667266,-0.5711729524583253,0.32727456634228164,13105.452276857513,13148.581306396
903,8.0,-7.0,0.03,1.3651153670150076,-0.2961397192830618,0.4727797925349222,12327.64202087678,12385.906434996905
904,7.049999999999997,-10.1,-1.4,1.0096475910329497,-0.28644387224152856,0.3972054585804459,9272.563166662443,9309.512474876805
905,6.099999999999994,-7.0,-0.39,1.1823293748586792,-0.2689264547074942,0.44309457842431,11246.41560828713,11296.049072924205
906,6.0,-9.0,-0.41,1.156373587541297,-0.4837227599236734,0.4073411417360086,12011.692491096626,12060.45042770386
907,7.0,-7.0,-0.21,1.4411488986602592,-0.47107032636030405,0.43508009873109266,14365.094526053592,14427.029025207456
908,6.0,-8.1,-1.53,0.9852397354598739,-0.25918704689575284,0.33776386200345476,11053.494862833842,11090.784735582569
909,6.0,-8.0,-0.73,1.1058749679370272,-0.2960308154528542,0.4236484305014472,11844.136149302838,11894.133550008042
910,8.0,-9.049999999999999,0.01,1.223652489514792,-0.4503051314987114,0.44730171446099737,12483.9732362075,12539.638895037468
911,7.049999999999997,-8.0,-0.35,1.1596158062525486,-0.4012764392386772,0.3979853321107324,12749.803400248213,12800.38231427786
912,7.0,-7.0,-0.24,1.5187381183190594,-0.593162459670136,0.48855216962684084,14988.695645273885,15060.815161984188
913,6.049999999999997,-6.0,0.19,1.5117497519314835,-0.31934679946430167,0.5479246421667863,14532.803798685118,14611.815705543324
914,5.0,-7.0,-0.36,1.2135635168095333,-0.39885771130889,0.4845604233233477,15390.364828124377,15464.514387764655
915,6.0,-7.0,-0.81,1.1473961950618359,-0.3842862948580313,0.3576667908425687,14935.580612429774,14988.808304701415
916,4.0,-5.0,-0.43,1.503908417258517,-1.0422489933777002,0.3156222777566256,24096.879407786582,24171.265252348894
917,4.0,-6.0,-0.73,1.344655091745706,-0.6319677429615885,0.36909415008549973,18526.670931747838,18594.92293446113
918,5.0,-7.0,-1.0,1.328569320619985,-0.5323791511886046,0.3573182692508259,15476.016538206688,15531.347292941275
919,6.0,-5.0,0.17,1.4521309540199148,-0.30013604408375466,0.5231080242273789,18175.845887621937,18271.260559906274
920,6.049999999999997,-8.05,-1.04,1.1530748596597933,-0.46625608521768414,0.34654636811299966,14241.642431923212,14291.199463995861
921,10.049999999999997,-6.05,0.23,1.3469733041643734,-0.12062056109851962,0.5032966696364692,14092.101065998611,14162.752907917027
922,8.099999999999994,-10.05,-1.04,1.143826743715735,-0.2718081685826199,0.41960600301304285,12767.962867372979,12821.502950658356
923,7.0,-8.0,-0.37,1.3712735309142237,-0.42870310542154677,0.4688591137322996,15688.964623085492,15762.031312382229
924,8.049999999999997,-7.0,0.1,1.2129696856988925,-0.23334212095292886,0.497747607666346,14277.22638830613,14347.930904660649
925,7.0,-9.0,-0.43,1.1580293883498975,-0.3382434056830162,0.43641763073673284,14141.409464501161,14202.922546289337
926,6.0,-11.0,-1.29,0.9815645932964095,-0.48428776590415823,0.3419963633840977,12993.716744716037,13038.394629621524
927,6.049999999999997,-8.0,-0.56,1.0261239698779998,-0.29894450646505283,0.4176701015709775,14820.386820558359,14882.084684570827
928,9.049999999999997,-10.05,0.04,1.1874271379282064,-0.2624384319974711,0.4721634956574713,10658.295614583618,10708.456084034271
929,6.0,-9.0,-0.91,1.1423027215625352,-0.42451427453331536,0.362740357883426,13994.916862511436,14045.590293789755
930,9.049999999999997,-9.049999999999999,-0.36,1.1464596483242606,-0.2574881582764288,0.43892446747722763,11356.121417918868,11405.77252661949
931,6.0,-8.05,-0.89,1.0331816986183087,-0.5031190629723277,0.3510959583350442,14825.473450498606,14877.15275574598
932,7.049999999999997,-9.099999999999998,-1.41,1.0231411932525354,-0.22973417216549624,0.34919795732880443,12745.863923111292,12790.310546498285
933,8.0,-8.0,-0.27,1.1942569365125817,-0.2694761650549505,0.4563734711630946,13960.375254235621,14023.984422810125
934,10.0,-8.05,0.61,1.0367912687517717,-0.03769918803544118,0.5110582816013443,11128.04194483194,11184.866759434146
935,7.049999999999997,-7.05,-0.33,1.0672221778357462,-0.14803208958559524,0.4079573678202356,13748.458394796555,13804.507963016298
936,6.099999999999994,-6.0,-0.01,1.3932855845897694,-0.4850043737034741,0.4778420420184669,18551.44086512756,18640.317940421122
937,10.0,-9.0,0.0,1.1484203249460243,-0.10868535816428086,0.5021916499452526,13243.395884571397,13309.706091334894
938,9.099999999999994,-9.0,0.28,1.1530483954188768,-0.19416795035798903,0.4953643481116249,13223.36299150654,13288.86366922341
939,8.0,-7.0,-0.46,1.1082185709044905,-0.09714716368317444,0.4561468088178872,15672.88164383088,15744.141263964202
940,9.0,-11.05,-1.91,0.9786632409100867,-0.15540481969843498,0.3677536799976013,12423.811981822057,12469.33065222123
941,9.0,-8.05,0.45,1.3646946274733498,-0.21143286364210576,0.5528655481648193,15240.12663004826,15323.988627519622
942,7.0,-11.0,-1.37,0.9355046104567978,-0.33977133882219407,0.3517010636414848,13406.170128615251,13453.311732333059
943,7.049999999999997,-7.05,-0.29,1.1887548414419113,-0.2357889885215209,0.4483732335698769,15611.955833572203,15681.461217464092
944,7.049999999999997,-7.05,-0.11,1.1843318409522718,-0.342741270218603,0.47082054271579665,15333.268815778469,15405.23583486515
945,4.0,-4.0,-0.22,2.533559113181993,-1.6185285392452589,0.38222394415322625,32816.154438666264,32940.83964617004
946,7.099999999999994,-8.0,-0.52,1.6455180778510965,-0.604027315281849,0.433722250125588,16969.81009387021,17042.63455135386
947,7.0,-6.0,0.05,1.321277033082646,-0.21382046968189095,0.49083605258869434,14560.372511127987,14631.761424102602
948,6.049999999999997,-8.05,-0.58,1.196245648730674,-0.3757148935990055,0.3868947107611823,15346.790832358087,15405.472540600002
949,10.0,-8.05,0.86,1.2248070704183147,-0.05072688297464052,0.5546675037430518,12627.49513726962,12697.453407638333
950,10.049999999999997,-11.05,-0.34,1.2016023939060594,-0.20365784741738646,0.4699507072368936,12725.162345346745,12784.754680429347
951,10.049999999999997,-11.05,-1.13,0.9465438435193858,-0.07143253252422785,0.44885420550266397,10432.556356994677,10479.281515985951
952,9.0,-8.0,0.58,1.1285925410474253,-0.1984362542719413,0.5225213007964603,13811.116322161388,13883.285454225079
953,10.0,-10.05,0.18,0.9617875432112891,-0.06295813606425645,0.48265799102068585,11792.366768317246,11849.194544815748
954,10.0,-8.0,0.41,1.3284887609621452,-0.20960363017714262,0.5103516667157004,13388.472524978102,13456.898847227358
955,9.0,-11.0,-1.08,1.004831809020675,-0.21845372533431556,0.4064556327665853,10855.398601351766,10899.4174870111
956,6.049999999999997,-7.0,0.03,1.2440548136331515,-0.2517924955554593,0.48342105229233895,15069.360184647641,15142.255006358051
957,7.049999999999997,-7.0,-0.11,1.347261012404333,-0.39000836291456087,0.457640748873075,14953.282039972108,15021.379080901928
958,6.0,-6.1,-0.89,1.2642501213486204,-0.46038775355420986,0.31422584046517443,14272.638471704724,14317.028838531452
959,5.049999999999997,-7.05,-0.68,1.1658663396535591,-0.5741453009118377,0.379030203515434,13899.357402175257,13951.705575541164
960,6.0,-7.0,-0.66,1.1287380832130602,-0.39134270058945325,0.3981246572465375,13241.203878722783,13293.84189060251
961,7.0,-7.0,-0.32,1.4994721006323422,-0.5691465334271287,0.4474343325961824,14838.193986767687,14904.635908403368
962,5.0,-5.05,-0.57,1.2371461328402074,-0.43029457895091805,0.3840134593256932,15247.404455018419,15305.622014139928
963,6.0,-5.05,0.15,1.473204765363647,-0.4973187600523724,0.4897141950329501,15892.158968476855,15969.936055158423
964,2.0,-2.0,0.08,3.0870195479975866,-2.2090693285275176,0.5837049417159242,42914.71134220346,43166.064675162306
965,5.049999999999997,-6.0,-0.35,1.0957560006176625,-0.3715911196742229,0.3940148083323027,16916.230517187294,16982.9377838918
966,9.0,-10.05,-0.43,1.2075650430010052,-0.3925714506499716,0.4279832678399122,12984.846376599351,13040.340577686371
967,8.0,-8.0,-0.49,1.2614421693593616,-0.5413591506564988,0.4103401447323153,14780.997742458196,14841.651944840052
968,7.0,-7.0,0.41,1.1756148960127324,-0.2381995719178403,0.5322336190404174,12500.833832016355,12566.746918178522
969,9.049999999999997,-8.0,-0.74,1.4722257551966054,-0.3649343620508476,0.41069011726150206,13092.115357051862,13145.865197515031
970,7.0,-6.05,0.28,1.4112456188823284,-0.44129205729176657,0.5181859092377252,15225.484675971598,15304.073816207545
971,7.049999999999997,-7.05,-0.8,1.193784393629812,-0.2537781990370375,0.39738623533958417,12768.789457248757,12819.545832088927
972,10.0,-7.05,0.75,1.472191495395553,-0.18962059413417703,0.5549008269187607,12639.602808361384,12709.518848525202
973,5.0,-7.05,-0.75,1.0610568573182766,-0.31362372555860085,0.4114049131241859,13015.767513343031,13069.123162655293
974,6.0,-7.05,-0.34,1.0903741889481806,-0.2701370309603426,0.4433572666035742,12544.185635441556,12600.115372482702
975,8.0,-8.0,-0.02,1.3509721324005692,-0.41089954279595314,0.4765238756323898,14301.093002726222,14369.201948863929
976,4.0,-5.0,-0.81,1.2297832229913435,-0.44438926162893944,0.3075665376027645,19805.894665898857,19866.1408050479
977,6.0,-6.0,0.14,1.2279015277731342,-0.2526506509267285,0.5357883048285771,15414.623511948805,15497.175089754663
978,7.0,-6.05,0.28,1.1518720016611081,-0.26501333057463394,0.49136014586924176,15795.72487241989,15873.136736029319
979,7.1499999999999915,-12.05,-2.26,0.881141590431675,-0.2010918773292218,0.35475092447909967,10224.625333865379,10260.768305961876
980,9.049999999999997,-8.05,-0.6,1.233316438215664,-0.16364439507697834,0.42041583003156774,13071.1387834637,13125.837739188673
981,8.049999999999997,-11.0,-1.22,1.10473812228143,-0.2308049399419449,0.37626265218062505,11986.507181791854,12031.635961750379
982,9.0,-8.05,-0.18,1.2049560264715882,-0.13378276826062274,0.4994906204826247,11457.933293231416,11515.084731054038
983,11.0,-9.0,0.83,1.1038485756950172,-0.057745616053331374,0.5183319693256698,11143.153634678472,11200.915554031844
984,7.0,-8.0,0.72,1.148305181005897,-0.22176672332183836,0.5211125660737005,15314.650578802146,15394.499935677251
985,7.0,-7.0,0.74,1.2355773771225909,-0.25647730606086316,0.546285591543013,16713.99940882198,16804.9378632085
986,8.049999999999997,-7.05,0.67,1.3046255632390094,-0.14811662392396652,0.6026244915884634,13387.131207371765,13467.520413878072
987,5.049999999999997,-7.0,-0.85,1.3584992437829246,-0.6510451529780321,0.34395958963554335,18971.235393055355,19036.635376268918
988,8.0,-10.05,-0.94,0.987755379098153,-0.19579440571303394,0.413910159067855,12181.316447570258,12231.643301848037
989,8.0,-7.0,-0.14,1.5187646367468723,-0.2759986658919801,0.5614611476970117,15211.339910093879,15296.533462358015
990,9.049999999999997,-9.0,0.16,1.7208325265173154,-0.3194757834221658,0.6893420267829768,14582.56819020191,14682.479140149046
991,8.0,-7.0,-0.39,1.6176712929499129,-0.13274854883668066,0.6343958144218941,16538.726606614902,16643.202009395543
992,9.0,-11.0,-0.22,1.3428337201226974,-0.19017654233932257,0.6065946078242503,13992.469027805642,14077.27272277799
993,9.049999999999997,-9.049999999999999,0.04,1.2094003970992595,0.026475740301940352,0.6119776985321639,11376.588242080763,11446.173642695963
994,7.0,-8.0,-0.09,1.2139470948160107,-0.17887971699837052,0.5097129999534205,13955.76279702093,14026.821388661141
995,7.049999999999997,-7.05,0.22,1.5039242769376782,-0.18172705346096568,0.6506243973423653,14996.659438653167,15093.82064089488
996,8.0,-9.0,-0.64,1.7669390870610957,-0.5416443372145241,0.5892418938098261,16503.770777898444,16600.4952212444
997,7.049999999999997,-9.0,-0.51,1.4841339810970795,-0.2582210684609299,0.5396893125056851,13931.179504920925,14006.446826372972
998,7.0,-6.0,0.83,1.5064722120214762,-0.03072164488117104,0.7018781862924919,15283.777697726608,15390.615017044343
999,7.049999999999997,-8.05,-0.57,1.228404347863301,-0.3765386808307555,0.4565032458143195,12920.888368698017,12979.418876456319
1000,7.049999999999997,-6.05,0.52,1.3398267827941184,-0.19709750645483207,0.5847379867466402,12627.890115713531,12701.800786371743
1001,4.049999999999997,-6.05,-0.99,1.3247425104183788,-0.7327487155337121,0.2868483493516448,16155.16731063298,16201.615034200036
1002,6.0,-6.0,-0.09,1.2217167163017442,-0.12172631699650957,0.495812424800103,12582.933092283864,12644.996426364909
1003,6.0,-6.05,-0.15,1.4106420923923868,-0.5323350660059984,0.5106343472684118,15109.76760936717,15186.794704105043
1004,6.0,-6.05,-0.02,1.3849835064931295,-0.329039132607286,0.5173606251749743,14148.972461117439,14221.412698578639
1005,7.0,-7.0,-0.6,0.9969891035501194,0.010333001049820434,0.4514866432797902,8886.427669003979,8926.549668716207
1006,7.049999999999997,-6.0,0.04,1.2316231581445907,-0.231367095310956,0.4972258452469623,11783.541705956073,11841.971578264121
1007,7.0,-6.0,-0.33,1.3645175445845854,-0.24963681259163698,0.47641138066467087,12956.12277548141,13017.255957599757
1008,7.0,-8.0,-1.08,1.0425802412197098,-0.14963805761569096,0.39507498920577544,9815.78903254056,9854.404228330377
1009,9.0,-10.0,-0.11,1.1168434778771843,-0.011916653147096758,0.5871697275660231,8282.660763702623,8331.232243157392
1010,11.049999999999997,-10.05,0.55,1.3598583095641321,-0.08080201624281277,0.6252346481123289,8867.61256134203,8923.091285025048
1011,7.049999999999997,-9.0,-0.48,1.1315573392155818,-0.13210344435332108,0.5307630237087176,10099.76674578142,10153.30638460715
1012,2.0,-2.0,-0.17,2.327272317021489,-1.7176409808250928,0.36752685386533684,37436.77575821451,37576.82828318238
1013,6.049999999999997,-5.05,0.67,1.72787110181234,-0.15058491438163973,0.8109458851731748,14418.71968140916,14535.519175726087
1014,9.049999999999997,-7.0,1.06,1.8661200256368526,-0.24177039118888177,0.8183214787089096,13053.716682708364,13160.484553022286
1015,6.049999999999997,-5.05,0.33,1.3771309790885342,-0.048450841341830864,0.6686591820133776,12275.390521311674,12357.335302011086
1016,6.0,-5.0,0.18,1.7261940918028995,-0.40504650834305783,0.6616275564427123,16767.238963683703,16878.481770838058
1017,6.0,-7.0,-0.21,1.1348893475011905,-0.3389549141450151,0.4882136741632169,13290.557821190017,13355.108426291756
1018,7.0,-7.0,-0.09,1.599861052367395,-0.2614324230063939,0.613668148650742,14332.171979289904,14419.750959864354
1019,9.049999999999997,-8.05,-0.02,1.3573926158544325,0.022876660461682855,0.6225043047398796,10903.569188143581,10971.250733571524
1020,8.0,-5.1,0.72,1.669676934014061,-0.14752821684047587,0.7769495171777204,14276.304405771836,14386.974929763259
1021,8.0,-9.0,-0.53,1.4438689148928303,-0.1489219996911263,0.6159201884725124,12455.334920107123,12531.90405766151
1022,8.099999999999994,-9.149999999999999,-0.49,1.6196828897748081,-0.3248536587513117,0.6127865057606635,11964.080943492136,12037.407419721967
1023,6.0,-6.0,-0.27,1.7087058375407087,-0.44494139643480735,0.6177373142319169,14891.16637070915,14982.769892777565
1024,6.049999999999997,-9.0,-0.55,1.5214082841482357,-0.531988564534071,0.5841277664238881,12352.991579922755,12424.743678134002
1025,9.049999999999997,-6.05,0.68,1.787499417533179,-0.10996172468138962,0.7577950832017476,11256.698713418273,11342.024890251165
1026,9.0,-8.05,0.15,1.2589049237901204,-0.01987539674615327,0.5835294651330818,8643.791240333572,8694.234443469328
1027,6.099999999999994,-10.0,-1.25,1.081713169416755,-0.1333931392791449,0.46385188634652313,8731.714231677515,8772.132776908378
1028,9.049999999999997,-8.05,0.4,1.365926501403009,-0.09591246148155966,0.5982269020669158,9668.305945575856,9726.000648386615
1029,8.0,-7.05,0.38,1.4532491462540331,-0.20971626500474594,0.6437713500200011,10423.437184391607,10490.48247896834
1030,6.049999999999997,-7.0,-0.85,1.2746644914499252,-0.4245540033143292,0.3934630872766288,11792.650118293293,11838.66023914823
1031,8.0,-9.0,-0.56,1.688401432549836,-0.4030548960737576,0.6164134045072643,11339.7180797736,11409.06443084294
1032,6.049999999999997,-6.0,0.17,1.5166394846835742,-0.24180908666796552,0.6627619954587289,12335.054590069038,12416.67933532331
1033,6.049999999999997,-7.05,-0.74,1.4872737923219481,-0.3492284286428319,0.5623322117497789,12835.095951725645,12907.098044219525
1034,7.0,-5.05,0.29,2.063106597523743,-0.3116690095562112,0.7629266500383196,14514.072656593811,14624.063580212416
1035,7.049999999999997,-7.05,0.34,1.6955319073277875,-0.23564171272017936,0.7305979475192435,11841.608941283612,11927.608926247989
1036,7.049999999999997,-7.05,-0.07,1.5137490785923897,-0.25371857895561,0.6408328111483061,10905.420679899487,10975.185836669925
1037,8.0,-7.05,0.37,1.5568219627218418,-0.1758153519217142,0.6734960547273978,10463.165246826466,10533.556366947485
1038,8.0,-7.0,-0.11,1.6069765337739164,-0.27679809256475085,0.607256465741554,10581.641327540994,10645.858036837326
1039,7.0,-10.05,-0.88,1.2689541476136375,-0.3140260380116778,0.49162007941282754,8929.576167594363,8973.393830468478
1040,5.0,-5.0,0.19,1.3621740911715365,-0.34619716066365414,0.553280406564506,10975.69441083902,11035.92693550238
1041,9.0,-7.0,0.51,1.4100959506364297,-0.11675230941801933,0.6567213036957624,7706.34535338779,7757.005208629104
1042,10.0,-11.0,-0.56,1.0546228906684885,0.03476576108066706,0.5272273399739626,6489.44159663911,6523.659119293672
1043,11.049999999999997,-9.099999999999998,1.01,1.2822070916285182,0.07192093432883206,0.6322718803480512,7199.603862578792,7245.051166544006
1044,3.0,-3.0,0.12,2.162597648934372,-1.127379801203676,0.5507306632015174,19375.99324298486,19480.333408058315
1045,9.0,-10.0,-0.36,1.1363515092881626,-0.1891901333939527,0.5114574114323921,8990.669739274499,9036.553517551387
1046,6.0,-5.05,0.31,1.8963037578273292,-0.36475174802579935,0.7271927515422554,17846.537940104707,17975.65389147348
1047,9.049999999999997,-9.049999999999999,-0.51,1.3129003622844506,-0.04910832566557196,0.5971076539082925,10560.683491806783,10623.898952338272
1048,7.0,-7.0,-0.32,1.1686685010710325,-0.10679282516892705,0.47652622039501447,10341.229892400053,10390.606281217602
1049,6.049999999999997,-6.05,0.22,1.2877071988824433,-0.17697671262642004,0.5352056643621139,12242.424612866836,12307.196470665554
1050,6.049999999999997,-8.0,-0.3,1.2422609698932379,-0.391101441421874,0.5346915990817629,12322.055459271707,12387.634596172522
1051,6.049999999999997,-7.1,-0.03,1.4255232571300769,-0.5611457060668924,0.5585579471332345,15136.570213161574,15220.821501759474
1052,9.0,-10.0,-0.2,1.4580956894768735,-0.3769397443396683,0.562887987333954,13737.739474478854,13815.072644342139
1053,7.049999999999997,-7.0,0.16,1.5517308969178523,-0.21713266535191864,0.5829398560369404,14758.77991931489,14844.41707099421
1054,9.099999999999994,-8.0,0.59,1.751029727928422,-0.4478478737434164,0.6192394106771014,15484.473017301902,15580.226306491837
1055,8.049999999999997,-6.05,0.78,1.4279223630352755,-0.028788673192516233,0.6809364172053288,14339.442691114551,14436.859783035488
1056,11.0,-8.0,0.43,1.6184098597183765,-0.14254255132420351,0.6797657074351372,13477.375776697854,13568.368464394698
1057,8.0,-7.0,0.55,1.3683415834235364,-0.19274353360314153,0.6680868702035747,13700.002090004064,13791.423021173243
1058,7.049999999999997,-9.0,-0.54,1.79878076032931,-0.7489179382119057,0.5642126193013072,18339.31484412141,18442.463768669433
1059,6.049999999999997,-7.0,-0.16,1.7519340261442904,-0.3584690782604737,0.6490833600733541,18489.29159778544,18609.211649369434
1060,5.0,-6.0,-0.04,1.6363813924171924,-0.4631619337139606,0.5985877721002086,20416.5904430143,20538.011403425255
1061,5.049999999999997,-7.05,-0.38,1.3086272796146758,-0.3826380363110704,0.4991840647889017,15743.115804969275,15821.80274195314
1062,6.0,-7.0,-0.33,1.3038483877171752,-0.20882056853394929,0.5152345268264553,17439.50580514169,17528.741916615145
1063,8.0,-7.0,-0.2,1.68361293126056,-0.36296643169149095,0.5313586489990372,17281.520539329344,17372.88544270637
1064,6.0,-5.05,-0.04,1.5434545552185504,-0.30625637924417015,0.5469419190181689,18594.265417936826,18695.45977361011
1065,9.0,-6.0,0.63,1.6668695129348667,-0.3186151377199581,0.5998316703753148,17492.036867766623,17596.64189545077
1066,10.0,-7.05,-0.06,1.5770498136294624,-0.15809622406375579,0.610578642437335,14332.20241965287,14419.643544639268
1067,7.049999999999997,-6.05,0.14,1.5045881643737777,-0.28020022538613554,0.5669384545337518,16127.392872740675,16218.082807729023
1068,6.0,-7.0,-0.08,1.3262558736175003,-0.26502413825026394,0.5544593300280242,16862.3520488049,16955.697699146727
1069,7.0,-6.0,0.24,1.43600658732043,-0.2309870757831403,0.6047627733609123,16071.673271400163,16168.701263749408
1070,6.0,-8.0,-0.22,1.2297950813221419,-0.3005337125898273,0.5153129205180341,15057.523906770011,15135.132968819493
1071,8.0,-7.1,-0.16,1.6557888337592164,-0.46850433848319745,0.5273645035109644,17594.40563068602,17686.517035930898
1072,5.0,-5.05,-0.29,1.441130182171427,-0.49263720354711826,0.5142921083782115,19562.472080409938,19662.45603566071
1073,6.0,-5.0,0.09,1.713330255957144,-0.40072694888167176,0.5550491965624365,19300.05180389681,19406.12232810475
1074,7.0,-6.0,0.31,1.4672763105346538,-0.33315034042808195,0.6135811151237793,16522.51154379084,16623.673051901707
1075,8.0,-7.05,0.06,1.341865739112138,-0.18141473312688922,0.5791742220145801,13433.184512118927,13510.70940111411
1076,9.0,-7.0,1.06,1.364783644665917,-0.010133667390833077,0.6622466102908975,13616.671028877086,13706.495829531057
1077,7.0,-7.0,-0.02,1.4541137777110227,-0.28593844989163686,0.595221289273572,14827.844358585458,14915.704476068655
1078,8.0,-7.0,0.49,1.5082177139753554,-0.2212859271091564,0.6619171495723521,14195.541310168252,14289.257564467653
1079,5.049999999999997,-6.0,-0.27,1.6394740060676904,-0.5580683240157186,0.5149686099292385,21303.504136912838,21412.889600541737
1080,2.049999999999997,-2.0,-0.1,3.1859795900537686,-2.081046283467672,0.5156880639033856,41056.372958236054,41270.14671411432
1081,7.049999999999997,-7.0,-0.23,1.4271750858438015,-0.3032674642853882,0.5291424014253068,15315.058884072261,15395.791411505656
1082,6.0,-7.0,-0.51,1.373828865797064,-0.3037851138045179,0.496664717430586,15198.776931953611,15273.932476319322
1083,7.0,-7.0,0.04,1.2765978449015245,0.04541750375647679,0.574759583513196,12078.76817521358,12148.20443934153
1084,6.049999999999997,-6.05,-0.19,1.2625502563919764,-0.3286071235938498,0.49731269065489336,16013.9678629179,16093.434404990861
1085,7.0,-8.0,-0.37,1.1892068735062362,-0.20810034799987978,0.49451871228449973,15260.215189336344,15335.409505296562
1086,5.0,-5.0,0.07,1.3396328893811036,-0.13924301109340492,0.5327558914023329,18510.481938168603,18608.60976534575
1087,6.0,-6.0,0.16,1.2040011784871407,-0.30941005501897023,0.5597885681436972,16118.148260017566,16208.747560489981
1088,7.0,-8.0,-0.55,1.2054152854799354,-0.2346158191471784,0.4748901187183355,14461.934079656496,14530.25177683533
1089,7.0,-8.05,0.28,1.0584109971318543,-0.17830350392481947,0.5598743363377071,14165.989857666395,14244.976418292099
1090,8.049999999999997,-8.0,0.21,1.43087069900662,-0.1740576371774071,0.6270189004473176,15571.733789145746,15669.229256804194
1091,7.0,-6.0,0.49,1.6828854427429403,-0.4249537536681131,0.6032271711149046,18955.031952813264,19069.589081319227
1092,6.049999999999997,-5.0,0.43,1.6245977685385604,-0.4024411866464884,0.5958298197772023,20828.397071630057,20952.179770021743
1093,9.0,-11.0,-0.99,0.9105782906007704,0.0524721202622906,0.47837610940624964,8643.593792417949,8684.859810288353
1094,7.049999999999997,-5.05,0.4,1.2522268065365592,0.03299899855795068,0.5591041867291642,14215.512844238929,14294.828560921844
1095,10.0,-7.05,0.32,1.3624748576864443,-0.2056189993548285,0.5640706828211075,11542.556534186315,11607.780059571463
1096,8.0,-9.0,-0.09,1.2271105467063073,-0.1759129314337077,0.5255337933527486,9442.51697233844,9492.044026357144
1097,8.0,-8.1,-0.27,1.7641909790950945,-0.08743794225259219,0.7755017162227853,16458.37050430699,16585.89629299601
1098,7.049999999999997,-8.05,0.28,1.2508252947117757,-0.18199941901133718,0.6108611217874231,14391.263034082505,14479.304085541402
1099,8.0,-7.0,0.87,1.2085793092097128,-0.11924778923795533,0.5623211445497462,15315.23639597255,15401.597065045547
1100,2.0,-2.05,-0.01,2.6985056602347455,-1.744029332100123,0.4811386942818476,45801.08436203711,46008.795328559514
1101,7.0,-7.0,0.36,1.4901357319384005,-0.40289561618679115,0.5117869397080742,21369.904768798002,21478.507222996905
1102,12.0,-10.0,1.24,1.0217796686671687,-0.07261438501434525,0.5459636593358862,11540.913108200322,11603.770126718751
1103,2.0,-3.0,-0.19,2.565047082620083,-2.0139511987699183,0.28713962510473734,47450.98441408501,47587.07009683721
1104,12.0,-12.05,0.27,0.876105960592092,-0.050047485411939256,0.46821203595968136,10637.285798820183,10687.142094531115
1105,12.049999999999997,-12.05,0.19,0.8056377637196201,0.10145583270420404,0.4698955237540154,10726.954402269528,10777.318448153854
1106,9.049999999999997,-12.0,-1.41,0.9157670892672957,-0.052520603754537556,0.42185080041473405,11874.669711269407,11924.657643591905
1107,5.0,-5.1,-0.12,1.3590349485939603,-0.5959551155220459,0.4485064978543851,28852.595984985353,28980.89072693271
1108,6.0,-7.0,0.3,1.5161902266012344,-0.7512923390745248,0.5497718641288197,22719.22534167016,22843.621869070204
1109,12.0,-9.0,1.0,1.2747998020123112,-0.07845033105558512,0.5464398834779345,12736.81187566922,12806.223629491664
1110,8.0,-8.05,-0.83,1.1785531103803442,-0.2641787379868155,0.41485419581875277,17700.20794981058,17773.619136510406
1111,11.099999999999994,-8.05,1.32,1.0907501021987802,0.11034450490824892,0.5677907316001924,14278.631853585206,14359.578272433784
1112,6.049999999999997,-8.0,-1.12,0.9719123836365496,-0.27955497213753544,0.38052917412962645,18926.41504075299,18998.434340281718
1113,7.0,-8.05,-0.04,1.2784543531106745,-0.44291633270499753,0.4776439752006329,21451.699504458662,21553.383740875666
1114,9.049999999999997,-10.0,-0.59,0.9359668038939546,-0.07764411443850373,0.41934879771471584,14606.03888074154,14667.306178994873
1115,14.0,-11.0,0.82,0.9027700436668359,0.04031514797874003,0.4857770428338104,11216.915708061568,11271.367146229373
1116,12.0,-12.05,-0.13,1.093807933622843,-0.04979266977864653,0.5036655202511511,14026.52780435606,14097.119145477638
1117,11.149999999999991,-10.05,0.25,0.9589223194868365,0.061248885824237626,0.4982128115744747,13369.62143027869,13436.002016428773
1118,8.049999999999997,-8.05,-0.02,1.2537778188909245,-0.205281783368486,0.5032627231494389,14285.82567044248,14357.370687888375
1119,12.049999999999997,-10.0,-0.16,0.9108444424325097,0.12221840339504979,0.4686283213896422,13558.06829761724,13621.51164746922
1120,10.0,-10.0,0.31,0.9865869096617058,0.01725788709957893,0.49265221766134254,13017.310994652147,13081.497966566358
1121,6.0,-8.0,-0.1,1.1707502895597244,-0.4455617078927911,0.4670352690769157,20014.2688876542,20107.40571597849
1122,9.049999999999997,-9.0,0.43,1.2635354456265553,-0.14629240535242588,0.5742369507610123,12670.7408075786,12743.20474138936
1123,8.0,-7.0,0.6,1.2382800494673287,-0.12078118074626337,0.53426470171138,17428.033547098737,17520.93402456543
1124,9.0,-8.05,0.28,1.2511788138134026,-0.12714338596145958,0.5441577904163981,16333.37892273215,16421.85130089249
1125,10.0,-11.0,-0.83,1.212031489358617,-0.24848060403182168,0.45970798821125874,14370.06338043234,14436.10338435082
1126,6.0,-5.05,0.31,1.6252333935422185,-0.5514452481746467,0.5462619964978861,28887.480331556257,29044.009476443913
1127,13.049999999999997,-9.0,2.25,1.1759383374122767,0.249717436494704,0.7085268695912146,11832.913388916197,11916.748341396475
1128,9.049999999999997,-6.05,-0.14,1.0998027215371857,0.012622221535171651,0.4941320219940717,17105.82081594312,17190.44040369612
1129,10.049999999999997,-12.0,-0.82,1.0090403430879338,-0.15358146663838093,0.43225582608128776,14595.316560164709,14658.332669425312
1130,9.049999999999997,-10.0,-0.56,1.285115846742105,-0.3947995109758893,0.44963258446738036,18015.384612063877,18095.798843248933
1131,7.049999999999997,-6.05,-0.13,1.3811090012632923,-0.28771290198134103,0.5012124776758458,24015.645829421934,24135.146994906274
1132,16.049999999999997,-13.049999999999999,2.17,1.1269791238129505,0.07825816593377181,0.6379360705608818,10955.010724539245,11024.901458368897
1133,9.0,-9.049999999999999,-0.25,0.9137755732533369,0.023056644117014125,0.46366619386528546,15072.285789955451,15142.093948730559
1134,11.099999999999994,-13.0,-0.39,1.084199066188335,0.16512298659921087,0.6090671411948357,11801.751733342635,11873.62798193068
1135,8.049999999999997,-9.0,-0.81,1.271128758349809,-0.16781788882930487,0.45593411313054927,18896.794810394178,18982.224983417036
1136,9.049999999999997,-8.05,0.42,1.3629497525603202,-0.2024191906827256,0.5511023774424602,19345.733314400542,19451.982744274403
1137,7.049999999999997,-8.05,-0.03,1.0977859838368023,-0.13892357985289955,0.481652749643346,16883.945356832563,16965.228104712394
1138,12.099999999999994,-12.05,0.0,0.9176697321040516,0.12870735689792365,0.530165079790749,10721.905038173289,10778.705748536386
1139,10.0,-11.0,-0.23,0.8890275393876222,0.029656441007667574,0.4493012158254755,12717.737133417497,12774.818462191026
1140,14.0,-13.049999999999999,0.83,1.1074661483574941,0.12675872295618157,0.6034253262131954,11351.162261526091,11419.56988895233
1141,11.049999999999997,-14.05,-0.92,0.9968170498659876,-0.06496733057068312,0.4706520922040549,13447.329167298434,13510.60984980019
1142,10.0,-9.049999999999999,-0.29,1.277638336047841,-0.1460692865315535,0.5419633966955558,18438.94961216042,18538.713336910554
1143,9.049999999999997,-9.099999999999998,0.47,1.043422612686505,-0.13576261785813756,0.5290882163937386,16533.97908851953,16621.437825566445
1144,21.0,-17.0,2.06,0.9112521136005087,0.31511403645515446,0.6389439369113776,6218.675532852033,6258.405700199909
1145,5.0,-6.0,-0.23,1.5564283185520336,-0.6363182561543965,0.4390333858589278,31534.34639709203,31671.096679299688
1146,6.0,-8.0,-0.96,1.0319901066990786,-0.29359873739602094,0.38945604249359456,20733.793323917795,20814.15801418524
1147,12.049999999999997,-12.0,1.46,1.0875154162927374,0.11134844033424378,0.6460279215962658,12622.900771286115,12704.299812467061
1148,10.049999999999997,-10.05,0.25,1.0680577365050965,-0.09283094534361147,0.49854768371131053,15612.988468282141,15690.796919065597
1149,11.049999999999997,-12.05,-0.07,1.1725443911915343,0.0016726130375547827,0.5611501877358868,14518.873029579194,14600.165833064886
1150,11.049999999999997,-9.049999999999999,-0.21,1.257168673454583,-0.003314875199964885,0.5262732886574876,17217.543142115803,17307.90370132939
1151,12.049999999999997,-12.05,0.31,1.1871681928984517,-0.0973957940658521,0.5407946521582838,15553.871206825575,15638.007402218867
1152,8.049999999999997,-8.05,0.09,1.0316200624561103,-0.014693223173801851,0.5004440683804963,17683.279591700473,17771.601141470106
1153,8.049999999999997,-7.0,0.12,1.3311437262540606,-0.20219961233479372,0.5103672168519217,22063.15333305001,22175.423546950144
1154,10.099999999999994,-8.0,0.59,1.1782148128856231,-0.056830811359383795,0.5456017723583348,17702.92405518386,17799.617878329773
1155,8.0,-11.0,-0.54,1.2185316528112242,-0.4289354019994716,0.49033048413669833,20025.681618665836,20123.45768514983
1156,10.0,-8.1,0.33,1.1039834977647394,0.01407439474795597,0.5367332872926533,15978.607534709117,16064.274766788109
1157,11.0,-11.0,-0.08,1.1616854772315013,-0.07622494963667197,0.5347410937285363,15913.849263527536,15998.832138731603
1158,12.049999999999997,-7.0,0.86,1.3152582645696,0.026128308188044718,0.631829518719432,14274.506091961612,14364.418582182621
1159,9.049999999999997,-11.0,0.03,1.1616005416403736,-0.20270556376233495,0.5486627658514464,17041.80421046955,17135.20073661094
1160,6.1499999999999915,-9.0,-0.06,1.238793584265106,-0.2504048463921926,0.5174474799912298,16225.919267195584,16309.967179027271
1161,9.049999999999997,-14.1,-1.87,0.89611929672032,-0.14148507333958554,0.4107220098266062,13914.28417855678,13971.26410949775
1162,11.0,-12.05,-0.33,0.9236320405233946,0.14670792239820643,0.5480211679694716,10695.941769624402,10754.484387878123
1163,11.049999999999997,-10.1,-0.14,1.0001878533607884,0.010364456539546213,0.5030602704963156,14052.327064124753,14122.927989393482
1164,18.0,-16.05,2.2,1.0232339611721082,0.21874520541816844,0.6339029737640647,9306.214668758817,9365.230141550914
1165,13.049999999999997,-12.0,-0.64,1.0794499491960716,0.027947704868648948,0.5056251926757966,13468.355508846162,13536.150002472146
1166,13.099999999999994,-12.05,0.85,1.1585820138496494,0.08372961041002078,0.5995267855105112,12432.685898090396,12507.148529662449
1167,10.0,-6.05,0.86,1.2716692147646829,-0.11704441258576073,0.5590384119666469,17855.574077315865,17955.24681552172
1168,18.049999999999997,-11.05,2.53,1.151575048789768,0.21768695785976894,0.6613533611265048,10285.64604786329,10353.607055684708
1169,10.0,-15.0,-1.15,0.9471343502114538,-0.2178807286402792,0.4497251732513283,14603.86394888614,14669.568924746258
1170,16.0,-13.0,1.11,1.018640424877102,0.19155459975392372,0.6202446130809499,10889.599849671273,10957.120617823985
1171,11.049999999999997,-10.05,0.07,0.9489707525609885,0.09163076586590457,0.5084322478968315,12935.422728975567,13001.121558729383
1172,8.0,-11.0,-0.6,1.0899686203183492,-0.09020799793019564,0.5597634363656527,16205.713008542029,16296.683643783615
1173,10.0,-10.05,-0.87,1.011521293676445,-0.07212418964670983,0.43400712934013447,14029.235365685907,14090.15606139177
1174,8.049999999999997,-5.05,1.26,1.4711788474559453,0.00019668228338873912,0.6800247928186574,21973.548212344198,22122.426934644976
1175,13.049999999999997,-12.05,1.32,1.047185760904878,0.036166309262680524,0.5699410549914817,13329.954821131983,13405.904238373645
1176,19.0,-11.0,3.98,1.285023431899518,0.3228124801202765,0.7888296216553404,10732.585491902002,10817.176022223437
1177,11.049999999999997,-11.0,-0.16,1.1763218188694355,-0.03637691240408361,0.525921071971233,13801.791112176817,13874.27702495279
1178,12.049999999999997,-8.1,1.87,1.2640516773872708,0.1940491423092089,0.7578207070816907,14359.30545853407,14467.972529516837
1179,10.049999999999997,-12.149999999999999,-0.06,0.8259768700585978,0.12364798488514676,0.5059946241095095,11573.255465596745,11631.741304181174
1180,10.0,-8.1,1.05,1.3529897825512298,0.06987689023549573,0.6950578039408245,17770.110117783308,17893.328412136867
1181,11.0,-8.0,0.55,1.210363724961866,-0.053354710092270254,0.5686052005810588,16552.131801620508,16646.069411476656
1182,6.0,-8.05,-0.41,1.4822360306829543,-0.49107231112092214,0.5508345402415562,25553.30562799247,25692.54881998755
1183,10.049999999999997,-8.0,0.89,2.043683706606457,-0.2903959821238154,0.7834308741795656,20645.598884281688,20806.67713115215
1184,1.0,-1.0,-0.05,9.506902794094623,-7.189717043106279,0.6899478865706772,145494.7854674827,146384.63426373436
1185,13.0,-9.0,0.92,1.6580276836239334,-0.061569903984276406,0.7397171279238727,15882.477599133912,15999.66765753446
1186,15.0,-10.05,-0.06,1.0571211000928902,0.08789757869181403,0.5127035491879213,12950.64564422128,13017.046036087755
1187,18.0,-10.05,3.21,1.3252179146731593,0.2953893222034636,0.7928922358644696,12367.387911777236,12465.330742977227
1188,9.0,-10.1,0.39,0.9546131885937725,0.0516815418113068,0.5507112806165675,13377.938011491464,13451.605245472683
1189,12.099999999999994,-12.05,1.45,1.150490250038601,0.31149310122696583,0.7006110813308883,11402.203456359624,11482.021233422991
1190,14.0,-13.0,1.37,1.0590909968111994,0.07990922966625796,0.598825447007813,13386.059481246204,13466.128863424005
1191,10.0,-6.0,1.77,1.665224774113597,0.1313957615336567,0.8338158530463857,20858.89709052868,21032.11090778174
1192,15.0,-15.0,0.36,1.022491175918213,0.06592868989499566,0.56794990078488,11547.669082251028,11613.167972195364
1193,4.0,-5.0,-0.15,2.0073423001117545,-1.3328749943697333,0.5503745744933988,43169.225850936484,43405.57586313719
1194,10.049999999999997,-7.05,0.76,1.5838932093669353,-0.24196514065340477,0.6327027995536425,21663.427335275035,21800.432956426244
1195,6.0,-6.0,0.38,2.063304130465164,-0.7112384492023649,0.7025916515919198,31903.06421026093,32126.008166144624
1196,9.049999999999997,-10.0,0.45,1.1885002982988178,-0.16581272246362727,0.5645332784826911,16867.840695142793,16962.88651589128
1197,17.0,-12.05,2.39,1.2521707366960484,0.21820838600016998,0.7709366374543579,11946.046900158479,12038.038049217806
1198,8.0,-7.0,-0.37,1.4720106607620458,-0.2567449658488095,0.4862392164858024,17953.054470649637,18040.14546671193
1199,7.0,-8.0,-0.13,1.3467844005819307,-0.2959510221460254,0.6288151998368976,22099.233753496617,22237.89453826406
1200,6.049999999999997,-7.0,-0.28,1.9096460587631419,-0.8207022036513809,0.5032996570184747,33774.06456791516,33943.15840654337
1201,5.0,-4.0,0.74,2.5174078583772794,-0.6534806906419209,0.8947327908753043,39446.04663962845,39795.50801508397
1202,8.0,-7.05,0.23,1.2568336384232193,-0.03848527953457889,0.5790339151931995,20675.600761465543,20795.23952932727
1203,7.0,-7.0,0.19,1.8762212924170483,-0.5289133244906632,0.6893823249943226,29141.262057298707,29342.104358838344
1204,13.099999999999994,-11.05,1.11,1.3518698498394943,0.09702116329141124,0.7261309110616041,12752.147757200291,12844.59565550559
1205,12.0,-9.0,1.17,1.4156589321248663,0.06877581209892117,0.680405091447905,14730.72237308946,14830.553007203811
1206,18.0,-15.0,1.4,1.240503648829392,0.15982912440277225,0.7080225157864943,11537.047673909325,11618.627998912572
1207,5.0,-6.0,0.1,1.8844539365301671,-0.84513922379303,0.6175639976223859,34763.94648517697,34977.216868824005
1208,14.049999999999997,-11.0,2.01,1.0946252130749614,0.1846742585951102,0.6718793874285761,12179.700656192852,12261.53865667292
1209,11.099999999999994,-12.0,0.45,1.3307433256536714,-0.18450660812880404,0.5961052304661597,16525.516338685444,16623.93416422423
1210,6.0,-5.0,0.13,1.817124936268158,-0.44541155467230903,0.631844053345991,30758.826885529612,30949.928984223643
1211,4.0,-4.0,-0.14,2.39850400880486,-1.032331927643007,0.5117016745768376,45838.628197144826,46071.6181159694
1212,6.049999999999997,-4.05,0.95,1.9656461636246618,-0.3675829808721805,0.8057957728828121,31077.866577558525,31327.13977876913
1213,4.0,-4.0,0.52,1.880067839827044,-0.5486074632187106,0.7754769342174646,38457.393924316166,38757.27493480932
1214,6.0,-4.05,0.55,1.8317799291544048,-0.46215379411077256,0.6876722078390618,32289.16389106515,32510.66542600049
1215,7.1499999999999915,-7.0,0.22,1.5772983626275727,-0.23388589533798831,0.6218458156172836,23989.39198914169,24138.11715862813
1216,8.0,-9.049999999999999,-0.09,1.4677716367691795,-0.3270654898348493,0.5952015124791568,20811.7914776606,20935.589203212243
1217,11.049999999999997,-12.0,1.34,1.396720447729095,-0.13262335124537147,0.7167824033381005,14729.42877123427,14834.966105622063
1218,11.049999999999997,-7.0,0.94,1.499871051817118,0.030173223192561643,0.6534898698020277,15149.891645118085,15249.053297546086
1219,16.049999999999997,-11.0,0.96,1.1398525452953847,0.17826668446108226,0.6163049117712831,11130.293287162112,11198.840306031967
1220,6.0,-7.0,0.0,1.851161291554177,-0.48721662526055426,0.621576662289695,31752.900398651804,31947.09298195683
1221,7.049999999999997,-6.0,-0.2,1.3163696559516618,-0.06452748768250084,0.5818828460236287,19691.302254428985,19805.599088479987
1222,19.0,-14.05,2.13,1.083833907719431,0.2189877831174193,0.6524301595912079,10348.2738458435,10415.756561677052
1223,10.0,-7.05,-0.26,1.6238615430254797,-0.16640408564810502,0.5611640074139664,20402.041982765244,20516.18316467082
1224,16.0,-13.149999999999999,1.76,1.0625862812388045,0.1225901677716074,0.628810614768199,8681.830800782212,8736.400044429554
1225,11.0,-9.0,0.6,1.38101029724566,-0.05943477397838294,0.6248094735135131,18472.159359333946,18587.6375350799
1226,20.0,-15.100000000000001,1.67,1.0246251361774334,0.21775037589385923,0.6267875906818314,8519.145415522795,8572.497275235823
1227,18.0,-13.0,1.26,1.2371256538101432,0.11802983813785091,0.6505505525567149,11690.578342032088,11766.579446589949
1228,13.049999999999997,-9.049999999999999,1.31,1.3698227273430548,0.09602021010697555,0.6872709527127099,14816.67704569127,14918.236178321906
1229,13.0,-12.05,-0.02,1.1437556089186531,-0.016941227877238205,0.5344238222028961,10790.783337662078,10848.403594692105
1230,8.099999999999994,-8.149999999999999,0.31,1.3963646772814031,-0.27523154831457625,0.6054867570711041,19007.920954046815,19122.891781170354
1231,9.099999999999994,-9.0,0.79,1.4377652325132788,-0.1297487285564076,0.6866794636073407,19507.815075668503,19641.594547326433
1232,20.0,-17.049999999999997,1.74,1.0560002412133596,0.12282019203925137,0.6200162415700894,8236.991367714825,8287.960206647134
1233,18.0,-12.1,1.94,1.3126612352920068,0.09055979022843794,0.6911760499192937,11981.361453180183,12064.067398159981
1234,19.0,-14.1,2.14,1.0574590865054598,0.25306887021079294,0.6556190706459722,8991.791154858183,9050.673785709929
1235,16.049999999999997,-11.05,1.76,1.3154990665157407,0.09913570327084989,0.6736544005434412,10297.0231101999,10366.37214549544
1236,19.0,-13.049999999999999,3.58,1.016184385854436,0.3906311142099354,0.6845682064277541,6907.230979799372,6954.466150990676
1237,13.049999999999997,-12.05,1.06,1.0630216088291424,0.2023169242597322,0.6482218116260806,12183.467026653469,12262.354598816273
1238,13.049999999999997,-16.0,0.03,0.9164194559271757,0.28788740577705824,0.6125590128695619,8218.917440221334,8269.240396585072
1239,15.249999999999986,-15.05,0.99,1.0388800922257715,0.18407998044187557,0.6155376606699446,9799.748115314174,9860.01746863839
1240,14.0,-10.05,1.64,1.2363369015320917,0.18801253932326442,0.6942074552795361,12459.864307889084,12546.246075726225
1241,7.049999999999997,-8.05,-0.05,1.2753869751283757,-0.12441633304569288,0.5783888269878275,17564.588466068344,17666.409381375586
1242,2.0,-2.0,0.06,3.8555523873540825,-2.0965278226534414,0.7909285129368188,61633.84174829764,62098.61360397936
1243,9.049999999999997,-12.0,-0.63,1.1824335498996619,-0.12005232160213067,0.5934904752442866,13083.72596094567,13161.336432466314
1244,14.049999999999997,-12.0,1.0,1.2564984004339543,0.12471740357400891,0.668571526738034,10581.700086834257,10652.311771857574
1245,11.0,-11.05,0.58,1.5087576158162521,-0.29004028273495985,0.6366092082293416,18059.54523969784,18173.867290078357
1246,10.049999999999997,-12.05,-0.6,1.1586025148098116,-0.15084115936186915,0.563950280103798,13922.511071131621,14001.147667636289
1247,13.049999999999997,-17.049999999999997,-0.33,1.014482957269346,0.1430772495656112,0.5941205269113724,10384.205410948847,10445.746941325115
1248,8.0,-8.0,0.22,1.2203636834175948,-0.09816754147085868,0.5709228119713005,17412.43257772425,17511.73548616278
1249,10.049999999999997,-9.0,-0.06,1.5763039087612725,-0.15847301069415107,0.6205132620091609,20224.03857622914,20349.18582143211
1250,14.149999999999991,-13.0,0.22,1.2859456808291865,0.05519806853199956,0.6342891343742092,12714.13831167468,12794.58410259984
1251,11.099999999999994,-10.05,1.57,1.218237694192592,0.054082831084352,0.6715605611820574,14737.757959252054,14836.503232213283
1252,8.0,-8.0,0.28,1.598609598637245,-0.37486646496478404,0.6340383883083521,22516.47661586823,22658.91141219048
1253,9.0,-9.099999999999998,0.67,1.2630429441234785,-0.02429216674110047,0.6298066774119044,15964.790399688396,16065.478458081669
1254,17.0,-15.0,0.96,1.001976886770736,0.155076988815541,0.5934048912590647,8368.489602286378,8418.072359829303
1255,13.049999999999997,-15.100000000000001,-0.8,1.1299501208481808,-0.045551208294703535,0.5545215282860099,9630.862876750969,9684.239722755001
1256,16.0,-12.0,0.47,1.0361420329248583,0.207310793603024,0.5769604201128107,10568.107456209582,10629.032547024106
1257,18.0,-17.049999999999997,1.57,0.9351622496248824,0.2286396560582885,0.6306041434151343,7506.7054539026,7554.058423884657
1258,15.0,-12.149999999999999,0.99,1.172528953432577,0.040059064729671745,0.6014961127021903,11150.628070039074,11217.611362000946
1259,15.049999999999997,-13.049999999999999,0.89,1.2321918771438138,0.04201057355758363,0.6457516836243751,11495.856859825446,11569.960051099102
1260,6.0,-6.05,0.22,1.4217503738815251,-0.21585591948720498,0.6259764998199601,19498.914274440842,19620.33472999306
1261,14.099999999999994,-16.05,-0.22,0.9344949116856716,0.13758180387052404,0.55456546471446,9978.693857290218,10033.970535044331
1262,9.049999999999997,-9.099999999999998,0.4,1.0880097212283553,0.0684085909691814,0.6154053264031585,13578.998756686342,13662.485341834015
1263,9.049999999999997,-10.1,-0.59,1.270914173059714,-0.14853160723973666,0.5704233299367529,15810.768300751964,15900.666092625039
1264,14.049999999999997,-11.0,1.86,1.0401529275953025,0.23189004575475247,0.6177914123494539,10520.964344127115,10585.921280349849
1265,9.0,-6.05,1.07,1.381466039764173,-0.040689822528256,0.6568823241119542,18006.434212304004,18124.74140165466
1266,11.0,-7.0,0.86,1.4732056769589648,-0.045748375635036705,0.6661558486668449,16916.383160975485,17028.964113368707
1267,13.0,-8.2,0.98,1.029703562871416,0.1966304755466665,0.5996957551954144,11480.929963020339,11549.754230950319
1268,9.0,-14.0,-1.66,0.9932022595397233,-0.0218825673342887,0.5140750024580707,10148.027279427215,10200.153943884501
1269,15.0,-10.0,1.7,1.1133384916858589,0.17902118743540643,0.6199569803370735,10866.949286702737,10934.34001951617
1270,10.049999999999997,-6.05,1.15,1.1492987544082984,0.21845888067172559,0.6501100884654188,13292.817517944331,13379.240219332385
1271,11.0,-11.05,0.6,1.0528047518960515,0.06831619975473506,0.578073198212572,12014.832338089662,12084.297039229948
1272,10.0,-9.0,-0.04,1.066512860020374,0.11943450274435113,0.600244760580529,13104.685916551673,13183.269218886198
1273,16.0,-13.0,1.26,1.2478697374748158,0.0879934119793611,0.6284659899588714,11057.43639492803,11126.868828729726
1274,8.049999999999997,-9.049999999999999,-0.5,1.33020455532305,-0.24363343258307504,0.5324565130945351,16696.907789918896,16785.754694226485
1275,12.049999999999997,-14.0,-0.79,1.0101259393230946,0.09919183987432391,0.5328403662921553,10298.128524628873,10352.995482059347
1276,11.049999999999997,-11.0,1.03,1.1422425685124238,0.024306515955723702,0.630091350886003,11837.464759696597,11911.864249630988
1277,16.0,-17.0,0.71,1.0256307265676834,-0.006979261874450287,0.5893245947800765,9309.211929984192,9363.96792577763
1278,10.0,-11.0,0.61,1.3149709885423764,-0.17550828297057722,0.6449189722418694,15625.22076549432,15725.394856069635
1279,12.099999999999994,-13.049999999999999,-0.7,1.0145722647530921,0.10139530584120499,0.5393683642404864,10428.988403923904,10485.263772723787
1280,9.0,-10.0,0.05,1.204060632139667,-0.1819786250119395,0.5445262978495076,15166.10224507876,15248.721256137083
1281,7.0,-6.05,0.0,1.5495694879435822,-0.4175567973459036,0.5593022389109003,22346.27158206359,22471.414874736773
1282,16.049999999999997,-16.05,1.7,1.0816357781826789,0.020814821337843264,0.6190434575204897,9290.733363644316,9348.163815674745
1283,12.049999999999997,-14.05,0.77,0.9919356918451456,0.08983008583699177,0.5835159685082512,10329.68663266363,10389.956497966728
1284,8.049999999999997,-9.0,0.26,1.3110877892736985,-0.210453666525436,0.5921571994864866,14396.804332204023,14481.988540546572
1285,15.0,-13.049999999999999,1.33,1.047171294689373,0.17696777821210677,0.6108452489452602,9100.81976335858,9156.413128249753
1286,10.099999999999994,-8.05,1.15,1.2946281488594364,0.05264343373495579,0.6423114201892025,12753.839044191069,12835.585571993564
1287,16.049999999999997,-17.049999999999997,1.56,1.0287545775304343,0.05458351594396239,0.6078790019755771,10243.131984063824,10305.389768651921
1288,10.0,-8.05,0.54,1.1989860356220705,0.10835179369533407,0.6208792185060649,14779.187697640697,14870.812725187967
1289,16.0,-12.2,1.73,1.1249730272503624,0.12605758910197865,0.6215599721912713,8833.282454693634,8888.180198833781
1290,10.049999999999997,-8.05,-0.01,1.1180850727683704,0.07568320997586372,0.5435683115778808,12904.921482712398,12975.112312110263
1291,10.049999999999997,-9.0,1.06,1.2696210309049771,-0.056064333629333496,0.6484015106501999,15297.452239498576,15396.539879053855
1292,9.0,-9.0,0.68,1.1382479623197748,-0.026229222325410105,0.5941068964430154,15162.102258771749,15252.256586230302
1293,14.0,-14.1,0.63,1.051161523814726,0.10836341717416269,0.5930826954366257,9327.564820604726,9382.851144328117
1294,7.0,-8.0,0.17,1.0562395068033794,-0.017378006748002196,0.572588056711101,14739.314442877881,14823.781908920606
1295,15.199999999999989,-11.05,0.89,1.0803103519558346,0.20341874520966644,0.6008985487096078,9639.087536439738,9696.957642385185
1296,9.0,-8.05,0.07,1.3588511497075806,-0.24119203359310956,0.5632120830783974,17455.870767858043,17553.826939450348
1297,12.049999999999997,-13.149999999999999,-0.97,0.9675558007572803,0.09365950431096955,0.5308534057024751,8887.523100551261,8934.77360558672
1298,7.049999999999997,-8.05,-0.29,1.5082521704037353,-0.37204380969461465,0.5795702762135574,15021.315351783587,15108.60191260373
1299,13.099999999999994,-13.049999999999999,0.28,1.031046375233072,0.12152153913107018,0.6029996005788949,9853.422720904748,9912.742148203324
1300,10.0,-10.05,0.53,1.2381604252919018,-0.0347556262211618,0.6451528909583466,13888.428512881728,13978.108989573915
1301,16.0,-13.099999999999998,1.51,1.1118999348235672,0.11838453541327831,0.6145520174881013,9564.027762249514,9622.72945617861
1302,8.049999999999997,-7.0,-0.38,1.5657449530412224,-0.2475541725802039,0.575404423942286,21227.927007971877,21349.555515489137
1303,5.0,-4.0,0.09,2.035503737282743,-0.6089544104293443,0.5900667154945666,30986.36841296965,31165.712300483756
1304,7.049999999999997,-5.0,0.87,1.4402600378787502,-0.03457403220255374,0.6764170278082391,19085.550055373755,19214.62856883667
1305,6.049999999999997,-6.05,0.13,1.5735005091978647,-0.44034343023099776,0.6040983322233564,23324.32784648549,23464.64640293065
1306,13.049999999999997,-11.0,0.31,1.0756294730434635,0.12568252398393823,0.5807064145609536,9634.569126630973,9690.481070907195
1307,7.049999999999997,-7.05,-0.11,1.4207855113431966,-0.24058736136791548,0.5385086407571428,19317.366892832863,19421.09713732451
1308,3.0,-5.0,-0.12,1.57752314624123,-0.6898157428988502,0.531501693442075,28925.93700542028,29078.13280309833
1309,10.0,-8.0,0.38,1.2662271159602714,-0.040335048425621356,0.5931596732159314,14897.162321895486,14985.286841967583
1310,8.0,-9.049999999999999,0.25,1.4084794166929362,-0.3160850816795938,0.5906506521993345,17245.4129434791,17346.74674813248
1311,8.0,-9.0,0.44,1.2101457466711605,-0.16257806092776048,0.5940932050806054,11680.337485609378,11749.658314715529
1312,6.049999999999997,-7.05,-0.44,1.4363501090876218,-0.3109111466804339,0.5222220529768351,19593.896856524876,19696.572108885583
1313,8.049999999999997,-11.05,-0.07,1.3233780758336828,-0.2865098176515051,0.5541063159287816,15541.886770192614,15628.06463669953
1314,10.0,-11.0,-0.33,1.2062457041027903,-0.15795670979957147,0.5396995802661727,13994.027110402616,14069.340266556854
1315,7.0,-5.05,0.09,1.3029131307478208,-0.05146218585960473,0.5808930678444731,18820.508857102468,18929.806870168726
1316,8.0,-8.05,-0.17,1.035227318290133,0.09428528482308073,0.5583161713605276,12414.066747515313,12483.235167403505
1317,15.049999999999997,-13.049999999999999,0.94,1.0542086982257546,0.11639929780619049,0.5980972539958278,8297.890460159002,8347.516033508653
1318,9.0,-8.05,-0.46,1.224895571178882,-0.06783622704456978,0.5240236187205952,14882.984795160208,14960.771243256802
1319,10.049999999999997,-10.0,-0.38,1.2111680435941397,-0.037083157675106046,0.5517926089972979,13984.187499884081,14061.326277447075
1320,9.049999999999997,-8.05,0.13,1.3512883063276122,-0.09980670940976963,0.5721016208937191,15226.892222302848,15313.908404368523
1321,9.0,-7.0,0.18,1.4714983166586184,-0.11851539087846094,0.5970125780717782,17912.534267629726,18019.511726865047
1322,10.049999999999997,-13.049999999999999,-1.02,0.9919624656254071,0.03529731712925232,0.5228997809142805,11420.61664863743,11480.241445568274
1323,7.049999999999997,-10.0,-0.89,0.9880275166619262,0.028230471920934596,0.5138819486522539,12990.318860333613,13057.081514973192
1324,8.0,-8.0,0.1,1.2009000570854271,-0.02544701474492264,0.5743412774648844,14061.642547971373,14142.203387572814
1325,10.049999999999997,-13.0,-0.43,1.1516859330722284,-0.21719362924671953,0.5503116896210055,13255.023276293416,13327.87531645005
1326,6.049999999999997,-6.05,0.62,1.4046111375092536,-0.09362177042772299,0.6438328978682114,18713.763438337028,18832.998896880992
1327,6.0,-6.05,-0.53,1.3265762625704438,-0.2150962757928615,0.51697670195501,19710.203582031332,19811.88998120188
1328,11.0,-11.05,-0.15,1.0987003608505246,-0.011199365043987325,0.5706789723298922,10486.861369265063,10546.603498962015
1329,6.049999999999997,-8.0,-0.24,1.410701462219677,-0.37436743296334135,0.557556374702395,16408.22138121583,16499.196890503703
1330,11.0,-10.05,-0.26,1.2466004718752093,-0.06932754446690594,0.5631037923784086,13113.780857765152,13187.49840263135
1331,14.049999999999997,-11.100000000000001,-0.07,1.0964985664332643,0.13022341721416208,0.5497171241238749,7856.285168913043,7899.433049996437
1332,8.0,-8.05,-0.19,1.2736317210990131,-0.22153554504782047,0.5198105393348975,15985.27620461839,16068.53799209327
1333,9.0,-9.0,0.33,1.2065620685919092,-0.04939743232690356,0.5854818464670557,13620.645431811652,13700.370858904775
1334,8.049999999999997,-8.0,0.11,1.077615461230748,-0.01451464511844535,0.5623550524418203,13897.22835983351,13975.24548421071
1335,12.049999999999997,-10.0,0.91,1.1455442088255645,0.10500035425626093,0.6050786135051962,10493.135924002798,10556.633466424493
1336,6.049999999999997,-12.0,-1.8,0.8547242547951456,-0.0365979837277896,0.4478630636148279,11019.462127986688,11068.741918477872
1337,11.0,-12.0,-0.29,1.2324728444634152,-0.09267422783904783,0.5682833185528018,13809.414975321724,13887.72564755113
1338,10.0,-10.05,-0.55,1.0870489764753017,0.05991659654457426,0.521715320862372,11081.110502428583,11138.795464021576
1339,11.0,-10.05,-0.33,1.166329709042696,0.03390225968059176,0.5205490715395648,10601.247595073142,10656.177908497271
1340,10.0,-9.099999999999998,0.7,1.3856131918455499,-0.10116553229297066,0.6305751208642135,14196.14808193659,14285.500562771906
1341,12.049999999999997,-10.05,0.38,1.26943588555448,-0.08941074542321854,0.5837428139805572,13106.731785232058,13183.164706188529
1342,6.0,-6.1,0.1,1.5955692384210807,-0.5202341782529645,0.5968848058253059,21075.272925613313,21200.88842714782
1343,11.049999999999997,-10.0,1.04,1.256660029847782,0.018477251674251013,0.6239498154513512,12389.940014339225,12467.210050496064
1344,10.149999999999991,-12.0,-0.45,1.100010577269233,-0.056267546901574594,0.5171289249191947,10184.117883371337,10236.60143484579
1345,6.0,-6.0,-0.21,2.135204924919808,-0.7003582446760211,0.5849093658852966,26193.84670233441,26344.723932492132
1346,17.099999999999994,-10.05,1.96,1.4420018621966566,0.20583404092937665,0.7813900003410307,9137.796410534807,9209.161468218785
1347,6.0,-7.0,-0.11,1.3976581274880464,-0.3606174412917497,0.5232101648377134,20057.190330766905,20162.122391808192
1348,3.0,-3.0,0.01,2.8619640066339582,-1.0987041282757168,0.7125684113379855,35910.62509831561,36167.019706586754
1349,11.0,-10.05,0.41,1.0691253144705974,0.0022644054090407975,0.5687391253682869,9460.643873906847,9514.45151364935
1350,7.0,-7.05,-0.13,1.448211016776515,-0.2938451401896891,0.609116549847334,18111.82160225015,18221.871269097614
1351,7.049999999999997,-9.0,-1.02,1.3436132029538483,-0.37293830071668077,0.46353633104630143,16530.454337729003,16606.60289772115
1352,9.049999999999997,-9.049999999999999,0.55,1.1647102241982403,-0.03073591088548388,0.5890863025711894,11987.944073504194,12058.388879453729
1353,13.0,-19.05,-1.14,0.9760883512603993,0.020524058011303102,0.5350371986468917,8476.67399339264,8522.045574805368
1354,9.049999999999997,-10.0,0.15,1.0735034606452627,0.05630834716844861,0.5757844324918564,8940.312804719677,8991.736994633166
1355,5.049999999999997,-4.05,0.55,2.0522795261298246,-0.5287361996864656,0.7085304551067737,26368.856949913352,26555.765399579836
1356,8.0,-6.0,0.11,1.7461444426481765,-0.2231011192277424,0.6039520908461454,20621.58971200577,20745.94673816688
1357,14.049999999999997,-11.0,1.45,1.0658627414254016,0.16037503108046608,0.6107878244660586,9185.568164309996,9241.560641205871
1358,11.049999999999997,-12.05,-0.41,1.217153821805306,-0.0874889471839667,0.5496850777249069,8303.446151609976,8349.106418790123
1359,9.0,-9.0,0.2,1.1528058384433764,-0.08014461912986941,0.5822555381558188,15000.70535792788,15088.14262084237
1360,8.0,-10.1,-0.44,1.2676627437262984,-0.1621358687668599,0.5375000213589785,15803.688807236287,15888.498135754484
1361,14.049999999999997,-16.1,-0.13,1.1873517253512351,0.004680528498576582,0.5819520313714094,9169.905603879753,9223.283596031926
1362,13.0,-11.0,1.29,1.167268539660249,0.09583559413023313,0.6235492073552886,10385.009769633578,10449.797254722598
1363,13.0,-11.0,-0.15,1.1073935240205353,0.06940053231646116,0.5693961778983383,9653.355868422434,9708.119255266614
1364,5.049999999999997,-6.0,-0.17,1.5348291713045117,-0.47962888108432444,0.5207278338354372,18944.90425611797,19042.4453148029
1365,10.0,-11.0,-0.14,1.0919460304365873,-0.011774488284655308,0.5588834731014908,10611.643893950968,10670.853457637342
1366,12.0,-12.0,-0.57,1.059321445190808,-0.0013958695177974205,0.5440594814774908,9660.28705378136,9712.8048086465
1367,12.049999999999997,-12.0,0.46,1.0872604903972103,0.12166700417950203,0.5946909530707696,9569.166123952098,9626.010273902879
1368,6.099999999999994,-8.0,-0.57,1.0845424594216804,-0.039731468687199664,0.5155105278081948,12434.83885984343,12499.23384106512
1369,10.0,-9.049999999999999,0.08,1.2824115143612393,-0.07438647082817575,0.5664461193441426,11931.355867522545,11998.470192064857
1370,16.0,-15.0,-0.09,1.1289838553741975,0.026538096380028665,0.5645265177094245,8465.474620486828,8513.230838730073
1371,12.0,-8.0,0.59,1.507313959436948,-0.09854658203104985,0.613126358920988,13579.7132549243,13662.877155394706
1372,14.049999999999997,-10.05,0.3,1.2378450135617283,0.039358362993669,0.5766131191165345,9578.038736347784,9633.28115029371
1373,12.049999999999997,-12.0,0.63,1.1872695966731264,-0.055413148932013434,0.5654470182450193,10189.194454076023,10246.793935210806
1374,10.049999999999997,-8.149999999999999,0.48,1.2399688784783645,-0.08870564764606789,0.6241735994724462,8731.528161446038,8786.061785598475
1375,11.199999999999989,-15.100000000000001,-1.34,1.0292978390691363,-0.04991555381626753,0.5021794995719927,8615.019698783753,8658.241436097198
1376,9.049999999999997,-9.249999999999998,0.16,1.0257892666901365,0.0796222869191423,0.5361439357490371,10043.330914203545,10097.047772367396
1377,10.0,-13.0,-1.19,0.9918255023121431,0.03283320607521812,0.514614883374557,9043.160672279617,9089.628973594443
1378,2.0,-2.0,0.02,3.004002492424547,-1.4357855447441927,0.594500614504975,31888.779516862443,32072.260593521827
1379,7.1499999999999915,-8.05,-0.32,1.1823536106726957,-0.2624773907446142,0.5164521797682903,14001.90953265433,14073.891303975144
1380,8.049999999999997,-11.0,-1.08,1.1220452234625304,-0.2064401218632964,0.44751886728396995,11344.967413540533,11395.566200931706
1381,10.049999999999997,-8.05,0.45,1.1923101802501843,-0.07525207409892583,0.5491741117024798,11462.742320762358,11525.674856586798
1382,10.0,-10.0,0.93,1.161892332790646,-0.06425860715639115,0.6026453963756104,10061.018573220194,10121.552510251468
1383,2.0,-3.0,0.01,2.7879193915839857,-2.3184376606795714,0.587222077771685,36285.74863210644,36495.37729828548
1384,10.049999999999997,-11.05,0.0,0.9648947472509966,0.04082805385633831,0.4698860321344901,12670.841053633301,12730.263464548492
1385,13.049999999999997,-9.0,1.09,1.0404076707004968,0.15657561318512192,0.5235478167561055,11913.304438487308,11975.701251844594
1386,2.0,-2.0,-0.01,3.7051257368042894,-2.7575159915478173,0.4070565621510831,65990.72805927243,66243.8356407067
1387,15.099999999999994,-12.0,1.96,1.6561306257649453,0.14084478575904072,0.9482622088557844,12910.2041046156,13032.334998185765
1388,7.0,-6.0,0.29,1.5313179997392816,-0.21085930452464696,0.6401214661445465,14744.208468689465,14838.420757524023
1389,9.049999999999997,-9.049999999999999,-0.02,1.3166001834381749,-0.09447741570018038,0.5635963806247603,11103.366674011771,11165.705312843636
1390,8.0,-8.0,-0.43,1.1965417532279767,-0.13029475123817774,0.489668514167203,12282.501573507392,12342.670147520754
1391,18.0,-14.0,3.31,2.2180565046370324,0.35804717437205846,1.338099590604474,13815.880947090869,14000.60189440949
1392,8.0,-8.05,-0.59,1.4001148916170876,-0.27636141961677496,0.47809817628938533,13171.810599695955,13234.518415900158
1393,7.0,-7.0,0.77,1.4688180539401243,-0.2669347257545501,0.647248002677808,14745.081241452577,14840.646370051794
1394,7.0,-9.049999999999999,-0.88,1.1047367811822786,-0.19652530948980618,0.49790245939068534,11848.607432293633,11907.57801806116
1395,8.0,-9.0,-0.44,1.248170837450028,-0.33221388686136394,0.5137679363141258,12408.370755230191,12471.81414885053
1396,6.0,-8.0,-0.88,1.2305601419601688,-0.39087496847161207,0.448284318969507,13313.361079037357,13372.667884348442
1397,7.0,-8.0,0.14,1.2953941570915075,-0.14431431022941768,0.6182567760874952,13357.273059596228,13440.011899801983
1398,7.049999999999997,-8.0,0.58,2.3158603596603338,-0.5910031654235202,0.9597417454047578,27908.718563146496,28176.40175929788
1399,5.049999999999997,-6.0,-0.03,1.6715387404588693,-0.5620709052765926,0.5518167818520923,18305.202747889027,18405.52748949849
1400,8.0,-7.0,0.15,1.3554430137407252,-0.195893774587006,0.5442664875432154,14003.299542778464,14079.478467080029
1401,6.0,-6.0,-0.07,1.4019648619255443,-0.3647184036763739,0.5471427590118548,16053.102499470313,16141.02788305527
1402,13.0,-13.0,0.14,1.6573042868725976,0.0079876398002752,0.7835726902998585,14430.680140789857,14543.64868608522
1403,7.0,-5.05,0.22,1.4802351380351795,-0.22851661011242513,0.5749788295027232,15860.614663373606,15951.251457839999
1404,9.0,-7.05,0.33,1.5546461319716587,-0.3137117345049777,0.5875640061781943,13173.222287498822,13250.246012459718
1405,4.0,-5.05,-0.38,1.4813833492739088,-0.6569200694899852,0.4672340553852932,18859.141838069187,18946.34215283361
1406,7.0,-7.05,0.38,2.15368243571344,-0.4790485672233321,0.8795037460125583,26923.647819664027,27157.76499252637
1407,5.0,-7.0,-0.15,1.4244737102943277,-0.590037862065058,0.492966825791091,17717.310526962116,17804.43352496422
1408,11.049999999999997,-9.049999999999999,0.57,1.776941677624154,-0.23016617699290193,0.8630416833728779,17706.923075825005,17859.718036859813
1409,6.0,-7.0,-0.29,1.4513479404456433,-0.46113496403124193,0.477980061449591,15832.321169701838,15908.203298702569
1410,7.0,-8.0,-1.27,1.391799712128103,-0.26585854193346703,0.38550288345351175,13900.334676781395,13953.575144204464
1411,4.0,-3.05,0.41,4.169070695511921,-1.4631814710287625,1.2016806355361713,42992.34503137839,43505.31232504656
1412,6.049999999999997,-7.0,-0.46,1.397924629863009,-0.576086363113383,0.45212564591606985,15917.083754393821,15989.33094346608
1413,7.0,-6.05,0.73,2.867422890982394,-0.6723856750576109,1.1428659261869512,23851.840554123763,24123.14323716784
1414,5.049999999999997,-7.0,-0.15,1.3853842591108225,-0.5462808092575689,0.4983468871420127,17887.84248578629,17976.5533626944
1415,5.0,-4.05,-0.05,1.6782729482622571,-0.5957880245751961,0.476924385754082,22317.84632051759,22423.45371706251
1416,9.0,-10.0,-0.53,1.312458525211751,-0.260169312665432,0.51675174788404,12941.39196365616,13008.124027947913
1417,8.0,-9.0,0.61,1.9239290278503212,-0.43352572519128446,0.8420986775313613,19043.40367924961,19203.121578969156
1418,7.049999999999997,-8.05,0.34,1.275068459588259,-0.3666743880626345,0.5742685410554609,15027.744016284516,15113.261343828863
1419,10.099999999999994,-8.05,0.29,1.8525737862110878,0.007347247887171595,0.8733269691385811,14512.001226447106,14638.29907107907
1420,12.049999999999997,-10.0,2.04,1.7852538331253927,-0.005914404255062973,0.9502529473846952,14216.735387227807,14351.71110985872
1421,3.0,-3.0,0.03,3.2301787285179335,-1.6575044102585306,0.6426343812602634,35843.92523078044,36073.700915018184
1422,9.049999999999997,-8.05,0.1,2.167054099298162,-0.4371409057752462,0.8541215940087648,21263.703065548812,21445.289918069193
1423,7.049999999999997,-7.05,-0.23,1.4820631548380778,-0.3510088276200187,0.46203838159423155,16003.255395984168,16076.632302077456
1424,14.099999999999994,-13.0,1.74,1.600786916481785,0.06088339622231107,0.8553107161724955,11906.107475648916,12007.949751674816
1425,8.0,-9.0,-0.12,0.9973401125732131,-0.10942578409652426,0.4582539244288187,10444.957532353345,10492.717251067284
1426,5.049999999999997,-6.0,-0.07,2.319143051088438,-0.8225224021922048,0.7772164909881192,30506.009857215548,30740.544173925893
1427,13.049999999999997,-11.05,1.43,1.828849694867491,-0.05976080962167873,0.9394568606178423,14471.58525524341,14607.311901323683
1428,11.0,-8.0,0.62,1.1730209045519977,-0.07428849395798709,0.5100549793904531,9278.690655546457,9326.068432830782
1429,12.049999999999997,-11.05,0.83,1.6941286553962458,0.11072777086279074,0.856903600044237,13528.784703760417,13644.093438571172
1430,15.0,-12.05,0.95,1.5660606620975248,0.21190658076553387,0.8800700266006638,11844.96862784056,11949.128149058917
1431,10.0,-8.0,0.55,1.1699919444804918,-0.05565659477190037,0.5591591833109065,9220.664773947663,9272.347338173313
1432,8.049999999999997,-12.0,-0.82,1.0264637439885664,-0.19638103534906323,0.4529462879073764,8336.729303138138,8374.697065288843
1433,15.0,-13.0,1.64,1.5533185945357242,0.20473639317984327,0.920384709880467,10962.86442606577,11063.53402365643
1434,12.0,-9.149999999999999,2.33,1.7027672548481965,-0.027516192088744174,1.0104568849604858,14353.47501945893,14497.9524100881
1435,10.0,-10.05,0.62,1.6751363154287056,-0.07698309023177068,0.8740327559689822,13718.147740961935,13837.909604631222
1436,12.049999999999997,-8.0,1.34,1.7387497128822103,0.13173858409152756,0.8744950616718434,13856.029095924217,13977.112587494095
1437,14.099999999999994,-11.0,1.65,1.9795698175630205,0.1739525213321432,0.9573295625935458,13217.937397135523,13344.380169747365
1438,10.099999999999994,-11.05,0.6,1.4371612610480546,0.23514302106563445,0.8619756643159103,11989.33611114076,12092.585479430383
1439,13.049999999999997,-11.05,1.29,1.7849037644388401,0.027951586525031945,0.9031298057752086,13332.846529093295,13452.81651874446
1440,7.049999999999997,-6.0,0.49,1.9943896872292517,-0.21088424347357837,0.8335766692025257,19936.838020097268,20102.473495713213
1441,10.0,-8.0,1.02,1.899377427853331,-0.183776602187896,0.9065315395274349,15550.722896995821,15691.623283549556
1442,8.0,-5.05,0.96,3.776245246160885,-0.5100863531152406,1.4545251381766218,23729.52226440094,24071.97897856438
1443,11.049999999999997,-8.0,0.97,2.4385259375121335,0.013140294743697099,1.1297297195365246,15854.678371103677,16033.782227995216
1444,8.049999999999997,-8.0,0.52,2.6121372784535515,-0.6802173467124618,1.03931578353516,24166.27551262255,24417.606026624424
1445,7.0,-7.0,0.27,1.2940876720844505,-0.2358657296284819,0.5487612975706069,14671.897224087485,14752.351937572366
1446,13.049999999999997,-8.05,1.51,2.220210225039216,0.14258228504615067,1.128363617349157,13049.823421308998,13197.002320709427
1447,8.0,-8.05,-0.02,1.452016092586736,-0.4456725313552012,0.5141975749126829,13131.689893108616,13199.366431654838
1448,11.0,-10.05,-0.24,2.424377451916329,-0.058119455899098886,1.078159686769995,13811.980025555446,13960.496557681532
1449,6.049999999999997,-10.05,-0.93,1.2117566140474254,-0.5686991524563785,0.4135386210949578,14214.516210844082,14273.2352341074
1450,9.0,-9.0,0.71,1.7806937479279432,-0.25243056168024613,0.8111395896971447,15985.027626018524,16114.384607074293
1451,6.049999999999997,-7.0,-0.29,1.2610473478988282,-0.1858859717590239,0.510738840482364,13086.253129639565,13152.84730381543
1452,12.049999999999997,-8.0,2.93,1.8274548062795644,0.28346002102072027,1.0029597914215096,12271.310160094923,12394.370117427956
1453,8.049999999999997,-7.05,0.17,1.5857567684318041,-0.36162306037823516,0.5452096824603767,15591.184952213322,15676.205249994244
1454,3.0,-3.0,-0.07,4.3364024339316,-2.0581958038255097,0.7520280061651589,48903.11648059486,49238.46391871938
1455,7.0,-7.0,0.11,1.2665913347080975,-0.2270071759187801,0.5280128899278023,13503.97077565582,13575.332426333382
1456,11.0,-10.05,0.74,1.9697393946888844,-0.21426593937059704,0.9175991270116416,14749.183863300897,14884.609487972713
1457,6.0,-6.0,0.5,1.5037292386709902,-0.2785980777559742,0.6372939595830835,13618.164754754778,13704.622203264034
1458,13.0,-12.0,1.05,1.7428200827713138,-0.038578696123592944,0.8935945588129307,11765.586166785572,11870.349498879114
1459,8.049999999999997,-8.0,0.53,1.4557747392462952,-0.2520078309354336,0.6071975000130737,13257.74983103384,13338.143400896432
1460,10.0,-9.049999999999999,0.78,1.56992819310413,-0.012080201125576773,0.8297819647087893,11457.493035436539,11552.522732147634
1461,9.0,-9.0,0.04,1.3710660589830512,-0.3064219615756736,0.5470329495095543,14061.36708064299,14137.776628047528
1462,7.0,-7.0,0.1,1.3913021439524562,-0.25257548298498295,0.5532912641877336,14114.434575714131,14192.783378706397
1463,6.049999999999997,-8.05,-0.61,1.3044076423761863,-0.4895157948841134,0.48353811509220895,13819.992626723437,13886.521498150549
1464,12.049999999999997,-10.0,0.65,2.03322959414914,-0.2166019512565012,0.8781386334249818,14566.969476660632,14694.254313638947
1465,6.0,-6.0,-0.07,1.5495414625504829,-0.3717187592758775,0.5360371470028146,15932.62101998831,16018.139154154283
1466,15.0,-10.1,1.91,1.868403512170231,0.012327472106658813,0.9515364211500855,12779.34738895006,12900.81314727559
1467,5.0,-5.0,-0.22,1.838329079364438,-0.8562189643247506,0.4803880268989916,20803.42678060206,20901.202666097608
1468,10.0,-8.05,0.83,2.116203676924143,-0.14651595734389147,0.9140577105713974,17990.31020397527,18154.879277782693
1469,6.0,-6.05,0.13,1.5430406740509468,-0.6159083244732997,0.5846953732968923,15419.378983234923,15508.824138215172
1470,14.049999999999997,-10.0,1.93,1.9495111032286963,0.04780304699252357,0.9737099250835425,13066.754501154745,13194.033320343551
1471,7.0,-7.0,-0.52,1.6858919349717012,-0.4040784763970896,0.5047627675129313,15687.52734028044,15766.079257713021
1472,9.0,-8.0,0.62,1.9672717870219487,-0.16385593260986867,0.9408475404498706,17148.40435046985,17309.549182225346
1473,6.0,-6.05,-0.1,1.6043673893327977,-0.5791638098702022,0.5579711309266845,17306.84468089969,17402.510432718624
1474,9.0,-6.0,0.52,1.923660418488423,0.10866004623231532,0.9227518189064152,14945.197078363399,15082.946548200553
1475,5.0,-7.0,-1.0,1.2386446454706301,-0.25183562565574136,0.48180069567946454,14263.174084935985,14331.971871814176
1476,8.0,-11.0,0.06,1.414803456302251,-0.10704526584682748,0.7498244134590395,11340.791835152297,11425.752861860841
1477,6.0,-7.05,-0.49,1.3856984003188775,-0.24454846424864338,0.577645413488984,14245.537648678464,14327.607329351886
1478,9.099999999999994,-8.05,0.31,2.5044832999912785,-0.4136367115094652,0.8866974439821695,21038.89639806342,21223.555217891535
1479,7.0,-7.05,0.05,1.6797985147349583,-0.37956289904070273,0.6400225410698533,14578.57239465846,14670.766049782645
1480,6.0,-6.0,0.21,1.5106728413623447,-0.21649121268975066,0.5978674413623498,14578.18529740661,14665.08843923217
1481,7.049999999999997,-7.0,1.01,1.832892910645659,-0.43681049263666766,0.8020919068626905,15658.659606806876,15783.264299224533
1482,6.049999999999997,-6.0,0.31,1.9345938432030045,-0.43231483592809733,0.7589920783979422,17854.426138796745,17988.387928005395
1483,5.0,-7.05,-0.82,1.560910139504272,-0.5575075047006454,0.5186826338930558,17474.49759476867,17564.117205252067
1484,12.099999999999994,-9.049999999999999,0.02,1.5170996408456765,0.12005905023066805,0.6918587697614459,10011.577578280618,10080.508685347182
1485,6.049999999999997,-7.05,-0.15,1.8898116104992801,-0.5711912171688199,0.6988706351468621,16904.52465144826,17022.895487210175
1486,8.0,-7.0,-0.25,1.8315343339623593,-0.24474832423875156,0.7283609213470467,14851.470050327342,14959.432988979843
1487,7.0,-7.0,0.08,1.8112787946426026,-0.2241905146000612,0.7608428531127193,17451.84982870561,17584.39660565778
1488,9.0,-9.049999999999999,-0.13,1.6510828669510047,-0.1498999143874272,0.7636466944253367,12585.570776553403,12681.614522882652
1489,7.099999999999994,-9.0,-0.11,1.628820745904519,-0.10327553115534942,0.7126339934218463,13363.415233642003,13458.369887916768
1490,7.1499999999999915,-7.05,0.92,1.9842261186968662,-0.22859526957306397,0.9142166438967304,17538.10171147869,17698.77579381425
1491,10.0,-7.05,0.79,1.777133020660202,-0.04243700823820403,0.8256104062822024,13352.743033393233,13462.548621728716
1492,8.0,-8.0,0.54,1.7699184033807167,-0.26496610642058577,0.8650269026588284,15258.190350156043,15389.69152562093
1493,8.0,-10.0,0.39,1.4749505555928084,-0.03667696391209542,0.7544843327976488,13239.184456684505,13338.934663531572
1494,7.0,-6.0,-0.31,1.9962867721497306,-0.5204742227261495,0.5897281673116979,18214.212499761124,18321.83138411804
1495,8.049999999999997,-8.0,0.16,1.9751670163734254,-0.12397725938421701,0.8715081258700347,16885.514857312563,17032.313242495173
1496,12.0,-8.05,2.07,1.8463809167954182,0.10297801460698958,0.9831865962743912,14680.324026726234,14824.639463665588
1497,7.0,-8.0,-1.03,1.696802943015184,-0.7461381289292489,0.5259116793208652,16340.870020751594,16425.950907324088
1498,9.049999999999997,-9.049999999999999,0.2,1.9397358628884473,-0.29598981132890106,0.8510533298619167,17197.7808725114,17343.447470346688
1499,8.0,-7.0,0.24,1.936916852789463,-0.24492347698575542,0.7541483192144927,14638.94897767306,14748.793395275869
1500,10.049999999999997,-9.049999999999999,0.43,2.0433327951798312,-0.2541448785006859,0.8918544583093484,17748.91029948232,17906.439756723055
1501,7.0,-8.05,-0.26,1.7141406911190324,-0.38815627933632213,0.7129335854191221,14990.445875923373,15096.993301320574
1502,10.0,-9.049999999999999,-0.12,2.05612886943438,-0.17258424466616942,0.8348205468900032,19221.474209623248,19381.49108503073
1503,7.0,-6.05,0.01,1.7518259682118913,-0.3913450351468829,0.6397586762736647,15183.647704641344,15280.508586076687
1504,8.0,-8.0,0.91,1.7858728455902693,-0.15398605901164814,0.925672771225488,18926.70137816548,19101.89891662381
1505,7.0,-6.05,0.18,1.3929487867477046,-0.16812016860041312,0.5904899652653767,13617.876978677867,13698.197302543374
1506,6.099999999999994,-8.0,0.08,1.8207134214234857,-0.45181808017285,0.8578248526743137,23517.732664612675,23717.73588667377
1507,9.0,-8.0,-0.09,1.589062750634293,-0.3567371235747261,0.6013299126194018,12130.13976772887,12202.657734917371
1508,7.0,-9.0,-0.2,1.140477270376825,-0.21583456713847707,0.5042649623427835,12002.856129242055,12063.271581183775
1509,11.049999999999997,-11.0,-0.04,1.7807859483796669,-0.03727685232649992,0.8383941356523137,14984.37112409386,15109.743068282933
1510,8.049999999999997,-7.0,0.87,2.075687501949841,-0.09488996827359739,0.964133787710589,21374.834854811113,21580.22612670822
1511,11.0,-9.0,0.95,1.7720924271070613,0.157405341082343,0.902775588148516,14588.684297685564,14720.33216658259
1512,7.099999999999994,-7.0,0.05,1.4447429131124543,-0.2514162924467867,0.5464458477823009,12165.613277027725,12231.909821894893
1513,6.0,-8.0,-0.31,1.3027619150744918,-0.18263495831428353,0.5354818082356911,12262.931699378923,12328.319865387584
1514,6.049999999999997,-6.05,0.12,1.3603848141813435,-0.33155851362985433,0.5704183024682641,12102.759619922155,12171.49718410179
1515,12.049999999999997,-12.0,-0.42,1.4928845564879167,0.1563514451687935,0.7990043205751997,11879.307517512794,11973.925996961303
1516,5.049999999999997,-9.0,-0.56,1.290693814916086,-0.5720001526077693,0.547611053025308,12464.912866692966,12532.846677823427
1517,3.0,-3.0,0.4,3.9303074015969135,-1.5806266302430247,1.3814412079832772,44264.660680086185,44854.93781449764
1518,6.049999999999997,-7.05,-0.44,1.688161684020949,-0.4708668165769355,0.6139664436659965,13209.650076686272,13290.203331480487
1519,8.049999999999997,-6.0,0.53,2.00941009849594,-0.38361639967057615,0.7618264231344893,13183.767244542101,13283.925779301326
1520,6.049999999999997,-6.0,0.36,1.6782199756288214,-0.14575413068198564,0.7797005055586649,12803.99964332833,12903.801795119709
1521,6.049999999999997,-7.0,-0.22,1.8224852967479697,-0.47988981822715804,0.6648104210630461,13828.083963106952,13919.827270961508
1522,7.0,-6.0,0.25,2.7609511613555004,-0.5983249810305411,0.9357717672156808,29563.62860209242,29836.355303643093
1523,6.0,-5.05,0.28,2.1876266596309657,-0.7355282930123456,0.7454657352093189,16865.372208390923,16990.06055778403
1524,11.0,-12.0,0.46,1.8174163899749012,-0.14828186399817878,0.8827094138153612,16461.339748039532,16606.3252641172
1525,12.049999999999997,-10.05,1.9,1.925905018337238,0.15583650879759164,1.0254439486629652,15751.74709351211,15913.47992049545
1526,6.049999999999997,-6.05,0.18,1.6333441044455033,-0.28117330123947515,0.6732959162059854,13508.366106752506,13599.60060766252
1527,15.049999999999997,-13.049999999999999,0.31,1.6559274561262645,0.1677049236235766,0.8707100429693198,12249.789872756455,12356.266210991163
1528,6.0,-4.05,0.12,1.7423502805394309,-0.12571911952987905,0.6320271542738585,13290.058531004795,13373.837335907325
1529,7.0,-5.0,0.78,2.006671978283951,-0.2450614381577148,0.7775118488430641,13773.480660988098,13879.720137716522
1530,10.0,-8.0,0.24,1.9409878454179217,0.09080563716410336,0.8996396400838335,15082.632111767984,15218.074062552541
1531,13.049999999999997,-10.149999999999999,0.17,1.9803098496312084,-0.0621635270405015,0.8607180715142063,15182.094817023755,15312.55689869663
1532,5.0,-6.05,-0.19,1.9523641637575382,-0.7628684334205278,0.5922608973250072,16229.213710596254,16325.348623006144
1533,11.0,-10.05,0.06,2.0979978846417504,-0.22358765406867143,0.9199903415034218,16250.274272961917,16399.253127129654
1534,5.0,-5.0,-0.08,1.920054566372372,-0.6809437351703074,0.5458755112741459,18551.69636900242,18650.804840840294
1535,11.049999999999997,-8.1,0.78,2.031332823559631,0.053587049661674886,0.9530449896278135,15495.96683729878,15642.989524435998
1536,4.0,-6.0,-0.99,1.3474452672607318,-0.5009076546025761,0.41972447606873353,14928.742242731916,14991.541878907667
1537,5.0,-5.05,0.17,1.8065931061219322,-0.37921025196582614,0.736051368420574,14934.489242573629,15044.100195746201
1538,6.099999999999994,-7.0,0.03,1.6054849917301734,-0.4023511639888284,0.6839138532171108,13339.573816261262,13430.227101250859
1539,5.049999999999997,-6.0,0.16,1.4984284200124975,-0.15885223365098586,0.7176675177959341,13860.926973595002,13960.439066214743
1540,7.0,-7.05,-0.55,1.8183922325544406,-0.36155680405336166,0.5924987816813853,14741.871493202558,14828.668931112676
1541,7.0,-5.0,0.81,2.798305935727383,-0.5611250282561934,1.0166891937258997,22719.312778586045,22948.63438986065
1542,5.0,-5.0,-0.3,1.8676102911625407,-0.48649754321644517,0.6084951033442979,18606.30888442522,18719.025674704033
1543,7.0,-5.05,-0.08,2.012272100923841,-0.40041697548217897,0.6823847672044105,18733.706078605406,18861.67013119305
1544,6.0,-5.0,0.34,2.1507626490332945,-0.3055739870879518,0.8736809970036508,19063.29086734488,19228.920120333674
1545,5.0,-5.0,0.37,1.7589793199144856,-0.2851932603919652,0.7411666817625605,18916.04110265345,19055.84477735589
1546,6.0,-6.0,0.55,1.5734757847084002,-0.06981516121877727,0.7584606141399505,17554.644209856586,17687.325843867693
1547,8.0,-7.0,-0.01,1.830452531057529,-0.3337123516607774,0.6983383738878404,17425.05512594891,17546.494287221514
1548,11.099999999999994,-9.0,0.76,1.4490354257688314,0.03281110094647245,0.7471447535923701,11356.860059042387,11441.620231668263
1549,11.0,-9.049999999999999,1.12,1.4862382537408179,0.03288950500766089,0.8102913101360499,11626.513424312196,11720.395762871525
1550,3.0,-3.05,0.11,4.374793135956346,-2.797198462752601,0.9915429646802052,50339.70038613304,50807.03635071616
1551,10.049999999999997,-15.0,-1.07,1.2018396307797397,-0.00010578314711615251,0.6870297131225249,8840.754169479584,8901.389568204826
1552,11.0,-11.05,0.19,1.4612494759098167,-0.11120382112010901,0.7219573889190734,10559.511426337398,10635.879177247874
1553,3.049999999999997,-4.0,-0.25,3.0292245324478837,-1.570070078027943,0.6921640646849683,36324.89295784151,36573.71639525163
1554,6.049999999999997,-5.0,0.53,2.185945444353498,-0.42653251117809987,0.7753282162282901,18927.966818344208,19075.045077922598
1555,10.0,-8.1,0.23,1.6154353065636962,0.033952074077386145,0.7960500513071348,12123.356718813546,12219.615786131444
1556,15.099999999999994,-11.05,1.31,1.7272694100636374,0.2049912607019656,0.9213611473391439,11704.923683953255,11812.66861870658
1557,8.0,-6.0,0.2,2.0369957351295227,-0.11411047860098517,0.7449265742983705,18055.127301158635,18189.308306701707
1558,13.0,-9.0,0.76,1.7976514485843733,-0.07028921302740392,0.750425752280315,13744.607284026037,13847.481965551582
1559,10.0,-10.0,-0.18,1.4958418738179198,-0.11982776641991452,0.7077494512794632,13065.990537170119,13158.333373405521
1560,11.049999999999997,-10.0,1.1,1.6830317051291495,0.07138164018043187,0.9009484799337312,11435.35927976528,11538.409804826762
1561,15.049999999999997,-12.0,1.73,1.88309347823569,0.06325792061169926,0.9903680840161206,12034.323225713424,12153.481312992568
1562,1.0,-1.0,-0.02,14.904271134909228,-8.154260873607896,0.9732831051133559,141829.02607479214,142278.452949371
1563,7.099999999999994,-7.0,0.48,2.5398115034173374,-0.7935162935236659,0.9063447795012695,23957.477773778824,24174.19168024377
1564,10.0,-11.05,1.02,1.570200143548117,0.08746358598279157,0.9215978519923381,13602.983130508217,13728.270410303174
1565,12.0,-11.0,0.4,1.6494230821192948,0.004931742451853383,0.8456293446472519,14576.482870354357,14699.844082542315
1566,13.0,-9.049999999999999,1.25,1.8196701472777022,0.1455902407387886,0.9283168986861647,14580.397335859707,14715.645533673624
1567,10.0,-8.0,0.98,2.1642257794125865,-0.17437833787549717,0.9237929202570047,20536.379969799855,20725.824886776936
1568,11.0,-11.0,-0.34,1.4802519792279696,0.022351160874532074,0.7092082366760469,9460.975745682254,9527.973633446567
1569,10.049999999999997,-7.0,0.78,2.329339796341254,-0.36833087204691717,0.9276354434266143,19978.07126906009,20163.338600318384
1570,7.0,-5.0,0.62,2.3315638983135805,-0.3973770921694176,0.933029402731949,25656.200889796135,25894.82221619969
1571,6.0,-6.0,0.05,2.288821930646841,-0.6130618300798476,0.7567702538120382,17339.956393495075,17468.821362595238
1572,10.049999999999997,-7.05,0.62,2.046784426397038,-0.044287318715436584,0.8761172620632383,17458.672519658525,17611.61730553754
1573,7.0,-4.05,0.18,2.235504250765957,-0.4586224144906262,0.7661181565528692,17948.190911773185,18085.543296631015
1574,15.0,-9.049999999999999,2.81,1.7192467719091813,0.2653108026869315,0.9467953448841978,13081.176090508681,13204.827039279235
1575,5.0,-4.05,-0.17,2.369310923273722,-0.8784878344418675,0.6785433319858092,19173.640635289124,19301.814557858484
1576,15.0,-11.0,1.54,1.7294760937652065,-0.013534909944827247,0.8971080547439574,13885.190783178425,14009.684892259565
1577,8.049999999999997,-6.0,0.61,2.2515926690599786,-0.3898234628186587,0.8282264327847554,14587.207342189522,14707.772455567347
1578,7.0,-9.099999999999998,-0.13,1.5548568194825976,-0.07532939286681323,0.803914433160792,16799.134340645614,16933.843065580557
1579,5.0,-5.05,-0.31,1.88399128619459,-0.45055705895707865,0.6557691701435371,16552.496261495882,16660.976873403022
1580,9.049999999999997,-9.0,0.57,1.6018287534623017,0.11506148003105436,0.8550745482369918,15483.450354685343,15615.49723340971
1581,12.0,-9.049999999999999,0.45,1.9842362589018605,-0.04367482423753167,0.8370208788173366,15349.8097098698,15477.813945347147
1582,9.0,-9.049999999999999,-0.16,1.7819211207260328,-0.38792537598426685,0.7537963321171065,16707.324125394993,16832.99248169423
1583,6.0,-6.05,-0.43,2.215575847811735,-0.9035489510852731,0.6031457547249335,16970.36455285843,17071.8028074219
1584,16.0,-14.0,1.07,1.5964971337909404,0.17726888415040976,0.8564323452909661,11025.53594228756,11119.711771738897
1585,6.099999999999994,-6.0,0.64,2.106491547080909,-0.2832336515066898,0.8815803025729997,15550.890987039436,15688.421489997749
1586,10.0,-10.05,0.12,1.470078326639843,0.12646402448743668,0.8171292548560632,11618.530860177914,11713.45986254143
1587,6.0,-7.0,0.08,2.1699272088320107,-0.7805737180153871,0.7786410172397135,15558.864748728463,15677.924264030366
1588,12.0,-8.05,1.58,1.6697963867610437,0.07001040249862751,0.8850102918405968,12373.775767158353,12482.931934450435
1589,5.0,-4.0,0.03,2.3905772195606345,-0.7189801403103843,0.7139278504999009,19286.83083047428,19422.947048951508
1590,12.049999999999997,-9.0,2.25,1.4886088434628826,0.3129657578306105,0.922202989969593,10508.581876391676,10605.29354418542
1591,8.0,-8.0,-0.6,2.160193249644096,-0.76263247128962,0.5771389682359481,13681.500471758238,13760.771596358967
1592,10.049999999999997,-8.0,2.12,1.5204550368974463,0.28102766366472764,0.9399329703989991,11913.003141901121,12025.006022777385
1593,6.0,-5.05,0.46,2.177057384167402,-0.4682552883992506,0.8208583905514321,15846.653211827204,15976.991540740451
1594,12.0,-12.05,0.34,1.536730687500987,0.06623754192604528,0.8265946689560625,11388.974655011203,11482.89409415937
1595,5.0,-6.0,-0.35,2.30132726368304,-1.0665195452939253,0.6050576939552857,18120.772275047468,18228.8323585922
1596,14.0,-12.05,0.59,1.4972363388300174,0.25926641748590357,0.8345587468890048,10581.224137243426,10669.474838195607
1597,6.049999999999997,-6.05,-0.48,1.5737441801529952,-0.17317269910543528,0.557666636717615,11652.34172497742,11717.220032297266
1598,14.049999999999997,-10.05,2.27,1.8351644438806525,0.12045863512258083,0.9356689060606677,12656.343244730255,12774.551786605158
1599,16.049999999999997,-13.049999999999999,1.74,1.6080188288954722,0.16687744029656978,0.894101254670863,11381.122206866177,11482.760736584
1600,10.0,-6.0,1.15,1.7221638158379056,0.1065502535779739,0.798374765057191,9391.837813612632,9466.917256504745
1601,12.049999999999997,-13.099999999999998,0.65,1.6236101563126801,-0.0066622390341809345,0.8418090286681806,13553.246092451986,13666.930900969566
1602,13.0,-15.05,0.69,1.5161396976636832,-0.12569536548319438,0.8360059823017201,12508.793294958792,12613.076088271742
1603,4.0,-7.0,-0.59,1.796071804085702,-0.6976436794523346,0.6775322874573342,25592.028547357928,25762.948643938125
1604,12.049999999999997,-8.0,1.25,1.4956158907987362,0.0915325200042715,0.7206976271848988,7653.860417407959,7708.977372908964
1605,13.0,-9.0,1.61,2.0069562681670665,0.01947054942363534,0.9849777715714878,14688.070869270356,14832.339805959717
1606,9.0,-7.0,0.58,2.3193003530044938,-0.26184308512745413,0.9070536326407367,18209.02893180039,18373.505238878526
1607,2.049999999999997,-3.0,-0.08,4.970575206219025,-2.906692327531102,0.6969502335101074,58972.16175012327,59376.04312896838
1608,9.049999999999997,-9.0,0.31,1.3672639693620197,-0.1171704308427764,0.6289491182942052,8269.195529524543,8321.30263499749
1609,12.0,-13.099999999999998,1.0,1.5204841891667071,-0.07186206774234064,0.8557836712859667,10368.190511521507,10456.78556064035
1610,10.0,-10.0,-0.06,1.4803542137272636,-0.07434223381756945,0.739032971554886,11795.882142822773,11883.311186855473
1611,8.0,-7.05,-0.07,1.6720661639767145,-0.11825913988774088,0.7371388798819207,14157.473692678665,14261.681589584674
1612,13.0,-13.0,-0.29,1.4741161913533694,0.0834523797069959,0.7646011992969884,8958.19209461683,9026.503363921525
1613,8.0,-8.05,0.14,1.3152599801460072,-0.23658781455637623,0.5881544778541667,8891.930674573114,8944.047824746422
1614,10.0,-8.05,0.87,1.950753824433808,-0.24508028793944772,0.8796059703750262,14032.765270824959,14155.854823868829
1615,7.0,-6.0,0.16,1.5683684033816567,-0.3006234241686353,0.5382674692095404,13322.936276999802,13394.585788153101
1616,9.0,-9.0,0.19,1.6327169096392269,-0.16866858917475216,0.699646122229186,13085.465721803823,13176.743224636002
1617,8.049999999999997,-8.05,0.24,1.1353879190525715,-0.08263950607643501,0.585993827170036,9054.567687629547,9107.553284696745
1618,1.0499999999999972,-2.0,0.07,4.133482793946906,-2.8083376021285096,0.9582108942524079,59952.53758128762,60484.179253639195
1619,6.0,-5.05,0.13,1.5916808864994518,-0.3223036336053268,0.5980488168446499,13080.62447926714,13158.426190842827
1620,15.0,-12.0,0.61,1.0127916162342256,0.1643530656982681,0.5596069383260204,5743.055818639095,5775.12274896575
1621,8.0,-7.05,0.2,1.695844437874534,-0.1463829663433186,0.7833484809076325,14124.860955512719,14235.429294420586
1622,9.0,-8.05,0.71,1.9289374500320662,-0.06665822861238241,0.9039758522557817,14355.68830905707,14485.096003955236
1623,6.0,-7.05,-0.27,1.4364992211601604,-0.1438140283051685,0.6462832165252107,13212.20284068768,13297.585883794534
1624,9.0,-10.0,-0.03,1.6377193292385097,-0.13388822587641164,0.7562818752946485,12881.177661673457,12978.254671356943
1625,8.0,-6.0,-0.14,1.832967435723697,-0.45762046979138077,0.6229384813752251,12965.95595805089,13046.843091574987
1626,7.049999999999997,-7.05,0.74,2.179261881186686,-0.5067232066754662,0.9469632430592738,16536.77921282599,16694.40117133728
1627,7.0,-9.0,-0.34,1.3693550521553568,-0.03632093889952622,0.6755889725974181,11094.346771436985,11169.535165042225
1628,7.0,-8.0,-0.42,1.2413827248173512,-0.21561942687241345,0.5342853822298553,9696.069578926625,9747.711568646779
1629,6.049999999999997,-7.0,-0.38,2.0957486938966694,-0.41639167368958274,0.8086445988342084,16197.075526185457,16327.630516732874
1630,7.0,-6.1,-0.06,2.2741900776618387,-0.6844467377964368,0.8111696935997472,18006.44350004828,18151.519030123392
1631,7.049999999999997,-7.0,0.93,1.803234147698657,-0.06289807806335276,0.9467801836521699,14657.313517009236,14795.612945560737
1632,5.049999999999997,-6.0,-0.15,1.4192437580316983,-0.3807398525973214,0.5821335376157923,12841.479468927877,12916.16222774729
1633,6.049999999999997,-7.05,0.04,1.6126669711505546,-0.35051909427746464,0.7938126320464391,13786.570182575368,13896.087256708326
1634,7.049999999999997,-6.05,0.34,2.0261758785804638,-0.4001678666518814,0.7267300765165322,13792.964393781995,13892.46572070152
1635,6.0,-6.0,0.07,2.042923942460969,-0.5154487982298586,0.767392564751202,17600.2950171235,17734.743732563158
1636,7.049999999999997,-5.0,0.3,1.8459210135356365,-0.09519116861995192,0.7827832502895918,16219.031141530582,16345.649466268675
1637,8.0,-6.05,0.6,1.9987089435895957,-0.05774907667235258,0.9371271009352939,19108.73008964327,19288.224550716855
1638,9.0,-11.100000000000001,-1.12,1.1856138181019291,-0.23313460946536718,0.5253316088125896,7529.102676339089,7568.556258435395
1639,6.049999999999997,-6.1,-0.12,1.8135674725348,-0.20625860325709608,0.8206479634195089,17383.011523345616,17524.484696697906
1640,12.049999999999997,-8.1,1.02,2.170928535479085,-0.14435721203512208,0.9542441894679873,14538.442341601021,14676.48684460322
1641,8.0,-8.0,0.43,1.5885443708953584,0.08377019076736285,0.8754777168930423,14006.09751973894,14128.748343121524
1642,8.049999999999997,-5.05,0.44,2.442241927526766,-0.16822658562774917,0.924674038731262,15633.275677433172,15776.909507531416
1643,6.049999999999997,-6.0,-0.39,1.6872340767396803,-0.344462742527809,0.563767882726018,11474.269516958637,11539.184374268638
1644,7.049999999999997,-6.0,0.1,1.568092885742747,-0.2928644255763186,0.5765594818249025,12964.219903106226,13038.22382225976
1645,5.0,-7.0,-0.63,1.852046663099425,-0.8527917656719459,0.4648825523191369,16795.790269439243,16873.558356571055
1646,9.049999999999997,-8.0,-0.29,2.219972897591587,-0.3097152579413825,0.7736786327038742,18458.107941025257,18600.25393004523
1647,3.049999999999997,-5.0,-0.37,1.727357225618557,-0.7862628246670372,0.5127340860801927,17559.195741988227,17648.881886695664
1648,10.0,-8.05,-0.34,1.9292227621212534,-0.08545702405327997,0.8378479339131089,14798.447715120501,14922.156747327783
1649,4.049999999999997,-5.0,-0.24,1.9294457042934154,-0.7063008392549203,0.5861459143032827,15722.87633685391,15813.893628312588
1650,10.0,-8.05,0.61,1.9621004882333086,-0.012096740609406556,0.9083417586890793,15903.866854297003,16047.871788454351
1651,8.049999999999997,-10.0,0.03,1.6382800584182076,-0.4736573516216582,0.6728312882534959,11486.759353387244,11563.959866936457
1652,7.0,-8.0,-0.11,2.354539844497114,-0.8269725802002054,0.8765032709446736,21945.215181912907,22138.09026679861
1653,13.0,-12.1,1.66,2.2687498658977354,-0.17656864180483647,1.070299642275419,13760.65686077634,13907.430622265148
1654,9.0,-9.0,0.32,2.1011209568827134,-0.3144085526495747,0.9699608324853284,17805.66092363609,17978.463145803464
1655,8.0,-8.05,0.22,2.0863879972356347,-0.5853871549987641,0.8877183311121459,18033.14655612275,18193.190315348093
1656,10.049999999999997,-7.0,0.81,2.3709561095380134,-0.08793680948856725,1.0031591391513488,16881.65448529724,17050.42328836325
1657,8.049999999999997,-8.0,-0.25,1.7009846553975618,-0.22853711772353982,0.6805222071612892,10762.308103980688,10835.38541927336
1658,9.049999999999997,-9.0,0.38,2.2082402324836212,-0.22767365485681357,0.9838484224969316,14870.653923709497,15016.075751555645
1659,7.049999999999997,-6.0,0.37,1.8285228297042873,-0.2367811356287685,0.7156453890616871,11188.12582362368,11268.122630845079
1660,3.0,-2.0,0.06,2.7317035446023317,-1.4178855508225938,0.5840707801618984,26854.13551481754,27005.218662184907
1661,10.0,-9.0,0.65,2.131127499348834,-0.18643137353587183,0.979697192039286,13258.906453076943,13388.592403624405
1662,4.0,-5.0,-0.29,2.120284977196789,-0.971815613466054,0.5459925396783437,18380.828406718723,18480.750505880715
1663,5.049999999999997,-5.0,0.03,2.2112808509766615,-0.5479300262241121,0.6694033292430551,15734.984668745625,15840.434887357513
1664,7.049999999999997,-5.05,0.73,2.022830595973361,-0.05720135478543943,0.910520810203281,14383.379689533374,14514.171320183821
1665,11.049999999999997,-9.0,1.59,1.597280018788137,0.09418838020815636,0.8890251436455446,9986.67032988484,10075.520361828661
1666,10.0,-7.0,0.64,2.2371428555157764,-0.14278067499613523,0.9469971496569743,13701.939421028823,13830.956138477426
1667,5.099999999999994,-7.0,-0.65,1.292655906383727,-0.2748482983865416,0.4694887205890806,12361.467002929112,12419.751729206406
1668,7.0,-7.05,0.23,1.820867945637341,-0.15521192381551535,0.8918652098160842,14520.695860159552,14649.447808753002
1669,11.049999999999997,-12.05,0.23,1.8851621846946416,-0.30096223519673376,0.8235213580482088,12035.041858858529,12133.923452167015
1670,7.049999999999997,-6.1,0.31,1.864291584958762,-0.36332223501394306,0.7113269233716036,14166.934859641811,14267.427156993455
1671,6.0,-8.0,-0.27,1.7088370760389693,-0.5919513010810953,0.6616986871736253,16850.403235481193,16961.361728245545
1672,7.0,-8.0,0.18,1.4901139755179165,-0.204645858056927,0.6734075689033707,14297.386114467794,14393.258569687488
1673,6.0,-6.05,-0.01,1.7049723236644978,-0.3267889075267466,0.6988902836854463,15648.287074722555,15756.691290282883
1674,6.0,-7.0,-0.18,1.8531842274876111,-0.542264538105936,0.6753038235283352,17222.760003431347,17337.63241182004
1675,4.0,-5.0,-0.03,2.1864396889381057,-1.059907599538585,0.6735828454249324,23785.112803930162,23944.460118452804
1676,9.049999999999997,-8.0,-0.3,1.6093830238938864,-0.019768057380735473,0.6847241988350641,12259.90985405217,12343.374159633107
1677,16.0,-19.05,0.63,1.2991515727825964,0.23077714149996817,0.8039864685126917,7162.576255606482,7220.1503339059
1678,5.049999999999997,-6.05,-0.11,2.2195689151140767,-0.8069305778599888,0.6827698815877654,19825.752853863873,19961.32083465996
1679,8.0,-7.05,0.35,1.6905880772219852,-0.05295424821150628,0.8211179339349929,15213.666225786195,15338.398758307474
1680,6.0,-6.05,-0.33,1.7877739967221162,-0.44544960235971576,0.650127256115838,17564.028405120192,17677.89985480845
1681,9.099999999999994,-9.0,0.58,1.7695590681899702,-0.23493261663438153,0.8390689361004948,15096.271849554429,15222.85895633192
1682,10.0,-7.05,1.16,1.5603049229413488,0.061473037110748245,0.8252555369099508,11869.054963703535,11966.927160894305
1683,9.0,-7.05,0.02,2.401794568070077,-0.3008057455687717,0.8340760131225357,17954.19229503967,18102.517881069358
1684,11.0,-12.0,0.37,1.5012088204816716,-0.05932921360644733,0.75093077050243,10079.800259193444,10155.55403545887
1685,9.049999999999997,-8.05,0.8,2.2285395043205027,-0.3147287740377265,0.9497713955315205,17258.608645399163,17422.037188915165
1686,6.0,-5.0,0.56,2.2121868971655028,-0.37265833442335816,0.8631607646153624,17989.611424621147,18143.766819171087
1687,7.0,-7.0,-0.49,1.9801273491985438,-0.40448996430840356,0.7145414978578121,20059.856415829792,20203.258352312398
1688,7.0,-7.0,-0.5,1.541235004015552,-0.20272004109169747,0.6584513396327841,13782.845860485048,13873.169916619108
1689,11.0,-12.05,0.62,1.6220291940928626,-0.13161488102998697,0.8148480373448966,12312.981863762483,12412.893374255127
1690,9.0,-9.0,-0.24,1.6576782385156184,-0.2184977435239878,0.7377051825636997,12993.514306292176,13089.336195498225
1691,13.049999999999997,-12.0,1.38,1.48230719414124,0.17133809510295153,0.8554201556428501,10688.2380158892,10779.531842954646
1692,5.0,-9.0,-1.59,1.3954163048379935,-0.2410236886170633,0.581139264365283,12313.16668495057,12384.499267275854
1693,12.0,-10.05,0.96,1.8633357084841267,-0.09917793663807689,0.9020529042662393,14337.19082112415,14466.215171631906
1694,7.049999999999997,-8.0,-0.47,1.4854495239940742,-0.12527061039610637,0.6820344762732847,11352.28824896548,11429.639402250701
1695,12.049999999999997,-9.0,0.98,1.8478369643929002,0.019463266830773502,0.9161851566848209,14673.857353581327,14808.06582389334
1696,12.099999999999994,-11.0,-0.33,1.9268916606622992,0.040661236487511944,0.8149069459688374,12978.157760403834,13083.321572680252
1697,6.0,-4.05,0.35,1.968804526285409,-0.24613742166310737,0.7465235524875393,14883.660388206887,14994.317767815279
1698,8.099999999999994,-9.0,-0.94,1.1489897078425466,-0.02401474221188395,0.5626477421848486,8324.448043035303,8371.16719140576
1699,14.0,-11.05,1.22,1.8128912366121424,0.047915424792303256,0.9260357802684279,11173.791241657867,11277.260731039098
1700,7.0,-6.0,0.08,1.590970806099938,-0.25448639485129293,0.6224040836232103,14351.588515377014,14440.44402824597
1701,13.0,-10.0,1.55,1.826479338586064,0.04803732021087257,0.939068876707107,13710.910736015707,13839.230264832557
1702,5.0,-5.05,-0.59,2.0208914755344765,-0.623585250837232,0.5487333089037589,17230.638602675863,17325.407540065924
1703,11.049999999999997,-9.0,0.82,1.932087599366845,-0.09531204184612334,0.8969064079223051,15862.189685008265,16003.82700832944
1704,9.049999999999997,-11.0,-0.35,1.3007310784780248,-0.17495450508507726,0.6182117763607793,8863.667626339527,8918.479394925174
1705,9.0,-8.05,0.58,1.6563268314408908,0.08715183715893678,0.8473440297834557,13489.612811810186,13603.618162398348
1706,5.0,-4.05,0.46,1.978011070013027,-0.284246108330479,0.8354259699641979,19489.473191869234,19651.36311116369
1707,9.049999999999997,-9.049999999999999,0.68,1.3822418849659674,0.03695349664813672,0.7021681640174026,8728.568094797993,8789.763476309485
1708,8.0,-8.0,-0.27,2.0046982768124235,-0.47657597457908685,0.7112630019476589,16005.949929032315,16119.225499892818
1709,10.0,-10.05,0.54,2.3779059331285928,-0.3908929951601438,0.9985211377323231,15192.977226068582,15344.903812124543
1710,7.049999999999997,-8.05,-0.14,2.316266243417231,-0.69259967736609,0.8181498419470384,17482.133627284187,17624.925175275766
1711,6.0,-7.05,-0.08,1.3145398879753891,-0.20959219729158898,0.5976780669598459,9925.64253490282,9984.71968886816
1712,8.049999999999997,-8.05,-0.32,1.8643814859846104,-0.18993727326454163,0.8315188355587061,13432.286354622847,13544.240769876655
1713,12.099999999999994,-11.0,1.07,1.7487780132582513,-0.04065076126169686,0.8451795713960105,11483.76984445848,11580.908078838323
1714,7.099999999999994,-6.05,-0.51,1.356204687118193,-0.09009223103742331,0.5195644851020981,10909.027567860494,10965.399499791463
1715,5.0,-5.0,0.36,2.0872094838059985,-0.9689254806760557,0.7220656002963263,19722.293727705815,19862.39066797276
1716,4.049999999999997,-4.0,0.07,1.8388452085161116,-0.661185529504103,0.5668029305217915,18497.894091819468,18601.284370207133
1717,6.049999999999997,-5.05,-0.19,2.059941978465453,-0.6673665850411209,0.5778583679476522,17214.989793954406,17313.61548824811
1718,7.049999999999997,-5.05,-0.04,1.9988010492270851,-0.18050967421348435,0.7747329939142327,18330.203495776874,18472.340940477385
1719,5.0,-5.0,-0.09,2.0012572919534426,-0.6056417844721167,0.7013325902739277,17528.019730863798,17650.170577177953
1720,8.049999999999997,-9.0,-0.33,1.3516817246457942,-0.06837701836860416,0.629580464363497,11436.96940405297,11508.993259670237
1721,6.0,-6.0,0.18,1.989348223469753,-0.6528436575470109,0.6845815560797766,14822.522009283439,14923.86031939056
1722,6.049999999999997,-4.0,0.65,2.17050230924151,-0.35229615602323644,0.7968622437157622,16244.074950968941,16373.085446096675
1723,9.149999999999991,-8.05,0.57,2.177305015529544,-0.25797517547378607,0.9401610705084618,15719.856397072239,15867.613689484599
1724,7.0,-7.0,-0.07,1.4081181702246655,-0.2444410201947137,0.5971207775276868,10358.94404832306,10420.782792456543
1725,9.0,-8.05,-0.03,2.070892473179387,-0.39753152324006036,0.861956043186924,15645.456837430342,15780.367026234378
1726,8.049999999999997,-8.0,0.47,1.9706903526666568,0.061693202158235434,0.9673735462616508,13877.819029288776,14011.496946500505
1727,6.0,-5.0,0.27,1.6805877952635553,-0.2688668773622253,0.7244292738802599,11491.022427811211,11574.340020108351
1728,7.049999999999997,-8.1,0.22,2.1166388027605487,-0.5508105181280052,0.8871248543859528,16466.335387135223,16611.823606060072
1729,7.0,-4.1,0.11,2.2214213209045717,-0.37297352838579867,0.7062431639150551,13309.021161845003,13402.794746870892
1730,5.0,-6.0,-0.72,1.9419611622113966,-0.7413485150267015,0.5664582258493269,14138.204714718413,14217.36667802199
1731,8.049999999999997,-8.05,0.28,2.304637238615891,-0.34273562687444126,0.9193716656067149,15735.10045879412,15879.741567570061
1732,4.049999999999997,-5.0,-0.42,1.8923470257064168,-0.6605153009757063,0.5562858599171782,15476.75001245065,15563.254717848946
1733,5.0,-5.05,0.1,1.891197478719864,-0.5589680074625636,0.7136482257724488,15398.784434094972,15508.051183618649
1734,9.0,-8.0,0.29,2.1778778020753484,-0.38180728861859986,0.8554697764000617,16084.052242328133,16220.857742654982
1735,4.049999999999997,-6.0,-0.01,1.7014006046247088,-0.5532183973128041,0.6863712794917433,15078.582706549578,15182.153353381771
1736,6.0,-6.05,-0.48,1.9907403515128208,-0.8791516157315279,0.5258812398347414,15677.522681432303,15760.667355058806
1737,6.0,-6.0,0.03,1.785594899200226,-0.23867739689533418,0.6791270871293841,12424.300917010003,12508.530666790903
1738,12.0,-9.049999999999999,1.43,2.039942198151895,0.03629268311974311,1.038002201286883,12276.715604523913,12403.871965878636
1739,6.0,-7.0,0.56,2.006893195728669,-0.5378966362008579,0.79476838792732,12338.623672753529,12435.989229287563
1740,5.0,-6.05,-0.97,1.4639023756988387,-0.410329376380156,0.4896924340392762,11706.3004441127,11763.66306071892
1741,5.049999999999997,-4.0,-0.27,2.55906355892398,-0.6746026609338377,0.7129134823056827,25058.788179043946,25235.757569153375
1742,4.0,-6.05,-0.66,1.3570133627220098,-0.7645611139087989,0.44739402393742167,13878.75519856564,13940.481814110048
1743,5.0,-7.0,-0.39,1.488071916007321,-0.703935304268292,0.5297389772854083,12101.417232403075,12165.757235774561
1744,11.049999999999997,-9.0,1.92,1.7627350603551064,0.11454543374805037,0.9325575799303365,13983.378786720683,14113.388324760323
1745,8.049999999999997,-9.0,0.1,1.309578697561423,-0.20482009251657227,0.5921008111455334,8999.134923840535,9052.271702447393
1746,10.049999999999997,-11.0,-0.66,1.294917268432912,-0.12877677196030618,0.5863314004419845,7915.381208270297,7961.701003654768
1747,8.0,-8.0,0.41,1.8793342098171775,-0.1167647039569095,0.8474828083705757,16483.70554722263,16622.531287066122
1748,11.0,-10.05,0.3,1.6581140267038823,-0.1939668332497667,0.7925857422861575,14483.651855753911,14597.984257469272
1749,7.049999999999997,-5.05,0.79,1.771190591765435,-0.28374795283207777,0.7588686347016734,11505.4278128543,11592.460967237312
1750,10.049999999999997,-10.05,0.67,1.6341190616184986,-0.09883639005353144,0.8290952651159421,14175.148697141341,14292.87774729607
1751,11.049999999999997,-9.0,0.93,1.7391366833679327,-0.10431280436649068,0.8486378826554417,13490.349052792266,13604.647830001535
1752,6.0,-7.0,-0.45,1.3221211121090695,-0.07883465348283154,0.5939454543391072,10578.645776682059,10641.358902003569
1753,7.049999999999997,-7.0,0.21,1.9141181205341744,-0.32252635281161435,0.819368209514491,18133.88830973325,18282.753103948595
1754,5.0,-5.05,-0.79,1.1938232413572796,-0.24304105314331054,0.39930264038277063,11758.086399597318,11805.040377061772
1755,9.149999999999991,-6.0,1.21,2.1794100685041604,-0.17334356045806276,0.9327665051897815,19851.87791300897,20035.969677833302
1756,7.0,-6.05,-0.32,1.6493273587157549,-0.3020888787560748,0.5703220943419753,11584.121067736989,11649.716008098629
1757,9.0,-9.049999999999999,0.56,1.5561005937199484,0.02424832331860275,0.8384795914812622,13581.82714533411,13695.71932645549
1758,5.0,-6.0,-0.31,1.5045306493321158,-0.5656962215370799,0.4311347270939112,14101.761375114149,14161.343612142238
1759,6.0,-5.0,0.01,2.6370888133648265,-0.7101769087920982,0.7683793903068826,26990.929136199007,27197.592974001378
1760,4.0,-7.0,-0.9,1.35046376016669,-0.6625916947701889,0.36575654336187,13709.932095687265,13759.34134239416
1761,3.0,-3.0,0.2,3.083170298361835,-1.5804018068770667,0.6988540217192609,34563.957231951244,34813.772084192315
1762,4.0,-5.0,-0.66,1.4558154908315541,-0.7413485272571437,0.37228858932094944,14726.7083829727,14780.85899516982
1763,4.0,-5.0,-0.85,1.1576601091364016,-0.4512703351588144,0.34931356573844363,12426.183133045577,12469.395964366524
1764,6.0,-6.0,0.01,2.1540991973852326,-0.5872712656116988,0.783053023700977,21494.418447152086,21661.76042467236
1765,5.0,-4.05,0.0,1.461331799496046,-0.4195343772147755,0.5199969637039489,13385.913808965723,13454.825171917873
1766,12.0,-9.0,0.83,1.5407777896763641,0.15605685107171052,0.8131850661023489,9827.158797796057,9907.049852711509
1767,9.0,-11.0,-0.65,1.2086293588203774,-0.2520826369890377,0.469865467967564,8494.384135835377,8534.247906152901
1768,12.049999999999997,-10.0,0.71,1.952903881663944,-0.17676830954387493,0.8096008054823508,11398.671423187756,11491.03162002263
1769,6.0,-6.0,0.03,1.8261239450412265,-0.32346150202130514,0.7091570994874588,17069.212916293636,17189.460380016248
1770,7.0,-7.0,-0.64,1.1564737032988843,-0.16036134510896882,0.4681063675534219,8129.9893171909525,8168.081190057108
1771,9.049999999999997,-8.0,-0.15,1.7365430887920508,0.09213355748080754,0.8047509173905887,13462.766149866005,13570.791170742701
1772,7.049999999999997,-9.0,-0.79,1.137255630075027,-0.1235085848664392,0.4945001791760932,8026.025976369748,8065.509398706913
1773,8.049999999999997,-8.05,0.54,1.6220663270994062,-0.038120484000100416,0.8117548619600637,12998.5637206796,13103.996080814555
1774,11.0,-8.05,1.56,1.7598792329343023,0.046555600830642044,0.9381286707981401,12292.255754896583,12407.2879385121
1775,9.0,-9.0,0.27,1.6534787519410374,-0.08878432164929263,0.7575598283613426,13138.541614704065,13237.71615483126
1776,11.0,-9.049999999999999,0.88,1.5994995563116532,0.035445734800673125,0.7882514255156464,12386.428145581522,12484.09565483694
1777,5.0,-4.0,0.47,2.1235447436756343,-0.4429378891567863,0.7655435671900932,14279.925512690728,14388.437937297602
1778,15.0,-10.05,0.77,1.930854452853327,0.09257136531401591,0.8988188926215009,10698.175784790223,10794.438134591106
1779,4.0,-5.0,-0.56,1.720320217622169,-0.741020664840942,0.4681800579660434,12508.96516158421,12566.939706912242
1780,9.0,-7.05,0.86,1.4985441308701357,0.1302915699197251,0.7909046570632939,11500.913899045618,11591.80737370395
1781,4.099999999999994,-6.0,-0.7,1.5426910741439894,-0.5615725635686173,0.45679878526911744,10634.460518700052,10682.33637093455
1782,13.0,-14.0,0.76,1.7984050694499767,-0.04464629715005404,0.882345807530382,10644.684463300111,10738.778466190375
1783,4.0,-5.05,-0.2,1.6099324427413144,-0.6273858471605959,0.5567485681799866,11882.887444145854,11948.90945832107
1784,6.0,-4.05,0.11,1.722530893172255,-0.21234157176001034,0.6262218743106774,10876.79580178358,10944.329286175802
1785,7.049999999999997,-6.05,0.92,2.2980932528678157,-0.3122047027916653,1.0867269183774189,16937.541493285073,17120.321236543972
1786,4.0,-4.05,-0.26,1.7816182083062782,-0.7294213801855651,0.5424685893923791,13000.928600285259,13070.092436422472
1787,9.0,-8.05,-0.01,2.216562837006857,-0.3322277956810853,0.8605549371921988,14629.587856814109,14754.597623526543
1788,9.0,-8.0,0.35,2.203292282670756,-0.31491762103338183,0.8792990204908823,14496.425915043186,14623.13973448794
1789,5.049999999999997,-5.0,-0.4,1.6541477139981724,-0.5370272870526984,0.4795657654679716,11579.14216523156,11634.677305857776
1790,3.0,-3.0,-0.19,2.9786529101702053,-2.2452516909254343,0.5136742402331405,41047.629489845116,41261.32973520481
1791,8.0,-5.1,0.25,2.3343153957510188,-0.7478769898177099,0.6798629193002605,11364.618953347206,11441.227560294565
1792,4.0,-4.05,0.1,1.9107245273603253,-0.6545832988892243,0.6171563438878773,13002.422245504333,13081.502869859429
1793,5.0,-5.0,0.17,1.6050217868558152,-0.5164768314474286,0.6577261308832644,10578.675361475249,10648.010983715492
1794,13.049999999999997,-10.0,0.94,1.6877825486169276,0.13198291130886297,0.9293578620580327,8918.018037608645,9000.703552552312
1795,5.0,-5.05,0.0,2.05173018165832,-0.7777051095554243,0.6822099220340208,12483.804593082985,12569.463597503134
1796,7.049999999999997,-7.05,-0.12,1.9074825569079155,-0.5591975076467057,0.6176905984264202,9400.09055197284,9458.205222357306
1797,5.049999999999997,-5.05,-0.05,1.7931631382387196,-0.4381124113964118,0.6073216071582896,11379.802001806627,11448.576362229645
1798,5.049999999999997,-7.05,-0.17,2.0753311682593165,-0.8917618861065892,0.661860082426398,11983.229012642812,12061.97838476663
1799,8.099999999999994,-7.05,0.64,1.7760795104807974,0.048838684572845896,0.8425086782632378,11546.055505261476,11642.971162218058
1800,6.0,-6.0,0.03,1.918292477556944,-0.47563672288610975,0.6790685492215622,11817.406806525956,11897.707015449007
1801,9.0,-9.049999999999999,0.41,1.6274840141797473,-0.09434094495716545,0.8535947624955165,11335.500188892092,11431.827802164602
1802,7.0,-7.0,-0.01,1.7775695125296227,-0.23213901295581435,0.7403848528119503,8431.365523271697,8493.700739803466
1803,6.049999999999997,-8.0,0.32,1.569591636444918,-0.4573674665786893,0.7075093740743437,13745.636212088195,13842.663596562503
1804,3.0,-3.0,0.14,2.2423189540712194,-0.9279072102343715,0.6269291548893309,18304.12106821331,18416.992294897955
1805,7.0,-9.0,-0.64,1.4526208399276501,-0.437491991364164,0.5210417665878273,12376.66248483986,12441.03496612089
1806,8.049999999999997,-5.05,0.66,1.8965197636035578,-0.05565049144505968,0.7919516276280193,9622.756512380445,9698.991964562774
1807,6.099999999999994,-6.0,0.29,1.4596016614434821,0.03837424276967915,0.7353800034413198,12356.777290048618,12447.441950751272
1808,9.0,-8.0,-0.01,1.5448399768285739,-0.12265029082458682,0.6411179599600634,10911.514914200698,10981.3667043412
1809,5.0,-6.0,0.02,1.5969022552236594,-0.5555894483164475,0.6406107229359921,12179.622813233023,12257.107083559027
1810,8.049999999999997,-6.05,0.61,2.037128610078796,-0.3970479834380972,0.7591651157769604,10996.288238616826,11079.455454366578
1811,6.0,-6.0,0.14,1.7396788209337157,-0.3079674111962716,0.6918825983609064,14091.333701221594,14188.979925936696
1812,7.0,-8.0,-0.33,1.9298030450133608,-0.5638557716147619,0.6899265387082139,13641.18979907728,13735.325623980581
1813,8.049999999999997,-8.0,-0.19,1.7784836106066528,-0.25238252595802474,0.7027661079653624,12152.812503497758,12237.989211631537
1814,8.049999999999997,-10.0,-0.69,1.5065888523004094,-0.1260960121237249,0.6620410450840382,10989.754806666344,11062.624626594055
1815,8.0,-8.05,-0.48,1.390200374706574,-0.3158100782521771,0.5136381124215699,9902.25331807267,9952.857019620353
1816,9.0,-7.0,0.55,1.6845214447456198,0.008687122910029273,0.7445161231844168,12426.393110457744,12518.72435550009
1817,7.0,-6.0,0.28,1.8501072454065273,-0.46005191947813845,0.6870742459479295,16810.566508732267,16926.376985713854
1818,2.0,-2.0,-0.04,4.808802786410463,-4.177793576034039,0.6098008174128132,61723.23717822454,62088.8887529624
1819,6.049999999999997,-7.05,-0.23,1.5202544425000513,-0.35069838236675743,0.6473202338319252,14693.52496664825,14788.190083067006
1820,7.049999999999997,-6.0,0.29,1.464986907058523,-0.24767777034274333,0.5859054630326528,10105.511448853236,10164.729793329438
1821,6.0,-8.05,-0.61,1.2877835672988271,-0.37368001305940546,0.4513275378362506,11073.343592082318,11123.130037230167
1822,7.0,-7.05,-0.22,1.3920956082706009,-0.4819322661693976,0.4505740057257044,10173.708318014389,10219.363637884915
1823,7.0,-10.05,-2.1,0.9576150990095548,-0.4032588937050289,0.2845388244503915,7926.30588737821,7948.7064846955545
1824,7.049999999999997,-6.0,0.39,1.948933349138953,-0.24146823219563124,0.8387558218392526,16398.18092062301,16535.83424842086
1825,9.099999999999994,-8.0,-0.19,1.6108456714057484,-0.06828556237620811,0.6871150180980089,11273.527382598773,11351.000456932361
1826,8.0,-9.049999999999999,-0.26,1.924279126169508,-0.6021643077871708,0.7725353201344609,14926.710906537384,15041.724306115855
1827,7.049999999999997,-8.05,-0.51,1.340407220526047,-0.4834256229473612,0.4720586424429262,8460.297707414495,8500.336551356271
1828,5.049999999999997,-7.0,-0.9,1.6801429747883037,-0.32869813452020746,0.6398830469567492,14931.448421145364,15027.385696017873
1829,8.0,-10.0,-0.95,1.658370891027355,-0.1787926584133492,0.7418532588823262,11800.417822337375,11887.745885724666
1830,11.049999999999997,-10.0,0.91,0.9568450682348715,0.12072496153108417,0.5450877223943025,3978.2901659983177,3999.9544999501895
1831,13.0,-10.05,1.14,2.3896401016211835,0.012508984774462167,1.1761625702964214,11874.868448651461,12014.320866154083
1832,8.099999999999994,-8.0,0.2,1.6113823231222826,-0.07541621491407605,0.8087147820977094,12662.089201488168,12764.419301879218
1833,6.049999999999997,-8.0,-0.4,1.957733417607405,-0.27175915835628955,0.8172611136844514,14526.175611739902,14644.657046170216
1834,11.0,-8.0,1.12,1.8028170900984732,-0.07064550463616494,0.8387828324906988,11951.622122226872,12051.389221630852
1835,9.0,-8.0,-0.17,2.026393994074749,-0.26805986532263876,0.7984760604198985,14343.539199918474,14458.053622102549
1836,12.0,-12.0,0.18,1.7369324641756885,-0.14585624250812598,0.7765520088714848,11774.30501446837,11865.725971970598
1837,8.049999999999997,-11.05,-0.79,1.1777660742629839,-0.3108348576082358,0.5060605555109003,8675.978364638811,8719.91890304829
1838,4.0,-4.05,0.0,1.7702893517987452,-0.731401669426177,0.6023903308892021,20044.50512007147,20163.900944363668
1839,11.0,-10.05,0.13,1.6938018484673136,-0.08892890886385085,0.8247704548712246,13977.026585379914,14092.222336419583
1840,12.049999999999997,-10.0,0.58,1.6233178151319638,0.08421019140223307,0.8382311268420911,12473.126950382366,12577.613391564932
1841,7.0,-7.0,-0.05,1.4915621010562412,-0.2981176132446328,0.5165965022805656,9529.752670582091,9578.86840058667
1842,10.049999999999997,-8.0,1.04,1.900316291870611,0.012652009489545346,0.9306540911447244,15911.07918742342,16058.93678993192
1843,7.0,-7.0,-0.11,1.391956173146859,-0.2959543323994295,0.5533636067909398,8565.945203588293,8613.24835773786
1844,8.0,-7.0,0.4,1.9146712638149084,-0.1672911726586142,0.8359702614865107,16191.215180341951,16326.155789219032
1845,11.0,-10.0,0.48,1.7858179129445542,-0.052360642339578094,0.8559250748295031,13352.13256652534,13466.396061538808
1846,8.099999999999994,-9.099999999999998,-0.28,1.548339574533699,-0.09847704502311187,0.7362224906479772,11952.89370656352,12040.359568642427
1847,7.0,-7.05,0.06,1.8720292146410638,-0.18506151145682365,0.7830998241287317,14206.631466752659,14317.776066798298
1848,10.049999999999997,-8.0,1.07,1.920115384017763,-0.18112091796250812,0.9239301896658609,13505.939218412004,13630.505639583356
1849,10.049999999999997,-7.1,1.09,1.9681361377611013,0.015432434263235236,0.905870335096108,13441.458827128972,13563.133624602599
1850,15.049999999999997,-13.0,1.43,1.6597474104600687,0.04149944168752163,0.8697579494373073,10764.56880356974,10858.155656185323
1851,12.049999999999997,-12.0,0.57,1.6050600348806146,-0.05198904609995814,0.8239544849670482,12404.481636018467,12506.936608017162
1852,14.0,-12.05,0.89,1.5997200557830877,0.16771248775689818,0.8418133890356404,10462.738804700366,10550.564671938077
1853,12.0,-10.0,0.04,1.6503734557437042,0.10034439793832017,0.7822228612564923,12110.934367307314,12205.42996593584
1854,13.049999999999997,-11.0,1.35,1.5496051316632975,0.02847278064733265,0.8707079565276925,10929.293858791443,11024.436383327244
1855,2.0,-2.0,-0.25,2.9247710788203,-2.886176180518833,0.14879678294486232,36405.23950157898,36443.17344417388
1856,12.0,-14.0,0.13,1.5747115204160043,-0.051824888795526214,0.7963172914887889,12203.369691891037,12300.723518286384
1857,13.0,-8.05,1.08,1.9076253332643769,-0.02293480313057178,0.883006337743077,12945.433902832565,13059.27890022331
1858,8.049999999999997,-7.05,0.88,1.8475206882356736,-0.12042703671100208,0.8925012534522524,14555.454632366507,14685.127134147677
1859,13.0,-10.1,0.87,1.6628226822757344,0.11299030120397079,0.8547988733585906,10956.371044337207,11049.883410720759
1860,9.0,-9.049999999999999,-0.51,1.7169126940517265,-0.36232291985778853,0.7275210179422796,15421.832748952502,15533.888907588667
1861,5.0,-6.0,-0.16,1.8752396721887292,-0.5814471091809956,0.7175936859117235,18938.974334690454,19074.878541879127
1862,6.0,-6.05,-0.23,1.7426056947652129,-0.33902654386592623,0.7409583519968992,16666.101853879158,16788.558078084356
1863,7.0,-7.0,-0.08,1.6698431406622147,0.008629843280405312,0.7645813671037289,17361.629359241037,17493.917845927564
1864,12.0,-11.0,1.11,1.5909995499435645,0.11460901436733242,0.8483288766419748,12172.31989663864,12275.325921501175
1865,12.0,-9.0,0.88,1.9018430650679858,-0.18599483503210695,0.8614354560793075,13673.17751074126,13790.57846418241
1866,10.0,-10.05,-0.04,1.5834700088010598,0.012466613444336982,0.7474392271690816,11809.081500494327,11897.168428458654
1867,8.0,-11.0,-0.34,1.487670047761821,-0.1465928582587564,0.740980970927383,12077.355481593218,12166.366888082992
1868,7.0,-5.05,0.31,1.7696321311936454,0.004679274110913316,0.7936128902058652,14626.136182948556,14742.358720136992
1869,8.049999999999997,-7.0,-0.06,2.1032715052794284,-0.27978142823144586,0.743539415096627,17108.517056888348,17235.56666188681
1870,16.0,-11.0,1.13,1.8617354496993923,0.07659127494918516,0.8700145207527734,12374.354248749325,12481.92419603902
1871,13.049999999999997,-11.0,1.41,1.8227874967237485,-0.04670158787755206,0.8883176758694877,12832.713248266306,12946.446583010154
1872,12.0,-9.049999999999999,1.27,1.553767001847565,0.135434503805112,0.8480134081191788,12592.272121328013,12698.999459265542
1873,7.099999999999994,-6.0,0.44,1.838123037875878,0.022711556736933255,0.8431966439776994,17575.4580614443,17723.05133714128
1874,8.0,-6.05,-0.41,2.0072787063906605,-0.27904401441578586,0.7066850341373017,17982.051605736582,18108.78618956631
1875,6.049999999999997,-7.05,-0.36,1.6452094980606715,-0.31153941059348406,0.6740747259379298,17028.986451482586,17142.7476058427
1876,11.0,-9.049999999999999,0.74,1.7457171493653822,-0.18758060187323564,0.8177332943806462,11020.806456707918,11110.635232092562
1877,7.099999999999994,-8.05,-0.16,1.7481227275090874,-0.28765940937416135,0.7467439175531925,14509.523254080836,14617.884363631347
1878,10.099999999999994,-11.0,-0.09,1.3626613071325873,0.0430612604631747,0.6804217485806716,9682.471976847115,9748.305941479586
1879,7.0,-9.0,-0.53,1.7156347348305514,-0.6533030454482507,0.6442890840276864,14488.574814585878,14581.62828767075
1880,10.0,-8.0,0.18,1.96255203538024,-0.18703991244084758,0.7811837066369636,13003.104791565745,13104.04882711309
1881,7.0,-7.05,0.14,1.7411779001770484,-0.35544504497982643,0.6965932195258572,14174.499261060373,14272.677012727729
1882,8.0,-7.05,0.36,1.7118353310188557,-0.38365448301623417,0.6603191941756947,13418.414585115044,13506.368734948863
1883,5.0,-5.0,-0.62,1.759082164139703,-0.4467995876415095,0.48627685819970196,14295.552720734833,14364.78532738457
1884,6.0,-6.0,-0.23,1.7427942035936637,-0.3534427399063329,0.5614323268555068,13619.922288544361,13695.806435306587
1885,5.0,-6.0,-0.29,1.4977938635370898,-0.5075011256288672,0.555284400336514,13123.041954428945,13195.515954667879
1886,1.0499999999999972,-2.0,0.14,3.2223134052647406,-1.9802377298212028,0.9061585659191277,51437.368083556605,51904.286198506496
1887,9.049999999999997,-9.049999999999999,-0.52,1.5305603078543935,0.11760869739998335,0.7845318979210737,10914.974785472905,11000.485523453168
1888,6.0,-9.049999999999999,-0.53,1.5861455293908668,-0.23692229418949048,0.786637894530359,13245.224176424399,13349.116277816991
1889,10.0,-9.0,0.33,2.0560880772612444,-0.21447559866095922,0.8474048427287735,13331.03151592323,13442.882242948433
1890,10.0,-10.0,0.19,1.8019425295222637,-0.1636308482701231,0.8034718586554994,11415.32919978504,11506.304505359929
1891,9.0,-7.0,-0.09,1.5784088940926122,-0.20198120670145533,0.6505368652280517,12234.91407329219,12314.149377591722
1892,9.0,-12.05,-0.72,1.1927027730669617,-0.02153898884939046,0.6292666142295957,8996.231029348619,9052.687286889783
1893,6.049999999999997,-8.05,-1.21,1.087666127952119,-0.29094603006918307,0.38312177020031135,9633.598391537891,9670.556814124655
1894,9.0,-9.0,-0.9,1.491566996998682,-0.4407412369530137,0.45224100334717077,10343.456855193112,10389.999439919962
1895,10.0,-11.0,-0.66,1.7151309468766613,-0.02208320080560272,0.839022670003528,9145.521742206025,9221.90055081492
1896,8.0,-9.049999999999999,-0.71,1.1501422612324894,-0.17655327268796095,0.4922693195611286,8271.924774081253,8312.629457043404
1897,10.049999999999997,-10.05,0.41,1.1709138851415684,-0.017496360338696976,0.5562326976790761,7543.54060779588,7585.510831706491
1898,8.0,-11.05,-0.22,1.6936495746591618,-0.1557445462358202,0.8684108797858369,10884.907181638844,10978.990817276552
1899,6.049999999999997,-8.05,-0.3,1.2519449417990736,-0.428142900934261,0.44609830078045126,11550.09837404684,11601.107312471548
1900,4.0,-6.0,-0.41,1.7193926802234862,-1.262971710304865,0.3623282528491417,14837.020738393487,14890.132586171201
1901,12.0,-12.05,1.09,1.6183643488699322,-0.022719605919665545,0.899984744201646,10808.210958625836,10905.405263938084
1902,10.0,-9.0,1.01,1.8570299024953973,-0.039174134092056966,0.9637145468067446,13691.442968618388,13822.947574918335
1903,11.049999999999997,-11.0,0.64,1.681109476504108,0.17451507164460053,0.8991025457486131,10472.210962789051,10566.157998061193
1904,11.0,-11.05,-0.62,1.8235587516261023,-0.07718671583902043,0.791171303058634,11726.252226757433,11818.721687123238
1905,14.049999999999997,-11.0,0.57,1.9074983765301736,-0.01727672847374084,0.8771814103590817,10781.124352704142,10875.354740121675
1906,8.0,-6.0,0.84,2.0165893741128875,-0.32675302369741915,0.917301766985253,15485.909924069223,15627.940691166488
1907,13.0,-10.0,0.97,1.6028624726522749,0.12249573393954248,0.8350053959028166,10321.419830798075,10407.575338647981
1908,6.0,-8.0,-0.23,1.3102045423709956,-0.4528938759252055,0.4442433379458771,13056.472853190655,13113.813016945007
1909,8.0,-7.0,0.72,1.9687043284438426,-0.07563919474722858,0.9575885217705016,14963.757326904632,15106.785991695384
1910,6.0,-8.0,-0.63,2.2451561327587943,-0.45539425609872625,0.7358849011289346,17346.319427891216,17473.27335023162
1911,5.0,-6.05,-0.37,1.9378324212838482,-0.2715087677628921,0.7990315249433603,19090.25688101212,19242.403087901395
1912,10.099999999999994,-10.0,-0.72,0.9647921722983107,-0.03770510594355544,0.44330670874057726,7468.3517297635435,7501.487018864268
1913,13.049999999999997,-13.0,0.51,1.4068697390654603,0.21840202294074948,0.8149056232088142,7085.111740645887,7142.755287578114
1914,12.0,-13.0,-0.54,1.0674213663795666,-0.09657493423832478,0.5091296155360567,5647.662501455437,5676.441640745644
1915,7.0,-5.0,0.91,2.4685986301628544,-0.40279189574111895,1.0208925418514392,16217.715075681528,16382.713790823631
1916,8.049999999999997,-10.0,-1.37,1.0952278737954535,-0.2822336606497027,0.36204321770231573,5158.6044121317045,5177.220696076143
1917,2.0,-2.0,-0.05,2.3057673342602967,-1.5169763281184896,0.4335018027913374,24389.281882832805,24495.30474277315
1918,2.049999999999997,-3.0,-0.13,2.7702450179443177,-1.9377226829713494,0.37945586576655865,26258.767868078303,26357.644285623162
1919,10.049999999999997,-11.0,0.17,1.6468290428923447,-0.012848100478393642,0.8650436027297694,8755.065272589856,8830.689442475777
1920,4.049999999999997,-6.0,-0.58,0.9867871035063063,-0.3356174592007091,0.388082457710432,9198.988208459963,9234.583247954779
1921,8.049999999999997,-8.0,1.15,1.7907949510871854,0.013740824441314328,0.9658530805017217,10423.828063820209,10524.18724497698
1922,7.0,-8.0,-0.82,1.0634366514502236,-0.2553511025582402,0.3797890750601822,7654.468180003489,7683.4452095893175
1923,13.0,-8.1,1.8,1.7591402549442894,0.24990330522060678,0.9846765227226807,7608.812961951504,7683.576991311853
1924,7.0,-9.0,-0.62,1.2628552705392964,-0.27682410368418536,0.3982185190507782,7840.88344360005,7871.845795426671
1925,6.049999999999997,-7.05,-0.96,1.0177343544317543,-0.24171660115646817,0.3882402052020966,7812.041982027111,7842.339425962905
1926,8.0,-7.0,0.04,1.2433418869927844,-0.028849287770067296,0.5215972665843662,7904.693014010173,7945.822619274852
1927,10.0,-8.0,0.76,1.5426169210019902,-0.07498168036003659,0.7572854754819663,8151.059032628334,8212.541315298698
1928,7.049999999999997,-7.1,0.27,1.3531188819229545,-0.38440738484919124,0.5191022174688706,9774.386035640977,9825.06016989878
1929,8.0,-7.05,-0.59,1.2522326672456103,-0.2374146677792963,0.4191944808162974,8354.68136019454,8389.657552125687
1930,9.0,-9.049999999999999,0.0,0.9875113285665216,-0.03716398038175718,0.4819155130131748,6204.754440462974,6234.622197445254
1931,7.049999999999997,-7.0,0.41,1.2565962203804528,-0.02832311675544986,0.6399149255071049,8928.410462576783,8985.483919803193
1932,7.0,-6.0,0.67,1.8699901880816028,-0.19663597769931998,0.821620454470002,12235.556197862114,12336.009962427815
1933,12.0,-8.05,-0.02,1.3310615522751317,-0.0427400616665044,0.5266046385235985,8209.56330134208,8252.588684554716
1934,7.0,-6.05,0.47,1.2199994869047177,-0.10036822274236717,0.5640790272884059,9478.468154666796,9531.819168576003
1935,5.049999999999997,-5.0,0.6,1.2891205628942517,-0.12375291365611193,0.6114170075298955,10187.176748397695,10249.39743439464
1936,9.0,-10.0,-0.4,1.0448998308517776,-0.1951743442843076,0.44575798118558174,5762.730487464183,5788.424255240537
1937,6.0,-6.0,-0.17,1.4028148159082223,-0.3803643182970168,0.485449490493306,10679.786813495117,10731.371987663899
1938,6.0,-5.0,0.01,1.334209211465599,-0.13998333726056336,0.5889155085621914,10472.652556550396,10534.155079907025
1939,6.0,-5.05,0.13,1.627577544989835,-0.1801269869037603,0.7057358046135976,9607.009359869106,9674.894512071214
1940,7.049999999999997,-7.05,0.02,1.649910112062032,-0.24100700486104146,0.7434375058499654,9790.256027231848,9862.883474039369
1941,14.0,-11.100000000000001,0.37,1.3629190490176422,0.0023525110490754783,0.6481642588241948,6725.171583709678,6768.715904533367
1942,6.049999999999997,-7.0,-0.43,1.2587619271650903,-0.24474941034042616,0.47423163614740715,9790.232695554847,9836.406994214181
1943,7.0,-8.05,-0.68,1.4339203385358614,-0.3760290636884494,0.5487678788338315,9189.89749615261,9240.31883308292
1944,10.0,-6.05,1.2,1.7240026928911347,0.11016910631634819,0.8223775893390902,8319.172987045375,8387.338461341005
1945,10.0,-10.05,-0.48,1.2837668928996062,-0.09719779836963233,0.6158645853148836,7101.259847621608,7145.059157246057
1946,5.049999999999997,-6.05,-0.86,1.5395494894070352,-0.3792059134612824,0.5206923302443719,10941.327867649647,10997.946772256026
1947,9.0,-9.0,-0.38,1.0517356836814833,-0.023935838665764646,0.4925454505997438,6627.280692361554,6659.86092108015
1948,8.049999999999997,-7.0,0.31,1.3640624323525745,-0.22647296221203614,0.540077360897921,8019.891446729044,8063.236499616461
1949,2.0,-2.0,-0.03,3.1732517497769117,-1.5343033189865458,0.5580905988761836,29514.15030776699,29674.310264113425
1950,6.0,-5.0,0.05,1.521962471194779,-0.45753399397332595,0.46699535426782446,9745.01993842478,9790.793895050589
1951,11.0,-8.0,0.33,1.1037417824814852,0.040482706413122155,0.5205717563304766,6423.117690651603,6456.5373141361515
1952,10.049999999999997,-9.049999999999999,0.71,1.044133215691968,0.015105008258859565,0.5277763179777261,5327.144730769892,5355.270761509397
1953,6.0,-7.0,-0.59,1.1255260162896397,-0.37258506516782486,0.3888169410767634,7522.948984135362,7551.958290082826
1954,9.0,-10.0,0.55,1.1464582666948482,-0.05692872162069308,0.6027629472195735,7311.55866563213,7355.502375330125
1955,7.049999999999997,-6.0,0.8,1.5553146437628476,0.006557666790047363,0.7559650627027694,10690.55397566546,10771.43453389102
1956,9.049999999999997,-9.0,-0.03,1.1779167814523124,-0.22466263890181024,0.5040371143448645,7194.579716098837,7230.705741141251
1957,8.099999999999994,-8.0,-0.22,1.0809066278962725,-0.06407236380004651,0.4554965678072754,7127.911468237417,7160.383021393505
1958,12.0,-9.049999999999999,0.42,1.8061403008774601,0.035148874673580244,0.8396394044961866,9016.599054432609,9092.203313952627
1959,12.0,-10.05,0.27,1.4831583380552356,0.05841593164386318,0.7201179484938447,8301.202873760902,8360.899127008117
1960,9.0,-11.0,-0.37,1.24007715396487,0.1737011440086842,0.7143965060316725,7544.377694026892,7598.307755772423
1961,10.099999999999994,-11.0,-0.17,1.9252247782386052,-0.361247713292344,0.7298600972758221,9093.628516291901,9159.654859678925
1962,6.049999999999997,-7.05,0.24,1.2256062064771605,-0.23000385005671514,0.5061712913346043,10302.727485485564,10354.857991515302
1963,2.0,-2.0,-0.14,3.004719543899138,-1.7641959884596654,0.35322925667063054,31877.789181878794,31981.803099163524
1964,8.0,-8.05,-0.17,1.753912376252254,-0.4518972548257083,0.7253724529631689,11301.711175982942,11383.139977668938
1965,8.049999999999997,-9.099999999999998,-0.06,1.8044356872783345,-0.3313532778868762,0.7441461352647819,9744.200472789373,9816.466136829154
1966,7.0,-7.05,-0.24,2.1139072515304886,-0.45938246777238173,0.7149339785525008,13619.19315165814,13715.41247072065
1967,13.0,-7.0,2.36,2.321244181218671,-0.0890761589009615,1.089828248194339,11102.14811160445,11222.90561954466
1968,8.0,-6.0,0.45,2.0838120592223417,-0.24557073460054246,0.8319087865916894,12777.632766391751,12883.69573400268
1969,6.049999999999997,-5.05,0.44,2.0339565669100432,-0.23444675044211055,0.810124155189117,16331.624625820556,16463.612187165672
1970,6.049999999999997,-7.05,-0.03,1.9728281494500814,-0.4562404932440164,0.7550720284841352,14337.062694564635,14445.068498746774
1971,5.099999999999994,-5.0,0.28,1.9206904030955314,-0.3590129110151695,0.7139341694255477,15412.752342496182,15522.76357596193
1972,7.0,-6.05,0.17,1.6968938795930906,-0.14426868448446598,0.7622079550241141,11436.09742598658,11522.745896801754
1973,9.0,-8.05,-0.04,1.9511002417364305,-0.2793949278938102,0.7705091074643222,10350.981604709952,10430.536781611107
1974,7.049999999999997,-7.0,0.35,2.1653814381142777,-0.3819132409452411,0.821042205268141,13417.738955333352,13527.535665549705
1975,5.0,-6.0,-0.34,1.9667308757851494,-0.5213280620232105,0.653241498496013,15812.574089022559,15915.953070437363
1976,7.1499999999999915,-6.05,0.64,2.081468376196164,-0.4492193361044474,0.8011876453927228,15584.968409732564,15710.246812163645
1977,8.0,-8.0,0.39,1.6665595914591684,-0.18775375430117638,0.7890474260673135,13043.558107816323,13146.386522604724
1978,8.0,-8.0,0.29,1.6705852439233555,-0.19070000216089578,0.7393369595769059,11863.447483753827,11950.979851621198
1979,9.099999999999994,-7.1,-0.19,1.8460812874340098,-0.10079285871333478,0.7798351709858217,12529.97583889351,12627.454080035994
1980,11.0,-10.05,-0.58,1.3932739157267895,0.12231778153436815,0.7237922294798368,9508.585866566744,9577.37581657059
1981,5.0,-4.05,0.08,2.0279433208586206,-0.24317549045240783,0.8259117545861011,18365.363694258336,18516.730285969352
1982,8.049999999999997,-6.05,0.34,1.9355883611076692,-0.2759868671568539,0.7736860248043916,14419.684838801848,14530.71022706507
1983,10.049999999999997,-10.05,0.47,1.6601052317295117,-0.038544568651851414,0.8313838107802183,10690.496548686491,10779.138533445699
1984,8.049999999999997,-8.0,0.22,2.6562959054394026,-0.7615392251792988,0.902164103269778,17082.317561721044,17235.473398929797
1985,8.049999999999997,-7.0,-0.09,2.3579488264303747,-0.682938056233111,0.7371413585097861,18045.315365103404,18176.66239462126
1986,7.049999999999997,-7.05,-0.26,2.0480186076669846,-0.48689051316580195,0.8031094382191539,15928.465130353996,16055.490162768787
1987,7.0,-8.0,0.06,2.0148354906210035,-0.5761128707033503,0.7975291363244313,15656.576135253274,15780.88437460613
1988,7.0,-8.0,-0.43,1.647878308602199,-0.38780305987200797,0.660196105424407,13769.81124353261,13860.543153556573
1989,8.049999999999997,-6.05,1.0,2.2377667046590117,-0.08784147897985983,0.9568658772315116,15834.93412680059,15986.283666704689
1990,6.0,-5.05,0.49,1.8640557867023593,-0.3446297878446238,0.7971249234902821,15921.860738923038,16048.279496582185
1991,6.049999999999997,-8.05,-0.08,2.0808470190719692,-0.7642010803216467,0.8088497536243026,15711.375265978792,15837.50818764298
1992,9.0,-6.0,0.12,2.5346762436826626,-0.46021589345336655,0.8485541139380851,15852.350310999604,15986.396409793064
1993,5.0,-7.0,-0.59,2.080738852611453,-0.7146739321349018,0.7279548679919653,16485.68360009491,16604.79137215655
1994,7.0,-6.05,-0.06,2.160241814901173,-0.22339054793476698,0.8158981975578122,15611.249865422984,15738.167790178444
1995,9.0,-6.05,0.19,1.963412186098509,-0.2652713463421773,0.7721273828360985,12130.447922593548,12224.107341166751
1996,2.0,-3.0,-0.39,2.365578085824527,-1.9978683075627135,0.25254480696149934,33719.62580438788,33806.02477293484
1997,8.0,-10.0,-0.89,1.5086497441150815,-0.22646680846130868,0.6585168238437609,10544.888233507541,10614.25434520554
1998,8.049999999999997,-9.0,0.15,1.6718116284019222,-0.22273558932434043,0.7399808534499533,10998.122909021295,11079.334298032076
1999,16.0,-18.0,0.46,1.3863632847270122,0.10564906137659495,0.7721405630500355,6808.30851878423,6860.872115484631
2000,11.049999999999997,-11.0,0.06,1.5627469610078686,0.044119834039384555,0.7859941676599975,9918.624064747395,9996.536286594674
2001,9.049999999999997,-9.049999999999999,-0.1,1.5416904426791131,-0.293027278730581,0.5822581805517281,10807.483365424167,10870.166890488365
2002,8.0,-8.0,0.08,1.491836813682206,-0.059465706354209766,0.6893707976093749,10775.1910561752,10849.575064800969
2003,7.0,-7.05,-0.05,1.3862609096290515,-0.22973006725136455,0.5861228812992197,12730.84564272535,12805.36162396064
2004,8.049999999999997,-8.0,0.36,1.955571116544495,-0.5722174454422668,0.7471761168588273,16802.71114042729,16928.662482139465
2005,6.0,-6.0,-0.17,1.6194954967540625,-0.3295344642507418,0.7125302282638504,14274.665952992353,14375.512128117329
2006,7.049999999999997,-9.0,-0.47,1.3199433277952481,-0.22627024331908313,0.5397723093506669,10102.302821205114,10156.5656969482
2007,2.0,-2.0,0.1,4.980354570252242,-3.140968225419966,0.925324444977176,46302.70393188324,46698.20586282609
2008,8.049999999999997,-6.05,0.81,1.9299984200752154,-0.18746688070359777,0.8162023380903145,10750.120317514968,10837.403248305887
2009,7.0,-8.0,-0.57,1.3660581637490947,-0.34155773541092854,0.5559286529335163,9616.003383412568,9669.282771092547
2010,8.0,-9.0,-0.35,1.3332237756358574,-0.11524516555031729,0.5695637469500763,8331.42868576016,8378.8681738413
2011,7.0,-8.0,-1.0,1.393552624253945,-0.22631045825505167,0.5081265530845461,9435.596481712058,9483.499371258495
2012,7.0,-7.0,0.08,1.3359468067194002,-0.12794022633483912,0.6430109615795806,10728.10073190609,10796.926907834159
2013,7.0,-7.0,-0.36,2.3888945415777574,-0.854642697997383,0.5978083049705406,17131.524444307397,17232.92620515526
2014,7.0,-9.0,-0.11,1.5204001100941849,-0.3478833029156546,0.6705948818726067,10400.859903423385,10470.410867925753
2015,10.049999999999997,-13.0,-0.42,1.237919554951126,0.1148639193213037,0.725629970094974,6024.29796577004,6067.9932649092725
2016,9.049999999999997,-10.05,-0.41,1.139775714433826,-0.14701866520116913,0.5373967080299747,6966.989053129775,7004.481128723137
2017,9.0,-11.0,-0.97,1.1238688307181763,-0.07642233912822056,0.5274028675329098,6035.923916689302,6067.729335618059
2018,10.0,-7.0,1.5,1.6665520780507541,0.09764747506780029,0.9423099719152277,7281.706461803293,7350.304809025943
2019,2.0,-3.0,-0.28,3.187280678316625,-2.6800613166850216,0.24406915851491476,29699.499653234776,29771.298554375866
2020,6.0,-6.05,-0.05,2.280221400276965,-0.5903996148220245,0.7680943891718458,12651.951196308073,12748.997901155115
2021,7.0,-6.05,0.21,1.9864997803682563,-0.330906691025622,0.8050474088679235,10722.018508798115,10808.184283491391
2022,5.0,-4.05,0.03,2.239968445043207,-0.993188908867816,0.658260614567315,16293.080974792654,16398.63282123838
2023,7.0,-7.0,0.01,1.6800596808164803,-0.20638870493628664,0.7111591995134999,11016.344247922969,11094.626877450348
2024,12.0,-10.0,1.25,1.7235202469170283,-0.017259478106412356,0.8570067538720013,8193.89307678464,8263.819442501412
2025,7.0,-8.0,-0.32,1.6685236975394357,-0.1562972685077271,0.7345986072868916,9958.152730122643,10031.20743390622
2026,7.049999999999997,-7.0,0.15,2.1602952807837874,-0.42347870934567045,0.7544197937035061,12474.814834447114,12568.277017572394
2027,7.0,-8.149999999999999,-0.83,1.6288084548650046,-0.5122104639853925,0.6101580413289232,11256.40606472192,11324.849418502703
2028,6.049999999999997,-7.05,-0.91,1.1521283568162408,-0.4733382004065154,0.37359365319640725,11629.697966839934,11672.864078717532
2029,5.0,-5.05,0.26,2.01892024806042,-0.678441229657897,0.7963086299594647,16527.288728453856,16658.486289016757
2030,7.049999999999997,-9.0,0.27,1.903625605950399,-0.5343011304897334,0.8685775713883084,11919.740099886676,12022.974466537153
2031,6.099999999999994,-5.05,0.48,1.750092367090747,-0.031877337915959744,0.7888814057643405,12560.728780294885,12659.606042479947
2032,6.0,-7.0,0.0,1.4072478375143584,-0.26771955706866557,0.635723344617508,11527.19126272408,11600.589077471637
2033,7.0,-5.0,0.65,1.8557495976617162,-0.11123535449481686,0.8050267450016578,14861.949380646374,14981.369843254954
2034,8.0,-7.05,0.32,1.601902508698213,-0.39420183636604456,0.6454110067591864,11490.906752830422,11564.981415088205
2035,9.0,-7.0,0.8,1.7636860802884684,0.03387500162180933,0.8573621182031591,8184.466060630153,8254.462778112817
2036,7.0,-5.0,1.09,1.6683345058361054,0.0708967756891532,0.9193132201015557,10506.78527471111,10603.106325139559
2037,8.0,-8.05,0.64,1.8168670342717446,-0.41057478553894283,0.7463105753374489,9575.429803353853,9646.556621040781
2038,6.049999999999997,-7.0,-0.05,1.2947243067899632,-0.22867397818307966,0.5541461887536052,8514.961488773022,8562.03401446112
2039,6.0,-10.0,-1.64,0.9210412664650396,-0.20969084945911975,0.38025126353676486,5974.983463560591,5997.621547590605
2040,8.0,-10.0,-0.81,1.1308853285039198,-0.3175335085333725,0.42504203672751467,6468.484812716605,6495.9111765151265
2041,5.049999999999997,-5.0,0.17,2.043343935409642,-0.7256781774059978,0.5888949314432566,11500.322003225914,11567.674858723076
2042,9.0,-11.05,0.53,1.1793227604151295,0.023502660022078282,0.6781335117114827,5412.646030542781,5449.338743606029
2043,4.0,-4.0,-0.13,2.382001971010863,-1.0141366610401186,0.5991848967997403,18244.964783938765,18353.49693450112
2044,12.0,-9.0,0.79,1.212298722861187,0.12207215569212057,0.6470141549116742,6028.993981390485,6067.979431537403
2045,6.0,-5.0,0.18,2.101971374040355,-0.536927805444524,0.655551823729813,14031.451454983386,14123.128223692991
2046,8.0,-9.0,0.29,1.4287976003995133,-0.2283081548886534,0.6443862971644999,6965.572932961809,7010.348882799798
2047,10.049999999999997,-8.0,0.52,1.9172419111796646,-0.14400805676965012,0.7203020281323326,8079.3813110354795,8137.648244837612
2048,9.0,-8.0,0.19,1.4739396898662636,-0.2959826887406862,0.587232213631119,7695.836039294589,7740.937941626154
2049,7.049999999999997,-10.0,-0.32,1.2382494111196167,-0.268509771251907,0.5729076026934442,8260.297765054633,8307.498932415723
2050,9.149999999999991,-9.099999999999998,0.47,1.3201125180026196,-0.07915011930402652,0.6911653770355446,6587.939564386155,6633.388965376116
2051,2.049999999999997,-2.0,-0.14,2.8805350528160103,-2.126626502518124,0.43101137080631075,23178.372367773816,23268.37571982651
2052,5.049999999999997,-6.05,0.09,1.4279347793817188,-0.5830689457251882,0.44799475951401957,14951.60554178844,15018.276979927248
2053,3.0,-6.0,-1.01,0.9619120575222174,-0.30437758294967454,0.30533115987306897,11078.024594227832,11111.645387675757
2054,10.0,-10.05,-0.35,1.0381489569945184,-0.26456495305326916,0.41148344793252406,7961.196264479275,7993.911150048815
2055,7.049999999999997,-11.05,-1.46,0.8597448132181701,-0.19969284790077504,0.35768756123057494,8479.541671699286,8509.881264788333
2056,6.0,-7.0,-1.14,1.2134965742083885,-0.7116789844202013,0.2344909476383117,10398.053648944975,10422.396299660872
2057,6.049999999999997,-9.0,-0.9,0.9601738243163566,-0.3945793931544862,0.3126561954610742,8597.917315064762,8624.809498440838
2058,4.049999999999997,-6.0,-0.61,1.3129200044635698,-0.9021355694405574,0.2737261064961072,13949.17391301196,13986.657956227851
2059,3.0,-3.05,-0.05,1.8645174327217495,-1.078977429223757,0.38228980894640097,21853.996076258863,21939.007683132622
2060,7.0,-8.0,-0.34,1.2113451397195951,-0.4482819518700992,0.4037931585901877,13422.275041972736,13476.331017152579
2061,11.0,-6.05,0.61,1.4350026949953978,-0.12265717095026733,0.5161029479083191,12877.914785364512,12944.595829754246
2062,6.099999999999994,-8.05,-0.83,0.9771984563839657,-0.30448785498723546,0.3383616820012667,6152.787399999004,6173.45663110465
2063,4.0,-4.05,-0.11,1.408227399790994,-0.8221850045689143,0.3973767480263031,16175.486053814864,16240.10074335289
2064,9.049999999999997,-10.0,-0.89,1.100998042295623,-0.2875388222771285,0.36795053724923676,7778.412470291792,7807.146927780971
2065,7.0,-10.05,-1.39,0.9635985979914067,-0.433680741129113,0.29825837939988087,7574.120996799753,7596.688493293887
2066,8.0,-6.05,-0.79,1.4343722519959878,-0.2539075387247072,0.3579959881048296,11526.087256081893,11567.023117557756
2067,6.0,-7.05,-1.03,1.1439164249052625,-0.44515996306570826,0.28364560365578256,8354.895611976413,8378.62715738686
2068,9.049999999999997,-14.0,-3.99,0.6534572697518705,0.04303220405339801,0.33777446868549144,4300.8326987656465,4315.3661113559265
2069,5.049999999999997,-9.0,-1.09,1.0194681650016435,-0.3922540342434377,0.3326805735330516,9386.607860551194,9417.633006418097
2070,7.0,-9.049999999999999,-0.62,1.0912447818053355,-0.2791763039010565,0.40946096535975995,10442.055928703237,10484.567423381624
2071,7.0,-8.0,-0.62,1.023846181168877,-0.2777325405971271,0.3604931430893978,7222.4796781182495,7248.309586077614
2072,8.0,-7.0,-0.6,1.1367157469074944,-0.2486633526513335,0.39398683054410255,11732.738842838138,11778.921308872152
2073,5.049999999999997,-8.05,-0.83,0.7783922595983237,-0.26470808239191074,0.3118830451729845,6536.761044871661,6557.191898188894
2074,12.049999999999997,-13.0,-0.59,0.8662612673869808,-0.13415477476581697,0.3794127195877086,6142.330605361526,6165.661459365243
2075,8.049999999999997,-9.049999999999999,-0.98,1.1734380551169212,-0.2768721518587164,0.3843547323373759,8240.005005556757,8271.482705820852
2076,5.0,-8.0,-1.29,0.8222221924097108,-0.4012982844186066,0.2641835105107592,8474.246184658894,8496.49306104062
2077,3.049999999999997,-5.0,-0.52,1.0361004058039973,-0.5547104551027577,0.27781448866168296,10353.74779057441,10382.49278775072
2078,8.049999999999997,-10.0,-0.77,1.1912171714994073,-0.5052532343954365,0.3501371664188045,7443.122817897325,7469.075033309702
2079,8.0,-10.0,-0.8,1.0100361733918228,-0.3077607941393712,0.3807650474513292,10443.689424260854,10483.401774956277
2080,7.0,-8.1,-1.41,1.0315436022579825,-0.30108090931420445,0.31619566451723097,9972.46976706041,10004.03201335093
2081,7.0,-10.0,-1.38,0.9573753364406015,-0.3673835346346989,0.28318296338605625,6704.068971625759,6723.002383656539
2082,8.0,-9.049999999999999,-1.39,0.8632806461557595,-0.2204756034388253,0.2979378386789289,6352.977765817344,6371.896048970783
2083,8.049999999999997,-11.0,-1.31,0.9002346667989549,-0.12559248226213796,0.35103511756929956,6826.260543383524,6850.109536635934
2084,11.0,-13.0,-1.09,0.9396720662024306,-0.2333219241768531,0.36551898528156096,6432.702663106482,6456.260372767862
2085,8.049999999999997,-7.0,0.16,1.1921980222000466,-0.1849598509431608,0.4654740081664087,9859.438285942042,9905.295538812694
2086,5.049999999999997,-8.05,-1.47,0.9124563166353313,-0.25669291848051007,0.2970899594775727,9283.52291148104,9311.077009632458
2087,5.1499999999999915,-7.05,-0.9,0.9880264395954277,-0.2072894089309703,0.32549691887678533,7678.812814860142,7703.659064452968
2088,8.099999999999994,-9.0,-0.9,1.046917939794931,-0.2226565384730026,0.354232353026026,7686.161020322365,7713.3248694390195
2089,6.049999999999997,-7.0,-1.0,1.1076529863487117,-0.3535547907107731,0.30410640542687195,8912.682496360876,8939.615903459293
2090,8.0,-9.049999999999999,-0.76,0.9484263459682878,-0.21603330465025805,0.36374009194568424,6758.982590328661,6783.603125756392
2091,6.049999999999997,-7.0,-0.62,1.0144073321802223,-0.27888392640252113,0.34134150745812364,7634.045412247418,7660.011808407644
2092,8.0,-10.0,-1.65,0.7868080878225129,-0.06371561620805063,0.3414960745553614,5577.107274721376,5596.094233809169
2093,5.049999999999997,-6.0,-0.22,1.440665468718032,-0.9396779320628252,0.33321513687233434,12767.748067640867,12810.485956599137
2094,7.0,-11.0,-1.81,0.8245579707233327,-0.21279757609289346,0.3051180595090416,5487.905637901618,5504.660511364912
2095,8.0,-12.0,-1.98,0.8507326993806823,-0.32267440922871715,0.2942954243367154,6744.782528038668,6764.544149402973
2096,4.0,-5.0,-0.72,1.2124338012242841,-0.9262290656157246,0.2477186477179677,14448.733855919889,14484.71719948077
2097,7.0,-7.0,-0.1,1.140351954397891,-0.36085778117080825,0.39873718319615664,9061.709401728549,9097.857619431847
2098,7.0,-9.0,-1.16,1.087370727623695,-0.3005590325777296,0.3359829083477227,8734.67100824906,8764.050889298565
2099,7.049999999999997,-13.0,-3.05,0.6869419241697102,-0.2048354003728824,0.2530294854947189,5747.197968261512,5761.656301458584
2100,6.0,-7.05,-0.61,1.1223613114562978,-0.42977654928639725,0.3471276420400941,8748.833593088062,8778.85041779753
2101,9.0,-12.05,-1.13,0.8632638836132217,-0.19001363698751364,0.3344609727663596,4890.613849517741,4906.901327167285
2102,8.049999999999997,-10.0,-1.87,0.9407654658530955,-0.4050825065682713,0.23322523583861604,6212.363256807702,6226.850811541235
2103,8.099999999999994,-10.05,-1.49,0.806291331269509,-0.062009841716523836,0.34254587292767824,5248.938116889339,5266.880408323196
2104,6.0,-11.0,-1.77,0.7635139400085583,-0.3189808978424843,0.26717136634498967,6352.994377552106,6369.930124012628
2105,7.049999999999997,-9.049999999999999,-1.3,0.9855990094571423,-0.3784856220307828,0.2910909141939848,7119.447585039515,7140.048673768086
2106,6.0,-11.0,-1.73,0.8798752347936613,-0.4210195795833443,0.31315155944562134,8621.184583231463,8648.061736443487
2107,7.0,-10.0,-1.98,0.8057608225376729,-0.12875270181864468,0.3147612575405799,5903.144643592271,5921.623674607172
2108,1.0,-1.0,-0.07,7.949001424984867,-8.831213749600767,-0.1015477778582647,56651.57468249147,56653.974376505605
2109,8.049999999999997,-11.0,-2.2,0.811087314904959,-0.10987128232288383,0.30031495234836575,5659.8621998207345,5676.76024487677
2110,7.0,-7.0,-0.7,1.0633253861270162,-0.20949036400197107,0.33481113212208463,7456.883401115476,7481.857324445862
2111,6.049999999999997,-10.05,-0.85,0.8526872454713614,-0.21961922367242065,0.34745825786779305,7186.338392414214,7211.295793734462
2112,6.099999999999994,-10.0,-0.74,1.1153348253361326,-0.44945347002079516,0.38842728445214575,10114.891876912305,10153.919920242435
2113,6.049999999999997,-9.0,-1.48,0.8672226589633616,-0.2479320796745761,0.2809808540669097,5827.746365826293,5844.094437199944
2114,8.0,-8.0,-1.08,1.1113565505829621,-0.27710510851675785,0.3101711925220458,6239.007326109255,6258.40247441874
2115,9.0,-14.0,-2.42,0.7553697611701939,-0.13212429570204515,0.31040739513285515,3677.963287354131,3689.369191480793
2116,10.0,-9.0,-0.82,1.077185988637659,-0.2350823820199667,0.35293312549853384,4241.829787689831,4256.8077836338125
2117,9.049999999999997,-16.0,-2.96,0.6723953004588394,-0.1362071836607531,0.26773274539527186,3036.113561807468,3044.2325088476523
2118,6.099999999999994,-12.0,-1.73,0.868881321903542,-0.40015691962004396,0.2631885983224893,5803.969003506339,5819.237983565424
2119,7.0,-10.05,-1.39,0.8804498870995441,-0.3314288955436445,0.2704242321412865,6180.540741410307,6197.222114716395
2120,9.0,-7.0,0.0,1.433391523930987,-0.31042435404554575,0.4635875481879438,11060.282298381,11111.495411530026
2121,8.0,-10.0,-1.47,0.834868499939093,-0.22671585571077435,0.2919209366795862,5100.946307985079,5115.80323415812
2122,9.099999999999994,-13.049999999999999,-2.16,0.8289227838699935,-0.1116585999549164,0.35151267577155537,5578.262735220898,5597.88489412824
2123,5.0,-8.0,-1.49,0.8685195586683977,-0.3914779564469853,0.21246642176561953,6513.084584159735,6526.86645519232
2124,6.0,-8.05,-0.77,1.26098066740337,-0.6202243897072941,0.3600356138273366,12514.017841962608,12558.859107742117
2125,10.0,-14.0,-1.63,0.8256305010630755,-0.19383481845703487,0.37304754332257084,6634.435922129804,6659.18037659028
2126,9.049999999999997,-11.0,-0.24,0.9333537199741917,-0.10338421571630252,0.43161375682117054,5807.376391221753,5832.4513859365825
2127,4.0,-12.0,-2.87,0.6452329393919096,-0.43404587403798633,0.19174881008132277,5775.027630761914,5786.038644524033
2128,7.0,-7.0,-0.8,1.3322766106856319,-0.5324493794694957,0.2983032139192566,9560.744083602567,9588.904713023854
2129,7.049999999999997,-11.05,-3.27,0.7850795470229326,-0.2571436977844085,0.1772532812668949,4695.813468560018,4704.157324230068
2130,6.099999999999994,-8.05,-1.18,1.0064976964779941,-0.30223967543202185,0.2967356635329607,7323.655036736033,7345.31756581707
2131,6.049999999999997,-13.049999999999999,-2.39,0.8305662765980175,-0.5744332065185142,0.21359520169379045,6664.3992587124785,6678.576134711721
2132,11.0,-15.0,-3.27,0.7677989405404556,-0.15519751496694686,0.25334514666891844,4325.28626588038,4336.209203526424
2133,7.0,-14.0,-3.0,0.7213867496942591,-0.3992589121227416,0.20846340954237857,4214.079914100561,4222.7771582529
2134,9.0,-12.05,-1.82,0.8688021943037411,-0.3565296669549463,0.26505421195644524,4368.459061683135,4380.007379494655
2135,5.0,-10.1,-2.35,0.7603461444912549,-0.3462092424802188,0.21557300035773658,6411.357549284409,6425.101827442844
2136,7.049999999999997,-7.05,-0.82,1.2358807663459808,-0.4885216808075689,0.29578625679486065,7987.467229456787,8011.065438849979
2137,8.0,-16.0,-3.41,0.6143871778877138,-0.33754467038039215,0.17804352722462308,3448.0705169146586,3454.2047646185224
2138,3.0,-4.0,-0.29,1.4828660021722524,-1.0845131737063676,0.2662253619759091,13080.043044163978,13115.547898613622
2139,8.049999999999997,-10.0,-1.61,0.9835191184601534,-0.38106112998238656,0.26337175543507363,6448.307234405554,6465.328531604644
2140,8.0,-8.0,-0.09,1.0841381915823964,-0.2729315887085779,0.38844218348601894,7442.1748361045065,7471.001641881129
2141,6.0,-11.0,-2.78,0.6753293107001497,-0.2030184959942885,0.2066689863607725,3998.802083799842,4007.047276521367
2142,6.049999999999997,-10.05,-2.06,0.8806232775425357,-0.5048118134161692,0.16696163090522373,4389.905544670263,4397.24050491558
2143,4.0,-8.0,-1.65,0.8296815737205189,-0.573819752496076,0.1905148836879359,8475.900551974257,8492.197324527167
2144,5.099999999999994,-11.0,-1.58,0.7616648828794326,-0.34068577370981473,0.22746217048892867,4282.917010792636,4292.674334014173
2145,8.0,-12.0,-2.05,0.8163403908027813,-0.17948149165172606,0.27574371931629615,4397.616039598057,4409.713916842146
2146,7.0,-10.05,-2.1,0.8370918672164045,-0.3431584066654281,0.22668077157740568,5802.766801156115,5815.88842115058
2147,6.049999999999997,-9.099999999999998,-2.09,0.9040261545498811,-0.41069164875526526,0.21475100590194166,5727.543957494493,5739.896140005116
2148,10.049999999999997,-9.049999999999999,-0.9,0.8581092715184571,-0.1366744618352217,0.2929113111982185,4396.878699586595,4409.682576788496
2149,7.049999999999997,-11.05,-1.61,0.8792277973854465,-0.3996224894175174,0.2482249175319008,5153.030173576451,5165.761411458155
2150,10.049999999999997,-10.0,0.13,1.1029313994380414,-0.13833305944674962,0.45017473898713994,7409.150524895471,7442.498516630917
2151,6.0,-7.0,0.04,1.1266639630819644,-0.28054176647183127,0.45439120138843536,10734.941789447397,10783.500776445835
2152,4.0,-6.05,-1.19,0.9464097247139681,-0.5838213488038707,0.1879757617065639,7648.556395720101,7662.761522418662
2153,4.0,-7.05,-1.88,0.7658160960627605,-0.5762839559460428,0.09113639231322755,6063.852679489825,6069.375220973172
2154,9.0,-14.05,-2.68,0.7635827019624715,-0.27148201393941823,0.28615248524569575,5354.697770796936,5369.967842164486
2155,6.0,-12.0,-3.53,0.6397197490929517,-0.15501340615798015,0.2245327441517701,7087.616837058225,7103.477317214229
2156,7.049999999999997,-11.05,-1.61,0.8506888869376092,-0.25135358723798223,0.2898730955925639,8119.7706980996045,8143.244729756482
2157,9.0,-10.0,-0.78,0.8377922141139587,-0.10895505932454999,0.3480230798974118,4824.505976303754,4841.222249457342
2158,4.049999999999997,-7.0,-1.59,0.817357594398398,-0.3385747446867545,0.21853942430586495,6932.213716304054,6947.42782958806
2159,6.0,-8.05,-1.09,0.8478087954839817,-0.2364545231270554,0.29979624479275907,7416.56649917262,7438.800839236442
2160,4.049999999999997,-5.0,-0.4,1.1956133681069028,-0.7250086829382384,0.290302557425113,10049.182094789554,10078.095916937993
