res_change1,res_change10,realr_change1,realr_change10
-0.606899999999996,-0.18808999999998832,0.578696232090592,0.6347153060885624
0.1090999999998985,-0.07090999999991254,0.5506779277365537,0.5398369146179638
-0.4329000000000178,-0.4466899999999896,0.5072756624841857,0.5029909618380568
-0.15909999999985303,-0.5638200000000779,0.5502017164613182,0.5146215907985363
0.8700000000000045,0.12759000000005472,0.7055058628064881,0.6035074558836673
-1.3886999999999716,-0.4885399999998299,0.49964769945833876,0.5407283126734885
-0.4839000000000624,-0.021360000000072432,0.5443671225999314,0.594620615142194
-0.0009000000000014552,-0.03507999999999356,0.5554108082945541,0.5540469238654699
0.3570999999999458,0.21818999999982225,0.6382913216064656,0.6150653506636905
0.2822000000001026,-0.031899999999950523,0.6249017718900962,0.5784525568258037
0.5617999999999483,0.1863499999999476,0.6684498919375947,0.6353327639772921
0.11020000000007713,-0.17698999999993248,0.5920274215619914,0.5776045921260353
0.23560000000003356,0.041200000000003456,0.6572475967206781,0.6120704765090412
-0.18079999999997654,0.18424999999990632,0.5631205556603236,0.6052671970132595
1.0347999999999047,-0.007669999999961874,0.7221244319008058,0.6015340899153676
-0.12590000000000146,-0.018740000000008195,0.5344511108283934,0.5658603873192058
-0.116800000000012,-0.033290000000022246,0.5384987354112081,0.5435597197779307
0.17300000000000182,-0.026679999999942083,0.6309920870067209,0.5972635740821186
-0.5882000000000289,-0.07930000000004611,0.42393108891880527,0.5232222408559029
0.018600000000105865,0.10441000000014355,0.6035518378963989,0.5964098055035505
0.25649999999996,-0.2943799999998191,0.5815267756321463,0.5602657947853418
0.3485000000000582,0.3113499999999476,0.6236608120385956,0.6170922518651478
-0.23840000000018335,-0.5592599999999948,0.5297164001973886,0.4930439297100575
-0.08269999999998845,-0.2677400000000034,0.48880857947495304,0.45403773795993363
-0.11129999999991469,-0.35709000000008473,0.540271962898009,0.5140426377759688
0.014499999999998181,-0.2220199999999295,0.5240459879913839,0.5049223172931994
-1.4524999999998727,-0.4008899999998903,0.46118570955753224,0.5441423173454085
0.8132000000000517,-0.1854599999999209,0.6088837796312863,0.5383484809192263
-0.1733999999999014,-0.28971999999998843,0.48572612278809935,0.4588955952795182
-0.7481999999999971,-0.5774300000000494,0.43578109716764235,0.4386244354877
0.05859999999984211,-0.7793500000000222,0.572720382938674,0.5027958473602823
-0.7860000000000582,-0.30752000000006774,0.5068354115235207,0.58318476760435
-0.23359999999991032,-0.17691999999999553,0.5095631113005261,0.5058137045697242
0.029799999999966076,-0.29311000000001286,0.4999684973220564,0.4144228815463835
0.07169999999996435,0.17036000000007334,0.5978742764893408,0.5959199585924724
-0.15049999999996544,-0.40661999999997533,0.5690891783579399,0.5548705740186177
0.26539999999999964,-0.01837000000000444,0.5917652076274482,0.5799146895569152
-0.030099999999947613,-0.13397999999983767,0.5732681578385579,0.5657274545679547
0.080600000000004,0.03485999999998057,0.6192308764825905,0.6120610153514727
0.4695999999999003,-0.20545999999990272,0.6027143232816945,0.5705954182792405
-0.03409999999996671,-0.07598999999993339,0.5724574058347809,0.5744256238082279
0.21669999999994616,0.42770000000018626,0.6203051684656957,0.6309450151110063
-0.9502999999999702,-0.5194200000000819,0.48271950585294654,0.5166014652365103
0.02479999999991378,0.11540000000002237,0.5937318799740465,0.6228695896170144
-0.5907999999999447,-0.6347900000000664,0.5120435025639525,0.5081746068378967
-0.18469999999990705,-0.07140000000003965,0.5638079748842895,0.5761470591459039
-0.8347999999999729,-0.5610799999999472,0.47930249889598375,0.5005587618449159
-0.13409999999998945,-0.06998999999996158,0.5736638085263701,0.5756042344900791
-0.5567999999998392,-0.10823999999979605,0.563347090904065,0.5932366827948732
0.127900000000011,0.08391000000000304,0.6039180103429409,0.6069524405484916
-1.8003000000001066,-0.989359999999806,0.42391664835481624,0.47537192053932475
0.5167999999998756,0.24026000000003478,0.6097435183254118,0.5871500839476962
0.557700000000068,0.09789999999998145,0.6233112535128926,0.5840436240887037
-0.4678000000000111,-0.40610000000003765,0.5115246586387734,0.5300339122483955
-0.13820000000009713,-0.3237099999998918,0.5408818600085796,0.51531708368171
0.19209999999998217,-0.27727999999979147,0.6026235878382691,0.5668357365461008
-0.3871000000001459,-0.571440000000166,0.4429876480412709,0.4339185276785562
-0.8102999999999838,-0.440119999999979,0.35331710620432055,0.4060344665605342
0.3812000000000353,-0.02602999999999156,0.643719782479435,0.6111254585867254
-0.32760000000007494,-0.1640700000000379,0.6540295490627734,0.6618252219523946
0.6539999999999964,-0.10974000000010165,0.4824820749283143,0.4454638287083368
-0.4329000000000178,-0.30979999999999563,0.5243260842624942,0.5378811240200898
-1.2816000000000258,-0.03780000000006112,0.5509349004500841,0.6230351594064043
0.045700000000000074,0.004849999999999355,0.906593581608961,0.6702185356526336
-1.3741999999999734,-0.504980000000046,0.34834569622750333,0.4411026938461404
0.14179999999998927,-0.0583800000000565,0.5245463976590647,0.4918172537125898
0.30600000000004,-0.3357499999999618,0.5564241166230444,0.5051291365458566
0.23440000000005057,0.05446000000006279,0.569883932435622,0.565884684480622
0.6447000000000571,-0.1238700000000108,0.6345054586119669,0.5395695687492319
-0.43200000000001637,-0.09949999999997772,0.482007817200758,0.5603696997659835
0.05389999999999873,-0.0052799999999706415,0.5607970857623545,0.5595528428436802
-0.5281999999999698,-0.3441100000000006,0.5177950197843506,0.5317023576347557
0.0079000000000633,-0.03986999999995078,0.6062975125538106,0.5998555561459007
0.25649999999996,-0.06936999999993532,0.6029468796989734,0.5546719963197333
-0.05400000000003047,-0.20413000000002057,0.48005441824419126,0.43552956277146393
-0.2681999999999789,-0.1389800000001742,0.5497827062376892,0.5546054309080839
0.19719999999983884,-0.3529500000001917,0.5312264840128034,0.5046813510944492
-0.06670000000008258,0.12342999999987114,0.5937266882987569,0.5990602141703993
-0.2716000000000349,-0.31671000000005733,0.5244542024533283,0.528338186598698
0.24860000000001037,0.1187600000000657,0.5933658436616751,0.5774938541178942
-0.04250000000001819,-0.004509999999982028,0.5695940174859082,0.5678851842932486
-0.03900000000001569,-0.10242999999999824,0.57811446466427,0.543468495558086
0.15360000000009677,-0.3257100000000719,0.5840690762701106,0.5589317910021485
-0.9522999999999229,-0.806440000000066,0.42639013555589855,0.43222538320686343
-0.03559999999993124,-0.6441400000001067,0.4954239806455707,0.44104082817373325
-0.48919999999998254,-0.4729899999999816,0.46938774563496377,0.4823750150696915
-0.15409999999997126,-0.6110599999999522,0.48434300809161446,0.4304962058424566
-1.8677999999999884,-1.0249900000001162,0.30416482810993184,0.3726284625176879
0.07979999999997744,0.06708000000003267,0.6251815089048707,0.6291897007965952
-0.3384000000000924,-0.34608000000002903,0.46705534731918963,0.45763159671172726
0.018100000000004002,-0.19096999999999298,0.5416032579445895,0.5087548912086515
-1.0371999999999844,-0.4971100000000206,0.46121567429855403,0.5179761838990604
-0.5223000000000297,-0.11333000000001903,0.525005139638246,0.6125088647388921
-0.4296999999999116,-0.18237999999996646,0.4460440631631535,0.4656564316244838
-0.412900000000036,-0.522420000000011,0.48410832455327846,0.4761566902199421
0.04120000000011714,-0.25747999999998683,0.5866508482877064,0.5478630010357532
-0.24900000000002365,-0.17789000000004762,0.47951754750694686,0.5010119669791369
-0.04720000000000368,-0.08468000000000586,0.5258960721872707,0.49482523207229345
-0.26329999999995835,-0.2961899999999673,0.4893924290223284,0.47536941214636474
0.31620000000003756,0.08976999999998725,0.6697753988581523,0.6249033198687526
-0.18029999999998836,-0.26329999999995835,0.5691177573729833,0.5640946432202476
-0.19209999999998217,-0.10051999999996042,0.5459645679953162,0.5533817204258495
-0.28329999999994016,-0.3161999999999807,0.516266485016903,0.5079707347495077
-0.16870000000000118,-0.025210000000001287,0.3472017462131438,0.5411733229115256
-0.3605999999999767,-0.3595900000000256,0.5237527223582283,0.5304607952776319
-0.163899999999785,0.25629000000003543,0.57485184460635,0.610857149942956
0.016500000000064574,-0.2901600000000144,0.5367879077884163,0.5093521660984424
-0.26159999999993033,0.1692199999999957,0.5727608263153217,0.6106256741552185
0.5713000000000648,-0.07808999999997468,0.6225185199383754,0.5714555088110584
0.13679999999999382,-0.3189399999999978,0.5872022789338738,0.5168226842969359
-0.23109999999996944,-0.25625000000002274,0.5236309451464027,0.5145852416414964
0.4976999999998952,-0.16119000000003325,0.5834820019489317,0.5469499314072257
-0.3286000000000513,-0.09203000000002248,0.5266664712704872,0.5532736041214292
-0.4175999999999931,-0.05513999999993757,0.529350542145135,0.5809791486178773
-0.18090000000006512,-0.6193399999999656,0.5512655978426206,0.5136424972779219
-0.707300000000032,-0.11330999999995583,0.507196289302092,0.5549571565040434
1.171199999999999,0.4979099999998198,0.6588624154431955,0.6190281475143777
-0.008100000000013097,0.08767999999986387,0.5602930520900662,0.5738381983294571
-0.4148999999999887,-0.2894700000000512,0.473622987188449,0.4824756606240932
0.6068000000000211,0.788569999999936,0.6509240191359789,0.6536253781728618
1.5452999999999975,0.8259499999999207,0.7346813096812621,0.6917655837057168
-0.4411000000000058,-0.48352999999997337,0.49746650641278034,0.49203848402266104
-0.1812999999999647,-0.5942900000000009,0.5008980859118717,0.461943389412367
-0.02470000000005257,-0.19407000000001062,0.5360062612472349,0.5174869804007276
-0.47699999999997544,-0.20866000000000895,0.5170081540254223,0.5678488359402101
-0.6170999999999367,-0.26662000000010266,0.44590332378504627,0.5057484901300757
-0.8852999999999156,-0.13081999999985783,0.5130028930498298,0.561459254861707
-0.4694000000000642,-0.7353400000000647,0.4028307691540167,0.36203621716168755
0.044199999999932515,0.0035100000000056752,0.553262709721225,0.5538777386769889
0.21460000000001855,0.20695999999998094,0.5887391410441589,0.5902521727551902
-0.4171999999998661,-0.7593299999998635,0.541598740889726,0.5216426951210718
0.4338999999999942,-0.9405799999999545,0.574775354362167,0.518054468915996
0.2394000000001597,0.24351000000001477,0.6054764847714944,0.616205713783935
-0.6772000000000844,-0.14278999999987718,0.5405868032142491,0.5704478233480748
-0.03370000000001028,-0.020690000000001874,0.6208377403121634,0.6194009579085558
-0.6094000000000506,-0.17871000000013737,0.5249691556841851,0.5567015558706423
0.27930000000003474,0.10124999999993634,0.6511702898537974,0.6098140661052076
0.08979999999996835,-0.06648999999993066,0.5963393910658921,0.5858368690883742
0.6581999999998516,-0.3612900000000536,0.5954228274953843,0.5113080787383373
0.5114000000000942,-0.3636399999998048,0.6021352670373403,0.5484271483588543
-0.05129999999985557,0.06876000000011118,0.5363967992359386,0.5463692513697493
-0.3181000000001859,-0.36029000000007727,0.5372638929154627,0.5241768914095779
-0.6000999999999976,-0.04361000000000104,0.4381826857598137,0.5667657074163168
-0.25149999999996453,-0.15865999999999758,0.5211337970707275,0.5398701031822606
0.745900000000006,0.18291999999996733,0.6737552269528324,0.6041340685073227
-0.5272999999999683,-0.3221000000000913,0.4992092984688945,0.5071782137584524
-0.7582000000001017,-0.39191999999991367,0.4492660497268375,0.4788559930059666
-0.01859999999987849,0.012159999999994398,0.5474002149153501,0.5469290436022733
-0.3704999999999927,-0.35905000000002474,0.49953037200103356,0.49334558388636207
-0.399599999999964,-0.37427999999999884,0.5558960135149116,0.5552291026619027
-0.4655999999999949,-0.36231999999995423,0.4984517386361631,0.5087643700112388
-1.8627000000001317,-0.734000000000151,0.3807550798198056,0.46256663527397546
-0.39589999999998327,-0.8115299999999479,0.44045163299313295,0.40803044084214424
-0.20479999999997744,-0.31546000000003005,0.4910221253749958,0.4603474020755227
-0.7282999999999902,-0.4897200000000339,0.3177125999136887,0.3616697219824161
-2.7346000000000004,-1.4958100000001195,0.2687628383635676,0.35147233633363584
-0.8198999999999614,-1.0304200000000492,0.4138457166630971,0.405614507694918
-0.45279999999991105,-0.7119999999999891,0.40860048762507706,0.3680410076606133
-0.4656999999999698,-0.28431000000000495,0.44521632402456657,0.4780382967719321
0.11039999999997008,-0.23553999999995767,0.5833453143476275,0.4937497143520764
0.27499999999997726,-0.31282999999996264,0.5285820393906571,0.4549233428354116
0.12869999999998072,0.03075999999987289,0.5808608836533447,0.5662400756071717
-0.27760000000000673,-0.13723000000004504,0.4862154919599737,0.4885499441867003
-0.3020999999999958,-0.04624999999998636,0.5100278764146093,0.5492698625778836
0.1332999999999629,-0.2787700000000086,0.5561563756585564,0.5150643205790839
-0.4216000000000122,-0.38062999999999647,0.4503437771822938,0.433839491222221
-0.6317000000000235,-0.1997800000000325,0.271669221027393,0.4047526855511352
-0.898900000000026,-0.43064000000003944,0.39401119252846506,0.450252476580415
-0.4593999999999596,-0.44428000000004886,0.4567089618868758,0.4565291828619644
-0.5738000000000056,-0.35158000000001266,0.4173467047156043,0.4331806572991814
-0.6255999999998494,-0.506939999999986,0.4785077532938997,0.4742520862009325
-1.0452000000000226,-0.27386999999998807,0.4036707458108246,0.5049356331152888
-0.7554000000000087,-0.27990999999997257,0.517364949145871,0.5524192812074169
0.2925999999999931,-0.11815999999998894,0.6197413564308807,0.5896721972545871
-0.3266999999999598,-0.18055999999990036,0.5064536103598583,0.5272596933481255
0.05199999999990723,-0.006600000000162254,0.6020743209033563,0.5903448785737453
-0.7897999999999001,-0.14238000000000284,0.44195588385373963,0.5290223109494452
-0.9630000000000791,-0.29764000000000124,0.39713876539608783,0.5085154710437134
-0.20410000000003947,-0.010639999999966676,0.49872801203951767,0.5329197527316865
0.8727999999999838,-0.20321999999998752,0.6550788209890968,0.5336073083627602
-0.3025000000000091,-0.02242999999999995,0.22471216417370155,0.5316130318057555
-0.06060000000002219,-0.2632699999999204,0.5695903674364899,0.5355608577425119
-0.4215999999998985,-0.5686399999999594,0.4868022749599188,0.47119369704879954
0.3366000000000895,-0.24526000000003023,0.545242642168553,0.47776479282539697
0.23509999999987485,-0.10103000000003703,0.5835020534266988,0.5556151923767239
-0.16360000000008768,-0.17692999999997028,0.5018804389020692,0.49984658321025055
0.5174999999999272,0.04349000000001979,0.6463419431906203,0.6005513824308251
-0.4660000000000082,-0.1673799999999801,0.43094124557478963,0.50218233123549
-0.08939999999995507,-0.3157600000000116,0.5054881148584434,0.46027212731376554
0.5151999999999362,-0.12317000000007283,0.6427749773817437,0.5176550998908791
-0.03050000000007458,-0.09426000000007662,0.5603047272634498,0.5502512645793711
-0.8470999999999549,-0.48935999999980595,0.5092127037824579,0.5344381004115162
-0.16010000000005675,-0.2673099999999522,0.5366774753333914,0.5363440871556602
-0.7700999999999567,-0.06706999999994423,0.4715220414541754,0.55339561181873
-1.3312000000000808,-0.3617699999999786,0.470282035020686,0.525101207104095
-0.54200000000003,-0.1792599999999993,0.47901651632542563,0.5220756447888109
-0.8609000000001288,-0.4001299999999901,0.50235615493186,0.5241540039027326
-0.5244000000000142,-0.5592599999999948,0.47316585850505355,0.4660180647284351
-0.6984999999999673,-0.49656000000004497,0.49139881748385683,0.4986116823883391
-1.3811000000000604,-0.43891000000007807,0.48266707444721835,0.5572589591117394
-0.8156000000000176,-0.26586999999994987,0.4907371121995796,0.5477619502623376
-0.07750000000000057,0.015169999999997685,0.4680746047548423,0.5871018534289618
-0.38229999999998654,-0.2271699999998873,0.5031524195330705,0.5182220436224405
-0.3324000000000069,-0.1802099999999882,0.5017120133607111,0.518402067476309
0.05060000000003129,0.14205999999990127,0.5671879653972534,0.5799253045457364
0.1675000000000182,-0.13044999999999618,0.5724154604460407,0.5171954057376027
-0.20359999999999445,-0.19207000000000107,0.42730055771851294,0.43112963777756086
0.13379999999995107,-0.03413999999997941,0.5585715069774677,0.5462858388239678
-0.07229999999998427,-0.21714000000002898,0.5022439027773329,0.471885267344474
-0.033200000000078944,-0.1582500000000664,0.5295104340223178,0.49608932324018973
-0.3046999999999116,-0.2879299999999603,0.47079138656198616,0.4856679022626764
-0.6477999999999611,-0.2008299999999963,0.44779703213322364,0.49953513970371066
0.3883999999999901,0.011660000000006221,0.612080012414129,0.5181455762254261
1.0760000000000218,0.08666999999991276,0.6392538222723232,0.5830550937543588
-0.03520000000003165,-0.07408000000009451,0.5250945607298885,0.5138193763226884
-1.2930000000000064,-0.7227900000000318,0.3037011640626641,0.3727174960153734
-0.5800000000001546,-0.30716000000006716,0.46668753210350467,0.4893687858743778
-1.4330999999999676,-0.7180499999999483,0.4404470514874026,0.49067643984881393
-0.17240000000003874,-0.26621000000000095,0.3749779254365704,0.37017530337819515
-0.9576999999999316,-0.8553700000002209,0.5180670891282269,0.5189723996996021
-0.40840000000002874,-0.65366999999992,0.4933423637723644,0.47122342983070276
0.5621000000001004,-0.20731999999998152,0.5552400736966279,0.47035345148289665
-0.45659999999998035,-0.3328599999999824,0.470871799593664,0.4781215308972353
-0.3213999999999828,-0.17526000000003705,0.41959860353153466,0.4666054223349647
-0.4500999999999067,-0.30476999999996224,0.4548134123482539,0.4657350677003569
-0.2599999999999909,-0.11311000000000604,0.4830362087324902,0.521555169859389
-0.019499999999993634,-0.09443999999996322,0.5406109598939279,0.5268948936646201
0.0653999999999968,0.00782999999999845,0.6351195614860528,0.5382500303972027
-0.21240000000011605,0.13396999999986292,0.5440792606010714,0.5749892932069844
-0.6110000000001037,-0.3534700000000157,0.45291464702215123,0.4915175109106773
0.0664000000000442,-0.06943999999998596,0.5617072754068086,0.5434830929196943
0.05690000000004147,-0.6320100000000366,0.5181670983766873,0.460116813031064
-1.1597999999999047,-0.46626999999989494,0.4070694976841871,0.4734856773334073
-0.925200000000018,-0.31338000000005195,0.40833787019267653,0.4691162615761524
-0.9598000000000866,-0.5604399999999714,0.39688380289693015,0.43959877263211045
-0.132000000000005,-0.03969000000000733,0.33648864694404423,0.44494936396330953
-0.13829999999995835,-0.08582000000001244,0.46221047348169453,0.4784165421500397
-1.2539000000001579,-0.8447999999998501,0.4280179405584672,0.4609141498728153
0.7857999999999947,-0.060839999999984684,0.6130695211823411,0.4980825810391609
-1.2549999999999955,-0.5578799999999546,0.4098454130012863,0.47272951503485316
-0.27519999999981337,-0.4837999999999738,0.46270944339779074,0.44331155050449933
-0.579400000000021,-0.2681400000000167,0.36894618555425307,0.44232605974912076
-0.31740000000002055,-0.10118999999997413,0.38915192435662327,0.4609089476111494
-0.06179999999994834,-0.1642500000000382,0.5133471949998691,0.48124639452022944
-0.9085999999999785,-0.1825699999999415,0.396796343260708,0.46982989980688394
-0.5343000000000302,-0.7186099999998987,0.48678104818749013,0.47756284185740405
-0.04870000000005348,-0.15698999999995067,0.514346916050834,0.5024020511802174
-0.5652000000000044,-0.3675700000000006,0.4299480283098678,0.4468081113509603
-0.11149999999997817,-0.2898500000000013,0.4721437404357376,0.42981115927049895
-0.6924999999998818,-0.7890100000001894,0.45544598694002847,0.454950683929245
-0.1974999999999909,-0.18182000000001608,0.5315475136236536,0.5141484700590615
0.554300000000012,-0.6529799999999568,0.5741984766733266,0.42799975178395844
-0.6604999999999563,-0.5017199999999775,0.4938852411137562,0.5232814083436788
-0.51299999999992,-0.816150000000107,0.4936137992873846,0.4791994405967115
-0.4048999999999978,-0.41895999999997,0.4838025766318754,0.48873350652050007
-0.3768000000000029,-0.3319500000000062,0.48607865017507024,0.5023005726326302
-0.6268999999999778,-0.05266000000005988,0.4457396261923874,0.5326742604132129
-0.2216999999999416,-0.1389000000000351,0.5117111162522558,0.5328656976396617
-0.8564999999999827,-0.21935999999999467,0.3301560852513763,0.4588446884983277
-0.34190000000000964,-0.04506999999995287,0.5179055356189011,0.5680477616859081
0.30349999999998545,-0.18299999999999272,0.6257166231036004,0.5337986855794119
-0.36409999999989395,-0.46847999999999956,0.4370752223188834,0.42085084690619556
-0.3572000000000344,-0.6682700000000068,0.5011454935821336,0.47892353649410246
-0.31899999999996,-0.05511999999998807,0.46099899983749193,0.4908980809099628
-0.47410000000013497,-0.6305500000000848,0.46859817419058203,0.4486436109000236
-0.14580000000000837,-0.05910999999991873,0.5024373156408801,0.49687842643566515
-0.24250000000006366,-0.41347000000007483,0.5001658485852323,0.4767127222426115
-0.27070000000003347,-0.27228999999999814,0.47213769341729606,0.4536930943840556
-0.11590000000001055,-0.3711399999999685,0.46734809523649723,0.44308181801864244
-0.9024999999999181,-0.6054500000000189,0.4403152787445741,0.464645947434672
-0.6368999999999687,-0.4698999999999387,0.4341257614047134,0.44889617329229026
-1.5876999999998134,-0.5334799999998268,0.44979304236056894,0.5166842045992937
-0.08540000000004966,-0.2055399999999281,0.5092955401964305,0.49306632489098945
-0.07079999999996289,-0.15065000000004147,0.5580014479529716,0.5411986464312513
-0.35149999999998727,-0.1263699999999517,0.4961129035007561,0.5152897596680361
0.2437999999999647,-0.048240000000078,0.5917765086622007,0.5697820438570256
-0.48030000000017026,-0.5622599999999238,0.49714808763299256,0.5007038982338452
0.42689999999993233,0.11696000000006279,0.6963647462989941,0.6462173725967579
-0.13379999999995107,-0.09795999999994365,0.50659656217098,0.5035983859303261
0.2847000000000435,0.1180100000000266,0.5846209163529847,0.5753414181459915
-0.36390000000005784,-0.3820099999999229,0.4374700511219132,0.44342112367792286
-0.743199999999888,-0.27044999999998254,0.4689247512160488,0.49796756635673844
-0.26200000000000045,-0.5188200000000052,0.44587215342593023,0.3821805194979433
-1.6358000000000175,-0.5344000000000051,0.47178396207299134,0.5383525532378197
-0.63799999999992,-0.44761000000016793,0.4701909370224522,0.48257440495096393
0.05900000000019645,-0.42534999999998035,0.5185436766416585,0.4635884633725773
0.0887000000000171,-0.2628700000000208,0.5351759222275376,0.4805767712350084
-0.004900000000020555,-0.1888699999999517,0.5235680777651242,0.48525324186365904
-0.026399999999966894,-0.303890000000024,0.49425734042798375,0.4472465999941777
-1.3016000000000076,-0.2857099999998809,0.43196094743971347,0.5329380725054289
-0.11329999999998108,-0.1149399999999332,0.5502683993600321,0.547307949409781
0.3407999999999447,-0.23438000000010106,0.5764505988244295,0.5261282485941043
-0.11620000000004893,0.03489000000001852,0.5265722533952522,0.5397717721777884
-0.7443000000000666,-0.36332999999990534,0.4847564423726469,0.5297708292129277
0.024499999999989086,-0.43635999999992237,0.5453239424743961,0.49205964830105753
-0.19830000000001746,-0.4291200000000117,0.4882720582026101,0.4511644908083978
0.2501999999999498,-0.21987000000001444,0.5435209302405264,0.4777065584907758
-0.886199999999917,-0.35349999999994,0.4586544190969155,0.5052465356046199
0.027399999999943248,-0.4405300000000807,0.5235609608970293,0.4634614727595521
-0.5619999999998981,-0.0704200000000128,0.4841566025169719,0.5347546715986029
-1.2475000000001728,-0.1434999999999036,0.456541603548799,0.5384659408496084
-0.34120000000007167,-0.5990399999999454,0.44903763983188405,0.42927220791737497
0.2636999999999716,-0.15372999999999593,0.5996219049274165,0.5613646776587933
0.12049999999999272,-0.03136000000006334,0.5956040814145913,0.5755224485221699
-0.8209999999999127,-0.3996700000000146,0.48111327403292936,0.5115426861223682
-1.2373999999999796,-0.5439199999998436,0.38248667929670077,0.4391232836086445
-0.17820000000006075,-0.2515399999999772,0.5768361450791959,0.5749312574003351
-0.07139999999992597,-0.2400399999999081,0.5165103373619528,0.4878423244665253
-0.7434999999998126,-0.26650999999992564,0.5414020843343748,0.560244578685154
0.01639999999997599,-0.13369000000000142,0.5163259242001894,0.4969122191109232
0.9558000000001812,0.15893000000005486,0.63743479902858,0.5927979804096761
-0.721300000000042,-0.3391300000000683,0.42073908238515756,0.45971498743524464
0.2719999999999345,-0.34254999999996016,0.5541698249682314,0.4907011100160341
-0.4298999999999751,-0.44977000000005773,0.4136681906152573,0.4355387558691026
-0.08580000000006294,-0.3484000000000833,0.503519734316793,0.48554040677126764
-0.5117999999999938,-0.49563000000011925,0.4992194326061128,0.4967206875547303
-0.6031000000000404,-0.3071700000000419,0.42575024193991506,0.460274443416786
-0.5589999999999691,-0.4139099999999871,0.4331961180607413,0.44258510326082856
-0.851799999999912,-0.12028000000009342,0.40775675923390153,0.4912656066569765
-0.48919999999998254,-0.3213300000001027,0.44145067869880705,0.4683355056284366
-0.05230000000028667,-0.0737200000003213,0.5595684802770506,0.5587984450268868
-0.6682000000000698,-0.24048000000016145,0.45456950667572826,0.4899644755298249
-0.17499999999999716,-0.05362999999999829,0.12780353583534687,0.4473093025403774
-0.46620000000007167,-0.36617999999998574,0.42136537486545667,0.4430853806882018
-0.45659999999998035,-0.31851000000006024,0.4299276120641293,0.45839695969187577
-0.04010000000016589,-0.3520499999999629,0.4777308380216727,0.43822077680426563
0.3392000000000053,-0.05923000000001366,0.6056252195956402,0.5167898311202235
-0.47280000000000655,-0.08213000000000648,0.4604489867259476,0.5504254193389846
0.426400000000001,0.14118000000001985,0.7472902279147764,0.6687158309681474
-0.7334999999999923,-0.19913999999999987,0.3675253479857421,0.477150286245398
0.464999999999975,0.1479400000000055,0.687923485290387,0.6291345212769528
0.3813000000000102,-0.1543100000000095,0.6149871242261185,0.542446861048429
-1.1876000000002023,-0.7248899999999594,0.45041479325513833,0.48733615459699564
-0.7705999999999449,-0.23829999999998108,0.41642459084427763,0.5119109037522662
-1.6401000000005297,-1.276600000000144,0.5078382984243124,0.5117438937874308
-0.3135000000002037,-0.6437799999998788,0.5502138564671633,0.5378163887973519
0.46889999999996235,-0.05348000000003594,0.6056829595316948,0.5384975308392992
-0.23120000000000118,-0.14400999999999442,0.3236834009819889,0.4048901012794204
-0.3057000000001153,-0.1308599999999842,0.5037024844134264,0.5204713423093921
0.8712000000000444,0.46606000000019776,0.5318426560984246,0.5108279738982757
-0.2898999999999887,-0.11135000000001583,0.4569122671195913,0.48726323128176485
-0.2437999999999647,-0.5095300000000407,0.4333036025397252,0.4228006794922967
0.058399999999892316,-0.3210599999999886,0.43978645763116386,0.4342464745162644
-0.6179000000001906,-0.14942999999993845,0.39584123390159487,0.4422779391349163
0.748700000000099,0.019590000000107466,0.5251594429358297,0.47672854645279816
0.35370000000011714,-0.10619000000019696,0.4716358033609591,0.44054447299981536
0.12470000000001846,0.09256999999999493,0.5459636949508573,0.5376773113445976
0.4279000000000224,-0.06376999999997679,0.5018520898631529,0.44512249257628866
0.4046000000000731,0.39203999999995176,0.5337252814315407,0.5428941655776454
-0.11750000000000682,-0.07026999999999362,0.381310146458147,0.40955857939124485
0.14480000000003201,0.115949999999998,0.5443325214387729,0.5448517699692568
-0.29500000000007276,0.041009999999914726,0.45314818730393114,0.46861653483087906
-0.7509000000000015,-0.12824000000000524,0.45639835317496935,0.4912587649044564
0.08449999999993452,-0.4674499999998716,0.44656993394389666,0.4030991156537489
0.20709999999996853,0.08193999999991775,0.5728176061987167,0.5614202246976951
-0.6999999999999318,-0.2945200000000341,0.3509370838887582,0.4261843237744367
1.0349999999999682,0.39992000000006556,0.707889981672194,0.6266402992964215
0.48850000000015825,0.6645700000001398,0.6422598291674575,0.6615229827710234
-0.5266000000001441,-0.5474999999999,0.40113293689694185,0.4057409790156896
-0.23320000000001073,-0.09111000000007152,0.5506907221450197,0.579258709261854
-0.11009999999987485,-0.2359400000000278,0.4779200060973432,0.47077077351347363
0.34720000000001505,0.18277999999997974,0.631987045542215,0.6148737296035378
-0.3324000000000069,-0.45969000000002325,0.41119343329589775,0.40749239212403143
-0.3166999999998552,0.17006999999989603,0.5300786924224976,0.5836357957642146
1.0512999999998556,0.6761300000000574,0.6603151227257298,0.6315757613038375
1.2873999999999342,0.750039999999899,0.6349280824133663,0.6085824501753434
0.20880000000011023,-0.7256999999999607,0.4562814482977462,0.3734278483474185
0.348700000000008,0.9652799999998933,0.567204721574166,0.6038702629530102
0.01999999999998181,-0.18269000000003643,0.4511359108078983,0.4052892315283829
0.6854000000000724,0.4013800000000174,0.6417689502166146,0.5733164898241938
0.7855999999999312,0.5593499999999949,0.6223346148222175,0.5999994766845207
0.15480000000002292,-0.39748999999994794,0.492753714112415,0.4090948477062817
-0.07460000000014588,0.8110599999999977,0.5022456817030285,0.5946770743886054
-0.9666999999999462,-0.3813999999999851,0.27458831163322817,0.38287334810691576
-0.6801000000000386,-0.6047500000001946,0.37992931065431446,0.3850363423780756
0.43629999999996016,0.42248000000006414,0.49282722679926394,0.48668167834420295
0.6227000000001226,-0.6707499999999982,0.5208476510869975,0.39506351226179515
-0.43840000000000146,-0.7333499999999731,0.4084013873749459,0.37316229497854625
-0.47310000000004493,-0.5065599999999222,0.38534553398448246,0.3798672146930304
-0.7545999999999822,-0.4636000000000422,0.4163333373551792,0.43571239710411547
0.30330000000003565,0.49472000000002936,0.5739925338130503,0.6235353673191835
-1.0973999999999933,-0.46388999999999214,0.36922376787522637,0.427547932098693
-0.43240000000002965,-0.4436600000000226,0.44648004405398733,0.43079148596374406
0.15369999999995798,0.6039100000000417,0.5860514795690941,0.6384810069888669
-0.036200000000008004,-0.5424600000001192,0.5014170725117006,0.4434414503523332
1.0439000000001215,1.132720000000063,0.6188839326577433,0.62493692204868
0.15789999999992688,-0.02440999999998894,0.5181081826948208,0.4975490708184038
0.25840000000016516,0.8572999999998956,0.5701002957081425,0.6136143863940013
-1.0708999999999378,-1.3786700000000565,0.36001166994983347,0.3387333687138616
1.7476999999998952,1.134710000000041,0.6958229848748054,0.6558189491685962
-1.1503999999999905,-0.29853000000002794,0.30591053454840367,0.42356837352670595
0.622899999999845,0.7870900000000347,0.6133306164270769,0.6292200865875675
-0.3671999999999116,-0.11481000000003405,0.3929032195250981,0.4472282444142106
-0.0986000000000331,-0.5577899999998408,0.48061077692895804,0.43927676554671446
1.6753000000001066,1.085299999999961,0.6692724497309177,0.6369234407863633
-0.6556000000000495,-0.19273999999995794,0.4487066540129536,0.484958140279379
0.8121000000001004,1.075059999999894,0.6051648668763177,0.6333294026276581
-0.5955000000001291,-0.2731100000000879,0.4929824220901047,0.5046275473787443
0.058400000000006,0.018439999999941392,0.5396658652695674,0.5357421856736266
0.28890000000001237,-0.13770999999997002,0.5664396803777727,0.5052707909084075
-0.016499999999950887,-0.026600000000030377,0.5218237170715234,0.4994614656519625
1.7868000000000848,1.023740000000089,0.6771361255961228,0.6248453798490594
-0.21529999999999916,-0.07896000000000925,0.253222155206867,0.37655245850578556
-0.41019999999991796,-0.3186800000000858,0.4177155583213965,0.4304858882289153
-0.2076999999999316,-0.1372799999999188,0.46609223938900435,0.4609986752231343
0.20910000000003492,-0.6428699999999026,0.4614742990218801,0.3937036175893027
-0.4052000000001499,-0.1903500000000804,0.48140998110994815,0.49206829326911006
-0.16769999999996799,0.03064999999992324,0.5008780638649624,0.5165182740831442
0.2941000000000713,-0.19942999999989297,0.5175643554779841,0.4776943990185911
0.5053000000000338,-0.04106000000001586,0.5446229589026297,0.49983326794034166
-0.039800000000013824,-0.002519999999776701,0.517070984724266,0.5141870372724622
-0.6914000000001579,-0.28703999999993357,0.43022905808101086,0.46564374477768844
-0.7363000000000284,-0.410129999999981,0.40776194779370556,0.44069504728483366
-0.9537000000000262,-0.712210000000141,0.3964953323676301,0.4306045798263325
-0.9017999999998665,-0.7447400000000926,0.41513914798001483,0.41439632936719484
0.0072000000000116415,-0.3304799999999659,0.4469369760999209,0.40519631155746527
-0.44049999999992906,-0.17716999999993277,0.4650957482781992,0.4796104255807121
0.03309999999987667,-0.5139400000000478,0.5089679751840048,0.43838362681805076
-0.29359999999996944,-0.5690599999999222,0.4385664592899019,0.4082925438525731
0.5469999999999118,0.41557000000000244,0.6415774815150765,0.6167232661026256
-0.20210000000008677,-0.17511000000001786,0.45715767590794876,0.4542964619608014
0.6997000000000071,0.23781000000008135,0.6494103996395939,0.6007769185412126
0.15369999999995798,-0.248929999999973,0.48981583148210994,0.4007927209526807
0.7785000000000082,0.49189000000001215,0.6603754040694021,0.6322768064511486
-0.6769999999999072,-0.19892000000004373,0.41957794884288635,0.46566538276586744
0.08249999999998181,0.03611000000000786,0.5329516976229742,0.5084500236766543
0.04059999999981301,0.2830899999999019,0.558689431798487,0.5784798599277163
-0.4078999999999269,-0.2571899999999232,0.4272270235540221,0.4346832204467521
-0.16620000000011714,-0.18958999999995285,0.5228990645596676,0.5231978863673881
0.2158000000000584,-0.07424000000003161,0.5528344973374733,0.5065700054653233
-0.7714000000000851,-0.4077800000000025,0.46450504115287394,0.48035049207266756
0.7009000000000469,0.3825600000000122,0.5661453474467004,0.5416590899515628
-0.1753999999999678,-0.24458999999990283,0.4148139176011423,0.43132894702990754
-0.875400000000127,-0.06087999999999738,0.4464258318934933,0.4897209788183421
-0.5298999999999978,-0.29295999999999367,0.45805332736426063,0.4858772609393158
-0.5189000000000306,0.343309999999974,0.5177933522311884,0.5739766954021563
-0.4612999999999374,-0.3708399999998164,0.48108634138286366,0.47684210895759804
0.9592999999999847,0.49416999999994005,0.6421529385836733,0.6003230690659223
-1.4022999999999683,-0.3411599999999453,0.38129909036495047,0.48088405397930245
1.1240000000000236,0.6963200000000143,0.6494863799071382,0.6333350890131317
-0.213799999999992,-0.2643999999999096,0.48680321484637634,0.47811367648735725
0.5183999999999287,0.6226700000001983,0.5984420339955276,0.6087505759840628
-0.2585999999998876,-0.06924000000003616,0.4772598946547024,0.4968037501002609
0.08140000000003056,-0.046289999999999054,0.5411043132633075,0.5346461908671163
-0.26300000000014734,-0.06783999999993284,0.49988832048188936,0.5154575814523277
0.475400000000036,0.3378900000000158,0.6129521484596667,0.5934349561472096
-0.3416000000000281,-0.2885699999999929,0.378452417909414,0.3824143644375111
0.1811000000002423,0.7307200000000194,0.5892369246967899,0.6196356637492517
-0.27929999999992106,-0.30850999999995565,0.4318019322951283,0.43051631572879057
0.5471000000000004,0.629950000000008,0.6135327228253162,0.6211202367794932
-0.7212000000000671,-0.30935999999996966,0.4316538435469308,0.4806563039898126
0.2701999999999316,0.560059999999794,0.6145922952751404,0.6250913492368948
-0.14979999999999905,-0.08755999999999631,0.31523967324138535,0.3666941220257014
1.1573000000000775,0.5388700000000881,0.6494402647744479,0.6155244563468054
1.965599999999995,0.42336999999997715,0.6083480447620637,0.5326779872241394
-0.3002000000001317,-0.1539599999996426,0.47236958844647514,0.4744645936226366
-1.0777000000000498,-0.6199800000001687,0.41979482307914484,0.44556991970590154
-0.45890000000008513,0.1312799999998333,0.47726066026914093,0.5265449413237588
-0.04690000000005057,-0.1399900000000116,0.5025336399556046,0.4932510754104946
-0.30729999999994106,-0.2212099999999282,0.48901904710261235,0.4961600354502327
0.22920000000002005,-0.0494199999999978,0.547454331779007,0.4165535594176095
1.0144999999999982,0.4407300000000305,0.5754710467041013,0.5459080317554266
-0.7430000000000518,-0.09144000000003416,0.4047261246314715,0.4785763462407111
-0.8574999999998454,0.6319300000000112,0.5176583064307794,0.6138927827429752
-0.12129999999996244,-0.24575999999996156,0.4507216330694064,0.43117734810640407
0.5684999999998581,0.3833199999999124,0.6122065668340282,0.6038297277643823
-1.496499999999969,-0.671510000000012,0.3147084971268699,0.4003522001042592
0.4556999999999789,0.5256900000001679,0.6062234162734548,0.6136787774959185
-0.6784000000000106,-0.8523799999999255,0.37941003953561037,0.3592166061978652
-0.280399999999986,-0.23405000000002474,0.4222369899540057,0.4326710153193636
0.11549999999999727,0.030630000000002156,0.5651455842943909,0.5093180157975885
-0.6403999999999996,-0.5690700000000106,0.3576804046358184,0.38408731502732607
0.12930000000000064,-0.061349999999990246,0.6559060821588858,0.46329322273632734
-0.8515999999999622,-0.4604900000000498,0.37834506220397746,0.4289482116888843
0.14000000000010004,0.6691599999999198,0.6163838178370185,0.6629245324678124
-0.33789999999999054,-0.652110000000107,0.44849501365982203,0.40557387204287476
0.4963999999999942,1.2318199999999706,0.6886635453935419,0.7251290653196518
-0.2199999999999136,-0.4546299999999519,0.4450375279309915,0.42865358668411346
0.669800000000123,0.5923000000000229,0.6992181218067328,0.7034110838860963
-1.1420000000000528,-0.5973199999999679,0.3065033025450026,0.38511670650416274
0.7771000000000186,0.5819599999999809,0.6453518270448599,0.6389243270257472
-0.34530000000006567,-0.3242000000000189,0.4332576898606888,0.4358896277258051
-0.015899999999987813,0.5817200000000184,0.6771708644577545,0.775367517702974
-0.5750999999999067,-0.44263999999998305,0.38969986071593077,0.4289577557466284
-0.9954000000000178,-0.8267500000001746,0.4095475629588785,0.429668826910401
0.6423999999999523,1.0603699999999208,0.8246996692428565,0.8608910609292364
-0.23090000000001965,-0.1763899999999694,0.43659391602568487,0.4544769751811284
1.9742999999998574,1.6047499999999673,0.9309577500242083,0.9173856395176205
-1.071399999999926,-0.29642999999998665,0.35935935604218816,0.44030710961520114
1.7597000000000662,1.0683200000000852,0.8491446948250436,0.8233726701993405
-0.39869999999996253,-0.3005800000000818,0.44157609138013587,0.45963882527912947
0.011199999999917054,1.0627400000000762,0.7823724791273357,0.8567269841335046
-0.19129999999995562,-0.3407199999999193,0.4309659295827606,0.4095850611097074
0.89449999999988,1.0654700000000048,0.6959852510050712,0.7240779159240374
-0.5566000000000031,-0.510530000000017,0.38771368781520543,0.39419497811443716
0.7423000000001139,0.9153400000000147,0.6747187599337012,0.6966059725876494
-0.22940000000005512,-0.35311000000001513,0.4266861027317992,0.4226277195976458
1.1925999999999704,0.2737899999999627,0.681673348664269,0.5744018986584054
-0.5096000000000913,-0.4958800000000565,0.39931102131809393,0.4050228254864452
-0.4759000000001379,-0.10365999999999076,0.5069836585221754,0.5169071985039464
-0.7667999999999893,-0.34838999999999487,0.38209140812195397,0.438093026071229
0.36619999999993524,-0.2150699999997414,0.5238021109474245,0.49922539799045484
-0.4739999999999327,-0.75621000000001,0.4357541124331954,0.3913668396574588
-0.09519999999997708,-0.5938099999998485,0.45400209957071613,0.41646315265175815
-0.25900000000001455,0.1404699999999366,0.46123494783298913,0.5343756961386115
-0.12469999999984793,-0.4891099999999824,0.46902915843447524,0.43347071528949677
-0.15769999999997708,-0.3569999999999709,0.46852829712284993,0.4460685962626165
-0.14109999999999445,-0.22518999999999778,0.4837281613081723,0.446704214412752
-0.2782999999999447,0.03904000000011365,0.4613337877706236,0.4815626327470124
-0.09630000000004202,-0.05804999999998017,0.463521233560682,0.4819098805097566
-0.7270000000000891,0.06412000000000262,0.4394542652907063,0.49416773784558554
-0.20280000000002474,-0.23284000000001015,0.4489559680053157,0.45060542545485305
0.12760000000002947,-0.5171299999999519,0.5103791098845845,0.4636778441114764
0.19700000000000273,0.007510000000024775,0.5151532839828832,0.4851049357492698
-0.43699999999989814,-0.044779999999946085,0.49577297959904065,0.5265617279367252
0.08039999999994052,-0.18317999999999302,0.5000245158554018,0.4507474370067044
0.07339999999999236,-0.04807999999979984,0.5106029560578262,0.4977347746772276
0.3482999999999947,0.0734899999999925,0.635369115786677,0.5792396644141551
0.6362000000001444,0.28354000000013,0.585586203431343,0.5589126440874947
0.15410000000008495,0.15547000000003663,0.5863144716007129,0.5955493741139684
0.7463000000000193,1.1079799999999977,0.7907030706864937,0.823914293739314
0.03170000000000073,0.12964999999996962,0.5597337076446385,0.5676697241037365
1.197099999999864,0.9598300000000108,0.866982811506678,0.8513998359464203
0.30780000000004293,0.21361000000001695,0.5871004796964785,0.5782492900153757
0.9729999999999563,1.0499300000001313,0.8806014057207268,0.8809245012159739
-1.0714000000000397,-0.15542999999991025,0.40051882985518983,0.5013464318070593
0.24030000000004748,0.7716399999999339,0.8359124313388477,0.8871217929945052
-0.7294000000001688,-0.2851900000000569,0.4186595547670535,0.46910594668059247
-0.7518999999999778,-0.3992000000000644,0.3925870230910622,0.4346810620506236
-0.05760000000009313,-0.248079999999959,0.5108426957632695,0.47610074656565526
0.7918000000000802,0.7263900000000376,0.9965498200970258,0.9743072033480571
-0.15989999999999327,-0.3345399999999472,0.45178193811350464,0.42419042142396446
0.7923999999998159,1.0721800000001167,0.8974711209570163,0.9221066023222146
-0.48490000000003874,-0.5382500000000618,0.43370561605553526,0.4341995571785162
0.9983999999999469,0.5858599999999115,0.7686784664041157,0.7340414765444336
0.19630000000006476,-0.22541000000001077,0.594175643076178,0.5466783428113242
-0.15750000000002728,0.13246000000003733,0.5468380621069802,0.5894012746638699
-0.2884999999999991,-0.4105299999999943,0.4687626417967383,0.446154475047722
0.10380000000009204,0.3957299999999577,0.6815393228584155,0.7080569782866863
-0.11649999999997362,-0.04262000000005628,0.46897062323809635,0.4970583972701892
0.9841999999999871,0.9588399999998956,0.9278222317953722,0.9242804381732084
-0.6558999999999742,-0.41919000000007145,0.44870547731763466,0.468773980179904
1.4728000000000065,0.7378699999999299,1.07117945416626,0.9703552688084427
-1.249900000000025,-0.6276900000000296,0.3398103435396038,0.42492898506900634
0.36009999999987485,0.920509999999922,0.9130775269282188,0.952171070328256
-0.4096999999999298,-0.5987499999999955,0.4504854710879025,0.4180886063073874
0.6211999999999307,0.7246099999999842,0.9761950926537644,0.9840450102006182
-0.2586999999998625,-0.6207799999999679,0.4635787654871715,0.44545905041677436
1.0769000000000233,0.6384399999999459,1.0960554586335158,0.9926654505894694
1.0958000000000538,0.7770699999999806,0.9832594492468205,0.9469218354404285
-0.23919999999998254,0.0752500000000964,0.5155594926711027,0.5228515815829171
0.8642999999999574,1.6623899999999594,0.9357292745917567,1.0044111470334904
0.3018000000000711,-0.09706000000005588,0.5651074582042837,0.5013810009877107
0.6501000000000658,0.5937000000000126,0.9604054173691701,0.9564617553303734
-0.4510999999999967,-0.737480000000005,0.44051547525432166,0.42001050804549855
1.8920000000000528,1.3979999999999109,0.9606596412628621,0.9058934182770928
-0.6819999999999027,-0.5394099999999753,0.39856750332705193,0.4186429288478122
0.28549999999995634,0.5399700000000394,0.6199711798923868,0.6452539373247745
0.1711999999999989,-0.589580000000069,0.5299074055018282,0.4661081641385012
0.1510000000000673,0.30313999999998487,0.5787380916615126,0.5941595888478313
-0.9763000000000375,-0.354129999999941,0.366504991398231,0.4472006009344831
-0.2504999999999882,-0.05005000000005566,0.47703105321763584,0.4992607430764684
0.034700000000043474,-0.22741999999993823,0.5489293992152033,0.507433274066571
0.5597999999999956,-0.11748000000000047,0.5723226822522021,0.5027946275125039
-0.06069999999999709,-0.209699999999998,0.5196874649881833,0.48661915291667857
0.19419999999990978,0.36146000000007916,0.6087703095077002,0.6199159609551641
-0.6966999999999643,-0.8346199999999726,0.4042254836365,0.3910215392983085
1.2031999999999243,0.5877199999999903,0.7248177170890768,0.6720660541038148
-0.19229999999993197,-0.41639999999995325,0.4822618051666394,0.4388264467527714
0.7916000000000167,0.7048300000000154,0.8127930074198542,0.7962521139450951
-0.4659000000000333,-0.18024000000002616,0.3929856957958,0.4444256527631474
-0.014299999999934698,0.6554300000000239,0.6585749354324655,0.7427639412579401
-0.9599000000000615,-0.7550499999999829,0.35581574805816363,0.392770053123237
-0.316599999999994,1.001449999999977,0.7720827998339397,0.9026885798431694
-0.475400000000036,-0.5085999999998876,0.4039277339556113,0.4272873741807848
-0.1786000000000172,0.12229999999999563,0.6490046591880683,0.8016294104701283
0.4435000000000855,0.954050000000052,0.8448894014880137,0.9140512561736092
-1.2296999999998661,-1.0573400000000674,0.3838738536276809,0.39065488773013524
0.4534000000001015,0.8879599999999073,0.7814759446219455,0.8208068685424452
-0.07449999999994361,-0.43227999999999156,0.4745025050480356,0.430080981696368
0.6741000000001804,0.6400599999999486,0.702451785722702,0.7106501145792699
-0.3510999999998603,-0.6435100000001057,0.46312145667579685,0.4314014122030363
0.7306999999999562,0.6629299999999603,0.6921268200856145,0.6967689734622473
-0.6317999999999984,-0.5167999999999893,0.4009485256734946,0.4074492121234341
0.993099999999913,0.26961999999991804,0.6622530064537724,0.587145236732689
-0.41390000000001237,-0.3203200000000379,0.40742662589061673,0.44660808514556116
0.2416000000000622,0.5893999999998414,0.6268018927655161,0.6718496226571391
-1.468199999999797,-0.8608300000000781,0.3832280498987872,0.43014089689281665
0.4151999999999134,0.5463699999997971,0.6048200564163553,0.6230166631270073
0.009299999999939246,-0.5823499999999058,0.5294556673077544,0.45747895886096845
0.6828000000000429,0.4931100000000015,0.6851887503591003,0.6415177147951701
-0.7730000000001382,-0.4976799999999457,0.42954124964271756,0.44649409291377395
-0.0845000000000482,0.09821999999996933,0.5250730882547572,0.5423118330130317
-1.3682000000001153,-0.8506099999999606,0.3657817848596645,0.41463481408265945
-0.22540000000003602,-0.10735999999997148,0.5469927481535519,0.5454472785912712
-1.6312000000000353,-0.9467399999998634,0.34193902839638746,0.4029268971136757
1.2219999999997526,0.38370999999960986,0.6032461020050173,0.5621115141438704
-0.30579999999997654,-0.3412900000000718,0.43681188473974064,0.4306860919986111
0.16429999999991196,0.10401000000001659,0.6111162220044708,0.6070347961637523
-0.4963999999999942,-0.3582499999999982,0.3897682595680019,0.41837301197031884
-0.26660000000003947,-0.10698000000002139,0.5177932982388667,0.5489532217766824
-0.00980000000004111,0.11016000000006443,0.5182078421370528,0.5395609458662243
1.046100000000024,0.18562999999994645,0.6450713479700054,0.5783968060580236
-1.223600000000033,-1.1079799999999977,0.3557351659072783,0.37940894662762403
0.7588000000000648,0.30533000000014,0.6356720274637073,0.5990677719084792
0.6658999999999651,0.23860000000013315,0.6153434783668477,0.5691402074050167
0.6591000000000804,0.25401000000010754,0.6015407280467677,0.5623621620724384
-0.6015999999999622,-0.2853700000000572,0.4279187151162711,0.44993524569383325
0.2722000000001117,-0.5242800000000898,0.5063429210366399,0.45301436134124184
-1.064300000000003,-0.11914999999999054,0.4349896150099397,0.49465297679878173
-0.6748000000002321,-0.49876999999969485,0.4473773756613175,0.44804016661130763
-0.08690000000001419,-0.4636599999998907,0.49997403153783093,0.4815239271807048
-0.40390000000002146,-0.11646999999993568,0.4813260382514395,0.48251377748562696
-0.2945999999999458,-0.5581399999999803,0.4927358193845821,0.4575020933713869
0.10749999999984539,-0.6674199999999928,0.504490500076682,0.4533099224385717
-0.12830000000008113,-0.6288700000000063,0.49151523703498956,0.4545729732095882
-0.5296000000000731,-0.3557899999998426,0.4590371722793529,0.4631246371915587
-0.07469999999989341,-0.09048999999981788,0.4674201894887098,0.4715277111461358
-0.31100000000003547,-0.03896000000008826,0.4423348246554326,0.48236554919816044
-0.7309999999999945,-0.5617600000000493,0.46319088689339427,0.4628905737747768
0.3243999999999687,-0.16091000000005806,0.5062157778404908,0.45779136182286795
0.2900999999999385,-0.08928999999989173,0.5372717043059527,0.4944246377998285
-0.12980000000004566,-0.3277699999999868,0.47007365965234804,0.4227386266019817
-0.5862999999999374,0.21355999999991582,0.49660866026217665,0.586001355247534
-0.7613999999998668,-0.7941600000001472,0.47466118876826613,0.4689078329885854
-0.45499999999992724,-0.20387000000005173,0.4782353889107416,0.4959360646344724
0.3285999999999376,-0.0332700000000159,0.5368159961671948,0.49028164227737925
-0.1030999999999267,-0.022919999999999163,0.5226013073234892,0.5275617784020525
-0.08109999999999218,0.04525999999998476,0.5214539978081856,0.5302119676528605
-0.40650000000005093,-0.5108700000000681,0.4430540038964148,0.43852708625715664
-0.46489999999994325,-0.26177000000006956,0.4793134645181274,0.5098959343850629
-0.866399999999885,-0.252179999999953,0.4027113176403363,0.4519348759355113
0.08089999999998554,-0.053840000000036525,0.5815522474394097,0.5125833975516692
-0.9042999999999211,-0.29056000000014137,0.40676746092547234,0.4502726806180357
0.10570000000006985,-0.14376000000015665,0.5266405010259545,0.5205781189123959
-0.616800000000012,-0.1596199999999044,0.4342137385577871,0.4604885436264361
0.04130000000009204,-0.16706999999996697,0.5260255993309704,0.5156980064335848
-0.8833000000001903,-0.8988699999999881,0.402325513723234,0.4030305107939114
-0.05780000000004293,-0.42999999999995,0.45223234026854353,0.4168731494917255
-0.9710000000000036,-0.46460000000001855,0.3966727089015132,0.4362541112997276
-0.5390999999999622,-0.4269600000000082,0.4114276375379422,0.4242496300095988
0.6431999999999789,-0.07997000000000298,0.5724753860022913,0.49578426234624384
-0.5466999999999871,-0.014739999999960673,0.4527495593604991,0.5088925535349231
0.2804000000000997,-0.23032000000011976,0.5424691597137654,0.4811734258802547
0.04560000000014952,-0.09380999999984851,0.5431352338501672,0.5378783456287728
0.3080999999999676,-0.15064999999992779,0.5515751742689368,0.48007375064289537
0.18889999999998963,0.18725000000006276,0.5916080367793786,0.5952853546571824
0.168200000000013,0.14154000000002043,0.6696847405185391,0.6703598434026015
0.20119999999997162,-0.3097500000001219,0.5198962488247583,0.46258524526749945
0.43439999999998236,0.11673999999999296,0.6766095732984034,0.6013723737864352
0.4576000000001841,0.11093000000005304,0.6025684461885561,0.5733031387846532
-0.31199999999989814,-0.43922999999995227,0.47445941288062343,0.46162534972244984
-0.19000000000005457,0.04218000000014399,0.49477964973740907,0.513013193961287
0.22699999999986176,0.3470800000000054,0.605595418174909,0.6170411021648725
-1.6154999999998836,-0.4980800000000727,0.4103522603235543,0.4963600435582638
-0.5342000000000553,-0.2064700000000812,0.5060043326691854,0.5213081362591021
0.5294999999999845,0.21465999999998076,0.6768973601676054,0.6295930506284408
-0.4355000000000473,-0.2896100000000388,0.47658444752347595,0.48988421405113947
-0.6101000000001022,-0.0991999999998825,0.46130735341598506,0.4945311019602938
0.14170000000012806,0.4633400000000165,0.5433169765610479,0.5679398291398741
-1.2048000000002048,-0.6367300000001705,0.4044142445993604,0.4460915998398596
-0.2176999999999225,-0.03965999999991254,0.5189535610433449,0.5424606326345893
-0.18190000000004147,-0.0926000000000613,0.5445253256598503,0.5465651404379823
-0.32600000000002183,-0.1068199999999706,0.5096822088790365,0.5271268906346993
-0.8447999999999638,-0.01269999999999527,0.48606520767708883,0.5620798466208665
0.20609999999999218,-0.24988999999993666,0.5456866448701359,0.5020966269083438
0.59699999999998,0.4854000000000269,0.7248995552859183,0.7207314918872942
-0.6079999999999472,-0.3188199999999597,0.36448047171457887,0.4333898328980901
0.7646000000000868,0.517879999999991,0.7476644293924251,0.717631646204242
-0.6430000000000291,-0.7365200000000414,0.40474373904946237,0.4033849220198338
0.42809999999997217,0.3793999999999187,0.7062334234577916,0.7109238030104548
-0.12630000000001473,-0.120049999999992,0.4826544519231035,0.4805854375836027
1.0851000000000113,0.4747899999999845,0.7315327674912275,0.6786955599486832
-0.3546000000000049,-0.3052900000000136,0.43134722930540104,0.4439381765363626
-0.42079999999998563,0.2900199999999131,0.5789820243896848,0.6515517098639956
-0.08600000000001273,-0.2994700000000421,0.5209404557933173,0.4740333014856768
0.3925000000001546,0.45760999999993146,0.6794759515631243,0.6855139347501593
-0.6580000000000155,-0.43443999999999505,0.4388276154632109,0.46132262439075866
0.13139999999998508,0.03739999999993415,0.6655519760012218,0.6568077890789281
-1.338700000000017,-0.6166400000000749,0.33233091442432805,0.4175769432709808
0.08839999999997872,0.3583200000000488,0.6258688817376346,0.6593229793121047
-0.29749999999989996,-0.48329999999998563,0.4157427402780023,0.3985555816846009
0.2755000000000223,0.1564400000000319,0.7253878674131187,0.6879948704413996
-0.4637000000000171,-0.42243999999993775,0.47153894984017786,0.47422719120568946
-0.04719999999998947,-0.028289999999998372,0.6043790225302326,0.6270618868548183
-0.08600000000001273,-0.3171099999999569,0.5161573123329433,0.4943130966349907
0.9471999999999525,0.6219800000000077,0.8225842760357205,0.784431697470378
0.10960000000000036,0.010559999999941283,0.561732117600644,0.5335940272228834
0.7251999999999725,0.535829999999919,0.7962349779143008,0.7775064099595053
0.4718000000000302,-0.13247999999998683,0.5894238335654167,0.5296146962246784
0.384900000000016,0.591130000000021,0.7649347411313956,0.7816778256881207
0.10939999999999372,0.1410099999999943,0.568230487511534,0.5979726893284854
-0.7090000000000032,-0.18630999999999176,0.3676982422044617,0.4826252007804843
0.16419999999993706,0.5039000000001579,0.7244853087349012,0.7590329139893992
0.007899999999949614,-0.24450999999999112,0.5277768289795093,0.4787342250831328
0.27499999999997726,0.5442899999999327,0.7369052607733684,0.7524360146922815
-0.2341000000000122,-0.2572300000000496,0.47564698436846076,0.46776330555102774
1.0103999999998905,0.5231000000001131,0.7736802603058868,0.7196508345784336
-0.27920000000005984,-0.21341999999992822,0.42514886914950534,0.45332345929616213
0.9864999999999782,0.7672099999999773,0.721670442054867,0.718037193893295
-0.4919999999999618,-0.058519999999930405,0.47093175742307647,0.5320036535281014
1.4506999999999834,0.5528899999999339,0.7865438044160955,0.7061769447824551
-0.241800000000012,-0.36122999999997774,0.501319708464143,0.5023060999916229
0.5828999999999951,0.5970200000000432,0.8020973628309669,0.8094951211078616
-0.16650000000004184,-0.5973000000001321,0.4663286672334621,0.4421303590964598
0.3670999999999367,0.8344300000001112,0.7544167598469764,0.813552567279352
-0.4169999999999163,-0.41792000000009466,0.4517593975364331,0.4513529017326823
0.6073999999998705,0.9015699999999924,0.8305043870574735,0.8471230652412398
-0.40980000000001837,-0.31493000000000393,0.44584958106383965,0.4508228809410486
0.6009999999998854,0.3226799999999912,0.7536603882132509,0.7248308603370557
0.027300000000195723,-0.33476999999993495,0.5035404054437365,0.4742486311288596
1.2533000000000811,0.4140499999999747,0.8180551155191118,0.7299562329052378
-0.5972999999999047,-0.2932699999998931,0.4805566230164482,0.5172529669218884
1.049199999999928,0.8298099999999522,0.8760359632447035,0.85964108997032
0.2460999999998421,0.15810000000010405,0.5743665153903121,0.5614377579114205
-0.09400000000005093,0.7970499999998992,0.7446582468343843,0.815029993410743
0.06409999999993943,0.14100999999993746,0.539743391583869,0.5507754464843195
0.6637000000000626,0.7857400000000325,0.8548648493639011,0.8637251865921902
0.30349999999998545,0.06437000000005355,0.5786359745348246,0.5507046156713713
0.8793000000000575,0.45727999999985514,0.8758991633374569,0.8366942358100093
0.06759999999997035,-0.3395100000000184,0.5086989723323221,0.44827585263458314
0.9033999999999196,0.8454600000000028,0.8717270751470441,0.8797265136550436
-0.36039999999991323,-0.352800000000002,0.45100864012210806,0.449658263979269
0.34570000000007894,0.5804400000001806,0.8194049065673781,0.8454941134390825
-0.644800000000032,-0.19743000000005395,0.3916757735281218,0.45933183784507836
0.21639999999990778,0.6029200000000401,0.8603470499346955,0.9104987384354724
-0.03200000000003911,-0.0754400000000146,0.5109341547887336,0.4930874976597277
0.40950000000020736,1.1012700000001132,0.8450020912123435,0.9080595435496663
0.18259999999997945,-0.13020999999997684,0.5302965849739216,0.4539713628078035
0.41700000000003,-0.16633999999999105,0.5635848774160568,0.482176417014446
0.58400000000006,0.6333599999999251,0.8642875210120637,0.8926144312870088
-0.29849999999999,-0.1794800000000123,0.43443632019011247,0.4681958638709238
-1.0419999999999163,-0.2366100000000415,0.35970342193791804,0.48935347931482465
-0.4835000000000491,-0.2922100000000114,0.34448173447965136,0.4130247601402237
-0.9349999999999454,-0.635089999999991,0.40089518595090023,0.4253680706797436
0.02359999999998763,-0.20929999999998472,0.4857814355697432,0.45221941003137367
0.5921000000000163,-0.0159900000000448,0.6106710046148933,0.4866877796690927
-0.49860000000001037,-0.2645899999999983,0.4132556926621511,0.43076438214750823
-0.3947000000000003,-0.10434000000003607,0.36529218501402116,0.4508195391908387
0.0766999999999598,-0.35114999999996144,0.5045435643047824,0.4291408365446614
-0.9642999999999802,-0.2538399999999683,0.32987698703519364,0.43789758244903165
-0.006399999999985084,0.059340000000020154,0.46999762132249323,0.489560455050686
-0.375,0.03138000000001284,0.4163651961475612,0.48855034122865515
1.8098999999999705,1.823509999999942,1.0405647713096045,1.0536422760923703
-0.005300000000033833,-0.2848199999998542,0.4791940520687543,0.4578969195292215
-0.2458000000000311,-0.22404999999992015,0.4611831385955778,0.4588808574334191
0.2501999999999498,0.6272300000000541,0.774343314860304,0.8277241155553172
-2.333599999999933,-0.5802499999999782,0.3569197736881691,0.46667588753159794
-0.15760000000000218,0.19615999999996347,0.5457385386234526,0.5706025904833822
0.15419999999994616,0.7263900000000376,0.8040211180410095,0.8452524997579758
-0.2886999999999489,0.058009999999967476,0.5247272725004137,0.5668710211445882
-0.1612999999999829,0.35746999999992113,0.5772048134583985,0.6145571029965602
-0.399599999999964,0.4284700000000612,0.6667469979883212,0.7781979990492571
0.43820000000005166,0.09005000000001928,0.539592272515943,0.5255911735647212
1.1769999999999072,1.627029999999877,0.8492463221525526,0.8834039570690955
-0.10410000000001673,-0.19592999999997573,0.4923415489045846,0.48664593497982356
1.9274000000000342,1.845969999999852,0.8632541284162354,0.8677308452905041
0.06349999999997635,0.5220399999998335,0.5635525414541043,0.6021185826388997
0.05569999999988795,0.8730199999999968,0.7677130774440766,0.8482224836618535
0.8526999999999134,0.44297000000005937,0.655408119981149,0.6264692268546534
2.4184999999999945,1.0426300000001447,0.939114961759957,0.8354075797790461
0.5651000000000295,0.25876000000016575,0.6436999392297915,0.6036996558964614
1.1023000000000138,0.8769099999999526,1.0788147710390827,1.0519557578988703
0.14570000000003347,0.28052999999999884,0.5699504649658405,0.5951985554292882
0.5500999999999294,0.5840099999998074,0.8392915525787137,0.8289799117012109
0.8483999999999696,0.43099000000006527,0.6816062453887328,0.6360330286215632
0.8759999999999764,0.9228200000000015,0.8937252220440728,0.90483676714328
0.839200000000119,0.4554699999998775,0.6185993317190386,0.6123047767484513
1.2480000000000473,1.120450000000119,0.943029305766574,0.9322346092944134
-0.710700000000088,-0.31673000000000684,0.45646768555474004,0.4832517021960081
0.7391999999999825,0.5265499999999861,0.9840548376416569,0.9395539686286147
-0.1713999999999487,-0.1884099999999762,0.4879058959829985,0.4830360116487853
-0.8160000000000309,-0.3533999999999651,0.3823646365873623,0.4472631490832768
-0.4370000000001255,-0.5067700000001878,0.46139785281464896,0.4622679260113838
0.7832000000000789,0.649090000000001,0.9846641202413631,0.9623951915808115
0.23540000000002692,-0.15081000000009226,0.5312590418026675,0.48547789807487085
0.6657000000000153,-0.14552000000003318,0.5364149081351188,0.477654830274421
1.3826999999998861,1.0980899999999565,0.9715150868648603,0.9599839612971506
-0.3454999999999018,-0.5153399999999237,0.4646334547286024,0.467512086236721
1.8268000000000484,1.4992899999999736,0.9931928372817422,0.9662354873488432
0.45220000000017535,-0.49630999999999403,0.5273335726882378,0.4910014702558918
1.5404999999999518,0.6075900000000729,1.1052397841688544,0.9840675327128512
0.11940000000004147,-0.23740999999995438,0.4942171930498729,0.47521692878824684
-0.4714000000001306,-0.2200599999998758,0.4564324365625039,0.4714036259645171
1.2802000000000362,0.9604600000000119,1.0337613889357389,0.9917041183786557
-0.7865999999999076,-0.3898199999998724,0.43771162454240287,0.47706469872679236
0.6341999999999643,1.0288799999998446,0.8130619738696332,0.831218343560769
-0.8024000000000342,-0.40302999999994427,0.43598304368117624,0.4723185974097488
0.39429999999993015,1.0890699999999924,0.7605518987440885,0.7965867749774036
-0.19439999999997326,0.3149600000000419,0.5511057035354483,0.6313361171885523
-0.5821000000000822,-0.40715000000000146,0.435476379548394,0.44155797071283587
1.897899999999936,2.0686500000001615,0.8966890010065676,0.9081964696965095
-0.06989999999996144,-0.1344899999999143,0.4702246797146481,0.45691530516158707
1.074100000000044,0.6438799999999674,0.988303780921207,0.924203792350764
-1.1154000000000224,-0.18801000000007662,0.36646131120967596,0.4678623338779886
1.6450999999999567,1.177599999999984,0.9973491627727427,0.9600939063463265
-0.45669999999995525,0.005599999999958527,0.4310103628651696,0.4925376501842438
1.3312000000000808,0.9361799999999221,0.9256181424001753,0.9060561731074168
-1.437400000000025,-0.27427000000011503,0.3435994159006972,0.4649500988975763
-0.27540000000010423,0.4882999999999811,0.6292518364044097,0.7384307474457952
0.7651000000000749,0.7836500000000797,0.9083180561951343,0.9183986756263751
-0.9115000000001601,-0.3051499999999123,0.4094088748143099,0.4596609683657382
1.3059999999999263,0.6664200000000164,0.8965070077745274,0.8060954470351378
-0.685399999999845,-0.6347500000001673,0.4390439876966079,0.43017282200097373
0.7228000000000065,0.32116999999999507,0.7986674176577724,0.6705892796514679
0.031799999999975626,-0.2847600000000057,0.4802354777458273,0.46899222108647276
1.2134000000000924,0.7741800000001149,0.6832144601278678,0.6647487178310207
-0.2257999999999356,-0.5246799999999894,0.47811948554787875,0.45889094377893347
1.449700000000007,0.7370099999999411,0.7950470297522827,0.7136657002293489
0.14650000000006003,-0.09069000000010874,0.544179869578354,0.48771179067159665
0.3525999999999385,1.011259999999993,0.7937430622374508,0.8528867660034134
-0.8466000000000804,-0.4145899999998619,0.4193230122397251,0.45769494761596086
1.669499999999971,1.1785899999999856,0.8134379295043237,0.7915607230122301
0.09609999999997854,-0.3177499999999327,0.5129132845195672,0.47238512200340477
0.6016000000001895,0.4992299999998977,0.701810487033705,0.6900393717777176
-0.1149000000000342,-0.3852400000000671,0.47280561635256735,0.4636216880455235
0.5375000000000227,0.6514099999999416,0.7597181566790345,0.7709381215922351
-1.3932999999999538,-0.619130000000041,0.36131638067948835,0.44250957963032356
0.06479999999999109,0.623299999999972,0.852611723947927,0.9430631998302852
-0.6398000000000366,-0.3862700000000814,0.39932044891688445,0.4241989471131413
-0.9606000000001131,-0.3692000000000917,0.3692170147178153,0.452586873842975
1.576200000000199,1.6562599999999748,1.0866341060547402,1.0952963657694603
-0.47219999999998663,-0.31382999999999583,0.41176178066286706,0.4199815349396063
2.6114000000000033,2.3343700000000354,1.2539347251707689,1.2421382760332333
-0.3774999999999409,-0.3775699999999915,0.43721867319950203,0.4399774571170356
1.4271000000001095,1.5618999999999232,1.1141635329451782,1.1234715003873186
-0.3836000000000013,-0.47610999999994874,0.43055568209160455,0.4183710267753993
-0.09299999999996089,-0.32473000000004504,0.45681446422702887,0.4112756200073786
0.9475999999999658,1.0156500000000506,1.0773340196219117,1.09421777088472
-0.36209999999982756,-0.6079199999999219,0.44563861224526935,0.41397282316566475
2.9597000000001117,2.0652399999999034,1.1591611738815066,1.1098043115029377
-1.307299999999941,-1.3251599999998689,0.3628996613259883,0.37353402243236467
0.4030999999999949,0.9681499999999232,1.059690112106848,1.1014008684162357
-1.0291999999999462,-0.6491999999999507,0.35019096132504757,0.3904527134855895
1.2399000000000342,1.8209300000000894,1.1016850135892264,1.136339866430136
-0.36400000000003274,-0.8019799999999577,0.3986111072816767,0.35071034716984695
-0.07339999999999236,-0.26575000000002547,0.463107032834853,0.4324896645057086
1.2586000000000013,0.5682499999999777,1.376881841342259,1.2385825302673181
-0.20069999999998345,-0.07920999999998912,0.49084163039523343,0.4834125395617228
0.5054999999999836,-0.3269599999999855,0.5396102166545402,0.4365276346853131
0.05050000000005639,-0.33338000000003376,0.47958354834081174,0.44285359548201786
-0.7647999999999229,-0.6218300000000454,0.37633913897889837,0.39854082506085575
-0.8079000000000178,-0.649270000000115,0.4076401481217351,0.4302319679915456
0.7994999999999663,0.9960800000000063,1.1299234322627028,1.157498248619726
-0.5984000000000833,-0.23642000000006647,0.41232461194957715,0.45750800007804404
2.2490000000000236,1.7514300000000276,1.1315575979318648,1.1031531552570861
-1.3209999999999127,-0.733560000000125,0.34679213487802674,0.4017253515049557
0.20990000000006148,0.9592100000000983,0.9899718180808925,1.0807598240284433
-1.0797999999999774,-1.512539999999717,0.42437088547537805,0.4033662350745537
-1.0054999999999836,-0.8493799999998828,0.40887545252987767,0.4220467758824453
-0.7111999999999625,-0.7914100000000417,0.37612716339763264,0.37178779135547124
-0.31999999999993634,-0.5472100000001774,0.4407139989062392,0.43001044825883294
-1.0729999999998654,-0.8774899999998524,0.42115509553160013,0.44377393094157114
-0.06369999999992615,-0.2546700000000328,0.49646602620347924,0.461377840822097
-0.5576000000000931,-0.36627999999996064,0.4417490366387389,0.4641777930872282
0.15480000000002292,-0.188570000000027,0.50979643661897,0.48049279320461213
-0.4559000000000424,-0.42723000000000866,0.40282485670952717,0.40291955817974845
-0.925499999999829,-0.55045999999993,0.43348577548201206,0.45829173659681643
-0.40149999999999864,-0.13668999999998732,0.42205574576732463,0.46880582406629845
-0.05649999999997135,-0.17347999999998365,0.45780499390000173,0.44663435549670005
-0.6073999999999842,-0.25797000000000025,0.38816366743186226,0.44750614983488646
-0.31560000000001764,-0.5779899999999998,0.43700587153352455,0.4108552873115512
-0.19600000000002638,-0.3523000000000138,0.48492850202555005,0.46179836400697116
-0.4733000000001084,-0.8871899999999187,0.4579935753373787,0.43855052010703943
-0.2989000000000033,-0.424129999999991,0.4440949691889795,0.4203857136253486
-0.245900000000006,-0.30692999999996573,0.4487367549347754,0.4336664509704935
-0.08680000000003929,-0.2406700000000228,0.502802147340975,0.4578077188530649
-0.18510000000003402,-0.19632000000001426,0.4640987253317519,0.46985794758422905
-0.457300000000032,-0.3094099999999571,0.4153309412972872,0.4547871540767412
-0.07090000000005148,-0.19090000000005602,0.513147223472088,0.4989483629930458
-0.6121999999999161,-0.4641900000000305,0.46595659637551634,0.47626900191066746
-0.3549000000000433,-0.3440699999999879,0.422426251125696,0.4360724728670995
-0.15300000000002,-0.19010000000002947,0.4489401713121399,0.4405913897647773
-0.9615000000000009,-0.5681299999999965,0.3258179782353432,0.38059722208938496
-0.9202999999999975,-0.4982800000000225,0.30065849812073164,0.3678433936791681
-0.6480000000000246,-0.7291300000000547,0.3557268721565032,0.36528017666077606
-0.3287000000000262,-0.6964100000000144,0.4173974979893469,0.3730581958351298
0.39189999999996417,-0.365729999999985,0.48537007949456257,0.40036997648236206
0.3161999999999807,-0.430189999999925,0.5037834465529967,0.3742509233274349
-0.13249999999999318,-0.11388999999999783,0.37633193720325586,0.3944141036888782
-0.2898999999999887,-0.7094899999999598,0.4506862209844531,0.4133819563653107
-0.006700000000023465,-0.3152100000000928,0.5029998702388738,0.44370426548043795
-0.5267000000000053,-0.448030000000017,0.40173332015513985,0.4243876050897599
-0.768100000000004,-0.38290999999992437,0.4332539496047616,0.4796606537446291
-0.2780999999999949,-0.21576999999979307,0.4585478044806912,0.4554717873869185
0.22629999999992378,-0.24243999999998778,0.5459261712134289,0.48084972124042835
-0.8305000000000291,-0.2617800000000443,0.40922108313399264,0.46758886330753313
-0.3927999999999656,-0.3689999999999145,0.4449132209654927,0.43500577107196126
-1.081299999999942,-0.44676000000004024,0.3396971805149418,0.4212678217574872
0.7141000000000304,-0.25392999999996846,0.5685174201448318,0.4597305962253495
0.4408000000000811,0.010950000000093496,0.5845823451934073,0.5405084648478553
-0.21060000000011314,-0.24642999999991844,0.5429554438577178,0.5495555911924077
-0.43919999999980064,-0.6148399999999583,0.4822461826041513,0.45952159432067763
-0.2716000000000349,-0.3146600000000035,0.4572154992617872,0.44065186461770267
-0.7129999999999654,-0.3863699999999426,0.3809609545482484,0.4118144597555107
-2.4330999999997402,-1.4431899999999587,0.33833326495800176,0.38890628659298265
0.07379999999999143,-0.04493000000000791,0.49805269665306184,0.3652347901516917
-0.059699999999992315,-0.13730999999999938,0.5587979004679777,0.43583725191291833
-0.5089000000000397,-0.5692000000001372,0.334085721551447,0.328485961426761
-0.6503000000000156,-0.6269099999999526,0.4251675062463045,0.4288391336869868
-0.3635999999999058,-0.6242299999998977,0.46793042359971615,0.44427501693304894
-1.012399999999957,-0.6940400000000864,0.3658884471275714,0.39296375558230956
-0.5674999999999955,-0.5169399999999769,0.41590241430102814,0.42446453343205626
-0.5192999999999302,-0.6827500000001692,0.4544638334891937,0.4420945444689517
-0.28530000000000655,-0.7443299999999908,0.4649541258814782,0.4016612162897282
-1.1369999999999436,-0.6322699999999486,0.32955240466212565,0.3767025945557778
-0.6860000000000355,-0.29044999999996435,0.3777621936397635,0.4205503264629762
-0.8737999999998465,-0.6050399999999172,0.3974575533085556,0.4178560891967331
-0.7011999999999716,-0.4500700000000961,0.42447650644168444,0.43571253893905926
-1.3048000000001139,-0.5951000000000022,0.34175121480037873,0.40906665251938534
-0.5053000000000338,-0.734440000000177,0.3912343071335478,0.37204428604822315
-0.46079999999994925,-0.08186000000000604,0.4483709052737872,0.5044113624747881
0.22529999999994743,-0.20095000000003438,0.5570321096961761,0.4797078102091401
-0.26870000000008076,-0.16778000000010707,0.47406592660870217,0.5026958918121549
0.03099999999994907,-0.6909200000000055,0.4414275654669897,0.36567048540629976
-0.5216000000000349,-0.18377000000003818,0.3148623089417324,0.3972081934236815
-0.5750999999999635,-0.17122000000000526,0.37481601238686935,0.46422708007423097
-0.8486000000000331,-0.42574999999999363,0.3505168926669633,0.4293970333870467
-0.4034999999998945,-0.30373999999994794,0.40626992132655193,0.4264276586376736
-0.08349999999995816,-0.5490100000000666,0.46402194666284036,0.4031788937665759
-0.011899999999968713,-0.3601300000000265,0.5000966195850776,0.46118444265565994
-0.05150000000003274,-0.48151000000007116,0.47731379761473125,0.4432382212073094
-0.7753999999999905,-0.5143699999999853,0.4117515688954798,0.43913919263856016
-0.7286999999998898,-0.7647500000000491,0.4264340925054455,0.41969022144436874
0.06949999999983447,-0.37373999999999796,0.5065141174039889,0.44769308952192777
-1.0266999999998916,-0.5913100000000213,0.3740993585360952,0.411294931617201
-0.4377999999999247,-0.34562000000005355,0.4481186533485282,0.4488163921053001
-0.8384000000000924,-0.4518800000000738,0.4111442549839195,0.4413420363405862
-0.92349999999999,-0.3172899999999572,0.3410656411752644,0.41541518953043255
-0.842200000000048,-0.6048299999999927,0.3865346663183056,0.415471508860521
-0.3348000000000866,-0.5655499999999165,0.41489095231517226,0.39868504840747665
-0.9166000000000167,-0.7485100000001239,0.38739344133609244,0.39687393726248743
-0.1772000000000844,-0.20735000000013315,0.4413811819651947,0.458258047194815
-1.071100000000115,-0.8202499999999873,0.40016747224191906,0.41874021189738375
-0.7826999999999771,-0.5829599999999573,0.39660259600888814,0.4030483746179536
-0.17099999999993543,-0.21765000000004875,0.4715852110141805,0.4503595618980283
-0.13679999999999382,-0.2677599999999529,0.4958422648044136,0.474720026580977
-1.2707000000000335,-0.4840200000001005,0.39852787640919374,0.4551825831366152
0.2925999999999931,-0.23117999999999483,0.4912912235264022,0.46337153365774153
-1.7969000000000506,-0.49207000000001244,0.35671420604275195,0.43484618581843826
-0.15420000000017353,0.2803799999999228,0.49227335608503786,0.5334756541001129
-0.03730000000018663,-0.3595399999999245,0.4664143254332398,0.4433850017749874
-0.9132999999999356,-0.22532999999998538,0.37995434586584054,0.46113315235840613
0.22149999999999181,-0.30200999999999567,0.4826948478588555,0.4457001114081871
0.25499999999999545,0.00577999999998724,0.5733432972010677,0.4807652303234766
-0.4858000000000402,-0.20386000000007698,0.4062856228050471,0.4439905222578089
0.3170999999999822,-0.278630000000021,0.5315940166111366,0.4576000137550773
-0.4435999999999467,-0.051860000000033324,0.4222793112364398,0.47279727317213194
-0.2255999999999858,-0.30393000000003667,0.46850243013292214,0.46957200816188926
-0.5929000000000997,-0.17133000000012544,0.4550935594118233,0.4809376755354089
-1.0302000000001499,-0.5521799999996801,0.4468018375430427,0.47090510251399653
-0.06889999999998508,-0.16396999999983564,0.4682379228434286,0.4635057260148123
-0.5746000000001459,-0.7130200000001423,0.434949619585856,0.4269498262790439
-0.23099999999999454,-0.1333399999998619,0.45817130283469787,0.4669216445928992
-0.6738000000000284,-0.6419000000000779,0.42522550785761837,0.42248336173607015
-0.16999999999995907,-0.12850000000003092,0.48335705426283404,0.46869883009534874
-0.47060000000010405,-0.38422000000002754,0.39943441123306833,0.41837821149264265
-0.7125999999999522,-0.43743000000006305,0.33972776800470506,0.38666844571502157
-0.2681999999999789,-0.3227400000000671,0.41306504783280573,0.4208741169363428
-0.033999999999991815,-0.17079000000001088,0.47443960831647924,0.4610249122837695
0.23149999999998272,-0.18467999999995754,0.48947322794696824,0.4454847987980681
-0.1935999999999467,-0.28198999999995067,0.42718845218314705,0.4219928802102313
0.08569999999997435,-0.11242000000004282,0.4595057578423045,0.44598582237316275
-0.08130000000001303,-0.1279699999999906,0.46059807835576727,0.4133317344461318
-0.5886000000000422,-0.27289999999993597,0.3671271086776784,0.41094434051653916
0.25480000000015934,0.10415999999986525,0.49947325537951226,0.4833976683175756
0.1568000000000893,-0.16280000000006112,0.4897636218692547,0.45322318161067354
-0.2342999999998483,-0.1764499999999316,0.4691323033062744,0.4711639877352125
-0.3550000000000182,-0.028549999999995634,0.4373052561068347,0.4779086818168965
-0.8256999999999834,-0.15200000000004366,0.32297543415338303,0.44593400530743565
0.702199999999948,-0.3005800000000818,0.5471837748735275,0.4544880967786158
-0.25769999999988613,-0.31466999999997824,0.45934308434136817,0.4505883873029859
-0.3629999999999427,-0.24030000000004748,0.4578292180775989,0.4568595002307996
-0.40249999999991815,-0.21557000000007065,0.44631048024064146,0.46008550488412236
-0.43450000000007094,-0.4276999999999589,0.4318573142487736,0.44198482819104434
-0.3386000000000422,-0.1917200000000321,0.3965012674756796,0.4403281912194634
-0.026799999999980173,-0.13192000000003645,0.5130068262246601,0.49022992839875545
-0.3853000000000293,-0.1499499999999898,0.4195717225975226,0.4524196660539159
-0.7651000000000749,-0.4026099999998678,0.42858495591460155,0.4538323775275188
-0.35819999999989705,-0.6638699999998607,0.4538720059657608,0.411999012344233
-0.3026999999999589,-0.41178999999988264,0.448346235025765,0.44118475566712334
-0.14210000000002765,-0.15934000000015658,0.49725870478447565,0.4919919516252591
-0.9691000000000258,-0.5049599999999828,0.4361116501715667,0.44726281328966166
-0.3024000000000342,-0.4091400000002068,0.4348378835836053,0.43056848240479173
-0.9464000000000397,-0.4184100000001081,0.37176605642907923,0.433209024653447
0.821999999999889,-0.2785999999998694,0.6159381336284797,0.5180271039851414
-0.5221000000000231,-0.36092999999993935,0.39439694233345257,0.41662274990790227
-0.30189999999993233,-0.29959999999982756,0.4454700967660319,0.4534045717913715
0.6091999999999871,-0.010060000000066793,0.6430317701493493,0.5634829851642431
0.09360000000003765,0.3686399999999139,0.679785821130352,0.704150477071086
-0.08420000000000982,0.026849999999967622,0.6960502807721314,0.6829596143822059
0.4253000000001066,0.5635899999999765,0.6656770559531289,0.68132930502256
0.7653999999999996,0.5170200000000023,0.6609147904300894,0.6372014920870583
-0.06989999999996144,0.024630000000115615,0.5014209427315341,0.5182865138340542
1.1907000000001062,0.31569999999987886,0.7494563533964937,0.6556728792614708
0.438199999999938,0.20202000000006137,0.7113604914126048,0.6910957638769366
-0.12980000000004566,0.10748999999998432,0.5914417872399769,0.6058950421200526
-0.4396000000000413,0.2571700000000874,0.5659676171029471,0.6391661444225427
0.29769999999996344,-0.18733000000008815,0.5403970779284561,0.487083001861488
0.1550999999999476,-0.0341600000000426,0.5561666642881713,0.5239997832195531
-0.4420999999999822,-0.10707000000002154,0.39296738804146525,0.4658248316395275
-0.8223000000000411,-0.6636099999999487,0.41020462638166055,0.4156501734377649
-0.025899999999978718,-0.28405000000009295,0.4855764971335441,0.45553027448677064
0.1149000000000342,-0.17088000000001102,0.5087460497553487,0.4861273914494424
-0.5230999999998858,-0.5659200000000055,0.4560921180990052,0.4483728547749699
-0.2215999999999667,-0.3874999999999318,0.4660425398156809,0.4522846057246843
-0.3830999999998994,-0.598700000000008,0.44127077867039954,0.4278604988923629
-1.0212000000001353,-0.9343999999998687,0.40750404054592515,0.4122498105800787
-0.6726999999998498,-0.46560999999996966,0.5635503976659573,0.5657904028348204
0.8129999999998745,-0.3248700000001463,0.6579836506929615,0.5793179602809895
-1.0001000000002023,-0.326090000000022,0.48375088992784754,0.5387032485881793
-0.01999999999999602,-0.10020000000000095,0.5133068840423194,0.45075534232945635
0.0906999999999698,0.150449999999978,0.716229571108129,0.7266245299339946
-0.31140000000004875,0.002940000000080545,0.6655986656403989,0.7125441710053471
-0.689899999999966,-0.21090000000003783,0.5402792670016865,0.612388077886239
-0.5294999999999845,-0.2246900000000096,0.5216180726680841,0.5924202022748126
-0.19269999999994525,-0.11651999999992313,0.4885020369679749,0.5125102931203829
-0.7180999999999358,-0.20537000000001626,0.5327405578444688,0.5953873078034855
0.7065000000000055,0.1040699999998651,0.6556899901934976,0.62422596215439
0.47680000000002565,0.11640999999997348,0.7527793630665913,0.6969756463443444
0.013000000000147338,0.29952000000002954,0.671369420507606,0.6921214148172039
0.5124000000000706,0.2646899999999732,0.7206251120497997,0.701384525431803
0.21450000000004366,-0.13107000000002245,0.6885714580486368,0.6485755062602738
-0.11469999999997071,-0.21091999999998734,0.6183104151172847,0.614440712598685
-0.2602000000000544,0.02395000000001346,0.6376474276972965,0.6653655848864126
0.013100000000122236,-0.10771999999997206,0.5594424203761994,0.5587272301161184
-0.4315999999998894,-0.47331000000008316,0.5173656052229081,0.5222167660052124
0.15950000000020736,-0.1653400000000147,0.5698434756590931,0.5463855587300115
0.6162000000000489,0.1359300000000303,0.6619100862492733,0.6200447380814156
-0.04680000000007567,-0.25724000000002434,0.4819208825943333,0.4480189891694186
-0.8826999999999998,0.1419700000000148,0.5559504102674806,0.6714670376749998
0.2726999999999862,0.2215400000000045,0.6486674646178248,0.6611182852767961
0.5813000000000557,-0.1168999999999869,0.7246370073821895,0.6477983007953991
0.0039000000000442014,0.021029999999996107,0.7270430883339785,0.7135224473188373
0.34179999999992106,-0.26197000000001935,0.7222109417709177,0.6413677988828637
1.2227000000000317,0.14546999999993204,0.785327947141834,0.6721732203350372
-0.7142999999999802,0.05768999999997959,0.559552855408163,0.6402408744436316
-0.5062000000000353,0.05487999999991189,0.5637505821374011,0.617617993389441
-0.2577000000001135,-0.12030000000004293,0.5612756074452552,0.5655303224231245
-0.4072000000001026,-0.3628199999999424,0.49294179076972977,0.4839282885641838
0.1326000000001386,0.042059999999992215,0.5961921769413792,0.600142859396291
-0.7783999999996922,-0.23999999999978172,0.5283000525248216,0.5502032763699427
1.3936999999998534,0.14934999999991305,0.630060874804661,0.5778615914455276
-0.22499999999999432,-0.022120000000001028,0.3188873690918026,0.46624446215686177
-0.09190000000012333,-0.16378000000008797,0.5124201083536395,0.505261392947931
0.14340000000004238,0.2007899999999836,0.6843106392717013,0.682659758279236
0.6449000000000069,0.43549000000007254,0.6833399732780521,0.6673351623159851
-0.3489999999999327,-0.24846000000002277,0.4678242117829079,0.4794658752045322
-0.08730000000002747,-0.1693199999999706,0.527836025492312,0.5009515154816846
0.5264000000000806,0.06799000000000888,0.6036983082163827,0.5576513942416428
-0.16579999999999018,-0.013859999999908723,0.5312142638464801,0.5543076588243379
0.4782999999999902,0.10302999999998974,0.5923026481089666,0.5884589286399455
0.26529999999991105,-0.0006499999999505235,0.6030005600258903,0.559127520325231
0.21469999999999345,0.19962999999995645,0.5690069969303213,0.5851611086300723
0.3007999999999811,0.4180999999998676,0.6346557413710263,0.6492642415324656
0.4317999999998392,0.32717999999999847,0.6559465690060273,0.6530882887043177
0.34600000000000364,0.18765000000007603,0.6598298263383651,0.6418105780575223
0.1775000000000091,0.3735300000000734,0.6745092126376973,0.7037786462135598
-0.22269999999991796,0.11740000000008877,0.6432681701121767,0.6956164707568879
0.3795000000000073,0.4427900000000591,0.6638491589611606,0.6972124862698825
-0.5786000000000513,0.008939999999938664,0.4830996452936276,0.54123300069433
0.04480000000000928,0.08725999999990108,0.562613124999789,0.5657522913718793
-0.037599999999997635,0.08567999999991116,0.5511153525558976,0.5561281596071721
0.4416999999999689,-0.05457000000001244,0.5998669602692797,0.5428315044671672
-0.32970000000000255,0.017150000000015098,0.49920573686115244,0.5327709057810548
-0.36789999999996326,0.2820600000000013,0.5521306421914618,0.631983841886341
-0.3048000000000002,0.17484999999999218,0.504922393175522,0.5613490443222346
0.49500000000000455,0.22967999999991662,0.6082715880981304,0.5793231956780831
-0.5068999999999733,-0.17915000000004966,0.49365598514106157,0.5329851385412532
0.07509999999990669,0.12734999999997854,0.5392313629345669,0.5585029034784306
0.34389999999996235,0.1714199999998982,0.5773672072773239,0.5641890993546061
0.4511999999999716,0.11638000000004922,0.6386964610727519,0.5813782550254221
0.06600000000003092,0.06594999999992979,0.5855781594246157,0.5752398634806699
0.10469999999997981,0.10745000000008531,0.575757755165629,0.5896629748411986
0.08600000000001273,0.0606399999999212,0.586839279372886,0.5833935092200759
-0.6820999999999913,-0.133829999999989,0.5123335862161849,0.5616167615050127
-0.35410000000001673,0.015750000000025466,0.5553537887419635,0.6051096507649012
0.012900000000058753,0.045869999999922584,0.590285118150935,0.6002538471806762
0.7164999999999964,0.06345000000004575,0.7273212548027264,0.5801221166978676
0.11790000000000589,-0.01274999999999693,0.7501103024811995,0.6526137481497996
0.5566000000000031,0.026410000000055334,0.623270557614708,0.5560259342768159
-0.6781999999999471,-0.18083999999998923,0.4794043987122132,0.5318824911675346
0.3829000000000633,-0.010209999999915453,0.5882549979408402,0.5629645236442382
0.31520000000000437,-0.09228999999993448,0.5450056198613495,0.5068201103861858
0.7498000000000502,0.021100000000160435,0.5732232795468084,0.525056688227199
0.19080000000008113,0.19317000000000917,0.5484161037187185,0.5538652646889908
0.8210000000000264,-0.10150000000010095,0.610745952870384,0.5175152879718814
0.29739999999992506,0.05644000000006599,0.55854601758214,0.531719307478995
-1.2807000000000244,-0.4332600000000184,0.4429554903899069,0.4991751811149969
0.5896999999999935,0.458219999999983,0.6491875973946959,0.6371392510229112
0.14220000000000255,-0.21843999999998687,0.5457026644358987,0.5034059101547417
-0.7163999999999078,-0.011920000000031905,0.4249059797073462,0.5331412579628436
-0.2096000000001368,-0.3121299999997973,0.5175585967454932,0.5151028067275298
-0.2258999999999105,-0.08648999999991247,0.5029215855080427,0.520266088144683
-0.6123000000000047,-0.08324999999990723,0.47505258113229587,0.511825565166335
0.03459999999995489,0.017440000000078726,0.5222120709995837,0.519275832179833
1.4448000000001002,1.1505400000000918,0.9558024317811498,0.9192012410439654
1.0031999999998789,0.5386899999998604,0.6813103430368672,0.6476368604315441
-0.598700000000008,-0.10536000000001877,0.42859754978252784,0.4725082987840912
0.12659999999999627,-0.06148000000000309,0.5717310928514463,0.39949240999472835
0.35000000000002274,0.12036000000000513,0.5184255741189636,0.47283341216783903
0.27169999999978245,0.5864599999999882,0.5057069396111169,0.5154112588547255
0.1507000000000005,0.0321700000000078,0.6447044397750679,0.463093399307124
0.3324000000002343,-0.18778999999994994,0.4643226105168763,0.45695438071333694
-1.6442999999999302,-0.411750000000211,0.413794380793453,0.45021639666056323
-0.7375000000001819,-0.04025999999976193,0.4448042395142515,0.49040917309557397
-0.05870000000004438,-0.04876999999999043,0.46175408791824246,0.4570935249599062
0.8704000000000178,0.23468000000002576,0.6434941821785278,0.5242610113710189
0.09010000000012042,0.31783000000018546,0.48356448936335283,0.5062857262882137
-0.4958999999998923,-0.21747000000004846,0.44791421041594504,0.4699182527246437
0.8088000000002467,0.011749999999665306,0.5234266343081329,0.4969571783105975
0.08920000000011896,0.30036999999992986,0.47626111513483504,0.4999131104221455
-0.15099999999995362,-0.02764999999999418,0.46625229166221693,0.4715103600577253
-0.7776000000001204,-0.6140900000000329,0.39440060695810075,0.41311062216462524
-0.2201999999997497,-0.67087999999967,0.4461044521727908,0.4346223707135666
0.1778999999996813,0.444590000000062,0.5225699352687352,0.5273041911268317
0.652299999999741,-0.23129999999991924,0.4998514852090574,0.4683958101791452
0.31569999999987886,0.19875999999999294,0.5345877882670713,0.5303612814175018
0.6257999999997992,0.15968000000020766,0.5062167516481253,0.48724087413565265
-0.6403000000000247,-0.02628000000004249,0.45029701390724153,0.47640094111629505
0.08559999999999945,-0.0806999999999789,0.5001235022185302,0.46669418182707645
0.4659999999998945,0.37047000000006847,0.5782479762976411,0.5746732239684249
0.14589999999998327,-0.07570999999984451,0.4848959710243683,0.4658732067195581
0.2218000000000302,0.393139999999903,0.5466773721777285,0.5554572278617664
0.8465000000001055,0.15799999999990177,0.5713821239462513,0.5246208331455504
-0.24299999999993815,-0.039049999999974716,0.44384051743473485,0.48769024051171783
1.9005000000001928,1.1056899999998677,0.6876161154593552,0.6596544768469048
0.2660000000000764,0.2704000000001088,0.5304894110055303,0.5221681207410844
0.6738000000000284,-0.06757000000015978,0.5200715675081957,0.47723459082380515
0.32769999999982247,0.13732000000004518,0.5208942987372955,0.5154218027443314
0.40599999999994907,0.21662000000003445,0.5489361222954958,0.5360088415205189
1.602900000000318,1.600079999999707,0.61551416817478,0.6183343732953483
0.4392000000002554,-0.10228000000006432,0.4926388964568762,0.46602787385088273
0.5533000000000357,1.2589399999997113,0.650970371014914,0.6692818770857256
-0.14859999999998763,0.3087199999999939,0.5049397541902589,0.5383083705769565
-0.5414999999998145,0.21778999999992266,0.4680017361470501,0.5301117910373687
-0.2622000000001208,0.07148000000006505,0.4534198862870653,0.48016281289491314
0.6502000000000407,0.6872899999998481,0.5518575122618108,0.5484582049347653
-0.5258000000003449,-0.4200100000002749,0.4430487961562646,0.44338948260760347
-0.1495999999997366,0.8855499999999665,0.5841945503595847,0.6089383215914568
1.136700000000019,0.2863900000002104,0.5553343554986823,0.529775976515956
-0.2379000000000815,-0.015519999999924039,0.5191969138490515,0.541199966377337
-0.022399999999834108,-0.352579999999989,0.5058111299558687,0.4815956431448054
3.546599999999671,2.757409999999254,0.6658080944460965,0.6477186921317601
0.17540000000002465,-0.10926999999998088,0.5347386118590647,0.46604419302394007
-0.04259999999999309,-0.16664000000014312,0.48382561170505767,0.4701364454108292
1.0772999999999229,1.1479899999999361,0.6237868790856416,0.6267985908394502
-0.6605999999999312,-0.6156200000000354,0.4560660277554085,0.4510771117500978
0.10999999999967258,0.6064499999997679,0.5673613191892191,0.5893508291543004
1.3363000000001648,0.16244000000006054,0.608097177286715,0.5359872484718364
0.5760000000000218,0.43263999999999214,0.5476195488119506,0.5392071513100394
0.669800000000123,-0.0463799999999992,0.557477419704,0.501788784713697
-0.3430000000000746,0.05215999999995802,0.4613233580010645,0.5052411876750984
-0.5968000000000302,0.14898999999991247,0.46549045623298646,0.5212202416552847
0.7620999999999185,0.3502200000000357,0.5946654638794291,0.5622882094037829
0.37030000000004293,0.2363599999998769,0.5506051653153543,0.5365555651415832
-0.055600000000140426,0.1960999999998876,0.5174123798431074,0.5340520370201052
0.8162999999999556,0.642910000000029,0.6274177792205071,0.6088042728687793
0.10050000000001091,0.1148000000000593,0.5462189605689893,0.5481848316347016
-0.4814000000001215,-0.05258000000003449,0.48507460120310597,0.5154586934624117
-0.8465000000001055,-0.17770000000018626,0.4622836078333581,0.49653941295981774
1.8804999999997563,0.9303599999998369,0.6135432912845351,0.588943219532756
-0.8668000000002394,-0.041269999999713036,0.4614693894265498,0.5059985527161359
0.7484999999996944,1.469000000000051,0.5917143507240707,0.609306170961732
-0.0387999999998101,0.6330900000002657,0.5044897580546159,0.5420972852751671
0.9549999999999272,1.0136099999999715,0.6014038822193646,0.6026787757275276
0.8963999999998578,0.13176000000021304,0.5736013561250752,0.5053261642883777
2.3442000000000007,1.5355899999999565,0.6612120932004917,0.643857399224057
1.0447000000003754,0.06376000000000204,0.5535815598884053,0.5024705474956148
1.520600000000286,1.1362999999996646,0.6286524450499265,0.6179336894049481
-0.6902000000000044,0.02518000000009124,0.47312723216408337,0.49776979089326545
0.9062000000001262,0.6434200000001056,0.6404558798629001,0.6189852548699193
0.3061999999999898,0.06802999999990789,0.49218047572638923,0.4914881985029318
-0.45040000000017244,0.07024000000001251,0.5077775871032753,0.5594228390316092
1.704200000000128,0.7766499999997905,0.5861976035592908,0.552004192040001
2.2019000000000233,2.2875199999998586,0.7264887017817356,0.7303300740044483
0.61200000000008,0.25304000000005544,0.5602990170022526,0.5417196117877943
1.3372999999996864,1.7892500000002656,0.7273920161990244,0.7453208631143626
-0.5371000000000095,-0.3035800000002382,0.4876258012390222,0.49858252922714286
-0.10010000000011132,0.7422300000000632,0.618112139978666,0.6673306787461808
-0.049500000000080036,0.2336600000000999,0.5312424182725595,0.5552118815328022
0.7171000000000731,0.36022000000002663,0.7098727457676812,0.6675434156877325
0.564200000000028,0.39287000000001626,0.7367578704120525,0.7238654329837946
0.03550000000000253,0.058149999999997704,1.0815417005812122,1.2241816089563873
1.5579999999999927,1.2808999999999742,0.7692937986309989,0.7637133722631084
1.2537999999999556,0.670980000000327,0.546152570145586,0.539281390987667
2.7926000000002205,2.221360000000004,0.7663490179853794,0.7560128587689396
0.613800000000083,0.2240700000002107,0.5530307869252349,0.5417081299522453
1.9679000000000997,2.3959899999999834,0.7144815862237586,0.7280779879485388
1.19399999999996,0.33041000000002896,0.5852005794354964,0.5500340314473107
0.29389999999989413,0.5788599999998496,0.6969828847050552,0.7191022297844851
0.9407999999998538,1.3694100000002436,0.5859613102335626,0.5928598210481306
0.16070000000001983,0.08498000000003003,0.6702566572070356,0.64545566005898
0.26579999999989923,0.50945999999999,0.6001135247583056,0.6074201972759541
-0.061900000000036925,0.17552999999998065,0.6237942562315135,0.6607482329118675
0.08539999999993597,0.006660000000010768,0.5319889472703343,0.5382522484540964
1.7018999999995685,1.5717099999997117,0.7434800458814506,0.7372737860621648
0.4681000000000495,0.23822000000006938,0.5750685656860322,0.5584727590253413
0.7033000000000129,0.43792999999993754,0.7181232710010921,0.701664265726043
0.20289999999999964,0.10551000000003796,0.5709982846021422,0.5664358665808056
-0.0765999999999849,0.21496000000001914,0.6396129737092249,0.7325750419849397
-0.13139999999998508,0.04502999999999702,0.543819156794223,0.5620716519296964
0.16259999999999764,0.1492599999999129,0.6851996131017613,0.6914401047165564
0.6204999999999927,1.3171699999998054,0.6921709654633235,0.7232028406653601
1.4429000000000087,0.6801199999999881,0.710261721838279,0.6489416015066807
0.6199000000001433,1.853729999999814,0.686143892303992,0.7241169423404692
0.1652000000000271,0.19522999999998092,0.6264228664382365,0.6387358252565534
0.5442000000002736,0.4677700000002005,0.6180186896279416,0.6181008096598495
0.25690000000008695,0.2889500000001135,0.5997968671525911,0.5865120287624093
-0.5093000000000529,0.021939999999972315,0.4818522497777922,0.6104308299411221
0.10360000000000014,-0.04265000000000896,0.6246670467108029,0.590086508836074
0.09180000000003474,0.4157300000000532,0.6263194462418076,0.6798459613187369
0.29869999999999663,0.19322999999997137,0.6952310845375731,0.6586617049014976
0.9119999999999777,0.267599999999959,0.767139745881984,0.6473360028869335
0.43650000000002365,0.6566699999999628,0.6526314436355651,0.6896245269278678
0.34560000000010405,0.4477199999998902,0.6552815224080133,0.6583088890667055
0.8628999999998541,0.6192999999998392,0.6828788821257703,0.6710165300018112
0.7462000000000444,0.5152599999998984,0.656702633473949,0.6204633948027061
0.37750000000005457,0.4428899999998066,0.6030434579956445,0.6024974901494895
0.6176999999998998,0.2358199999999897,0.7305039637920618,0.6658343455433036
1.7380000000000564,0.44570999999996275,0.7462757259237396,0.6391048285541157
1.3447000000001026,1.754699999999957,0.6300674252816219,0.6442025789824335
0.262299999999982,0.29652999999996155,0.6032784653924539,0.6105856872875126
1.554700000000139,0.6248000000000502,0.6109240432798924,0.5875621714056312
0.213799999999992,0.41645999999991545,0.5916292251873179,0.6096817948747724
1.2128999999995358,1.3630500000008396,0.6267264698364361,0.6273053782159588
1.5843999999997322,1.3717799999999443,0.6541337947833403,0.656350299783659
0.35609999999996944,0.5628600000000006,0.6175586964995539,0.6341207195267984
0.3402000000000953,0.5081700000000637,0.5277125400029226,0.5537118753941028
0.3348000000000866,-0.16136999999980617,0.6145233339540646,0.5616032055985043
0.3455999999998767,0.8223000000000411,0.6553620953180905,0.6895098688183277
-0.37330000000019936,0.8569600000000719,0.5714804215898539,0.5976094007030142
0.6305999999999585,1.4624800000001414,0.6369618220726903,0.6697194885376678
0.32330000000001746,0.9814700000006269,0.6139469023220823,0.6321156438094055
1.019800000000032,1.232220000000325,0.6413820812948279,0.651217569840723
1.1505999999999403,1.3547799999996641,0.6312028917585755,0.6337341932879159
2.147599999999784,1.49187000000029,0.664727038257551,0.657598599093312
0.8002999999998792,1.1882800000003044,0.6231654961222466,0.6371615539403575
0.9958999999998923,1.316649999999754,0.6111588401123358,0.618804108111215
1.2608000000000175,0.8471700000000055,0.6751191074336083,0.6526654409334087
0.5280999999999949,0.3769600000000537,0.6294717684742324,0.6220845288091859
-0.12760000000000105,0.005849999999995248,0.527629080395009,0.6713810306274492
0.09040000000004511,0.45178999999984626,0.6346412293912529,0.6520892366085329
0.3938999999995758,0.8745200000003024,0.6424309103921333,0.6576062263954574
0.4015999999999167,0.5951599999998507,0.6163752810911083,0.6261300580319151
1.085299999999961,0.5758899999998448,0.6663041872861042,0.6483345144586483
1.9021999999999935,1.3611900000000787,0.6660901001862118,0.6483915190590883
0.4796999999998661,0.5492100000001301,0.5934375232789391,0.5974283008313153
0.5996000000000095,0.37801999999987856,0.68975684505439,0.6625210986312968
0.06930000000011205,0.5195599999997285,0.6287336890132833,0.6468906682316478
0.7524999999998272,0.7677900000001046,0.6209051056098147,0.6286933338085055
0.36189999999999145,0.5051499999999578,0.6488263861896604,0.6634534760026067
0.42660000000000764,0.5746699999999691,0.6338751885676119,0.6307613672841494
0.5951999999997497,1.1896700000002056,0.5783958502630027,0.598963338826608
0.15599999999994907,0.2166599999995924,0.5880622785027212,0.5913661069917087
1.2904999999996107,0.5951300000001538,0.6059747164207652,0.5800512516376477
2.0727999999999156,1.6280900000001566,0.6452816233401659,0.6297621619901772
0.8791999999998552,0.8032499999999345,0.597576515744791,0.5902009458636837
0.20010000000002037,0.5837799999999334,0.6226814656424162,0.6371423768612994
0.020800000000008367,0.15450000000009823,0.5906311993662428,0.6077085316918529
-0.4860000000007858,0.280760000000555,0.5506865387726156,0.5735119619552087
-0.5983999999998559,0.3581899999999223,0.5661908078492539,0.6106565879108183
0.6735000000001037,0.11745999999993728,0.6536590187485203,0.6157340509924891
-0.6869999999998981,0.9150700000000143,0.5363773159631657,0.5869571510179528
0.024899999999888678,0.38263000000006286,0.5538279789504941,0.5868244945559375
0.7925999999999931,0.2933499999999185,0.6765882352164576,0.6201373620867923
-0.15200000000004366,0.4823900000001231,0.5560253827280093,0.5813222148721708
0.14109999999982392,0.4000199999995857,0.5873910797744353,0.6011840442568417
0.5221999999998843,0.46032000000013795,0.5765071355993578,0.5748615102594945
-0.36190000000010514,0.40234000000009473,0.5642126580504891,0.6141341973877168
-0.12579999999979918,0.3850500000003194,0.5526706639330525,0.5691910829415558
1.4775999999997111,0.31302000000005137,0.6751230307120215,0.6154518545662846
0.8557000000000698,0.5295000000000982,0.6062209435528265,0.5967191976191666
0.23400000000015098,0.21572999999989406,0.599101375839628,0.5915692496524239
1.3562999999999192,0.629280000000108,0.6080526855391843,0.5829711930101844
0.36459999999988213,-0.1352799999999661,0.5998021475318582,0.5795068783044144
0.7653000000000247,0.6990899999996145,0.5836377711956331,0.5878955195983249
-0.2643000000000484,0.33512999999993554,0.574456616166108,0.6203784547083924
2.088799999999992,0.4930699999999888,0.6256436190023917,0.5709377133886528
-0.6345000000001164,0.03863000000001193,0.5000619770273662,0.5531416627092112
-0.3467000000000553,-0.09499000000005253,0.5005616780022537,0.5457767026211702
-0.07760000000007494,0.42374999999992724,0.5656133281278786,0.581297082732779
0.06719999999995707,0.7070699999999306,0.5651764099766643,0.5845582746975442
-0.5619999999998981,-0.0424199999999928,0.5265866129331442,0.5686375734979432
1.943699999999808,0.9654300000001967,0.6329392165490777,0.601803632488318
0.5760000000000218,0.06038000000012289,0.589512715936702,0.574419595745157
2.5021999999999025,0.6004399999997077,0.6386052122020924,0.5836507741278751
0.1594000000000051,-0.0956300000000283,0.5899662648012116,0.5837969124165898
1.2725000000000364,1.1118000000001302,0.6031454880568665,0.6030321777418024
-0.1999999999998181,-0.19784000000004198,0.5355308431966854,0.5346164926692598
0.05889999999999418,0.0031900000001314766,0.560422578277664,0.5553004869081279
0.2920999999998912,0.1901799999998275,0.5835079102910035,0.5663674907340877
1.16800000000012,1.3553900000001704,0.6130659148302797,0.617908048912863
0.22580000000016298,-0.029500000000098225,0.5827960170142976,0.5624129427878266
-0.7384999999999309,0.46075999999993655,0.547931940820523,0.5850144365260546
0.4959999999998672,0.2415000000000873,0.5922653286093649,0.5768747362475679
0.44499999999970896,0.7035900000000765,0.5778163682500281,0.5812883729296336
0.38409999999998945,0.31921999999997297,0.6561823104135778,0.6489387473130659
1.0112999999996646,0.2606700000001183,0.6238822210139494,0.6039738504822978
-0.0764000000001488,0.5940399999999499,0.6193198277648637,0.6486736278937366
0.2573000000002139,0.9562900000000809,0.5741400938890084,0.5951001988905302
0.43869999999992615,0.34570999999994,0.6546404905258818,0.646036659717808
-0.03509999999999991,0.07835999999997512,0.5639216780290113,0.5768528361234759
-0.21880000000010114,0.11192000000005464,0.5582781356523459,0.5900527889147744
0.027000000000043656,-0.07452999999998156,0.5741490915060821,0.5667672137361413
0.3755999999998494,0.6687299999998686,0.5762314588066975,0.587264039821056
-0.08999999999991815,-0.1499499999999898,0.5470085682515169,0.5352790839479926
0.376199999999983,0.2137299999999982,0.6670820644703035,0.6265371352889515
-0.8384000000000924,-0.17798999999990883,0.509265731453179,0.5596586398806558
0.4030999999999949,0.21651999999994587,0.6020686627607352,0.5817390547676604
0.6574000000000524,0.21222000000011576,0.6009103173061581,0.5627251977406544
0.6337999999999511,0.0964600000000928,0.6534811221709846,0.5849877713663076
-0.31799999999998363,-0.09027999999989333,0.5419547663873203,0.5599176215669521
-0.1250999999999749,0.12209999999981846,0.5415304266610965,0.5584505476044832
0.7220999999999549,0.015099999999961256,0.6439173143320209,0.5685934109253443
-0.1630999999999858,-0.012809999999944921,0.553878922564377,0.5603057668796874
2.4033999999996922,1.1060199999997167,0.65398764099589,0.6087251241013281
-0.36360000000013315,-0.09031000000004497,0.5357689136478383,0.552087929671008
0.5684999999998581,0.19884000000001834,0.6038880162683391,0.5751075877215905
0.04739999999992506,-0.1382499999999709,0.5462113736796503,0.5458698578631793
-0.2341999999998734,0.13046000000008462,0.5786006754107342,0.6039241389634409
0.002199999999902502,0.13167999999996027,0.5481699008159202,0.558122110239978
0.5501000000001568,-0.05061000000000604,0.589386030796768,0.5559705943863014
0.4214999999999236,0.3617199999998775,0.5983597481744374,0.5965855898089067
-0.05150000000003274,-0.14395999999987907,0.5677579481389028,0.569865885406462
0.49460000000010496,0.12620000000003984,0.6295600086773767,0.5827785946894259
-0.0072000000000116415,0.10088000000007469,0.5809703934938737,0.5923612497966024
0.3829000000000633,0.25102000000015323,0.5976286412399112,0.5932869406522601
0.2379999999999427,0.351099999999974,0.6005093133109041,0.6164111900755831
-0.6609000000000833,0.0048699999999826105,0.5444157387575199,0.5814513526762211
-1.3089999999997417,-0.02419999999983702,0.49577098146704746,0.5500550167137241
-0.18049999999993815,-0.07923000000005231,0.5427811416711226,0.5443472122704573
0.5788000000000011,0.15302999999994427,0.617889691736595,0.5843469792829348
0.5025000000000546,-0.0735700000000179,0.5858449823239242,0.5509666900864296
0.05080000000043583,-0.21028999999998632,0.5595022190205245,0.5566721562545895
-0.9663000000000466,-0.07969999999977517,0.5057643334043904,0.5449845086479721
0.15239999999994325,0.027379999999993743,0.6002317353913211,0.5852165177055779
-0.4443999999998596,-0.26854000000003,0.52719748540202,0.5387929190317609
-0.5004999999998745,-0.014329999999972642,0.5159640854589309,0.5397505567884986
0.07900000000017826,0.17861999999990985,0.5554251518543163,0.5682354149981306
0.712400000000116,0.017759999999952925,0.5984699224820478,0.5611213178297492
0.06680000000005748,-0.023339999999961947,0.5686439267482024,0.5635948751115505
-0.5798999999999523,0.19620000000008986,0.5115910981279503,0.5648908060875257
0.4832000000001244,-0.19230999999990672,0.5490501623585775,0.5237379184898527
-0.3272000000000048,0.1692499999999768,0.5812995858245795,0.6698435009230952
3.6230000000000473,1.8540200000002187,0.860380434881125,0.787791724226472
0.3792999999999438,0.16115000000002055,0.6088297638645601,0.5743238338915768
0.004300000000000637,-0.012760000000014315,0.720321459902773,0.7142840839006181
-0.16300000000001091,-0.25741999999991094,0.5423912555277299,0.5382372610869046
0.2379000000000815,0.035390000000006694,0.6505272243316984,0.6257047665616522
-0.2117999999999256,0.18718000000001211,0.5544002692676742,0.586072726148501
-0.7389000000000578,-0.014070000000174332,0.5085019361645848,0.5523886134112921
0.2559999999998581,0.09789999999975407,0.5695699160624734,0.5655236626556093
0.4068999999999505,0.013599999999769352,0.5858969478765186,0.5703700353967056
0.29340000000001965,0.0025200000000040745,0.6349017429760906,0.5563777430557693
0.591600000000085,0.0009900000000016007,0.6626651327448663,0.593120630923516
-0.36449999999967986,-0.2428500000000895,0.5458808485510058,0.5492339597145346
0.012999999999919964,0.0725600000000668,0.5839477559002937,0.578367631459864
0.2036000000000513,0.2121199999999135,0.5650056788948365,0.5833776487842224
0.4551000000001295,0.026650000000017826,0.6030102331405995,0.5704637124555045
0.4762000000000626,0.32106999999996333,0.5838559443378522,0.5873916520425793
-0.7857999999996537,0.39120999999977357,0.5359859883054652,0.5844955265762009
-0.02510000000029322,0.23707000000013068,0.5766647535000891,0.5857348535806217
-0.0323999999999387,0.013110000000096989,0.5428121568472166,0.5389450317749622
0.3506999999999607,0.210510000000113,0.5790210871106316,0.5730425357845181
0.2288999999996122,0.024609999999938736,0.5746191066577921,0.5671813164317863
0.13810000000012224,0.19702000000006592,0.5781012921521445,0.5786753162019265
-0.4921000000001641,-0.13826000000017302,0.5306280842403588,0.5590264468773753
-0.005700000000160799,0.09788000000003194,0.5527341507496342,0.5691483612699999
0.4924999999998363,0.0826999999999316,0.5857693127051755,0.5687888269908958
0.9284000000000106,-0.15566999999987274,0.6502110211241696,0.5568272979446842
-0.7445999999999913,-0.3328200000000834,0.5248829380158915,0.5419939965412457
-0.14750000000003638,0.013059999999995853,0.528722623128397,0.5325213871438583
0.32950000000005275,0.14122999999995045,0.6016819384567995,0.5982195500852772
-0.08959999999979118,-0.01808000000028187,0.5568988469202507,0.5626121422590558
0.01710000000002765,-0.34209999999984575,0.5344785946341579,0.513865297080307
-0.998700000000099,-0.25434000000041124,0.5271434709678058,0.5495886588913867
-0.17860000000000298,-0.0868899999999968,0.388343798052726,0.47800534745487955
-0.9298000000001139,-0.22924000000011802,0.47863510692915945,0.533995036480106
-0.22630000000003747,-0.3549000000000433,0.500344761392757,0.49478267264742026
-0.6965000000000146,-0.19595000000003893,0.47337109351603956,0.49681244427426385
0.8908999999998741,-0.06169999999997344,0.5865351043505385,0.5364228352455314
0.006399999999999295,-0.020150000000001,0.5789836320687192,0.5645178312136956
0.22379999999975553,0.09956999999985783,0.4857116245954751,0.47528600650166286
0.08829999999989013,0.07362999999986641,0.486498215859954,0.48843651815537736
0.12190000000001078,-0.011060000000000514,0.6929414125883548,0.4469722116497987
2.233299999999872,1.975110000000086,0.9725531369274787,0.9489115238035639
-0.4796000000000049,-0.20775000000003274,0.5350624778742041,0.5636769538255759
-0.320699999999988,-0.29721999999992477,0.5399976245404448,0.5360255874148123
-0.20410000000015316,0.3084599999999682,0.5151748279209611,0.5638585337309987
2.0628999999998996,2.6834600000001956,1.2868182485256563,1.3141145965231082
-0.5710000000000264,-0.2949700000000348,0.4896891180127483,0.4980525275103842
-0.1370000000000573,-0.2410099999999602,0.5402577013527532,0.5253922028968017
0.3912000000000262,-0.22676000000001295,0.5944491066420365,0.5437405659822536
-0.8946000000000822,-0.16285999999990963,0.47314687255719523,0.5443099705344068
-0.6326999999999998,-0.264630000000011,0.47782118638755033,0.5121328677975434
0.13279999999997472,-0.25450999999998203,0.6085618471773913,0.5622414090901806
0.9578000000000202,0.4578599999999824,1.0039774497580645,0.9315402239624682
-0.40439999999989595,-0.10906999999997424,0.47543639894924716,0.5338589824994022
-0.5307999999999993,-0.3781899999999041,0.4576520295052511,0.4866354115251381
-0.06700000000000728,-0.436170000000061,0.5640914460983693,0.49953014392849493
1.1919000000000324,1.4392199999999775,0.845407404366294,0.8555102736147013
0.5548999999999751,-0.19798000000002958,0.6366276114795566,0.5149548488647238
-0.20470000000000255,-0.19513000000006286,0.5350499403194986,0.5371576470291073
0.1967999999999961,-0.17099000000001752,0.5798670659132421,0.4999597725265481
0.5955000000000155,0.2666900000000396,0.9232764834891771,0.8632378907744043
-0.1250999999999749,-0.28350000000000364,0.5138730626716992,0.47362909211354776
1.3378999999999905,0.7407599999999093,0.94913714950835,0.8882311609699212
0.8837999999999511,0.13463999999999032,0.643886166598806,0.5399920675067893
-0.6245000000000118,-0.14639999999997144,0.4586872757158522,0.48997331295796975
-0.059799999999995634,0.03391000000002009,0.8517871211084937,0.8954959969455834
-0.19639999999992597,-0.24857999999994718,0.506733958387029,0.48070887045799093
0.15460000000001628,0.5466599999999744,1.032982363170687,1.1241902620692024
-0.4230000000000018,-0.3773500000000922,0.4446911806121223,0.44858964438250215
-0.6589999999999918,-0.19932999999997492,0.3674077858313085,0.4539848683137615
-0.056800000000066575,0.02215000000001055,0.5649367026287377,0.5543737476690014
0.8040999999999485,0.4557399999999916,0.8584767112881808,0.8221242368199988
-0.084699999999998,-0.04358999999999469,0.5252829148922666,0.5267889126118419
1.0298999999999978,1.170889999999872,0.949287225811779,0.9650276174136829
1.0945999999999003,0.9297700000001896,0.8898274670233963,0.8675616858178081
-0.16039999999999566,-0.08921999999999741,0.5370257398675138,0.5328447480122067
0.08510000000001128,0.5395200000000386,0.8440989173191582,0.9195904874600869
0.07139999999992597,-0.21179000000006454,0.4937087956487618,0.4578932632113064
2.3243999999999687,1.814390000000003,0.8866147305355288,0.8669138449905134
-0.2844000000000051,-0.4867199999998775,0.45395663081355675,0.4359263915878264
0.130800000000022,0.3548200000000179,0.8260543360728345,0.8965011462777506
0.9732000000001335,1.2198699999999008,0.8987140311002006,0.9172284473284664
-0.9317000000000917,-0.5402799999999388,0.4253763159761226,0.44131599298766755
1.8280999999999494,1.31058999999982,0.9114893446766414,0.8890575490846597
1.8506000000002132,1.8617199999998775,0.9089623607876129,0.9145203010173519
-0.3222000000000662,-0.4849099999998998,0.5140364659100394,0.5000136498306107
-0.9480000000000928,-0.24303000000008979,0.4625347577215333,0.5042341316431109
1.4852999999998246,1.5632200000000012,0.8951603597920244,0.9055823463593793
0.7725000000000364,0.555739999999787,0.888105072963663,0.8674313952364621
1.0833000000000084,0.8959700000000339,0.8959905971410276,0.8831403315751496
1.524499999999989,0.9498499999999694,0.8704736010295866,0.8299237303361684
1.3773999999998523,1.2274700000000394,0.9508491593909874,0.9233436841749487
1.7359999999998763,1.4867699999999786,0.9221055362864883,0.9130765735489765
1.8718999999998687,1.1515099999999165,0.9374537162483154,0.8898900920694786
-0.3366999999999507,0.41788999999994303,0.7286507646919516,0.8371771284312324
0.9325000000000045,0.7200699999999642,0.9128542487291558,0.8796338784089697
0.3616000000000099,0.4522000000000048,1.2763442512680578,1.3046959317666973
0.9957000000000562,0.8973799999999983,1.1413421647253008,1.1187635973916699
0.5486000000000786,0.4565900000000056,1.0662114104481812,1.0420267313914433
0.07579999999995835,-0.18063999999992575,0.5293903596464755,0.5068835803233362
1.0989999999999327,0.8294399999999769,1.102130412808111,1.0823904666679152
-0.6607000000000198,-0.25492000000008375,0.4394480593196137,0.49130105538603974
1.0246999999999389,1.096409999999878,1.2620661050463333,1.2600129377112301
-0.07079999999996289,-0.042799999999942884,0.5131954190710664,0.5173359017864865
0.052199999999970714,0.40295000000003256,0.7648815876894144,0.7816988367979283
-0.44700000000000273,-0.2869699999999966,0.5105178444885228,0.5148395188951493
1.3979999999999109,0.9496699999999691,0.896270126879184,0.8575445396608483
0.41820000000006985,-0.06065000000000964,0.5919212168219445,0.5239094178101533
0.007199999999997431,0.06229999999999336,0.8222533573683855,0.8496216071462781
-0.31359999999995125,0.012990000000058899,0.5093390773859285,0.5262425830071527
1.4011000000000422,0.9246499999999287,0.9784985009923197,0.929103365484063
0.17580000000009477,-0.026579999999967185,0.6136512023589669,0.563203899328224
1.8739000000000487,1.4259700000000066,0.9407552841617095,0.9175008841199261
0.1593000000000302,-0.1358900000000176,0.5753200817472548,0.546975073845779
1.0489000000000033,0.9803099999999176,0.87510770611825,0.8666464664850215
-0.27359999999998763,-0.2511300000001029,0.5068588028162235,0.5070051161208955
-0.3604000000000269,-0.005989999999997053,0.5167766833944487,0.5633031007108213
0.47849999999994,-0.1723499999999376,0.6333999732880846,0.5429784165572604
0.43439999999986867,0.8821100000000115,0.8465968084703235,0.8953637522607583
0.20920000000000982,-0.18813000000000102,0.5622429773729065,0.5246336623270453
2.504599999999982,1.44466999999986,0.9742597381472873,0.913304534634185
-0.28319999999996526,-0.12664999999998372,0.45392883030599407,0.5034310102723039
0.46460000000001855,0.822620000000029,0.8641297340225451,0.8966037053030451
0.5144000000000233,-0.09823999999991884,0.6627324157801207,0.5629780837678844
1.382799999999861,1.3256799999999203,0.9131899637562002,0.9095856016170467
-0.7409999999999854,-0.27458999999998923,0.4726418427829504,0.5555932951696319
1.3893000000000484,0.6116599999999153,1.0015054163577508,0.8983748277444192
0.06169999999997344,-0.11419999999998254,0.5721574871925261,0.5446417836627138
1.389599999999973,0.6949100000000499,1.0098636676976191,0.932118035145324
0.04140000000006694,-0.06773999999995794,0.5965109749455744,0.5985651895655586
0.21479999999996835,0.3703900000000431,0.7606007846437501,0.7711762084056994
0.2862999999999829,0.06542000000001735,0.6809259637924114,0.6612831631202409
0.24300000000005184,0.6253900000000385,0.8765949597250522,0.9305792155160919
0.7027000000000498,0.0008000000000265572,0.7391593600895474,0.6469808547650668
0.07560000000000855,-0.016210000000000946,0.5226320003229423,0.5519934786119896
0.14859999999998763,0.026870000000030814,0.6776002142300674,0.6536570163669264
0.16660000000001673,0.20933999999999742,0.7212080952152311,0.7238353751504834
0.3420000000000982,0.14057999999999993,0.7178026910373614,0.6967831211382114
-0.04739999999992506,-0.1794800000000123,0.6843656786520658,0.6775305861522529
0.3185000000000855,0.16091000000005806,0.7789154626716144,0.7551387012765032
0.76400000000001,0.17520999999999276,0.8397265848091306,0.7737830105219112
0.23649999999997817,0.3991800000000012,0.7898985735538044,0.8138724468127911
0.8359000000000378,0.07504999999991924,0.8627234264038108,0.7916634762010322
0.2818999999999505,0.28551999999990585,0.7340818114409009,0.7349252551652308
-0.2847000000000435,0.14143000000001393,0.7294889088624856,0.7939814321348271
0.9552000000001044,0.3568000000000211,0.8337752088739547,0.7889499125244726
0.5009000000000015,0.332080000000019,0.8437116238925402,0.8293774703018286
1.1007999999999356,0.5364600000000337,0.8178912446710207,0.7705033543406792
-0.10610000000008313,-0.1149599999999964,0.645582015347923,0.6291625411690926
0.6164999999999736,0.47775000000001455,0.8810740597439581,0.879165227243428
1.1204000000000178,0.719190000000026,0.9089547612322724,0.8751284119256075
0.5647000000000162,0.06375000000002728,0.8045275714925193,0.7197307782577322
1.4957999999999174,0.5895199999999932,0.9783545421848006,0.8813173425544996
-0.6620000000000346,0.1030399999999645,0.6172841247812588,0.72925239971382
0.5766999999999598,0.4002899999999272,0.9122090193555144,0.8918551338047864
0.23290000000008604,0.12739999999996598,0.7710944708761991,0.752765134920752
1.3659999999999854,0.5857899999999745,1.0078032709657236,0.9090091167548664
0.28120000000001255,0.16696000000001732,0.7265196788480921,0.6830988479357147
0.2662000000000262,0.5615000000000236,0.8735189816070354,0.8931163904755346
0.06680000000005748,0.16965000000004693,0.6023975407561721,0.5986735480854044
1.164700000000039,0.605760000000032,0.9873946540004175,0.9177126119266577
-0.23720000000002983,-0.06174999999996089,0.6038754135312852,0.6069929613118363
0.057999999999992724,-0.2785799999999199,0.5472886470176741,0.5089159110920338
0.345299999999952,0.9366399999998976,0.8639644133801472,0.9049435802848338
0.5100999999999658,0.3760899999999765,0.8922175982895464,0.8868308523241719
0.3584000000000742,0.8700599999999667,0.8727970501190896,0.8977918938870344
-0.05380000000002383,-0.37010000000009313,0.538894269900303,0.5050868903308636
-0.3385000000000673,-0.2859200000000328,0.5004155010785549,0.5091219490273691
-0.5635999999999513,-0.2477400000000216,0.5188761966594013,0.5552844501180543
2.8542999999999665,1.2618400000001202,1.0015829251551978,0.9130799173705073
-0.3266999999999598,0.044740000000047075,0.5866911873974923,0.6272879533899101
-0.3269999999999982,-0.002020000000015898,0.7469783034472322,0.9615203663937866
0.1897000000000162,0.043400000000019645,0.7087835689746358,0.6844008463121831
-0.30140000000005784,0.17784000000006017,0.6546298635149217,0.7345747312300421
0.08000000000004093,0.16624000000001615,0.7079341757998181,0.7358807274278734
0.40410000000008495,0.053080000000022665,0.7716227219950689,0.7041557302542634
0.4870999999999981,0.3834099999999694,0.9744421726989083,0.963285469733477
0.055900000000008276,-0.06827999999995882,0.6811056789622016,0.6452334320199649
0.6804999999999382,1.238439999999855,0.91239729917858,0.9483457157534181
1.0051999999998316,0.9986899999998968,0.954254920118669,0.947476979085593
-0.13250000000005002,-0.01520000000004984,0.6074496945158492,0.6364805278999075
0.9533000000001266,1.6064400000000205,0.9111696602623676,0.9369102429989118
-0.2478999999999587,0.01132000000006883,0.5524910738064381,0.6112802942755513
0.5019000000000915,0.26521999999999935,0.6904291861685508,0.6662428991796476
0.7164000000000215,0.9330199999999422,0.9477068456376081,0.9589840398105176
1.0559000000000651,1.010629999999992,0.949381977578323,0.9484346149380762
0.0024999999999977263,0.10968000000002576,0.6219829561578294,0.6503759882867666
0.741100000000074,0.6164099999999735,0.9781958778925848,0.963774528396466
-0.17079999999998563,-0.20922000000001617,0.5206818194993135,0.4920539937963486
1.337400000000116,0.8818299999998089,0.9792879059717485,0.9429905148514939
0.445699999999988,-0.09149999999999636,0.674107364478993,0.5802605402277283
-0.06330000000002656,0.352579999999989,0.6955927412499285,0.7708411444763419
0.4438999999999851,0.3192900000000236,0.7322418534664532,0.7076434055621084
0.09160000000008495,0.16477999999995063,0.6983592507594061,0.6902271360909262
0.0283999999999196,0.1326800000000503,0.6863420572718493,0.6962807464738985
0.19190000000003238,0.30178000000000793,0.8559373132184911,0.8689398665183479
-0.12039999999996098,0.06107000000002927,0.6580527175160666,0.6990310743752781
0.4438999999999851,0.204490000000078,0.7636829729216865,0.7228090425388967
0.4603000000000179,0.352929999999958,0.87451613375229,0.8615334562749544
-0.226099999999974,0.016129999999975553,0.6215814106252493,0.6732179339815625
-0.5000999999999749,-0.03472999999996773,0.625087961040327,0.6798262597034199
-0.15989999999999327,0.1746699999999919,0.679073289608545,0.7052738652770785
0.12429999999994834,0.39025999999989835,0.7102885523460944,0.7342552528335267
0.6001000000001113,0.37096999999994296,0.7809727502906316,0.7620467647110774
0.3002000000000038,0.025199999999998113,1.1023950487905942,0.8414201981027158
-1.1006000000002132,0.29032999999981257,0.6943427328263585,0.7567579680604952
-0.7051000000001295,0.04588999999987209,0.6558309283880792,0.6998390277859423
0.13269999999999982,0.04989999999997963,0.946758387886959,0.8804677049063292
-0.058400000000006,-0.04156000000000404,0.6814422750504034,0.666468194066816
-0.04719999999997526,0.0824800000000323,0.7532979947541651,0.7638801402260809
1.7927999999997155,1.4030200000001969,0.9389727743115639,0.930437312162935
-0.2440000000000282,0.1079899999999725,0.7054756622384861,0.7410006949525982
-0.19839999999999236,0.0551500000001397,0.6699935900873477,0.683864186216887
-0.43100000000004,-0.1670499999997901,0.6766762280921101,0.698150782842144
0.8399999999999181,1.1025499999998374,0.8774392865594338,0.8987932341762095
0.7620999999999185,0.9407699999999295,0.932065920466596,0.9361422146090703
-0.05969999999999942,-0.0071299999999991925,-0.204650801131967,0.43816654246251474
0.7216999999999985,0.5439499999999953,0.9798637132308885,0.9542696657684147
0.6802000000000135,0.9401600000001054,0.873873130631031,0.8935927214265948
2.1650999999999385,1.1721400000001267,0.9404974928583165,0.8811711357117336
1.1690000000000964,0.8405700000000706,0.8991788817199087,0.88126390180987
0.6861999999999853,0.2682999999999538,0.9159629725834728,0.8453820228688569
-0.44230000000015934,0.3365799999999126,0.6986146693602979,0.7466356958742981
0.4433999999999969,0.2016800000000103,0.8346127962502337,0.8190952263214868
0.6722000000000321,0.26087000000001126,0.9611515912040458,0.8615047798415265
0.09420000000000073,0.07815000000005057,0.7591320885137698,0.7502871540478573
0.5830999999999449,0.5975599999999304,0.8716797606082016,0.8686237140496766
0.032100000000014006,0.06794999999999618,0.7067553644731994,0.7226182594499919
1.2352999999998246,0.7599600000000919,0.8527400873278079,0.8250693444438406
-0.06400000000002137,0.05534999999997581,0.6959501824800984,0.7383258946397797
1.2604000000001179,0.49114000000008673,0.862063937129065,0.8070991683166273
0.54200000000003,0.16782000000000608,0.7859122641394434,0.7190231067292441
0.5122999999998683,0.7313300000000709,0.8496198846631664,0.8782783176011444
0.33969999999999345,-0.13818000000003394,0.7997548681622391,0.7062935704471807
0.27080000000000837,0.6241500000000997,0.8347366846333859,0.8538416588555364
-0.03809999999998581,0.5568900000000667,0.766525104145277,0.8365821797409856
0.7844000000000051,0.16823999999996886,0.8537106488846868,0.7952618639611053
0.2937000000000012,0.12879999999995562,0.7951104782971896,0.754031956763157
1.1139000000002852,0.8760600000000522,0.8488985892610934,0.8369462888842882
-0.012799999999970169,-0.022069999999985157,0.7338552062713166,0.7452655902582261
0.44460000000003674,0.8026599999998325,0.8444225848168285,0.8651013413251141
0.10210000000000719,0.15467000000001008,0.7495014507295394,0.7654642153638536
-0.0040999999998803105,0.619419999999991,0.7589416404547356,0.8065649547942755
-0.07609999999999673,0.07267000000001644,0.6806943265791121,0.7223346578665524
0.6251000000002023,0.6507200000000921,0.8235519057635976,0.8301363307843479
0.08999999999991815,0.1421500000000151,0.7159780463015242,0.7111606653483982
0.8436999999998989,0.6253899999999248,0.8595838425246694,0.8408605425928917
0.5628000000000384,0.08343999999999596,0.8692938081322543,0.7508804167047467
1.231899999999996,0.8191400000000613,0.8791893426778108,0.8529067948732871
-0.22620000000000573,0.03974999999996953,0.6224612547147457,0.711762599587451
1.8310999999998785,1.0779199999997218,0.8750844895025978,0.8489941320724448
-0.17050000000006094,0.1572600000000648,0.6042641105271196,0.6449014130581299
0.5283999999999196,0.504470000000083,0.8232974103254964,0.8168454307805773
1.222700000000259,0.9896800000001349,0.8607269352975289,0.8488598222594623
-0.20679999999993015,-0.09651000000008025,0.6812534000052661,0.6751298778330916
1.5454999999999472,0.8749500000001262,0.8941135317155569,0.8568123748105672
0.18270000000006803,1.0085100000001148,0.8175290853264183,0.8553081832074483
0.17300000000000182,0.21724000000000387,0.8425297755504824,0.8522269943249894
0.1272999999998774,0.2918099999999413,0.653240290414292,0.6598609651011111
1.062599999999975,0.8291600000000017,0.9222411195625835,0.9053415931330466
0.5027000000000044,0.49258000000008906,0.891032899574884,0.9009210959065594
0.061599999999998545,-0.034810000000007335,0.9134196390798488,0.7440879363235009
-0.4207000000001244,0.43239999999991596,0.5672057304684897,0.6438077350079174
1.3034000000000106,1.4098100000001068,0.8758727284763568,0.8804388466782331
0.10590000000001965,0.49248000000011416,0.7660712200599384,0.7860347714049754
0.22050000000001546,0.17622999999991862,0.7482188280970137,0.7523318339678342
1.1576999999997497,0.8163799999997536,0.8364050885898644,0.8320067889368232
0.21810000000004948,0.2752700000000914,0.5734781432684244,0.5901483887907455
0.5883999999999787,0.4500100000000202,0.8507854569899331,0.8426839121154384
0.028900000000021464,-0.3601700000000392,0.5115356167850749,0.4473612651398895
0.2825000000000273,-0.02567999999996573,0.7164925795528632,0.6718514996049585
0.6913999999999305,-0.025349999999889405,0.6182590638708074,0.5784767068282903
0.008499999999997954,0.06273999999999802,0.735430668018,0.8255136194956103
0.04570000000001073,-0.016819999999938773,0.5791887544211338,0.5636010792769985
0.29609999999956926,-0.4003299999999399,0.5448355559831919,0.5228879839388023
-0.19510000000002492,0.3591199999999617,0.7413983326426399,0.811573973035995
-0.35370000000000346,0.25580999999999676,0.7839337511603928,0.8362033112294665
-0.11559999999997217,0.1190999999998894,0.6758659438684145,0.7033815453295844
-0.4721999999999298,0.09104999999999563,0.7197473596571413,0.7670210995288862
0.22199999999998,0.24276999999995041,0.6740644237521742,0.6762192889984364
-0.36180000000001655,0.243940000000066,0.7731416988105533,0.8566788320888641
0.6438000000000557,-0.010219999999890206,0.7715526080344759,0.716010842090542
0.26319999999986976,0.01569999999992433,0.5865459746712487,0.5645239236628852
0.9462999999999511,0.3591599999999744,1.030607305692266,0.9271782424946862
-0.16919999999993252,0.09358999999994921,0.7971111492620642,0.8500064652265715
0.2340000000000373,0.3915200000000141,0.8496749112110624,0.8692337669309103
0.41990000000009786,-0.1595999999999549,0.6574867319124156,0.5774521206816097
0.48469999999997526,0.33297000000004573,0.8489022268762358,0.8329254232414485
-0.37800000000004275,0.07012000000008811,0.6102626335718009,0.6707042499680904
0.38649999999995543,0.22754999999995107,0.8485857499874738,0.8181947853255434
-0.24559999999996762,0.1543499999999085,0.7149971738343641,0.7707648096807684
0.4677000000000362,0.22731000000010226,0.9154183660949888,0.8867852485375805
-0.10990000000015243,0.04838999999992666,0.5929250665473562,0.6036405999232608
0.07709999999997308,0.2788100000000213,0.8761471516703034,0.8883248009022182
0.7525000000000546,0.4943399999999656,0.9076090842358608,0.8958370547669015
0.36740000000008877,0.4916800000000876,0.8746568891498052,0.8909974850484836
-0.012499999999931788,0.12058999999999287,0.8513565776446352,0.8699979208638631
0.5847999999999729,0.04619999999999891,0.7263568611125093,0.6330105879469139
-0.4742999999999711,-0.1462500000000091,0.5044067723931844,0.5395190543466821
0.4667999999999779,0.09158999999999651,0.6988829882196068,0.6290388624967225
0.40840000000002874,0.18233999999995376,0.8782319380682857,0.8526994357313411
-0.08650000000000091,-0.02294000000000551,0.6238555584254568,0.6487788353187085
-0.32599999999979445,0.6680700000001707,0.8253865935566651,0.9128504928658243
0.05059999999997444,0.10919000000001233,0.6616065816618777,0.6617918064851791
0.9042000000001735,0.6990000000000691,0.9407316620668738,0.9193388064896446
0.03409999999996671,0.02559000000007927,0.6657442443079642,0.6629764888882672
-0.05529999999998836,0.34856999999999516,0.8975377230083348,0.9576811185626033
1.174199999999928,0.8895199999999477,1.0266041168387252,0.9923417544951851
0.8046000000000504,0.6414200000000392,1.0150021898876815,0.994614570301322
0.6684999999999945,0.33320000000003347,0.9666426297491038,0.9234284112588087
0.23279999999999745,0.30047000000001844,0.9258595766010069,0.9317230617762684
0.0005999999999630745,0.05062000000009448,0.7142282084381613,0.7194657455736886
0.1412000000000262,0.17490000000009331,0.9353381498081292,0.9398456954657686
0.07699999999999818,0.39182000000005246,0.6661215732031822,0.7065158820459772
-0.21520000000001005,-0.22428999999999633,0.3446489312954881,0.37832740222132344
0.398900000000026,0.3930800000000545,0.9712110128909934,0.9679553921937201
-0.14690000000001646,-0.041570000000035634,0.6151728876463425,0.6255775784565376
-0.056100000000014916,-0.042380000000036944,0.6335625747110551,0.6483860913387707
0.6096000000000004,0.1682299999999941,0.8965675175890864,0.8289159050175243
0.2594000000001415,0.35491000000001804,0.7912800226462791,0.8031957016510605
-0.12990000000002055,0.08730000000002747,0.8557671363643937,0.8798796470339765
-1.1585999999999785,-0.3061800000000403,0.41069907625732593,0.5086255975956799
0.5797000000000025,0.3838899999999512,0.9713146337058776,0.9408624114475073
0.20879999999988286,0.6540800000000218,0.8262309911330146,0.8530371708794338
-0.001199999999926149,-0.09663000000000466,0.6648018174511439,0.6505891121192153
-0.17719999999997071,0.07804999999996198,0.6606694705923122,0.7061710266360377
-0.912900000000036,-0.08791999999994005,0.5357790343208713,0.6259829487728519
-0.12310000000002219,0.15003999999998996,0.6979804001062018,0.7280573265866952
-0.35619999999994434,-0.025900000000092405,0.6553631469554233,0.7000046066092835
-0.17809999999997217,0.12249000000002752,0.631193185418577,0.7290843453780171
0.5579000000000178,0.066859999999906,0.7537153478751613,0.715374320853468
1.511199999999917,0.9500600000001214,0.8316332174349794,0.8125282684467106
-0.4870000000000232,0.04357999999996309,0.6158510609799439,0.7204520549247917
0.13970000000006166,0.39523000000008324,0.8171253427960101,0.8338811146756164
0.21800000000007458,0.3061299999999392,0.7578497265094297,0.7693872272896085
-0.2278999999999769,0.3645199999999704,0.7916501429574119,0.8299927546795205
-0.1916999999998552,0.010429999999814754,0.6948553498674404,0.7252730810692665
1.1730000000000018,0.59078999999997,1.0047151088511619,0.9152992947864647
1.057800000000043,0.37022000000001754,0.7983397602209452,0.7526418604252072
0.6145999999999958,0.667919999999981,0.9073070175982245,0.9171722934688598
-0.025700000000028922,0.022289999999998145,0.7279347725031693,0.7406264885304381
0.1772000000000844,0.18555000000003474,0.8072033411827384,0.8151661452484804
0.38800000000003365,0.3137099999999009,0.7806611776048911,0.7700849292191059
-0.7248999999999342,0.32805000000007567,0.7239535564669275,0.7887197681812008
0.6030000000000655,0.26234999999996944,0.8112494493244693,0.7820173876096792
0.743199999999888,1.1524100000001454,0.8335397014260115,0.8453289625343086
-0.18230000000016844,-0.020899999999983265,0.7319093398482579,0.7504100093971955
0.126700000000028,0.3750199999999495,0.8422613433947346,0.8458912424977427
-0.4030999999999949,0.23522000000002663,0.7020020514171055,0.7495339172282511
1.8153999999999542,0.49878000000012435,0.9613278560098859,0.8654241960510456
0.518100000000004,0.5670000000000073,0.8824074640264801,0.8919220070379374
-0.32679999999999154,-0.048119999999983065,0.6216606659128932,0.6718792592120604
-0.3989999999998872,-0.37395999999989726,0.6013602584347577,0.6059418767914826
1.6325000000001637,0.9111700000000837,0.9460105303226829,0.898916956132223
-0.18709999999998672,0.057090000000016516,0.5704623306085788,0.6080424820311014
0.5477999999998246,0.6780800000001364,0.8561580779679501,0.8599490798572251
-0.18079999999997654,-0.14748000000003003,0.6531581690749411,0.6775992343970305
1.191000000000031,0.49304000000006454,0.9300726371925361,0.8702254993633085
-0.013200000000097134,-0.17053000000009888,0.6421610318540605,0.6257724393190278
0.2661000000000513,0.3215700000000652,0.826607454787287,0.8322577557620336
-0.22589999999996735,0.2074999999999818,0.6900713727912899,0.7728542996579879
-0.17880000000013752,0.12833000000000538,0.6465931531392632,0.6588081181851502
0.7992000000000417,0.4035999999999831,0.8787141905798768,0.8264517271185712
0.6929000000000087,0.38878999999997177,1.0288578245344349,0.9928183341734398
-0.30709999999999127,0.3617700000000923,0.7968546850851688,0.9123136949146238
-0.4921000000001641,-0.293769999999995,0.5645363680336191,0.5735858722477838
0.9272999999999456,0.3925900000000411,0.9734933928642109,0.9305063855721274
0.8880000000001473,0.08996000000001914,0.8241051894775087,0.7721281290926196
0.19329999999990832,-0.19715999999993983,0.5669445468274414,0.557001807489188
-0.011399999999980537,0.029589999999984684,0.5777058131387403,0.5910808785809296
0.02039999999999509,-0.1199500000000171,0.5319344596128595,0.48366363136742585
-0.14620000000002165,0.05108999999998787,0.586992388644747,0.6097423547045455
0.16970000000003438,0.31268999999997504,0.8361920731789763,0.8506079970811875
0.16299999999995407,0.2572600000000307,0.7472990988295347,0.7664634677889914
-0.6833999999998923,-0.00419000000010783,0.585144940707516,0.6474321603738176
0.19539999999994961,0.09331999999994878,0.7014708632552269,0.6808341322138256
0.08840000000003556,-0.04242999999996755,0.6389783199431731,0.6111134859599687
1.6340999999999894,0.7249700000000985,1.0794311394734413,0.9661560832924687
-0.4877999999999929,-0.10679999999990741,0.5392071727325254,0.5904725163860869
0.5024000000000797,0.6088700000000244,0.9335397760086739,0.9565763951301598
0.3591999999999871,0.8303600000000415,0.9579639039574372,0.9977432984730417
0.26720000000000255,-0.07534999999995762,0.75156339372624,0.6776361377881512
-0.14410000000009404,0.3922299999999268,0.8511782213763031,0.9140302014906343
0.3593999999999369,-0.009510000000091168,0.7535548243943868,0.6718483515122164
0.06200000000001182,-0.008780000000001564,0.7323245183817217,0.7060008659173
0.4433999999999969,0.2820799999999508,0.9435818890696002,0.9252179793069137
-0.10750000000001592,-0.0626999999999498,0.6453577423822576,0.673920593935029
-0.12740000000002283,-0.09498999999999569,0.670140565398536,0.6729415670560401
0.13429999999993925,0.45704000000000633,0.8573585152953367,0.8880683840196024
0.21580000000000155,-0.060180000000002565,0.7266137219555713,0.6599280346399228
-0.009799999999984266,0.09140000000002146,0.639348305128129,0.6716451077735996
-0.28690000000005966,-0.01343999999994594,0.6386054738369173,0.690902654991965
0.613700000000108,0.9347899999997935,0.949934112895745,0.9815485605039198
0.1791000000000622,0.017029999999977008,0.7111286773929804,0.6919172994713119
-0.5209999999999582,-0.0976900000000569,0.565091011012675,0.6229923840123774
-0.14639999999997144,0.12694000000004735,0.7766457749393219,0.8428270903310775
-0.4259999999999877,-0.07022999999998092,0.4838471614970308,0.5691826506200481
0.1313000000000102,-0.04434999999989486,0.6428147549796481,0.5993118732929181
0.886600000000044,0.8713399999999183,0.8387132965608002,0.8383609597522046
0.04130000000009204,-0.20024000000012165,0.5819442725451651,0.5651210165274589
0.6067999999997937,0.16992000000004737,0.6527728581116277,0.6290001790155042
0.46469999999999345,0.45068000000003394,0.8333806704534208,0.8425283456180876
0.570699999999988,0.6469500000000608,0.822401141877882,0.8254106801217187
-0.524599999999964,0.15300000000002,0.5621310637208277,0.6621832037148945
0.6466000000000349,0.8353500000000622,0.8242686017229994,0.8370894005675922
0.5179000000000542,0.7255800000000363,0.8045678897575792,0.8300224761244923
0.8288000000000011,0.12419999999997344,0.7173228886193428,0.6470738892894845
0.18489999999997053,0.3170999999999822,0.8093218155232673,0.8262128307580552
0.25270000000000437,-0.267620000000079,0.5099536390752446,0.4594396148276614
0.2863999999999578,0.4275799999999208,0.7823531435880549,0.8282204021577533
-0.21209999999996398,0.08577999999999975,0.5806607038453926,0.6193610456020071
1.355199999999968,0.6736700000001292,0.8939691891735935,0.8429702067538569
0.37419999999997344,-0.44820000000004256,0.5316639054280037,0.37977260923818257
-0.08959999999996171,0.16364999999996144,0.762789750343118,0.8312997565530944
0.038000000000010914,-0.11648000000002412,0.5345243825863433,0.5125949419783282
-0.21419999999997685,-0.03593999999998232,0.41054271594362923,0.5448453119223151
-0.12269999999995207,-0.16953000000000884,0.4996526260081513,0.4906774560386795
0.24320000000000164,-0.21329999999989013,0.5678169425616941,0.4779249971861743
0.7339000000000055,0.319940000000031,0.9512428510935367,0.8388184483277161
-0.4495000000000573,-0.5692299999999477,0.4174930652639741,0.4045989317303933
0.03609999999980573,0.39101000000005115,0.7552533918141924,0.7757762583067596
-0.2703999999998814,-0.4122799999997824,0.5000863611251294,0.4912969956843538
-0.3139000000001033,0.2375200000001314,0.7442171553607713,0.7871543424973204
-0.39800000000002456,0.26276000000007116,0.6568850070785004,0.7655113575955497
-0.4544999999998254,-0.43676000000004933,0.4873494664443312,0.48238397796767085
1.4046000000000731,0.7410800000000108,0.9713591426792512,0.9113305640130243
-0.365099999999984,-0.17321999999990112,0.5277719571803674,0.5522316604800626
-0.15769999999997708,0.3479700000000321,0.7471600225526842,0.7946646183591977
-0.1710000000000491,0.6877200000001267,0.7790881548906947,0.8418411145716176
0.5213999999998578,0.7484300000000985,0.7873758953779397,0.8117308352573627
0.0261000000000422,0.5986900000000333,0.7229890608144274,0.759715205990763
0.19779999999997244,0.020219999999994798,0.6695515810530184,0.6304608385849564
1.6866999999999734,0.9533299999998235,0.9617371629623506,0.904129733911252
-0.11020000000002028,0.03410999999999831,0.566475294945401,0.5993274087780165
0.38049999999998363,0.40297000000009575,0.7483743573448276,0.7539840743404858
0.42349999999999,-0.055690000000026885,0.6750368353376501,0.5745450627610227
1.1023000000000138,1.0558999999998377,0.9170805299000939,0.9122189850655937
0.374499999999955,0.0705600000000004,0.6924812470280983,0.6159713115720722
0.06560000000001764,-0.08491000000003623,0.6012571985624549,0.5750212356990803
1.0848000000000866,0.46645999999998367,1.0791911816043331,0.9916961256826173
-0.3716000000000008,0.020160000000032596,0.5252010837130783,0.6235110281591849
0.0012000000000398359,0.5365499999999201,0.8528867561168552,0.9406221240979784
1.0464999999999236,0.5591299999999819,0.9733736633016354,0.9081277039605151
-0.3539000000000101,0.1149599999999964,0.485072378124185,0.5871098098978456
-0.015600000000006276,0.0005199999999945248,0.7383736216239001,0.7619848482603553
0.2841000000000804,0.01731999999992695,0.6670176200473277,0.6268068919423442
0.07439999999996871,-0.03978999999998223,0.5994344110586969,0.5695701430764144
0.3568000000000211,0.07715999999993528,0.7055239577768546,0.6423258017091316
0.46069999999986067,1.2367200000001048,0.9030617196679858,0.9457277992142243
-0.5042000000000257,-0.03167000000001963,0.56619570127181,0.6631927588068409
-0.130800000000022,0.1450800000000072,0.6119777848212049,0.6494966069826358
0.3386000000000422,0.12260000000003402,0.7099975630527444,0.6540383013180717
0.06309999999996307,-0.083590000000072,0.701694013590215,0.6738503080361502
-0.6277000000000044,0.13998000000003685,0.6953789746986905,0.7802356778042308
-0.23759999999998627,0.05806000000001177,0.6212084114219474,0.6764542454317235
0.6083999999998468,0.4890499999999065,0.8687578506964888,0.8545449324045551
0.41250000000002274,0.3331699999999955,0.7915334286895392,0.7847925377062692
-0.05880000000001928,0.05334000000004835,0.6351570429816489,0.6575720819803843
-0.48689999999999145,-0.16719000000000506,0.3447903509200323,0.45686242483007344
0.06320000000005166,0.07892000000003918,0.6145250330383378,0.611719295115587
0.5717999999999392,0.2493499999999358,0.7661075581314014,0.7379596742709493
0.30570000000000164,0.26287999999999556,0.731847652980866,0.7316289853490643
0.38810000000012224,0.13761999999996988,0.6695320939075211,0.6528665477185225
-0.23610000000007858,0.20502999999996518,0.572886942864903,0.6611300942198639
0.30740000000002965,0.10739999999998417,0.7191330874286361,0.6863943150986707
-0.44459999999992306,-0.00957000000005337,0.5897488626769976,0.6503660890682106
-0.32740000000001146,0.020039999999994507,0.6927438937445629,0.7486754946761431
-0.06479999999999109,0.18494000000009692,0.7282376792125733,0.7582740323580639
0.9478999999998905,0.06628999999998086,0.7706363636028835,0.717783488580781
0.18220000000007985,-0.28665000000000873,0.5586404110322629,0.5255651903511849
0.9829999999999472,-0.05762000000004264,0.7651299373927278,0.6605186591873258
0.5444999999999709,-0.10751999999990858,0.7318182749820545,0.6197382740984692
-0.0478999999999985,0.0016899999999964166,0.5696576518019025,0.63935626515228
-0.8740999999999985,-0.009829999999965366,0.5532415503686661,0.6688104195321509
0.6487000000000762,-0.056390000000078544,0.6283018419681374,0.5465453277075483
-0.9043000000000347,-0.026470000000017535,0.4257175241684896,0.5276147732785397
0.19510000000002492,-0.2601400000000922,0.5240822992281569,0.4503473115844203
-0.7274999999999636,-0.754509999999982,0.37626061314799397,0.40105806566808067
-0.046699999999987085,0.04238999999995485,0.7728557861292007,0.7770543307916045
0.1690000000000964,-0.20227999999997337,0.7158617953148205,0.6848717743653587
0.286200000000008,0.13530000000002929,0.8532104769262583,0.8225067804504604
-0.5430000000000064,-0.3266399999999976,0.49751512172644397,0.5109163488926427
-0.04839999999990141,0.19587000000001353,0.8036574304293609,0.8443495864755235
0.42790000000013606,-0.03343999999992775,0.8763879900418603,0.8282710162813789
0.8952999999996791,0.5118099999999686,0.5554222553265875,0.5273103433557802
0.40990000000010696,0.6740199999999277,1.117102347297072,1.1463466583376825
1.1216000000001713,0.40859999999997854,0.9017009139883791,0.8449656292176089
0.023399999999924148,0.35471000000006825,0.8996905639965913,0.9371570342599389
-0.8831000000000131,-0.028299999999944703,0.6260593322602981,0.7083729608909906
-0.2860999999999194,0.0898300000000063,0.759946196410044,0.8168078825097735
0.40239999999994325,0.3402000000000953,0.7858586931238865,0.7985484172283064
-0.1372999999998683,0.10556999999994332,0.557820595090619,0.5693197081221957
0.04169999999999163,-0.03003999999998541,0.6097076739936869,0.5764749661391955
0.8714999999999691,0.3214100000000144,0.8768415509683214,0.8281822659867988
-0.020099999999956708,0.47844000000009146,0.8009185585205136,0.8331478650089208
-0.28880000000003747,-0.1340299999999388,0.46777806108915243,0.4961796700432064
0.8100000000000591,0.3050599999999122,0.9010774488033224,0.8434727341383175
0.46050000000002456,-0.048270000000002256,0.6177933153453941,0.562431164260202
-0.9542999999999893,0.039520000000038635,0.6751673291786053,0.8046433386458496
1.0300999999999476,0.6261799999999766,0.8954698762124291,0.859446260373331
0.47929999999996653,0.15834000000018023,0.7873011862019164,0.7538107292803131
0.2664999999999509,0.14683999999999742,0.7984763213839896,0.7746392929291357
1.1576000000000022,0.43691999999998643,0.9123939890816946,0.8402085811052729
-0.038000000000010914,0.2855899999999565,0.7941283189385917,0.8166010726776252
0.42409999999995307,0.7290800000000672,0.8266037867540765,0.8403212032864982
0.2624000000000706,0.48664000000007945,0.8183700308109776,0.8224974789591721
0.8270999999999731,0.8272499999998217,0.834488893593055,0.8422691585610487
0.25929999999993925,0.5291899999999714,0.8065216144377052,0.8199583688962564
1.1509000000000924,0.7377799999999297,0.8622464922833473,0.8455964828055329
0.15260000000000673,-0.03392999999999802,0.5889249599315916,0.4234413506366108
1.5955999999998767,0.5586100000000442,0.9038747983783457,0.8367432827575128
-0.1695999999999458,0.20884000000000924,0.783031758181596,0.8172662421395138
0.27880000000004657,0.05016000000000531,0.8294033537185053,0.799559672086847
-0.7695000000001073,0.4311199999999644,0.753341754711645,0.8211461339604043
0.7203000000000657,0.43331000000000586,0.8311259124476722,0.8129871289160429
0.0003999999998995918,0.17221999999992477,0.7769158251676123,0.8123143707718938
0.522199999999998,0.35852999999997337,0.8596427959095099,0.8325166568549536
-0.17029999999999745,0.21919000000002598,0.7497678092084792,0.8010995748923389
0.30970000000002074,0.5447699999999713,0.8017187063662723,0.821921964439043
0.6033000000002176,0.342640000000074,0.8422446243062431,0.8193025899740913
-0.04729999999995016,0.0848399999999856,0.7393340853445673,0.7556855013624908
-0.29670000000010077,0.10586000000012064,0.7290812946107783,0.7694633407571594
0.3584999999999354,-0.09678000000008069,0.7850193820237994,0.7296515842299733
0.6153999999999087,0.29700000000002547,0.8351489018756375,0.7985435937472252
1.1582999999998265,0.8956200000000081,0.8731408899827819,0.8424696095564066
-0.15689999999995052,0.5877199999999903,0.7557653979463064,0.8148612963388757
1.0343000000000302,0.6897899999999026,0.840557759245808,0.8186603393931069
1.0674000000000206,0.34541999999999007,0.8927031455047585,0.8161886576844912
0.24969999999996162,0.06839999999999691,0.8007821837285656,0.7762414347386226
0.12950000000000728,0.29242999999996755,0.7418897074758402,0.7618742392682121
-0.04099999999993997,0.04053999999996449,0.7516437744217841,0.7637935305799148
-0.21210000000007767,0.05208000000004631,0.727902354824761,0.7618475578875517
-0.9846000000000004,0.2071600000001581,0.624383638745396,0.6928689625506079
0.7738999999999123,-0.031990000000064356,0.8284471391380555,0.7206563976546398
0.27910000000008495,0.360520000000065,0.7832734437800637,0.7838916546696995
0.2098999999999478,-0.0351500000000442,0.7096293296548151,0.6708387653258541
-0.11310000000003129,0.11311999999998079,0.6086157581457252,0.6272530246570707
0.030500000000017735,0.0017100000000027649,0.645972896370095,0.6381430717969705
0.25300000000004275,0.03074000000003707,0.6353009219539407,0.5906160440360297
0.27110000000004675,0.08689000000003944,0.6105700992856011,0.6067049928514034
-0.21600000000000108,-0.03663000000000238,0.3217192225935417,0.6039556046442796
-0.1352999999999156,0.5220099999999093,0.8089718504960208,0.8523592520404799
-0.20180000000004839,0.13082999999994627,0.8088573819420741,0.8580541557001942
-0.18209999999999127,0.14770999999996093,0.760236610706766,0.8063147386905722
-0.7630999999998949,-0.13445000000001528,0.6980185623355339,0.7601815028944969
0.5965999999999667,-0.2505700000000388,0.7270068516886496,0.6312586425115008
0.29670000000010077,0.17214999999987413,0.6815186457085343,0.6709967427515062
-1.0067999999998847,-0.48852999999985514,0.39842559538920685,0.4496418649049483
0.3427999999998974,-0.06069000000002234,0.5560257403866897,0.5318114392458329
-0.0015999999998257408,0.29546000000004824,0.866336636424303,0.896053520779283
0.43209999999999127,-0.2096200000000863,0.5823240255638185,0.5416372755330467
-0.0544999999999618,-0.015740000000050713,0.5353271511961744,0.5375933439646596
-0.1430000000000291,0.43325000000004366,0.8598176310715466,0.9085282807130612
-0.0003999999998995918,-0.414820000000077,0.458816585362154,0.42619213936021527
-0.2358000000000402,-0.0836999999999648,0.44182422926051235,0.46598593286595325
1.4646000000000186,0.5669299999999566,0.9123774458340117,0.869695007254867
0.7233000000001084,0.5294899999998961,0.914094378492325,0.9076939730959577
0.7493000000001757,0.6729900000000271,0.9097213136050053,0.9055015581268311
1.1119000000001051,0.41479000000003907,0.9220105725013639,0.8689417921758258
0.9240999999999531,0.4750099999998838,0.9218376933866734,0.869816398534784
0.2033999999999878,0.3121999999999616,0.8468387182259729,0.8526459354462723
-0.6447000000000571,0.6541599999998198,0.722496910149073,0.8087905052936994
-0.44089999999994234,-0.2901999999999134,0.3989804388583096,0.4400817200541862
-0.10659999999995762,0.0704200000000128,0.8530216484452291,0.8764433339699229
0.6280000000000427,0.29646999999999935,0.9601855387040059,0.8982957453837592
0.2743000000000393,0.2040599999999131,0.8978093737578519,0.8884897715070617
-0.19980000000032305,-0.8345300000000861,0.4626022392433704,0.4397310201517568
0.0543999999999869,0.07269999999971333,0.7962136980122603,0.8013330368695559
-0.9827999999997701,-0.7121600000000399,0.4857690895936795,0.5007718285218843
-0.1439999999999486,0.014340000000004238,0.7641790570823703,0.8042284650708886
-1.886199999999917,-1.7654100000002018,0.31915493312197896,0.32883958280993664
-0.2798999999999978,-0.08110000000000639,0.23818663338428525,0.4350106232674511
0.06860000000000355,-0.029999999999986926,0.5913896294424958,0.46885827839286964
0.5138000000001739,0.31623000000013235,0.8760383492289359,0.8654971016322621
-1.3979000000000497,-0.6947900000000118,0.28865411770775395,0.38769540608543096
0.8854000000001179,0.42721000000005915,0.9033519533797163,0.8603615655269126
-0.6446000000000822,-0.8471199999999044,0.40195933790636573,0.3783491102034242
1.6164000000001124,1.6294400000001588,0.9430506912974534,0.9544183562194553
-0.7803000000000111,-0.9946599999999535,0.3922753825386982,0.3616843808138981
-0.49679999999989377,-0.8026700000000346,0.42473543606356134,0.39213364295047626
-0.3080999999999676,-0.42663999999990665,0.4583120760316417,0.4615851257579129
-0.12159999999994398,0.19560999999998785,0.6740792676415586,0.6966153166303668
-1.4219000000000506,-0.6545399999999972,0.3258071578643884,0.39763420617797696
-0.7779000000000451,-0.2873899999999594,0.4136423196682282,0.44789424508544506
0.01770000000010441,-0.8426200000001245,0.48844721735821217,0.44660717755682366
-0.9963000000000193,-0.14622000000008484,0.5139278080907417,0.5804141322362399
-0.13409999999998945,0.03431000000000495,0.6851219333286807,0.7089834698948527
-0.35130000000003747,0.035530000000107975,0.4901142826055471,0.5157434245601333
0.5167999999998756,-0.16461000000003878,0.5647911912020298,0.49629695518602635
0.16639999999995325,0.008950000000027103,0.5333210638266417,0.5203047308664832
0.8365999999998621,0.5567599999999402,0.5178052228612895,0.5048605609336398
-0.1293999999999187,0.0503800000000183,0.4940457326259029,0.5104939826904298
-0.34779999999989286,-0.1679300000000694,0.5537668879959323,0.5744073253327375
0.05380000000002383,0.0867200000000139,0.6913152192228544,0.690565270055421
0.2680000000000291,0.1116300000001047,0.7668487643552657,0.7656511744731143
-0.2479000000000724,0.21920999999997548,0.6167305597186923,0.6401340321815718
0.4251000000000431,0.26495999999997366,0.5629662898193333,0.5385384733496146
0.4458000000000766,0.13737000000003263,0.6942730342834658,0.646051335765363
0.12449999999989814,0.1630800000000363,0.6805266302382096,0.6831215613456232
0.8872000000001208,0.4759799999999359,0.7023317723892974,0.6863852282952498
0.1414999999999509,0.1407200000001012,0.6730621429282602,0.6755066765204987
1.4346000000000458,0.36942999999996573,0.5978063867907668,0.5409379637569156
0.4954000000000178,0.040610000000015134,0.5454414243644345,0.5064226458709742
0.09720000000000084,-0.02615999999999019,0.6803147858184477,0.568839151545153
0.28710000000000946,0.029300000000034743,0.4975134749085397,0.4626143091015944
-0.06930000000011205,0.042909999999892534,0.4974032304933651,0.4962163018792598
-0.35940000000005057,-0.288379999999961,0.46330430540477696,0.4684360985883318
0.5837999999999965,-0.05993999999998323,0.5207320794649251,0.44835634544597713
-1.999599999999873,-0.2745700000000397,0.42659229915542607,0.5429720815333106
-0.06579999999996744,0.023170000000050095,0.6865418051138272,0.681193306479777
-0.7170999999998457,-0.10012000000006083,0.43924615267014744,0.48997798793499747
-0.39059999999994943,-0.4471699999999146,0.43444951307227697,0.43480124442298873
0.47329999999988104,0.2517499999999018,0.8175193277134118,0.8124577160246949
-0.36649999999985994,0.04108999999994012,0.6857594898577402,0.7093377149739233
-0.5343000000000302,0.3153700000000299,0.7127261112243488,0.7621869361417399
0.5197000000000571,0.2754899999999907,0.7894575363354361,0.777068410861137
-0.1449000000000069,-0.11800000000005184,0.488634030430779,0.49182381866186287
-0.06960000000000832,-0.11375000000001023,0.4304965706806829,0.3941923075216236
0.7848999999999933,0.21873999999991156,0.8514291609469815,0.7704262297157483
0.22260000000005675,0.37521000000003824,0.7761595523171572,0.7959694640836235
0.674199999999928,0.3337500000000091,0.8579096669946162,0.7990146632962825
0.3791999999999689,0.43259999999997945,0.8580236278185049,0.8631928281137347
0.5517999999999574,0.38062999999999647,0.8429739775728473,0.8079300807275702
0.10220000000003893,0.23529000000007727,0.7860170009385659,0.7904382886647188
0.13240000000007512,0.19630000000006476,0.751246560627461,0.7771985173893325
-0.237199999999973,-0.11522000000002208,0.6116280937058516,0.6426706043515251
0.03319999999996526,0.4076200000000654,0.7448433513555619,0.7810271143559255
0.19869999999991705,0.17236000000002605,0.779709083520963,0.7963753922734629
0.26730000000009113,0.4569900000000189,0.8019965316249822,0.8305378761799931
0.2500999999999749,0.0714500000000271,0.7749247912907986,0.7356696836092746
-0.25919999999996435,-0.03875999999991109,0.6484060984386364,0.6839552519944281
-0.7176999999999225,0.1803499999999758,0.6687497267197529,0.7649420835395215
0.2078000000000202,-0.1278499999999667,0.7352296728662999,0.6866497095420421
0.6351999999999407,0.16903999999999542,0.8613972901996059,0.8264597736328261
0.8891999999998461,0.5007200000000012,0.8232093839478427,0.789036516327668
-0.16169999999999618,0.14085999999997512,0.7853377190981004,0.8403417285808956
-0.1754999999999427,0.24458999999990283,0.6871671008640501,0.7489101693039624
1.3181999999999334,0.6713700000000244,0.9021298386950205,0.8467683504755241
-0.22210000000006858,0.05137999999999465,0.80736671786239,0.8583386768474144
-0.01890000000003056,0.030460000000061882,0.7643404587843516,0.7807309736302726
0.2013000000000602,0.19142999999996846,0.8577348715510524,0.8704839919229324
0.15230000000008204,0.018540000000029977,0.811640260785329,0.7915463438410875
0.24450000000001637,-0.04881000000000313,0.7458018123376542,0.711529759314411
0.4895999999999958,0.14044000000001233,0.8424093650968301,0.7873306090959264
0.8532999999999902,0.08612000000005082,0.8676718717091747,0.7231147037102703
-0.02289999999993597,0.12991999999997006,0.7869345483185741,0.8273009942168397
-0.07789999999999964,0.008609999999976026,0.7920667838473561,0.8121344497706406
0.06470000000001619,0.1491900000000328,0.8344556200480469,0.8530071411677831
-0.12459999999998672,0.2358600000000024,0.8470133610871011,0.8827764687514561
0.5011000000000649,0.022299999999972897,0.8315236277711691,0.7650125366835736
-0.0146000000000015,-0.14150000000000773,0.5823757361349324,0.504618022238934
-0.3169000000000324,-0.08706000000006497,0.7451006728558252,0.7602423754735854
0.9318999999999278,-2.0000000063191692e-5,0.8144769242384609,0.7286555274224948
0.34569999999985157,0.46733999999969456,0.7724368221029732,0.7734621881948955
0.884900000000016,0.648969999999963,0.8340306175269152,0.8161042716627431
-0.7348000000001775,-0.4810899999999947,0.5329114245134825,0.5518879120879339
0.4963000000000193,0.24708000000009633,0.7483604088240892,0.7211043497703296
-1.16050000000007,-0.35894999999993615,0.4727677014034093,0.5535643018019343
-0.1791000000000622,0.07119999999997617,0.6516960951417516,0.6998773138296555
-0.13189999999997326,0.11217999999996664,0.7244757518405143,0.7468388667616566
-1.6360999999999422,-0.3288400000001275,0.45282686987166976,0.5578060545027075
-0.10430000000000206,-0.055289999999999395,0.44423091187750785,0.5360129538465319
0.09169999999994616,0.17732999999998356,0.7226069494229215,0.734225695507762
0.10860000000002401,-0.11063000000001466,0.6391926417876448,0.6275505268799053
-0.3660000000002128,-0.34400000000005093,0.5657716991615214,0.5722269627117305
0.34780000000000655,-0.0038000000000693035,0.6495019666989066,0.6148155085499818
0.11740000000008877,-0.08381000000008498,0.652618419838924,0.6266337873059413
-0.23419999999998709,0.20970999999997275,0.6396537950631442,0.732924058027673
-0.48059999999998126,-0.1845700000000079,0.6460533172790939,0.6767176150617837
0.8713999999999942,0.30267000000003463,0.7771503446848849,0.7528217952142535
0.07010000000013861,-0.2965199999998731,0.5714989520597458,0.5496633638940818
-0.7160000000001219,-0.5900899999999183,0.5575272881395366,0.5586827502988445
1.286200000000008,0.5001199999999244,0.9244010897034194,0.8637112055869922
-0.16140000000000043,-0.13795000000000357,0.4106799199029343,0.4162582282846605
0.7259999999999991,0.07308000000000447,0.9054477817478146,0.789878601165972
0.07230000000004111,0.041179999999940264,0.7888034001822142,0.7910873447971589
-0.052099999999995816,0.014000000000010004,0.599841990330563,0.6288100657540818
-0.7320999999999458,-0.040829999999914435,0.6035251331031111,0.6976865874905425
-0.08780000000001564,0.2290699999998651,0.750984524592857,0.7700524459407054
-0.012200000000007094,0.4270299999999452,0.7589248818155481,0.8107516504826329
0.7623999999999569,0.1976999999999407,0.8504582091574786,0.7584293197798075
0.3489000000000715,-0.009149999999976899,0.7592211431179496,0.7213844405540293
-0.2017000000000735,-0.4753600000000233,0.4607197236906835,0.41740141944435205
0.26640000000003283,0.03969999999998208,0.7876316161982588,0.7359757987632554
-0.19889999999998054,0.17493999999999232,0.7835832143987087,0.83274314818369
0.20299999999997453,0.2087299999999459,0.7626647938693942,0.7560446837703294
0.8053999999999633,0.3018099999999322,0.7541724995892451,0.6907641871314318
-0.2177000000000362,0.34427000000005137,0.6502723519223874,0.7446555814378586
0.5108999999999924,0.09159999999997126,0.6686018700538643,0.614411271428561
0.6465999999998076,0.4683899999999994,0.8174375474623519,0.8128929320335487
0.30539999999996326,0.41632000000004155,0.8108117847050345,0.8215644110948661
0.3465999999999667,0.2598399999999401,0.704503966411818,0.6989752137321448
0.0004999999999881766,-0.01792000000000371,0.5545125733699807,0.5610383815182196
0.25319999999987886,-0.8395699999998669,0.49989942560111356,0.4347444852352611
-0.061599999999998545,-0.4562900000000809,0.4895529605126958,0.45394059802721376
-0.25679999999999836,0.01677999999998292,0.4505418096344638,0.5243478682032343
1.5289999999999964,0.8923099999999522,0.7404072850919263,0.7046377948655147
-0.1706000000000074,-0.13716999999999757,0.5866617877503977,0.6014369786151219
0.9929999999999382,0.2046499999999014,0.6676343578068789,0.6276307778103174
-0.1563000000000443,-0.13360000000000127,0.5719087649702859,0.5945313721501089
0.292699999999968,0.32880999999997584,0.6750019434827115,0.6672385284484328
-0.23059999999998126,0.42845999999997275,0.6391066501611142,0.7159968541516459
0.0625,-0.2706599999999071,0.589358748929425,0.5549633061680437
-0.35340000000019245,-0.235740000000078,0.5595887157561874,0.5756225221551725
0.18659999999999854,0.09857000000010885,0.6683126249476423,0.6538541755985561
-0.2652000000000072,-0.09631000000000256,0.2822616476117146,0.42060024579828603
-0.7019999999999982,-0.1873199999999997,0.30846880511232744,0.4072187405531391
-0.2861000000000331,-0.43437999999991916,0.3847655004241446,0.37810671243636573
-0.33080000000018117,-0.7639899999999216,0.4112064936800053,0.38649757164122
-1.6216000000001713,-1.052940000000035,0.33772170927570677,0.3757464238909769
-1.3040999999999485,-0.7580799999999499,0.22074829945868402,0.2940671335816658
-1.1722999999999502,-1.0267999999998665,0.28096064561387024,0.30462526099621634
-0.5072000000000116,-0.32690999999999804,0.30698498557999443,0.3350887432002292
-0.015600000000006276,-0.3895599999999888,0.43522696217579426,0.23679127473403838
-0.5712999999999511,-0.24441999999999098,0.37880537055787755,0.4237739622954484
-0.919800000000123,-0.4360699999999724,0.3812783874325376,0.4273450466326212
-1.2380000000000564,-1.236949999999979,0.28885956336448526,0.2890036859171774
-0.5255000000000223,-0.3394800000000373,0.26474726117942105,0.3438365223969564
-1.4402999999999793,-0.929489999999987,0.3310823531529339,0.370530024582183
-1.9909000000000106,-1.2145100000000184,0.2642870209223602,0.3110409134917891
0.4113999999999578,-0.37579999999991287,0.48397159862989536,0.3964640544478426
-0.7536999999999807,-0.8826400000000376,0.325591779346146,0.30413964991489184
-1.524000000000342,-2.152480000000196,0.3947785964054873,0.38038976815284453
-1.3331000000000586,-0.7777000000000953,0.29138653745210963,0.35609510247094356
0.24929999999994834,-0.7605700000001434,0.4902507560860636,0.40583816634809367
-0.9900000000000091,-0.9706899999998768,0.3110507223897052,0.3117819442445935
-0.919800000000123,-0.6822700000000168,0.36622994848491963,0.39488808524270613
-1.1747000000000298,-1.5797600000000784,0.2928415901957804,0.24999356725841082
-3.2197000000001026,-1.7348799999999756,0.27165487671447774,0.3356800970084173
-1.2111999999999625,-0.8291600000000017,0.34112884133714605,0.3866751812461544
-1.4949000000000296,-1.584769999999935,0.23909508710207028,0.22541588227384945
-0.7423999999999751,-0.5662600000000566,0.24511291691293735,0.2807706534450283
-1.065900000000056,-1.0495599999999286,0.291837593416977,0.30504568462212944
-1.3503999999998086,-0.6370699999999943,0.33072956683757315,0.3951066528499858
-0.24080000000003565,-0.8017399999998815,0.4060715872279186,0.3656252793801773
-0.6614999999999327,-0.9653500000001713,0.35929088643644747,0.3258603793484305
-2.384399999999914,-1.6989600000001701,0.22655495067136489,0.27526570796851946
-1.2835999999999785,-1.0299100000002,0.35348833124084766,0.37074056105985687
-0.21509999999989304,-1.3138400000000274,0.4121363117432164,0.35079306507912467
-1.5563999999999396,-0.9433799999999337,0.301891378894914,0.3524711826625726
-1.0713000000000648,-1.1351800000002186,0.3134426316495409,0.3202525086651864
-2.3947999999998046,-1.3338699999999335,0.20545777865603743,0.3000701995705679
-1.493600000000015,-1.1998900000000958,0.3142382999170579,0.3327163141087386
-0.40650000000005093,-1.156349999999975,0.35547643956854724,0.28210806864019666
-1.2752000000000407,-1.4774099999999635,0.32158704686717776,0.31319403476177676
-0.5800000000000409,-0.7183700000000499,0.34035657009166,0.3307132925263856
-1.2509999999999764,-1.6953699999999117,0.36550672795516714,0.3372571305769956
-0.3408999999999196,-0.45484000000010383,0.32942806916751444,0.3098891137497395
-2.1754000000000815,-1.7290000000000418,0.2901239543812606,0.302228121869641
-1.1457000000000335,-1.7698100000000068,0.33793288816241773,0.3133261298850831
-0.3424999999999727,-0.37689000000000306,0.3415122877216348,0.338503588231176
-1.0282000000000835,-1.1194799999999532,0.2857177981416381,0.27757420071115035
-0.8154999999999291,-1.0320099999999002,0.36450682148108093,0.34277957006234594
-2.433599999999842,-2.462760000000344,0.27383600600794367,0.2810994694079527
-0.9067000000000007,-0.9177100000000564,0.3118514032401487,0.3039601851393625
-2.7366000000001804,-2.374670000000151,0.2702241802655658,0.2786517951040679
-2.144600000000082,-2.1487999999999374,0.23443374153329088,0.21485259119689015
-1.8928999999998268,-2.3051299999997354,0.321789765008651,0.2979976045079269
-0.7933000000000447,-1.170169999999871,0.3371953036092501,0.3188133439628871
-0.6440999999999804,-0.9087399999998524,0.3360066504521697,0.3192028219914711
-0.3606999999999516,-1.0624299999999494,0.41249141551087387,0.3499699301365844
-1.7095999999999094,-1.4221099999999751,0.31661333606329833,0.3472772575069616
0.04889999999999972,-0.03919999999999746,0.7574323910537917,0.15469238123837492
-0.7417000000000371,-1.1856299999999464,0.37532596573122134,0.35080143508861017
-0.3663000000001375,-0.9182399999999689,0.37033046694094907,0.3179651796985761
-1.4928999999999633,-1.2865200000001096,0.29814421503870925,0.3169276452373193
-0.27350000000001273,-0.5991300000000592,0.41795305712051256,0.3877852958698913
-1.087400000000116,-1.2691899999999805,0.3063361792313257,0.3026328079077212
-1.219000000000051,-1.0377699999999095,0.30502228598976444,0.31515061655864596
-0.6909999999998035,-1.8739700000000994,0.3769238135010733,0.32954176439410343
-0.9090000000001055,-1.244709999999941,0.3483305143105353,0.32402352986966587
-4.108499999999822,-3.829439999999977,0.23457704043179373,0.24039077095445727
-1.2785999999998694,-1.563799999999901,0.2977299996120619,0.27961598884174155
-1.060799999999972,-1.8202699999999368,0.3060166668051201,0.2528330172590021
-0.7603000000000293,-0.35021999999992204,0.3853922656215314,0.4388316734080355
-2.21569999999997,-1.6488299999998617,0.24944016079564424,0.28442028870585556
-2.199200000000019,-1.7890000000002146,0.36121793380090583,0.37642171601526275
-1.0933999999999742,-1.6613099999999577,0.267667840799346,0.21416190048368922
-0.10009999999999764,-0.4361499999999978,0.4456328490410222,0.3985310668531028
-1.379099999999653,-0.93166999999994,0.38562141831062213,0.4050592322344615
-1.1978999999998905,-1.0981400000000576,0.3810470856439263,0.38291569251591717
-3.212199999999939,-1.930509999999913,0.1694518555039659,0.2544740178998417
-0.8880000000000337,-0.6978299999999535,0.30988222804155807,0.3200746915656527
-3.0388000000000375,-2.635579999999891,0.1915386390136664,0.21662518636271777
-0.1255999999998494,-1.3531299999999646,0.3914931491974194,0.2851915651034931
-1.9173000000000684,-1.7758899999998903,0.2407398842789954,0.24909994426778326
-2.339100000000144,-3.0774300000002768,0.2851500079953384,0.2598234258362808
-3.028300000000172,-2.6222399999999197,0.19606797578008983,0.22110913368500462
-2.022699999999986,-1.9128200000000106,0.24120278593917632,0.25626807380330074
-2.7397000000000844,-2.21474000000012,0.1923520026476444,0.2269782593443015
-0.3629999999999427,-0.6366499999999178,0.3554505314380618,0.32604516668401917
-1.9090000000001055,-2.82329000000027,0.23602712845172125,0.2020137022974211
-0.30340000000001055,-0.5030300000000238,0.2621277429668556,0.1940871294937807
-1.4249999999999545,-1.8550800000000436,0.271812509072511,0.23118614050681163
-1.412499999999909,-1.0829599999999573,0.267012790616894,0.29020608714294127
-3.4600000000000364,-3.158079999999927,0.1592479905525579,0.17922854996919035
-2.087400000000116,-2.0189899999998033,0.1738157644749938,0.18645114902411386
-0.8953000000000202,-0.9256000000000313,0.27388608679339566,0.28453452715841987
-2.447700000000168,-1.6683199999999943,0.16259345815921034,0.2301446177733979
-2.9810999999999694,-2.7358099999999013,0.2225148569070745,0.23533084117994818
-1.1532999999999447,-1.7761399999999412,0.2875246059949932,0.25181799451066134
-2.1334999999999127,-1.6668999999999414,0.1872310003927069,0.23205536574306684
-1.9792999999999665,-1.5706300000001647,0.24758254772805355,0.26596444185247314
-1.4268000000001848,-1.3698500000000422,0.26211128453179633,0.2622404046896065
-0.2798000000000229,-0.8455500000000029,0.415882005650281,0.3790290644699823
-1.0914000000000215,-0.32555999999999585,0.32699726798137707,0.4063414707247581
-0.7997000000000298,-0.5423599999999169,0.264790896290501,0.288626586315921
-1.3554000000000315,-0.8521600000000262,0.16121198695502326,0.2147796886585729
-1.4070999999999003,-2.0646700000002056,0.3406786590151478,0.3145827855669303
-2.5027000000000044,-2.7302199999999175,0.27804617894673367,0.26412737079277715
-2.1024999999999636,-2.101750000000038,0.24765650713594045,0.2520700388817687
-1.5977000000000317,-1.697110000000066,0.3067983290800047,0.30465403634634125
-1.7392999999999574,-1.143429999999853,0.20436767469254047,0.2631005298289413
-2.0547999999998865,-1.4091499999999542,0.22725141215880207,0.281125229790935
-1.260499999999979,-0.5078599999999938,0.09852907119773935,0.26112098691601915
