emp_a_p5,emp_a_p95,realwa_p95,realwa_p5,realwb_mean,realwa_mean,realwb_std,realwb_cont,realwa_cont
10.0,23.0,77.35702788181298,62.20567606157161,68.56887359700943,68.85332558404224,4.676144265882343,67.82213250074079,68.09349623052402
98.0,134.0,89.31363096921652,82.6581279317124,85.4933524762325,85.83747206100043,2.0124015405096354,85.38414512851013,85.72508715816417
566.0,647.0,101.86121343775969,98.48858597065916,99.7505872872098,100.1473063012157,1.0166869933608906,99.72529074475885,100.12340075725922
3305.0,3497.0,124.82909814619512,123.06901283901549,123.44862653399203,123.94632967817842,0.5302928967047362,123.44707293000873,123.94456130679639
60.0,89.0,82.95810234877541,75.30516250121029,78.59816683399188,78.92076729574386,2.305798797617401,78.4364481666354,78.74997566128063
8.0,20.0,67.36415028367763,53.34059778477049,59.19363661256829,59.42233112891587,4.341856880983297,58.465856723516076,58.70180381941136
107.0,144.0,81.7552223648183,75.9026576011952,78.36475734623824,78.68925959866375,1.7604579282010406,78.27705968934087,78.59363098717884
144.0,186.0,83.96697450254615,78.71493433033646,80.92112684630992,81.24433842761468,1.5918610719094632,80.8506629842179,81.17674836486947
37.0,59.0,75.37225177566043,66.75971854242911,70.47939608445407,70.76380141347578,2.61014467152597,70.24958284729388,70.53274839372932
289.0,347.0,91.56021270359,87.40099813704896,89.05705474006561,89.41935582169954,1.2541255534954645,89.02113261921092,89.37972775467946
214.0,265.0,90.86402521575798,86.12588080243444,88.07141659530399,88.4241891904052,1.4351615937146327,88.00957466498151,88.36235774741242
308.0,368.0,93.23171689886931,89.12615222710244,90.75855194602453,91.11895571499582,1.2408350358432565,90.71241478155555,91.07638761572619
138.0,179.0,85.69775316264712,80.24533249590415,82.53470524532068,82.86060869546691,1.6543441962560308,82.44724127729425,82.77825289219156
238.0,291.0,89.35944227431953,84.91401168218081,86.72443165034868,87.07570701632847,1.3392487287846475,86.6837985160389,87.03170016506039
10.0,23.0,69.26115694190092,55.806347176293045,61.4591152480787,61.69511510436071,4.182591343127586,60.78575207747361,61.029661512225225
0.0,6.0,69.81764617141977,43.64484159335468,54.00002575068603,54.22281503257007,7.977744651809124,52.14330287382839,52.35160682341948
429.0,500.0,93.56317669496937,90.02406199211475,91.38550115317885,91.75351877233754,1.063805346525855,91.35395385808029,91.72116287334677
36.0,58.0,76.29269002588069,67.48318109405861,71.28518037632566,71.58238279869167,2.674085414372331,71.03643078855569,71.32186395861713
379.0,445.0,92.1945751070219,88.52750416884724,89.96122437139992,90.31922886578904,1.1077900486007488,89.92535524515132,90.28614393974654
1605.0,1740.0,113.1939761286235,110.9128316863308,111.59019760312684,112.03779354486782,0.6836749596018615,111.58524978667273,112.03225173883246
531.0,610.0,95.22180582465774,91.97415724595966,93.1878878475773,93.56610462252304,0.9759878154522098,93.1606678993787,93.53455855538921
1235.0,1353.0,109.96565920578391,107.46416803761016,108.26054487036804,108.69616332367814,0.7539057865574921,108.25252223760727,108.68629913768466
127.0,167.0,86.09933139766878,80.38859457449716,82.80454915541596,83.13342612579964,1.725837832879831,82.71278815997285,83.04386564826638
68.0,97.0,80.7974432477391,73.70171390979212,76.7503368133799,77.05623863105936,2.143053864700482,76.6074358250923,76.91405408623943
20.0,38.0,74.30866794114137,63.377065173934156,68.0769480144709,68.35835590233683,3.297489916855034,67.67407952281667,67.94493203704623
128.0,168.0,85.53190498917415,79.9003805165244,82.26845950908667,82.6029613290623,1.7076792240152157,82.1844404904387,82.51388619453118
2101.0,2255.0,113.9807115494032,111.97075385444268,112.5151486069293,112.96922852967448,0.6033699068502074,112.51120521314807,112.9635186631215
402.0,471.0,98.87214748026959,95.0253373807969,96.52504461990651,96.9046510778239,1.1588714049970454,96.48350619190391,96.86825777174927
37.0,60.0,79.68970784351787,70.67246310201682,74.58080588766555,74.88841956104962,2.7374002348071107,74.3369864474992,74.63261303539225
139.0,180.0,87.07242251792633,81.55164094968771,83.87859006718107,84.21544904518984,1.67548995757311,83.79897822182443,84.13496433645936
16.0,32.0,72.67427005404392,61.070260357028715,66.06201390320192,66.3163836161243,3.552166231192839,65.59920020594663,65.86169730019904
175.0,221.0,87.66580521074037,82.6501499119338,84.72904453769095,85.0716399950288,1.5120429877682469,84.66443090308019,85.00349228542267
922.0,1025.0,103.4800598270186,100.76090761862828,101.69002404415153,102.09499335824334,0.8161636833941653,101.67274863809253,102.07893288338076
431.0,502.0,95.11814460469138,91.5480307445011,92.911517387843,93.28709652130053,1.079817400989594,92.88161075204167,93.25481911220484
61.0,90.0,78.4325603093421,71.24848513929196,74.32929175254112,74.6349624194936,2.1686498954381213,74.18135853597651,74.47836620050649
1751.0,1891.0,109.5915065152103,107.49240135165299,108.09631839955468,108.52884754805045,0.6337205011106789,108.09107822029073,108.52444860764022
7.0,18.0,69.19319643188108,53.7269554733138,60.14637540202394,60.37721899145972,4.856011985104433,59.28003951620208,59.51734708860135
8980.0,9293.0,132.50031159720734,131.36544384637926,131.40133894013655,131.9315378351837,0.34372769852404483,131.40214283124843,131.92954538130414
244.0,298.0,87.96452447609063,83.65787063272214,85.39999814222158,85.7437221080859,1.3056898499765703,85.3483276179341,85.6906143282274
181.0,228.0,88.8186726366684,83.82089463270648,85.87488870932992,86.22632909721278,1.511273634686817,85.80621210331857,86.14965799849078
106.0,142.0,81.21888554967616,75.36672070411788,77.8417850301033,78.15598855736637,1.7632401806924702,77.74047093935995,78.05162688655396
104.0,140.0,83.82490137514672,77.72073927732706,80.31202761210211,80.64269938514619,1.839845296043878,80.21314513058601,80.535006616109
867.0,967.0,101.77541449914392,99.0185710337541,99.97059237715575,100.37393949126368,0.8291908623358731,99.95265651528189,100.35336251231523
104.0,140.0,82.88162907504943,76.87690184635015,79.42495120939495,79.74699309453135,1.823817760509242,79.32646602429396,79.64532255459925
376.0,442.0,92.29933823508873,88.59710772430353,90.04724895272183,90.40856981760825,1.1164883550582445,90.00924499955163,90.369939694764
20.0,38.0,75.31220813277446,64.36380897887352,69.05601410163369,69.34932441075276,3.3582082894904848,68.67910255243692,68.95399358501736
167.0,212.0,85.12641558447636,80.14922191596415,82.23794655561781,82.5596107072742,1.5049485354383592,82.16903164369188,82.49826466730642
97.0,133.0,81.96654925384708,75.85248106605712,78.45369943101595,78.77431814812513,1.850830335785929,78.34712772912063,78.661640826138
378.0,444.0,92.27356794897295,88.5648769164747,90.01191353146318,90.370864731423,1.1135111074505062,89.97982814975306,90.34009912488659
73.0,104.0,80.74207670680929,73.86775821581274,76.82437155115304,77.12663514051445,2.0702757558481037,76.67922199478787,76.98853073268737
180.0,227.0,85.24555490153311,80.443635134106,82.43268327910545,82.76164446946058,1.450360080662795,82.36696786397812,82.69693928084992
572.0,654.0,97.9270366888352,94.71061169751796,95.90300831178095,96.28556484259141,0.9692632317720195,95.87571336541858,96.25996841125404
18.0,36.0,75.73729837119787,64.23085790291981,69.17644238484748,69.44598915941567,3.500483096503415,68.73383229630156,69.00994067038488
243.0,297.0,90.85297083658189,86.36916559031624,88.18665031619292,88.54088951429863,1.3515705461105358,88.13995179524174,88.49145623692414
15.0,31.0,74.60001383759207,62.39856965849956,67.58891878734386,67.87656189089107,3.727639713932882,67.09695010612221,67.36556885976903
647.0,733.0,101.25432395591824,98.10669844045367,99.24993954917402,99.6499542238481,0.9494391528195075,99.23140398988787,99.62776231072745
241.0,295.0,91.27262990374813,86.74655560711606,88.6000230791191,88.95264832235183,1.3614473103359566,88.5414564554897,88.89411584951749
1464.0,1593.0,119.5837831759958,117.06231241394883,117.82689264661057,118.30402852250815,0.7558018693712945,117.82404954604306,118.2973972605705
385.0,453.0,96.26108460799385,92.43968381875969,93.92789985992353,94.31007818718689,1.1564268155104784,93.89275155874442,94.27231948875345
6073.0,6331.0,146.6896069898558,145.16163700578076,145.34394522971147,145.9213556228323,0.4640202023131763,145.3415198256118,145.91922456539393
2427.0,2591.0,121.52532866349695,119.53496249376245,120.0431518199248,120.52489897636832,0.5984879476056083,120.03448655058797,120.51835649516869
411.0,480.0,97.52254104448284,93.76787609605277,95.20721191112293,95.60021436812785,1.1292672817380747,95.1795672504373,95.56396003781356
93.0,127.0,81.67644889437952,75.44093452779349,78.10449510700923,78.4153809638548,1.881744072419343,77.99885733834975,78.31541351337872
396.0,464.0,98.04060529067237,94.1979792497506,95.68775140546944,96.07253793641101,1.1573712671282315,95.65498070307346,96.03672137566812
2669.0,2842.0,130.96857435866434,128.91437513851332,129.41733409701277,129.9358723255198,0.6173903573948203,129.41093997632322,129.9268060076041
272.0,329.0,100.9883484827095,96.26347740000335,98.16712526490365,98.55907809397365,1.4239575520746834,98.12121941827873,98.51314011814902
456.0,529.0,94.78193188367338,91.2988251156424,92.63878515043582,93.01095325381476,1.0444992374250328,92.61385230445697,92.98446286393894
60.0,88.0,77.18536424531777,70.0622383308711,73.15098873905193,73.4371107441796,2.1732712011401376,72.99067934549575,73.28203925238107
36.0,58.0,74.05632353410934,65.47636693165565,69.18899768839704,69.46489743948536,2.5991842518026065,68.94810128145605,69.22377099683312
87.0,120.0,80.28293480422691,73.96065682508853,76.66917627264156,76.98171134422613,1.9174368570774738,76.55154397609826,76.85721716672232
69.0,99.0,77.80355176938897,71.05464648147844,73.94200949502827,74.24631016873653,2.0372294703172042,73.81420903805535,74.10877302397789
473.0,547.0,94.07862895068082,90.69678740596879,91.98635928016196,92.35351271897112,1.0201300229665429,91.9576925936953,92.32538807362455
292.0,352.0,90.068875501609,85.99259559850478,87.6237491284991,87.97849586795793,1.2238772005566063,87.58099114785475,87.93105329735995
7.0,19.0,74.42166266693894,58.332025814846084,65.01734799901718,65.29415331066342,4.986581356365844,64.16079617068878,64.41865396089013
185.0,233.0,86.2036016165352,81.3969254625853,83.38493269835298,83.72196369856786,1.4552568972710835,83.32729074635073,83.66037944370275
264.0,321.0,98.6049944351926,93.90227103950055,95.81390978885673,96.18778209657691,1.4107103816239306,95.7546185164582,96.13982192422746
181.0,228.0,85.9942834999423,81.14407078675889,83.14772097028403,83.48034592412203,1.4657209052916413,83.08261715335762,83.41488596961747
7.0,19.0,69.39763158675821,54.37571770500856,60.57469686327221,60.810866717813944,4.680771660822009,59.761960590965856,60.00063224883412
41.0,65.0,84.72341285199482,75.43498185081759,79.43570040203585,79.76938486329041,2.8061462407051603,79.20658899411163,79.52360380678662
159.0,204.0,85.1054961513251,80.03507853691823,82.14275223889742,82.47585865301808,1.5324820053283132,82.07926325321816,82.40744383433777
61.0,90.0,78.42268925746318,71.23485208374704,74.33917125020133,74.64340883995742,2.174258664716438,74.1938849438527,74.49038793523319
105.0,141.0,86.45655258926874,80.23008270647843,82.87221245587644,83.21675476322575,1.8836184842875991,82.77651933327017,83.11015611695234
383.0,449.0,95.35725239021922,91.57683882748498,93.04951941787533,93.42927423553213,1.1437056878852667,93.01884488176691,93.3895571610035
108.0,144.0,84.72543297722669,78.66173403782797,81.24522522803505,81.55796882183878,1.832750937055687,81.13906266948665,81.46179628303702
87.0,120.0,83.1699037264635,76.61528673702959,79.42426894824577,79.74504068853535,1.9794038657282762,79.30326848153939,79.61863079121716
1390.0,1515.0,111.39361643636322,108.99926228992906,109.73945664108015,110.18060151169799,0.7220776663398634,109.73060894174311,110.1676129836978
83.0,116.0,81.75984985413561,75.18887529786545,78.02854027079815,78.33824683581648,1.9814674124466831,77.90390358406587,78.21425022314855
265.0,322.0,94.94474634681382,90.46851319518565,92.276048791422,92.64811355501044,1.3563796478161019,92.23489508482513,92.60814603529609
70.0,101.0,80.879683742674,73.89618458237165,76.91610697237144,77.21482551022333,2.1194086974441793,76.7771541529854,77.08207929106653
1333.0,1456.0,109.9411185612243,107.52572629631425,108.29045996810244,108.72340320351911,0.7280604156329746,108.27911896837075,108.71110520449295
274.0,331.0,93.0267743647232,88.69825445421526,90.43350854576299,90.79844484940172,1.3076072729822483,90.38864848466935,90.74902943480728
229.0,282.0,95.84253595166648,90.96682385509597,92.94041041202344,93.32216037075091,1.4670482686303208,92.88956111141916,93.26359276945158
600.0,683.0,101.19623666182505,97.9435826970192,99.14671611821801,99.5388645052058,0.9846136377538605,99.12176589352354,99.51611608839676
95.0,130.0,88.91569077040396,82.1690073540238,85.04332323260505,85.39439371317587,2.0365704252770604,84.93084760069526,85.27168850751923
581.0,663.0,96.99456169085028,93.83228047463656,95.00712316207596,95.38587598482648,0.9555867048025309,94.98398452377701,95.3635595727802
250.0,305.0,92.43844455750425,87.94455784627851,89.7686624452914,90.12662750805512,1.3545821960601194,89.71121240506456,90.07291593110888
229.0,282.0,91.8276612499598,87.16786293165097,89.06807209725254,89.42776558019648,1.3984633925047507,89.00863954732156,89.36685657202341
540.0,619.0,99.03297155931988,95.6834029018904,96.93598611077242,97.32441505969537,1.010688728567529,96.91308994530227,97.29953986126198
215.0,267.0,92.19486603904475,87.37393842237572,89.35244769931842,89.71791024094362,1.445588841411761,89.30203177018588,89.66276928120864
343.0,407.0,95.19214450609304,91.17495801733597,92.75255621552762,93.12855579624167,1.2047400427789683,92.71656588130014,93.0850344648254
163.0,208.0,87.96166258980358,82.76009825319468,84.9358942697325,85.27077647739208,1.5694318298864818,84.86287323187555,85.19983105904953
119.0,158.0,83.05765744162441,77.37621981482364,79.78108017795684,80.10661008913898,1.708437680829593,79.69058466169534,80.00934493576004
139.0,180.0,85.26874740534981,79.82781099689883,82.12753092910093,82.44633868973071,1.6405326441871775,82.03727090034411,82.36463124969045
457.0,530.0,96.92619032669606,93.36782455778759,94.73591841837722,95.10911286281187,1.070526452018643,94.70490354082833,95.0827808148183
91.0,125.0,82.28837232194424,75.96561203830001,78.67553954233304,78.97767480297766,1.9149995919614826,78.54883101079317,78.862105627874
57.0,84.0,77.96178854191002,70.5869554133361,73.77756879621616,74.07324839579752,2.2418201601419514,73.60873938411284,73.90327033644611
38.0,61.0,75.01011636112545,66.56383312920406,70.21701900735614,70.50897643004183,2.555545911629176,69.99099546116238,70.27090211083483
67.0,96.0,78.14158823215864,71.23688174615707,74.20478845765524,74.5041862354315,2.0872784867880956,74.06358332775147,74.3598777485891
250.0,305.0,88.29985056524114,84.00476495333417,85.74194709518126,86.09002116980422,1.2934295994034792,85.69995256472548,86.04306219699752
369.0,434.0,91.94414209507745,88.23296274882665,89.69591160754153,90.0549918079598,1.1232222127529996,89.66439225085837,90.0236881538209
874.0,974.0,101.92831950755269,99.19647600114929,100.13850145771654,100.54205361038882,0.8233614473585738,100.12707998378572,100.52818269489441
195.0,243.0,90.49321002788017,85.55116871959176,87.59386945145022,87.94354966638416,1.4929305415477845,87.53168003612844,87.8841662813574
768.0,862.0,102.4531892340826,99.51747633748748,100.56073557946462,100.9632614868802,0.8835702663273078,100.54177390344222,100.94310127245346
320.0,382.0,92.50532393876198,88.48961018601564,90.08618438923054,90.44117796225638,1.2120586635603579,90.04866339044179,90.41002521598945
95.0,130.0,83.55943534153732,77.21923798115283,79.93748207811498,80.24470557325516,1.9148339832700976,79.8162755834556,80.13573580295585
196.0,246.0,90.33873312503704,85.41026392884093,87.44660765874465,87.79827247075376,1.481055116541445,87.38479981104996,87.73705039234208
308.0,369.0,92.71109808790555,88.6199718738144,90.24595108495272,90.60528794647533,1.2346916008706958,90.2062077083921,90.56734157585976
665.0,753.0,101.23326793431914,98.13235512558796,99.25938161830693,99.65162862314338,0.9355814635524934,99.2411982140931,99.6379344755273
316.0,377.0,95.22973041449981,91.08922277442794,92.73988149986435,93.11455850650664,1.248118369390383,92.70075630394724,93.07057960432202
1033.0,1142.0,108.6900468226972,105.97682196412238,106.88655334884669,107.31486686560805,0.8097485201550882,106.87432922783131,107.29945620904809
312.0,373.0,97.35859201398308,93.06038915909258,94.78391463185258,95.15627775651947,1.2866576896882116,94.73696658679448,95.11433390460819
139.0,180.0,88.40442739674836,82.77366216982874,85.13713401564047,85.48285415882954,1.6986750389953755,85.05306077138702,85.39488655742626
400.0,469.0,98.97295648296168,95.09202422549421,96.59649761237391,96.98981347362586,1.1646297202839382,96.56439483956555,96.94978193268899
73.0,104.0,83.20604226405828,76.12191488562053,79.16266379155783,79.4809382505948,2.140757898528618,79.01973411496262,79.33454659584405
23.0,41.0,76.36939718077198,65.75152538565646,70.32571431984786,70.60293759906051,3.2450835850868818,69.94618063446435,70.22418049051316
101.0,137.0,83.16352407207465,77.06740641941917,79.65261907790187,79.97692361237267,1.8399987674973766,79.55068940957418,79.87040182466072
232.0,285.0,88.53612709553563,84.06378984512259,85.89342201843196,86.2370408221644,1.351552075340423,85.84395647377623,86.18742294233287
715.0,806.0,102.63485833045998,99.60487613995394,100.6843248607524,101.08661097487636,0.9195825215207923,100.66274299555188,101.06510501089677
105.0,141.0,84.08940438811393,78.00809647258684,80.59717966946323,80.90910215421985,1.8354953445556972,80.48695942808553,80.80886164515147
179.0,226.0,87.81402706305312,82.8236981114565,84.89258148505304,85.23910032025132,1.5096147456448186,84.8326259909254,85.17209491085327
186.0,234.0,86.9504321712217,82.08875090281435,84.10972935473013,84.44398105264764,1.4547416855264934,84.05260894502362,84.39007570925644
22.0,40.0,73.78693458695673,63.342079916391334,67.83619747259273,68.12963778276774,3.175223525360844,67.48975835460925,67.75901322745332
127.0,167.0,86.17207955538619,80.44969896628356,82.84669843427928,83.19686997859715,1.7221464750596411,82.76398405170896,83.0942401837045
220.0,271.0,90.98641872922387,86.28301261449559,88.21112615052078,88.56736005252161,1.416800109435439,88.15178407152843,88.50320814871314
215.0,266.0,90.52282565626402,85.8083404170685,87.73822138209056,88.09105706500206,1.4283006282039494,87.68498073395048,88.03446355337852
954.0,1058.0,105.15349889822453,102.44120386008473,103.36592464752086,103.77907705037053,0.8173010524439301,103.34954948963694,103.76263000822387
355.0,420.0,94.36747095219866,90.48685530501182,92.01430535677817,92.3847446480417,1.172297188945648,91.97836132206211,92.34708685312171
193.0,241.0,87.86968332981698,83.02751757364268,85.03025904971142,85.36847341245864,1.4523873064829695,84.97133487994384,85.3105721544501
147.0,190.0,84.68752947440224,79.43575985126027,81.64793002512832,81.97231405565391,1.586516100265219,81.56984961217206,81.8959518751333
598.0,681.0,98.61081805571571,95.42560632826647,96.59621850635482,96.98684378216699,0.9589531259368262,96.57552479816383,96.96186888654965
92.0,126.0,80.11283913219648,73.9979050333067,76.62963482991458,76.92584499459089,1.8574569314422986,76.52167734220913,76.82663569514101
115.0,153.0,83.00204709721933,77.23870998046432,79.67232945987244,79.99695997821405,1.7375865468664387,79.58127431059907,79.89957068108387
139.0,180.0,85.16561252951396,79.7297815543312,82.00332598691865,82.33696842580348,1.6372239721631807,81.92254057661455,82.24962289308219
333.0,396.0,93.86839432391429,89.88802944630073,91.46047972347635,91.8253228693844,1.2017917153074997,91.42044702886861,91.78713580574176
206.0,256.0,88.2523354139244,83.56763122389292,85.49979848825252,85.84171638061106,1.417516916456439,85.44233377621019,85.78392630999652
174.0,220.0,86.32173271430318,81.36653558722058,83.43592157543401,83.76352066497485,1.4966615559824148,83.37067168066174,83.7019498704489
231.0,284.0,90.02196463095441,85.48069963926875,87.32691004043564,87.6808310673093,1.370527356886745,87.27365768686064,87.61930096128513
142.0,184.0,85.53529823346265,80.1371274609075,82.40007173493755,82.73519360257485,1.6283209374004504,82.32176786093586,82.64897040532338
10.0,24.0,71.52945908030267,57.97174861917116,63.65879211506877,63.92319269711308,4.164893455235591,63.02260206965093,63.27333451222774
66.0,95.0,81.04740718942722,73.82360845479009,76.93772896134716,77.241954147059,2.1869828942020697,76.76999975466639,77.07535667921773
69.0,99.0,82.00279055729169,74.87804647661324,77.94299650837789,78.25284189916299,2.1462123666123016,77.79882123967123,78.10796322242427
21.0,39.0,75.01498942495598,64.22379312060528,68.84938060807724,69.12765789882278,3.287888943383779,68.47002988989803,68.74149483998951
104.0,140.0,85.60521044424928,79.3784131952881,82.03458025220176,82.35875264008097,1.8805539385073797,81.92333518434896,82.24616378456514
1199.0,1316.0,110.60365518455504,108.04475376377074,108.87428970663932,109.30573616174468,0.7677011191971059,108.86851698428791,109.30035497077462
37.0,60.0,77.15653408583603,68.4017843259032,72.21335144979808,72.4894146407638,2.653021780738676,71.96411304003601,72.25000288403098
59.0,87.0,78.9765471894824,71.65842813465353,74.80548163725952,75.10607656279153,2.2162944068852193,74.63740125139564,74.934084220338
300.0,360.0,92.36049560277026,88.2357268113243,89.88598275690804,90.24004615521491,1.2454895467823264,89.84642859034398,90.20440878179727
2213.0,2370.0,116.18265580795236,114.19098517722479,114.72123456449111,115.17712840343218,0.5996847354964007,114.71916846210598,115.1753633533811
250.0,305.0,89.08195090070338,84.75477277580048,86.50819678294737,86.84675092032155,1.3044322422445123,86.45474123134913,86.79976182494067
19.0,35.0,71.19755845924416,60.42440020293614,65.00706558186326,65.28824592165148,3.277598674577294,64.61582110812563,64.87350565782953
62.0,91.0,77.95945394832891,70.86086719240284,73.91174638626408,74.21913040826725,2.1562137311092555,73.76452125412625,74.05854646832331
272.0,329.0,89.82639060825396,85.62183819306259,87.31220681235375,87.66262638856678,1.2654498387801876,87.26672416812468,87.61490263723559
128.0,168.0,84.12875653666732,78.55655712925487,80.92410070378268,81.23883031381067,1.6791301496423914,80.83802611542185,81.15961960980107
1353.0,1477.0,108.55008527384057,106.19660900462068,106.93458654675607,107.3584181248689,0.7120982747509003,106.9246776967682,107.3495517328763
193.0,241.0,88.40413180169028,83.55221503011941,85.55206963407815,85.89270271748263,1.4678293539262388,85.48804488450176,85.82751830983977
47.0,72.0,77.79669824111966,69.76791461948507,73.23514854016264,73.52801491857234,2.434241995579265,73.0396590614521,73.33014147915326
1246.0,1364.0,110.64040456307767,108.13637819362044,108.93493962670286,109.36588932617317,0.7543904313350933,108.92320691310601,109.35669197999938
283.0,341.0,92.22159450233819,87.99582513216558,89.69965844160676,90.05235613999442,1.2774048270820055,89.65746627087462,90.0142752334024
52.0,78.0,77.1337193151543,69.53139725272737,72.82361186488167,73.1128659053086,2.3014811223121536,72.64787876448166,72.93735984730505
264.0,321.0,91.43576158679049,87.08231446485368,88.83979497923184,89.19891733731808,1.3085627582964372,88.79602204608504,89.14940080095133
463.0,536.0,98.19903901802752,94.63056193438132,95.9984411707624,96.37804351440778,1.0776242827458955,95.97179756903226,96.35460747260652
139.0,180.0,87.11778001075577,81.56315825547978,83.89837180776091,84.22885256421925,1.6791473197071114,83.81296466902131,84.14586261201464
144.0,187.0,86.30894690925089,80.92957746981197,83.17689954012603,83.51651249060055,1.629387436326464,83.0942200954924,83.42638341989348
34.0,56.0,75.89320387335557,66.9160336413954,70.7669351947107,71.0755653496603,2.71109021157775,70.5318478220841,70.81339785471131
108.0,144.0,82.70434457877369,76.79119613237518,79.30810288098125,79.62160953833619,1.7850296321537809,79.20675739169992,79.52168193088154
51.0,77.0,78.49577320542575,70.661913864302,74.03930485602554,74.35977382569838,2.359599383087592,73.86966704526417,74.16576442128297
439.0,510.0,95.38094977090003,91.82147190623004,93.19554462608762,93.55967802538466,1.0715163894916209,93.16206178826464,93.53266567983927
23.0,41.0,73.0296598776473,62.79863694612144,67.20564167705955,67.48359767574487,3.101575471002858,66.87184338631798,67.13871209307048
152.0,195.0,86.52082172930764,81.22527870865213,83.4440480077087,83.77401773645356,1.5948332382478203,83.36965934718182,83.70083649382413
567.0,649.0,99.97442988686292,96.66445373914087,97.89453408466473,98.28670831384372,0.9960773548072992,97.87027068800052,98.25953616898633
183.0,230.0,89.02394468898031,84.00592699385423,86.09643178174703,86.43263402684543,1.5161222420768143,86.03309119689163,86.37497491656814
234.0,287.0,89.45646309973898,84.97269112407301,86.79560853066914,87.14744577630096,1.3508674591210912,86.7520989338026,87.09807339231428
109.0,147.0,85.10341185111527,79.06010379499442,81.63119038032619,81.95592106453823,1.8246114596755139,81.52577482604936,81.8495269003151
415.0,484.0,94.29214960901206,90.68653127467437,92.07146340168258,92.44915365476776,1.088530970977253,92.04379580823678,92.41108559580505
179.0,226.0,89.63595972305768,84.54658472097802,86.67160599964362,87.02012536089934,1.5363079334620404,86.60697221271633,86.95137304569528
95.0,130.0,82.02418147833455,75.85115515272678,78.49841007316992,78.80385586263539,1.8734623040218663,78.3910524874754,78.70316576148788
1658.0,1794.0,114.02641132817692,111.77471317101501,112.44426990532338,112.88994059242451,0.6770033547406104,112.43576357261176,112.8833311005982
1046.0,1154.0,106.21114183916248,103.59890759063654,104.4670861879782,104.8853512922921,0.7896469547378104,104.4534736803615,104.86982541689117
151.0,194.0,88.30152426875497,82.89294598848248,85.15466787231628,85.49898464338361,1.6336580594039494,85.07599199142447,85.4165134510327
684.0,772.0,100.90143211911348,97.86135481317345,98.95615819745339,99.35566201134823,0.9206033615222015,98.93594884898499,99.33051376326759
545.0,624.0,99.97045498115199,96.60784831504316,97.86775388300337,98.24977206455168,1.0159585771701172,97.8429599941489,98.23472981927256
330.0,393.0,94.9852893760158,90.9425918129627,92.53139701689486,92.90545615144536,1.2250116715255113,92.49142233505846,92.86160684221848
68.0,98.0,79.9325432588114,72.95594152110938,75.952794843632,76.26620091463042,2.1058357600276416,75.8181135314274,76.12062890543812
83.0,116.0,81.81565054593707,75.28445205041595,78.0897212155292,78.39643088482984,1.9926852837468798,77.95816628209424,78.2690483334274
567.0,649.0,99.40829362162793,96.11954251177345,97.34409225020727,97.72903598421587,0.9913507775022754,97.31695603793449,97.70458222152496
215.0,266.0,90.58843930186993,85.86583181537166,87.80339731759751,88.15574719680112,1.4267759797626751,87.74598024731658,88.09542181921519
193.0,241.0,90.98396302666927,85.99793047962042,88.04433075833163,88.40845226944715,1.5036310925978156,87.98447677561487,88.33963905413395
87.0,120.0,86.16589497010567,79.37309148735078,82.2947904153435,82.61497306385942,2.058148386484227,82.17221480313414,82.50295281694342
0.0,5.0,59.58909112096744,39.11893745115729,49.07569887839582,49.26520751755289,6.778579212006006,48.60547690910888,48.80020270701326
397.0,465.0,96.0508988197752,92.28637292023035,93.75254489308632,94.12835096752185,1.136438836279263,93.71947232401533,94.09244755969203
364.0,429.0,96.2666274067496,92.34843722237261,93.8879901483422,94.26404901482249,1.1877969888923297,93.85007509521502,94.22344714799463
97.0,132.0,84.64809499465578,78.28819410109767,80.99786225399413,81.33016420261924,1.9189977987635594,80.89152745273022,81.21328513083083
456.0,529.0,98.74571217250042,95.12346569060733,96.51599570625622,96.89944704239342,1.0929123015213755,96.48787274379686,96.87198817296886
3496.0,3694.0,131.94272417119726,130.13040543413297,130.5111457787395,131.02888642692554,0.5475460374977965,130.50756488865935,131.02771437846766
372.0,438.0,96.51354932379125,92.58747738820456,94.11938965547425,94.50034424560256,1.1772062906603307,94.08500137762309,94.45964977225194
4492.0,4716.0,129.69497635438026,128.1179031662432,128.3909450811442,128.90317502680563,0.4730965959819909,128.39059119879758,128.90100066594542
1081.0,1192.0,109.54863099161179,106.87416596648309,107.76290737072712,108.19382651729799,0.8062393744771845,107.74987094180742,108.17884876693432
271.0,328.0,92.84303688866744,88.49657260121248,90.25215847240835,90.61182557308335,1.313618114931872,90.20873179499822,90.56687874682326
486.0,562.0,98.1857291319722,94.69607320498595,96.02218226506714,96.40252877380054,1.0554856078607529,95.99211184904212,96.37467737253023
96.0,131.0,86.6659652694675,80.12391993107344,82.90810956947305,83.24141709038796,1.9785280160836871,82.78244113911772,83.1131030135853
434.0,505.0,101.50473356847198,97.69124543042338,99.152154604329,99.54725317133526,1.151550056909484,99.12211826517772,99.51787909478085
360.0,425.0,99.8068860701394,95.705882286768,97.31701292978029,97.70421593175695,1.236736607866841,97.27825279551946,97.66507708756161
4403.0,4623.0,129.76850626490562,128.18093766754455,128.460617408218,128.97081254245262,0.47884846927051,128.45962044264834,128.96941687718802
245.0,300.0,96.49764942172281,91.76235999127175,93.67649660559535,94.06022724451543,1.4286168941300161,93.63026733839023,94.00309344354832
451.0,524.0,97.84073067851324,94.2549990538943,95.63216515700886,96.01754676840112,1.086617629329787,95.60491451232294,95.98773171577058
331.0,394.0,99.52937534331808,95.28012582445511,96.96837584750108,97.35634238520097,1.2801271269838663,96.9268251557893,97.31387124011242
60.0,89.0,82.79661431459199,75.1935517801777,78.48226755098558,78.79088489308629,2.3159730924731736,78.31403443441904,78.62703706935874
302.0,362.0,101.00267997453852,96.48671586460858,98.29552277987916,98.68184311848997,1.3596598154508184,98.23992738572313,98.6300874040854
1101.0,1212.0,115.31759920078551,112.56680927603347,113.47027249018342,113.92292749473009,0.8359599753046605,113.4567989903987,113.91055165129843
1044.0,1153.0,111.14723464787019,108.39879555436434,109.3197969069954,109.7511990408634,0.826465207523899,109.30732774488183,109.74105270292384
146.0,189.0,88.35986102162704,82.8579560527283,85.14767298606489,85.49445301900778,1.6588171798551805,85.07274457172126,85.40991807272957
126.0,166.0,86.29531101657446,80.53931255294725,82.97642590646731,83.30738050604789,1.73296849413206,82.89722333483584,83.22613651334292
24.0,42.0,74.40730048950196,64.18891780086719,68.57299964703799,68.84605782547763,3.1054922513546654,68.24168911891866,68.51279411120453
96.0,131.0,82.90550619869222,76.64382650139456,79.31549275793316,79.62720334574361,1.892409184849498,79.19802453496266,79.51268101377617
215.0,266.0,95.92831771393438,90.9332604853898,92.98865762342838,93.35007673684314,1.5190447896039485,92.92448575482618,93.29375355072193
428.0,499.0,105.64533406585521,101.62581340535398,103.18448265822755,103.58973804646078,1.2058568118384048,103.15387316445732,103.56465349411674
232.0,285.0,90.22082882580024,85.68403678347782,87.5406002424008,87.88560224240229,1.3730014767050625,87.48120414709311,87.82876341911154
242.0,297.0,89.92759033888485,85.48260553999532,87.28869516297968,87.64070671783936,1.3363104391985317,87.23737349078617,87.58384741973617
354.0,419.0,94.90362126738066,90.9706993616341,92.50950013625007,92.88937487751615,1.1801972989544243,92.48296324298684,92.84985085916645
333.0,396.0,93.56089909947104,89.56615773165944,91.16250040061543,91.51959579219101,1.196645725355699,91.12468135558098,91.48596363120072
580.0,662.0,98.68161764781378,95.45089337009364,96.65613892451223,97.03697581830222,0.9714853596914363,96.63241475057768,97.01599932788146
656.0,743.0,100.50241676037737,97.40790884557488,98.5287098871389,98.92080531937441,0.9344058006185681,98.51127625802738,98.90211845297375
425.0,496.0,99.00424281659261,95.23245968523156,96.69637983457521,97.0720091138455,1.1256354910941697,96.6607325396441,97.04358832762028
169.0,214.0,93.4467259720758,87.9904735492286,90.26838265978098,90.62565693915992,1.6518560058354907,90.19873030297464,90.55734826284103
76.0,107.0,80.74849361654975,73.94957786391343,76.85509634856194,77.16742490602537,2.034109918113597,76.73222158442863,77.03663595389209
198.0,246.0,96.55275531318993,91.30482989456708,93.46398742168756,93.83843796380948,1.5821301645688326,93.40073798111311,93.77199265600906
128.0,168.0,85.20975116041258,79.5658799113089,81.92908654632014,82.26980617758095,1.6981643649773692,81.8485892150066,82.17326264297094
661.0,748.0,103.20821226529016,100.03039729681244,101.19399862005655,101.59221768221387,0.9578256861878336,101.1690272801297,101.56922350583632
112.0,150.0,86.02259813238005,80.02410405719337,82.58442533954266,82.90621531436032,1.8247881848644958,82.48989994506398,82.81606252205555
165.0,210.0,95.01241921416748,89.39291434044658,91.74361951252509,92.10857988757326,1.690536932072588,91.66990339858785,92.03402621901081
99.0,135.0,85.76870028942164,79.40853079151952,82.12961541459578,82.4469492103593,1.9255530425467338,82.02284142009903,82.3467693936554
399.0,467.0,103.97230018185151,99.90944059848717,101.49865249992065,101.89736424701762,1.231467904644619,101.46150142238791,101.86409240655051
230.0,283.0,92.7192622801481,88.02172073911879,89.93264784574724,90.29421101972372,1.4126913578041964,89.88121861881292,90.2367171983328
168.0,213.0,88.41640886991688,83.26727263914417,85.40907373728275,85.75087096653151,1.5595521969607131,85.34406944483717,85.68190424971483
790.0,885.0,110.99154056749963,107.86329764956292,108.97563539109174,109.40770512664771,0.9449271788475846,108.95853719093562,109.39192709590522
27.0,47.0,76.25268364842523,66.34251274875658,70.61948181215628,70.89703139558603,3.0174014629822015,70.31086003616345,70.59065114806187
161.0,206.0,90.96378983660743,85.54857280078795,87.81560090139259,88.16823054682726,1.6410600267780062,87.73767252342347,88.08510721928889
151.0,194.0,84.00925764196117,78.83385667208715,80.99285810545842,81.33093932196289,1.552017562415358,80.92699548854746,81.24936642769268
283.0,341.0,92.69183451466932,88.42156237280957,90.14492455952688,90.5001054748321,1.2829760140585544,90.10018069463683,90.4582675019622
375.0,441.0,91.62178879316605,87.94089626093991,89.38859778350393,89.73801070765089,1.1087678441207247,89.34929499304057,89.70577867335922
110.0,148.0,81.72892582773312,75.94262715276689,78.40102953029803,78.71341069473425,1.7524004622869933,78.31179302166707,78.62370137797522
131.0,171.0,85.55325613066915,79.94321594099593,82.31343602442797,82.6390440659161,1.6911149733661004,82.21881760756268,82.54518408634561
160.0,205.0,85.86415915191705,80.73969354088378,82.88852068849876,83.20388969720145,1.5498771753206932,82.80949384668565,83.13875047602852
30.0,51.0,73.95673141095888,64.86530298256591,68.78545993119062,69.06041689672581,2.776309896521763,68.51559369402577,68.78817746714412
47.0,72.0,76.32056139839541,68.4815123491517,71.8872439800914,72.17235239434854,2.3697090624205983,71.70281106775343,71.9881741318744
152.0,195.0,88.9713328193038,83.5170720702133,85.80926232541233,86.1398492741245,1.6432562184842359,85.72290945500124,86.06218936945733
279.0,337.0,91.75163007749586,87.51614537933438,89.23208980417407,89.5826071801836,1.278927454429714,89.18097488924472,89.53592021761787
73.0,104.0,79.77622979946781,72.9838182367453,75.89933486675622,76.20299693005023,2.0536514612879593,75.76758815778629,76.06915755806912
24.0,43.0,75.38489361129298,65.21933138905705,69.60870736597553,69.87569402997465,3.108309118201619,69.2610126826681,69.53497376548448
72.0,103.0,80.45634743893928,73.5700023648485,76.51783962372642,76.83029733433472,2.085391296643871,76.38079741342341,76.6842110495565
60.0,89.0,80.1650499285331,72.76855701630534,75.93534959256164,76.26142836519145,2.2347759401227933,75.78906808670074,76.08912712367399
106.0,142.0,83.9237291969398,77.83646939963994,80.44593480464474,80.75434728026687,1.8242554525183203,80.336269653333,80.6549720764678
89.0,123.0,82.3015644713893,75.93044495521805,78.66111029711988,78.97991929705535,1.9343244311701453,78.54633463027827,78.85783287921187
399.0,467.0,96.07691220603563,92.30544590660801,93.78321907721207,94.15014293584962,1.1333382993072676,93.75174660516667,94.12380718438855
20.0,38.0,73.65281153750992,62.881368443397506,67.48762689736382,67.78848460328733,3.283368719937078,67.12079341815915,67.38680856715105
43.0,68.0,77.45645895740074,69.22067140695107,72.7966008199625,73.06871704041654,2.509586373577795,72.57773941975758,72.86524848719321
1747.0,1887.0,111.44089757018452,109.29356620182065,109.9173284774469,110.35111702996132,0.6454905406217222,109.90873868716412,110.3460111406915
438.0,509.0,97.73219012976575,94.07077796522212,95.47580323777042,95.86121852125865,1.1068757247721666,95.44884517307915,95.82662963807908
109.0,146.0,81.96727538911745,76.10999248638969,78.61410016529311,78.92244017978733,1.7603927729961282,78.51914317987683,78.83234330259927
10.0,23.0,72.61202061932055,58.421355053714045,64.36749938421453,64.63153643978634,4.382348393694332,63.6805335338039,63.93242215568034
49.0,74.0,75.69231016104803,68.07751872899433,71.38124279504673,71.66381414624755,2.3226724124852964,71.19247995507475,71.47648896807029
380.0,447.0,94.12547939012049,90.37487994557519,91.84570438193559,92.21544907186411,1.1398132378251606,91.81177516799013,92.17716543025966
149.0,192.0,85.9784616155621,80.67025167597873,82.90777483070622,83.22383525606647,1.5978999098983304,82.82279368866739,83.15224566230043
405.0,473.0,99.28307325206895,95.43947513939318,96.93727691784531,97.31926784340024,1.1638777887020482,96.90652751561785,97.28965470860206
667.0,755.0,100.00655227600657,96.94598004444555,98.0609506731784,98.44699172472855,0.9224261835016749,98.03227347486992,98.42253022333742
9.0,21.0,72.70324876764678,58.103848307097,64.23902775603727,64.4978456747029,4.528574303350698,63.49560367560497,63.7463851784303
244.0,299.0,90.57465526783204,86.11448436942024,87.93212697603698,88.27770315696812,1.3368818793677264,87.88291646780264,88.23215356907336
46.0,71.0,78.96214260560957,70.77439879717201,74.32498780039941,74.62098729253819,2.4843204151630625,74.13310433089869,74.42628370462252
463.0,537.0,98.41558535554405,94.84008622762252,96.20320440887755,96.58452187295701,1.077938337604557,96.17313534882288,96.5548711653468
70.0,101.0,81.33013888910835,74.2962931535355,77.33587826419578,77.63748738380706,2.1245217041960456,77.19071432575151,77.49632818986278
164.0,209.0,87.44170848870098,82.2769044538768,84.41543573104683,84.76258029132083,1.568032404481273,84.35052754725116,84.68559386893882
151.0,194.0,88.4187856639519,82.9803688160735,85.25579725903283,85.598288080967,1.6398752796702982,85.17848531136515,85.51551144600305
446.0,519.0,95.70386674505878,92.1579271866761,93.53147964491136,93.89883235699642,1.0632856651270453,93.50372162502255,93.87569384836154
41.0,65.0,78.26529193960184,69.72675645480165,73.44461848421408,73.72603886842819,2.594028261942838,73.20450689264125,73.49397584862918
1596.0,1729.0,113.64851929769648,111.3744072643623,112.04691770674484,112.4935705411503,0.6841680512392739,112.03881879228395,112.4846742764026
68.0,97.0,83.06811388190177,75.7627880263413,78.92118476173836,79.22865700495042,2.2069821548729798,78.76967127824285,79.08052016735587
1449.0,1577.0,108.5902929594811,106.30263584262946,106.99978156480975,107.4254752914191,0.6908141149623855,106.99155908566286,107.41732997094073
421.0,492.0,93.65183928878122,90.08259120890368,91.46197876175472,91.82951667899404,1.0674222374387954,91.42995567987133,91.79348666351692
724.0,816.0,100.01502312922752,97.06264417906401,98.13101706619662,98.51961535607994,0.8874909603299521,98.11117831775043,98.50178263686459
15.0,31.0,70.38800010112638,58.91065634436706,63.80406703130127,64.06964957816407,3.5171907013682446,63.34528820321766,63.59733413506114
172.0,218.0,86.64158949167518,81.6342114070448,83.71342869838104,84.04785542067424,1.5074184725545925,83.64845346472265,83.9820070277461
185.0,232.0,86.61606454701075,81.77701462126818,83.78767912447638,84.11773101865552,1.460869531641352,83.72675899310624,84.06039987205307
34.0,56.0,79.70138493317953,70.22230127995331,74.32479446178344,74.61895656459019,2.8482179855147898,74.05853183796775,74.3505347331085
51.0,77.0,77.15205833196478,69.452348833539,72.77541274420112,73.06212306507774,2.3294590336811143,72.59229311200723,72.88160281878196
44.0,68.0,76.38446586035697,68.30807784052894,71.80427144816962,72.0925395246238,2.463335817074206,71.5993651764628,71.88424859005418
98.0,134.0,85.52632124821244,79.17929443594274,81.87908672995593,82.21162968696176,1.9206955361932498,81.7735157482494,82.09673491190442
46.0,71.0,76.75549668888509,68.79380669196107,72.24255818650789,72.52642348383965,2.409976731581475,72.04356891370803,72.3311512991822
202.0,252.0,89.03124233028501,84.25510034181286,86.22454893967327,86.56738189162951,1.4413443996905304,86.17072769580942,86.51362315701464
31.0,52.0,77.08250639062523,67.69480586170478,71.77567311275791,72.04114354013176,2.85892791862629,71.49276506333254,71.7755527269079
207.0,257.0,89.46717516114313,84.7250803070209,86.68193935620641,87.02547848313816,1.4309250206239423,86.62042863719391,86.96599613040675
206.0,256.0,88.32049792846848,83.62040710760797,85.56038300434172,85.90076924877167,1.42030216891892,85.50676413317572,85.84758100573247
141.0,182.0,84.89672758154248,79.5364235825583,81.78811441892623,82.1087913945511,1.617147124719169,81.70911620320126,82.03431336786751
342.0,405.0,97.45967998168001,93.35132377158953,94.98003597901162,95.35588872696472,1.238665598122378,94.94129471995107,95.3175668945442
60.0,89.0,78.528557550083,71.29917936220367,74.4115884308051,74.71268504311541,2.191662213876083,74.25533416149956,74.55089412353085
385.0,451.0,99.32833211261266,95.39937621557374,96.92908622157087,97.31223736023578,1.1899477898643291,96.8939002736552,97.27713526998015
193.0,241.0,88.1753216940818,83.33410566910611,85.32878329998859,85.67640961673045,1.4609303240546414,85.27569814763858,85.6147657287342
887.0,987.0,107.3735090764673,104.50323685498242,105.5084562636313,105.91947449509844,0.8627258947685292,105.48802623880341,105.90558204923147
10425.0,10764.0,139.46149163225653,138.34353524749153,138.34973511775294,138.89945340409744,0.3367076858425628,138.35018667145735,138.90134023483924
369.0,434.0,98.00237478660883,94.0452436741993,95.60912679455032,95.98404723402344,1.1998168406071827,95.57645225662984,95.95443219523618
72.0,103.0,80.79314140776646,73.86870053106384,76.84771564955611,77.15357299543975,2.083773228958517,76.70976983305763,77.01443225778874
132.0,173.0,90.02088166207376,84.13293621880369,86.62367384520535,86.96059477757744,1.780226276117212,86.5431674287941,86.88464450693304
327.0,389.0,94.38942884777035,90.34228351490226,91.95886106177474,92.32658368790298,1.21939421624118,91.9199044315662,92.28495548939651
100.0,136.0,88.51907775251014,81.96442395047123,84.75383277980048,85.09067882599894,1.9826188052851876,84.64163250699704,84.97600677706302
78.0,110.0,86.51573531604457,79.38349269683947,82.42812342050398,82.77053199454228,2.1487615997633704,82.29627659893086,82.62092136284461
171.0,216.0,87.60066816610623,82.51928479675712,84.6325799976354,84.97557097250294,1.5285557222258868,84.56553069636992,84.90127872452467
89.0,123.0,82.50325265381609,76.10857970436712,78.83940646291735,79.1455614852026,1.9388317649634474,78.70913719134187,79.02123727021208
143.0,185.0,90.0695443654375,84.39117750365213,86.78236600725081,87.12344492074685,1.7155976388732406,86.6972892592343,87.03954327564622
823.0,920.0,103.60740932264025,100.74254822075603,101.74639322894406,102.15215016417075,0.863746034056009,101.72678988748027,102.13173385825083
278.0,335.0,94.76730183444154,90.37045382504427,92.15676792927545,92.51486958243044,1.325187966001046,92.10855798761328,92.47271068581823
134.0,175.0,88.66321842188404,82.91773677144619,85.3346048598688,85.6811550421232,1.7287469931974375,85.25227789061356,85.59076105957158
27.0,47.0,77.6968398454854,67.55076316900731,71.90689077203086,72.20780300127737,3.0770928390176984,71.59033616829697,71.87309251769186
30.0,51.0,79.03010184656175,69.28621029949085,73.51323394856483,73.78065160281082,2.982709505131835,73.19922565372947,73.48887118529814
99.0,135.0,87.60495273731026,81.08061374530413,83.8853292782818,84.2078300789104,1.9670193514951437,83.76855465935641,84.09958500196394
0.0,3.0,50.035035145116645,35.22496844734018,43.40883888431108,43.54740468818448,4.880653254922417,46.95962535909238,47.144857802461324
87.0,121.0,86.36018150799421,79.57705197193285,82.4710150251165,82.80759022170955,2.0473514019475623,82.34771182747996,82.67423254383498
58.0,85.0,82.53654514406246,74.7447193221744,78.10443915204775,78.4205491179849,2.36007790890762,77.92723314185663,78.2364376038847
79.0,111.0,83.80906381497499,76.94751268434818,79.89150499594737,80.20786334656584,2.0774793932494267,79.75029548074062,80.06679273435753
48.0,73.0,81.35593034058178,73.0480070937556,76.62288163203408,76.94543195989102,2.5111847027252896,76.4233208257443,76.72642914328064
253.0,308.0,100.50379619067328,95.6253529299403,97.61322580355292,97.99501422698158,1.473280175425596,97.55255676032455,97.93874372148198
87.0,120.0,85.15003928310523,78.46371363291128,81.316431371439,81.64597595916719,2.03015719818311,81.19684975765159,81.51801650451961
128.0,168.0,87.64636933947357,81.84791979222366,84.29089611602451,84.63183894903428,1.7500184618697143,84.21198115608951,84.54572254421281
3544.0,3743.0,129.4165047023586,127.6468864792832,128.01673771104313,128.52606077912324,0.532353253777859,128.01455886974261,128.5247098831942
1099.0,1212.0,109.84588368834036,107.18685431590518,108.0674426341148,108.49585287433274,0.7986792434438248,108.05585917312487,108.48545643245413
787.0,882.0,106.51184380636842,103.50136580339714,104.57652400985629,104.9886584466783,0.9101957130230194,104.55825525507716,104.97288853750115
12.0,26.0,74.58260024784404,61.239957018133495,66.89140677447482,67.17959897781992,4.104657374654859,66.30989204246674,66.57535841836417
762.0,855.0,114.43842579454319,111.1453940822081,112.3226749483591,112.7634886548262,0.989508522453965,112.30065592878228,112.74682494848807
352.0,417.0,88.38005451557244,84.7208769112869,86.15531300007186,86.5020332720172,1.0998208795956577,86.11952185631124,86.46335423017655
2984.0,3166.0,118.67968679475855,116.92639997805772,117.3330611391345,117.79630031519316,0.5304225689823667,117.32905015253687,117.79019862298507
304.0,364.0,88.06088570181417,84.16955627221525,85.7309315331807,86.06706043261364,1.178883220635096,85.6904116616855,86.03125777901394
410.0,480.0,89.77899934791651,86.32096663529533,87.6655068696816,88.00937796986915,1.0368939203955267,87.63477614234198,87.98340148649773
1117.0,1230.0,100.34673947327771,97.9416098739242,98.73207470680157,99.13091715654038,0.7213821801326802,98.72241186846004,99.11547902879019
1924.0,2071.0,109.07698634774263,107.08378089905419,107.63975880027152,108.07112000621777,0.6037362676601624,107.63715996511715,108.06635944324674
145514.0,146733.0,180.99106667352928,180.62266143869624,180.0879203580039,180.80667240763992,0.11096426738781867,180.0911644489747,180.80985307735355
41554.0,42223.0,154.3482103074943,153.7333801885154,153.42667214840412,154.03971381611953,0.18574109090108637,153.4292003177536,154.04233729669357
2362.0,2524.0,111.34009059176722,109.50302360058896,109.97166653253495,110.41187359364774,0.5554995369200568,109.96896012629578,110.40898763543736
586.0,668.0,93.49359944032112,90.44718138375448,91.5723036007268,91.93899266748447,0.9156545505585522,91.55006628150726,91.9157700319392
6642.0,6913.0,132.5233956467751,131.201988855194,131.34542702595215,131.858071696782,0.39815548423001845,131.34633520235255,131.85719773457743
781.0,875.0,102.39687851479597,99.48985331150924,100.5241709813089,100.92185792053733,0.8720715499735421,100.50991456124527,100.90505869874092
4597.0,4822.0,119.79981238449068,118.37249139932665,118.6059627946104,119.08149000941981,0.43008493412183174,118.60501847629776,119.08096422467679
4983.0,5217.0,127.3585862276644,125.89552205389833,126.13162912729807,126.62580081174141,0.4414941485787001,126.12879327527354,126.62328459302172
36.0,58.0,72.13585941754745,63.847489416980686,67.43933876599627,67.70464823381539,2.5291468532884895,67.2046301552876,67.4742751266427
278.0,336.0,87.97550212304826,83.90655261616045,85.53423344054518,85.8869575999924,1.222925813633772,85.49463785552997,85.83680357134953
26.0,46.0,74.32865831831896,64.57051053627305,68.81478381002117,69.07386925328836,2.970251298090866,68.51077120356918,68.77731963274933
1825.0,1969.0,106.82512546160686,104.81149795265117,105.3812566104833,105.8029352333469,0.603558927893626,105.37421430043246,105.79612733114489
3106.0,3291.0,112.07343487981527,110.45276867023158,110.81703221810108,111.25902487035349,0.48855122386654687,110.81305378728419,111.25618735707367
404.0,473.0,98.64268883807821,94.81182309549281,96.2987717353968,96.67268609274622,1.1499835182207174,96.26812260823905,96.64317637516189
2387.0,2549.050000000003,107.30849250715643,105.54536672379024,105.99135308548227,106.41390767553833,0.5317892631689964,105.98595750349006,106.40917730383019
67.0,96.0,80.07609436651084,73.00930885794554,76.05745804758072,76.36543970191501,2.1343860300012083,75.91144971314434,76.20722287288297
24347.0,24859.0,143.33747220258246,142.59089221004865,142.39504744826704,142.96318452031892,0.22554307032104065,142.39678585336384,142.9652792642104
20.0,38.0,76.23975119612815,65.0409371658231,69.86316326202306,70.13141266999085,3.4053797358472817,69.44201804592983,69.7120171061237
637.0,722.0,92.7758487680538,89.88647399169005,90.93891880423877,91.3088647507133,0.8751513667964613,90.92139539665992,91.28350950682054
793.0,888.0,95.47446521602899,92.7919851767259,93.73436715760867,94.1070791834221,0.8073265944461318,93.71583130746743,94.09033935872316
567.0,647.0,92.61568549322502,89.56940763419695,90.69420687492054,91.06145102630418,0.9202034598957617,90.67269349691918,91.03542609834649
32.0,54.0,77.8106908711693,68.39602959847119,72.46033754337031,72.76157746784457,2.8453390004824013,72.20595668620201,72.48662765216028
426.0,496.0,91.13110765431303,87.70214063764936,89.03090898731583,89.38231023741905,1.0372790897622952,88.9985092669231,89.35440121533553
98.0,133.0,86.60388985055465,80.1416989103904,82.88748196313277,83.22704007710495,1.9531326073171789,82.79217168498744,83.11299601044499
46.0,71.0,76.04947408740522,68.21827688355985,71.61565367691475,71.89860845057511,2.3792759256728293,71.42676203433093,71.71233663678332
484.0,559.0,93.77399148207978,90.44184678828805,91.71752681314969,92.07622868177354,1.0052892206692225,91.69002473299824,92.05682484070356
79.0,111.0,84.9431049714964,77.97834245264062,80.9817772571494,81.29356780369612,2.099991499758582,80.85090958549065,81.16323231841355
331.0,394.0,92.7338659495759,88.78710880492231,90.34611940578341,90.7154507395012,1.1902968614160236,90.31063263458522,90.67259631176465
165.0,210.0,89.92429707722788,84.57849051940815,86.8213932477149,87.15491848250034,1.5969486290330719,86.74951445296513,87.0849399715169
65.0,94.0,81.88301581985674,74.53728785648269,77.70681275504325,78.01661459126585,2.217659235734277,77.55206854124991,77.85196700005685
3200.0,3389.0,129.09895496578702,127.24939803368379,127.6522944611634,128.16295445632616,0.558460152802871,127.64754346644303,128.157460025693
128.0,168.0,85.73348246968231,80.06947264958629,82.46630992348561,82.78808395908248,1.7101600704388022,82.37690719492609,82.69579293355979
178.0,224.0,92.29523304061024,87.0436855589706,89.21411126881222,89.57520950400688,1.584645187274021,89.15110229358893,89.49555227514968
136.0,177.0,87.73154210481258,82.07926481040496,84.45756813246544,84.78535695869057,1.7090894119900815,84.37494685090012,84.70074348115068
696.0,786.0,100.42043100689774,97.40873892508507,98.50173627629113,98.88164473118175,0.9050978005175041,98.48493617060534,98.86460271061195
1009.0,1116.0,106.35214181468095,103.68395678215461,104.58531398860573,105.00032711401487,0.8042022434808035,104.57099999016593,104.98927134283342
310.0,370.0,91.18128402875027,87.17946029725245,88.78810949661262,89.13315525542951,1.207836558608853,88.75107446743732,89.09372766651592
649.0,735.0,99.14186685673823,96.07314751861658,97.20881372046597,97.58397879463408,0.9256724511406483,97.19198780260383,97.56737455743954
364.0,429.0,91.49422266469533,87.76122392746574,89.23157806268249,89.58541000048287,1.123025033300476,89.19791656589376,89.5554558468444
383.0,450.0,93.45213181408047,89.73043372347917,91.20529390160416,91.55407907527581,1.1239377217399464,91.17351439947166,91.52737311869637
313.0,374.0,89.67362126043768,85.7686823245683,87.30780564799119,87.66669178730983,1.185176547399049,87.27749036826509,87.62711295955205
384.0,451.0,93.87778549505944,90.14477227671485,91.6133828903634,91.96632024073313,1.1223247803968122,91.57904541483688,91.9355743702839
297.0,357.0,89.26722015223427,85.2713484823386,86.8790159515747,87.22321176898168,1.2054429852332837,86.83484559812582,87.18240071791726
478.0,553.0,95.38138717435454,91.96394648736462,93.27730693930641,93.63989944497979,1.0329877235411893,93.24626333376365,93.61004990573107
1714.0,1852.0,105.79695522305626,103.75655416390364,104.34431665532666,104.76611499422185,0.6199607263459361,104.33737760051997,104.7559130291082
106.0,142.0,81.84751830326339,75.9451768444235,78.4767498350319,78.77899602428913,1.7780480351403014,78.37218780391564,78.6779562321574
212.0,262.0,83.9507556574529,79.54828124650979,81.35607288384553,81.6792523404412,1.330316773096621,81.2999371735771,81.6243811067245
18.0,34.0,69.65197500740169,58.94333806240486,63.55008639857536,63.7918745731818,3.2814883510103963,63.14192283547967,63.38903218390137
106.0,142.0,79.54306921221158,73.85064957819516,76.27141979306515,76.57416242945146,1.7312163453725486,76.18125496301982,76.47932110511522
392.0,460.0,90.74265943607679,87.18290334635319,88.57143224652981,88.9250764456185,1.0751417005848007,88.53703954677178,88.89183978743137
294.0,354.0,89.14446067757966,85.12153875498647,86.74724615290341,87.07932948650554,1.2067966524160074,86.70557402695545,87.0453274647123
974.0,1079.0,101.57840874693463,99.00550083489037,99.86930202755494,100.27064434530087,0.778943175593661,99.85746636225156,100.25769706478367
245.0,299.0,87.89198628007512,83.58286293978541,85.33749837186437,85.66757824045789,1.2991537496281007,85.28812136466927,85.62252811532248
135.0,176.0,82.02164953365578,76.75070010237863,78.97137324509926,79.27893481023682,1.5925518525837874,78.88270515627275,79.19329083225115
458.0,531.0,94.14083779262491,90.68885284358912,92.02062500795238,92.37959956746687,1.0386461809789944,91.99127195638984,92.35308135882008
1588.0,1721.0,106.74711782101511,104.60836599172829,105.25431827181596,105.66621475984638,0.6497456996394274,105.24588492354201,105.66049641691788
54.0,81.0,78.55244025251153,70.92299858819398,74.21773908315656,74.51133671333731,2.3103619706910736,74.04656549479854,74.34329241794532
219.0,271.0,88.0582062943706,83.49350847975887,85.37086733786002,85.70528478198804,1.3731165148506015,85.31635365359392,85.6509929022848
195.0,243.0,86.14612708223953,81.4478301674776,83.38343586322675,83.71797241833099,1.411244356075373,83.32145704287932,83.64856129410859
50.0,76.0,76.62476034235121,68.95914288494478,72.29229731471177,72.56103701323191,2.34013451255528,72.0978714290579,72.38057900870436
258.0,313.0,90.095477856475,85.7886440371006,87.54417571049716,87.88724004017728,1.3073635890900686,87.49753582415097,87.83966073820191
123.0,163.0,82.78501354322795,77.22118677895077,79.5844007912948,79.89640416904574,1.6817783036051828,79.49782251564922,79.80979397830933
143.0,185.0,84.59619688050975,79.2719689498467,81.50930161979116,81.83340144747343,1.6044846719046348,81.43282319004796,81.75147919764169
132.0,173.0,83.61230203600928,78.18339525323009,80.48128231948853,80.79499704705863,1.6369322267271709,80.39489300098757,80.70985306699075
914.0,1017.0,100.2455628066344,97.61850517848605,98.51268100696679,98.90420969074547,0.7978917959941971,98.50030512135592,98.88924066272034
558.0,639.0,96.64126393563681,93.41602818303909,94.62991683833695,94.99860794325066,0.9677501999327776,94.61025948761386,94.98066386649715
776.0,871.0,100.12404155696667,97.2702021626088,98.28611962040961,98.66952118410062,0.8612662071438113,98.26871876088127,98.6521131964962
555.0,635.0,97.61008546373672,94.34374724228148,95.56599851752009,95.94198031531354,0.9831859611240492,95.54048709993158,95.91321272707825
281.0,339.0,91.51270765121266,87.29818205956056,88.99357264708448,89.34137307650495,1.268929248540181,88.9488283175725,89.29562320792455
468.0,542.0,93.75006806131786,90.3467551761406,91.64398760801127,92.0115599142864,1.023069155436661,91.6217109659446,91.98261810973062
275.0,332.0,88.79055359295388,84.66231206404974,86.31837843943735,86.66054385976418,1.2422971041131978,86.2749613427095,86.61418239337118
6844.0,7119.0,131.1716865880445,129.87900137584515,130.01167632794767,130.52129751396663,0.38863333429122177,130.01159303374047,130.52082317163686
53.0,80.0,77.42732280684127,69.86556716866394,73.11916672125786,73.40584945074124,2.2940939692577413,72.93986208291669,73.22411519648287
661.0,748.0,96.16088090790804,93.22425723931578,94.28163458235396,94.66451049337375,0.8888563709732262,94.27060570464255,94.6452285114982
1894.0,2040.0,109.2328457152773,107.21867704516444,107.79192323254455,108.21425794034533,0.6072092307558392,107.78732524394535,108.20909353502654
3186.0,3374.0,116.6848661485475,115.01649176915917,115.38474453121168,115.84650008550081,0.5028528002370296,115.38050162009668,115.8395035947178
975.0,1081.0,102.77303615499349,100.15671238936568,101.04238054002475,101.4398002357133,0.7909300860323912,101.02995804896118,101.42367950321622
1723.0,1863.0,106.21085419576988,104.14713985791994,104.75214176906896,105.1702902433451,0.6166683230751221,104.74374305315249,105.16043366830853
123.0,163.0,82.40425894589252,76.84799052556947,79.20361143564742,79.5212613959844,1.6712356505787918,79.11966269333477,79.42929279334496
360.0,425.0,93.40397357854036,89.55270984411932,91.07029892321013,91.42506998021669,1.1542970857398933,91.03236435763706,91.3870939608629
660.0,748.0,94.80501256981107,91.90223015134217,92.95540048198824,93.32403172493788,0.8755711645026395,92.9340720901604,93.3035989376804
73.0,104.0,79.20652648658013,72.49022882439702,75.36702947244756,75.67333830366483,2.03053883984103,75.23794285700143,75.53052622989078
823.0,920.0,95.79253368459266,93.1509558638559,94.07672768022742,94.45072914924859,0.7967093698986768,94.06488922362666,94.43881237338941
332.0,395.0,86.52187257167883,82.84023317215164,84.3049863098856,84.6394748339843,1.1089108659136293,84.2707852439184,84.60556516790082
272.0,329.0,90.42913310015004,86.20472402866254,87.91248551808992,88.25455841885658,1.2777287326495212,87.86567452846833,88.20782793833605
399.0,467.0,90.0435926293527,86.53575082301404,87.90358590425633,88.25075795438808,1.0556911856718145,87.87527585928689,88.22356561378443
139.0,181.0,85.59214832050519,80.13938182235812,82.44458703505477,82.75728553979982,1.6490875020097577,82.36250589060064,82.6809752818801
455.0,528.0,92.30599319550221,88.93464627599727,90.22635439655564,90.58439917627307,1.0163427182857694,90.20219249503357,90.55933661497271
519.0,597.0,98.22554644453854,94.83508560152907,96.12452754898563,96.49407769007466,1.0228008499560366,96.09936225726037,96.47183675800447
130.0,170.0,81.89419288555946,76.53765632744913,78.7989739829498,79.10841214872772,1.6292523427457617,78.71669880885959,79.02923624161086
444.0,516.0,95.78861930888371,92.24200472091611,93.6079195061621,93.97213283178758,1.0723224749502167,93.57943543552916,93.9420372638098
635.0,720.0,95.6485190568285,92.67305874712817,93.75879650817674,94.13049171213346,0.9018932517144782,93.73670887615286,94.10896897226849
392.0,460.0,94.27688188206307,90.57177838616933,92.01643395493164,92.3798560298786,1.1184795155176877,91.99320123680818,92.34776233813825
480.0,555.0,92.77882560697428,89.4666410929652,90.72878829147045,91.09285603486332,0.9994281518509496,90.70389014848485,91.06495058473209
170.0,215.0,87.8499940454955,82.74649869704666,84.87004628941,85.20440840068679,1.5415668152802398,84.80461655512269,85.13030336850066
302.0,362.0,88.95271739653832,84.98916426917337,86.5840175928345,86.91996356879514,1.1885425481181893,86.53988969460481,86.8829554427917
251.0,306.0,90.60177214643366,86.21049496781372,88.00283671340796,88.34365494391928,1.3263035423176743,87.95574728631226,88.2938283541085
446.0,519.0,92.60819347725112,89.1640913275777,90.49404943195866,90.84897115274785,1.0337097327055864,90.4646154006606,90.82253406661484
541.0,620.0,95.40902259004754,92.18713886448825,93.39750926127128,93.76831878212431,0.9752690898696087,93.37110595687751,93.73979066741965
16.0,32.0,70.93552381417014,59.5574770156821,64.4349132233451,64.68813169175543,3.4643768684141625,63.99221297804576,64.24560704083899
97.0,132.0,84.3398288218456,78.02356088058973,80.74251029821261,81.03766657529252,1.9180581779564407,80.62758517276214,80.93774835971483
331.0,394.0,90.90148115094168,87.01799905304634,88.5521726334316,88.90879360971063,1.1663988658475475,88.51961205033496,88.87143956152526
143.0,185.0,86.99922120990747,81.53027799504207,83.8445717194018,84.16326137907224,1.6520781841611252,83.76900635380844,84.09290908906085
421.0,491.0,91.95790042800365,88.46336992140672,89.8207651856523,90.17600818860825,1.056380703151446,89.79166724471662,90.14977041054436
2372.0,2535.0,117.55356393755793,115.60348652383333,116.12594092717369,116.57227850518031,0.585149740143975,116.11969578330256,116.56401278298155
3862.0,4068.0,118.87446010526298,117.33134983551699,117.62940327492923,118.0974312662966,0.46493413273545137,117.62760005516357,118.09626236447149
249.0,304.0,87.38968135297631,83.1540510826257,84.88171305996943,85.22012139752421,1.28434037294375,84.84037261908122,85.17752386778903
637.0,722.0,95.8884417294061,92.91179242125713,94.00954869976998,94.38082842122253,0.8989599748789824,93.99140793460316,94.36423488063619
824.0,921.0,97.29211555481105,94.60243671923546,95.54694168435603,95.92024383733221,0.8081596144246783,95.52910230024145,95.90817882333006
1216.0,1334.0,106.53159385184995,104.09624112792059,104.89413377156839,105.29877674111553,0.7336613156426479,104.88282458474414,105.28652737843629
566.0,647.0,92.36576865023689,89.32365478286779,90.45843504671141,90.81486684600195,0.9196928969271955,90.43677730471032,90.79625798512336
259.0,314.0,90.59666087262451,86.27898000792996,88.03734386745677,88.37677844565745,1.304184351711991,87.9911077192064,88.32998189898564
347.0,410.0,88.47695091987471,84.81761959281454,86.25557151784875,86.60405784819426,1.1099429902254125,86.22407294216184,86.56686601119449
42.0,66.0,81.73427811819664,72.91557563622287,76.74373287505982,77.04069187912852,2.6842320539927966,76.51287151674649,76.80517470428956
565.0,645.0,95.15794704026132,92.02567355692878,93.19048438737653,93.56140976587113,0.9488518371232281,93.16473534839696,93.53427592645261
10.0,24.0,71.065435815817,57.597915020432296,63.284578411429116,63.52643905828873,4.1396264410212495,62.63930987617233,62.88052852156771
294.0,353.0,88.409508973109,84.43261972317653,86.02997956114586,86.37108627889778,1.198849000446854,85.99196744585316,86.33468282418505
0.0,6.0,69.51882539518735,43.43218238415311,53.76504136187857,53.94481389372372,7.881026408212456,51.89267250903346,52.091864373152454
509.0,586.0,93.85878355045261,90.58915954076667,91.8176423046722,92.18940612414251,0.9847666622277417,91.79204355448336,92.15729446599471
149.0,192.0,87.38890040302155,81.99672349290418,84.26864031574816,84.59393045730098,1.6269182361139864,84.19343028125249,84.51743648709584
103.0,139.0,80.70759234830987,74.83359851190072,77.35202756758522,77.64666661394236,1.7705110959403674,77.2473690442807,77.55430770964513
155.0,198.0,87.55281649812933,82.24475153868526,84.45492825380933,84.79206844112173,1.5991833378149707,84.38267730063444,84.70772919467976
36.0,58.0,77.50900267346285,68.53679577515638,72.42533339680016,72.70358566065055,2.7202677930628596,72.17406575260443,72.45133156133515
14.0,30.0,69.68342236452305,58.04255810257273,62.98799879702766,63.25512289730904,3.565444790812985,62.515595922527005,62.76093661715134
130.0,170.0,85.77165418288781,80.12651997345188,82.53518524095871,82.84910528370368,1.702580654124416,82.4439925561588,82.7618041661894
0.0,3.0,43.978943562806876,31.67663004413852,38.844593489650016,38.91709857429282,4.221528568740503,42.09476148325127,42.26113270717632
418.0,488.0,94.93741398021776,91.30877314522354,92.71222912974947,93.0802570747577,1.0896084866354832,92.68525023255548,93.04449855948359
139.0,180.0,79.48327074164014,74.45471135449941,76.57082721974687,76.8739769207624,1.5213131962713842,76.49971554232121,76.80578471184639
93.0,128.0,82.28143699079469,75.99621360483565,78.69039464612958,78.99791141302158,1.8995306951320985,78.57801532369696,78.8823305756851
265.0,321.0,84.8319444709163,80.82288084757124,82.42939413607014,82.77410850925602,1.2048508197386079,82.39512210575684,82.72587019902923
152.0,195.0,85.56201755937668,80.33708436839655,82.52522689786109,82.84323204532004,1.581583507148376,82.45500826745736,82.77577222870434
227.0,279.0,85.62609471988573,81.28543463430807,83.07513254603788,83.39453007360099,1.3158280021061555,83.01415086252811,83.34848572819043
11.0,25.0,71.15917048693844,58.06624828345447,63.6155592038424,63.86253914061509,4.02404323372755,63.00872732476706,63.25273165677167
54.0,81.0,75.29440331318405,68.04815974387893,71.16054986842805,71.44972307490814,2.193219726611504,70.9934159948138,71.2781168269521
38.0,61.0,75.98848688942634,67.43303451048028,71.13919462491474,71.41258755286884,2.587500745434823,70.90532781490832,71.18086230844868
40.0,64.0,74.35626346194023,66.1917274945235,69.7192455108906,70.0009768062239,2.473955123200654,69.50346874689902,69.78443736096007
110.0,148.0,83.18553422066805,77.30432764052009,79.80922193607262,80.11736694836102,1.76670803929226,79.70648467425093,80.01634273199805
789.0,885.0,101.42060331154097,98.55314943449474,99.57362952164053,99.9683417407088,0.862895430247797,99.55673735501918,99.94519504038334
1106.0,1218.0,105.85708371926007,103.31678952028032,104.14646350837894,104.57236913622843,0.7634078636038332,104.13642058455662,104.56054700034669
733.0,824.0,100.2808703356632,97.36820436942801,98.40986625086263,98.79574483862426,0.8850378537447275,98.39371235838496,98.77779735907795
237.0,290.0,87.83153019322367,83.46154445167367,85.23756389077205,85.58013556609643,1.3205417713167733,85.1843423392862,85.53122042313834
1918.0,2065.0,113.1152587294099,111.02625124765753,111.62751124161244,112.05963259688035,0.6293159836869451,111.61858281084498,112.05409164409035
408.0,477.0,91.359166204009,87.84435285836605,89.20207386307756,89.55888438516689,1.0624355808232882,89.16799124067782,89.52944353153353
469.0,543.0,97.32878793596014,93.80958067375393,95.15949037188705,95.54074827052948,1.0610700996750713,95.13782142148246,95.50762860928619
224.0,276.0,83.79717577667894,79.53243686322817,81.27637922903996,81.59659050795426,1.288309334055311,81.22327606327082,81.55203124312355
494.0,570.0,98.69845257016637,95.20231532096132,96.54420304308717,96.91890437361323,1.0530710086577557,96.51570331556533,96.88991179699366
317.0,379.0,86.93661495454467,83.14180454623792,84.6596055007539,84.99629023579378,1.1398806872801712,84.61837718696786,84.95848205086531
331.0,393.0,95.23194580714943,91.15232796276011,92.79270271104144,93.15136877651409,1.2289295058293104,92.7552905812159,93.11391305861349
172.0,218.0,82.38577219368673,77.64134621578549,79.61115057038428,79.93116916580509,1.4261561472225077,79.54354838198233,79.8635855639055
28.0,48.0,75.45147413688066,65.7708928350086,69.96408097454278,70.22436599828542,2.962914962928239,69.65743983187922,69.92676281949507
1356.0,1480.0,104.15527664802508,101.89907897746956,102.6019712109,103.00947550585693,0.6816728562299239,102.59154710291901,103.0009004756912
19.0,37.0,73.34971055610454,62.48203340337625,67.16579071133356,67.4195417358501,3.3431601386617213,66.75057864923426,67.00852286505034
300.0,360.0,88.11550555616206,84.18905912339254,85.76217391719284,86.10012863310016,1.1841560799357096,85.71791605459005,86.05884699441981
132.0,172.0,85.58239707118354,79.9890975678044,82.36656213435488,82.68429372062572,1.6932601170550128,82.27674466489884,82.59435659644086
120.0,158.0,79.59459644182829,74.17119241646759,76.47256851270542,76.77872632502914,1.6378212884746937,76.38243423898008,76.68542485225905
82.0,115.0,81.35321378394573,74.75436564772397,77.5792366573137,77.89320400126263,1.9884249265045773,77.45731957363782,77.75831652030875
181.0,228.0,87.16539977543336,82.2517440781437,84.29251040812852,84.62841756761313,1.4849842540593183,84.23155108926778,84.55968532233044
448.0,521.0,94.72216267872136,91.2266065808643,92.5672255808959,92.93710239352271,1.0533399467766318,92.53688927549936,92.90826739216826
471.0,545.0,95.41208080418109,91.96993451916782,93.28437932705073,93.64888406262506,1.041160537591547,93.25847617068644,93.62254459762461
711.0,802.0,96.3797190824694,93.51901246920997,94.54609014239468,94.92227469547238,0.8627597928541236,94.52823639203216,94.90276876274238
294.9499999999998,354.0,90.30306205349174,86.24531565860218,87.87592064231094,88.21964954792259,1.2274335191251713,87.83543373948186,88.1786896151182
246.0,301.0,86.0396135998914,81.82854035960223,83.53881432427343,83.87540771980096,1.2635797593422116,83.4972307398158,83.82834167840251
272.0,329.0,90.16235214412971,85.95633692085542,87.66252617777384,88.00227580007426,1.2699703650794418,87.61989002875733,87.9625974970243
49.0,75.0,73.29210347548026,65.881146673124,69.08031188301179,69.35372933486892,2.236730608824461,68.89211133088132,69.16551649100339
1323.0,1446.0,107.62238553513562,105.2409332867583,105.99965378637107,106.41550050299634,0.7127304675322381,105.98932830893203,106.40446190425247
95.0,130.0,77.43982724855579,71.57315855343968,74.07237604644452,74.36732177998789,1.7637873102143586,73.96965014519985,74.26352611094612
753.0,846.0,99.55444779292338,96.69568555632348,97.72358341916657,98.10367173290767,0.8635273444063088,97.70564179627422,98.08963046407176
21.0,39.0,68.95121239782613,59.12098312911809,63.340122049190626,63.59456305226934,3.0022803577355415,62.99065441865164,63.24213651037494
418.0,488.0,93.87131852643957,90.28295728371361,91.67056586354067,92.03473486063555,1.083710924796759,91.64480574213742,92.00501418075169
335.0,398.0,91.74713955636507,87.8567234053932,89.40795232129491,89.76240788237743,1.1704016785454532,89.37352664766235,89.72518313207176
1596.0,1730.0,110.24060388707962,108.0336800503468,108.69701706630705,109.12207512122508,0.6667445712409993,108.68826270442652,109.11674843910177
204.0,254.0,82.68887135552323,78.30065351927081,80.10849260854974,80.43010615913606,1.3283479011920252,80.05202805066871,80.37233521985043
1287.0,1408.0,106.82345418331886,104.43365291227546,105.19340253439397,105.61323083532345,0.7196471785691907,105.18550248972107,105.60087491075552
36.0,59.0,71.68019024214229,63.474883687344445,66.99912701588934,67.28133268200865,2.48841488021098,66.77983574687012,67.04931265131238
1121.0,1234.0,105.92612442575866,103.39807447228007,104.2328768759372,104.64292238986486,0.7616195535162444,104.22174903582628,104.63217912009114
163.0,208.0,82.35468899070727,77.49614972082527,79.5290218125611,79.84141519241437,1.4679369267469133,79.45968263531032,79.78149325606647
2642.0,2813.0,117.7546910597575,115.90869292870494,116.36454407969161,116.8203233934068,0.5602100594317975,116.35654845140061,116.81404501781593
134.0,175.0,80.61981508049833,75.39448671861167,77.59007900601581,77.90113974963,1.5695247825345622,77.50979355352075,77.82436136259491
685.0,773.0,100.36809224706872,97.34927143785436,98.44051799591153,98.82896812402066,0.9180461264652725,98.4195898552779,98.80573100897773
89.0,123.0,78.82264242049665,72.70119352274983,75.31686939271879,75.61283599526885,1.8516164992899349,75.2002668125964,75.50602930819362
811.0,907.0,102.00511693985385,99.17633425543261,100.17955973647182,100.5700530554253,0.8528542033218823,100.15856655516085,100.55069485280347
748.0,841.0,100.52368395709503,97.60583237439053,98.6360662236551,99.03478675046792,0.8754085286934952,98.62657183691375,99.01240993463848
686.0,774.0,99.13826664332493,96.14758700672638,97.23646667680124,97.61246961596176,0.9006575189531792,97.21811004882768,97.59810227864489
676.0,764.0,96.9548019756391,94.01065666806923,95.06559796299115,95.45492317012726,0.8872580428505947,95.04959902228072,95.4363834971718
653.0,740.0,98.62495719348522,95.5732887902311,96.70220871900638,97.069237525228,0.9183692821413874,96.67774893466665,97.05506436145669
196.0,244.0,83.92753943635688,79.35954697929878,81.23044119847388,81.57359001854496,1.3723399420713016,81.17994732799137,81.50925766934414
447.0,520.0,94.82370645521448,91.31234854674041,92.68234123130686,93.03365333735661,1.0582263131732923,92.64582996663847,93.00649392755436
119.0,158.0,79.2402931500419,73.83825144101704,76.1072411012585,76.42373363665463,1.6249870661237082,76.02729965748381,76.33319651062808
96.0,131.0,80.3174830233572,74.25268471568717,76.84274488945915,77.14768756763256,1.8241218024779589,76.73192279463258,77.03131397025466
973.0,1079.0,97.87809305506418,95.38006962510103,96.22966589590118,96.61283015760544,0.7509181123913324,96.21518081486747,96.60092694274063
548.0,628.0,95.5286725045829,92.3050629060642,93.52093890120601,93.88758721054181,0.9687899787141391,93.49938014176921,93.86398566478259
89.0,123.0,76.89290650317963,70.92099715549519,73.47335760391914,73.76762878407374,1.7994374915535043,73.36566520413018,73.66067470065536
203.0,253.0,86.23746251005494,81.60333421038428,83.50789613275805,83.84642510101747,1.3916811417374053,83.45633759240653,83.78214740010624
60.0,89.0,75.10343861899888,68.15212057756561,71.15329187395675,71.43588987370362,2.0980831146188437,70.9992292719122,71.28743876310283
325.0,387.0,91.18665013666839,87.26713698487265,88.82482726254575,89.17934515647865,1.1831713223805476,88.78963871693394,89.13555989734826
134.0,175.0,80.50719109929307,75.33089034888614,77.5135414452725,77.81905933832118,1.5730407597864267,77.42681135152111,77.74259897878413
249.0,304.0,87.97353844880543,83.69660675817693,85.4380987136862,85.77195043647477,1.29318097889907,85.38264568450627,85.7153160067563
0.0,5.0,55.01702012268818,36.166967798700924,45.45104271864217,45.649938980849846,6.23927457511044,45.01179410058605,45.195691093842136
149.0,192.0,84.10180084624012,78.92133722818602,81.10636676874523,81.41974522275498,1.5670521541856082,81.03396627721997,81.3493084815482
278.0,336.0,87.26875781481061,83.23222591417405,84.84409188211785,85.18828252920859,1.2108823945180596,84.80263803352601,85.14932194999577
158.0,203.0,85.65044405141612,80.50786946611734,82.65891302117483,82.9868548725118,1.5500222711450835,82.59193159491707,82.91251238640493
105.0,141.0,78.2616937309536,72.61368594430954,75.00875946869897,75.32130537122447,1.7062472011350012,74.92024032396507,75.22604440069291
10.0,24.0,66.64009081782964,53.947071021839484,59.25239476562736,59.50300574924506,3.8484458098442587,58.67600210375445,58.91558018960249
234.0,287.0,88.73333777887218,84.28827850766778,86.10824312732309,86.44856019179359,1.3350179846644972,86.0640512871549,86.39822349778697
128.0,168.0,80.90861689952581,75.57876105158657,77.81816640168255,78.1357035674754,1.6079411851152878,77.73652495866658,78.05351842025128
61.0,90.0,77.6917409954883,70.55212361956767,73.63175389143089,73.92187771917017,2.157921202109888,73.4836389258948,73.77002590369003
1.0,7.0,69.8441414462878,42.61699397023215,51.73387684542379,51.94348267540287,7.447353993626777,49.7998677409482,50.00255329451829
378.0,445.0,94.30415944562236,90.51749822612787,92.01720432332884,92.3749744370503,1.1396195828580447,91.98208885001765,92.33835394900443
145.0,188.0,82.59806215692385,77.45315009925412,79.59764634036826,79.93089180379322,1.5487163696356419,79.52704127799025,79.84960411586557
352.0,417.0,93.73249780896268,89.84905467066613,91.38062554668515,91.73847676862121,1.171266596095075,91.3458127406407,91.69943585426093
138.0,179.0,81.9426548295254,76.70515787670224,78.9172991114814,79.23405671484744,1.5766810865765035,78.84008853851151,79.15765224265019
76.0,107.0,80.57147916384955,73.82881878053156,76.72973089593478,77.03031821972807,2.038049629324485,76.59982282625182,76.89574406055621
234.0,287.0,85.20876305884728,80.94957812429759,82.68359993170043,83.01546941769693,1.2852200772657831,82.63545869217664,82.96724313624111
170.0,215.0,86.22464213946485,81.19678304745682,83.29649094979737,83.6148792567697,1.519795654584304,83.22797624407119,83.54960072819169
2046.0,2198.0,109.13984624116785,107.20251434458324,107.73260824654406,108.16270409966866,0.5849705661210733,107.72498653513436,108.15695303055739
38.0,61.0,75.72304061401887,67.20280604253938,70.88560092608064,71.17816116220307,2.5803877193952256,70.66658408878484,70.93977177025887
143.0,185.0,81.70325630411669,76.5739895989702,78.72648584879467,79.04402633299826,1.5461764086588141,78.64773998957757,78.96372094885326
156.0,200.0,85.99467073972187,80.7657386163686,82.96481813531051,83.27857805593436,1.573036450479555,82.88918037571216,83.21046892478775
24.0,44.0,70.95169615444833,61.38960228600875,65.51219744231314,65.79001381683454,2.906282017554581,65.20808966357562,65.47068240995837
261.0,317.0,90.53235288513169,86.21951703254052,87.96055836040549,88.30971851655359,1.294370136437616,87.91807939284446,88.25916861468477
93.0,127.0,80.15234049446637,74.05882766701335,76.67149800783353,76.97824647110463,1.846301291692755,76.56090599951071,76.87012430159173
362.0,427.0,93.11236369623491,89.28786426758816,90.80290320983067,91.15615754401163,1.1518132609466798,90.76263233216297,91.11378677185436
139.0,181.0,84.00754894192548,78.64114090831532,80.89840389635515,81.22354535706326,1.615548610628018,80.81831287301267,81.14681526929287
258.0,313.0,92.87022562862191,88.4004962692255,90.21344947458981,90.56762762399413,1.3440639507056034,90.16947890920125,90.51705921365794
89.0,123.0,79.66194471162135,73.46950103727761,76.0907779927465,76.41967529640493,1.865909597859021,75.9882259690041,76.29778247804984
158.0,202.0,88.40612587821717,83.06347156094887,85.3347853056031,85.64058375235636,1.6076213975475606,85.25407294955608,85.58282560830754
237.0,290.0,86.89615405565499,82.57648837097058,84.31874767303952,84.67082385511115,1.3076391984501616,84.27254303840121,84.61668472808535
256.0,311.0,90.72734474025845,86.3520568449579,88.13497202116035,88.4727100219155,1.317209587006346,88.08490568178128,88.42639447683014
2860.0,3039.0,113.99213668012106,112.27018838170422,112.66783115314726,113.1273323216532,0.5179251634192247,112.66380303453887,113.12232277660466
7.0,19.0,67.0923160788078,52.534929982660884,58.50196068734535,58.73786534168772,4.480095880613036,57.72807118545505,57.963590843258906
107.0,143.0,84.56899004870077,78.50352671881836,81.08225490146614,81.40349403363228,1.828274060407624,80.9891950801277,81.3025715373427
135.0,176.0,81.90488368463848,76.61941266490024,78.84287451043396,79.1590072087593,1.5895493868650425,78.75901268783608,79.07961182768217
228.0,280.0,89.62607806567014,85.05783091987243,86.9432641698225,87.28219811494634,1.3716381701436917,86.89037378248483,87.22736718644225
55.0,82.0,75.73045418883137,68.46950197971427,71.60385595038089,71.91353081385336,2.198809096097144,71.44959156179104,71.73964595404642
594.0,677.0,99.42991083790737,96.21042905602077,97.41797075764671,97.78951050173814,0.9715026641764697,97.39263518513063,97.77029457134101
73.0,104.0,78.77117767128091,72.08175307813426,74.95816049419385,75.25865522534068,2.0273040785579393,74.82491493637283,75.12883471598732
49.0,75.0,79.11195746752207,71.07489189044455,74.54991816833697,74.82817132570078,2.432246177999588,74.36683751619115,74.65409003190202
73.0,104.0,78.34341227941752,71.67833679877327,74.54836848842372,74.84559031593557,2.0031479824920306,74.42178734788394,74.7226916177399
1170.0,1285.0,110.90089997746537,108.32028914028913,109.17593742934663,109.59522912471222,0.7836773308866051,109.16480235980633,109.58739626185516
49.0,74.0,75.08160215864514,67.49212248675167,70.76423708666684,71.05311292300425,2.3027673932937684,70.58040170129793,70.86440449874257
360.0,425.0,93.2506186611846,89.41894051288286,90.94162903660286,91.29447037217568,1.149977200939187,90.9089944599636,91.26144223107931
95.0,130.0,78.70830511699215,72.74217714600839,75.29168681038428,75.58997123483994,1.79785219430863,75.18112625493313,75.48323486554528
285.0,343.0,92.04551747822062,87.82302205783927,89.52640488726888,89.87422503070519,1.2721854849206913,89.48231026855872,89.8282554796484
185.0,233.0,84.81967887914747,80.09949190708907,82.05944161419288,82.38659786082818,1.4234542922327333,81.99291552572384,82.32191520245738
417.0,487.0,95.74805776076492,92.07823757871216,93.515140531861,93.87694521835189,1.107509917913822,93.48387560999745,93.84580934634357
218.0,269.0,85.90822194516473,81.47327156722909,83.28731535770646,83.62822671503245,1.3386746492070964,83.23995263777081,83.57409960896199
33.0,55.0,75.65796719145457,66.64884425106118,70.59239130018668,70.84003742278321,2.752530306914856,70.31831420794387,70.5900363960165
144.0,187.0,82.97393155073746,77.80321222340538,79.96755057199947,80.29527251840446,1.5649361111054312,79.89756706489979,80.21758562015067
449.0,521.0,100.81172613711784,97.09977721384548,98.53153191067626,98.91550642364435,1.1286529220110009,98.50287661277777,98.8829311387271
833.0,931.0,98.82417222063569,96.092068545995,97.0580050017504,97.44196393813053,0.8174978373432377,97.03978214998617,97.42726953853357
254.0,309.0,91.74989966803258,87.31192967252255,89.11235417283274,89.46622668601671,1.3366603823868957,89.06669648155707,89.41162126811258
710.0,801.0,98.77344657308441,95.83955187658586,96.88520361767223,97.27818488274032,0.878977036508602,96.8681707553625,97.25580047145459
564.0,645.0,101.3149818330834,97.95612350781957,99.2222305566955,99.60582970225323,1.0096316703398331,99.19948829131359,99.58376411187164
61.0,90.0,75.50696212133847,68.58008851160909,71.55084921744682,71.87096509080932,2.082756290290123,71.41655489441345,71.701931178901
102.0,138.0,79.18963852547854,73.38897021700222,75.86069327032182,76.15695657016062,1.7418170547784246,75.76586037568275,76.06939518811377
140.0,181.0,81.39416912950463,76.24920183496664,78.40486781301009,78.71658178152177,1.548498370430952,78.32412722635064,78.63868538641206
344.0,407.0,99.58388327045141,95.40450914393675,97.07043336191782,97.44302541926196,1.2588539140676573,97.02514591126251,97.4005049023803
109.0,147.0,78.15151501462938,72.64315125325088,74.99238475354348,75.28279208964558,1.6798956738625734,74.89239862404892,75.19291769134301
119.0,157.0,79.49906877780336,74.07672366882677,76.36872960265299,76.67824097897105,1.6374655675111187,76.28151147588576,76.58561776614634
96.0,131.0,77.52204419129703,71.68935821194695,74.18888373273771,74.4772312664982,1.7608824370160905,74.08472650561971,74.37952858413844
330.0,392.0,88.1957516750271,84.44752617624684,85.92848777625892,86.27206254057604,1.1347634023886786,85.89404762702985,86.2344648179126
86.0,119.0,76.96819037084583,70.87288633373265,73.46532166191687,73.76755250481872,1.838956549957438,73.36318769908085,73.65391019614684
142.0,184.0,81.83687175823904,76.67714496062499,78.85926197710535,79.16303071149389,1.554182385344599,78.78049112026173,79.09247434974242
174.0,220.0,82.4255952623318,77.6935516209582,79.66927673043159,79.97849043031927,1.4210990691256027,79.60722419534133,79.92266345126328
1033.0,1142.0,108.24714037696259,105.54989316414634,106.46799724259004,106.88002855142035,0.8105536854312498,106.45244850982137,106.86506045115622
625.0,710.0,95.13826050465724,92.145012724313,93.2402546302659,93.61312953709509,0.9037207312416481,93.22096396405912,93.59002621800447
615.0,699.0,106.3291333354136,102.93319389729577,104.20040666773085,104.59617750689976,1.0206089222991133,104.17335276461795,104.57654637521917
165.0,210.0,82.85677723392058,77.98089069803979,80.01203598752846,80.33517962545967,1.4673126487942598,79.95021558538531,80.26640610084154
24.0,43.0,80.09068431524409,69.24553871821186,73.92139378404494,74.21971468965886,3.3078641163907596,73.57089097448412,73.85549492072802
219.0,271.0,86.67559827185426,82.2052188280611,84.04841115310917,84.3725784811876,1.3458357747343153,83.99664471635396,84.32914121839015
212.0,262.0,85.6063769524562,81.13618688800176,82.96566553583342,83.29970080479434,1.3489776441162333,82.91331596247802,83.24205991965633
187.0,235.0,83.78796112983908,79.14317042429347,81.07767310703626,81.39409923546397,1.4047342790339246,81.01926559744749,81.34105238198288
121.0,160.0,93.78811367443159,87.43943938670778,90.12761034116322,90.47707791660497,1.9308464292090142,90.01773421164407,90.36588027974325
408.0,478.0,90.11775394293022,86.62661719751938,87.99146857622132,88.33664124847978,1.0504986103435907,87.95658851282482,88.30581298119625
129.0,169.0,80.19885566388201,74.94072643939194,77.15536568486661,77.46987667511782,1.5916126168777567,77.07581266571648,77.382659298432
350.0,414.0,100.20859654949166,96.03656048915352,97.69549649004422,98.07913290442269,1.2624618090579982,97.66202504936192,98.04043445696841
342.0,406.0,89.75615852695157,85.9706592060799,87.47920891450552,87.82086107412657,1.1370034866167456,87.43974128642824,87.78910239199551
206.0,256.0,94.57616847247544,89.52003890018737,91.61110222735206,91.97515484518665,1.5219154920222278,91.55259042089817,91.90757059676753
101.0,137.0,79.34129124964767,73.53366339896218,76.026017115175,76.32359207085784,1.7598854108739248,75.92425063875383,76.22703684154432
35.0,57.0,71.61632200846316,63.3043742452304,66.8973420915481,67.16509662788887,2.536036586383061,66.67212531811309,66.93728746597117
30.0,51.0,71.87505165429323,62.96278492948606,66.82343962989873,67.08011408097823,2.691580783956143,66.5598434103267,66.82477639112513
1082.0,1193.0,108.14867764407204,105.51254958802521,106.40121331947795,106.81593184848242,0.7911408084354061,106.38770781002258,106.80081450529956
251.0,306.0,85.84947289793637,81.67724336822874,83.35827671784796,83.69405759741748,1.2586718631639866,83.311690326434,83.64242037573813
168.0,213.0,88.10059099400864,82.95308537435174,85.11574899047532,85.44904456796769,1.553159790627338,85.04950173872656,85.37989574690093
157.0,201.0,80.69659274845326,75.82124056491885,77.86507811049313,78.17853808718282,1.4694145852080205,77.7999495693516,78.10851823172506
509.0,587.0,99.91245555093919,96.42011928849973,97.75221312168907,98.13429129246987,1.0518279874466692,97.72744143006831,98.1069026737763
188.0,236.0,83.08158628195329,78.48023212561704,80.38920871359008,80.70997166308469,1.3859796365837858,80.33166358874742,80.65042615474037
524.0,603.0,99.05051416812289,95.63865307681485,96.9228498563985,97.30712017827861,1.0231476191677704,96.897470131565,97.27587631590563
125.0,164.0,81.06780969331794,75.68429042482273,77.95521311907483,78.2722926488388,1.6334028090554447,77.87369084284127,78.18242544052107
96.0,131.0,83.68457759307509,77.3864990478384,80.07938278849335,80.39165405854277,1.9088188649541442,79.96215485582263,80.2735655207515
160.0,205.0,87.32481405602343,82.08978965938637,84.28649592061097,84.61383260196448,1.5819133341888625,84.20487270286768,84.53268585814706
9.0,21.0,66.5979824549428,53.35678296574175,58.96202153766426,59.18875595535919,4.145969597462683,58.29418565019779,58.52565544381403
77.0,108.0,78.19819562249185,71.6932119403732,74.47829571331799,74.79466606413106,1.9553644811016875,74.35554616851856,74.65134610339564
177.0,224.0,87.43937744216493,82.44225794282724,84.52515093309667,84.85795884050215,1.4976842549505562,84.46148759640846,84.7909436877351
316.0,378.0,91.63490234944192,87.64424045788877,89.24680239839444,89.58682253047706,1.2060359681475026,89.20337148008198,89.55204115237731
339.0,402.0,90.89891495726685,87.07358070565603,88.57813470634753,88.9403337441556,1.152999536695919,88.54259378078497,88.89548291037086
629.0,714.0,99.44955308340364,96.31751167502325,97.47322426788088,97.85274852622986,0.9427362150021142,97.4516732635782,97.83227654889913
84.0,117.0,79.23021688144786,72.89197688462683,75.60276420528572,75.90674591801654,1.9064569630807742,75.48420697115415,75.78619336835166
311.0,372.0,92.76806712422712,88.67173201716847,90.30546930087876,90.66067645354994,1.231227199159076,90.26756934235985,90.62017050448944
49.0,75.0,74.060834233551,66.57715579854289,69.82940771854076,70.10621361039833,2.258884012662681,69.6454202361878,69.92571522536102
182.0,229.0,82.921400301744,78.2678095941499,80.19442890801223,80.5194999040432,1.4085227719982,80.13562701074187,80.45943474273015
3570.0,3770.0,124.14342323228942,122.45660455181714,122.81302683657474,123.29362448032012,0.5083076088428067,122.81113061764516,123.29047175753632
489.0,565.0,90.43534028132879,87.23044835476918,88.43481494697932,88.79272684543939,0.9658478328775555,88.41225853930749,88.76864995825619
78.0,110.0,76.42056652383688,70.13387645391641,72.83016850113387,73.12114337425427,1.9011591119951252,72.71610292644326,73.00946575183288
2835.0,3012.0,120.37015508122857,118.54530911089486,118.98754051948387,119.44654227501404,0.5516426656889366,118.97972120632002,119.44296805459861
289.0,348.0,87.76371048569354,83.77643885071437,85.36592375429353,85.71852915617757,1.199298184494839,85.32411950631806,85.66767342571461
120.0,159.0,80.78363365972102,75.31926294697406,77.61929635359651,77.93313204079168,1.65433630759715,77.53160440829619,77.84532254606249
125.0,165.0,85.57023352478691,79.83151786776966,82.26994388066156,82.58490793144003,1.7263136773804317,82.1792907162382,82.49859670509134
308.0,368.0,93.45998690601573,89.34721547675535,91.00192160152801,91.36074723210155,1.2445179187924666,90.96178639565666,91.31643889632915
541.0,621.0,95.05474675871638,91.8378746290138,93.02930676466733,93.4121819943964,0.9659177586382305,93.00522105307843,93.38193759530529
24.0,42.0,70.67394859659485,61.000815326675294,65.16657805310071,65.43104936131598,2.9539387193519597,64.8400239844669,65.10181985306363
80.0,112.0,77.11553841369381,70.8465665483493,73.52965013454998,73.82995805373785,1.886223442900229,73.41348733691345,73.70826182323763
27.0,47.0,70.78728620272805,61.63271100737529,65.58291229412407,65.86051994723644,2.788059671122373,65.30949221731417,65.57148347555932
179.0,226.0,87.80412565078458,82.81551145057145,84.88748150417645,85.22749764954524,1.4983071671062314,84.82969701735792,85.15922259769326
59.0,88.0,76.34682701390736,69.25763130471405,72.31286193895896,72.61323929788644,2.141507520869842,72.1611137646277,72.45183598888319
23.0,41.0,71.14807925631189,61.243584165364545,65.50697169219909,65.77278639872861,3.0056861691453105,65.17797938005948,65.44181757976231
212.0,262.0,88.54707727149903,83.90569775859775,85.814286969883,86.15660508958658,1.4028865229754965,85.75860613813352,86.09275269208636
215.0,265.0,85.9729244636825,81.51310657397465,83.33607246720555,83.67180980509659,1.344956058554151,83.2865327519242,83.62443726581125
164.0,209.0,87.11210836248974,81.96611213754,84.12883130453962,84.45220540135361,1.5541171229763595,84.05623817248018,84.38352594764407
402.0,471.0,91.6018636608016,88.0413417241075,89.41746526826701,89.78373708788351,1.0695083422465455,89.38442425956806,89.74821620785478
36.0,58.0,75.89430810772315,67.10299208202929,70.94339108252365,71.20761773119605,2.659797443022756,70.69404600994567,70.96898356426445
447.0,519.0,92.72483432346412,89.30974287046661,90.60919561831017,90.98202620443703,1.032460937800151,90.5806350983511,90.94913084390379
151.0,194.0,86.42175536147204,81.13428862742275,83.3624365917773,83.68920645761989,1.5974400096822683,83.29770781340841,83.62211152557337
157.0,200.0,83.06547241658792,78.06319420732358,80.14830945851187,80.4709923141584,1.5100640507470444,80.07853937491606,80.40418431221798
444.0,516.0,96.70718291055856,93.11031694638704,94.49580042926904,94.87007088237978,1.0835574650718236,94.46877416855972,94.83676145077973
164.0,209.0,84.22307572684191,79.24532180005005,81.32192417333398,81.64603432367855,1.4975118728050447,81.25470120443582,81.58517683268317
105.0,141.0,82.39850458766321,76.45449248139624,78.98457287303688,79.29423468552254,1.802845303458082,78.88608916443162,79.19381277606936
139.0,180.0,82.42008598909591,77.18282070748691,79.37890312681785,79.70739387699045,1.576050657363389,79.30253749875834,79.62441438674054
382.0,450.0,93.97548122251177,90.2184147550688,91.69301035718009,92.05593745032344,1.1281705437126908,91.65578303283749,92.01355133974377
51.0,78.0,75.95493937957622,68.45503932269975,71.68695733172808,71.97743588528243,2.272725645295143,71.50620202071205,71.79673535504486
539.0,618.0,97.7124858883095,94.40607706017225,95.65174482550569,96.03031006480053,0.9980185224056068,95.6284093270633,96.00116393042966
94.0,128.0,79.37429001483433,73.379356720508,75.94884303720309,76.24408611864416,1.823590894624827,75.83429058518473,76.1420362307537
127.0,167.0,83.95957821678999,78.40158582607282,80.73791054061611,81.06407629438793,1.6792799409650099,80.66224486068474,80.97551257226203
505.0,581.0,93.364047408316,90.1031587385736,91.34167340280588,91.70446814603632,0.9822579206190212,91.31368597128375,91.68408110091383
266.0,323.0,90.82409541337834,86.52009724546187,88.27225975904828,88.61575065755218,1.2930556387885566,88.22439954572867,88.56695690884702
80.0,112.0,76.01165195961767,69.82048455528044,72.47374813206675,72.76896793300544,1.871413245297708,72.35807659524032,72.65083421946272
32.0,54.0,74.51713463629889,65.5322014191383,69.47091911020783,69.7139236855926,2.7538833797362914,69.18922356932204,69.45813041990489
96.0,131.0,81.15053203633701,75.02695022437489,77.63108462428278,77.94084777150167,1.8488205819639902,77.52443587110562,77.82633266666917
78.0,109.0,76.85177588638778,70.51439445109952,73.22900598042868,73.53501999725647,1.908753206582106,73.10953478649694,73.40659751186553
456.0,529.0,95.61346482331535,92.09513286555476,93.45030188490372,93.81211196998422,1.0580258372998648,93.42065759079483,93.78549836458888
14.0,30.0,67.93913662742908,56.597930044778096,61.39137225294415,61.677525953601766,3.4536894576125783,60.94987167830181,61.197279868815
449.0,521.0,94.77465664716412,91.27652395691743,92.63102719990506,92.98586022140584,1.0561424654808103,92.59982555703714,92.96196383587903
15.0,31.0,69.2166013054829,57.95254937762721,62.76772798497574,63.0070787700534,3.470737828301281,62.30084430338575,62.55406126022088
72.0,103.0,78.95706289494586,72.21231096344628,75.12540622654205,75.41877916527044,2.047812514629414,74.99176121351535,75.28531062673714
31.0,52.0,74.04939409979039,65.01912545737243,68.93902402572557,69.21137795325052,2.7522655970998895,68.6748091447086,68.94323232486586
18.0,34.0,70.55691664600548,59.73425571454207,64.34494863616554,64.63236481046803,3.2943628083070475,63.94484867290856,64.20541450033744
254.0,309.0,90.57912821987321,86.1936123696892,87.96865121074366,88.32275296430748,1.3242786417309773,87.9288971328761,88.27192668921984
30.0,50.0,72.04296696553136,63.02812859628872,66.90382412302118,67.19314222000912,2.732308403688879,66.65144728826071,66.92313560398064
380.0,447.0,92.89763060639055,89.18580010168235,90.6551973141786,91.00325274882965,1.1213090762252222,90.61996531357808,90.97407827107679
78.0,110.0,78.65376155389785,72.17737027482046,74.94119360763189,75.2568080568533,1.9575509960101936,74.82401351737423,75.12945726552458
401.0,469.0,93.56722473835659,89.9309713414681,91.3614644993909,91.71607640179376,1.1020286847078058,91.33007759400238,91.68719624220378
64.0,93.0,76.54842084655802,69.66779765869126,72.63723564313597,72.9305663599515,2.0733473676220426,72.49470816160637,72.79018870081761
347.0,411.0,92.2444724886442,88.39768675195869,89.91329702977134,90.27341140716341,1.1604425465895334,89.88865861979998,90.2405166463145
402.0,471.0,91.96268477837144,88.38819731935915,89.7760237485633,90.13091559126143,1.0732472329994391,89.73488831626285,90.10085194776185
98.0,134.0,81.34379369774611,75.28161418898146,77.87752219381103,78.18158319857636,1.8291381246214364,77.76812039630421,78.0722112557272
235.0,288.0,86.55376481058367,82.20949257701879,83.98053793352742,84.32413328803464,1.303913171891634,83.93140844686346,84.27416865637846
248.0,303.0,88.8094846243791,84.45066009326413,86.22337358988602,86.5636446437596,1.3099874623294578,86.17337538758113,86.50870671038274
116.0,154.0,80.62646745238392,75.06005703759182,77.4128011020217,77.73099956111355,1.6803563375587511,77.32421077414826,77.64051347942642
294.0,353.0,90.95212224599697,86.8422913122248,88.49156894240275,88.8394265269144,1.238575521574848,88.45111896552348,88.79458606525722
167.0,212.0,83.66432556310045,78.76134891538914,80.78872768680401,81.12439302606859,1.4769952722735462,80.72412907056983,81.05378117649538
788.0,883.0,101.16833308770782,98.31490819248204,99.33480449202597,99.71837022199567,0.8618391283083852,99.31624300932208,99.70290858511845
608.0,692.0,95.7772390490531,92.71065091802076,93.8330643100609,94.21782152850508,0.9218959933971886,93.81180475956045,94.1953217171419
253.0,308.0,88.27033578238145,83.99381900195486,85.7216546427466,86.06018608061636,1.285600521653358,85.672931870368,86.00657863023923
295.0,353.0,88.52415148711772,84.55656736330026,86.14648296899563,86.49320690432766,1.2043029433119958,86.10250419358981,86.45414289823319
200.0,250.0,87.0845189411306,82.4101061242394,84.34155523984799,84.67556715622094,1.4155898015161357,84.28440397033137,84.61336839511311
78.0,109.0,78.09751321745335,71.63266586613125,74.41185646644534,74.71252113498866,1.9455861310067948,74.28358031017174,74.58738678353653
317.0,379.0,91.23280818773691,87.25439663365998,88.84957321276602,89.19128466841909,1.1971918684335856,88.80943962493066,89.15637298004772
153.0,196.0,83.00306342847651,77.94306940910809,80.05821555463541,80.38410401261345,1.524993001287995,79.98420839912727,80.31006538575393
181.0,228.0,86.15470744926495,81.29826707917096,83.32662071664089,83.6503638245345,1.4706722746194822,83.25861444513123,83.58472722223144
2076.0,2228.0,109.98615633548165,108.04678960446549,108.56256558232026,109.00625690621659,0.5835213664075113,108.5567672584365,109.00106944093153
162.0,207.0,85.30289020495204,80.27722117640656,82.37488970856658,82.70444885632887,1.5324284442213356,82.31299858584394,82.6347958379299
193.0,241.0,83.96269953451889,79.3562225605963,81.24871336261057,81.5872061763356,1.384881920015719,81.2022376333419,81.53400090086767
502.0,578.0,97.08072764852558,93.69101528250992,94.98613025748884,95.35187960553925,1.0278882872438573,94.96089157906778,95.3313755342226
1897.0,2043.0,108.53575601520659,106.53176435372993,107.08801738676269,107.52125437162636,0.6056620261972738,107.07895680496662,107.51617225788529
186.0,234.0,86.50792618927943,81.66071889618702,83.66570632339293,83.99779305939734,1.4459082978353501,83.60462130548395,83.93143887737754
216.0,267.0,85.75330947675799,81.30662707328169,83.12288014130156,83.46444507541715,1.3455048576473263,83.06944438055555,83.40944740257044
388.0,456.0,92.73069418063378,89.05319412274845,90.49714281241327,90.8475294586236,1.1064246541423248,90.46343907570844,90.81696255024198
421.0,492.0,91.56802467777298,88.0917597717631,89.42815715976975,89.79446676887125,1.049435194285185,89.39907546015333,89.76558813741316
158.0,202.0,85.24870897321824,80.10755740442978,82.26453437618866,82.58707854286972,1.5505279983461857,82.1897006575895,82.51109559595305
3792.0,3998.0,124.46367884468818,122.82944094930667,123.12971293091867,123.6395254543782,0.4950754970808546,123.12374905373551,123.63312716049771
298.0,357.0,90.2429222117601,86.21330868265062,87.83942193557192,88.17784125970778,1.22023184153898,87.79333992114647,88.13765033783407
85.0,118.0,80.77652057416373,74.36823530341869,77.11914250224956,77.42404427201065,1.9397599058244708,76.99620666391625,77.29638991838489
1398.0,1524.0,107.09337928147146,104.80734738697494,105.50340340186379,105.93402868550756,0.6895700849752305,105.49101199092145,105.9244657966844
274.0,331.0,90.0861061737319,85.88152070945176,87.5913618909204,87.92487401565545,1.2664513779018436,87.5414690450873,87.88322751026719
431.0,502.0,93.83227973439354,90.2906968532391,91.64597172238257,92.01622408316454,1.0670142767026216,91.61732798680619,91.97536944104095
27.0,47.0,72.55112627829283,63.11180332640893,67.17168973620862,67.43847492404178,2.8696740389706674,66.87711306420108,67.13821424188798
246.0,300.0,87.64766915564563,83.36911769385344,85.12633234952236,85.45586866932773,1.2914217903381147,85.07708144192992,85.41074365687217
147.0,190.0,84.30990223399255,79.07804147005753,81.27742861455837,81.59765615706937,1.5742826543659172,81.20417842122754,81.522767414561
170.0,215.0,85.09399784263152,80.1580975443747,82.22331665468062,82.53624218723107,1.491670297516466,82.15465432455424,82.47681804887729
1549.0,1682.0,109.07271775882997,106.85177589505147,107.53624771983404,107.95236837159946,0.6714907144336336,107.52210962262394,107.94400489425011
115.0,153.0,82.73200477836332,76.9850675384246,79.43261727055047,79.7327830161715,1.725762461474641,79.33057971316289,79.64089306382152
189.0,237.0,88.10694933625354,83.23275991328393,85.25096462425782,85.58973520401739,1.471065242099706,85.19240569298348,85.52446991218729
219.0,270.0,89.11919303372211,84.52155250910745,86.40828456564661,86.75316518487952,1.3804223734880279,86.35538515152211,86.69346337792777
372.0,438.0,93.89813338688106,90.11437311569824,91.6017675223963,91.9597661163277,1.1422856498929215,91.56461371082396,91.92342792258829
498.0,574.0,96.23971611701347,92.85435657061657,94.13705953061954,94.50999507731505,1.0241445672691578,94.11569657028018,94.48546374575646
244.0,299.0,88.91676317660213,84.53761225222723,86.31481362933233,86.66754433686941,1.3138931605704633,86.26093232847073,86.61689622209343
1032.0,1141.0,104.38331468137673,101.79211877349978,102.66648737303406,103.06815201810099,0.7779882821668413,102.65104279623608,103.05552742620615
246.0,301.0,88.46133747722753,84.13194290709563,85.8901001193985,86.23465045388363,1.3039828533286988,85.84686481736456,86.1843965502455
1354.0,1478.0,104.36848687931811,102.09386402143095,102.79696936746484,103.21639570628777,0.6800962819996159,102.78765214443445,103.20837475217927
1129.0,1242.0,104.76691958500648,102.28244097213785,103.09784834717583,103.50705635482925,0.7511038139631807,103.08913025854423,103.49390301435032
292.0,351.0,90.63192733411154,86.52836392368152,88.17546413319263,88.52670819819322,1.233099901653867,88.14034902489325,88.48735030624
1857.0,2001.0,108.91947320270636,106.90082976665768,107.46002622604276,107.89894542190548,0.6104539117797028,107.45657869468394,107.89574495993423
562.0,642.0,96.43758787260198,93.25212367866351,94.43505026075157,94.81165559328917,0.9618228847417991,94.41754795345484,94.79036631028849
137.0,178.0,83.46496373005098,78.13763358554205,80.39937314993476,80.70307453851066,1.6207863553867339,80.31250898300196,80.62996893150155
0.0,6.0,63.80996113012045,40.10638374386119,49.478501431985784,49.70484811286393,7.217640787514845,47.842429430331485,48.03747924993618
186.0,234.0,86.22363234101681,81.44135989388018,83.42227375337114,83.75853982884517,1.4477401086190582,83.36186390988789,83.69000936647217
2250.0,2410.0,110.56924333932204,108.68159155025353,109.1678746411835,109.61776588552455,0.5639542704110189,109.1662550482372,109.61216971178004
309.0,369.0,91.20139845010748,87.17890097142985,88.78179767516615,89.13138834334647,1.2121250913069448,88.74262316844971,89.09191292110842
172.0,218.0,82.29983951548245,77.54299122152587,79.50157138004198,79.83328719407696,1.433222493882182,79.44232165449873,79.76670853333802
620.0,705.0,97.55644201477669,94.45845665205465,95.60291751787409,95.97578254869234,0.9334758446993974,95.58177755734087,95.95919895273482
274.0,332.0,86.57857728329735,82.5473439805085,84.15725235418562,84.50443923769191,1.2092469206306777,84.11793063038388,84.4620301838403
318.0,379.0,90.10220845144046,86.20348262423664,87.75568106197018,88.10192808656677,1.1769252516386433,87.71857699525737,88.06643848195559
343.0,406.0,88.45866941079613,84.75092332680995,86.20812812796562,86.55973091792775,1.1149425058148388,86.1763580731242,86.5283526788444
244.0,297.0500000000029,87.85391213311112,83.55142179622594,85.29079062923088,85.64142833566885,1.3035929300693179,85.24997897446913,85.58782762392303
366.0,432.0,90.58338359886005,86.91539528970131,88.34972519521463,88.70747140895197,1.106358596086646,88.31486275241684,88.67836407715792
93.0,128.0,79.2725148199178,73.22620611275204,75.83329202242663,76.11720594684166,1.8270672661338332,75.7153032176456,76.01575883802325
1048.0,1158.0,100.19076615048155,97.73184000679677,98.54137667289585,98.94492157665404,0.74233144791828,98.52869562571762,98.93182824678277
72.0,103.0,77.74454806236241,71.12908893482417,73.96571465424488,74.27859008814212,2.0108304477245436,73.84149644395367,74.13492922573812
190.0,238.0,83.02477788799087,78.43703286055306,80.32724214290042,80.65746926559598,1.3802134909339974,80.27045609815812,80.59927191921172
196.0,244.0,85.67107996566432,81.02115219067747,82.93459214419778,83.27081493441356,1.4043668370649933,82.87513396729658,83.2032792928303
142.0,184.0,81.21038601995724,76.09994493012783,78.23383645880742,78.56026578291959,1.5503907859441473,78.16484467608022,78.48510992030766
247.0,302.0,87.36254116076735,83.10343980015855,84.8460219763653,85.17178033449474,1.2818769236760297,84.79027870944665,85.1251631627922
1296.0,1418.0,102.97694923287506,100.69350267003514,101.40055736272971,101.81772660606045,0.6884919982037808,101.39021666515126,101.8047616289759
217.0,268.0,84.70257056580412,80.3227422720632,82.11974685979037,82.44665855561985,1.319260305885161,82.06594649056075,82.38986729828623
170.0,215.0,83.3003084285455,78.47998959449308,80.48677219331431,80.81130251177805,1.4566379409034973,80.4234596486984,80.74102532170832
25.0,45.0,70.35066644077466,60.963983124620256,65.01379601088853,65.27588829411911,2.8400153691095027,64.71893451222613,64.97450137590884
205.0,255.0,83.65328442699607,79.20447873306507,81.04560132534868,81.36799576109489,1.3366790455431772,80.98647850812847,81.31780426416113
492.0,568.0,94.56948900865059,91.22247467810668,92.4930795998615,92.86017942024961,1.0035697599243911,92.47134058032543,92.83530086564494
337.0,400.0,89.58839667311919,85.81211544675358,87.32004904555069,87.65730761429724,1.1428606739599252,87.28309477956073,87.62729672300203
234.0,287.0,84.68142211638423,80.45587970894458,82.16320910164708,82.49837193785747,1.2797089319205726,82.11435386756473,82.45055554664049
292.0,351.0,88.62571691810722,84.62555676197357,86.23215797838574,86.57539628714979,1.2067542683328278,86.19570443680765,86.53551666460439
772.0,866.0,96.11428920437692,93.37812781687545,94.33765387903435,94.72673125125011,0.8245982218631368,94.32355909234384,94.71004766338427
123.0,163.0,81.04339009600875,75.6033707002173,77.9106238619338,78.21332300435064,1.652011894117002,77.82411969044972,78.13041773207753
104.0,140.0,79.03050119985309,73.32387077552676,75.75235992092068,76.04806941052517,1.7367041733231225,75.6477804157505,75.95856345205343
61.0,90.0,76.48095191066224,69.4904840262246,72.49240319576697,72.7922101797357,2.118021065260414,72.34647519777585,72.63053270176306
137.0,178.0,83.18203392237866,77.81536160583937,80.0721689651461,80.39348098162525,1.6000187491682238,79.9967986219107,80.31087075953856
345.0,408.0,89.00773970191983,85.31180349610186,86.753192778047,87.1103636062703,1.125418909924845,86.7214697878395,87.07703251986979
205.0,255.0,85.5013404459451,80.93499767193913,82.82546686110611,83.14910786665307,1.3756390055578391,82.76968884936355,83.09541591725032
460.0,533.0,91.19168640248147,87.87178140471691,89.13018537458531,89.4948729252657,1.0026322819329216,89.10737747818987,89.47134166333618
127.0,167.0,81.16097281446416,75.78091592086926,78.06627946193123,78.36966219794573,1.6284451719511903,77.98395953811654,78.29094242874812
250.0,305.0,86.51661572622454,82.33118645914317,84.03242731761601,84.36664964300226,1.2598767485431601,83.98541856147905,84.32793671887339
1723.0,1862.0,106.66548337977035,104.61011773791233,105.19882891906857,105.62943664726393,0.6221445537485202,105.19566582747144,105.62329202014207
206.0,256.0,86.05582037239681,81.47894332857794,83.36774890231302,83.69716695843277,1.3834891988714368,83.31311777007842,83.64082060183841
365.0,431.0,89.1132527898926,85.4965409124567,86.89941694287845,87.25926985981867,1.0921386835008848,86.86854222139321,87.22352294459807
56.0,83.0,75.93421614741574,68.70100558797307,71.83796211264047,72.11020492009733,2.1925199258525896,71.66878440451335,71.9504728816134
517.0,594.0,92.59200396723466,89.41223318440419,90.5993902975041,90.97419667308458,0.9610625170609381,90.5768297544462,90.94659499284747
443.0,515.0,93.24139052301241,89.77230171107153,91.10490582048203,91.46836736908439,1.0433951382159028,91.08264429848072,91.44030570256132
1027.0,1135.0,100.64900220225826,98.14554419225529,98.97286977961924,99.37843751139324,0.7526302786672896,98.96172026326774,99.3662456364006
243.0,297.0,86.8755412162205,82.5886867052533,84.34539422441394,84.67338733624328,1.294146354938943,84.2977684088752,84.62844185692668
735.0,827.0,97.8248904091518,94.97945437192516,95.97947470726072,96.37635811856543,0.860701850618535,95.9633816892449,96.35479253442982
878.0,979.0,101.68372764277402,98.940091762743,99.89877077689398,100.2905504259445,0.8218161141258731,99.88599912471828,100.27742478695312
2004.0,2154.0,110.16628418347662,108.18383299069936,108.7208793199862,109.16224207870748,0.5977617459843425,108.71339296746066,109.15614652867842
1593.0,1727.0,108.73844610040967,106.54859702616463,107.19291794928937,107.62859055523026,0.6591931979828172,107.1806303142055,107.61864621223448
4266.0,4485.0,121.8056681306035,120.28468118982256,120.56805660687462,121.03936698500593,0.4582900679506886,120.56457916705196,121.03670941003746
135.0,176.0,83.51153617296336,78.15447106418652,80.41886184173651,80.7464274391268,1.6253025337226794,80.33805894207237,80.66531764517893
232.0,285.0,88.38098339186001,83.94564029032419,85.744503576383,86.09100516665265,1.345463650902156,85.70047870791426,86.03584215210388
2067.0,2220.0,115.10757998798553,113.06658554215183,113.61589540042114,114.07723026204376,0.6121365542365499,113.61224884970721,114.07110206674139
93.0,127.0,80.3241451144306,74.1732835120431,76.78853579202676,77.0958246114308,1.849623765917219,76.68635169473957,76.98636936179935
111.0,149.0,81.7393774623675,76.00131336431444,78.43875106343614,78.75041621523768,1.7386588795803861,78.34466798457099,78.66371332327066
1226.0,1343.0,106.3736789840662,103.94681265933598,104.73060369743482,105.14310187455068,0.7319815527143331,104.72248835427781,105.13136419587207
320.0,381.0,91.14721877543462,87.20098824849563,88.7595118853922,89.12511701343946,1.1886298135074924,88.72092062044625,89.08209892858017
46.0,71.0,75.80682502892196,67.90303901914832,71.34841367907019,71.6163326655052,2.3762249347923015,71.16004036461052,71.43773051149437
4190.0,4405.0,122.06705508124107,120.54129736431895,120.80699790057587,121.29915461958643,0.4626215953146697,120.80610095377214,121.2988089464062
279.0,336.0,89.15511582847685,85.02485547067502,86.69062410842307,87.0338472312658,1.2407505582642124,86.65347674000462,86.99226019025762
269.0,325.0,88.97044100148838,84.80778980927067,86.48329023277667,86.83123256067029,1.2586081949442725,86.43170183974556,86.78443691268265
990.0,1096.0,101.38105586525188,98.82741936968092,99.69598331980912,100.08705612811762,0.7735376545065822,99.68136484388924,100.07172274352014
363.0,428.0,89.29668043342929,85.65117052472175,87.07984839764913,87.42814132229552,1.1006743968737445,87.0445374798506,87.39905408141054
1552.0,1685.0,107.04213316196146,104.8502820289655,105.52762122764062,105.93821396237063,0.6568681464433208,105.51686569570677,105.92991247773584
443.0,514.0,93.2624133499974,89.82350746884518,91.12859050176985,91.50232974336338,1.0414955807243693,91.10162957667784,91.47286356558894
185.0,232.0,86.7091112132535,81.87245883688607,83.895613434277,84.21811308881092,1.462313586965284,83.83573097391198,84.16345465599296
588.0,671.0,95.84674850423443,92.7393861372836,93.87104337060319,94.25958963341468,0.9345024862346615,93.85195076568066,94.23602968084721
215.0,265.0,88.3144551302777,83.70753171091935,85.59988236996178,85.93771340880046,1.3868762573332192,85.54513624112133,85.87924503860448
129.0,169.0,84.26795519444565,78.71041015312446,81.05025448395052,81.36570065794409,1.6777211735229487,80.97368078866748,81.28952911798406
1123.0,1236.0,104.24117000931638,101.7587493916127,102.56457227772096,102.98505204725781,0.7470953367731825,102.55221562892298,102.97479798434405
44.0,69.0,77.33000567702662,69.1692600446784,72.69413476904998,72.98532617169492,2.4656074717039935,72.49744008259441,72.77949782044473
406.0,475.0,93.08649776995969,89.4854030949522,90.8663516962241,91.24525270331591,1.0817892863841845,90.83963409240509,91.21406480068177
78.0,109.0,80.70079341966955,74.01391919727104,76.9054254095218,77.1875487266326,2.0182754292914415,76.76383463238265,77.06239636790465
570.0,652.0,94.49598162905149,91.37912805540198,92.52946455040123,92.91104671567335,0.9381592197490815,92.50709835820534,92.88857502611664
406.0,476.0,96.71779027097895,92.94423287233539,94.40794499435965,94.779733574499,1.126776961907037,94.3778168496692,94.74366088953659
64.0,93.0,80.64600863601915,73.40259252519506,76.53711603796374,76.83757160037679,2.196029902951266,76.388587372177,76.68447039215852
328.0,390.0,88.45144493674763,84.68308780111231,86.17371042279635,86.52665897099219,1.1359616399495522,86.13685111909454,86.491251564892
590.0,672.0,101.90673214006553,98.59441943261295,99.82793442522801,100.21653346906133,0.997224504098248,99.80434996231556,100.19016054724703
418.0,487.0,91.498242965312,88.01751573197986,89.34364692523918,89.71248227667112,1.0529074917213752,89.31533848914754,89.68350538862066
19.0,37.0,74.4499448980615,63.378449556496754,68.17840983761276,68.4248135647502,3.3670858709807274,67.78556494165547,68.04797337788538
1509.0,1639.0,107.24125350335633,105.02837040619181,105.68368379792925,106.12034655735411,0.6636077540255152,105.67669956480212,106.11228667928951
125.0,165.0,85.23472417156168,79.5505098862674,81.96188677699648,82.27710558741632,1.722605909991148,81.87482175603917,82.19260303788559
381.0,447.0,89.85143714180977,86.27804831057477,87.65225466530593,88.0137346935454,1.0736033558638727,87.62723037235405,87.98824022872559
350.0,414.0,93.81669155226074,89.9140146018805,91.46563824788385,91.81764986980158,1.1728390347193158,91.42645424225776,91.78215539141841
422.0,492.0,94.71992135631685,91.11365209346532,92.52058211525585,92.88469027616554,1.089424870361091,92.49061371000698,92.8513264983479
1423.0,1549.0,106.90779671610703,104.64814670393051,105.32639782041468,105.76391158783652,0.6829080262710464,105.32066280607306,105.75505410074746
229.0,282.0,87.2391512827051,82.82387970312092,84.63743197576166,84.96667131737847,1.329968073950498,84.5822997272018,84.91293009105429
1284.0,1404.0,106.92151728431533,104.54723008956898,105.31130291106813,105.72042814757268,0.7175541268802754,105.30172625809827,105.71275868937856
147.0,190.0,84.81009325429002,79.56779454486283,81.77089687434389,82.08301975018549,1.5906203292133485,81.69040571500084,82.00922117260102
191.0,239.0,86.18558581103045,81.46695556512924,83.4290512660962,83.7491757256417,1.4320599689766542,83.36633504944238,83.6922310724688
173.0,219.0,86.99291144963193,81.9798701094749,84.06704691557545,84.39416997583248,1.5108447062134323,83.98958243052839,84.31766439824924
1398.0,1524.0,109.7512337597569,107.40879870639266,108.12066753995862,108.56903799452267,0.7045747232854734,108.1100186913743,108.55830626461211
124.0,163.0,82.93719780645085,77.39325016011712,79.73671326589483,80.05179903956773,1.681610067597246,79.64505999994617,79.95652403009476
72.0,103.0,78.3136944591352,71.64867277325621,74.48558951562862,74.80510072824393,2.0180833419827056,74.35521952100248,74.66181110842753
378.0,445.0,94.81881262238687,91.01413974693332,92.52150639707202,92.87329424764056,1.149238785853607,92.48095063491752,92.84185785284532
480.0,555.0,96.84889822189643,93.39210837430278,94.69583543944537,95.08625471686489,1.0367779320290798,94.67030263531919,95.06169400346836
520.0,598.0,99.10029903865501,95.68811204295848,96.98490161179272,97.36011465904545,1.0311014189827468,96.95883099545821,97.33651096738247
560.0,640.0,100.87648394520696,97.52675291574947,98.78040935761895,99.16738685025297,1.013681377104686,98.75824922325273,99.14197971408171
231.0,284.0,91.9186672890804,87.28588689610261,89.17595229082944,89.52212863608104,1.3990797935514387,89.12418232675532,89.47021757839852
83.0,116.0,84.10651739538754,77.35531267210598,80.2598229400793,80.56894613668099,2.047302186178742,80.12855655390446,80.43949753175764
506.0,582.0,98.32390801656824,94.88272855878685,96.19822591128614,96.57524126289125,1.035898454307099,96.16968651123322,96.54456957224424
1337.0,1460.0,107.70863579252419,105.34992801033067,106.0948543663973,106.51150819990707,0.7109808083333398,106.08568829358234,106.50057878668211
1474.0,1603.0,110.87791977634213,108.55720327416606,109.27536152079783,109.70142512995024,0.6996147932232649,109.26664213166968,109.69331538467993
147.0,189.0,86.69012863093316,81.30212271063452,83.58297611773399,83.90449444279226,1.6207014793337722,83.51532103860745,83.84162724491665
56.0,83.0,79.08140741779431,71.56806991937998,74.78939011224004,75.1053326354351,2.2846216566905597,74.62626738227509,74.91745544926957
450.0,523.0,97.6421953576963,94.02237037877265,95.41902562959334,95.79276429812286,1.0861687746986548,95.38669223836165,95.75927888899969
38.0,61.0,77.49931732096326,68.77484175229903,72.55536992908107,72.84304413765688,2.633331331269807,72.31674998988515,72.59883493010801
587.0,669.0,106.6084358070968,103.11815714710853,104.41532071705234,104.82676580356147,1.0490138820540864,104.39443602911722,104.79992691096261
159.0,204.0,89.76399394812277,84.37181367406221,86.64308644949227,86.97637323827041,1.6231624809831868,86.56565264686861,86.9021547040205
604.0,688.0,103.62660004701736,100.30132747204743,101.54125168932133,101.93843601184264,1.0067040431375098,101.51976322285337,101.91342647811507
51.0,77.0,80.8992028311634,72.83260092939466,76.33914739769557,76.62918964093578,2.450242449636306,76.13913447430507,76.43393823132632
204.0,254.0,94.68823624502237,89.61858213252228,91.71322923818643,92.06881943165968,1.529163993954175,91.64567241431854,92.00110092803963
216.0,267.0,91.41306598004418,86.65959830608638,88.62260406307689,88.95824491107285,1.43567767806162,88.56015691850668,88.90297633048596
10.0,24.0,70.87101304115411,57.45485513935697,63.0743275825985,63.34899809338315,4.133667366297994,62.46017125623606,62.70262712275386
22.0,40.0,73.43551379480063,63.07441579352421,67.52862925362344,67.79647523388583,3.157496636033327,67.17456624762646,67.43533846522371
54.0,81.0,78.64375077995481,70.98873213459196,74.29024980374406,74.58414832562667,2.311995171779414,74.11719513868913,74.40540543119968
1690.0,1828.0,111.07482547640552,108.9045935246293,109.54559417137914,109.9777442971826,0.653894750853042,109.5412383212109,109.96815906483549
187.0,235.0,87.46790031860363,82.59018078247864,84.62063197921935,84.9498390976782,1.4654149699601966,84.55401517813203,84.8833345535097
165.0,210.0,86.73980418387983,81.61783697967822,83.76554611484418,84.08469919324249,1.5448146146673591,83.69183232677983,84.01742990208322
71.0,102.0,79.80388252232746,72.94853213613648,75.91386842701627,76.21126975388945,2.0652171633518446,75.77988599344563,76.07466719331012
813.0,909.0,101.90882403199309,99.06841760032565,100.07655649548454,100.46515442397211,0.856013884636362,100.06030539628857,100.44991472707571
250.0,305.0,90.56783704043973,86.15853912403838,87.95915074139417,88.29735954884596,1.3285744294165156,87.90812042416137,88.24906617171223
20.0,38.0,72.5845296765365,61.98985236550228,66.56846026506715,66.82719494459482,3.234345537224111,66.18980822085331,66.44665196791317
44.0,69.0,77.58877477269264,69.40892921816554,72.95944518609801,73.24775447740396,2.484737724246768,72.75362079643601,73.03542368682231
41.0,65.0,77.62062387179756,69.1119831550269,72.77810402097676,73.07127528606468,2.571026174766266,72.564696704912,72.84566822460317
13.0,27.0,71.13142731026174,58.75577037076282,64.00762315318629,64.27828962886035,3.8214642863073647,63.49646594707563,63.742529835301816
622.0,707.0,100.21948996615342,97.05103182295866,98.2307100708489,98.6074116585926,0.9534891876115247,98.20491520246672,98.5855184791314
208.0,258.0,90.15774676655633,85.40038458006224,87.36861125494745,87.70505790126819,1.4330015658110424,87.30953088583209,87.64905901291249
78.0,109.0,80.6346074037699,73.97022660607827,76.84201172558618,77.1511585077061,2.0118732844182508,76.72073922319946,77.018256204505
112.0,150.0,82.98652902767185,77.16002172472703,79.64516455022701,79.96290447188565,1.7548894752330106,79.55136979485745,79.86070610115696
150.0,193.0,85.52711269464344,80.28941885602306,82.48089485838102,82.81656024830397,1.5889597458436746,82.41525974900522,82.73588708603329
249.0,304.0,89.81135720415467,85.4334284951712,87.2203320141663,87.5612212123234,1.3219059874043693,87.17292053940443,87.51340226164622
11.0,25.0,70.61322608934371,57.62169737509992,63.079344494898784,63.34719499475159,3.993554663556601,62.51333564137454,62.75739485712823
148.0,191.0,85.85212254371618,80.54303242905652,82.78438741016993,83.10111758174926,1.6013354782505458,82.70392032734892,83.02607959102764
88.0,121.0,81.56463737365843,75.1651054441531,77.9012689926626,78.21155323706925,1.9384092477593529,77.79793036553446,78.10030665507324
47.0,72.0,78.2199009699033,70.19194566914283,73.6706973733035,73.94927808846383,2.440959044451844,73.47131743616674,73.75601304926325
1057.0,1166.0,107.25257895336091,104.62335751511925,105.51251055035284,105.92115930331855,0.7924787160366751,105.50320162162087,105.9124639161585
177.0,224.0,87.98011846042604,82.9450521862612,85.05990978093256,85.3832877509774,1.5174087708796737,84.99486209024468,85.3249106164575
24.0,42.0,74.28068013072252,64.04303276144697,68.45395038810072,68.71272145428102,3.098462146350181,68.11913043813728,68.38516936985788
270.0,327.0,92.48654253315162,88.13947988283847,89.90333125846732,90.25390237156014,1.314796961382144,89.85436739613594,90.2057456071717
214.0,264.0,93.56323338702872,88.6613839035554,90.69179198385302,91.03716982276276,1.4811078855664637,90.63272504140943,90.98299114407217
865.0,964.0,105.94636102558452,103.08528544552523,104.08679274726589,104.49496284582472,0.8651848274095887,104.07371437486164,104.47642806232088
83.0,116.0,83.41901208213726,76.74336647851504,79.59345929918699,79.9089278418385,2.025521895134569,79.4713931964333,79.7785244774597
205.0,255.0,93.83915831608681,88.83388345383801,90.89480764569886,91.2494872394785,1.514216239031664,90.83966770358055,91.19022319070254
1029.0,1138.0,123.86456751367218,120.7673914062381,121.8279148871417,122.29596018090753,0.9323018936786754,121.81344636112128,122.28105236985411
440.0,512.0,115.4792442102863,111.1457937104451,112.84209843206139,113.27095665982581,1.3106851503276589,112.80471729257974,113.23562607122453
304.0,364.0,93.06075931958836,88.94965586866847,90.59439534736387,90.9527478218789,1.2541845491485937,90.55376601601789,90.90817511046934
216.0,268.0,89.10949928351341,84.47036709611997,86.38791561449536,86.71990213683704,1.4042656898722647,86.33100660925952,86.66869858495494
120.0,159.0,83.03695304676704,77.37795911072776,79.77360788745702,80.08791044486739,1.7074984565040798,79.68568051293613,79.99739913367269
296.0,356.0,91.46472349832467,87.34936328490022,89.00357080360658,89.34784416465476,1.2418136525081775,88.96040876660942,89.30811976216819
44.0,69.0,76.59799179136395,68.55664960963443,72.06209566667931,72.33011432142686,2.458652392615149,71.84770393058203,72.12847081524775
34.0,56.0,75.08944421183904,66.18758180821325,70.01384000368591,70.30059728424278,2.679759187967741,69.76246190407163,70.03477107225655
0.0,5.0,58.3967170706987,38.044312779016636,47.787771941656494,47.94457043936963,6.630073322853439,47.29157287798867,47.47584922705828
60.0,89.0,78.41582885396431,71.17871297670165,74.3204606118505,74.60343172656978,2.190063529321683,74.16084914192373,74.45008906410693
145.0,188.0,84.75623273146377,79.47005109214345,81.6961502284803,82.01826029591868,1.596228530179421,81.61958492605754,81.93749848693828
501.0,577.0,96.43520725006488,93.05765694191443,94.3415347605177,94.71191583416905,1.0178255497586952,94.31651998944284,94.68386371432057
1271.0,1391.0,107.25948857650911,104.85526774705697,105.62764586919425,106.04329426450522,0.7262846334801683,105.61803983840161,106.02998118584708
121.0,160.0,82.62993206740319,77.03729437488668,79.40964625088488,79.72184616833658,1.6950872373385917,79.32790289962692,79.63726544976748
23.0,41.0,72.23765160719033,62.206683842208655,66.53878804702984,66.78730219700975,3.067250979596075,66.19761501327021,66.45535247102583
547.0,626.0,97.92202146230693,94.62602651195085,95.86193360239541,96.23644968802998,0.9916995884891764,95.83453611955635,96.20763639481883
267.0,324.0,90.07226036329405,85.82969549349777,87.54973605763949,87.89399164996502,1.273908650577829,87.50254735456937,87.84362828343076
273.0,330.0,89.82886937105688,85.65262218871419,87.33146648092139,87.6829351109172,1.261926266001462,87.29463050234362,87.6350927003605
144.0,187.0,83.71500509650903,78.47400467149288,80.68480214962112,81.00089185780544,1.5822158292075552,80.60944865069641,80.92427644575679
39.0,62.0,75.37232038862334,67.00738131308442,70.61975472752077,70.90517817652663,2.543682882764477,70.39978735549143,70.67390832273665
55.0,82.0,77.63621551332457,70.1508705807236,73.37825748707439,73.67058533400724,2.258117196796793,73.2160236862814,73.50137144960784
30.0,51.0,73.7539987796359,64.66502259881027,68.61515098080143,68.8736691399413,2.764716080078646,68.33785027967788,68.6046367263836
114.0,152.0,82.45290589328154,76.72264804067578,79.15235995020505,79.46144107863343,1.7280781473587143,79.05957341233888,79.36802176614547
115.0,153.0,80.96771407106671,75.35686940071265,77.74292836440189,78.04804677146355,1.6967013444114927,77.65012073568298,77.95408798752153
23.0,41.0,71.26888490679517,61.34416723125055,65.59350287831975,65.87392630064501,3.0284950423463366,65.26510461978987,65.5211571358664
13.0,27.0,69.09498908053327,57.01552208462593,62.16276341301053,62.40450681500377,3.7090628631841573,61.64413436506312,61.885612879323084
1214.0,1331.0,105.35408734001332,102.93251426001542,103.71872685731783,104.12678451628446,0.7285529460335127,103.7078675420727,104.11406405835602
84.0,117.0,79.2541377966474,72.94891740308664,75.62430997349674,75.9358053836273,1.911752395904374,75.51295209583131,75.80841204330761
105.0,141.0,80.86062949313576,74.98517444983086,77.50689669420454,77.79910393753215,1.7581356201649465,77.39611785381273,77.69872297943144
1253.0,1372.0,104.13547469514286,101.78813759143362,102.541474425749,102.94432755925942,0.7104896330818407,102.52903761200974,102.93043053673516
134.0,175.0,84.34323293640072,78.87514781589303,81.19227433976336,81.50817556713454,1.6431483483132046,81.10366804250006,81.42057726203763
14.0,29.0,69.73193676704288,57.8320911808432,62.89887465231143,63.17243385406433,3.6264195678913285,62.42194104177748,62.66628208245798
2.0,9.0,67.55515169253759,45.428645975629195,54.32702091105452,54.596380421099035,7.365398777354183,52.46950922989798,52.67493414797234
26.0,46.0,72.06799549999995,62.60910713450548,66.71694914263252,66.9663971249756,2.885727088546495,66.4046816740446,66.66442732926369
437.0,508.0,93.01630043737299,89.54224316038643,90.88254149252957,91.23994953641976,1.0471052940996128,90.85389107724427,91.20954542857278
141.0,183.0,82.56946826290383,77.33266114320757,79.53892675896685,79.85659665773876,1.5811635615705566,79.46795944308884,79.77941716349297
69.0,99.0,77.83678908158674,71.09146846887401,73.99724704455609,74.2913029945453,2.039622416219489,73.86039682459071,74.14983268322867
305.0,365.0,90.24154007328164,86.24845805295186,87.85161577170976,88.19429453383785,1.2108755536418685,87.81326438795045,88.15780446378534
568.0,649.0,96.58283743209718,93.40497922181213,94.60072106401134,94.9696119599794,0.957498900126705,94.58265897631033,94.95482121898442
63.0,92.0,76.1501880092672,69.25260454500622,72.21407108102859,72.51050651905213,2.0788584565819606,72.07445715310868,72.35930251247923
251.0,306.0,87.60980761461327,83.37504899569969,85.10071198317783,85.43780630284209,1.2783233359740753,85.05563519930665,85.39118054001928
34.0,56.0,71.76068689463524,63.274210446777616,66.9413390499711,67.21933420900233,2.567535546563536,66.70487967655085,66.96905800304576
143.0,185.0,81.92934130584358,76.8049099208163,78.9647583325604,79.27827282710489,1.555236844426064,78.89122104323883,79.20325104101143
38.0,61.0,72.98932542198835,64.810140359644,68.37394742773122,68.63173208962141,2.486867886547032,68.154009462628,68.42352210706319
128.0,168.0,81.63567285391464,76.23355185393366,78.51382901836513,78.82014352403489,1.6233284789709492,78.42680843300352,78.73635642421884
172.0,218.0,84.2012336241344,79.3344652729078,81.36762021644287,81.68826234249441,1.4611410116524801,81.29661856033665,81.61780665783535
120.0,158.0,81.79477869127625,76.23767424564825,78.60118585842842,78.90978115005271,1.6834781446432359,78.50586799618071,78.8166489740272
5872.0,6127.0,128.66195597161985,127.2922365551333,127.47212280544399,127.97415522938162,0.41078094532550197,127.46887192900903,127.97237915776182
46.0,71.0,75.42426200360534,67.6135183719708,70.9976459742259,71.27152240965137,2.358018768140576,70.79417571596812,71.07396267738939
82.0,115.0,80.49623322960667,73.99324158885653,76.78483084285081,77.09133846730057,1.9694574777353842,76.66273633456983,76.96473144553069
4397.0,4618.0,124.02243778037723,122.50036970344715,122.76917914462318,123.25429889490262,0.4557841693056115,122.76800510045645,123.25178021294703
238.0,292.0,87.17164497569978,82.82218190088263,84.60475578651342,84.93899362601336,1.3028401344538574,84.55464944144944,84.8879076388682
166.0,211.0,83.69254934839124,78.7730611413183,80.82858617964541,81.13679236682967,1.4837532406150744,80.75468979594741,81.07335937259064
224.0,276.0,86.91318638680497,82.45293085590767,84.27680812631039,84.61098950063716,1.3393993998530522,84.23253575533712,84.56484683076928
270.0,327.0,87.91965694921795,83.81081354429249,85.47355762711669,85.80791883595664,1.2424990905029392,85.42842905968713,85.76512895183448
33.0,55.0,72.1086785395347,63.50669657373955,67.22353246987427,67.48485682341716,2.6083179900701214,66.97866538126159,67.24215803248536
109.0,145.0,80.54499435549872,74.82976374408103,77.27022090974344,77.57146970616459,1.7267484704566483,77.17666089616725,77.47968202888978
126.0,166.0,82.16565486592933,76.70027504433665,79.0163050113944,79.32672012983565,1.64721405608381,78.93735668826646,79.24701223547913
28.0,48.0,73.08146538040636,63.71043419326296,67.77938848462716,68.03831957167817,2.844891718003324,67.49581803524943,67.76041793201864
38.0,61.0,75.37301102671474,66.9401741153255,70.58674770890832,70.8663671453392,2.5685834286317313,70.36611999573519,70.6417296972218
377.0,444.0,94.99136537718658,91.17503437974742,92.67331605175046,93.03888069339304,1.1508555000837044,92.64039495953986,93.00253948062604
76.0,107.0,80.26939453453656,73.57016326668688,76.44597389112236,76.74727501108434,2.0342672794465506,76.31734827383654,76.61620423483917
159.0,204.0,85.95916039112437,80.81014945547315,82.96498608983184,83.2928619942215,1.5555644494800125,82.90170074838957,83.22638112113543
135.0,176.0,84.39964204825469,78.95491062144049,81.25301377481836,81.57593533902464,1.6456413307640059,81.17346418023108,81.49142812771005
115.0,153.0,83.51278951295285,77.71456497069991,80.16533667743155,80.4859330511876,1.7486451061024817,80.07925621643581,80.39335656134413
64.0,93.0,79.48687909625092,72.34509559507391,75.42855633425259,75.72315973059776,2.1610257341115804,75.2695167999506,75.56461226942787
46.0,71.0,75.70277398908556,67.84696140661995,71.24658280217133,71.52520742073443,2.3757266052378587,71.05271818378849,71.33174306092855
95.0,130.0,80.56278345035406,74.48123933908161,77.0852459813112,77.39245108327215,1.846163571806605,76.97974655977983,77.28266398471352
55.0,82.0,77.46909984769837,69.99966077684101,73.20212373153821,73.50919565836696,2.2566675044716424,73.03452636493097,73.32183705502031
90.0,124.0,81.40546431744372,75.11479056879406,77.7940228081326,78.11228409206117,1.8967437935182736,77.67748299998567,77.98278435340761
131.0,172.0,83.99586657373753,78.48125976453777,80.82490737880826,81.14589943231937,1.663483412346797,80.73972344359166,81.05711842714177
78.0,110.0,79.80585878640083,73.2510364476808,76.06371445891261,76.36219587576129,1.9873762166010096,75.93842945209181,76.23729523192388
18.0,34.0,71.26549105824384,60.28125750670257,64.97838573500869,65.24216460175072,3.3505633756417197,64.56855364203685,64.82336772816177
297.0,356.0,91.38835100134723,87.28170899936121,88.94296523883324,89.29020956223444,1.2410892039211059,88.89965612112061,89.24995274518204
49.0,74.0,77.34782962082505,69.56400106717761,72.92774357922424,73.22626965739272,2.375728989754463,72.74738169334444,73.0338880467231
815.0,912.0,102.96409789848894,100.1050599080196,101.11522857470375,101.51172128825564,0.864347224082606,101.09693025056906,101.49495420511599
142.0,184.0,84.22808977002984,78.9079510292756,81.15711207580708,81.46814066116215,1.6051509222173737,81.07568731900926,81.39616242840195
105.0,141.0,81.15267998708194,75.28170031351877,77.77120137216187,78.08205329164603,1.765152113709858,77.6705674986928,77.97785405188974
1767.0,1907.0,110.08271314720717,107.98389183952182,108.59365875483151,109.02221712057451,0.6342777050458945,108.5879410052274,109.01722489146843
116.0,154.0,81.32217362839853,75.69355518558649,78.08809415024857,78.39030495588018,1.6989135215476436,77.99974520649207,78.30877604602338
42.0,66.0,74.41472002986974,66.37485616941925,69.85731702923218,70.12996028519574,2.4270374508480086,69.64371736413283,69.91957442347055
47.0,72.0,74.44865745981562,66.7632605133881,70.07995059340881,70.37015001829108,2.3184448352730125,69.88738601114099,70.16473927204198
62.0,91.0,76.77951337013643,69.77409145119273,72.775942184873,73.07343435858725,2.1151944662386812,72.62879138279214,72.91611952672989
138.0,179.0,83.74329795908392,78.38999866232703,80.6378086517948,80.96146859415494,1.6185116403923734,80.56337339293273,80.88138011759405
4600.0,4826.0,122.87202295548325,121.39636469207825,121.65315237885541,122.13135469124177,0.4439537717237373,121.65032178109986,122.13258443520579
266.0,323.0,87.51235315146393,83.38180593497545,85.05303353417723,85.38935437393619,1.2394669760445063,85.00929242244449,85.3465373665803
50.0,76.0,73.48439182704442,66.10713573636285,69.30494942364682,69.58714274048172,2.233443818070856,69.13682684691584,69.41146208460547
10.0,24.0,68.34244768254186,55.44049900701391,60.86531949847763,61.10853684189683,3.977745726409501,60.25731037308482,60.49684462523979
58.0,85.0,75.87045019867361,68.71059375939736,71.78799883784956,72.08127907239485,2.1537338577665532,71.63332262722652,71.91810083834707
75.0,106.0,77.36264865993061,70.86666872364403,73.65026695751207,73.9519245069171,1.9517985215708196,73.52042608306995,73.81265145685917
867.0,967.0,101.20746684850859,98.46043598155818,99.4130061488859,99.81222304329172,0.820173595699672,99.39746771799197,99.79427058386496
304.0,364.0,89.41534276483857,85.44917169414501,87.02786576088589,87.38055436231488,1.1953629836478306,86.99134200527178,87.34178260601404
502.0,578.0,92.79820891633466,89.55046760203628,90.7726699134751,91.1387408397479,0.9782456077773457,90.74728874488866,91.11377109771152
105.0,141.0,79.04517410376101,73.34781532407568,75.77450683874486,76.0852537669567,1.7169790157734308,75.68155440835024,75.98548895117723
5.0,15.0,66.86514068062985,50.472374290772834,57.112192389746774,57.347701544473,5.231774792791611,56.07914770638544,56.30329623327794
125.0,165.0,81.78481598980375,76.33996570587546,78.6447692484344,78.95664427584909,1.6409237592241412,78.5597546232064,78.87278732834292
132.0,173.0,81.54633963255918,76.25362415572023,78.46813141574503,78.79157981749955,1.5968512347901855,78.39098956809221,78.70536867176932
36.0,58.0,72.35837207369369,64.04109014998278,67.63115750255028,67.90680993490611,2.531209571121018,67.39643769373052,67.66712610366173
47.0,72.0,75.18793253399281,67.43238581932275,70.78190049026031,71.06701144259875,2.342984512849146,70.5891876196261,70.8710864225
415.0,484.0,92.75649078068795,89.23132758747349,90.60256695130099,90.96051409777765,1.0719734788200472,90.56894854679408,90.93154325373717
23.0,41.0,72.49560140802134,62.461600400089736,66.75166240883118,67.04130731973417,3.0718362547793703,66.42032707401422,66.68352577600676
104.0,140.0,82.1205932508356,76.10605133873595,78.67504213425114,78.97537414268737,1.803175371710607,78.56521159268871,78.87528638706857
1862.0,2008.0,112.69979439884166,110.58492931281563,111.19074658138419,111.62710000927672,0.6341040183262904,111.18309922308228,111.61818382222181
24.0,42.0,72.92987046784098,62.86890040337663,67.2063962958921,67.47909354850819,3.049986391756198,66.87789896450644,67.14070305533168
32.0,54.0,74.35091979147919,65.36683698609156,69.23277460551958,69.5152831089634,2.7359445572084677,68.97359669425781,69.24438952618978
29.0,49.0,73.45991666476883,64.12199677423487,68.14991437123948,68.41717633401512,2.8226735568158885,67.86794439001218,68.13490664789363
781.0,875.0,103.10621190012726,100.18713142828602,101.22410829032913,101.61885890402701,0.8833838870883306,101.20830844148254,101.60447877730769
0.0,3.0,45.678570732290474,32.43558455760877,39.91423097500546,39.99124001434169,4.4130990841281,43.21244376162382,43.381706131474544
635.0,720.0,99.57388797434037,96.45342686763723,97.60309631930839,97.98864150106188,0.9367948683039162,97.58308765829653,97.96588127784321
194.0,242.0,87.2975530011705,82.52363061617518,84.50644208644884,84.83951317993767,1.4356991737933378,84.44847513101533,84.78017551006344
78.0,110.0,80.1817090592528,73.5903749520269,76.41215416578993,76.7309244869325,1.9920100548713882,76.29637271653746,76.59718639506382
116.0,154.0,82.808518889596,77.10025903855478,79.52918485544208,79.8436720877223,1.7265031023602715,79.43775047441876,79.75110465119722
144.0,186.0,84.62799782567863,79.33014313810227,81.5650823081238,81.88620863922546,1.5953612385493037,81.4885108132252,81.81116299705934
1143.0,1256.0,103.71098947913707,101.27048387642749,102.07030498961677,102.47645643127564,0.7376837829799296,102.0615314049122,102.46613880850182
237.0,290.0,89.11005273942571,84.66440483305576,86.4585486342426,86.8097807895378,1.3377731919589653,86.41529774500334,86.75851469289394
68.0,99.0,78.0652463109443,71.25813125415041,74.18421408022051,74.483796280444,2.0611155960396372,74.05554346038849,74.34974240176707
94.0,128.0,81.12277274182289,74.95718402839715,77.59351676281234,77.90521680555607,1.8516652370924513,77.48542373103813,77.79280219910778
396.0,464.0,92.68968519756604,89.04614099318479,90.46308627588193,90.82374186243749,1.096087290757516,90.43274328318796,90.793626802316
35.0,57.0,74.38457796524429,65.69861684815645,69.43381446650427,69.73327429384823,2.638021257353463,69.20691910182043,69.48328123603889
670.0,758.0,98.6337773725199,95.62567499595507,96.72556588009913,97.10427510334712,0.9075147103201011,96.70315670030315,97.09004796781541
32.0,54.0,73.50960944912694,64.62224675178754,68.44591647207815,68.7361893733524,2.685129127622447,68.19742291532305,68.47088209098715
23.0,41.0,72.3551398646857,62.275574036162475,66.60863734120703,66.88221375608467,3.060897586597771,66.27165203187968,66.5371147174331
30.0,51.0,73.23848469855271,64.20148467806436,68.1243541511877,68.37881403855474,2.7645434015735035,67.84267160223854,68.11473289640105
389.0,457.0,94.1130533531841,90.39359945663026,91.82582348524821,92.2001254927007,1.1171198174258445,91.79563279254722,92.16284678104742
43.0,67.0,76.53811914881543,68.33278065014649,71.87135914317399,72.16884717098924,2.481471232157993,71.66981797322504,71.95573395501955
30.0,51.0,75.14086540010553,65.86937580789736,69.82674439220217,70.11761328790719,2.8208685083354723,69.55750562609505,69.83361642918655
2.0,9.0,69.201147632709,46.53047572453871,55.69171048020061,55.92343853275267,7.571915317245798,53.765873165728536,53.97889464021066
37.0,59.0,76.24421536108808,67.5496052536876,71.33322088381504,71.62309741995446,2.6537586919306095,71.11170495525737,71.39217750051338
69.0,98.0,80.93791011642045,73.87173085849159,76.91855251383902,77.22688703015915,2.1413576743981304,76.7769187320784,77.07929358071391
5.0,15.0,70.0557120608164,52.86774749985944,59.87863463366889,60.100080215202745,5.4237176452789875,58.792628081357144,59.02444536864403
6.0,17.0,69.99103770973153,53.8321351999948,60.56157659449606,60.82299770058988,5.194090459653243,59.61024730425452,59.84567782718154
40.0,64.0,77.17205232939584,68.66205016501294,72.33162080059815,72.63296975806458,2.5704051497167613,72.1143981514864,72.39945587990793
68.0,98.0,80.58499912802316,73.54638796794698,76.5725453743355,76.87904475189657,2.1288567884035294,76.42590133651305,76.72947344656777
19.0,37.0,73.40484442994641,62.434749454892525,67.12743666697632,67.39883772467283,3.3148396933850677,66.73612137961187,67.00191563739871
2.0,9.0,68.42474309363324,46.09214342282496,55.153961724458824,55.3813627161248,7.508372839422004,53.2530848048884,53.46604505057746
14.0,29.0,71.53084305554475,59.36280234426578,64.53167769511057,64.78791237840933,3.742135540518456,64.03040216843453,64.28631059360103
56.0,83.0,79.52872250474289,71.92430418267342,75.20118802224206,75.50794372698529,2.2925673337703127,75.03585979750031,75.33558290133068
52.0,79.0,79.51998525129002,71.69721658650752,75.07710891353088,75.3678617511546,2.363885900255672,74.89439499288413,75.19262398224458
41.0,65.0,78.14333492598614,69.63087345635161,73.3312400063453,73.61509496772571,2.5895955923653706,73.10454982806115,73.39515867352354
54.0,81.0,80.13155938968829,72.35998930689912,75.71280267020936,76.02539427503021,2.347958548287197,75.54445028505833,75.84397082380241
9.0,21.0,72.44958101096151,57.930380158229354,64.0352353707724,64.2867793564541,4.517171252286865,63.311952872665564,63.56173662217923
175.0,222.0,92.67545598496274,87.33626651557539,89.54811718221836,89.91022142984474,1.60658303843858,89.48536433424813,89.8379624008101
35.0,57.0,81.46198962164893,71.93432679302099,76.06755729124927,76.37816025236226,2.893794360893719,75.81100292359307,76.11288034235112
64.0,93.0,82.69137616406374,75.24351780714255,78.46243836875713,78.77220064603074,2.255811575788621,78.30720789974548,78.61903440675407
1123.0,1236.0,111.35293503356851,108.70372548579587,109.57346561194305,110.00947128089624,0.7999342159504359,109.56367889480174,110.00046854117566
2237.0,2395.0,128.9995982232486,126.80106230385516,127.3784876288302,127.88879499481645,0.6637534555858251,127.3726784174087,127.88249056181269
995.0,1102.0,107.35469771585875,104.63912609433821,105.55183723489421,105.97491073371822,0.8204704492927066,105.54027675530423,105.96104594941914
1446.0,1575.0,108.65826300712752,106.35391275465851,107.05273216254048,107.49133497311736,0.68712484464991,107.04941336464525,107.47956368437461
2510.0,2677.0,117.4722423781221,115.58917912561554,116.06351070400295,116.52528856171539,0.5719332821679958,116.05870916633157,116.5233092757281
11.0,25.0,70.93940037077442,57.83045729893115,63.337091463207734,63.607739493695846,4.003211570911763,62.74929271444877,62.999495882270644
1516.0,1647.0,111.00846807621737,108.73068374842275,109.4208060408917,109.85648215803087,0.6882417764791257,109.41106819182836,109.84876516470737
7.0,19.0,68.44073996958014,53.652007815941055,59.746822220350914,59.998588781685896,4.616997640448984,58.955008700851906,59.1909976804866
75.0,106.0,78.96142175663033,72.2920095630875,75.14272254763989,75.45314534947535,2.0119247064309387,75.00711195770938,75.30661007006346
24.0,44.0,72.45786920661419,62.67003169122385,66.91166243788577,67.16797989973601,2.981544368563578,66.58030350685162,66.8461774484656
51.0,78.0,75.55930458946712,68.11367211767445,71.33691821188012,71.61975131228114,2.2557936543330834,71.1591153497381,71.44319917093627
131.0,171.0,81.88067491461227,76.52298348894496,78.78394877989162,79.10088079296582,1.6145934940219429,78.70183109699806,79.01696557904266
72.0,103.0,78.46385826793028,71.7626517192649,74.64194305198497,74.93841142998858,2.0286267104363507,74.49974691813505,74.79833833038708
74.0,105.0,77.46738407626297,70.97400851536148,73.76565131708563,74.06378700607863,1.9751326175530284,73.64372181750812,73.93942768422895
177.0,224.0,83.90740199110373,79.13565783799744,81.11729724091536,81.44468092538023,1.4457621912272158,81.05902859235685,81.38504070014594
577.0,659.0,95.1683601938237,92.0496618651555,93.20724684262224,93.5798884199488,0.9362302493602972,93.187685340409,93.56358978399946
68.0,98.0,77.77912337774599,70.9753268528252,73.89322695635883,74.20177030513787,2.043188855736254,73.76203587656224,74.06015274228743
0.0,5.0,56.705048208454734,37.305292107355335,46.92991968121994,47.091814604989935,6.4491240659869815,46.456904210924925,46.645485888247855
2794.0,2971.0,113.3225296734453,111.59358981520035,111.99997007027812,112.44823801596533,0.5208614399680872,111.99630702972485,112.44864776675597
30.0,50.0,71.3937363039648,62.49068379517856,66.31247601016717,66.59231191899022,2.697669487563995,66.04454766070782,66.31261014742908
11.0,25.0,68.02652394305025,55.48254059228314,60.74231006999205,61.002251192001424,3.8353118558398744,60.17898868566848,60.4213846101012
66.0,95.0,75.66095657388966,68.96168102327856,71.82035982445029,72.12508659346419,2.0224460724603084,71.68867995776188,71.97731366949324
188.0,236.0,84.45777554138621,79.78930896396452,81.7160464703431,82.040939862352,1.4114149131705702,81.65358716206245,81.98169264419428
156.0,200.0,83.6251321835438,78.59769045999414,80.68279358850128,81.01240263504278,1.520236171916046,80.616729082802,80.9402765383256
21.0,39.0,70.24943042370734,60.19981135281747,64.52431115810958,64.78683218339211,3.081838651624483,64.16350079446977,64.42114712014293
0.0,3.0,44.12864861206252,31.80935628723178,39.01465424220821,39.125154683719934,4.261128367311448,42.28362110733611,42.452891349743325
44.0,68.0,74.41550097848484,66.5517748297396,69.94969725026097,70.23207804666251,2.4008240012368485,69.7502752162267,70.03030503578076
10.0,23.0,67.07325466583076,54.07181555832624,59.566624859170794,59.811272986339844,4.038563635692373,58.94019788731004,59.177641457911484
237.0,290.0,87.3952140453303,83.05109827926073,84.82447318655828,85.15691520201023,1.3096611544397663,84.77151451914082,85.11598024536326
151.0,194.0,83.61745778682517,78.50657628845038,80.63795524665164,80.96481130914762,1.5499959020682186,80.5626612295121,80.88958537964318
36.0,58.0,73.7673198995078,65.22377922375587,68.88753172022959,69.18399511729514,2.5852474258264655,68.64167672895984,68.92069080340924
13.0,27.0,69.23302239142231,57.162285906249274,62.29464956694739,62.5675282586074,3.7115084646766907,61.77856805464206,62.02981239257897
1051.0,1160.0,102.86164054615621,100.33535036554389,101.16156700157481,101.57785433784345,0.7638648323581516,101.15153917634679,101.56299605364576
19.0,35.0,70.89267442258398,60.17147338048665,64.7507665314032,65.0270398811678,3.2562612177476837,64.36886711939071,64.63089900716666
128.0,168.0,82.53367672102922,77.08044941970869,79.38692236355163,79.70106566966837,1.644862844414883,79.29580467689748,79.61890403722253
96.0,131.0,79.05333350244673,73.11670515492547,75.66068760813718,75.95129978621858,1.7953911400755687,75.54683126852397,75.85368515665871
218.0,269.0,86.10633497357702,81.67799685681126,83.47765957899986,83.82669192766333,1.3347419312758042,83.43232075661264,83.77199221586933
60.0,89.0,76.47897863246777,69.42148255864079,72.46377753265998,72.76374096678842,2.1330799756836223,72.31155188700407,72.60688114377335
15.0,31.0,69.80333575752802,58.406403215477475,63.26473265925391,63.52494587614047,3.4693624282099926,62.8159232923919,63.07248165613602
128.0,168.0,82.16564964774021,76.73687385717743,79.01764661520683,79.3482939639272,1.6361235041740083,78.93420395316755,79.25536536215387
40.0,64.0,73.82552129322315,65.68831540373648,69.21145772097721,69.49118335511186,2.463246263520529,68.9989430337122,69.27785718976948
297.0,356.0,88.29404909758706,84.35208085647973,85.91659381964094,86.26078039132716,1.1927596614088154,85.88033296829565,86.2262855522945
117.0,155.0,80.6225493287506,75.07441889159158,77.42571029114083,77.73795254825792,1.671004246766394,77.33594554767224,77.64852799287752
160.0,205.0,83.68014864043732,78.69123863122176,80.78083314475685,81.10626627970281,1.5065497594625634,80.71461059039738,81.04057526157268
44.0,69.0,74.32960934458207,66.51672167723899,69.89181549463449,70.17996108377577,2.3637369483223694,69.7022714935744,69.98250679242884
74.0,105.0,76.03158691061323,69.61444980035753,72.38209200682236,72.6650624977784,1.9459340983754223,72.25759870704688,72.54832563376385
757.0,850.0,97.66457632371319,94.86302687869932,95.85461186564717,96.24477048438276,0.8480784522489139,95.83805895748847,96.2251656699751
98.0,134.0,79.45535604448412,73.54789642317697,76.04447352255119,76.36452220238826,1.7899064844545867,75.95170957684104,76.2573586437269
14.0,30.0,67.66205447985396,56.37403312348861,61.17204065724786,61.419441336689964,3.455268123182424,60.71514830582176,60.95954295962703
251.0,306.0,88.90013815628016,84.59972047421763,86.34931621085975,86.69293743595273,1.298632090411328,86.303533050319,86.65035313034005
195.0,243.0,85.3954244867817,80.76220127234822,82.66376362637705,82.99663121565813,1.399539816560652,82.61564241766209,82.94769603188189
11.0,25.0,70.66347366613135,57.657222505376424,63.12962200129871,63.39743791591896,3.994904097198026,62.561533221813335,62.81228602955499
338.0,401.0,95.72177079800299,91.6797982764177,93.28806590582057,93.65804170558735,1.21521715656552,93.24721956202788,93.6212140955838
1429.0,1556.0,106.94501838085942,104.68433145851898,105.37030469367215,105.80411274114955,0.6818133034928114,105.36237550382619,105.79230402906515
178.0,225.0,86.02568868172564,81.15486886074754,83.20525299282437,83.52832914827792,1.479668798323332,83.13845309860939,83.46884112114968
443.0,515.0,92.31627509649945,88.87575464881951,90.21305494286753,90.56314237590223,1.035657761688001,90.18680845129349,90.54243882598553
158.0,202.0,83.96511766437736,78.94644337405335,81.04642477380808,81.36865731889564,1.5148250698191918,80.97138815776106,81.29684449219525
742.0,835.0,101.54942248816224,98.58934574937878,99.64423528048559,100.0429268689592,0.8852601848923124,99.62521697034953,100.02586886743048
1772.0,1913.0,110.97001742405268,108.86046772282893,109.46446987589914,109.90366823259033,0.6377877002311144,109.45475702078662,109.89471638823153
37950.0,38587.0,154.78662210569703,154.1435983092518,153.85141869506268,154.46307654933494,0.19498114690920124,153.85411258547214,154.46566832189146
2113.0,2267.0,112.55424363353754,110.58571522544388,111.1158636761738,111.56112895050607,0.5925762831868682,111.10999630374688,111.55501374968149
23250.0,23753.0,146.28850526273126,145.50521245975725,145.31939623872992,145.89656371150386,0.23528186534406179,145.32063262475785,145.8974774080981
51.0,77.0,76.77831450088414,69.15070119619502,72.44584111760413,72.73741207343946,2.3111125764468032,72.26924495193919,72.56070426949232
126.0,165.0,84.91434385735786,79.28810681968005,81.64305043660421,81.98379287900262,1.7046763403471712,81.56192135500204,81.89124133390044
1105.0,1217.0,102.47993265407932,100.02460681164506,100.83386337135225,101.23509041046877,0.7407067407216743,100.81759767960875,101.22386497051423
20054.0,20523.0,140.93209577905878,140.12046547226035,139.96924754333395,140.52559253306578,0.24405095088883208,139.97154458524264,140.52819528879715
228.0,281.0,84.94137337505921,80.65393463305732,82.39710583474645,82.7291425898461,1.2919755687933316,82.3435929920747,82.67479944632932
729.0,821.0,95.57589488793602,92.77086077663844,93.77260347772476,94.14931043212283,0.8396172906742815,93.75483539664151,94.13254617959412
8255.0,8557.0,128.99687597539443,127.83996263915176,127.90593223090067,128.41514344889794,0.3480788218399962,127.90504168845789,128.41509582845998
12258.0,12622.0,135.52847276364716,134.53517647204436,134.49396005960023,135.02931316756417,0.2998985381680506,134.49331767852794,135.0293994498417
2411.0,2575.0,110.13058897757344,108.32499147372239,108.78126036531918,109.22041422235407,0.5442486408367768,108.77839572627286,109.21457814942039
2271.0,2431.0,108.78900776763298,106.95488752561792,107.43708138198882,107.86510774091411,0.5533784107388264,107.43046115938996,107.86236737503143
37.0,60.0,76.41486972553005,67.72546422007807,71.48240986917696,71.77823878026204,2.624448108873381,71.24469378495904,71.53249951809373
37107.0,37739.0,151.3155627736358,150.67798742738398,150.39601198498227,150.99710609653403,0.19159700984740535,150.3990646318431,150.99953251607369
530.0,609.0,94.3673426445713,91.14707047264247,92.35309285123535,92.72691411015187,0.9710144270705371,92.32948757258924,92.70160528994847
195.0,243.0,85.46714550883127,80.81257346871571,82.73850421408018,83.07149322232351,1.4072580546283924,82.67764208680144,83.0113290615756
4.0,13.0,69.86307106192517,51.20396649902821,58.86077218906269,59.140472703646154,6.171822589758363,57.540766236288505,57.773512131477034
197.0,246.0,85.08079202134132,80.46337411085386,82.37224440431362,82.70795723386469,1.3925865615693833,82.31536324578033,82.64386863057376
197.0,245.0,86.23438874895302,81.56020858483535,83.48158228119414,83.82135360509704,1.40583097146768,83.42519986957583,83.7624514678835
245.0,299.0,88.4801517823935,84.1532247405151,85.9138925806478,86.25816325303829,1.3091808392412831,85.86386646597234,86.21135111871322
410.0,480.0,90.61864272082335,87.12558954954102,88.47101328550713,88.82788725560587,1.0468722607787602,88.44539525743153,88.79875508707737
801.0,897.0,99.9611648963507,97.16158974898542,98.13864294970294,98.53919720232602,0.8396983216110778,98.12534047078088,98.52287493114406
47596.0,48310.0,157.93897764415607,157.3533952677664,157.01812435928386,157.64567788101127,0.17632624011391607,157.0206482005452,157.6486250575779
1245.0,1363.0,102.04882071528596,99.745760661951,100.47728958330643,100.8828481963522,0.6964779491431576,100.46569968358371,100.87045674039732
326.0,388.0,88.24040764142401,84.46363874800738,85.95875366782529,86.30304319311776,1.1365883409126423,85.92492569190193,86.27132131915423
36214.0,36839.0,151.32752133158226,150.68125125041016,150.40054829267174,151.00309789390712,0.19428506464115317,150.40284194570663,151.0042362945221
1203.0,1320.0,103.01421922655607,100.64989272778949,101.40996625002067,101.82080529418462,0.7158727107363612,101.3988864143075,101.8086374427569
42891.0,43566.0,155.09789108742422,154.4932145276184,154.17795176867085,154.79538540584315,0.18303300582517293,154.18097659016482,154.79740267249184
1004.0,1111.0,99.82736668369054,97.32124045600374,98.16444364764124,98.5616259913633,0.753571322250555,98.15388863858473,98.55141155960906
1005.0,1112.0,99.0198613693746,96.54718255902341,97.37170237452305,97.76274345956566,0.748900157168304,97.35925863859711,97.75087619800586
673.0,761.0,94.72418278200605,91.84538335981978,92.87657558552203,93.25957369226839,0.8682699982770707,92.8638651859927,93.23743749465977
15280.0,15687.0,141.80036106570859,140.868624260784,140.76917934493193,141.33229356358353,0.2816661871479781,140.7709789087641,141.33474817513596
1977.0,2126.0,107.77076915988782,105.8255196053205,106.36371727657973,106.78918629274013,0.5862641820920118,106.35569247192663,106.78453023392335
12386.0,12753.0,137.49134148246307,136.48809743935152,136.4447787442748,136.98801521602599,0.30341670863585274,136.4447421962454,136.98978349523495
9683.0,10009.0,129.92326199147314,128.84512549824808,128.85846998825537,129.38021931263066,0.32332102507761645,128.8590720166145,129.37982533563013
4677.0,4904.0,118.27401140622496,116.87255859051861,117.10134147379637,117.57036154415842,0.42205760372580137,117.10123420302442,117.57056766446738
1057.0,1167.0,98.97983305287974,96.55707810488062,97.3635493932837,97.75269880143996,0.7300819641489489,97.35111952109106,97.74395059612908
5824.0,6077.0,120.90649410916541,119.62226319132148,119.78290959302859,120.26335788633016,0.38845232254346,119.78264869336977,120.26383849509091
255.0,310.0,90.29864097439662,85.94988373227851,87.71273382635437,88.05943438396791,1.3143026392889623,87.66164439275461,88.01689073198791
4229.0,4445.0,116.64722148200524,115.19344466302555,115.45485634125694,115.9152020958095,0.4369360055701001,115.45323007763761,115.91581810333025
3467.0,3663.0,114.34027839388921,112.7780348085633,113.09987985756854,113.55267733754307,0.47153759463252953,113.09624748460955,113.54940658166868
1197.0,1314.0,101.35438639317836,99.01416558123637,99.76041098809745,100.1688694420176,0.701436737056154,99.7549102846524,100.15839037248982
6241.0,6504.0,122.4846898406793,121.22011282849658,121.36363491932612,121.84808195562026,0.3791083680522777,121.36250449225388,121.84963658926901
8915.0,9229.0,127.7566408122683,126.65491353009789,126.6876853656378,127.20054934578542,0.33116619864037816,126.68835724820474,127.1994510764052
17099.0,17530.0,137.6473458260973,136.7904378951039,136.66279054823005,137.21678552198816,0.2573155286427401,136.66586618458612,137.21704898832957
11392.0,11746.0,131.54485733962102,130.54061330543556,130.5164192220894,131.04204777135118,0.30310952225580245,130.51588074007057,131.04301610033824
1266.0,1386.0,101.24046423648268,98.96618093045488,99.68703124329183,100.0879103977692,0.680900416774852,99.67390633435356,100.07433817787475
3424.0,3619.0,112.99292442287452,111.43334417741319,111.75926549402836,112.20667576202642,0.4701074976059683,111.75200045391728,112.20130913502324
10476.0,10815.0,130.17857316762127,129.1412564368719,129.13649123325382,129.66042402056902,0.3116803682206935,129.13791610386892,129.65937293467465
4120.0,4334.0,116.05261069702338,114.58836399861973,114.85068026735007,115.31458978479066,0.44135736132305364,114.84845951590299,115.31098996787853
13899.0,14288.0,134.5355656386667,133.60713399230252,133.5276748112559,134.06894337435855,0.2791868256853787,133.5293716922207,134.06906840738782
822.0,919.0,96.23413434393042,93.58661802218907,94.50952099601338,94.89102062998361,0.8011891193822186,94.49460596827714,94.87506217971003
347.0,410.0,91.77310475220916,87.95751234176387,89.45633054401469,89.81651275109328,1.1528876216271786,89.42117586335557,89.78343908238968
4930.0,5164.0,118.52152585918407,117.15526941174176,117.36131873409971,117.834012344956,0.4108158317583662,117.36065734483874,117.83411891610001
17607.0,18046.0,147.66188357858513,146.7512067084219,146.61161433279972,147.20645883126107,0.272511585389594,146.61385768977902,147.20928249295184
2162.0,2318.0,107.75664759043968,105.89297711222078,106.39377460194245,106.81658406880076,0.5612991660479308,106.38565442283885,106.8145891714266
1568.0,1701.0,105.5630203863638,103.42960646818072,104.06306360201069,104.48503428820264,0.6435966684913303,104.0554071887063,104.47680118384069
7191.0,7472.0,124.55152764607926,123.35997415589681,123.45425787758614,123.95254114453304,0.3590624525117322,123.45520497711945,123.95200907440494
2268.0,2427.0,110.91613944787208,109.0450391137445,109.528786660932,109.972384091576,0.566018161742675,109.52529660074512,109.96880968432355
1883.0,2028.0,106.21029215798707,104.24929810365417,104.80361416774232,105.22040990413059,0.5905577925587977,104.79442908211522,105.21563901778136
7980.0,8277.0,126.92145992755293,125.76174899338378,125.82884535040479,126.33843871189625,0.34650282758618295,125.82974641338768,126.33810908743001
2811.0,2988.0,114.86788970700945,113.11955356608992,113.5340564084906,113.986114287358,0.5289126963116014,113.52896441373736,113.98441469327449
1531.0,1662.0,105.81200152103219,103.65017221391126,104.29201691484074,104.71838927271375,0.653538860326933,104.2843122684718,104.7073065901526
4466.0,4688.0,116.96930827852158,115.55260962874218,115.79006589541879,116.25822794622991,0.4268438379765483,115.78936813519262,116.25537586714545
8609.0,8916.0,127.50304035876569,126.38825681820455,126.43447764366542,126.94468741895955,0.33688869601109894,126.43343697386219,126.94580170432054
2292.0,2453.0,108.5766926399944,106.74951749332496,107.21994212071333,107.65368164955079,0.5505047828786623,107.21621352227906,107.64745644083109
13677.0,14062.0,134.48923622468715,133.55702700664096,133.48255947039894,134.02220696199194,0.2820735655510722,133.4842647488694,134.02440422711564
818.0,915.0,99.89283589156008,97.12610825170546,98.0999001682358,98.48735774152914,0.8324460745151661,98.07582987842896,98.47048880302357
21939.0,22426.0,141.3842534911763,140.60965153954805,140.42606859883347,140.99500416173683,0.23453960323393425,140.4287004277007,140.9969681013702
1958.0,2106.0,106.76057178942926,104.82044972529714,105.35953372294709,105.78124143521238,0.5846156521988648,105.35240306779387,105.77734326248869
2214.0,2371.0,110.49327372439888,108.60990172879688,109.09113647894874,109.53835254117278,0.5695891062181655,109.08610929926024,109.52933119769422
3326.0,3519.0,117.28098082415197,115.63608323802855,115.98555724326745,116.45236626663804,0.49540593297788466,115.98242937426684,116.45055930383911
15090.0,15497.0,135.68371209495345,134.78166106310695,134.68348808326903,135.2311809670358,0.27070934044696904,134.68558871781303,135.232346077428
5040.0,5276.0,118.6375435252002,117.28303620822575,117.48077431613125,117.95511646719875,0.40743248981567554,117.48051573322354,117.9543301883897
24657.0,25175.0,144.75005162139655,143.9980535307378,143.79216910132234,144.37319902266196,0.2269129124713939,143.7937548690737,144.3758793319976
6426.0,6693.0,123.40767620510982,122.15666977136304,122.28481630629403,122.77894485590478,0.3764432931363243,122.28501910504933,122.7791263437807
15473.0,15885.0,135.8539357978194,134.96363875703318,134.8609802337867,135.40701250462337,0.2678767412203137,134.86240153157055,135.40862579640495
301.0,361.0,89.65331268417037,85.65243569976526,87.24717594126024,87.59716473522872,1.2017029576204874,87.19746098647592,87.55224805061619
80.0,113.0,79.04562913701236,72.61169280662448,75.38390013477556,75.68896122421097,1.9426244391313077,75.26557332400017,75.5736471635849
908.0,1010.0,100.03170889818061,97.39193977951277,98.28625815781702,98.68772931180207,0.7941265935040498,98.27430596586504,98.67604328212354
4706.0,4934.0,118.65848246784918,117.2575060577157,117.47695809066137,117.9521757194032,0.421636200091777,117.47626755986452,117.9505070982031
14783.0,15185.0,136.53300587097678,135.61808658072562,135.52279498983006,136.07295996153596,0.27671462597354424,135.52305927236785,136.07352719361054
1111.0,1223.0,101.5524673981923,99.12806458755016,99.91033345193564,100.31733508314782,0.7310092146836374,99.8997406543947,100.30363171680645
7617.0,7906.0,126.99291881600163,125.80978065850158,125.88492715223018,126.39776224904176,0.35627803171302463,125.88515753180259,126.39816878038977
6235.0,6495.0,121.74937224634262,120.50492295861987,120.63426036379425,121.12234583499246,0.3755112788229338,120.63453801981342,121.12210312491722
32173.0,32760.0,148.63468613651338,147.96532058014935,147.70176667963634,148.2992699531321,0.20274862360584606,147.7030605005815,148.3025797789869
908.0,1010.0,98.04048047646081,95.45487906421502,96.34137151109513,96.7285927890814,0.779006321594113,96.32375773439946,96.71363991398684
26032.0,26563.0,145.57458755725466,144.83861892292038,144.62086415663126,145.20656029859018,0.22148212218533658,144.62258518125233,145.20866022392858
14098.0,14490.0,134.40219812496497,133.47999323327767,133.40118510166548,133.94098175771128,0.27830321359268667,133.40231266665404,133.94189936252542
29755.0,30321.0,147.91770151811812,147.22050369577468,146.97199657349347,147.56867190765587,0.2100775155856934,146.97394223953512,147.56992760016703
354.0,419.0,88.82567313712347,85.169088534574,86.60845050212309,86.95404690817297,1.1012938716058451,86.57671275589975,86.92762693281817
5183.0,5423.0,119.7765496736219,118.42629713464498,118.61041571040523,119.09407785482071,0.4068885118390374,118.6088880573455,119.09373167892755
9028.0,9343.0,136.9253090640479,135.75013247372607,135.7845716724609,136.3342761226678,0.3543871463210475,135.78204844191714,136.33276349128104
21517.949999999997,21999.0,141.10287804841795,140.32111233441546,140.14057777600576,140.71145064857822,0.2358816183859948,140.14147561353647,140.71290276313715
26387.0,26921.0,144.0018402542372,143.281681185135,143.06353928031783,143.64062079803256,0.21773498292971483,143.0642518148409,143.64272986492063
24201.0,24712.0,143.67428161882276,142.9251285329926,142.71504955752357,143.29830871907706,0.2269493118578964,142.71708095999253,143.2992958543789
7718.0,8009.0,126.06511948863856,124.90181055784878,124.97634845350407,125.48161681821563,0.3506044196835917,124.97647611752065,125.48317001373671
25360.0,25883.0,144.54417485047688,143.807238571127,143.58995592160457,144.17559202121382,0.22254975310557623,143.59264338357588,144.1775205797843
945.0,1049.0,100.5714230963402,97.96659161721243,98.8393874683585,99.24536832612347,0.7837401414014826,98.82682948648103,99.23099772163259
1024.0,1132.0,101.35687779598145,98.83544097471216,99.66420924082391,100.07726602880746,0.7574674916887955,99.65398267537324,100.0608405797111
7171.0,7452.0,124.92684155940364,123.72777668663805,123.82048564087837,124.32609277284256,0.3614779473991757,123.81931685277131,124.32518930474805
27895.0,28443.0,145.48480906153776,144.77822578544428,144.54676790650274,145.13195954017698,0.2124961908492758,144.54904465150605,145.13376545729238
2179.0,2335.0,108.09605126366681,106.24196712297628,106.72801453389387,107.160265600594,0.5610645377641157,106.72283299442613,107.15798093392519
8731.0,9041.0,128.32489219196896,127.20680321391706,127.24567371806005,127.76137070267879,0.33666663471733727,127.24486951558228,127.76055205907731
9091.0,9405.0,127.58644457209174,126.50193429055558,126.52681455654192,127.04339226214603,0.3279560904323304,126.52840251792682,127.04367445013487
11429.0,11783.0,131.29496642869154,130.29459990821795,130.263088589306,130.79255259268294,0.3010980973752755,130.2625159770273,130.79269848538476
10160.0,10494.0,128.4038194045968,127.36633905775948,127.3650870725263,127.88173328845951,0.31233203588471503,127.36416881332535,127.88253905504075
22304.0,22797.0,140.6491952017823,139.87958762241342,139.69616211142406,140.2625584978808,0.2315843054218574,139.69867711190295,140.2638551737383
8155.0,8454.0,126.14630569026707,125.01032895828538,125.0687569118857,125.57665092276984,0.3420994429788148,125.06809963627015,125.57711095219798
5714.0,5966.0,119.20228916098378,117.9213561753731,118.07711308555942,118.55611572294153,0.385591986944377,118.07457369860761,118.55530577245364
5062.0,5297.0,120.0649216866993,118.704813997736,118.8937746049824,119.37754108993668,0.4129445318338856,118.89196475076368,119.37354210484722
9604.0,9929.0,132.29819627698288,131.1982656235531,131.2054298533393,131.74454573444874,0.3299735117669293,131.20591770744008,131.743593431206
1220.0,1338.0,107.50871630762582,105.05130434563542,105.82864971243701,106.26120995455656,0.7398854334604498,105.81796376715455,106.24732497165402
2129.0,2284.0,109.07837504420266,107.17730057358955,107.68301723012928,108.11979987161187,0.5741110190365184,107.67602526083046,108.11493322670212
28950.0,29509.0,146.5472940382727,145.8477413718542,145.60694679602284,146.19810075950952,0.21095941046940717,145.6098834040927,146.1992603723076
2527.0,2695.0,109.25157676289675,107.50635088051173,107.92726936294193,108.36917910417709,0.5282355161152691,107.92551353327812,108.36507009626227
4874.0,5106.0,119.97551986537226,118.58464066351578,118.79790586525682,119.27686076685612,0.4199520847931753,118.7965653312441,119.27816842483301
2787.0,2964.0,112.12200038504929,110.4075975015567,110.81153287464463,111.26290602987756,0.5162459221737832,110.80890292987942,111.25966206439111
5906.0,6161.0,128.13463940577867,126.78207096681103,126.93630497128213,127.45501962505895,0.4083729961909023,126.93558686552178,127.4527625978569
24449.0,24963.0,142.89871132289642,142.15597789733766,141.95096494069816,142.52579324652214,0.2233318433504103,141.9520897287884,142.52804412524287
3930.0,4138.0,118.65940928973238,117.125639803566,117.41032938234892,117.8882013461667,0.46154260121358376,117.40798891658581,117.8856955808168
4219.0,4434.0,117.76352446179877,116.30407770052811,116.55730167087474,117.0313487154083,0.4425348232870129,116.55398564641811,117.02750696468114
4313.0,4531.0,118.2033208141518,116.74850692527956,116.99463840445388,117.47101001669266,0.4388208219372492,116.99353666315334,117.46867899241103
4048.0,4261.0,125.02286798553912,123.42194484337799,123.71121708995697,124.21505351469214,0.48056006987990707,123.71169911632315,124.2140154366371
3539.0,3737.0,117.04552485870823,115.44732364866601,115.77098115619924,116.23960487048991,0.47925824831964653,115.76981459443755,116.23949369506958
20712.0,21186.0,139.84762603765802,139.05612825888807,138.88688312217718,139.4510971691012,0.2383181648964933,138.88926545783585,139.45338230729791
1361.0,1486.0,107.37223168436593,105.03198913062066,105.75671903412122,106.18808352146344,0.7004750260178729,105.74776331917933,106.17738083027899
1527.0,1658.0,104.36205712254628,102.2304033311284,102.86573345431968,103.28710088536468,0.6428225611198165,102.85573170029865,103.27369412172882
2253.0,2412.0,110.43356599334625,108.55067473839036,109.04061042117637,109.48085757150956,0.5639422195741948,109.03403911363482,109.47676020126362
3972.0,4180.0,124.24364084155695,122.65831099053449,122.94346220100977,123.44693650229081,0.4821096637445529,122.94203545963862,123.44158025296524
2306.0,2467.0,114.48350347766929,112.56290628397768,113.0604014368979,113.51619828061197,0.5811113290815028,113.05296763462151,113.51073807006635
21996.0,22486.0,141.11324549953,140.33779708345875,140.15429090945352,140.72464083298013,0.232711190489479,140.15621340687375,140.7259582661565
2382.0,2545.0,111.65659179649683,109.81466287647451,110.2828733349434,110.72764849761133,0.5548903095569073,110.27913199206507,110.72555094364411
6337.0,6601.0,123.76511230299187,122.50365404454706,122.63068429523568,123.13211528583311,0.3805831363503965,122.63234565585354,123.13010126400374
1984.0,2133.0,107.33957558419405,105.40111127917346,105.93469599222131,106.35960183854586,0.5825290546482506,105.92857990975281,106.35763506767205
3732.0,3935.0,117.35502880779829,115.80094014289244,116.10489534964022,116.57252145217646,0.46733268828600366,116.10111384213474,116.57110338899493
119.0,158.0,82.86449962829481,77.22300333076969,79.59664526476256,79.9245889054038,1.7028332515547542,79.50872897481601,79.83271124077207
489.0,563.0,94.13076541291547,90.81127161571277,92.06763736562762,92.44261403511798,1.0064520178359218,92.0435479134239,92.41629816996337
598.0,681.0,96.87363231652712,93.7598104424602,94.89565912537199,95.28311788154973,0.9387005511699107,94.87335064712174,95.25763421486015
15543.0,15955.0,137.35398498740855,136.45573318856535,136.35305539290172,136.90398988750252,0.270284287782363,136.35437385305482,136.90582000469223
1808.0,1952.0,106.88083889521462,104.8517310656076,105.42942298326213,105.85713869711445,0.6077900663355732,105.422621245088,105.84928426778475
984.0,1090.0,99.63454794796247,97.10925857086303,97.96446565802007,98.35420647692652,0.7632776747049493,97.9504680448296,98.34689223433914
396.0,464.0,91.0724557847861,87.50452380048301,88.89803598423462,89.25176773374793,1.0751483851356718,88.86757950063738,89.22708118712684
819.0,916.0,95.53832042301805,92.88444571368896,93.8043745910998,94.1889372176292,0.7977145283071162,93.79045968071523,94.16989553887365
1914.0,2062.0,106.18500243971408,104.23170530341869,104.77427000356286,105.19823126865347,0.5855589217649594,104.76820096363245,105.19205579137409
4997.0,5233.0,120.32753836401962,118.94081366698322,119.15061950297769,119.62994020931689,0.41578173055664763,119.14945662035053,119.63074576446598
751.0,843.0,95.951724594662,93.17775577627067,94.15412216035843,94.54136248928857,0.8313967520704102,94.14169868509097,94.52233312653406
2144.0,2298.0,109.07868887610357,107.19261354255478,107.69584589318815,108.12909997946706,0.5692647125779216,107.68968091309726,108.12500754818873
809.0,904.0,102.64191404377209,99.79328907517356,100.78936129587483,101.19339070312682,0.8639820445309795,100.77178991964257,101.1789749001907
1284.0,1405.0,108.6372755825332,106.22006204964184,106.98127028734706,107.41433310275053,0.7328859027575655,106.96963748085587,107.40295548688077
6153.0,6415.0,123.94519816938804,122.6593766648732,122.80171676061258,123.2989442718964,0.3861649565495669,122.80121239884032,123.29671766998112
1594.0,1728.0,106.91729010425969,104.77095747894886,105.41380924946216,105.83498089307379,0.6466697309467998,105.40447726641841,105.83083025097783
559.0,639.0,96.99270856041214,93.77359353309689,94.96855608077153,95.35442400629778,0.9730598928440126,94.94435818818489,95.32747503494828
627.0,712.0,95.9799133301031,92.95487996186007,94.05861272936907,94.44081652475855,0.9098651818139762,94.03950043734855,94.42047600059719
2396.0,2560.0,112.57149998880477,110.71847503902451,111.1828272043274,111.63759691728278,0.5574655204953388,111.18045721041454,111.63087659761497
2392.0,2555.0,110.08797625674096,108.28296255626874,108.7324872687182,109.1732960770376,0.5458183240539797,108.72917369778636,109.16779252082112
1180.0,1295.0,101.54987693858027,99.19752255238926,99.94920291051157,100.35574756228114,0.7114464583991578,99.94149600116673,100.3460667881189
200.0,250.0,83.3354820281777,78.85970849138249,80.68884782301757,81.02351575605582,1.345497791762164,80.64274811071841,80.96938388694825
1758.0,1899.0,108.239143356211,106.16001393461326,106.75838592885151,107.18695410778265,0.6219501517065341,106.75088175821749,107.18145259325479
1490.0,1620.0,105.66460819193259,103.47349534098319,104.14612703330286,104.56239595302411,0.6595337171231456,104.13426852112535,104.55532605384482
349.0,413.0,89.4524790948922,85.75150130744392,87.19998654497117,87.55120788941484,1.116855845502414,87.16561059561187,87.51829494316438
926.0,1028.0,100.17688061648961,97.58574195879933,98.465840154212,98.86330354035687,0.7883365269079594,98.45098874603987,98.84807377305684
262.0,318.0,89.19531738243893,84.97266656839247,86.66528600181654,87.01963670500243,1.2734227237010545,86.62020106363828,86.9710749768693
2944.0,3125.0,116.6354722775766,114.89798392634891,115.29336936034728,115.75654691334785,0.5229840203885358,115.28810468500527,115.75322347969866
801.0,897.0,99.20106153001758,96.42448608618741,97.40249532578797,97.79319363793643,0.8375498016476438,97.38544609451445,97.77963978638279
954.0,1058.0,100.31744651080419,97.74092683509713,98.60683897658268,99.00799385125933,0.7787193998040683,98.59352156381375,98.9916147884766
792.0,887.0,97.42468524704655,94.68636755099817,95.65125730306666,96.03484281615476,0.8283823061128782,95.63094701333587,96.01797631176487
1960.0,2108.0,111.82744932999346,109.79246199474348,110.35866559339142,110.80137510520056,0.6114518489509482,110.35271815045145,110.7976600872171
9936.0,10266.0,132.96469798185723,131.8772119776121,131.88707803469921,132.4197014532248,0.32674546302822566,131.8870683715847,132.42028095052385
1674.0,1812.0,107.62590480301466,105.5139507488019,106.1235004871812,106.55399173979733,0.6360403638578083,106.11686377062377,106.54515177524841
921.0,1024.0,101.15293420145701,98.50065872449514,99.39992034693446,99.80442778419834,0.7996619461664853,99.38842242497996,99.79070669097678
2622.0,2793.0,117.1662201770653,115.30973739372227,115.75777624843077,116.22828046327119,0.5566895647952479,115.75660569842749,116.22334800306012
498.0,574.0,92.46962978968587,89.21991883893703,90.44167195308252,90.80944726872977,0.976456505340325,90.42008028322324,90.78582610408941
1203.0,1320.0,102.87850188871386,100.51401019105877,101.26348880740818,101.67800102821265,0.713607621438703,101.25708872431738,101.6657741762365
1186.0,1302.0,103.20840228697432,100.82530274521551,101.59573117925407,102.00037432169856,0.7176754274154679,101.58553233601116,101.99588323386631
224.0,276.0,85.11413017307797,80.75987764610592,82.54773701569835,82.87391561184674,1.3101524159306561,82.49467008977625,82.82784968273707
1938.0,2085.0,111.59331993906727,109.56701574233175,110.12558761030589,110.5703133257858,0.6143486571672657,110.11976227180224,110.5631693755657
1283.0,1403.0,104.19920158796049,101.87861610868126,102.61448756771775,103.0267035202426,0.7008189757860631,102.60569293687823,103.01894894117835
209.0,259.0,87.29511277653422,82.66917619374107,84.57529218873297,84.91294960842608,1.3880221958899652,84.51830946516755,84.86013565427206
1065.0,1175.0,104.64944609739445,102.09324682090644,102.94334879323493,103.3556309451304,0.7685856451527507,102.9299749956887,103.34459607300342
355.0,420.0,90.46125658628483,86.72555933425177,88.19710680870051,88.55438426703613,1.126196939501384,88.16181499092909,88.51830883931648
1102.0,1213.0,101.37964503398965,98.9494585144219,99.74515877581094,100.14702546368295,0.732571991168877,99.73278233321547,100.13459462461098
409.0,478.0,89.85383661881271,86.39669116118996,87.73044693428542,88.08471923604247,1.0415903834696496,87.69726108750025,88.05161822863711
1129.0,1242.0,106.40057841987353,103.88171564466256,104.69828987850725,105.12193414234743,0.7623851351370775,104.68756532587781,105.1092766262143
217.0,268.0,84.84477918355488,80.45023046107407,82.2489824549815,82.5771981692939,1.3237554268928398,82.19175294435422,82.52343031441899
398.0,466.0,91.32464393111971,87.77262065589231,89.13632316505299,89.50276193347126,1.0753734727803512,89.10824834936084,89.46738648688856
213.0,263.0,84.63289649428448,80.21010685013498,82.02578132378278,82.35261079993641,1.3374952797055,81.97494809288216,82.3047947825562
883.0,984.0,102.8288577125398,100.07990717873307,101.01484194575261,101.42783335974829,0.8290023682037905,101.00102285019409,101.40775966246105
485.0,560.0,93.10841452995591,89.80271014051681,91.05536091660397,91.42224985247393,0.9994751161989209,91.02904530709333,91.39692390883891
1437.0,1565.0,105.6120001056926,103.37136823146231,104.05580478682602,104.47897577961271,0.6743104768522032,104.04749493799595,104.46723924719304
400.0,468.0,90.51469685806704,86.98230641935758,88.35435005266785,88.70697309836886,1.0646803991458005,88.32580265419188,88.68105323076115
929.0,1032.0,103.69485495632087,100.98889157927837,101.91103615219319,102.32281584106104,0.8181499795376193,101.89219183704091,102.30227664779221
116.0,154.0,84.40314786132929,78.5840606305235,81.03739316735607,81.3702041663271,1.7576132164377098,80.94436902381115,81.27134815663396
700.0,790.0,97.96401850948814,95.03613088002734,96.09150384532418,96.47533323388089,0.8817695069894523,96.07234643329649,96.45967020463787
4013.0,4223.0,118.31190805348506,116.80275169013885,117.07950802707556,117.5502683387494,0.45491173062040463,117.07599142976697,117.5483954407363
728.0,819.0,100.34081731224694,97.39637821462047,98.45339259765775,98.84620225749322,0.8870888404430002,98.43201046916442,98.82819027986207
1569.0,1702.0,103.7441910122172,101.64500889412862,102.26889829795937,102.67894263843168,0.6348002126979666,102.25875804005751,102.67123965170417
202.0,252.0,86.26941751219415,81.63744917899506,83.546577416456,83.88741266370234,1.3885259684930311,83.4944722490695,83.83058928132206
57.0,84.0,74.8811341700288,67.78251795125962,70.80901228844947,71.11942789345467,2.1343611076002427,70.66620481936792,70.95099908238693
1635.0,1771.0,105.59965659273529,103.50701597494933,104.11996587273903,104.54163464184562,0.6303454994135871,104.11173807278676,104.53147240448048
1514.0,1644.0,109.92616101299208,107.66267397771648,108.34448940650226,108.77926802552999,0.6796009593718692,108.33502804315313,108.7712351154035
676.0,764.0,95.88880676247858,92.97967027199694,94.02543731892813,94.40661847521247,0.8750212484299185,94.0096214574845,94.38791269429748
2229.0,2387.0,112.91763225583193,110.99702202819734,111.49998271621484,111.95126975887355,0.5801742982457021,111.49387552491316,111.94275527094098
64.0,93.0,75.61545463950674,68.81770106178833,71.74104952579815,72.0358508582742,2.063598969455278,71.59677799173996,71.88520472160113
17595.0,18032.0,145.0657216537768,144.17400737730586,144.03916369634726,144.61860966391015,0.26949488657636295,144.0410329252914,144.62077717022078
2110.0,2264.0,118.95965184211437,116.87303401568701,117.43133657163749,117.90463357556533,0.6283957021274508,117.42482222735248,117.8972188603382
892.0,993.0,99.20535841637223,96.57135369618963,97.47945185809556,97.8729227559538,0.7950609411732036,97.46710412062843,97.86010345064744
82.0,115.0,78.74604003563087,72.40911095793808,75.135383447639,75.43568721356546,1.9132698843022211,75.01500400547702,75.3173253825699
187.0,235.0,84.24900145339927,79.57202286515388,81.49149615665142,81.8244667430916,1.4097111258298523,81.43480283630707,81.76259903788903
866.0,966.0,98.55910177958623,95.90774409192566,96.82401390568106,97.21359386197643,0.8041598706290088,96.81062204833394,97.20065223232905
57.0,84.0,75.89607068590877,68.71854245871856,71.81503743627988,72.10036421042152,2.166294006001864,71.64908612985528,71.93706666743282
1350.0,1474.0,108.48098365288547,106.12103638631984,106.85644746001792,107.28454313935099,0.712518793316243,106.84710468672509,107.27679447368502
2767.0,2942.0,113.81488591535171,112.07358574751545,112.48359760318168,112.93660279723362,0.5253106379051926,112.47994020598178,112.93161782530643
415.0,485.0,91.64539020925692,88.1548589813972,89.50585206138689,89.86197547739663,1.0559368157037312,89.47805772338133,89.83848961937967
97.0,132.0,80.04508318459753,74.05947173488559,76.62663423087427,76.91775075109197,1.805286762681169,76.51170892166313,76.81889875432792
119.0,157.0,80.07518646010111,74.5808204360567,76.91390615929235,77.21524630679406,1.6506401446237422,76.82460268149408,77.1341219340913
298.0,358.0,87.92816991014917,84.01177532312067,85.57837963577971,85.91821144416947,1.180769611680045,85.53679969479283,85.88084980589186
700.0,789.0,100.75259566871397,97.73932539825807,98.80946382786132,99.21341896312235,0.9069534534417607,98.79458062081763,99.19376138503328
618.0,703.0,95.0601368434698,92.04909414137202,93.15195299211818,93.52608939886179,0.9059517992927492,93.13032386746134,93.5046993314632
2231.0,2389.0,113.6986197996943,111.7574266699906,112.27005276479542,112.71830183031653,0.5833255660337525,112.26216626982004,112.71370898706573
215.0,266.0,85.45029292957119,81.02694278784054,82.82902541227348,83.17783677009653,1.340030667665133,82.78546078865321,83.11856696815806
126.0,166.0,80.97130579465464,75.58657284796266,77.85763223084707,78.17278068237302,1.623631520739862,77.77674498685721,78.08941188584384
1604.0,1738.0,106.05694381766222,103.95137949779064,104.56803565026101,104.98971958850856,0.636620939094041,104.56148899701068,104.98211947228216
244.0,299.0,90.93582848215482,86.44170451842649,88.26171727562297,88.6144110445548,1.3448305825965932,88.21202319207924,88.56671408012832
116.0,154.0,83.4574686579313,77.69853363956565,80.13529847056475,80.46252488428529,1.746060410562222,80.04494199757917,80.36681646180988
352.0,417.0,89.94265226656347,86.22536556014082,87.6849510642884,88.04151549793575,1.123699666457124,87.65188619791813,88.00451909100094
263.0,319.0,94.01656203094058,89.5607115245237,91.36863214695371,91.73262341729627,1.3472788867936103,91.31885596462573,91.68524180099749
228.0,280.0,86.51964482146835,82.16216734510509,83.94536935297026,84.27822228523422,1.3225608707808834,83.88976142145917,84.22679327605191
277.0,335.0,88.53338544443416,84.42935483229432,86.08508645653855,86.42903506948794,1.2391513070501872,86.04298741033072,86.38884711477894
262.0,318.0,87.28894842142034,83.12831859543886,84.79823273076578,85.1465018670341,1.249152609278183,84.7599095285973,85.10004065028943
685.0,774.0,99.87936950182188,96.85447741740781,97.9488901728369,98.33995343453928,0.91404226272291,97.92510429272458,98.3179271464853
369.0,435.0,91.88998977643215,88.17033596397758,89.62612702982372,89.98564787966679,1.121371335504549,89.58555604887658,89.94489451777156
174.0,220.0,82.7862051028729,78.03832806412154,80.02040283680113,80.33153715511769,1.4356489688405085,79.95060125827278,80.27206607663945
478.0,552.0,94.2169067213869,90.83814347660754,92.11319315378647,92.49254203850839,1.015244274383399,92.09177415343038,92.46133284055652
197.0,245.0,89.15486745178349,84.31671707926675,86.3162094703788,86.6576674322397,1.4673851409371461,86.25626154232324,86.60230760724222
109.0,145.0,80.91197242426155,75.14944522222346,77.60618159611846,77.90552078431661,1.7332948928008334,77.50333707925536,77.81441153500589
150.0,193.0,82.7513915608899,77.67631638517112,79.7913117671235,80.1173922025268,1.5344119657685023,79.72408183867654,80.04427304139064
23.0,41.0,71.28732843495212,61.335332831885,65.57869649112486,65.85123605312506,3.0259603428786823,65.2462169409323,65.50807050050669
109.0,147.0,81.31534044157944,75.53968520467197,77.99748406594242,78.30298741304601,1.7305551618622368,77.89720865574427,78.20977682683575
289.0,347.0,93.19471308361729,88.96135893398387,90.64956506540808,91.02338796491524,1.2770935203508773,90.61011054957059,90.97313409062738
2807.0,2984.0,118.69737529909759,116.89035904625449,117.30268732603685,117.78453753898714,0.5435260255411588,117.29586665990608,117.77778961122156
346.0,410.0,95.27830726772257,91.29657177686424,92.84905353797929,93.22624193737973,1.1941710367542373,92.80902985724809,93.19177157542408
12.0,26.0,68.17448856627982,55.96399445747667,61.12701789444033,61.38677614588518,3.7506278554126244,60.59149178097801,60.83459137076724
14.0,29.0,69.35588529472061,57.62494952911474,62.637853527619605,62.87583812606346,3.6432665354450866,62.14849660351294,62.40261116871005
1486.0,1615.0,111.44696899024144,109.12742197017133,109.83699359671297,110.27323793074768,0.6987934535749194,109.82453084561426,110.26443303933574
451.0,524.0,92.79703875154574,89.37928014212925,90.6874341127862,91.05516161134474,1.0288247270449875,90.65789880297471,91.0235872571042
157.0,201.0,84.11486601527378,79.06626145745393,81.17348616264837,81.49637688897394,1.5235099885442156,81.10206801952654,81.42786881266838
100.0,136.0,81.86102247650945,75.84159403579947,78.40025645601607,78.71239639549566,1.8159103758396749,78.29517157407518,78.60943957572358
878.0,979.0,101.57115476066494,98.82866016382835,99.77860906607027,100.17957097561501,0.8189297027985956,99.7630356447153,100.16385158508125
48.0,73.0,79.57869942438639,71.47819982642204,74.97941738102162,75.27705267380864,2.451550043856121,74.78454368735403,75.08405159718616
55.0,82.0,76.5669033097085,69.20383396703399,72.38133158069378,72.66517195935369,2.219193461462987,72.20905442138759,72.49908735868146
6183.0,6443.0,125.94663813631514,124.64558798512726,124.79357485834363,125.29199315997597,0.3928305402515034,124.78964565139195,125.29090907166228
545.0,625.0,96.10114482475414,92.85330044775729,94.05544260948405,94.44011171204527,0.9719594241681477,94.03467501384952,94.4123046533157
1068.0,1178.0,112.26372130455911,109.51877270195597,110.43395721874148,110.87016046335928,0.8268910233248095,110.41670452470032,110.85952168752821
433.0,504.0,91.40172764297525,87.97019606235314,89.28790768577572,89.64914494925972,1.0327073775527835,89.25807856078178,89.61779986755819
116.0,154.0,80.21015183282695,74.66727280911567,77.02082394756923,77.33305796564893,1.6728546149515964,76.93644128828652,77.24569161232986
601.0,684.0,98.70063744980418,95.52152544485217,96.69056282178987,97.08144440058962,0.9613723388497158,96.66902562770824,97.05650501510331
702.0,792.0,99.38727564419892,96.41892998669869,97.48523818179272,97.876576784819,0.8978426216990638,97.46556394328539,97.8567626090553
943.0,1047.0,103.52651583640848,100.84952009456572,101.75453596914126,102.16745174715889,0.8068824861335779,101.74195551346097,102.15014443917626
4.0,14.0,70.0594892519245,51.65637820122189,58.9094399921453,59.15829066198247,5.7402584399288905,57.7451313903394,57.97575133454423
1918.0,2064.0,113.11951296167605,111.04181986719621,111.61942094844296,112.06655387727119,0.6275125059578787,111.61192926282173,112.05794851853676
926.0,1029.0,103.59748179507929,100.89337139739158,101.81334833208939,102.22354676080626,0.8203436490479258,101.79961636862792,102.207130188427
324.0,386.0,91.80558658321685,87.8402969052878,89.40643358895407,89.7730418189887,1.1925196603120563,89.37108083158067,89.72979442609957
80.0,112.0,81.91738273338294,75.24749269696308,78.07594363749935,78.41948994920428,2.0144358507083866,77.96372288494842,78.2765050273003
810.0,906.0,102.70103315674066,99.8400605304177,100.83445703953171,101.24417050446272,0.8626027013257007,100.82035879566871,101.22321046989362
352.0,417.0,93.59763042624905,89.71815591802586,91.24295062930963,91.60058326504864,1.1779152039490501,91.20440739689137,91.56888868011383
69.0,98.0,79.43141475855253,72.50060651530447,75.48990726015289,75.78703224783047,2.0869667393060913,75.35013217030854,75.65243521433459
788.0,883.0,102.88463373749686,99.98731010071992,101.0101493418568,101.41365358478852,0.8770026645221185,100.99596609531227,101.39969310940783
442.0,514.0,96.41626943284457,92.84198380693336,94.21083643465039,94.58583744625632,1.0832038930143695,94.18154899153164,94.55751973850626
223.0,275.0,96.71780902077654,91.75349623521419,93.78450447466491,94.15450701708966,1.4991258563708887,93.72131424016767,94.09715224183351
325.0,387.0,92.5223954958597,88.56013381360698,90.13709622874785,90.49404909587551,1.2019808947654957,90.09488673859906,90.45471399835918
498.0,574.0,96.2438768901011,92.86998119749472,94.15301095259281,94.52701994056022,1.0227458100070124,94.12831108385545,94.50347681750357
156.0,200.0,85.93516203527112,80.74287898365812,82.91305133304614,83.24487080919728,1.5658421975740027,82.8380635680092,83.16917646921269
2.0,10.0,71.85801883062412,48.42744624472302,57.08068143817874,57.31536748015487,7.1748668208638975,55.33999682994238,55.56064578273592
454.0,527.0,95.39740699404035,91.90483927867491,93.24576394162781,93.61419385518771,1.055964416178839,93.21559605426391,93.58752562128214
150.0,193.0,86.33633047070663,81.00115480783838,83.23750624677267,83.56823213357656,1.6001740618144384,83.1621318997765,83.49371676878522
251.0,306.0,91.04701337237574,86.61921074336777,88.41335406958812,88.7687033069871,1.3331146008914057,88.36303045371673,88.71559924330762
185.0,232.0,88.69350143054169,83.72876687841317,85.79633351781564,86.13779821816532,1.5002371615179857,85.72994491631958,86.07230794375599
2.0,9.0,68.08727062195122,45.81568258225278,54.76867682314139,55.05531100885724,7.390234725232482,52.93370099836901,53.14571887345318
5580.0,5829.0,125.04296550392156,123.68414373395859,123.86641835999632,124.3614141930218,0.4090923320218806,123.86595375430365,124.35990506311784
2932.0,3113.0,114.51386511821055,112.80580641903495,113.20073167408303,113.6478829920243,0.5130256058414204,113.19561685655015,113.64518928015356
717.0,808.0,102.06347827750466,99.0610266813714,100.13411750977028,100.53682579436916,0.9049879660371013,100.11755159487134,100.51588972393496
4680.95,4908.0,121.16248740284385,119.72817501812199,119.94333734865089,120.43883542304363,0.4335288454940403,119.9419426744358,120.43670332849594
27.0,47.0,72.1711297202428,62.84031048123156,66.87581830519618,67.14322787474025,2.8335329378589114,66.58376879267428,66.85584743207616
119.0,157.0,82.15368454692003,76.54900873801675,78.90629887867233,79.22871897934658,1.693680510585687,78.82069388830476,79.14244758797814
87.0,121.0,80.06493526472408,73.81379878121825,76.47348318675242,76.78495676455323,1.8971561127016756,76.34725159971926,76.65712052645236
27066.0,27608.0,147.18931464270895,146.46038019097412,107.32474966089856,146.8245722932147,0.5563293497543708,107.32119739675383,146.82650474607496
57.0,84.0,76.8612928354501,69.6100722140263,72.73208701517571,73.02747295636001,2.2031396943921497,72.5664236845026,72.86184277759376
89.0,123.0,79.50245365870818,73.33856110524064,75.9557404565272,76.26126448889896,1.8584071209654485,75.83803091421404,76.14799297009715
143.0,185.0,83.40585895002602,78.18861855628947,80.36777418277352,80.7074311737435,1.5769758376597482,80.30202769705619,80.63033887682482
161.0,206.0,84.35963949075993,79.32289734455561,81.42938342842159,81.7509529583118,1.5187159491536946,81.35435926188826,81.68832861083762
108.0,145.0,81.40157076246409,75.58168684262058,78.05120487682066,78.36869579528884,1.7508965600661202,77.95638853519318,78.27568311073973
82.0,115.0,78.80089718257722,72.4427378996211,75.14676340264973,75.46107627872541,1.9193297031292411,75.03489741303314,75.34228339586429
7440.0,7726.0,124.15628964357687,122.98562701136257,123.05908570186928,123.56774107670705,0.3513742970751715,123.05906750823105,123.56703534329932
79.0,111.0,78.29788163890701,71.89536065596198,74.62509049850982,74.93699232290031,1.9269017153235835,74.50747367703582,74.81291438678309
121.0,160.0,81.36867159512533,75.88718526280098,78.20873536795834,78.52948754448707,1.661154206503752,78.117468012164,78.437835709091
61.0,90.0,76.72624437465566,69.75067103508438,72.7521200288181,73.0477247101329,2.1166908405162204,72.59486062624305,72.89250581558579
119.0,158.0,78.88145171855098,73.5130438148092,75.7824901656396,76.09654340514477,1.6246193123581956,75.693881598447,76.00606722553212
88.0,122.0,79.58395709315744,73.35746672216665,75.98642642958717,76.31158059152106,1.8741336314874344,75.87784097272882,76.18883496219946
107.0,143.0,81.40528130178944,75.5625200673935,78.03198371457248,78.35437260976086,1.7646361171264553,77.93767680471431,78.2567834343133
29.0,50.0,73.0252922291821,63.871948760580025,67.8111211470439,68.0922489566541,2.769728922475526,67.54209285129066,67.81854825469937
611.0,695.0,94.00399041867394,91.00895469670698,92.10414032592502,92.4853896829774,0.9010227742632522,92.0839030220601,92.46404265089265
2698.0,2872.0,115.22886697669033,113.4289571832743,113.8604460671005,114.3216026175802,0.5410250301499373,113.85536917173069,114.3197916217689
6607.0,6878.0,125.77712507107938,124.5152262215023,124.62861032868493,125.14275571815556,0.3792634957330669,124.62716607345136,125.14268385014016
138.0,179.0,83.34092990054349,78.016244263862,80.25608515028,80.58487867096771,1.6065084739671345,80.17849794659479,80.50472034994705
131.0,172.0,82.60276563987753,77.216557703743,79.47945106456203,79.80997577895083,1.6200879544060265,79.40236487181305,79.72442013781904
282.0,340.0,89.32441640716152,85.24052965801326,86.87313274205849,87.22855939092037,1.2402391797915016,86.82770146842047,87.18472924366598
149.0,192.0,83.02725878425902,77.92794068126092,80.06352712561063,80.38654775435992,1.5433326858257104,79.99331445482412,80.31895869905526
663.0,751.0,100.88870259200581,97.7941115415012,98.90680678718033,99.31842763635547,0.9319221216170142,98.88775516133556,99.29872081718239
163.0,208.0,83.44196263177595,78.48796679040453,80.54825473790427,80.86912849626019,1.491417811859821,80.46987753431405,80.7965529888989
270.0,327.0,87.56698701575468,83.46841804423458,85.11570614481978,85.46022135611649,1.240618324635303,85.07593246669789,85.42082205108272
83.0,116.0,78.6570949616478,72.36109126331444,75.04645101169521,75.35544863172973,1.9099610469045358,74.93058758754322,75.23371856687491
456.0,528.0,94.73251765317227,91.27140113610025,92.57133604198839,92.96133340265067,1.0389244116545107,92.54944789283051,92.93403340445713
150.0,193.0,83.20697742561079,78.07892686769614,80.22411212640041,80.55291478834518,1.542986202790695,80.15327366208143,80.47652458508134
176.0,222.0,86.9001991911368,81.93593554570235,83.98426422666672,84.3373761091397,1.4940248845826865,83.918485391448,84.2682010206735
260.0,315.0,89.08657902063756,84.8420795895333,86.55645189695713,86.91145309835356,1.2824663845496245,86.50476948682785,86.86445124981923
741.0,833.0,98.36259159125514,95.50555621124946,96.50490288356714,96.91168639604835,0.8618207142244433,96.4923117095148,96.89290256834931
64.0,93.0,77.14139445781629,70.19000072942674,73.20970622185176,73.49335438413179,2.0987878251653913,73.05659276782339,73.3520745784055
348.0,413.0,91.46912844407885,87.64894959658696,89.14667716212794,89.5142628331583,1.146782796617286,89.10927825680177,89.48020268230442
632.0,717.0,99.02811552509222,95.91754369235748,97.05151610017073,97.44922608432559,0.9382260487440035,97.03262538519185,97.4265354259973
2840.0,3018.0,114.11036015165122,112.38413546807163,112.76847665194289,113.23801480237121,0.5206276174753076,112.76550862215086,113.23394700494258
839.0,937.0,100.05522647180929,97.30544419398267,98.25846462592663,98.66528374096364,0.8265251610987565,98.23954073606781,98.64811532431455
132.0,173.0,85.7804163409407,80.20863218929182,82.56306733233953,82.88434611772458,1.68469406041165,82.47035466551246,82.80370014645314
445.0,517.0,92.66731626587926,89.23619153936261,90.53377247304846,90.91287321497649,1.0318741526075463,90.50669259385978,90.88325639388147
445.0,517.0,93.0084787520903,89.56653467255552,90.87510048556406,91.24554726075262,1.036661795003018,90.84237698968545,91.2194527323052
107.0,143.0,84.50129886002509,78.44445628325275,81.02129377365195,81.35074530424569,1.8313819280899586,80.91792266996602,81.2449742046298
320.0,382.0,94.95997085510514,90.82921593860942,92.47728231276561,92.85045452804856,1.2370443455356965,92.434494127863,92.80700591454075
659.0,746.0,98.07425061777944,95.06958426554377,96.14205145940662,96.54218311101334,0.9061119196899484,96.12161504220195,96.52108228071336
163.0,208.0,84.03838770491723,79.09578569929107,81.13319919084685,81.47588330098434,1.4944648940391105,81.06727607676456,81.40279928710665
474.0,548.0,95.03403783521729,91.62121899989151,92.90489526932859,93.29289272366036,1.0309134216084763,92.87831450290213,93.26407633052341
569.0,650.0,96.58319366877835,93.3938954230418,94.55618176468595,94.95163202199876,0.9612469128250651,94.5341142314679,94.92540716751247
1866.0,2011.0,110.99793354335682,108.93175643993482,109.5003636824566,109.95368884098934,0.6211054364814985,109.4909423565677,109.94446057467475
991.0,1097.0,103.9164796565724,101.2918496323378,102.1608821779954,102.58762544633606,0.7927054867802108,102.14807549360842,102.57234906969533
627.0,712.0,97.80587274638003,94.72292917278725,95.84128031726479,96.2437318564307,0.9311279382800773,95.82352051429255,96.22127466347285
254.0,309.0,89.89232308016076,85.54161064445165,87.28285233106348,87.64633413828261,1.3031085058271357,87.23029082862485,87.59285172715526
106.0,142.0,82.87822360966852,76.91231247033457,79.44136957225956,79.77145894608014,1.7964357114066334,79.33688236323722,79.66685498065905
912.0,1014.0,105.74685959338692,102.96338904616296,103.89906113469966,104.33070531587005,0.8402886903397956,103.88439827112097,104.31701975381986
255.0,310.0,90.66298832045709,86.32297926331927,88.069237035574,88.4289935719068,1.312695218111425,88.01938818993862,88.38530628033033
1215.0,1333.0,105.12074083410383,102.7184648316859,103.47837321895825,103.90557447752781,0.7202162139872965,103.46875483252533,103.89688147114312
187.0,234.0,85.41149769343566,80.67645854177502,82.64112900560124,82.96905922630714,1.4279043325395238,82.58233290761764,82.9165441771389
775.0,870.0,104.46924407088571,101.50208879671993,102.53202624323957,102.95947118214119,0.8950273348759857,102.51591488570733,102.94346090726549
55.0,82.0,77.4444034632426,70.04502189418433,73.22913090355641,73.53115629942896,2.2473015519270723,73.06557436443222,73.36087475820847
25.0,45.0,74.84270595454076,64.86329847901969,69.17468029065378,69.45514839873344,3.0433571255097003,68.84957382851414,69.13564848648514
99.0,135.0,80.50397440847554,74.54796661466632,77.08201333995393,77.39329880289725,1.7985037572411033,76.98030172041342,77.29234732659998
22.0,40.0,72.01121031226835,61.87162599173488,66.23421513588082,66.52300914763944,3.104157296348385,65.90501590776378,66.17747543183474
47.0,72.0,76.06333511432882,68.22026532540141,71.60140892008506,71.88804284498569,2.36813902566528,71.40513495839848,71.69504417857766
71.0,102.0,80.14297150492429,73.25289666585292,76.20063188058447,76.50938663073039,2.0796184898076144,76.05381592678525,76.36858733883572
107.0,143.0,80.57246111121823,74.78949620260092,77.24126046174274,77.55515295783174,1.736751681122393,77.1402262117028,77.4531715323039
37.0,60.0,74.33970866852336,65.90201454015805,69.53912857640962,69.82750987625694,2.5466893586265447,69.31441742255764,69.59601652557083
61.0,90.0,79.31775154247923,72.04266993868619,75.16484797895944,75.48934477615116,2.20734021954679,75.0196571875512,75.33059215179037
65.0,94.0,79.24938542465719,72.17664271073984,75.21522704264662,75.51677560324093,2.1351391231949712,75.06757365660903,75.37280272696776
130.0,170.0,85.81400507451062,80.17478361516082,82.54187411274776,82.87737759387358,1.6921564880886493,82.4492929093655,82.79235674019786
88.0,122.0,80.21328388991729,73.93856094478225,76.61817128081961,76.92085513291671,1.8866286209434957,76.49463617146459,76.80538126103708
55.0,82.0,79.9116986371866,72.23130356963964,75.54594359814581,75.85554270711256,2.3176125783595363,75.36380679891963,75.67740942358951
144.0,186.0,82.94640333344616,77.73871568085791,79.92143413916598,80.25051041741783,1.5660971182236167,79.85051365683198,80.17474514367697
334.0,397.0,91.19039797027752,87.31728896169207,88.82825291448094,89.19740852592466,1.160386742787846,88.79289743005216,89.15730572065132
56.0,83.0,76.87208764598168,69.55797809653623,72.7235035651356,73.01026561037837,2.217254803020645,72.54930781321059,72.84498185827472
49.0,74.0,75.8604014093631,68.22256253279392,71.48758884273701,71.79792038513659,2.3282830765271316,71.30714736469096,71.59704308527952
193.0,241.0,88.12532537847513,83.29239026944256,85.2735305597631,85.62481557658134,1.4548336077898294,85.21387680943903,85.56726064635572
575.0,657.0,97.30906796362622,94.11825925607542,95.29263866857175,95.68312066283833,0.9599010058310418,95.26970748889434,95.65614736770956
879.0,980.0,103.31654696352045,100.54529647914336,101.49488271399512,101.91331739096238,0.8353711875950401,101.477356225023,101.89798801600878
279.0,337.0,90.4345598508222,86.25443203424777,87.92779856098699,88.28312602825223,1.2522093221819934,87.88463948663251,88.2424885477529
618.0,703.0,97.64915826321466,94.55599444940484,95.68424928990252,96.07604570084132,0.9285380964237414,95.66038911587337,96.05622071557278
63.0,92.0,78.3469649898299,71.26134473615043,74.30363650030029,74.60706112031832,2.1430112208299397,74.15196675050302,74.45428978604018
220.0,272.0,87.89880990796385,83.36583811074175,85.22040765435244,85.56806662752658,1.3625199845685507,85.1605696762999,85.51319109963438
47.0,72.0,75.43638652751324,67.71749637882138,71.05297561880494,71.34761020694961,2.3349637814777653,70.86689245421572,71.15649160796697
292.0,350.0,91.22801955147978,87.11675936023494,88.75252314614117,89.11864341583825,1.2428981035925755,88.7146540970722,89.08229874262132
348.0,412.0,92.06016434376248,88.2503950253035,89.75988544934165,90.11879922068205,1.1529928745823983,89.71303901482821,90.07896839806986
135.0,176.0,85.28177183548902,79.7818726753903,82.06963187525862,82.41726229678997,1.6623109912879248,81.98754159436558,82.32756345703757
187.0,235.0,86.39200733108342,81.60186065840793,83.55950843522317,83.91541751614787,1.4445492591907558,83.50363217671787,83.84650232839573
1575.0,1709.0,114.27086232638891,111.95793647160122,112.62892840414248,113.09907893235474,0.6966410711955315,112.62349267150772,113.09248226321674
502.0,578.0,95.49960009820698,92.14818780384569,93.41086971203819,93.79205332535771,1.0095481266544974,93.38465474582223,93.76745557746543
47.0,72.0,74.62814274134367,66.93746444427418,70.23891413840305,70.5289441288118,2.3156799407648037,70.05704384066978,70.34605711787194
65.0,94.0,78.11842671218437,71.11509381489988,74.11863584363971,74.435599826663,2.1103441623758665,73.98057912718474,74.28366229229692
82.0,114.0,79.57470808425809,73.15841818505992,75.88861055457674,76.19927654685992,1.9391314931131707,75.76972168315966,76.07978915195388
66.0,95.0,77.62324356968139,70.70693069591948,73.69708820761956,73.98698427617195,2.0905959387716573,73.5438176489621,73.84561794851041
78.0,110.0,78.38190203206518,71.92148558769823,74.67774088171238,74.989366707626,1.9428891718615537,74.55932288012684,74.8655623540901
1147.0,1261.0,105.1745269828026,102.6915813556646,103.49600254216838,103.91917283738688,0.747910772855201,103.48260359565371,103.9088280426787
177.0,223.0,85.50389233070358,80.65265365755907,82.6514791536136,82.99310975652554,1.4714892330479885,82.58806652146971,82.9287907050526
36.0,58.0,77.29496755867831,68.37625787263407,72.22945407154587,72.53627160066002,2.7231838020501895,71.98375703332147,72.2835491407849
235.0,288.0,87.43226873256724,83.05672922854656,84.82376373175475,85.17921299641343,1.317035651565483,84.77964899817907,85.12900364652546
161.0,206.0,85.93393198003022,80.84437824859808,82.95783705933239,83.29938548720808,1.5438876554187342,82.88814579429034,83.23233136037626
147.0,190.0,83.77001317113063,78.5943503329635,80.7467510285094,81.0860012614502,1.567996301810088,80.6774790453648,81.01107480726428
122.0,161.0,81.44221404113728,75.96898540847859,78.27580938477715,78.59765051258604,1.6531862198474625,78.1849062105779,78.50663415336665
858.0,957.0,103.17042925567405,100.38247495874911,101.33229230073322,101.75229343143306,0.8395042802810068,101.31720361997041,101.73742032567127
98.0,134.0,79.53749781661027,73.63562827944999,76.13451899245555,76.45362446979622,1.7813522510573792,76.03352123559583,76.34673965905793
3160.0,3347.0,118.77147360174509,117.06545535477947,117.42774760630064,117.90924232020197,0.5142082908352261,117.42403672982859,117.90886004459756
220.0,271.0,87.3134409403451,82.80773352646938,84.63382396282645,84.99117016324738,1.3524580639521342,84.58127158877889,84.93219078327306
755.0,848.0,100.23758178727188,97.35390749650739,98.36682591679676,98.77251352791936,0.8709697267127505,98.35139394567709,98.75538512692854
43.0,67.0,74.81813634013118,66.80422467148107,70.2522884100011,70.55047569533383,2.4245171249316915,70.03853297783934,70.32984194523976
227.0,280.0,86.99344631975637,82.58946638458949,84.37712890252965,84.72974376131369,1.3331799405665798,84.3246152157561,84.67550176448474
13.0,27.0,69.59795345644916,57.48558267277167,62.60351627175674,62.883086410042445,3.7322322129239334,62.088565460556545,62.342765000020265
272.0,329.0,88.15460148590317,84.03107783360632,85.6861485130908,86.0449690820256,1.2405239369540297,85.63954511755615,85.99587693277677
31.0,52.0,73.38362474722835,64.46711420670448,68.3027861940661,68.58967098997125,2.713304507539459,68.0467351670623,68.32519921198825
71.0,102.0,76.64437694205012,70.07501868420245,72.89673561322734,73.19904266789645,1.988040789927387,72.75519939171294,73.0577690197825
21.0,39.0,70.81719426159906,60.66474370510387,65.0011697501193,65.27449183524114,3.0853892216452965,64.65291659671145,64.91804801046378
221.0,273.0,84.68893959868659,80.33424661339049,82.10072087040585,82.44639208469842,1.306969956274538,82.05133218611583,82.39211659304073
112.0,150.0,82.01000871606084,76.2676213306022,78.68710211041129,79.02461792518227,1.7347290031113283,78.59915529554547,78.92044015576026
796.0,892.0,98.63003766003501,95.86476028702106,96.81899448218061,97.22298502492131,0.8338409235389256,96.80178186763371,97.20368867715574
135.0,176.0,83.65520921492697,78.26039980817553,80.51751227534095,80.8521417355787,1.6240536384198536,80.43432990196474,80.76268520393664
2260.0,2418.0,110.03000119676766,108.17594411003031,108.64075203855084,109.09053375920888,0.5593831921712582,108.63672714006114,109.08722237482647
120.0,158.0,83.6405345388405,77.94957802562922,80.3595232581425,80.68115002762522,1.7134863488773446,80.26502875725242,80.59289240461271
455.0,528.0,94.35044664515928,90.89361129117326,92.20795770895943,92.58900423796267,1.041826947753109,92.18512235361189,92.56026456380428
245.0,299.0,85.68469176632546,81.49352181774077,83.17228977141255,83.52627610370457,1.2617442179318408,83.12708458001127,83.47181933535268
108.0,144.0,78.51437057873537,72.93432337520531,75.30245258333336,75.61297627437793,1.6906858022324112,75.20658067237041,75.5189286195429
68.0,97.0,76.87807813277236,70.14172202088442,73.02450930820424,73.3432133741191,2.0385478730559963,72.89024903467049,73.19357691486825
19.0,37.0,71.98651850359117,61.28669711443715,65.87927441928508,66.12969831182727,3.2574458172784375,65.4919531632211,65.7591223160161
416.0,485.0,95.28204543752173,91.645226509844,93.04025161715023,93.42085506239921,1.0973971674841139,93.01348493497987,93.39212109881596
157.0,201.0,86.91496422985433,81.69971346956764,83.87732511396288,84.21077287453545,1.5794646284913196,83.80782357683096,84.14954835659508
340.0,403.0,90.18601166009053,86.3904883970222,87.88400553243842,88.24322269341074,1.1428607770341885,87.8461100481497,88.21236216224062
31.0,52.0,75.77589292943983,66.51800910475636,70.51822619024061,70.81177754268427,2.8021450178299774,70.24984089003519,70.53641897395308
3265.0,3455.0,117.72072611217587,116.06075782555783,116.40677999562334,116.88682691303279,0.5010008987846162,116.40060129972665,116.88164029648073
96.0,131.0,83.0666115891706,76.81959441027868,79.47640291785945,79.7992904187054,1.8850448021850679,79.36876450035848,79.69341676782942
16.0,32.0,72.37317402197716,60.82452665313633,65.77324380396126,66.03642033795562,3.5270087541296045,65.33048445838082,65.59761390398961
13.0,27.0,71.68912445220862,59.16509757392669,64.45979421703466,64.75070253113608,3.818649136936339,63.9449257496848,64.20663809846404
88.0,121.0,82.06894066084111,75.66692584066953,78.40190379803325,78.72059722169453,1.9359622986284986,78.28620325395418,78.60676659839037
4955.0,5189.0,120.08666593341299,118.70235825642322,118.89740165619764,119.39091986970683,0.41623220073732803,118.89574962450803,119.38913004861327
37.0,60.0,76.52974932100354,67.83450000740116,71.57478525472186,71.88010676038749,2.6228945587940826,71.34109248066888,71.63287340722194
116.0,154.0,79.0671510553286,73.5981050906903,75.8914804587543,76.21591053838809,1.6430223587830786,75.798715520699,76.11374348397574
167.0,212.0,82.46702266746071,77.64088399734433,79.63483502667864,79.96817207976463,1.4512066586294161,79.57030140864879,79.90132240046741
33.0,55.0,76.08135693571245,66.9873841173368,70.8940208058732,71.1916755662203,2.7570904809843966,70.62647282579395,70.915723023049
1321.0,1443.0,104.31611618342568,102.02202405170118,102.72624070841165,103.15144557905379,0.6891185191770048,102.7125339844781,103.14064316247847
30.0,50.0,76.08116055347597,66.58167277940596,70.70814759944622,70.97102140658122,2.882373671884913,70.39926452590551,70.68740448764959
51.0,78.0,79.65131993770804,71.78809806470768,75.16134345716759,75.48386473836999,2.3917796429522538,74.98201628874227,75.28992686742353
40.0,64.0,74.02576402804374,65.87833996009434,69.39013618782145,69.67142770115125,2.4645123483373985,69.17984938255837,69.4693307671857
100.0,136.0,79.58682380134465,73.70552284513126,76.20239280301195,76.51197107395286,1.7684503546262187,76.0952404084909,76.41352041094096
79.0,111.0,79.35710959663813,72.8668596836413,75.63373153115727,75.94955276887991,1.955385000040028,75.51074794700985,75.82650618242842
1.0,7.0,74.09503330713065,45.16853129031601,54.851126092262355,55.07390743110153,7.948999362614528,52.79812374242536,53.01420104943327
771.0,866.0,100.35552864625554,97.49501050905842,98.48543233503177,98.89890725918772,0.8587138820085084,98.46831328306325,98.8800116181189
67.0,96.0,80.73487231067907,73.6008717783689,76.65891952936882,76.97661671043329,2.1591959171193977,76.51413917186562,76.82853739672122
0.0,6.0,67.94248475670642,42.62240150941673,52.71885314044611,52.89425380449576,7.754612638727298,50.9259332427666,51.13621428584784
7.0,19.0,70.54236062222239,55.226478192157145,61.53822876512675,61.795821559943285,4.7311571169482605,60.733924551463545,60.98476791639935
24.0,43.0,73.94782012015118,63.923599506874815,68.23464420653634,68.51205448383052,3.0305749815684395,67.89370683587234,68.17412487116438
29.0,49.0,74.36818116115263,64.97768375125456,69.02735375169247,69.3131013714626,2.8466057978141768,68.7421283861831,69.02582907581386
5423.0,5668.0,132.28894439395785,130.83114017384645,131.00548041374563,131.55404699065312,0.4408625993451688,131.00315398648368,131.55164085938122
4.0,13.0,69.18537314676472,50.72415361002136,58.34570713301171,58.60151814155835,6.138483049542452,57.024265273761195,57.25933100666248
548.0,628.0,95.74727618959432,92.5384835753563,93.73483288764734,94.11613994444956,0.9619142116306568,93.70982298415768,94.09669280762894
2550.0,2718.0,122.25082791271106,120.30840939720521,120.7653956113595,121.27442515630237,0.5891128839802326,120.75993775010086,121.2682430508051
60.0,89.0,77.33553448237296,70.20115185475305,73.27949361094635,73.57135247306037,2.166056011243654,73.11740957690994,73.41884396864742
721.0,812.0,96.64273327525865,93.80055869606933,94.80503713982291,95.19512553170028,0.8563915671366036,94.78394042736325,95.17502357949127
624.0,709.0,95.27520428247108,92.27066430108822,93.35838918437709,93.74587599853417,0.9080834707417754,93.3358789607082,93.72082682122657
902.0,1004.0,101.05112752732833,98.37663255167787,99.28377823738712,99.69556469447627,0.8035148059098268,99.2722962388117,99.68322637747588
1111.0,1223.0,104.17876169283241,101.68441381872402,102.48503823633764,102.90946670038939,0.7492291737648817,102.47095789347132,102.89686920425433
3565.0,3764.0,118.49616162634274,116.89082088160843,117.2062067077215,117.6874394094485,0.4812947066803109,117.20135612335338,117.68432232932878
166.0,211.0,85.37185035972338,80.37749314428525,82.43023930693465,82.78183939672765,1.51336620858684,82.36553532351657,82.70697369525342
80.0,112.0,79.8036464089953,73.29040914042538,76.05461893011744,76.38394607664485,1.9592632941333747,75.93722764567373,76.25187642636443
351.0,415.0,90.65346226066607,86.91371752920064,88.3762382771272,88.74258114298449,1.1295218536570466,88.34256687331145,88.70799937347668
83.0,116.0,79.45160781647026,73.07554234649257,75.81027696798336,76.11562331990427,1.9184639253218896,75.68560382385026,75.99858349640319
683.0,772.0,97.76929658639294,94.81258196561221,95.86145188191298,96.2644820706746,0.890145169360565,95.84104214227878,96.23660624111639
666.0,754.0,97.11892004733633,94.14260555842257,95.21040332166503,95.60934413668622,0.8935141423014119,95.1926514123605,95.59015733272187
1942.0,2089.0,108.31621652714314,106.34345768656847,106.87732104040965,107.32006541311307,0.5943611241166199,106.87301347091982,107.31440949518182
409.0,479.0,89.73632831470869,86.29214700837957,87.62644362003617,87.98642984737955,1.038779095483084,87.59927043427521,87.96008815757754
612.0,696.0,94.21534055787016,91.22832125738681,92.31312863489222,92.69262079730325,0.9032817125273441,92.29226533411068,92.67120038682258
307.0,368.0,92.3085607915372,88.22655927175538,89.81656100058967,90.2048664171544,1.2284129049590042,89.77735379112221,90.15520584480304
954.0,1059.0,103.12825212876267,100.46488503526741,101.34848702832714,101.77270443845771,0.7982341624575893,101.33130787825996,101.75576014228355
426.0,497.0,94.44386065589597,90.8675247452161,92.2330056619396,92.61574228167821,1.07592993294378,92.20412501909142,92.581655463785
38.0,61.0,72.92535645931831,64.7721457100439,68.31650556147608,68.57766645302897,2.4846171021001684,68.08302773037096,68.36756712135403
535.0,614.0,93.60420572533022,90.42659031114154,91.60678213086564,91.98354841491795,0.9541891477313736,91.58053117410867,91.96228105465427
284.0,342.0,87.41187420002738,83.41966407631995,85.00939374862197,85.36544433241737,1.2089141505201801,84.9633689016319,85.31743880807093
308.0,369.0,88.38410962014456,84.50260450808548,86.03681848724652,86.39383924600625,1.167935223287419,85.99544529250342,86.35352586196295
189.0,237.0,82.67331851859421,78.12290515879482,80.00757053511481,80.33567999444445,1.3737270966034445,79.94322220172812,80.27572239574098
379.0,445.0,92.85354295462642,89.1466416245959,90.57853287435024,90.95535009531304,1.1208923688363692,90.54655858963888,90.91903011285568
899.0,1000.0,99.67943381872496,97.03647164629186,97.93320876721852,98.33861385380234,0.7945441986463062,97.91381422493966,98.32179997283114
493.0,569.0,93.07015150928316,89.78190780749973,91.00502864348006,91.39403307969698,0.987554863792126,90.98010452202348,91.35951453868697
19.0,37.0,72.17388428360981,61.45957008376979,66.06525649309746,66.340029167716,3.273374202727453,65.68248383447343,65.95240408484972
2340.0,2501.0,111.00993252749512,109.16689237126023,109.61927200221531,110.07708980831141,0.5578734163806025,109.61364188915367,110.070610227472
20.0,38.0,72.29029547391423,61.771352569995244,66.26953044223501,66.54558898943405,3.228140195015938,65.89744932021182,66.16803739058724
346.0,410.0,88.80407820454116,85.10344461205652,86.53292989079229,86.90280012239151,1.110691269919059,86.50387048110908,86.86444253858087
23.0,41.0,73.78324149636029,63.4905996555215,67.93865380240133,68.20585040844146,3.1234255755602574,67.57215793785593,67.84905057454924
267.0,324.0,86.31178918278687,82.24334241129134,83.87543441036527,84.22546281889092,1.2282851052112804,83.83650681935102,84.1864488069677
30.0,50.0,74.98645379312461,65.59212292146529,69.64319835434569,69.93184363655092,2.8467377917176284,69.3622607798902,69.64714927176306
198.0,247.0,83.27115245120824,78.78410682786065,80.62561106934552,80.95536227725945,1.3568780226277053,80.56720426070761,80.90244650821434
52.0,79.0,77.99041936917152,70.3443638139076,73.64532920764634,73.9412856119581,2.322020712500323,73.46646473583242,73.76836491370855
4960.0,5196.0,120.09237447435827,118.7006016839099,118.9006383267237,119.39439546982665,0.41576296510936,118.899157502732,119.39387256221049
365.0,431.0,90.25976869081107,86.5839730231382,88.00265247451026,88.37528961536013,1.108996213575402,87.9679394616108,88.3357850012677
110.0,148.0,79.54552618729868,73.94303093200621,76.31943747212053,76.62525457654816,1.6922062862105953,76.22113567610515,76.53954316015557
57.0,84.0,79.00309952954672,71.51556399153395,74.75226134273218,75.06167055000346,2.2634619502050515,74.57636897575604,74.88206482450238
118.0,156.0,80.57754603941423,75.03895738773221,77.36064338073608,77.70131483990237,1.6618727105206845,77.28335982103687,77.60662264891666
85.0,118.0,82.2875394131976,75.76988388764433,78.54204325216337,78.87537557077542,1.980523650352086,78.42830978516469,78.74973863187073
413.0,482.0,93.25066277775723,89.68526685181031,91.0455937414944,91.42647723240209,1.0767222430206196,91.01610832724639,91.3971016401244
259.0,315.0,89.17542599884699,84.89980758563651,86.62142611938445,86.97749356455061,1.2855831434459712,86.56609961191951,86.92910102921522
25.0,45.0,74.78094487671706,64.80745365023326,69.11977488920994,69.39330940613966,3.0293889495543143,68.79377768245674,69.07606818038384
225.0,278.0,87.9791923920077,83.48734182386005,85.2973777288095,85.650724462309,1.3451956306154471,85.24717918180325,85.60494448921006
3.0,11.0,69.85708524733226,49.58847164666315,57.58591619100069,57.88732605725858,6.589032633280947,56.09473028721709,56.32484625182117
242.0,295.0,88.05448494420573,83.71226021442673,85.45379650082623,85.82592274894279,1.3075790786069446,85.41428213009674,85.77209769886969
213.0,263.0,89.93189907151101,85.23184231180593,87.15213924587403,87.50910197268836,1.425106831046949,87.09479482191826,87.45273607831196
646.0,732.0,97.93368108817033,94.89519462649808,95.98561324216459,96.38696481919256,0.9107324827342916,95.96773541074987,96.36935510315769
67.0,97.0,80.55196883918043,73.46829835162237,76.49777021463721,76.81425948666424,2.1323237746681816,76.35233095173527,76.66561164910985
882.0,983.0,100.22043638551115,97.53111586498136,98.4418056205444,98.85147651134248,0.8095673961854501,98.42563829563579,98.83696004711837
123.0,162.0,86.22180856023328,80.42446739989367,82.85079227592404,83.2019856882629,1.7490607269151892,82.77065734775057,83.10900402697828
213.0,264.0,85.93904766107963,81.45269841850329,83.27607361092733,83.62781269299992,1.3464514240337193,83.22786460694499,83.57525110517594
536.0,614.0,93.99854246094529,90.82526091387027,91.99953429004435,92.37903731169239,0.9566262421826829,91.97338010268462,92.35651547320491
80.0,112.0,82.9788649866796,76.20383779691173,79.08440106100001,79.43366598942127,2.0444360493322606,78.96193663424312,79.28511088188267
713.0,804.0,96.36879273187617,93.52788931959005,94.53800323394186,94.92923557410754,0.8610501659003018,94.5194789008794,94.91310080276564
532.0,611.0,93.9612607241093,90.77542378083407,91.95235554457038,92.33820566987283,0.963046915293511,91.93444851128402,92.31755339984848
181.0,228.0,83.20962619095245,78.5128078471503,80.4505000348091,80.7772937509776,1.4119192762816664,80.38881120194827,80.72393567750052
785.0,880.0,106.13437150600161,103.12294590128536,104.17419679834796,104.60184252005632,0.9083606241624348,104.15645484864176,104.58135897879355
150.0,193.0,82.37471594798981,77.32577993692763,79.42541123651125,79.7576906401001,1.530858450515795,79.35940057688249,79.69013246493964
1028.0,1136.0,104.34014093033998,101.73683969484152,102.58768717224677,103.0158053215586,0.7820143179523809,102.5778429215309,103.0060392858036
79.0,111.0,78.31686492233897,71.88156062590727,74.63710260936247,74.94962882598864,1.9355335818916597,74.51071329909244,74.81906086286133
1535.0,1667.0,116.44872667145356,114.06312109167338,114.76809329551969,115.23633156292088,0.718595958135545,114.7574786326724,115.22517543541457
98.0,134.0,81.87587713825377,75.80504831345839,78.37363408858528,78.69806715671479,1.8340049904348992,78.26624168383702,78.59319171602317
488.0,563.0,96.42216940800532,93.01432074055923,94.28633415271463,94.6806775185835,1.0290754482120195,94.25969881648763,94.65351076666022
1470.0,1600.0,109.76708594481033,107.4620198780835,108.1518843328972,108.5997274430332,0.6890562246840702,108.14022406225311,108.59067216626002
749.0,841.0,103.49331818108242,100.51113429179019,101.5528898789938,101.97644280708317,0.9052780678623734,101.53081725268474,101.95360683276411
2505.0,2672.0,121.9505457903629,119.97806754964152,120.4651124193124,120.95542722435717,0.5944043016361421,120.45938726383343,120.94965866519071
70.0,101.0,79.48227492348317,72.6251697002391,75.54351328464251,75.87609907847,2.0648653961028254,75.41964444360457,75.73530735970397
60.0,89.0,79.89320936447845,72.5322043710739,75.69300516537584,76.0112743981137,2.2267397161480647,75.550004887151,75.85759303639635
307.0,368.0,92.25508508394985,88.1869618371285,89.79226812477224,90.16561230451539,1.2266996278307023,89.7492303998151,90.12418600845488
47.0,72.0,77.23264606882903,69.26203964884708,72.68277583934918,72.98784050826782,2.4016467810810935,72.49915884884152,72.7943435017639
3607.0,3806.0,119.91620365305697,118.30749298655574,118.61415259433295,119.1040444495007,0.48479619340069763,118.61287734654866,119.1021072533997
43.0,67.0,76.98058005547627,68.73474402708595,72.31083717265827,72.60305880739281,2.4932025420537323,72.10681118042852,72.40070637868241
1380.0,1505.0,111.37708373689695,108.979807971587,109.7148452033429,110.16603962629134,0.7215866211383176,109.70717317286429,110.15368046360075
84.0,117.0,81.12541835302954,74.61774142800603,77.39431502553508,77.71169689953919,1.9567594515985751,77.26019885997877,77.58423447734096
154.0,197.0,85.64429441486693,80.4686259188133,82.60835777625961,82.96578790402687,1.5702966457141874,82.5379819214338,82.8841727213336
308.0,368.0,93.05740139240255,88.95781295959328,90.57472752604241,90.95257029494657,1.2353328701282076,90.53296412670603,90.91126777413078
30.0,50.0,74.25061793785608,64.94585362615128,68.94640268449263,69.25075496096427,2.7994224820369786,68.67290088647063,68.96145705283062
442.0,513.0,97.43266355776638,93.80146414620759,95.18519710228048,95.57541113300553,1.0914109978117639,95.15910133279782,95.54883883956211
539.0,618.0,98.70823670650516,95.36387609715744,96.58779327925588,96.99898113091808,1.0053163832021241,96.56307915953536,96.96946108756897
872.0,971.0,105.47738346990832,102.6366700974569,103.60095623051424,104.03720145696863,0.8540787091350203,103.58705335306993,104.02082602173017
422.0,493.0,98.11285965024965,94.39016247073744,95.8151222745682,96.20932009526013,1.1250708693613485,95.78365528186002,96.17441847668759
68.0,98.0,80.27866675755094,73.2810172082255,76.25209342891475,76.59105712893953,2.111430482348841,76.12225338835206,76.44202962802719
67.0,97.0,79.99647620239162,72.95072502926845,75.98052575846314,76.28420722055726,2.126078035051703,75.82677490998162,76.14557302226578
77.0,109.0,80.3920111984585,73.73167614583059,76.5822474546625,76.90768680052932,2.0041502381455105,76.45630243045322,76.77748594141252
204.0,254.0,89.66484617775419,84.89044937751392,86.83732501782782,87.19695115072948,1.4420922870939112,86.77663462332782,87.13243584131169
68.0,97.0,80.88609346819331,73.77900085508358,76.8162322148464,77.15321982751767,2.1511112630873743,76.66439537082137,76.98663746640378
8.0,20.0,70.00284504001168,55.44073230718279,61.49501871291619,61.75924013305342,4.527713149931572,60.761196264971844,61.010533889407036
1.0,7.0,73.05921017746255,44.655257726858395,54.21844796438993,54.41546530259505,7.818475490223173,52.18695449476332,52.406358598375526
309.0,369.0,92.40086746272745,88.3388595761782,89.95008347914289,90.32353689379318,1.2253160166381107,89.9074046161204,90.28458061180116
364.0,429.0,90.57099400288551,86.8900278884988,88.32099156597127,88.68717191738996,1.1090814449073165,88.285779195322,88.65512938047557
29.0,50.0,76.78043688323035,67.19168421915906,71.30503497465233,71.60745243854755,2.914973613626372,71.01341043191019,71.30476453365044
50.94999999999982,77.0,76.74997137363157,69.13081748541822,72.3970194196816,72.70812224683543,2.311274203738769,72.21974129705747,72.52265470744234
67.0,96.0,78.28924576649135,71.35237687723999,74.33213201407665,74.64394948617928,2.0850591678872723,74.19868282005001,74.50965024512539
259.0,315.0,89.22734843229905,84.95917146590607,86.67006178956865,87.02973799696478,1.285125276663652,86.61930202314112,86.98186281784827
713.0,804.0,99.26625440374146,96.33492833343533,97.36885142295672,97.77271780215071,0.8823139003068374,97.34946980078887,97.75256409295085
682.0,771.0,102.92123353741466,99.80429824116302,100.89695296678993,101.3298051941419,0.9361300816793089,100.88026222484581,101.30399656200728
53.0,80.0,79.75277395003467,71.97388954094254,75.32744772719815,75.6326961381527,2.3619329868585557,75.14687313660798,75.45520433236464
71.0,102.0,80.80895725380168,73.84244519552642,76.83830973649401,77.14256149148495,2.091477547212896,76.69786804193554,77.01262009784763
58.0,85.0,78.89560855107608,71.49780068154811,74.70115176292323,74.99799771968333,2.248065812713526,74.53130457128331,74.83731004693948
165.0,210.0,83.94738840005297,79.0156421887907,81.05881582265283,81.39850898087514,1.492661677685796,80.99419869248271,81.33355401403442
24.0,44.0,74.68626930028378,64.57196804847436,68.92376301855053,69.21690598111212,3.069566129279866,68.60531170196501,68.88720236033863
120.0,159.0,80.80249849826613,75.33293322542261,77.63412369516946,77.95740080635046,1.6509729168456289,77.54166201651763,77.8666868349241
16.0,32.0,73.12763574447686,61.43475846373152,66.45523544920832,66.72432669731742,3.5903573332502114,65.99756673163674,66.2691046114802
129.0,169.0,81.27469124582356,75.9203547127071,78.14510409782531,78.48865514210334,1.6159052262214417,78.06431071532873,78.39170603405653
105.0,141.0,82.99528773501144,76.98980059882352,79.54238381383738,79.87151941039389,1.8145673507030962,79.43902612000306,79.76546810903795
522.0,600.0,95.15333561182813,91.88561226768353,93.09977735830033,93.48910627614418,0.98675739787129,93.07426912273276,93.4654392472336
137.0,178.0,82.97815329281347,77.65690399637485,79.86368457466608,80.20987332747292,1.5976944714804286,79.78588567659367,80.120903068345
76.0,108.0,77.54883869663138,71.07736934168594,73.84416291004015,74.1450079973208,1.9490232164795742,73.7146516721605,74.02390840571094
29.0,50.0,72.71480270627258,63.602842763075536,67.49060163357878,67.79682781605209,2.7531861942450373,67.23940473673431,67.52231952647321
988.0,1094.0,103.2501643558518,100.6260629165823,101.49601979437186,101.9199576794159,0.787876991976435,101.48073202870408,101.90772851702889
659.0,747.0,102.22696936406403,99.07493924475594,100.20887227447268,100.6255537106417,0.947199551651178,100.18952008761693,100.60314932670735
169.0,215.0,86.24796057328572,81.23024849415147,83.29388830238628,83.650165396601,1.505885577380225,83.22861943291167,83.57987505736695
55.0,82.0,81.27873448392896,73.49000362406636,76.85444834367848,77.15602051087258,2.375668308812727,76.67109808742471,76.98719804889741
218.0,269.0,89.23651749605853,84.61448728302777,86.50017398906121,86.85144929168223,1.389580012410954,86.44309787761414,86.79527749246849
141.0,182.0,85.56750095347357,80.14314358642619,82.40167318946033,82.75067766516129,1.6333598540007082,82.31748004074696,82.66522820276471
123.0,162.0,85.74517696870197,79.95858427616311,82.38599568388415,82.73544220785026,1.743120678334704,82.29371376427957,82.63251822823445
61.0,90.0,80.6236554716485,73.21804273750081,76.38990024048903,76.71407476751469,2.234730084498946,76.234123533115,76.5483738397039
454.0,526.0,96.92542808683399,93.36760702644615,94.70276310151579,95.10658905586206,1.07775148225535,94.68022639536417,95.0792547736705
77.0,109.0,81.05072653670832,74.34878669829077,77.20962217419175,77.54530304970896,2.022081974247625,77.0904984421491,77.41513673596174
143.0,184.0,86.23350239493232,80.81366268496687,83.0741449036726,83.41692596092886,1.6384262118687678,82.99112130261825,83.34161399590394
70.0,101.0,80.04507929356097,73.11548646409486,76.08629760225661,76.40055466947433,2.0837723180835845,75.94266378117753,76.25607484440148
77.0,109.0,80.49929975594745,73.81754679529917,76.65360589208576,76.98999521068716,2.004809622484011,76.53554098535513,76.85797097559887
397.0,466.0,94.65151024187493,90.95095813225896,92.36866390270207,92.75674054106153,1.11772112699265,92.33935628846406,92.72748777865574
1695.0,1832.0,112.07727326106439,109.89509917816144,110.50869162299547,110.97094643999897,0.6579339595523525,110.50801350491375,110.96465401337747
2800.0,2977.0,114.36832238147727,112.62861549967528,113.03143949281382,113.49434886159602,0.5275418112041423,113.02591280371412,113.49282465297375
375.0,441.0,91.14175942957829,87.49949738561058,88.89879323676419,89.27777021833019,1.1010317218957473,88.87251713461919,89.24075180727802
63.0,92.0,78.20782959951474,71.14575717759062,74.17432125447885,74.48442287571778,2.142292992798648,74.02808475812432,74.33438564493576
37.0,60.0,74.74242961102556,66.2720323184633,69.91254919794412,70.19327426951779,2.5711880634594833,69.68192406810788,69.97042684466908
421.0,492.0,94.51900637386188,90.91055660856915,92.29618183641446,92.67385618157529,1.0835790454431133,92.26873430716614,92.65024936367847
193.0,241.0,85.67954408537646,80.98343899737148,82.91366927888858,83.25039608878221,1.4149659388540698,82.85135938746643,83.19415714938444
179.0,225.0,85.29484505161713,80.45607824607919,82.43239153587925,82.78824631294933,1.457193048299647,82.37469220851052,82.71927514764958
20.0,38.0,71.77406698723263,61.27943174132299,65.77116920331859,66.02562635291378,3.1939612294226842,65.39549037379881,65.66605726090806
21.0,39.0,70.1362937120842,60.03729657533776,64.3621617535734,64.63947340010002,3.07831593299994,64.01072565289503,64.27841501920966
341.0,404.0,92.00612395421376,88.14753311289529,89.6565777296294,90.02641844710833,1.1603832448803482,89.6247588971131,89.99564256102076
14.0,30.0,68.89637718634734,57.38970081665007,62.25551571929101,62.5339570347364,3.5060352143991236,61.79716741832719,62.05578761191956
1274.0,1393.0,104.27346901070347,101.94742846282425,102.6730191955839,103.09523450789432,0.7010144339269315,102.66391993183544,103.08789646329477
139.0,180.0,83.05251302006664,77.77030359439729,79.97182646109941,80.31145335722978,1.5892913948680656,79.89478044146215,80.23011148851964
2322.0,2482.0,113.85034317205408,111.949271060189,112.42900122032277,112.89344538987014,0.5732140123865418,112.42222280411717,112.88704735466645
36.0,58.0,73.38457170230976,64.89225978540465,68.55376687664946,68.80920143587183,2.5791344641304432,68.30538653046227,68.59183737757284
39.0,62.0,75.55022480624126,67.16196667469428,70.78068453079327,71.0861016928949,2.534509296096903,70.56521780014194,70.85771152560335
116.0,154.0,80.4723785018668,74.93731485908303,77.26422215861813,77.589273295857,1.681342121586764,77.18407233284857,77.50711871673029
515.0,592.0,95.93443139835239,92.62038834578544,93.85550963277242,94.2464370175311,0.9978512046110167,93.83421043103047,94.22300269886533
110.0,147.0,80.70591979794672,75.01817144348361,77.40410762783729,77.73801234156034,1.7175041954015446,77.31188661828531,77.63582646268992
70.0,101.0,77.94246368443997,71.22729228993529,74.115059003483,74.41937234837731,2.02711949192997,73.9813199651011,74.28763656903601
176.0,222.0,84.0185336940862,79.22927197342129,81.2001012797785,81.54328250690082,1.449053951842617,81.13947726367665,81.47929900607043
64.0,93.0,77.92725335729979,70.91069431807351,73.90380500229978,74.22476179663958,2.113992535726996,73.76654085961032,74.0714596180648
675.0,764.0,97.23701397367999,94.28035086864163,95.33439693570446,95.73151417317182,0.8914723837354674,95.31379603770571,95.71270339586243
398.0,467.0,95.09743447373668,91.37312933041764,92.81276905240807,93.19764445071584,1.1216523278566388,92.78166303660261,93.16567248037386
1170.0,1285.0,102.0036637950309,99.61581257961782,100.37050750897588,100.79208883985996,0.716066964234826,100.36252205515449,100.78163460932738
258.0,313.0,87.5623509786373,83.38307774429285,85.06418065795627,85.42091377336291,1.2620479155087891,85.02121236792827,85.37650597121163
30.0,51.0,76.0702542028506,66.64700758009857,70.68906115527706,70.99702595016964,2.8412491897921592,70.42342264019149,70.71463748575353
448.0,520.0,97.0556656819712,93.46821619055186,94.84067270548212,95.22434795278791,1.080709344155397,94.80471531420537,95.19565239178954
301.0,361.0,90.89840991302263,86.84095328107276,88.44505370406311,88.82070760434605,1.2195980686474563,88.40553204794698,88.77631669561846
5937.0,6193.0,128.70915945924492,127.34933270473928,127.50468873218715,128.02495092933685,0.4092429055704197,127.50061442053267,128.02665353540363
417.0,487.0,91.88096087437606,88.36975363528613,89.6990735827378,90.08225728647146,1.0541188108174886,89.67214970943871,90.04664105874434
201.0,251.0,87.99020018489475,83.26998234912006,85.20362870754559,85.56018868215513,1.4249327668852858,85.14581676338194,85.49650736714933
136.0,177.0,81.57436411714993,76.35480128415317,78.53800770941949,78.87161977013245,1.575513866713823,78.46122276877435,78.78835315582891
38.0,61.0,76.09985463935374,67.53371952834705,71.22875781295697,71.53622183283778,2.5806393291101726,70.99942044717586,71.2908562259058
541.0,621.0,95.8717887118147,92.63358197660342,93.82823810303148,94.22411533725837,0.9723235440475054,93.80083335919518,94.19284607491304
635.0,721.0,100.75800732996576,97.61559348867021,98.73856808019053,99.15535684484202,0.9521868119316299,98.71881780369955,99.1340888210514
59.0,87.0,79.32591570473879,71.87956626678579,75.07429692042986,75.38879517194228,2.2389474969629597,74.91616676228278,75.22511257880176
41.0,65.0,76.8164752141922,68.42429920491347,72.01239086505083,72.33803428626861,2.53823448539673,71.81446034845301,72.11730684880915
534.0,613.0,98.04046061052789,94.69610030521139,95.93005205329152,96.33671469638256,1.001169246131359,95.90845658011975,96.31229585070854
10.0,24.0,71.36183190125044,57.82765547049525,63.52097228325991,63.779370052032434,4.154432734276017,62.890683691381405,63.15576953944127
55.0,82.0,79.6585441515313,72.01831805291248,75.30370111364148,75.61857893087385,2.3217869129621933,75.13368763603795,75.44203931601471
193.0,241.0,88.69154528561415,83.79493987591968,85.80173958570879,86.1608059658844,1.4622259669672508,85.74450206155991,86.1057092923988
185.0,233.0,87.07644047153383,82.21407185052428,84.21114290291894,84.56576060669227,1.4648064412292983,84.14958812984325,84.5030116460338
249.0,304.0,90.64587094294781,86.24053229243646,88.0231380311708,88.37865101890532,1.3304919337208885,87.97587408524576,88.33608388111082
3.0,11.0,68.44530603793015,48.67466449411963,56.52724594115421,56.764706670508076,6.502501974987221,55.055282853980245,55.28081935522053
4.0,14.0,70.13377978442193,51.74381313327159,58.96067512388588,59.19297966880461,5.74335524085503,57.80152488257379,58.037939010349675
3.0,12.0,68.96256774103325,48.976945867913244,56.895172415081504,57.16118816263658,6.581590708003145,55.39799956084981,55.624928758317196
7.0,18.0,67.68859408292374,52.499152313183714,58.76789921936568,58.99360253179628,4.753503066763137,57.89191112427516,58.13350312146326
4.0,14.0,70.59508145978258,51.97294095878138,59.30431940646756,59.578582262508604,5.793603491827226,58.12397251903428,58.36273315991929
76.0,107.0,80.95301082310435,74.17019671767837,77.06022951402059,77.38875832985116,2.0476325131875077,76.93042780352205,77.25360918597706
25.0,45.0,75.05502093818605,65.04664170398956,69.36223801475651,69.64175933849428,3.045689381323559,69.03953814286567,69.32274304763926
84.0,117.0,82.57072270523722,75.95159254787964,78.77893275801515,79.09802456285728,1.9936020579661637,78.65561838734521,78.97820138917673
116.0,154.0,83.56155600217372,77.78760974675616,80.21722456218997,80.55234407735995,1.7365156545198706,80.12845620747498,80.46536933502729
110.0,148.0,86.11569334546749,80.04513488896427,82.615184240637,82.95199745900031,1.835874667498417,82.51517509167049,82.85450401298016
36.0,59.0,75.99645992834334,67.31423993724219,71.04343831522755,71.35749829094034,2.6450906391061473,70.80596760300595,71.10416163611846
755.0,847.0,103.3348306939731,100.3661509189152,101.41237494500032,101.83375725688158,0.8961986860609757,101.39283674357176,101.81885393493256
0.0,3.0,47.115692661024624,33.468952881667036,41.20508909107736,41.28029381501398,4.568560064274353,44.595939531195874,44.77877374781168
898.0,1000.0,103.87339427395612,101.11821979712482,102.04684262787869,102.47551925980132,0.8328431904439066,102.03037048768142,102.4593620252496
4.0,13.0,70.5368204399168,51.48524747886157,59.23037230195394,59.48815808645506,6.219776808065824,57.8763995066731,58.11390902908569
11.0,25.0,72.49487639847679,59.0930139404365,64.7181170954584,65.00105678796655,4.109004010502138,64.10150051636103,64.36464137052148
353.0,417.0,94.01675607929349,90.14252264306896,91.64079598426372,92.03423125959438,1.1726026969488752,91.61548229955798,92.00032083714136
1.0,7.0,73.85413552556557,45.16068000724346,54.88591025525363,55.07811540228036,7.946957965881212,52.80145447461922,53.01826441328493
3.0,11.0,69.90045591980027,49.64802304405809,57.69219089671996,57.9284157684434,6.666007720253839,56.16925602748707,56.40001206103863
154.0,198.0,85.9894379121998,80.76791491102463,82.93518973903562,83.27733008583591,1.580972456850409,82.85806288832403,83.204910202669
154.0,197.0,87.36564538632258,82.0431941012359,84.26384600266097,84.60233188153066,1.6023763746511004,84.19131935091107,84.53630277218672
46.0,71.0,78.71623363520054,70.51967125285697,74.05560189157168,74.34481292442157,2.4829875369342536,73.83722375009468,74.13976692987396
24.0,43.0,75.72667956277958,65.48202388049025,69.85671612319354,70.17389947363978,3.105106227055375,69.53303801950426,69.81822158385549
1350.0,1474.0,109.8976372592728,107.51285326873092,108.23144852485731,108.68624230809081,0.7183276005545969,108.22326418129386,108.67738261409666
46.0,71.0,79.14610394354412,70.90715487592652,74.47681828918931,74.7904089027928,2.494725810212289,74.26681577355392,74.57155874570469
32.0,54.0,76.59493749365694,67.30039352696022,71.34199808671165,71.61131184466468,2.816602090803666,71.05894859430992,71.34989695160981
2153.0,2309.0,114.43116868991913,112.44337597736671,112.9636117282719,113.43199678200409,0.5985683416654195,112.95724691144483,113.42331476310918
0.0,6.0,68.3474521021113,42.73251007378224,52.825439409302845,53.00944526650397,7.781777546009329,51.02513606177663,51.23425223785956
50.0,76.0,79.91107585711833,71.86818841718043,75.3240179548591,75.62884064633828,2.4420150211285074,75.13847917610694,75.44685014293277
654.0,741.0,98.31308590459814,95.27516116357484,96.3687454091,96.76802385058856,0.913711494959574,96.34995803394762,96.74594328409057
283.0,341.0,93.62082370884048,89.29929454637724,91.03185886164444,91.399841175218,1.3014371989396953,90.98575706679763,91.35802502060965
251.0,306.0,92.03242272753326,87.54483643507089,89.35723464792508,89.711722767353,1.3531807544679526,89.30022783909725,89.66664820141212
121.0,160.0,81.76854832957615,76.22525826454243,78.557976121933,78.88052354398893,1.6717256463087746,78.46883656287307,78.79045738292126
47.0,72.0,74.02358809123612,66.42769471970975,69.71347471558451,70.00673931517854,2.3027974383423238,69.52355274927666,69.8082765232092
258.0,314.0,92.50076119770367,88.06602975878519,89.84695592953437,90.21709953370402,1.3411455490774513,89.79876844997149,90.1686683545546
211.0,261.0,84.94009413677499,80.4866849236515,82.2950171291686,82.6383593449737,1.3433217494477407,82.2478427224172,82.58490371029436
310.0,370.0,89.72736604042689,85.79156333310188,87.35830498750958,87.7112669546955,1.1936678071620195,87.31656920006697,87.67545947898758
215.0,266.0,90.16983951892621,85.46253683452132,87.38594521006975,87.7384894698122,1.4223682164860654,87.33026487618325,87.69028757513257
421.0,492.0,92.05770234303468,88.56650083063039,89.90194076511207,90.26986487906564,1.054382888660567,89.87103447497861,90.23893915768892
129.0,169.0,85.17335940777767,79.55677493795986,81.92031054873213,82.2570371656231,1.6887477127078083,81.83542306722555,82.17181345432759
232.0,285.0,85.33709634336277,81.05579954748995,82.79069386326812,83.13054185366312,1.2927718710528098,82.74088314298295,83.07826366667673
7.0,19.0,71.00999528413175,55.58109653124831,61.93628996283885,62.21857911159557,4.777013349924108,61.134611310852854,61.386673507972
603.0,686.0,96.63981470390395,93.53274111686672,94.66154087880213,95.054257887296,0.9379495392524091,94.6412472688945,95.02937943297732
10.0,23.0,70.7276545464875,57.05263867278336,62.809385556936355,63.05855941835301,4.253234305594331,62.1480995200509,62.403094337676265
250.0,305.0,86.18955668418238,82.00366584790999,83.69090074629386,84.03259402725172,1.2657778731091618,83.64461204077628,83.98552052411057
44.0,68.0,77.55658018737542,69.30455299998957,72.85204226102489,73.17080844023234,2.491175616398455,72.65591301614447,72.95449399589933
37.0,60.0,76.70634345666085,68.02008529772688,71.77604006454686,72.06675635511,2.6411327546741625,71.54595179360874,71.83945094001135
13.0,27.0,72.1791304585334,59.57990050754388,64.96260991028811,65.21103267174475,3.8762071582301694,64.39522484257854,64.65963053294819
151.0,194.0,87.5752983631092,82.19015422699776,84.43445040697739,84.78838388094589,1.622503788249161,84.35964741620705,84.70709968577899
27.0,47.0,71.949625972431,62.65919652223952,66.65093446124902,66.93847808889231,2.8303731896177133,66.36062366637982,66.63189764491595
114.0,152.0,84.33532399647967,78.45826152219468,80.95179582284626,81.27861251094329,1.7715251223137312,80.85511291294267,81.18704960101348
29.0,49.0,74.08017276652896,64.70321992331056,68.75184111381044,69.02529686048021,2.853160791507108,68.46466356864777,68.7467065216023
801.0,896.0,103.47843794556978,100.58099037818305,101.59516839795778,102.00814608964632,0.8731563862876756,101.57748278693208,101.99328055603291
300.0,360.0,92.33087149928082,88.19528693192802,89.83873401840343,90.20678861619658,1.242601907629931,89.79791529163786,90.16866500881731
1.0,7.0,72.16215861868201,44.15418850070836,53.54458599728708,53.772307476176515,7.712036756281821,51.53755968918018,51.7504299433951
14.0,29.0,74.56530340284641,61.728959109672005,67.13897260956448,67.45107846284643,3.8967625844906433,66.6080125718811,66.8817611003338
99.0,135.0,81.32790853135906,75.2839423938663,77.85132223391678,78.17822866049055,1.8196679708662586,77.7518924301411,78.07291211720432
166.0,211.0,89.18617947831419,83.941208487169,86.13216005223211,86.48020955315862,1.5928510433827205,86.06284321662304,86.41633218672824
417.0,486.0,94.1702632518585,90.55815980213987,91.94190078246116,92.3234394884317,1.0827684095082453,91.91470966209656,92.29448158239241
46.0,71.0,75.84036261328977,67.96672915190108,71.3826942647237,71.66653377204602,2.3811229108399594,71.17858763517202,71.47350676300636
167.0,212.0,85.26400072096405,80.26775313436941,82.33417330409029,82.6811929999878,1.5045203530290052,82.2667229651998,82.60808552798876
99.0,135.0,80.50528473490289,74.52821915754392,77.07005380220515,77.39145281093892,1.8019036996577844,76.96706815809239,77.28492562658627
115.0,153.0,83.10990684893896,77.36196461835854,79.7945868301898,80.1148308507156,1.7500888117142428,79.69937469706494,80.02996869120204
0.0,5.0,62.8647728696,40.834183912886324,51.297252719629,51.46385237745975,7.162021500408888,50.736581788844624,50.94528322585777
281.0,339.0,90.9908973578705,86.80466644504654,88.45612542465754,88.83158780040414,1.2614579172341702,88.41231651478317,88.78194789536606
7.0,19.0,74.3887274439497,58.28111603791158,64.9569756130295,65.20346270987879,5.036502358013049,64.06818580952229,64.33137408376028
286.0,344.0,92.74079053991015,88.51556397942979,90.19089577183482,90.56884560029222,1.277161915855776,90.15114204689893,90.52883325472241
43.0,67.0,80.76891919079029,72.06770825103627,75.81296382388102,76.13744501631105,2.633723856095657,75.59310503049224,75.90391456283622
44.0,69.0,80.27517626066653,71.80694857536422,75.42947593889227,75.76670336218005,2.5661988646623337,75.23947404885598,75.54876111286715
16.0,32.0,71.82903908335007,60.34607445877871,65.22098219481433,65.51447115888722,3.511898252530084,64.77489032225682,65.04829621983325
473.0,547.0,103.07611028860455,99.33575019573567,100.7546293046771,101.16465209844341,1.1206625890084514,100.72392616944477,101.13875445586187
72.0,103.0,80.64888864829814,73.74532745370855,76.69090174298857,77.02638883701239,2.080321833693439,76.5587377608777,76.88154448964124
257.0,312.0,91.79376514626362,87.39852896146012,89.15918824144981,89.53343673890622,1.330241769991671,89.11055119594873,89.48460343049997
31.0,52.0,79.16678900722036,69.48455056952068,73.65249293789547,73.96024686470922,2.9369508731122687,73.37770311514399,73.67915502516726
10.0,24.0,67.71951718813594,54.76693532973447,60.128486402101814,60.40339402073355,3.923598201494847,59.55538827987896,59.80114286298752
78.0,110.0,84.62159075803595,77.6245380142933,80.62701971756923,80.94459446227755,2.111358427709107,80.48297246155431,80.81385452070161
2.0,10.0,75.16058786577128,50.702099884493656,59.73841689896967,60.03150507888614,7.518059019973006,57.927176964819274,58.16519592823168
1070.0,1180.0,107.93441777121595,105.30507801533425,106.15957510833009,106.60365979899932,0.7919230696764833,106.14548593670919,106.58908575437768
133.0,173.0,81.62648590163482,76.33224869971033,78.55434325548025,78.8842186988741,1.5939986233692194,78.48278647416632,78.80567949371566
7.0,18.0,73.08465830879116,56.803693851871614,63.59043351731302,63.83640351802961,5.165731909656312,62.64758090327136,62.904571836621336
2.0,9.0,73.66770690232335,49.41685723800726,59.059102276647316,59.33755659046829,8.052130064081394,56.993528399021145,57.22679922415837
208.0,258.0,94.61569855779797,89.60150174965268,91.66527130301426,92.02759140820349,1.5212842738035102,91.6052837141808,91.98006834527374
43.0,67.0,80.39226899270314,71.73473936646637,75.4540383744023,75.7694494186868,2.621081102949588,75.2366756238243,75.54498106917552
259.0,315.0,92.01234044760518,87.60505105379579,89.37894425394487,89.7489464708589,1.3237749854281196,89.32876143788728,89.70195418563506
5.0,15.0,73.16216423407631,55.19818577941099,62.544000472700404,62.79209802568382,5.729412781428749,61.43479433736158,61.686619629053304
254.0,309.0,91.00394273667537,86.6111902104871,88.37432028751233,88.74532897726975,1.319787994649882,88.32619061073599,88.69576130682385
66.0,95.0,84.9170467514937,77.31047562195663,80.59665792384429,80.91615730207015,2.2896382746726722,80.4323090240342,80.76235195648526
204.0,254.0,90.31996908265822,85.50755106165997,87.48018498988812,87.84473356820453,1.4516068028878368,87.41715888581646,87.78035769613021
14.0,30.0,72.60547715855553,60.44828472113825,65.61152714968924,65.89717333914952,3.7086615929633115,65.11651161929709,65.38113965017048
122.0,161.0,85.91668518103332,80.14597751805907,82.58058670327598,82.91648143890038,1.7500945965489065,82.47667930604749,82.81810344634613
48.0,73.0,80.70556653435905,72.46081677706394,76.00075050360797,76.32566917384662,2.4949150287083817,75.80992132444565,76.120722470382
61.0,90.0,79.77076188555887,72.45336121630135,75.60235421816549,75.91455984256011,2.2106602931638237,75.44361210913178,75.75483216219857
274.0,332.0,92.96721470855455,88.63181167814548,90.35988707570698,90.7334924148491,1.3019116827407244,90.31267094580178,90.6854000756723
34.0,56.0,78.87285387053339,69.52135219426162,73.53635277160217,73.8567167364827,2.8475621126679345,73.2928784975958,73.5927000898915
627.0,712.0,104.42796517394179,101.13382996582122,102.32817503820348,102.7451379383571,0.990163867435782,102.30589608712442,102.72459615233302
119.0,157.0,85.51686116624558,79.66596794452504,82.12757365174409,82.4827974904256,1.7617822968158878,82.04685350540994,82.38847512269788
111.0,149.0,84.94303897893587,78.98010730841635,81.4959596592594,81.83480951790573,1.8041585991890272,81.39966973848819,81.73911604581465
116.0,154.0,84.55455332199848,78.72093054363836,81.19407584519521,81.52654872396513,1.7719291704665667,81.0974189785839,81.43532350284865
1311.0,1433.0,109.11639321309463,106.69607525083548,107.445450372689,107.8919684644343,0.7243901246816565,107.43550911298846,107.88237170853496
332.0,395.0,96.58650846560411,92.46429776373573,94.0824096949766,94.46833112945296,1.2386208480341385,94.04110221259285,94.42411176149726
225.0,277.0,88.3469774459023,83.8315327334464,85.66464139737425,86.02669132574525,1.3583144150565152,85.6203699550096,85.97390396904144
19.0,37.0,71.50892873113062,60.9084274340397,65.4690928291991,65.72292427641837,3.2372766537665707,65.08864887745602,65.35669475053392
0.0,5.0,56.906895597604546,37.344564866540864,46.96536118445373,47.073869330437596,6.468685692389323,46.47448212824238,46.66620091437764
306.0,366.0,92.14705031527603,88.09101075561482,89.68544285055583,90.05616694663284,1.2259292644087574,89.6460529504941,90.01828040463853
5.0,15.0,72.11754938284398,54.43181023080882,61.63580299714364,61.89646363373908,5.593427942597316,60.549618870485844,60.79663321148859
86.0,119.0,85.03634135446099,78.30656676578468,81.18546602627646,81.50619064299781,2.036157443665959,81.05110874653502,81.379636765433
55.0,82.0,75.39085269647589,68.19074772702038,71.25831533317562,71.57308434995085,2.189355090299157,71.1036974246129,71.39690238523426
156.0,199.0,91.4764936906766,85.92891598436854,88.23603038825084,88.59175302452371,1.6803115216352276,88.15898181359879,88.5161256642903
215.0,266.0,88.39633828571378,83.8015829011445,85.67754191974545,86.03268606190507,1.386185932133327,85.6238665547316,85.98040556090035
167.0,212.0,87.0900319797988,82.00033746748095,84.11401014655266,84.46071524874533,1.5409647672230855,84.03681159952805,84.38858703631581
53.0,80.0,77.98313286162632,70.38569613308411,73.66585678383157,73.9745053167908,2.3062053340762434,73.49511674315409,73.80187447565963
10.0,23.0,74.9350383706666,60.29081499217123,66.40869154651513,66.70055091060911,4.510257151941708,65.70620966434164,65.97234823897242
11.0,25.0,71.11508721407873,58.048982804335424,63.55509609842373,63.8288640463505,4.005969781083408,62.955328835129215,63.21857321336248
113.0,151.0,84.07391291048873,78.19555772035469,80.66728598339562,81.0089375066993,1.7657748607850374,80.57081464256093,80.908631430734
732.0,824.0,114.20018414874784,110.83834609235359,112.0390061289844,112.49487527600422,1.0157103135785954,112.01689902122968,112.4696983870249
133.0,174.0,85.36608660887806,79.82074393154637,82.1332126633127,82.4918251198193,1.6702807508205382,82.05820267006779,82.40201489363096
57.0,84.0,79.26053519070018,71.7499178492456,74.95490928964851,75.28416965285481,2.266020022091625,74.80057152109946,75.11472166774873
23.0,41.0,74.34669715892701,64.01661106815553,68.46015636273293,68.76394830841444,3.1455260797301983,68.12187811720634,68.40839639404206
137.0,178.0,85.22327546126397,79.76803357076395,82.03650645026393,82.38567259474317,1.6431491189264307,81.9623535616841,82.30598887750764
43.0,67.0,76.18749861206072,68.02884122357978,71.5605539218461,71.86643652270578,2.475684036659309,71.36944102748356,71.6678611342799
607.0,690.0,97.9738309699467,94.83898459076467,95.9817019155769,96.37889007879417,0.9441191660832827,95.96213905065548,96.36174323566016
101.0,137.0,84.69522505878395,78.4324743471493,81.07333631950301,81.40761441659383,1.8746584247646445,80.96910810340708,81.29881966214981
22.0,40.0,72.25217955716025,62.05042951081679,66.42377801972526,66.71850787106561,3.1012743503706446,66.09796156621574,66.36719264073686
3117.0,3303.0,114.61045463746954,112.94997355174534,113.30078382169744,113.77331260914102,0.49937684068641036,113.29701366270233,113.76947315906342
189.0,237.0,84.45668693437071,79.79144616522403,81.72244030534549,82.05473435097966,1.4085754644254191,81.6604910164152,82.00103939436171
77.0,109.0,83.76369947467202,76.81608926981264,79.79300734475366,80.12469700665615,2.095021473874551,79.66492992186468,79.98815979627948
711.0,801.0,97.14450008266779,94.26725325094748,95.2799210532894,95.68285500835819,0.8657435395213378,95.2651667821003,95.66255645883554
152.0,195.0,92.53552039133385,86.84503207995397,89.22775233767304,89.58511208566173,1.7088281852390517,89.14152331261354,89.5040591184223
168.0,213.0,84.77720798916194,79.82576875213202,81.87805959545611,82.21558349943426,1.4982939838951648,81.80828125724828,82.14890982721361
454.0,527.0,93.5976629450052,90.15959084874619,91.45532567750331,91.83915778716027,1.0343114234928916,91.43157610448188,91.81284014752315
227.0,280.0,88.53586433176918,84.03247010102272,85.86340992606863,86.22056424684294,1.3553453484532765,85.8105750787987,86.16764423112899
117.0,155.0,83.1348262615103,77.3863444991905,79.81339840744114,80.15132923993026,1.7298339691153148,79.72715234765766,80.05831376064003
85.0,118.0,80.60910108667568,74.20587608842865,76.9227495014236,77.24455032081728,1.939729601424366,76.80503342048661,77.12390433693682
144.0,187.0,84.05020489915682,78.78687931540975,80.97218802076357,81.32423008084815,1.5898380509869439,80.89984473558188,81.23583447460142
3750.0,3955.0,119.69798112125257,118.11267407056755,118.40849697222374,118.9005515272887,0.4786842056414604,118.40485397132475,118.89712458632675
190.0,238.0,85.06668727148885,80.38221071168715,82.3163300312335,82.65204081899977,1.4149121751813805,82.25265768294577,82.5957059995778
846.0,945.0,100.46802573459205,97.73425831679135,98.66526606326903,99.08091363792134,0.8270746807767265,98.64985109120789,99.06183570090572
373.0,439.0,91.2742977332179,87.6023323601273,89.03250144004487,89.3973857161406,1.1070300711927854,88.99527450568102,89.3662240484838
209.0,259.0,86.03824394703733,81.49728385384554,83.35768637613177,83.70384739991287,1.370089369338601,83.29959135307026,83.64701091594786
19050.0,19504.0,153.63315055846311,152.72735583360225,152.56634944171856,153.1806310271753,0.27329423648424817,152.56750016275868,153.18186679822608
3095.0,3281.0,115.73087205963989,114.04872521483173,114.40279884378772,114.8787372924174,0.5066567223210939,114.39947283431547,114.87707484476397
411.0,480.0,92.24811202622297,88.68781204636035,90.05052956852201,90.42457279011828,1.067467049554012,90.01943281027671,90.39540733661384
34.0,56.0,73.68169040583355,65.00549206644186,68.74494999465468,69.04162584278444,2.64145967381045,68.49348201979625,68.7802333433532
63.0,92.0,77.08335702529642,70.11920986123776,73.09886932868837,73.41574874560165,2.1089842573177666,72.96031770519042,73.26531652586523
110.0,148.0,80.35098782554847,74.68590732112392,77.07698022861712,77.399556566859,1.7139525143304741,76.9852022258485,77.30473048673518
185.0,233.0,86.46108551661283,81.64710834964147,83.61967279118029,83.96503397063408,1.4541282152767383,83.55627032531062,83.90319151524984
145.0,188.0,84.67432088713811,79.3845580074644,81.58253313652746,81.92801639733888,1.5850811590133747,81.50561759331701,81.8440385223866
855.0,954.0,98.97277256252944,96.28472500658154,97.20431140055062,97.60021654208785,0.808730334005481,97.18556536358948,97.58876883071582
1130.0,1243.0,101.74762228729372,99.33473053967387,100.09986267825619,100.52371208401307,0.7253491038448225,100.09165383300899,100.50767504466145
208.0,258.0,86.2547156476265,81.68701393806805,83.55406583047558,83.89939746780976,1.3799219845204327,83.49154168020065,83.84018376683012
425.0,496.0,94.27916175719668,90.7085961972455,92.05659137070379,92.4556871902586,1.0719796490120352,92.03782126435071,92.423271210284
147.0,190.0,84.24370574639569,79.02868394870214,81.21834122735271,81.54379721100351,1.5750277233556633,81.14044772162187,81.48098422984083
155.0,199.0,86.0522603140137,80.8473352296736,83.01508890105916,83.35738677948999,1.5716787476315275,82.93744149567968,83.28497219738328
47.0,72.0,75.65207283144512,67.85116327341981,71.1944342306005,71.50737709393407,2.348222445354202,71.00486863938563,71.29955405972386
6177.0,6439.0,125.69832362182665,124.39407232460398,124.52625645870071,125.04106850353114,0.39133787519701363,124.52587884702761,125.0416281069207
237.0,290.0,86.82557146986568,82.5044104446763,84.24984257358808,84.59998351093908,1.3016506543117088,84.20484788230374,84.55506519416377
210.0,260.0,84.97832108972014,80.51711271824414,82.35085773879709,82.67700049384449,1.3495958723443493,82.28862143519493,82.62967985208404
274.0,332.0,87.29092925181519,83.23004564374698,84.85741770797499,85.20615306128401,1.2215269857480975,84.80677151915589,85.15825089409151
665.0,752.0,97.1839099146975,94.2206159563696,95.27397482054107,95.67351933286596,0.8934860635445437,95.25520057362002,95.64927422582508
291.0,349.0,88.6063582196008,84.61458907497521,86.21531566232959,86.56198082539468,1.2125371285356281,86.16667961785448,86.52301409871549
736.0,828.0,102.06440172385886,99.08070312844072,100.12904941941655,100.5439739927557,0.8927310828861544,100.1094514466576,100.52525670957912
282.0,340.0,89.857482083932,85.72289872945503,87.36249565441206,87.7350537890229,1.2469753872427145,87.32349185623305,87.68574721294144
145.0,188.0,84.56080733089077,79.30348599082795,81.51117165042436,81.84316798353633,1.5901104175947411,81.42826736265063,81.76581815964603
95.0,129.0,81.10820286928305,74.97162151587824,77.58150151725535,77.89715102032218,1.8568420285043343,77.4657294561111,77.78648354914894
277.0,335.0,91.03013109106904,86.80451926779537,88.48761220255099,88.85876356818963,1.2750524182247285,88.44515277871737,88.81302117199783
392.0,459.0,94.64522071878893,90.92498578748635,92.34425247519302,92.7323536290584,1.1164257826762294,92.31179506528889,92.69477336512294
48.0,73.0,77.28373009093295,69.40339012676881,72.79638273696855,73.10269298438938,2.386616897930024,72.60317747429065,72.9041417474967
61.0,90.0,81.77797177012805,74.28268887204972,77.54028208081616,77.83636933763249,2.2756448751423615,77.36849069660639,77.68489309213325
58.0,85.0,80.25950676855865,72.69124067165237,75.9446220638038,76.25236498331297,2.2836627117749035,75.78383992562823,76.09387271616617
367.0,433.0,97.74341332913511,93.77533348229329,95.32185274368432,95.70813243335381,1.199420246784527,95.28188613250606,95.67169028939274
173.0,219.0,85.04027893974457,80.15574319219662,82.1787404659171,82.52421218989159,1.4737392389164579,82.11900620040163,82.46191091497461
412.0,481.0,94.20577329172707,90.58170243285602,91.96314920484608,92.3503954566574,1.0926422214668978,91.93658562578715,92.32144174154313
3196.0,3386.0,119.51961888184373,117.80241784188897,118.15419028499755,118.6523731202405,0.514394191306012,118.15280565540706,118.64618440878557
253.0,309.0,90.21375678102103,85.8308493120485,87.58309974108465,87.95519199710913,1.3065704930023925,87.54181988745115,87.90799200950731
55.0,82.0,76.95403973493555,69.57822374215793,72.77276510600446,73.0604825706016,2.236298965823991,72.60452053198537,72.90686587897203
494.0,571.0,97.0435398031112,93.61578241199658,94.89109461109234,95.2912777582071,1.0352267084752578,94.86340516283072,95.25827801127002
74.0,105.0,83.19437857573979,76.16103803661188,79.16532408904249,79.49786843349882,2.131093689590237,79.02893502020459,79.3512564375182
152.0,195.0,88.02577541903325,82.61254922076456,84.86404449155546,85.21230173856753,1.6165301661798195,84.78435433502857,85.13030492769211
129.0,169.0,85.67564469388806,80.05307138175829,82.4025653152508,82.7544821679204,1.705383039184046,82.32046391992901,82.66486380931903
78.0,110.0,82.9811331419532,76.1233040679546,79.04626106879354,79.3763122548134,2.065773768433912,78.91946684674393,79.2404183747086
283.0,341.0,93.97159283650097,89.65040993384062,91.38649365191475,91.75726187283391,1.3042941548362785,91.3426695441376,91.71485022735735
154.0,197.0,85.66388457176781,80.4776085348568,82.64872581551509,82.98742132320207,1.5770353159692598,82.57541538855963,82.9212262034419
30.0,50.0,75.95849786367094,66.48062982909491,70.57198432752192,70.86598584172425,2.8740615422156197,70.28812101407618,70.57206205081737
305.0,365.0,99.1670190072908,94.77062602385988,96.50820616843464,96.90339356451369,1.3248840346925306,96.46973301182888,96.86219789193817
2018.0,2168.0,112.25885573406303,110.24564308900804,110.77882301696539,111.242146042264,0.6049979714101665,110.77238476197785,111.2373014495382
1484.0,1614.0,107.0096461958142,104.7783698897497,105.43769026254385,105.87956096753642,0.6711647837671815,105.4273807995049,105.8690376264135
181.0,228.0,86.06658747698647,81.18593030973963,83.1799155051405,83.53616083145009,1.4663546728041355,83.12169301820308,83.47004179012963
1610.0,1745.0,109.92674747250751,107.7348401663797,108.36581900507963,108.81965344135611,0.6620863225938,108.36087473643352,108.81504257908347
166.0,211.0,86.08007383510893,81.03517257156946,83.12350226180163,83.4671042003217,1.5278218376940327,83.05180718284822,83.40011859708933
140.0,181.0,85.42231651222751,79.99747965891834,82.24135966139835,82.5984104089404,1.64023451258714,82.16534981846205,82.51007082088633
233.0,286.0,89.29918657577147,84.8157223770125,86.61889566912046,86.99342357020757,1.353214785190735,86.57275103259268,86.93554425469479
262.0,318.0,92.86921415447569,88.46052920816032,90.24097226808213,90.60383280557298,1.325189502412602,90.19254774187844,90.55657468336997
461.0,534.0,95.1450673895786,91.69193666708699,92.98884805218326,93.38169114586371,1.0411775202127578,92.96080171329984,93.34973890349401
2272.0,2432.0,115.29489623584526,113.35129927851965,113.8358756442898,114.31415608655972,0.5851023395809392,113.83170540245762,114.30793225670759
3741.0,3945.0,119.6957515107012,118.10859066993501,118.40421966754299,118.89926239090863,0.47644119595512235,118.40156296662137,118.89697813992674
278.0,336.0,94.3245991194468,89.94700022527394,91.70548536029482,92.07847853496287,1.3130965841574511,91.66378027452777,92.03264583128907
373.0,439.0,95.41332066699081,91.56997230552649,93.04818932248902,93.4409898873021,1.1590179563868634,93.0189543093721,93.40531169750544
1310.0,1432.0,116.04705367257945,113.48722397182905,114.29068172719836,114.74939009487811,0.773980449617447,114.27711717268312,114.74084843429296
3292.0,3483.0,125.49209986358306,123.71721933690617,124.08460170094843,124.59871764155336,0.5339331782231682,124.07857355430293,124.5963865764885
183.0,230.0,97.76004601436246,92.26515915880287,94.56234554654131,94.92196648712815,1.6690724127040706,94.48974291271324,94.85421842968175
0.0,5.0,61.50454506278769,40.26401415389687,50.69461358583483,50.83143335803468,6.9596903664682825,50.15434687701375,50.3497528192592
1420.0,1547.0,115.33920175742062,112.88532687284616,113.61742664647316,114.09693026003153,0.7372090507982264,113.60775463005865,114.08435331663753
31.0,52.0,79.0780400165656,69.44024184902598,73.62982265782011,73.90832444471252,2.929657269534958,73.33326973901232,73.61901289956425
678.0,766.0,105.16538025392425,101.97391403271449,103.11135523740762,103.5464657235666,0.9575814064825676,103.09089528759817,103.52196745965443
65.0,94.0,84.66135803391916,77.08970736669755,80.33732749194847,80.66994542926552,2.2960873758153335,80.18825443846079,80.50197349045699
1681.0,1819.0,120.26815733851572,117.9071716673516,118.581882642674,119.07888760155075,0.7124943611221026,118.57412177982073,119.07257107823366
850.0,949.0,110.85298873021601,107.82777609944917,108.8885637159428,109.3165781883354,0.9129847726694506,108.87104244237128,109.2976638904497
229.0,281.0,95.65194453757519,90.7996081277951,92.79347978639775,93.15365747518581,1.4621813445684162,92.74151278570969,93.10583118799465
832.0,929.0,109.66851277930778,106.64703768982602,107.70102184362108,108.13096926502038,0.9127193340491367,107.68745562727399,108.11502904188698
61.0,90.0,85.31753550126132,77.47864418006506,80.83646981276706,81.18762659545209,2.3717444616133956,80.68357905606318,81.02132189157707
449.0,521.0,101.74669315144548,97.98610703201216,99.4282004505223,99.82226421629794,1.1355503076535969,99.40068744999522,99.7968486902347
171.0,217.0,93.35179395618628,87.92950738011467,90.18302413628247,90.54421523462814,1.6307346122001698,90.1134079310041,90.47198682395032
197.0,245.0,94.35051490373635,89.24078146100662,91.35543131400227,91.72150845478355,1.545013923205674,91.29165106568797,91.65506320510978
2717.0,2891.0,125.2355459474082,123.29572138433231,123.7442527813147,124.25430801930219,0.58521025499457,123.74001708643557,124.25103247139835
724.0,816.0,106.46463955642358,103.33092438919684,104.42951517175425,104.86917857324063,0.9401801151588632,104.41340530886289,104.84895420041235
199.0,249.0,92.272618361765,87.28488477217404,89.34015517831386,89.69028645740185,1.5093441638947867,89.27642241714518,89.6315978871801
472.0,546.0,101.89869387337922,98.20980274465398,99.61662972041111,100.01273902348998,1.1093463934442156,99.58825106668228,99.98394749386158
59.0,86.0,83.95289259414633,76.0941487084524,79.46251320597152,79.79432982288711,2.372682889032135,79.29239979121289,79.60824347629233
36.0,58.0,84.0956629194456,74.34672865641127,78.57015815971909,78.86079403000778,2.9642499895993955,78.29301385589395,78.602923094983
852.0,951.0,110.2061781217918,107.19680356223878,108.25568306016184,108.68312212924864,0.9058589072453394,108.23474573223858,108.66483129198758
111.0,149.0,88.82271968911205,82.56401236704832,85.18686442859234,85.5601901505333,1.8853794491496498,85.09313463305021,85.44475821857363
539.0,618.0,107.74264608241926,104.09742204855829,105.45075864087288,105.88732055646685,1.1021993131442662,105.42607789881278,105.86293595878824
1296.0,1417.0,116.83682285888392,114.232458580316,115.03528000195186,115.51980241441565,0.7849740024122237,115.02420922466357,115.50384375677154
196.0,246.0,95.63283128054569,90.3863650025512,92.5321587083891,92.91647718659993,1.5701056246919374,92.47234916229003,92.85714467294109
99.0,135.0,87.18605149908304,80.73080224637829,83.49722086200742,83.819420376132,1.9631772101920821,83.37846620800202,83.71059851656322
112.0,150.0,90.16722693263347,83.81551671487667,86.48248754239894,86.84334436467644,1.9094103793707524,86.38907297672286,86.74855834938408
241.0,294.0,98.28624700849292,93.43072032878422,95.39825272663984,95.78772704910622,1.4722901196735931,95.33750508146089,95.73617340006378
830.0,928.0,111.08770348522698,108.01663652229504,109.0771637522174,109.52737015388512,0.9253177448105531,109.05533070860858,109.51132281447748
76.0,107.0,87.56211749444734,80.20354196066602,83.32177094197085,83.68006469163586,2.218751391400661,83.18095849449952,83.52781419729585
1120.0,1233.0,113.9980425169228,111.27619895855477,112.17635611475625,112.61702277245831,0.821999405016648,112.16177391186577,112.60852684908026
98.0,134.0,90.19323240987784,83.42945515156357,86.32482248861095,86.66153450079892,2.0439129988330733,86.19806027534146,86.5400485424277
29.0,50.0,75.85574291845455,66.35327895247019,70.42452964271902,70.73351021810991,2.871750710763023,70.14936465640754,70.43684217448681
8.0,20.0,78.34755321585456,61.98848639034722,68.78021009380993,69.09266527114661,5.075357361412771,67.96085204761833,68.23120644305011
313.0,374.0,99.34304039239416,94.96215326917623,96.70285464538615,97.08945377384153,1.3142103205388658,96.66227712271653,97.047437977406
1348.0,1472.0,120.25815032279475,117.61831570347208,118.45144548827544,118.92196999927134,0.7930554022003875,118.44015043312962,118.91000199969055
195.0,244.0,99.25048970348918,93.79727855779774,96.0613771512679,96.43623319590972,1.639030381817517,95.99114122164816,96.37291960618387
309.0,370.0,98.24641508509542,93.91202492337094,95.628015158663,96.03123878152114,1.3037076619760046,95.58842695284743,95.98494388708367
191.0,239.0,91.7746783768321,86.7195119716423,88.78371227595125,89.16158541366721,1.5280192320701795,88.72604136344944,89.09383155754969
60.0,89.0,84.7831143710445,76.9370923766621,80.32079330614744,80.64212958378916,2.375018266555565,80.15141135568666,80.47121099128249
1169.0,1284.0,116.71701018654353,113.98283599475485,114.88143859780511,115.33387058801148,0.8264043957764129,114.86160534176669,115.32009522859025
92.0,126.0,85.14939656066005,78.62631711101145,81.38181465365602,81.74075159202039,1.971219353569375,81.2796508921487,81.6174427013702
284.0,342.0,92.86568309650157,88.59940600061292,90.29982089269198,90.67407393450584,1.2766892993219494,90.25331364437301,90.62650370348015
283.0,341.0,94.3295898329605,90.00012257064171,91.72217613375813,92.10360782984193,1.3057399817947082,91.67407951831615,92.05570137478252
191.0,239.0,92.52510088034803,87.42185705231086,89.51651227393386,89.8914105562082,1.533804334968889,89.44636845616694,89.82046656112485
126.0,166.0,87.88506622411944,82.05200899838957,84.5112639874328,84.85727369435763,1.7719498329345265,84.42865735506446,84.76736811279646
150.0,193.0,89.98620930853997,84.43020772542937,86.75093837067519,87.10888665390671,1.666217456556973,86.68166868464141,87.04310156702829
357.0,422.0,101.89286698995222,97.68898501364302,99.32882721348884,99.73669201833295,1.266705278606794,99.28847739081463,99.70337644748504
119.0,158.0,88.18581787062776,82.17572686379602,84.69454106867775,85.0483250272233,1.8121570407354013,84.59985943451834,84.95251684813344
327.0,389.0,95.96387516939394,91.86406071542395,93.47323934161678,93.86216773554912,1.2373241331054452,93.43407745406846,93.82332697298408
106.0,143.0,87.59300994209465,81.28773628589609,83.92759104764977,84.29801335459504,1.8998629547598618,83.82695681632434,84.17620347451391
699.0,789.0,103.18493861384336,100.09152505044025,101.1846017815436,101.61132409816727,0.9286231174473782,101.16614912466903,101.5878537206162
102.0,138.0,84.7603634608232,78.5399472530452,81.1818227238402,81.51542313091961,1.8736621457142189,81.07712377146864,81.41510647878798
82.0,115.0,83.0697182051597,76.34560320208173,79.21683966254517,79.55148352118758,2.0114922470125594,79.09329613025672,79.42185670636327
175.0,221.0,89.20412545067097,84.08725341072719,86.19790827926066,86.56974456671897,1.5404119082427048,86.13589119352476,86.4948931326092
179.0,225.0,91.0982462938037,85.92909588079152,88.06332023229473,88.42186117082142,1.5581661249356444,87.98967766810495,88.35685958158004
18.0,34.0,74.9387668239753,63.36123195863789,68.31528473364921,68.59468655996454,3.5109576443702943,67.87469214210562,68.15832654960055
21.0,39.0,75.30955401335389,64.4451107808698,69.10620596382782,69.38874052539468,3.2963653312024968,68.72680547105855,69.01376321512522
78.0,110.0,82.26886451316832,75.50296238611868,78.3973372121732,78.71748605852144,2.0524736532614596,78.25892762358495,78.58558334064271
417.0,486.0,96.28893895208957,92.61317217377834,94.02356112441325,94.40963990778047,1.1144632740836278,93.9849500220249,94.37747199024716
106.0,142.0,84.0368843977997,77.97758973525299,80.52816625661725,80.88486414966967,1.8207937108825747,80.43488817814581,80.76985547612117
736.0,828.0,101.53497409413056,98.57864181615278,99.61761536339485,100.0336195219632,0.8948565841454068,99.59850575260603,100.013828177356
1002.0,1109.0,105.35945740392131,102.70997052047373,103.59125662845314,104.01526102163204,0.7984252726451125,103.57237968351505,104.00543785291308
121.0,160.0,84.4406933498569,78.7371568133114,81.13540690228423,81.48167700064928,1.728270811252487,81.04776028436198,81.38695459561612
1095.0,1207.0,107.35976903457032,104.7678645364978,105.60582251316126,106.04776504215673,0.7771698626636562,105.59227262427571,106.03241577173249
492.0,567.0,98.05121492855808,94.59770970795232,95.88911706856857,96.28769270474173,1.0421128947871456,95.86319097269745,96.26237785682925
204.0,254.0,88.43123257379757,83.70032126910768,85.64527882314391,85.99656870392671,1.4260293287666999,85.58650974433591,85.94248192754523
66.0,95.0,78.64930857946057,71.65620601942274,74.66317628135367,74.9742128550948,2.11282951597081,74.51491700606451,74.82537769225033
26.0,46.0,73.12009275719095,63.534781745766644,67.68451577805527,67.95096455277522,2.9283835458477205,67.36812033659523,67.64949796471767
211.0,261.0,88.5163503040092,83.86560620106589,85.7583232183343,86.12014075665716,1.405172840392192,85.70446705680146,86.06298608955194
170.0,216.0,86.58481523485906,81.56948031870591,83.6326527993803,83.98442932338433,1.5115301256849778,83.56855169460542,83.91769869582556
95.0,129.0,82.05992603809963,75.83558728472855,78.48307740373137,78.81069918532489,1.869249845212888,78.36876454741586,78.69529265916053
7.0,18.0,69.61695457326697,54.01992775871817,60.478885323213824,60.717795088951945,4.877098301775557,59.59872564166807,59.847540068136404
36.0,58.0,75.79187355923816,67.03907017609237,70.83555329069411,71.11136589100661,2.6603669876710265,70.58974124334975,70.88474507957164
1565.0,1698.0,112.06684119634208,109.78415213231129,110.45159859628342,110.91261766198821,0.6854938379827729,110.44035756310798,110.9025752270094
35.0,57.0,75.83529265630041,66.96116812278447,70.77577027060063,71.07323450487675,2.6815550552663407,70.52979902091232,70.82471032551177
256.0,312.0,90.1058774521631,85.75724210980255,87.50847903483772,87.87546980326286,1.3020883772540488,87.45577824835462,87.82140097124756
102.0,138.0,83.30230778976416,77.20436222618045,79.78696403382024,80.11852392411497,1.8387305951838566,79.68375017598758,80.0163425717721
12.0,26.0,69.26660475026569,56.89476055569274,62.131904304775695,62.39710245819484,3.8125988926344605,61.589631473049465,61.844341261740155
239.0,292.0,90.03841129524493,85.57493662867152,87.37861380828816,87.7478891283581,1.3466097413622724,87.32984816282551,87.69440384058701
488.0,563.0,97.93364800068576,94.46095622260299,95.76117489381348,96.15854328355368,1.0460105684853551,95.733920515246,96.13289859399555
665.0,753.0,101.01849839369268,97.9196209795568,99.03502296057049,99.44373689310387,0.9313427395298923,99.01234358361457,99.42463110923688
603.0,686.0,99.19845116762971,96.025423250094,97.17790788613628,97.58667147154779,0.9608279101602187,97.16147760549846,97.56653104273536
162.0,207.0,86.61717569031678,81.48084556266181,83.62061500119982,83.9609377527563,1.5538796092564182,83.53828560796025,83.88494243670458
290.0,348.0,92.53811979378179,88.33981066008874,90.00616341839276,90.38830303211834,1.2598595562389734,89.96666479214728,90.33989533622625
501.0,578.0,97.26086931964036,93.85319525439616,95.12424957508773,95.5234642915509,1.0214935559199882,95.1009519651065,95.4956440288683
670.0,758.0,99.57254023868687,96.53457804108298,97.62634721797966,98.02813135964159,0.9140223872392197,97.60382765616711,98.0080754999104
3604.0,3804.0,123.04857332206777,121.38498350045421,121.70732486448553,122.21261613479751,0.500507077053571,121.7039226052597,122.20823327645057
379.0,445.0,95.84859127388864,92.00101810165589,93.50078488375196,93.88503255732952,1.1570467946885667,93.4607340238124,93.84861798962356
4.0,13.0,69.81558811986699,51.1221652456928,58.7630369680219,59.04149325235933,6.158551716740722,57.45613757070581,57.69433126758331
176.0,222.0,89.73268368187823,84.59648597772869,86.71101965872354,87.07105909625132,1.5531195905496018,86.64478336928441,87.00316577524075
176.0,222.0,90.39269549677347,85.1950339188353,87.34321409520332,87.70838081223145,1.5588224096893248,87.27476121030591,87.63657090970342
96.0,131.0,83.70597025458522,77.37469683277119,80.08147135711484,80.40323853342832,1.9051136821136825,79.97004986330455,80.30150688792135
249.0,304.0,92.21850422816127,87.73086472768654,89.5363361115954,89.91596139681151,1.353822974015512,89.49154970093426,89.8608732219299
190.0,238.0,88.2285238083687,83.35997960244508,85.35543036614062,85.71698020605552,1.470818419409345,85.29342514022134,85.64764989434632
59.0,88.0,79.34524119397408,71.97252415822628,75.13157700085972,75.44703901470179,2.227992415746376,74.96887096584517,75.27993849658876
725.0,816.0,103.07090911046765,100.05798849658694,101.1141844336797,101.53778985381436,0.9129438812905013,101.09554446911571,101.51557436175246
1591.0,1725.0,114.73463839899244,112.43073072234749,113.0901714227547,113.56589007008662,0.6955817544325519,113.08265947070268,113.55305184043853
386.0,454.0,98.45537251544589,94.54096900968551,96.06632780568746,96.45812054573003,1.1811698499091352,96.02605689150853,96.42326382695754
155.0,198.0,90.90352906753301,85.39220200427074,87.68120054189816,88.05395941669188,1.664884843193077,87.60915211601801,87.9716917670184
260.0,316.0,96.15459204284093,91.56839473752905,93.41001752039978,93.79578078062653,1.3880092548382734,93.35654992770586,93.74536555112
98.0,134.0,83.94137324532035,77.70518646314251,80.34741263659441,80.67362718956672,1.885565187208249,80.23989782861908,80.56871824317022
96.0,130.0,85.44264132513973,79.03147282536631,81.74144738757249,82.08997216362113,1.9496659061235049,81.63467705703802,81.97481304380771
40.0,64.0,80.3520695772058,71.45998138508402,75.31738528037049,75.62452066929787,2.698609183045515,75.07007189615645,75.38307571876418
60.0,89.0,82.66453696216757,75.02684097575688,78.309632196956,78.64145934221305,2.2989556377648066,78.15442985655503,78.47967138895561
244.0,299.0,93.60578019355476,88.98254092157731,90.84462393406311,91.225029684325,1.384163813218177,90.79908080402559,91.17791974747902
168.0,213.0,90.0352362261514,84.75555822763364,86.94097938013337,87.30154019604284,1.5889458180940164,86.87220922071093,87.23533331625012
108.0,144.0,85.37424428315096,79.27489555000611,81.84125130562165,82.1921485672791,1.842439760767817,81.74884822459536,82.09080663434369
42.0,66.0,79.1666977430207,70.54321180094696,74.26613158926969,74.5733645625325,2.606391502320553,74.0533455976717,74.36235537825719
56.0,83.0,80.72034025822292,73.03577994232718,76.3379094922497,76.66195158062767,2.3297214699000466,76.16078064132817,76.47829701610054
410.0,479.0,98.69283913369686,94.88563353577786,96.35208402206808,96.7499743686276,1.1450297421364923,96.31753036079678,96.71834064841129
172.0,218.0,89.76124224956334,84.56698237514448,86.71745946900405,87.07966848167524,1.5639974724624675,86.64492027781547,87.00672304882903
97.0,133.0,84.47373867540384,78.1505646074494,80.82833480131414,81.17295688415311,1.907560829662133,80.72437174228084,81.06175634175486
195.0,243.0,90.18509207608246,85.24707341382354,87.26850673361523,87.64084964754781,1.4850904692347093,87.21538757286649,87.58013523141673
359.0,424.0,98.41515840289676,94.38641461801998,95.95820362149259,96.35709162599206,1.2192147350505151,95.91361666850413,96.31449291854894
814.0,911.0,105.77478743387998,102.8153197276465,103.82793739069466,104.26421092850899,0.8828060254787271,103.81129018667177,104.24437032160688
521.0,599.0,102.21552176724147,98.69915611827136,99.993084733951,100.42136575312749,1.061349956847095,99.97563406863276,100.39241696998053
473.0,547.0,107.20200349294846,103.32704109556131,104.79197836669933,105.22808347377992,1.1685818262114127,104.76100222510483,105.19979701387105
131.0,172.0,94.04018654409357,87.9072134280533,90.46876007837214,90.84557546520725,1.8594439481795937,90.37743696885374,90.75572557673165
179.0,225.0,93.84015670679385,88.52244907616227,90.72822613737462,91.09312828232562,1.6131364553181438,90.65030313210491,91.02729869739449
496.0,572.0,106.23843552304369,102.47861234363283,103.886364721491,104.31467017494079,1.1305239271243261,103.85975727174961,104.29061625465914
543.0,623.0,107.26841405092625,103.62565255846957,104.98511292135358,105.41478513487965,1.0885488374478742,104.95495097824137,105.38785458099726
377.0,443.0,103.7959562484022,99.60719929753631,101.23106546739507,101.64850925693742,1.260401203954402,101.19396143525593,101.61094217485508
143.0,184.0,96.84921645597949,90.74263521793378,93.2927219937799,93.68488313585374,1.837501223064364,93.20594468216194,93.58860509282464
2747.0,2922.0,128.92029023556213,126.91510466832601,127.3851075082788,127.9092856158332,0.6012698660911115,127.38155061907514,127.90694750061542
2177.0,2333.0,121.23482054080786,119.13862467453508,119.689363714367,120.17695879987542,0.6306352561708354,119.6790716266397,120.17220424832799
169.0,215.0,91.41738644651058,86.10252959093623,88.30179658609663,88.66642438496389,1.608419475490576,88.22267028105594,88.58538459092966
69.0,99.0,82.87767089167657,75.67622972374117,78.77517459412499,79.09352928449975,2.181702041782815,78.62450381958827,78.94801857212656
98.0,134.0,89.77544211301239,83.06144018495722,85.90999278812416,86.26926110660636,2.026237054490678,85.79394428029873,86.14789527147167
241.0,295.0,96.9893148468415,92.1837219659822,94.12720192659803,94.52010951834554,1.4524321951305246,94.07569471446803,94.46358844323792
136.0,177.0,91.43912303459103,85.52636569694582,88.0048438128459,88.36540894147132,1.7788973112761863,87.91370956584623,88.27504995077311
261.0,317.0,95.07149592109963,90.55747538380547,92.38352912168733,92.75566612249635,1.373554568325364,92.33275000879742,92.71059732941025
133.0,174.0,89.94229956580745,84.09558772748846,86.54580421027221,86.91022750994684,1.7599540114978878,86.46417298480338,86.81963529895144
1121.0,1234.0,110.51134425949047,107.87199983853951,108.77113371687936,109.17655769749621,0.7941142296612427,108.7572496371393,109.16427352927228
362.0,427.0,99.77862076801233,95.6876016205769,97.32515709725551,97.6857868642994,1.2272696437180801,97.28534732455951,97.64730014742517
166.0,211.0,91.52472597979735,86.12034440531659,88.38292049968861,88.71281576500961,1.6225249881296073,88.31193002890302,88.63984163191542
333.0,396.0,96.6794968017147,92.55277177486587,94.20588706310302,94.56743032826903,1.2359385922329613,94.17108446634202,94.52662462938912
6.0,17.0,73.26546070851839,56.18720725256924,63.27413350439504,63.50628016286854,5.425031348631968,62.27223017510009,62.50077342674886
76.0,107.0,85.28759050906726,78.12066084908678,81.2233076191789,81.51780636980554,2.162565313653404,81.08043915110385,81.37747231970758
78.0,110.0,84.81597069233865,77.79804857697934,80.8350885287557,81.13710113098445,2.1173895319132714,80.69255840897539,80.98908421242018
110.0,147.0,88.28956927006483,82.05281420503587,84.73488601203877,85.05777073199269,1.8907812779252557,84.63682292503854,84.95524970324055
25.0,45.0,74.94754706584615,64.95231983845636,69.3141184349801,69.5619752008262,3.03761679747842,68.98645080857588,69.24887557720488
225.0,277.0,89.61897888559542,85.04230971677154,86.91933621339699,87.2597842338537,1.3794145966420701,86.87333834041773,87.20424191024672
706.0,797.0,114.32541470983769,110.89734981394845,112.1663740766749,112.58063735524833,1.0310600590858545,112.14299857075099,112.55392795292835
718.0,808.0,107.07274533970794,103.91476637650436,105.06961152477562,105.46771645210545,0.9567553287911047,105.05387027719642,105.44291823490855
160.0,205.0,91.00039914306451,85.57498864163611,87.8621918492457,88.19801870231399,1.640513215134426,87.79321047008897,88.11791065098055
69.0,99.0,85.94416656382704,78.38332637305867,81.67316487237491,81.97527297852716,2.276292549768003,81.51878487911742,81.81775931138795
50.0,76.0,81.0857102802487,72.95610268582972,76.46627949587462,76.77414939498868,2.46260355537796,76.2919284269943,76.5795072951854
167.0,212.0,94.33846960199733,88.76987139837077,91.12497270107274,91.45228298478258,1.6795411334169503,91.04259695772245,91.37567031945272
511.0,588.0,105.43108918044004,101.77795768417194,103.17749841140255,103.55720223352961,1.1073528889334152,103.1503881372696,103.53374284374286
538.0,618.0,103.87280868143759,100.33587535307544,101.68838727075577,102.06719883236272,1.0653716400248097,101.66013257308296,102.03713872698636
469.0,542.0,98.38305061026418,94.83751782905495,96.21068009742996,96.57325960913326,1.075236823599357,96.17918344328798,96.53900365547094
77.0,108.0,88.40134276170177,81.03555450983664,84.23103771495326,84.53296302724037,2.2378794320768733,84.08649826322022,84.3930965614225
1086.0,1197.0,107.58912444500012,104.98765851506235,105.87290607136221,106.27110127589302,0.7886788032576155,105.85751462758824,106.25766870740551
1965.0,2115.0,125.28280997308026,122.98540719651281,123.6701567938578,124.12294968472195,0.6914483219180759,123.66422607610633,124.11307940775498
6178.0,6439.0,141.04667405541767,139.58045811087933,139.78696630694304,140.3091150779541,0.4391745468920862,139.78364123723821,140.30704062186342
192.0,241.0,93.33179545695282,88.18104273138958,90.34882919656185,90.67842055342602,1.5475563631668654,90.27795415612898,90.61682466441106
955.0,1059.0,112.08994420289048,109.1874142877013,110.21316860490829,110.61884097004149,0.8716645089002778,110.19784502573474,110.60139097193887
19.0,37.0,79.7701412184385,67.87844221258523,73.00625471677488,73.27367499577488,3.6262457507599732,72.57486942210429,72.84038493790148
409.0,478.0,104.72753535349833,100.66503917143258,102.27122012266831,102.6464894378566,1.2245309182942539,102.2364927929604,102.60980402174309
1367.0,1491.0,111.04030052231298,108.644994535234,109.41623362308849,109.82735935818084,0.7261157892281338,109.40816078309864,109.81772306561373
297.0,356.0,94.62484445501138,90.3796121397408,92.1103475500134,92.44781112716991,1.2819036662190073,92.0663663784818,92.40870456050942
416.0,486.0,104.7856463587179,100.76025095401022,102.36145422681808,102.72235326957687,1.2167246952482642,102.32094242919621,102.69414262706789
765.0,859.0,109.81799107203614,106.65970962978462,107.82637929400694,108.21751472082003,0.9566980331311306,107.80790653759767,108.20073271168576
332.0,394.0,99.48532544435724,95.23299495989268,96.93730704050016,97.30718528341043,1.2797055298875553,96.9000044501263,97.26146985467088
684.0,773.0,108.2936444807244,105.01805232724823,106.23107082236827,106.62724378691752,0.9913986632419055,106.21469492477252,106.60886792383269
288.0,347.0,94.56418004320173,90.24283981124289,92.01441988563518,92.35217842449971,1.3003414792472376,91.9711884726422,92.31297629413005
292.0,351.0,94.73242980116946,90.43873798915051,92.17377091934368,92.52687125980825,1.2939201402507747,92.1370995466495,92.47739298785098
308.0,368.0,99.10183717569494,94.72657717705484,96.50572937055802,96.86189351906488,1.3198434041358686,96.4633499396012,96.81752309055592
517.0,594.0,101.61389300768147,98.09678808324178,99.46222226148527,99.82318213947748,1.0612120578482802,99.43498565533527,99.7997694171115
109.0,146.0,87.98954630960341,81.7030061794116,84.4043114947494,84.7064668394592,1.9024858912176816,84.29314623413899,84.60169036950992
349.0,413.0,101.65242989704386,97.42865493384683,99.12032141798224,99.48753682464054,1.2866713853991252,99.08158167603013,99.44620775689958
36.0,59.0,83.66795295406327,74.01629049854213,78.18351374021623,78.48132355232504,2.9019105071853297,77.91593463502414,78.20199131250756
262.0,318.0,98.4951835998463,93.78169896045081,95.72756464289469,96.07897642253863,1.4205378089094245,95.6768210239198,96.02900792832442
164.0,209.0,90.63173746055989,85.24086470012544,87.50687105909407,87.83510628320398,1.6202409726713998,87.44275729161124,87.76245309676891
358.0,423.0,100.75745727552108,96.59468902778701,98.26596483481813,98.62209510857888,1.2523169849455975,98.23164334997443,98.58747104950338
180.0,227.0,92.29582765803634,87.03451957499999,89.23819508040367,89.5666910148865,1.581089347565569,89.16445305534288,89.49171092394266
0.0,3.0,48.73958079472366,34.2541811954964,42.26542013016355,42.347148666715206,4.767975472537716,45.713862882864184,45.88164625029491
667.0,755.0,106.88975238743222,103.61173117027941,104.83358869762642,105.22196059452007,0.9896634374777314,104.81583976196987,105.19866103669304
1031.0,1140.0,109.5895780798711,106.85784447937257,107.80980198033221,108.2065837632926,0.8198740426297105,107.79723667491189,108.19358229256778
150.0,193.0,91.06835224780066,85.4370814915043,87.82074177929047,88.15681610175548,1.6882524264113399,87.74911224873556,88.06931489455812
110.0,147.0,88.34280062008503,82.0690269650905,84.7693084424483,85.07641316392558,1.9023780688920455,84.66759721493986,84.97613568954011
311.0,372.0,98.82710844757716,94.47373448463652,96.24553587880763,96.5909384872534,1.31320463670525,96.19912452320447,96.54601533348924
135.0,176.0,91.34653820160376,85.44241797205201,87.95297060955502,88.27615179301075,1.789257909071629,87.867280685852,88.18421653894706
1719.0,1859.0,120.71564953016869,118.36007304236585,119.09531647072733,119.52553986304994,0.7077123207419496,119.08425382799273,119.51793992487511
334.0,396.0,99.1718060168619,94.93854647111857,96.64883495115212,97.00221131044827,1.276136916786537,96.61264844524442,96.96176915272048
31.0,52.0,79.38858283514647,69.65917246815182,73.87924728373639,74.131834776936,2.951903109640657,73.59064802875884,73.85599932160693
476.0,551.0,102.50628025150279,98.81698567182097,100.25336655098847,100.62396226869993,1.1142467770425653,100.22288211359148,100.59535961477586
311.0,372.0,98.5284078622849,94.17942317987912,95.94809079212084,96.29555511386565,1.3069208288001142,95.90309462390739,96.25422884102004
1.0,7.0,76.3934570596233,46.96931634260392,57.02250345262073,57.27734047961179,8.22252427547435,54.911242690425105,55.11173983917208
633.0,719.0,106.58066939454534,103.23619678655572,104.49639016990885,104.88005735338844,1.0145056342567917,104.47261507432088,104.85215654353827
187.0,234.0,94.0288758133645,88.77657085942596,90.99349237252153,91.316399092088,1.5807863993880062,90.92375055203777,91.25321675415867
448.0,520.0,101.48807043413512,97.73815155684066,99.21435027865701,99.57615050380389,1.1358519793590987,99.18784663287353,99.54846259157605
498.0,575.0,101.19667421423651,97.62813400320607,99.00913973163463,99.37446418576333,1.0755614318168936,98.98136780093158,99.34933529994775
434.0,506.0,102.06639190871091,98.2272664232892,99.747390612408,100.1095813036999,1.1560756369529022,99.71998882675271,100.07913594111308
69.0,100.0,87.34277951005589,79.73107083490926,83.03883154181702,83.34481207149024,2.3069466728084898,82.88005039507992,83.17866772748027
95.0,130.0,90.51074034231898,83.63404045947293,86.61436740202106,86.91610626064092,2.0850964451303864,86.47810680693527,86.7888972601139
86.0,119.0,90.70721640573099,83.47965937305881,86.59303552509049,86.90512528632478,2.1825667389133017,86.46094246476885,86.77024678242212
226.0,278.0,100.78080871623176,95.64117335198318,97.80066000713214,98.14490717249818,1.567861214469555,97.74020247744274,98.08866197477028
106.0,142.0,88.74668655456867,82.33314906095231,85.08653167147713,85.39820911291169,1.9365082721975968,84.97951126331472,85.28606615853832
47.0,72.0,82.7015342401316,74.17083871212603,77.90179554667098,78.17128443676103,2.585578455526434,77.68438774865865,77.96464695480141
65.0,94.0,83.30132207450005,75.82962425854662,79.06918338858668,79.36135150201314,2.2580880527832434,78.90754339132283,79.2014776591442
403.0,472.0,105.51444223654636,101.38221134724073,103.03831335581641,103.40699253449327,1.2451961387687804,103.00474144108851,103.37528263406163
351.0,415.0,101.00636494496743,96.8102453888049,98.50311304298674,98.85629380940254,1.265155761217152,98.4590734520867,98.82324042963947
734.0,825.0,112.67511191284052,109.38887544948966,110.60758779583587,111.0055907137078,0.9975018769273771,110.58582689212834,110.98584339099686
142.0,184.0,88.23549765659828,82.65271908706794,85.02537411779079,85.3434089383433,1.6830983858904236,84.93948674358808,85.25515757701277
1124.0,1237.0,112.13895704735276,109.45874011199123,110.37138750194691,110.78379215414225,0.8078834682201109,110.36243584442883,110.77163846921722
469.0,543.0,102.92902424236844,99.18803921446414,100.6572223793737,101.01678549809601,1.1261842176942873,100.6211603900924,100.98788749198503
351.0,415.0,102.70465687276429,98.44903881717626,100.16915485844973,100.5242897076378,1.28549145155526,100.12422053732594,100.48783587664748
43.0,67.0,81.88467319225126,73.05461242774162,76.89866596393455,77.1706951044301,2.6785809994720613,76.6501588620438,76.92961444191215
1272.0,1392.0,120.93239047660735,118.21321163540645,119.11519662326519,119.54519798081265,0.8248179354493491,119.10690423195636,119.53212382351501
408.0,477.0,102.12328784191924,98.16743204780116,99.73388136511221,100.10415391533967,1.1939215933011562,99.70070927701053,100.06367399125227
888.0,988.0,110.92022045753363,107.94997208537616,109.0245243608487,109.41487825271793,0.8950759889029998,109.0033976060864,109.39843168679064
442.0,514.0,105.47947019902261,101.5434689532112,103.0924478877417,103.46650727670782,1.1880833237368849,103.06022907543199,103.4300779459162
72.0,103.0,90.26960229435518,82.56560560203711,85.91380237473795,86.21410863646553,2.3457015578817364,85.74950763023598,86.05413900236536
117.0,155.0,92.69426390687437,86.33070213430807,89.0657856587956,89.38363207404258,1.9380819861837735,88.96693004034627,89.28342912245095
261.0,317.0,97.46365133080877,92.79258179378695,94.70497275667825,95.05943553471339,1.4037969222634412,94.65975814460961,95.00351582219189
379.0,446.0,104.35428543128764,100.1719116725137,101.84759760152791,102.21559112357194,1.2694171163096173,101.81062421334556,102.18001574669792
2808.0,2985.0,135.63280246916844,133.55537817301553,134.11631445568648,134.58406744233022,0.6266638050839483,134.10721649542927,134.580426345849
233.0,286.0,96.10796188698998,91.26870230563448,93.27647023404117,93.62014219875971,1.4581787576945522,93.22051735084175,93.55757570864233
129.0,169.0,93.24563163988083,87.04951311393916,89.69565912768576,90.0269158006579,1.8659389650460905,89.60676398043925,89.93139210107113
787.0,882.0,112.70304122456827,109.49265632884692,110.66295003917561,111.06809545819945,0.9615066824081119,110.64565861322075,111.04602193341853
162.0,207.0,96.73063123299632,90.96038907746342,93.3936194758204,93.73509780291565,1.7441658018034474,93.3252169917968,93.65640095545866
79.0,111.0,92.98167654845425,85.30388728119011,88.65121909796778,88.96889180878107,2.3255345039382775,88.50529938501984,88.81868907527617
297.0,356.0,98.97553068330554,94.49512457405666,96.33138855461048,96.67527422483228,1.345929103707354,96.284378359635,96.63324548871226
517.0,594.0,109.83352394143222,106.04801216013841,107.52289513948553,107.90166568190068,1.1470945360337355,107.49324717625892,107.87327264831913
184.0,231.0,98.24823389452959,92.72000217973947,95.02486666828078,95.37614112628935,1.6744956899005756,94.94879290807349,95.29111182118734
1305.0,1426.0,122.66041406584642,119.93147607105254,120.83234139028676,121.27393255261171,0.8260970534260238,120.81978054605914,121.260375193867
110.0,147.0,95.13951257470468,88.33980204243622,91.25318262618309,91.58554247783789,2.051297740237578,91.14037278323256,91.47068786795461
3652.0,3854.0,139.0896577392928,137.2098318215351,137.639480749986,138.14052997654443,0.5658882755855942,137.6379092996948,138.13332425754
106.0,142.0,93.51788483550885,86.78265476357609,89.68429943160073,90.00642171357725,2.041019549433556,89.56729567079759,89.88948252471562
96.0,131.0,87.54272497298842,80.93469662076858,83.77475294140986,84.0811993442674,1.9982174178959535,83.6530843795388,83.96176294138792
237.0,291.0,96.73736071561845,91.90461959815997,93.90680256505837,94.24853266930894,1.4566584805020029,93.84914105893051,94.19987000262769
740.0,833.0,114.17795557784763,110.84283270275566,112.08573938649215,112.48356944935657,1.009067172305283,112.06201156359047,112.4669539449587
2254.0,2413.0,139.3580181831156,136.97551251160726,137.66253167128238,138.15748508108746,0.7157326837304815,137.65520617609374,138.1484823936949
781.0,875.0,112.91591709915997,109.70487250981637,110.87610874437064,111.28420555353951,0.9698967641209484,110.86110304865711,111.2672481172679
537.0,616.0,105.5045563826077,101.91825321441752,103.29036619342097,103.67175340036468,1.0822827798559473,103.26215608637834,103.64927718566567
408.0,477.0,102.07719695234671,98.1315221132314,99.68904450482566,100.06627044784116,1.201797881078896,99.65508933194765,100.02693268005072
164.0,209.0,97.44928622283737,91.64805839209127,94.1027659825722,94.4451671023056,1.7544757599160752,94.02736301754182,94.36837996561397
302.0,362.0,103.22994187021419,98.61865497377062,100.50338850229367,100.863328395463,1.3952674917514976,100.45118563885725,100.8162091328682
421.0,491.0,105.46086357874279,101.43655765362689,103.02634896333238,103.4091571746156,1.2219366351583612,102.99778283545585,103.37507517083937
897.0,998.0,122.61474130718898,119.3345774847498,120.50730977767668,120.94747591046503,0.986927000188713,120.48660212292317,120.92643161724777
