res_a_p5,res_a_p95,realra_p95,realra_p5,realrb_mean,realra_mean,realrb_std,realrb_cont,realra_cont
643.0,729.0,17112.35424054256,15048.012583145659,15974.824087903968,16076.218741510602,619.6804016270316,15974.111233976593,16076.596925104179
1039.0,1147.0,8679.394745567492,7843.7011861878045,8215.567119922745,8259.91778398131,253.4965091819412,8216.11523521089,8259.639110395077
1275.0,1395.0,8195.631100685074,7481.315267306022,7797.236367467368,7836.45576166888,216.37417628008046,7797.209062059503,7836.945986425047
1534.0,1666.0,9144.540223828224,8411.368899210602,8730.695270178807,8775.625313065979,221.64570966532895,8730.521876084262,8775.929072031999
678.0,767.0,17349.021928177273,15316.612545391366,16232.332542069309,16330.295879224572,613.5354217345156,16231.814223468511,16328.912495642056
2127.0,2282.0,7257.65876222314,6758.158819192427,6969.351376740991,7007.03663284472,150.77098284550314,6970.32113906454,7008.388808765561
966.0,1070.0,17824.858816712534,16049.982112764248,16834.46618892693,16934.567395335445,537.9365607490407,16835.749574035348,16937.687862355517
62.0,91.0,56283.51434236135,38266.09449221078,46819.71072706257,47079.11389410862,5457.8381190009395,46825.021030371325,47082.52661340848
1002.0,1109.0,16655.7797245622,15018.558021312178,15733.928225068328,15830.702165879013,492.7558237869851,15736.477629483703,15832.225822626702
665.0,753.0,19561.556994444327,17241.209227624862,18288.90658030966,18394.699228038968,698.9259566444053,18289.251914153712,18397.82827512009
956.0,1060.0,16065.082264506664,14457.637485731631,15158.28841769867,15254.593990474466,485.70656182370095,15160.178285574086,15255.979649141427
1645.0,1782.0,9943.15316142448,9170.991852892455,9499.941878083211,9554.813978620314,233.01058560191424,9499.847784479745,9555.633549240523
457.0,530.0,22280.691827690196,19154.964321613166,20583.55434059896,20709.540199733954,945.9386691027987,20584.272272472725,20711.155429861294
806.0,902.0,16549.627521851096,14757.090841153404,15554.22088705466,15648.365483834965,541.2531958763989,15555.998054828975,15648.329624889333
834.0,932.0,17134.812716010565,15304.820328208574,16121.222216864644,16218.196864210095,552.114982978808,16121.617718730995,16220.486241162314
200.0,249.0,37131.094487755974,29669.458525155766,33154.89881574803,33342.50925460213,2251.361345341753,33157.00007235453,33347.91203048728
337.0,399.0,19120.966160517397,16075.291074217474,17493.065989616884,17588.151250090625,925.1571636871753,17497.00856687435,17589.112498135335
1103.0,1216.0,15961.039025319878,14464.680095342113,15119.15745301391,15209.458673188872,451.0380515441095,15118.190878234565,15210.182952915016
447.0,519.0,19053.420241742264,16367.17067383939,17605.896805941396,17698.0147737322,815.4817175190894,17609.474261945023,17697.124212825413
1283.0,1404.0,14767.854789646144,13473.485790272378,14034.066216884064,14117.76676391241,389.2930833789849,14035.865001015447,14119.700176919669
2102.0,2256.0,8422.878049731748,7838.2184172069965,8084.593700677104,8129.88891382936,175.70668464217414,8084.79986694986,8129.705724421921
1162.0,1277.0,16159.804961377316,14683.18014641067,15320.796229113856,15415.339675567737,448.6604380043797,15324.274562824528,15416.750330577224
1061.0,1171.0,12102.243741025637,10947.41474024127,11464.989998550955,11521.517435780666,349.0830690501607,11464.693989746087,11523.15110916568
461.0,535.0,18806.177535719013,16190.446043705919,17407.817144157554,17486.855203347117,792.2977686604528,17408.454667980786,17488.071334875724
894.0,995.0,12490.297430592404,11197.726172301143,11781.236091414563,11841.796668181472,389.0852101567868,11783.333049340488,11843.671039696475
1009.0,1116.0,11794.526748995297,10647.645845704417,11161.72161816999,11218.079641614246,347.3707709991178,11162.577210756113,11217.333015129005
1162.0,1276.0,11085.97128487397,10074.052627234185,10520.772838637318,10578.020815764105,305.0901835457778,10522.524343954947,10579.6486175063
1423.0,1551.0,12805.430058800222,11738.129167554154,12205.824342988655,12271.5342129228,321.88706893045406,12206.578905905113,12271.709215916704
565.0,645.0,14752.432938504602,12872.781504491526,13744.220891139348,13807.292515414267,567.3104807586482,13745.279825958185,13809.774414839178
974.0,1079.0,11011.09527768114,9919.911666887183,10417.436001482158,10463.12942133593,329.8245025628075,10418.403052653888,10465.075318712887
1377.0,1502.0,9627.859155491184,8817.285776506587,9173.76038236371,9219.885668613011,245.79109620629566,9174.94728362828,9222.700765991356
642.0,728.0,14400.069198233752,12677.661779355618,13452.627301584396,13531.080974849823,521.6114511629104,13453.766560172824,13534.54152447982
739.0,832.0,17323.668202320026,15370.876132913216,16259.18334777338,16341.424525397548,591.1474813535351,16257.99136095973,16341.74614432763
324.0,386.0,24006.36713676174,20081.106506421347,21934.9841880041,22025.887781542744,1182.1323027942483,21933.961111357286,22031.792594426082
1052.0,1161.0,15504.185977974406,14021.045052274127,14670.857039486847,14758.283604681732,449.8322400712371,14673.079830337116,14760.732450155048
1448.0,1576.0,11286.663632721866,10359.651148247392,10762.313864460506,10822.030777177935,280.3481640992514,10761.926313687054,10822.678344948585
1651.0,1787.0,13107.198838337588,12094.016526334462,12524.568390567856,12597.200202468352,307.67640092840753,12525.545710484603,12598.563571576848
1065.0,1175.0,12719.32199888237,11505.727409235064,12042.236540501457,12110.362778755063,366.4711239818761,12043.384222353923,12110.182501277664
1104.0,1216.0,16603.329769668857,15044.995856257181,15723.603587968364,15819.841635738725,470.68422570234634,15724.935422389337,15822.674090528704
1490.0,1620.0,13747.576769094921,12628.25097492085,13110.233561029505,13185.039953054442,339.923400808587,13110.093718825856,13187.415236434626
878.0,978.0,13419.728092146426,12022.934274427125,12643.455249081497,12716.082495766916,421.18316708253934,12645.882630905182,12716.859788081796
1567.0,1699.0,12736.410153545961,11727.820771792905,12152.318454110484,12228.992901617083,306.0153488536247,12154.491701914078,12227.93229956105
1083.0,1195.0,11842.284653259594,10724.027089456446,11222.034081429782,11280.007273923795,337.5927147119688,11222.108813155346,11281.331997062814
564.0,645.0,22480.720748037857,19631.449906183527,20916.75981128855,21047.04394728628,870.6100248438449,20917.16641905869,21045.544084644345
1272.0,1393.0,11269.655982632949,10283.912744978135,10721.466032056733,10775.949799912385,298.07400859631537,10722.008083298984,10777.486940409592
830.0,928.0,18589.69126535171,16597.17206219485,17490.48177404112,17591.2526704127,602.5105087368854,17490.70112607757,17593.891665037318
943.0,1047.0,10873.31882173735,9783.901133879448,10273.932743815005,10325.359814350228,331.1476195798441,10273.418248078453,10327.413714485845
1146.0,1260.0,15089.16234895445,13699.218218202615,14308.909858937503,14391.272549994932,420.68739443773995,14308.917218674747,14392.42111333226
1309.0,1431.0,11457.028238125344,10464.712871419579,10893.664309155169,10958.289521937633,298.64708807345704,10895.1623421845,10958.015824441092
466.0,540.0,25201.030136552276,21690.179439162566,23280.60319333352,23421.905382589885,1055.989199896721,23287.35737539333,23425.74059273438
1514.0,1644.0,9666.654131857558,8888.004937220052,9232.231230036006,9276.118664942851,235.27987577340303,9233.23052079177,9278.642557551822
1372.0,1497.0,14322.251106387253,13110.339718509445,13634.283090622377,13714.33679523462,366.51796594869546,13636.44773013688,13714.94482865039
1345.0,1469.0,13399.168098948934,12251.540398860894,12749.214316283322,12823.675289618974,346.2753156322967,12750.482478824644,12823.672232079873
710.0,800.0,12159.08910112063,10768.093908471992,11398.913016283572,11459.33112089757,420.63747950994673,11399.204859855094,11462.905344234814
1253.0,1372.0,12284.662596069064,11201.040375301736,11680.31681083364,11740.507478788013,327.34886039844804,11680.623573419005,11741.430848520911
1022.0,1131.0,9107.150154219258,8222.07193707243,8614.178166780435,8663.006407039493,265.77693957352955,8617.184255972417,8664.780324354246
1181.0,1298.0,12485.640880576222,11349.964199746431,11863.495330999236,11914.973235270738,341.60272156864886,11865.288818363806,11915.687595172663
768.0,862.0,15122.646538402387,13441.585138508053,14221.291449772096,14279.034794648218,505.14605681758917,14224.456899294646,14280.284613531969
1009.0,1117.0,8051.609066707799,7264.180221609696,7609.881217067169,7656.387138552873,236.82538222265572,7611.069966619257,7655.782105148233
1404.0,1530.0,9486.104593441885,8694.942962836962,9030.192727828811,9089.95682089248,238.6761354310491,9030.233617283433,9090.866331656069
1400.0,1526.0,7667.278876309973,7018.997446931667,7309.197214379577,7341.757044138593,195.7755208970886,7309.9273077308335,7342.991138896775
730.0,822.0,12284.76381369499,10892.778736497467,11521.39926889249,11583.37070078285,419.8761111250739,11520.794739997235,11584.69614448495
1447.0,1574.0,9316.615072249599,8550.937876157595,8875.527691385012,8930.825349485172,231.74716638529412,8877.688101806703,8932.05391525014
6.0,17.0,177312.36328064694,60778.938411625226,115092.15693595822,115863.5259048253,35228.17104681777,115147.3802024627,115759.0437575578
870.0,970.0,12792.21617567891,11453.647185383397,12065.62433952189,12118.846133512869,404.1603919676697,12066.048866617246,12119.967338119443
510.0,587.0,13903.682655675704,12042.489149999681,12899.690315486874,12963.13321813394,560.3350056817023,12899.342940188812,12963.542434139614
1254.0,1374.0,7880.822490632238,7183.470950831754,7491.929068781555,7529.772985397309,210.11453781706703,7492.444446296058,7530.691349143613
1281.0,1402.0,13886.74269950031,12669.173374345422,13199.576507760925,13274.270889634647,365.7900008110539,13199.934474102241,13273.558190562791
724.0,816.0,18376.724715899392,16288.67946838812,17233.00582295704,17325.989878158503,633.844477412612,17237.519216909885,17330.391000140877
408.0,478.0,24824.80858219661,21165.51639790076,22852.89526493263,22980.955965516532,1103.2536323223758,22854.21877336005,22986.044197909418
953.0,1057.0,15389.554902611724,13844.082991104999,14531.144387981229,14612.45381950191,465.41171436685676,14534.548644077491,14613.508881090585
822.0,920.0,17755.568245996223,15846.497260066986,16706.669245112458,16795.498999370946,576.0028655583861,16707.762679009415,16802.237024604012
573.0,654.0,22184.4554662034,19382.58073737243,20656.103398020707,20780.010181936996,851.1583074385976,20654.15239537531,20778.909049589205
757.0,850.0,18848.430557023585,16744.705053020705,17692.44731368313,17790.5823643958,634.8356434878397,17691.445750038874,17791.556507155427
357.0,421.0,16872.573268081098,14236.538197030197,15475.468853255672,15542.869095089101,798.1798258344531,15476.372598287144,15543.224403351396
1098.0,1210.0,15052.468565714347,13639.268936330205,14263.11920179772,14342.223235507774,426.1175994127404,14262.645927768734,14343.319350090278
1737.0,1876.0,7409.011178705147,6850.160257416004,7092.825779715328,7128.621948691168,169.43580158504952,7093.1336330107015,7128.748090167842
1495.0,1624.0,12734.182153777136,11699.295919836897,12140.569799568779,12213.299123011593,312.8003558297893,12142.218851139378,12213.337668307273
807.0,903.0,16186.135278294629,14433.277605842857,15224.47345539501,15304.910162368416,530.3847078659506,15224.504993499731,15309.31370693317
885.0,986.0,9395.371865897881,8423.98918924516,8854.071006633101,8905.202722535652,293.2043827550931,8855.964540825722,8905.518763835127
757.0,850.0,18018.330901955313,16013.985233739035,16914.552493132745,17010.607730730728,605.2864541344293,16915.058543628456,17009.51152586898
217.0,268.0,33424.532158792106,26928.97782338112,29973.894100827285,30136.792772157136,1957.0619905627848,29978.048228130017,30152.29042377676
1789.0,1931.0,8579.495978811507,7942.308587359811,8213.374415151455,8259.281575871777,194.03412622947772,8213.47007944779,8260.748345781727
1205.9499999999998,1323.0,11808.828895297156,10743.88824150929,11224.787318721312,11273.303698723827,321.21367766776535,11226.36240965738,11275.777488028714
1195.0,1311.0,11071.21857746134,10075.980170263229,10526.53325018641,10572.959559611034,300.666083160514,10528.41620156649,10574.643199670338
1056.0,1166.0,11583.82759328319,10480.149652291551,10976.203010605732,11029.14947153224,334.150021433276,10976.443093575981,11029.570449534052
869.0,968.0,12939.002275447829,11588.921731221299,12208.689902746482,12261.2478495609,408.26958534167767,12210.259034083272,12263.724853499185
1227.0,1345.0,11371.190297400373,10361.631273480025,10825.29388557766,10865.632011746517,306.0842833299135,10826.463564947715,10866.495208934326
845.0,943.0,11460.6891417465,10252.118310335389,10786.549730043116,10854.417590015863,365.97517142656625,10788.140934367953,10853.874333407768
862.0,961.0,13527.426627050421,12112.652771532654,12756.571696560666,12814.94979930132,428.8324950622097,12759.01330667381,12815.237420006584
661.0,748.0,15076.34479192655,13292.140818967238,14103.52927522325,14175.281670243969,538.081573484635,14102.97144522256,14173.409376554471
863.0,963.0,12300.174166603447,11006.328750827319,11590.316051073198,11650.351127856375,388.9447448734503,11591.664881450457,11653.088373795948
404.0,473.0,14929.633465926985,12722.097566093304,13733.672367355817,13817.792328060066,665.5324550934449,13734.710205754262,13822.001738206898
684.0,772.0,15970.03405778843,14100.29921413921,14955.718030836313,15025.360293742528,564.2678955734056,14959.832390132373,15027.107557121724
1246.0,1365.0,8352.405328139399,7613.212551604493,7944.184261173341,7982.011026016324,223.3148326068116,7944.345787900238,7982.210023045644
1034.0,1143.0,15030.925838881616,13583.765646729922,14227.296235938857,14305.242328063323,438.28461408482633,14229.041394563663,14307.520819712006
608.0,692.0,15670.75519507213,13742.947491400946,14631.575600281141,14704.881544996104,581.666576341759,14633.169771750145,14703.096218461507
86.0,120.0,45778.76547011899,32813.44528922117,38999.27668943942,39192.25495082442,3899.577413349744,38997.50489777715,39200.919896484025
430.0,501.0,17747.853606600205,15196.61277202194,16381.325000828385,16459.196809186607,769.6755655932673,16380.55969931175,16462.288756975533
381.0,448.0,22905.757297204324,19432.96003727866,21017.619510483808,21148.95931256223,1054.016804710469,21023.451938192025,21150.892610791925
698.0,788.0,12891.147673973823,11402.965416538156,12075.572909798077,12143.690569720404,450.99175986469015,12075.391739520534,12145.310321731378
524.0,602.0,17671.34259425099,15343.506184685024,16410.0036585924,16500.81361916023,702.6501927332271,16410.27915156777,16500.551423528945
488.0,564.0,18263.49336528929,15782.842882372872,16930.92927077646,17016.933436593114,748.9651222193185,16928.828613567024,17022.41120656885
76.0,108.0,49267.03430353637,34726.531344738374,41622.956425881785,41848.208762265785,4411.565640345799,41636.65120837394,41851.56522958332
1181.0,1297.0,13819.057252945118,12562.805323613415,13117.563594084568,13187.147126246815,379.7139377845291,13117.02432341058,13188.347454286912
1430.0,1557.0,11751.77819855963,10776.238030322063,11195.198525497537,11263.585196140868,294.1291412786869,11197.436712910498,11263.0542019161
810.0,906.0,15805.482948353232,14098.459945606875,14873.893099504847,14949.653596190336,517.8689015592472,14873.101833661975,14951.636287560397
910.0,1012.0,14595.673323058605,13095.691227675963,13758.227585505914,13842.238855451698,449.9860503460917,13761.265290479934,13842.437836147647
1120.0,1233.0,14106.289709677585,12793.618532342181,13370.122596299267,13446.526898410611,395.76842860237787,13369.535286553551,13447.075732128153
759.0,852.0,17841.432886976698,15863.211459315286,16762.189272608975,16848.820069154615,601.966475668458,16761.558551288865,16852.39263219586
676.0,764.0,19692.877339257913,17368.30376434373,18430.235069322654,18525.074338989238,698.2498698199806,18430.69116912076,18530.51503537548
1301.0,1422.0,14358.999962293005,13115.332130217517,13660.102447278561,13734.816368244105,375.744808597572,13661.074763142193,13735.670227296363
1169.0,1285.0,15330.020023249712,13929.726421734806,14546.334672107349,14626.815702215295,423.1901049620433,14548.728608476455,14629.185106638886
887.0,988.0,17378.185291638125,15571.699536329552,16374.121315341255,16469.251545952815,544.1940935429442,16375.899207457574,16473.281942344114
1094.0,1205.0,10379.3959155271,9411.958530234324,9842.314353298687,9892.868662532921,296.2663550254416,9842.252953530722,9894.872150206576
1668.0,1806.0,10884.51176850347,10042.621603161038,10403.702005953552,10461.438094776942,253.75395478668491,10405.015100810211,10462.140023511389
1774.0,1915.0,11473.951369791232,10610.989126831017,10971.285456795593,11039.200801917294,260.33470057390855,10972.41233585498,11039.420537608847
1298.0,1418.0,11830.57150219265,10808.599168983206,11253.42648153153,11318.002941303448,310.4298210242353,11255.18668966816,11317.88853096436
569.0,651.0,15259.991211357363,13323.407063874309,14217.621450038014,14286.218013054104,584.3985485314699,14218.392483537451,14288.60484905434
1909.0,2055.0,10516.631746590601,9752.007417690902,10066.320793411718,10132.116820765756,229.82190221825812,10068.107314921725,10132.47618852981
1757.0,1897.0,10368.687493889918,9586.220924689214,9907.464026915592,9976.000453271787,236.401706291318,9908.758662160672,9974.661744770074
1859.0,2003.0,8960.093624933357,8304.474676308519,8588.999183554852,8631.260364930315,199.06539090679627,8589.679343740663,8631.874851286384
1072.0,1182.0,10030.733688426366,9080.297988089731,9508.773521389236,9552.698672085493,287.3173275514142,9509.301836755887,9554.227676461867
936.0,1040.0,10936.439104668067,9839.248595036148,10332.780348136099,10386.251141151113,333.2040132725115,10334.317682964012,10386.274707021528
532.0,610.0,14906.024931057093,12963.523682295936,13847.04493129651,13925.675214751012,589.1237224286232,13844.309262226068,13926.198404911456
786.0,882.0,11146.424514732369,9923.676149561135,10476.693826252382,10529.679547094205,367.9603511478959,10478.102709258192,10529.887898839806
1178.0,1294.0,10352.263993233104,9412.061567289093,9825.704609268118,9880.871937152217,284.32399804064505,9827.411064652228,9882.46394506592
782.0,877.0,12308.439044800005,10960.68336662309,11588.33989160307,11630.293878978471,408.5664767970084,11588.266130018434,11630.493310573931
728.0,820.0,14556.720863113704,12909.225368606263,13655.13208470877,13730.764821512894,498.9262991044432,13658.71144939584,13729.41674125238
1138.0,1251.0,14529.058658414748,13185.754683147668,13770.383299185378,13851.663285805547,406.1249037181249,13771.819281895663,13850.695101333204
2103.0,2256.0,8505.981508999199,7919.546207324578,8168.262247762077,8210.871391095852,177.84119480344512,8169.365564058193,8212.227446968904
2697.0,2871.0,7411.106846656243,6954.5630771964825,7144.941581178603,7181.956270341341,137.5546318108364,7145.012476896868,7182.244236744526
1239.0,1358.0,12565.993711254567,11451.00995208528,11931.52262481486,12005.045348970385,336.88761582513433,11932.853126412328,12003.910504411346
1697.0,1835.0,10787.757319270184,9963.783907556084,10316.4099241823,10375.25966004247,249.90473188111545,10317.006704665595,10375.2207755387
366.9499999999998,432.0,22604.22200286213,19109.33547711487,20711.90742539549,20840.19717838951,1054.9295008774127,20712.735348926453,20842.86605055832
1170.0,1285.0,11859.918709305322,10778.228892960557,11251.55710818181,11314.194701662746,327.2747242924265,11252.420540590876,11314.864337479139
803.0,900.0,14159.393085134727,12620.3405588793,13301.54764415802,13382.66235270177,462.7304967578892,13303.800677255154,13382.702972406847
1498.0,1628.0,10379.508026456555,9533.563096854441,9895.713719843228,9953.686459273496,254.88525229895606,9897.239586509755,9955.662403951312
1110.0,1222.0,12118.59995434547,10988.833694716666,11493.993826940603,11552.763545947422,342.0059547680598,11494.996256696368,11552.519997992667
1776.0,1918.0,9317.359728338943,8621.000138853167,8918.143855889159,8967.053377924569,211.01304816043455,8919.637702661481,8967.86018697283
1002.0,1109.0,14547.861375785042,13124.931810750832,13754.354328031046,13829.503890803866,430.3731929250637,13755.546777758454,13828.112860902876
1586.0,1719.0,10881.62398974143,10023.239255129647,10395.700943267637,10450.192805312292,259.45947170075607,10397.582101579623,10450.69147769436
385.0,452.0,25471.135475917054,21624.279234646583,23400.11196843426,23532.735778568323,1168.3456240144596,23401.17599201816,23538.75872653263
392.0,460.0,24547.9922954089,20886.121561349442,22574.536968956396,22696.410144983627,1112.4700459220471,22570.929422951263,22697.104856425656
761.0,854.0,17643.491326626325,15687.523757481606,16560.7712609388,16660.82052213369,594.4269859115327,16562.471116542933,16659.87389958625
1057.0,1167.0,14085.569981227802,12742.075427905233,13342.666980965896,13410.338081027718,407.97110119968875,13343.191866954312,13412.698920017629
945.0,1049.0,12846.152580727081,11555.261626464606,12138.929797991932,12197.057790816403,390.66966900128784,12140.413492087158,12197.068908646774
1212.0,1330.0,13606.220561841455,12382.067109740157,12920.74950981555,12991.416841535822,369.2486945318025,12924.948350389945,12993.195664587107
717.0,808.0,16234.98241003764,14376.23299293308,15222.102908342618,15297.200480815596,559.7429471995367,15223.803602534106,15299.636009038888
809.0,905.0,13566.115007563927,12100.402227940602,12756.74690954587,12827.576080940587,442.79432768112827,12755.962856562157,12829.00458993073
1095.0,1207.0,12257.787311352185,11109.095005344883,11621.75072117506,11680.87804801594,348.3736693667162,11621.755443808528,11680.127463799281
1503.0,1633.0,9869.210439131375,9069.618090873664,9421.551679442657,9465.132634036861,241.78887955136497,9422.607893107132,9466.361579801138
1057.0,1166.0,11387.283128067904,10303.58243620097,10799.321276119972,10843.385794330892,329.6601584276759,10798.355808719567,10843.63427833501
532.0,610.0,16412.05528004864,14270.681246861466,15262.67566068881,15332.936991579985,648.8196039193873,15263.200402735785,15337.296166128206
487.0,562.0,16784.482094163606,14511.734527783929,15582.792665175915,15639.150908085143,691.6302327541397,15585.72782283511,15643.987629670895
1430.0,1557.0,7928.081867954855,7271.967276617986,7572.4858189910865,7599.101011817613,198.81279485370007,7573.273855353761,7600.342869890873
1286.0,1407.0,10281.103436436564,9386.903749514107,9791.976009227708,9831.693684511145,271.3754855920279,9792.052153776564,9833.476538917865
790.0,885.0,13652.717220784976,12159.658609746364,12851.940432638796,12899.240843711026,451.47519262249205,12852.213898104765,12900.646489563465
690.0,779.0,15704.553860627047,13884.262001628873,14716.589195144634,14786.940127476035,551.5099272007585,14721.315873448686,14790.827308535947
382.0,448.0,22752.67408138707,19304.39995426114,20907.665979384008,21010.897520434937,1041.2009281545513,20910.120481235732,21019.724032728867
602.0,686.0,17263.345899549528,15129.758003840616,16115.013141163645,16188.324097643796,644.945551207698,16116.79296353828,16188.837784631824
995.0,1102.0,15309.843104683441,13802.175412040755,14471.0987117459,14553.039872032428,452.95043207531523,14473.336364455292,14553.020157776216
760.0,854.0,17444.856571280572,15502.241662703746,16386.98990809026,16467.048538140112,586.1299970480994,16390.3210148193,16466.58625231043
884.0,985.0,16065.32102562647,14392.056138420248,15140.921255689589,15224.085773063738,504.80631034802633,15142.96595443467,15223.612740985052
958.0,1062.0,15589.76740061288,14029.054908822389,14730.217205927322,14806.087299098868,473.22433552564866,14730.871152388116,14806.94214334189
471.0,545.0,20236.800897854206,17442.357225519252,18743.588483721436,18824.905572635987,843.3868145076387,18745.907375759125,18832.224749194327
260.0,316.0,29890.799825836944,24522.253904924783,27065.346529519462,27174.894246451408,1616.1943391784303,27060.722072370685,27176.629907409828
965.0,1069.0,14208.545804552807,12794.79203572321,13434.508623092615,13494.997830884511,428.27913822394044,13433.883688035812,13494.422387160907
794.0,890.0,15198.832238233881,13537.22171515075,14297.243863398066,14362.51495397942,500.9439939115081,14296.620836304732,14365.999606750669
697.0,787.0,14543.969090792403,12863.671109182653,13640.973210272525,13700.063267686775,509.0541076351828,13641.730757457037,13698.977635619573
1614.0,1749.0,10614.70881130463,9783.133586865606,10149.417889953893,10197.551716034235,251.54716519245534,10150.581045936602,10198.572220965067
840.0,938.0,15182.450949514448,13573.200617885375,14298.629035184913,14370.827908230534,486.56006155100783,14301.049152809896,14372.294121507164
1363.0,1487.0,11551.162764923902,10568.905904658994,10996.128644202214,11056.873379019175,296.967108323275,10998.397942672302,11059.742583408784
1278.0,1398.0,11581.131470290025,10564.152367329893,11006.770622143209,11071.674488317583,306.418238753583,11006.10563147248,11072.220956051837
580.0,662.0,16219.07515205489,14179.324435189958,15120.312263917389,15200.035575993395,614.8149704579845,15120.313797241637,15201.028279570935
1002.0,1109.0,13813.572935824279,12462.40045416709,13057.47624890648,13134.560391212883,410.9270254681843,13057.286733135015,13135.68859007741
725.0,817.0,16074.337078989376,14248.174368563328,15080.757220702924,15160.537791060548,554.3307553726656,15080.338266448178,15161.42184103698
540.0,619.0,19447.886943380687,16919.923443573014,18081.101689353305,18173.046888778794,761.8823913561671,18078.140482823645,18176.756707904166
620.0,705.0,18705.910733440975,16420.180315651214,17462.187149545916,17555.246594124823,691.0853325156393,17461.33965109687,17555.536304107343
780.0,875.0,16137.965174770907,14361.95333326748,15162.401551269591,15243.309234070453,537.2232029822269,15163.195081538335,15244.828599344633
80.0,112.0,44783.944434728415,31744.06673748804,37942.251375036554,38143.95732790677,3928.3448174461987,37961.76867713477,38148.86117377083
646.0,732.0,16481.696721123073,14514.957276884355,15407.470585240217,15489.986966862973,596.3587954147551,15407.573282163416,15493.148181964238
1437.0,1564.0,10890.113884384316,9987.786882694074,10387.624282669367,10436.570113562426,272.7689081554109,10388.930228611829,10438.165203026543
690.0,780.0,15027.193568577555,13275.466038701601,14076.863009412527,14144.11730480574,527.0757882344517,14079.347934778985,14144.339024215975
1279.0,1399.0,12116.084161737823,11054.58975191731,11518.10509272565,11582.101434494743,319.758303789874,11519.123724163024,11580.747255075516
511.0,589.0,17008.01758069127,14742.086000192594,15786.726737843439,15865.63615204329,683.2882602529112,15789.014489178542,15866.68250302769
1293.0,1414.0,13185.551412684013,12037.774483765163,12534.877086210017,12610.15546383727,346.79427037878617,12536.440552652623,12612.319426064598
481.0,556.0,17181.32612370145,14827.11411253322,15913.400908073521,15993.315195732517,708.1057781245248,15916.770093381201,15995.64077176097
456.0,528.0,21540.7701288614,18526.504118859975,19933.452860629153,20025.20098815789,914.9017316001576,19932.166168808122,20031.270471542695
500.0,576.0,19059.366906313637,16488.14554343492,17668.434708971257,17759.89626231318,774.4151064656071,17668.631166376814,17760.892006787915
1426.0,1552.0,11691.395296042052,10722.447180784533,11143.64219350523,11204.960225595203,293.3804987598976,11144.317864283472,11204.956993825614
1461.0,1590.0,9720.200111197206,8922.63065622246,9271.034555061986,9320.582496026558,241.2662948646941,9270.669120743676,9321.254084479515
1376.0,1500.0,12132.834852192635,11108.23502020906,11556.629893019488,11618.613194125159,310.17300105057865,11556.348157921888,11619.20811180187
898.0,998.0,13677.943747871243,12276.959701357126,12902.175121914988,12973.57519286883,425.9282781231284,12903.223500225335,12973.176868077471
1667.0,1804.0,9596.53115260102,8857.405023076892,9177.203788306186,9225.393396176987,224.35508523785296,9177.533605977216,9225.631910355327
822.0,918.0,15644.614278472842,13968.950973109422,14726.477905230198,14803.36125970861,507.79117113724345,14728.900189184906,14806.918159768647
1715.0,1854.0,10192.77812100253,9415.640586215097,9753.689466182272,9804.813820047515,235.80388780436968,9754.94790262404,9806.547958658843
949.0,1053.0,14161.600330265588,12740.6181408062,13385.700433881178,13448.080215993497,430.3703277727191,13384.81933139993,13449.688713024529
2010.0,2160.0,9207.213802010303,8556.793696710965,8838.332279006028,8882.401236277423,196.51403278916632,8838.312316499092,8882.796137620346
1390.0,1515.0,9021.918522365811,8264.729252198333,8594.865242015145,8642.760898599858,229.3571571589792,8596.129657578844,8643.73283860797
818.0,915.0,10725.29424933955,9569.63167826808,10088.158334018222,10143.41742685417,350.14406660070097,10089.575584749582,10144.183476023434
70.0,100.0,47404.13370413721,32880.55400390524,39752.584551545006,39985.97271223303,4378.305554677437,39762.479343222185,39971.82079899051
1240.0,1359.0,12224.357355274951,11135.832992506224,11618.598091143827,11678.808227612055,328.64518537436714,11620.718450610831,11681.061640956848
1755.0,1895.0,9558.607083265479,8839.390834629054,9150.399469963108,9197.835329997719,217.3900977978009,9151.679006250128,9198.096762983516
986.0,1092.0,12532.571350492293,11298.196269394668,11840.283506339782,11908.948306522985,374.17128125726805,11842.576176466668,11908.596717086566
644.0,730.0,16609.370471336904,14617.121676667297,15524.762845091045,15605.05620527751,603.3795861442883,15525.382905123899,15606.382366927044
186.0,234.0,24401.063253326745,19343.03552559358,21745.767223942414,21839.519671406917,1525.6390621748656,21749.62536724824,21859.61360905463
936.0,1040.0,13666.556182106915,12283.716456507895,12900.913925121498,12971.389790973304,417.69717241947126,12903.891513699371,12973.592184437926
346.0,410.0,20388.79918293923,17164.214358615027,18675.19929829122,18763.324812427076,973.0181066086952,18675.816981654167,18767.247970731954
806.0,902.0,14545.030984501693,12967.953114511958,13684.943246836567,13752.832789175567,476.5254773328767,13687.709193396035,13754.464837748596
789.0,884.0,14027.705981829758,12495.55309578018,13194.245445342951,13258.325660416733,465.0342880502752,13195.553366805372,13258.681250343552
1110.0,1222.0,13233.448539912002,11997.859800522378,12548.250837927384,12610.933760281001,375.6486578923052,12549.677148459035,12612.895378902414
447.0,519.0,18205.379366597877,15622.199626010384,16817.654426193425,16904.794358627623,782.5421512779094,16823.860334056808,16908.01155661087
1431.0,1558.0,9374.025733777366,8595.351188033952,8932.056591182478,8984.13540211438,234.45084872119875,8933.816348167531,8985.351490496048
1190.0,1306.0,10188.770880353914,9267.396969152827,9676.895852747268,9726.617618665256,279.1251883856274,9677.912064554332,9726.377757744971
835.0,932.0,12443.431288613956,11118.035231420718,11731.452845726828,11775.17802301963,401.8229050763362,11733.801798199473,11777.778593832452
1040.0,1150.0,10623.442611325225,9599.483958918325,10060.192723257309,10109.424166243713,309.11403413532884,10060.749597033724,10110.267387665735
1777.0,1918.0,9092.788530232021,8415.421352915067,8709.346228211714,8752.080938218396,205.82475480648026,8709.411659307198,8752.148235677063
364.0,430.0,19162.215738647817,16185.224552006286,17591.85503809336,17656.97574085042,902.0021427881499,17595.29246662438,17661.480905849818
2773.0,2950.0,6257.162767623883,5877.582446326829,6035.236317752736,6066.5575284985325,114.69557001532544,6035.839642498251,6067.681834522679
1462.0,1591.0,8082.664356020899,7419.395155653339,7713.3968687308325,7749.744202012128,200.05103091360522,7713.947544164455,7751.704974921601
828.0,926.0,11953.362648839084,10667.413135219047,11254.257510810003,11307.192299450893,388.0481445094833,11253.485174289885,11306.646250831154
1098.0,1210.0,9906.707981430665,8977.104633748153,9394.234664700834,9439.150523295784,281.1717899336045,9396.57074767439,9440.00507074653
432.0,503.0,17482.34583629164,14974.739132764173,16140.337135099633,16215.648823355148,760.5085570339409,16140.691005807857,16213.667983356918
501.0,577.0,17374.80958650558,15044.823848160879,16127.962419173698,16203.07599586533,709.0067118083352,16127.673244585556,16206.723451923983
481.0,556.0,18858.857624601733,16275.61035812245,17463.21370836042,17554.294002279996,778.6752782491142,17464.134614684677,17552.390401734574
477.0,551.0,19583.14097803619,16896.50104218223,18136.99667552359,18232.559584871025,814.848198972832,18136.05679169922,18229.80205849505
53.0,80.0,40385.5910470524,26616.624927778652,33168.494892760886,33347.02432660345,4144.77143190746,33180.8471850747,33331.015431395084
1430.0,1557.0,7913.213236292246,7259.049019745811,7542.039844254601,7585.405765848463,198.07232716677558,7542.301726188943,7585.341673262996
794.0,890.0,14889.68385620475,13266.335614547339,14004.35483680467,14073.188693117612,492.64324384646727,14005.304733775018,14075.995607979852
835.0,933.0,15182.894723568288,13571.17684129565,14294.381167685198,14372.068712569058,487.8239744736521,14296.509821531656,14371.949261877933
1012.0,1120.0,12738.858947309887,11498.299529997854,12056.153383524943,12111.625772247377,375.914640109445,12057.263242484443,12115.37025135718
1287.0,1408.0,11514.0760052252,10508.003676903809,10959.164077531328,11011.054149793903,303.69297527144585,10960.699501050638,11010.948519934946
822.0,920.0,15499.803651733815,13837.329586359718,14593.790565265208,14662.252409987223,502.45993564857775,14595.86084350812,14662.806870376935
1141.0,1254.0,12671.057138011049,11505.182402502049,12032.390265373802,12085.284505298676,353.0295139976405,12033.629808589309,12085.821581371783
91.0,125.0,41619.51493802257,30102.284466722205,35605.774916638984,35764.20258566467,3488.599181275209,35604.781567014164,35758.37568525607
563.0,644.0,14426.518088242447,12586.079395145247,13432.515139820005,13496.778514275698,554.0667660730352,13435.43321938415,13497.062253396674
1555.0,1688.0,10489.779276667361,9652.950698596222,10025.275990935064,10071.483906541094,252.73709301468418,10025.242261290396,10072.492162870956
681.0,770.0,11986.128255341151,10586.961982228779,11223.24270770948,11279.14372466433,423.549295633639,11225.55046302916,11278.49626668838
962.0,1067.0,13387.587388192575,12048.820612133584,12655.103635338233,12714.928045380735,403.3503342842581,12656.087934424726,12718.262078527869
1174.0,1290.0,10923.476749505198,9929.730989563403,10376.199442275645,10422.19833290662,300.33392294308413,10377.974006329654,10422.287911079531
443.0,515.0,18052.41056021101,15484.645686165788,16686.246425872632,16760.05404220824,776.4999593347901,16687.428439158342,16762.14639852074
417.0,487.0,15275.612343904273,13070.58919005798,14099.593829535652,14164.580119072814,671.4108231159403,14102.09858264664,14164.592072074522
482.0,556.0,16204.618357647107,13996.3534109013,15020.305340969398,15092.590018868732,669.299430871303,15022.327730363811,15093.495438373826
893.0,995.0,10169.689386790982,9119.898964911685,9595.924311899185,9641.008833479329,317.2458130233997,9597.752586785738,9640.956812775174
1663.0,1800.0,8634.042012324318,7965.761489531228,8258.434121835757,8297.873334520895,200.880329345049,8259.29177067237,8299.086138769335
610.0,694.0,15895.354077520578,13945.358536852944,14838.216831375088,14912.764337094497,589.2847783707996,14839.498470545643,14912.491339346672
818.0,916.0,11653.123740459063,10391.960802818665,10968.51396752726,11017.522177628818,380.4902682098463,10969.082523113413,11019.462076832568
530.0,608.0,15112.211054681216,13135.918990594248,14055.592700139861,14116.005206066668,597.858239153624,14054.932497774715,14113.589877785902
1644.0,1779.0,7812.30930287841,7208.046847997338,7475.776413335716,7509.787509257211,182.80102823493192,7476.315378774671,7510.0162154416985
487.0,563.0,21344.319255799015,18442.596958561866,19781.45044341232,19883.156468222594,878.6761332290695,19786.551589404542,19888.093713203456
864.0,963.0,13537.239217936483,12121.907180215661,12770.379367911339,12825.036559907876,428.8555475002604,12772.250292185836,12829.23168635749
1319.0,1441.0,13356.12169878433,12204.802651326174,12710.859985898676,12777.373553045463,348.60394346954746,12711.915046453702,12779.240511297523
1518.9499999999998,1649.0,11551.06833004239,10622.084518900458,11031.890634170615,11084.755392376795,281.3705591530352,11031.130584657063,11085.35218058914
664.0,752.0,16191.893575626067,14277.293448400498,15158.802548372818,15232.888695614023,578.9675547909328,15157.128108570643,15236.665156261719
912.0,1014.0,14243.267587257778,12787.773145545387,13444.543208788395,13512.075226313982,439.9361251085747,13446.885141466119,13514.89445290849
591.0,673.0,18445.700522093866,16135.558750757318,17191.179890439016,17282.752880776738,694.6241679483915,17195.094160754037,17282.376561811092
519.0,597.0,20111.77935844153,17455.690173905772,18673.523140139347,18773.027939493975,801.7752156908512,18676.66058111397,18775.600197554373
452.0,525.0,17004.165350399246,14613.661915631677,15721.91001909676,15794.049168149877,723.8538673473283,15721.430534776791,15794.751093593417
449.0,522.0,20514.324902093787,17609.66937038957,18943.94549466679,19051.556153024216,874.3897651021515,18948.216532622297,19054.526246055313
528.0,606.0,19292.08044030344,16763.275108381644,17925.590204189877,18021.27676908217,764.595478442158,17928.6912477806,18024.36896382924
613.0,698.0,15290.618408795672,13404.88882042743,14280.107388956541,14340.205341842053,568.0713759485412,14280.39500757911,14345.404846791238
941.0,1044.0,13057.012884008882,11747.123042055517,12339.615879114528,12398.713203872552,398.0073165459994,12339.726626306498,12402.362147277749
534.0,613.0,17527.777698989532,15231.292459631635,16285.858728063706,16365.80569601947,693.6589581683085,16287.369305433303,16362.402291425524
1122.0,1235.0,11614.371641344,10540.14702323628,11025.853301554629,11075.320087939263,325.2765819560361,11026.236726118848,11075.132950687845
765.0,859.0,15132.05883803788,13454.782084937075,14217.068688529322,14287.71023571415,508.7005729977739,14221.083179523866,14287.053455911113
889.0,990.0,13369.892857431203,11982.59197650174,12612.841515853968,12672.968535996342,417.45232858577305,12613.205809444255,12673.369138656355
557.0,637.0,17485.674510245804,15252.182860543875,16291.282066029022,16365.19448774921,676.8321870445171,16292.787414680462,16367.710888074886
680.0,769.0,15853.692168362151,13990.759831496574,14847.617618143653,14913.404712218578,559.1376942335929,14850.739355885538,14917.48960443198
1003.0,1109.0,14441.119518797177,13029.709868943508,13666.706499800677,13730.208297699777,427.31921957983866,13665.477584749131,13731.952269390815
905.0,1007.0,13239.159769784039,11875.790663033882,12499.491073273726,12555.600810382679,412.61687314975563,12501.21516392905,12557.176331120301
1434.0,1562.0,12538.643850987437,11498.724633851727,11953.674584205268,12015.437332651061,315.3099295914955,11954.98986738998,12018.56957216576
625.0,710.0,14507.32001328363,12744.46558207031,13551.847231224021,13618.666826321843,535.5068055874408,13552.9443598208,13618.316917880624
1011.0,1118.0,15626.912599972795,14101.735510748458,14778.003678215498,14857.982034091592,460.69651404091655,14779.39315440899,14859.541122920296
1156.0,1271.0,13203.079712888237,11990.871265978976,12531.373560086435,12595.946444787314,366.79455929868726,12535.323999307897,12598.17640726393
871.0,971.0,14790.77962301166,13241.103873558104,13932.69247837412,14012.07845834174,469.6155107265697,13935.363039600783,14013.344747366933
1787.0,1929.0,8120.125687453789,7514.110353454926,7776.047103913737,7814.982074891536,183.09601968166805,7776.059982451641,7815.164508045586
705.0,796.0,17225.998886090456,15240.221510394349,16118.926128650146,16223.089429569492,599.3160205081126,16122.046075692011,16226.078424018197
534.0,613.0,15236.598237862614,13240.20121423189,14159.673801460392,14230.981690177548,600.2374046069049,14161.724537011898,14230.349630208033
950.0,1054.0,13616.633140667142,12255.270487217422,12857.942494713707,12931.91956340718,412.90005293981915,12859.960341024504,12929.716540493204
568.0,649.0,16051.50650180327,14016.356638503865,14963.406348005268,15029.757252574083,614.7819351043128,14964.145022497236,15032.539647062784
1236.0,1354.0,10811.541949043605,9848.199375319033,10275.317331747707,10326.485079400005,289.90747590159185,10277.213914311797,10325.92799063103
407.0,476.0,20152.491255222634,17190.219521332983,18591.290737909112,18662.34302943262,905.0183023747225,18583.80462390286,18670.098099829524
1581.0,1714.0,9766.430738539417,8997.99240930815,9330.380963021433,9380.611307162655,233.37471695336617,9331.377682265194,9382.507965903365
1089.0,1201.0,11409.954373885505,10334.336394024704,10818.55695314269,10870.764539983618,323.85778054835953,10819.332792548592,10871.902390419418
1024.0,1131.0,14036.842305398179,12682.763053542383,13296.868970345686,13358.511720881948,411.8436188030854,13298.461473036408,13358.768105642292
799.0,895.0,13458.096789199866,11998.044474608945,12663.352515608067,12724.209646257694,443.03511767764263,12666.348183825683,12726.192460926022
516.0,594.0,18443.16802100987,16002.041760307042,17127.24713668931,17210.357658662106,740.5657180181537,17127.65510132626,17210.577800551244
680.0,768.0,13345.466832540187,11783.24914553616,12505.269141354142,12561.19853240897,474.4385172930493,12507.100570936575,12561.465051725916
1038.0,1146.0,14509.369311118784,13109.658439275241,13733.454452537228,13806.645259985004,422.36396922042195,13732.826989842675,13806.765806525302
984.0,1090.0,15517.685460658295,13982.835462725092,14665.08170529172,14745.344863252232,464.54216557005674,14665.266708136242,14744.071527274436
1013.0,1121.0,15080.10819752344,13607.40555822316,14262.296889360417,14337.33486219368,445.8315019917285,14260.824912176393,14336.68459899347
904.0,1007.0,16006.820787464818,14356.466490546863,15092.028542524853,15173.491052446427,497.54906205634546,15095.617502680667,15173.787837809386
1107.0,1219.0,13944.646114994579,12636.594544314217,13218.51804723772,13288.545899906216,394.8612534314759,13218.756052828732,13291.188131563631
897.0,998.0,16039.405522304603,14387.96014430126,15133.151799965586,15207.615933489364,501.4941694600401,15133.618964237663,15212.163853829348
714.0,805.0,12061.953514610024,10684.014519476475,11318.57481243984,11369.640202859158,416.73677653113083,11317.954747898953,11370.068180290695
802.0,898.0,16465.669726669046,14688.292046582914,15496.69398209708,15570.722705598784,539.8490700738254,15499.987294603014,15570.987267732653
1344.0,1466.0,12157.876172613873,11125.954257589274,11581.447872916673,11639.962737067432,314.75255372485304,11582.340998980353,11640.610962132589
793.0,889.0,12817.477755725991,11418.803597967863,12058.85883767644,12114.747002443537,421.471779623646,12060.9070451946,12117.982160740696
819.0,916.0,16286.563396176864,14534.226083324364,15322.221177020492,15404.157470557282,529.5140067029789,15323.617674279842,15405.827141147074
1324.0,1448.0,11850.184996860287,10823.702971788256,11274.593905930878,11335.303754083428,307.9250458062982,11275.353589166549,11335.513191223115
969.0,1074.0,11909.468216793994,10726.466996190331,11266.976441324281,11315.342439859467,357.49643119692087,11266.224047179569,11315.134857650262
1093.0,1205.0,13221.754522566534,11974.54866965415,12528.094155269368,12598.42245064088,375.0188820625865,12528.675535508737,12600.357694504408
668.0,755.0,18102.673449215952,15963.828156449941,16924.36568690818,17021.76921070629,648.1429783980604,16925.438340082834,17023.29888647105
1609.0,1743.0,11230.715087592213,10347.844304289838,10732.488792667444,10787.390054125219,266.8554868536558,10732.391916404064,10787.938891787606
1149.0,1264.0,10328.684002022645,9375.29758239858,9807.449975583895,9850.516771954964,288.715776280251,9807.327334276579,9849.81352549285
1348.0,1472.0,12169.041562475042,11129.831093312383,11580.256377192498,11646.83489079208,314.0659405218042,11579.931012768326,11648.367721383605
957.0,1062.0,11109.912133340094,9995.485534506679,10502.070409461825,10553.303953864448,335.3191203746526,10504.259680824782,10553.903288902173
1568.0,1701.0,10968.672572854062,10093.401123411952,10468.944329550379,10527.596022602256,263.06002007003406,10468.997964912232,10528.588811366773
924.0,1027.0,12297.866674734634,11042.966162717534,11610.096682004694,11667.788671068163,377.8143838114336,11611.19924649181,11666.223409827951
1629.0,1764.0,11081.656503439406,10213.80564587243,10582.915204162977,10645.65051176171,263.12832070263596,10583.278525503014,10645.741475490708
677.0,765.0,13968.02155286861,12326.444438011193,13083.237179925627,13143.382782083436,495.56126788659776,13083.365301332653,13144.388189967103
918.0,1020.0,13986.337484873524,12561.854041813904,13205.181314724106,13269.97928601508,431.9882029401744,13205.374284840555,13271.026577984232
581.0,663.0,13380.323920309726,11703.282654240396,12483.990545778002,12538.36316288391,507.06639775054157,12483.09569714272,12540.210584299875
1377.0,1502.050000000003,11057.380920019537,10121.970767053332,10535.199530339802,10586.352180993576,282.62620913217125,10536.744470715601,10587.021786316876
1519.0,1649.0,7585.634994015422,6977.359311575334,7245.377436539512,7281.36672515821,184.25531147966666,7245.672937771147,7281.47218218194
593.0,676.0,12862.709146439185,11258.566636597136,11995.935919654723,12051.150146941547,483.469630792825,11996.217854025808,12053.2104636361
743.0,835.0,15944.509268767124,14153.873108943595,14977.292707884812,15043.579974281678,542.6723355639983,14976.393574560154,15045.18642605522
803.0,898.0,14822.382618068932,13219.621864173087,13947.87084113575,14016.391933439203,489.4632678057082,13949.07343362935,14014.924047097393
722.0,813.0,12549.467879812268,11122.948671899787,11779.211615000193,11834.37784527637,431.889037206708,11779.638625147349,11835.147144147506
2235.0,2393.0,9174.629395524093,8556.145448866833,8814.677957690545,8863.934241052255,186.87317201543607,8815.06513357669,8864.41277625154
996.0,1102.0,11504.749373469469,10375.158238529659,10884.565026719267,10937.895528666151,341.70365001652794,10886.224734481655,10937.496700599928
36.0,58.0,69378.13569615013,42243.162255757794,55189.14400161787,55436.01017672945,8205.054458410792,55154.52345986836,55460.247190267015
530.0,608.0,15260.82132994384,13263.801896149027,14191.366384274941,14254.246254043564,603.9456884155143,14189.249208696778,14256.119882690187
823.0,920.0,11890.319369861956,10614.679737088163,11194.495073009834,11245.810298077358,386.98463007147564,11194.729274211897,11246.14484371011
976.0,1082.0,10298.206011614513,9277.37400008792,9742.138138859165,9784.830212288602,308.1670611708299,9744.027908421169,9784.18941011372
469.0,543.0,13640.842723068674,11752.941861231924,12623.546232148117,12688.783435402618,572.466761389277,12627.625681038928,12689.581936519817
470.0,544.0,15950.17666434168,13745.501055547924,14761.856736216692,14843.109748059254,666.025505254232,14761.118939858994,14844.835601553881
427.0,498.0,17298.911315330657,14801.158915738439,15930.884151297398,16037.41649563028,756.6767826878801,15933.218054880404,16037.297806180664
427.0,497.0,17873.70865717958,15282.042406635122,16488.556986800853,16567.232183661086,786.7209650418195,16491.126919595485,16571.99137504918
474.0,548.0,16457.271753751214,14186.158521166391,15220.229835594067,15315.985555707482,685.8445184489135,15224.887393446697,15317.38142197022
678.0,767.0,10071.648936108413,8888.972902962923,9423.5647595217,9474.682590758597,356.2475960913587,9425.208856297117,9476.0005757381
1394.0,1520.0,8827.470763305526,8084.652414716129,8413.85453091047,8454.858286034765,223.4181194095839,8414.374742929587,8456.685589650193
610.0,694.0,14334.803743657896,12569.100122023552,13376.739560452099,13445.216548828597,532.2049745649152,13376.95477234114,13447.102133995571
7155.0,7435.0,3635.753643574768,3496.82734048731,3547.8548524116145,3566.010782979264,42.128607676838925,3548.3267646174386,3566.433109222243
2338.0,2500.0,7360.47312120052,6878.327387657796,7079.734911625962,7117.810886264097,146.07662001260348,7079.902632999229,7118.371117102177
859.0,958.0,12313.69645823233,11018.851847998887,11601.036775549455,11663.50807213757,390.44947264669463,11603.51023765736,11663.337901293053
95.0,130.0,29760.85621286455,21661.432858519926,25540.131511181593,25643.540975524083,2446.1849787236683,25538.759515355723,25653.516684005797
1248.0,1366.0,7296.995671877234,6653.418526308809,6937.2180473077715,6973.3242791975335,194.32255076500988,6938.502076591259,6973.481108051747
1784.0,1926.0,15318.623626509981,14159.79437203958,14659.855042030977,14734.741682518616,348.19358032038525,14663.208076798657,14734.837259202424
373.0,439.0,26590.006657558548,22478.57959698765,24394.405565585133,24513.270534396044,1242.9673731595726,24394.35936886644,24520.4981995702
1579.0,1713.0,15679.20062802566,14425.923316158101,14984.347947946928,15047.701872888334,381.3219646801977,14983.997990139145,15050.494751140666
1339.0,1463.0,17993.18419421314,16433.97324472395,17133.275528141432,17207.676173091528,470.4264660550589,17133.998369434543,17209.613366900005
1075.0,1185.0,20498.599661939683,18533.64282504725,19423.279209785065,19509.184088786522,596.7961601368023,19423.876322616,19509.04087508403
1280.0,1401.0,17376.618571849747,15838.476044797999,16523.28673407942,16602.057958753016,465.23304358688347,16523.51969636551,16603.95564934728
1746.0,1886.0,16208.810419896843,14962.07661955299,15515.257740768035,15583.609351216663,375.39857825684663,15517.175032158477,15585.877099216921
201.0,250.0,51318.967964144955,40885.17903141046,45791.08941619757,46037.29771460607,3143.940878735972,45802.595387476584,46041.21544818228
848.0,947.0,22201.07554743149,19829.278491631518,20910.3108598563,21003.38735676116,720.0874852196353,20911.2032461888,21005.32668567718
1251.0,1370.0,18425.278689551724,16776.16364387521,17501.04350504184,17596.05564914593,499.6054284412045,17502.352023100917,17595.054751337495
157.0,201.0,36700.81515691576,28471.380472444755,32407.89411588807,32540.623426639704,2494.4171407031204,32408.81471655772,32537.771765436322
402.0,471.0,24909.523326016777,21171.612908065064,22899.18401088939,23023.950620281248,1120.8888326709073,22897.64395090951,23018.438792239012
1542.0,1674.0,16906.86588672895,15543.317743364472,16148.395362031128,16224.069412807465,413.2212052039234,16150.088390199675,16224.653557596463
1086.0,1197.0,14465.43151599489,13094.43436389634,13708.20982310429,13775.552605371795,416.736325235012,13710.184220985831,13777.107076311997
1046.0,1154.0,19735.86620309652,17827.168801332235,18701.755241655694,18777.141851646567,580.9060613056168,18700.579415165186,18778.139732360978
635.0,720.0,24245.544570630547,21280.3644733582,22625.222511824948,22752.245086889194,892.322351713565,22623.031969235144,22759.26506339072
658.0,745.0,17966.409845052436,15820.210825776532,16814.129431130077,16885.788614944682,652.9554388501776,16816.22097163835,16889.02287789004
758.0,851.0,23367.410356322624,20745.87902176521,21908.16514310919,22045.450534732314,791.9462430485032,21910.60205498583,22047.749196425048
1112.0,1224.0,19783.83606752554,17925.497464291755,18730.090183650056,18853.994034908617,562.5063461033877,18733.4790243485,18855.04420863787
1088.0,1200.0,12671.097606230043,11466.069639510932,12015.955551109786,12064.709206800933,362.42066173240244,12015.917095186971,12065.892289680409
661.0,748.0,26981.554464115656,23753.436531153322,25209.62373104627,25355.652672080498,973.3949936143598,25206.635759350134,25364.753299360556
1414.0,1540.0,11822.4051843362,10828.958429680684,11269.998535481538,11323.054394761968,301.64310462834914,11271.49168946893,11323.926616966804
209.0,259.0,50460.1693870012,40412.65555907036,45090.86777576857,45368.11967617209,3047.662083183055,45116.8511478415,45382.79798431598
622.0,707.0,15968.732049491184,14004.246357900822,14921.25927287331,14982.06226921941,592.5574570097808,14919.081994367685,14985.94612951065
1026.0,1134.0,20670.044319813256,18641.571676991818,19534.378583336133,19648.388209228557,612.797628630417,19533.719081401156,19649.3704449867
1336.0,1459.0,18031.96588572736,16467.713777266632,17141.46454454027,17249.725879736096,471.46155429659035,17145.62676026993,17252.845092227268
1297.0,1418.0,18346.933798483216,16734.80543871175,17428.396373339867,17534.462535015013,487.3702560946045,17429.10676814693,17534.470570440506
974.0,1079.0,13232.122818487795,11910.140057836285,12522.228970270104,12568.99046047892,399.6694426523209,12522.360791502659,12571.629082399562
1476.0,1605.0,16271.808355110155,14924.595731006977,15504.413035434018,15598.039575200402,407.1321808133621,15507.819033675905,15599.654360143717
404.0,473.0,19976.12353199238,17013.513568945233,18404.080152950657,18478.669907972388,899.0382480105379,18405.889445845824,18477.758765659237
634.0,719.0,22283.284882115673,19562.132815780955,20790.250580230833,20909.444515083072,826.1243130110641,20794.166193942805,20913.97223795201
1011.0,1119.0,18818.72466131002,16948.594207494694,17771.699160233264,17878.329262192616,563.2627789423045,17770.988127599245,17876.922138509162
816.0,912.0,13233.490154645384,11800.242819960393,12461.961450139608,12512.942692355271,435.23147367638927,12462.82659555803,12512.331961216985
989.0,1095.0,17420.957657735686,15681.409456078143,16446.770740944652,16544.575916018297,525.9566720648662,16447.054444654947,16543.753678516285
503.0,579.0,18526.67841874933,16019.186138084739,17197.823200428633,17263.66908191763,758.837062095321,17192.921822764878,17265.378750404845
1051.0,1161.0,12734.193128485815,11505.071439349354,12070.152747909991,12116.627222570045,374.48816493120916,12069.833323937934,12116.978528794303
787.0,882.0,15275.753649145629,13562.805266831314,14344.004700087733,14413.814342903925,515.05365065434,14344.656133861634,14414.641365188245
1146.0,1260.0,12932.074911580163,11734.23632949609,12278.930732243278,12327.4403072623,362.58814022305205,12279.48101975029,12328.135433077734
1074.0,1185.0,11234.768865173948,10163.813187845557,10657.278297354085,10697.047241630738,325.12098096957476,10657.900970474378,10698.299560162419
718.0,808.0,15131.105353937552,13393.13318531906,14201.789887476738,14255.737831158858,527.7218972478315,14200.914959815333,14256.32391535284
1122.0,1235.0,13427.578931074815,12171.78382949616,12739.832654919672,12795.34168516747,379.86316073442407,12742.509498399284,12796.806726353616
490.0,566.0,23659.520126321968,20406.056959935893,21877.076018302923,22013.487324612368,983.8202434252163,21879.4503181008,22008.232349478905
805.0,901.0,16433.79564768808,14645.919475224146,15463.849899420673,15529.965269888502,542.1027871381406,15463.569563547162,15530.965159230056
921.0,1024.0,15282.01194185824,13711.986961453773,14431.644042315345,14493.81433613425,475.20463944373876,14434.133887531421,14495.415424790179
900.0,1002.0,19372.748828920277,17359.60683600192,18242.82468756812,18359.3016583365,609.7358366040663,18245.87262489401,18359.69246453982
1116.0,1228.0,14145.740771388757,12821.888934679584,13418.272060561241,13477.774240798817,401.6354911472378,13419.130503074804,13480.408133782757
2172.0,2327.0,12328.62938533197,11481.112487931976,11829.748387357678,11903.676852815737,257.26109929580105,11829.357304979872,11904.29795263161
1188.0,1304.0,13585.099234783804,12348.30512134075,12900.714610683484,12964.90199635788,375.27708463296733,12903.487300062045,12965.432726666033
1363.0,1487.0,15792.554270280845,14436.317449287484,15019.214878519579,15111.374941737578,409.0114947912606,15020.539508744123,15111.278637637442
1367.0,1491.0,13655.634471144142,12489.655668989664,13026.644510248418,13070.770102028355,353.2663142153726,13025.957597907964,13074.224664227082
1501.0,1631.0,16692.997319869013,15324.608378349363,15899.190383969002,16003.460287271475,413.5695489259873,15900.692326412585,16002.379548049703
723.0,815.0,18428.872571651675,16313.935670044753,17287.108646677716,17360.33137160226,639.2174001994476,17291.47282603706,17364.04021839779
1315.0,1437.0,16965.294432258546,15487.629382022167,16123.799779187446,16225.253966119284,448.97951148559065,16125.845082620339,16224.23353093127
482.0,557.0,24878.925301538016,21442.863505746325,23045.439214154838,23148.504927369882,1033.9602257265879,23048.817191971964,23147.843937892587
1176.0,1291.0,15812.347509543873,14367.960856676564,15018.970796633648,15084.945645767508,439.3696784861972,15019.37253125584,15088.505719528672
1784.0,1926.0,14320.025299787463,13236.93355968903,13688.817644879875,13776.00493322661,327.27327943925764,13689.692132095408,13776.243453308625
1064.0,1174.0,16431.56102764204,14853.95702153243,15563.83114072345,15639.309206779737,476.2507646164802,15565.36517835091,15642.054804681191
1705.0,1843.0,14166.912607351827,13073.741008218727,13530.12945740656,13615.819745473902,330.73395553277174,13529.155698176706,13615.654675703996
1142.0,1256.0,15523.036336837726,14075.802665093373,14720.293794168962,14794.576451709409,435.8907760023704,14719.580222415354,14797.12264114475
908.0,1010.0,18463.32069368706,16558.418198754534,17409.14457535429,17502.412707009396,576.916524963929,17408.52376822558,17501.996633566796
1006.0,1114.0,16714.913091921895,15057.971911523151,15802.297146256662,15882.141538029264,499.4209740904004,15801.401020731531,15884.015547956167
772.0,866.0,20715.29626777938,18399.654686089983,19455.870759867965,19553.045337120562,698.8938683108095,19456.846015901036,19548.963065220163
1716.0,1855.0,12150.27246501798,11210.002292285126,11605.499234148492,11678.015659921502,283.98739390765826,11605.440321613012,11679.872770355489
74.0,105.0,56401.87858129194,39334.91661028257,47529.13599772532,47708.10812783123,5186.055218981545,47527.420070655535,47719.465466261376
884.0,984.0,16798.25685127671,15033.583980719592,15844.376629818793,15912.584435287987,532.2156663642147,15846.851563177666,15914.78821645196
646.0,732.0,20417.384653202273,17966.217323744535,19094.613052040037,19182.63896524891,749.0175463664164,19099.2783119631,19183.937402191317
1140.0,1253.0,14327.191274165558,12997.581599665064,13605.888643044162,13659.455518837,403.2789905529714,13606.516445127061,13660.243736913257
1283.0,1403.0,13055.29112366497,11910.953753996024,12418.30955859513,12479.416122492983,346.20284395183614,12420.389144040075,12480.29130619915
1384.0,1509.0,13449.718620210473,12309.099670934025,12812.263203733959,12878.440884504864,344.87072528924506,12813.919278564992,12878.49841496723
1212.0,1329.0,13862.41545739335,12610.224101197397,13168.2336350914,13231.137549615889,379.6217813202024,13169.695072223478,13231.78635919992
1382.0,1507.0,13132.642979943483,12010.64890821499,12507.610047208109,12570.127243248297,337.9086666557853,12507.265702875586,12568.247108912454
1148.0,1262.0,16708.3401429854,15151.685364332974,15843.597721037155,15925.063446756294,468.1398848674816,15845.107167347142,15926.444047736035
1015.0,1123.0,15788.755012550488,14241.927176253037,14940.194326412302,15009.762406750851,468.5498795331809,14941.054984433258,15009.41816746052
1147.0,1261.0,14783.200877778801,13411.037543813218,14030.439715555214,14092.27116849393,413.3808180482363,14032.144355613276,14092.903811579074
1234.0,1352.0,13352.44584548568,12157.495210899207,12696.864291566724,12751.537570700524,362.4603112440732,12696.13283008001,12753.786168202674
1143.0,1256.0,13273.887102134722,12040.095654301495,12602.584631173542,12654.809279290528,375.0382270830928,12601.883419964002,12656.620045579179
603.0,687.0,22325.56954724704,19534.82750423791,20829.300803511425,20913.700362090403,846.2416477414217,20828.493515354763,20915.482121049485
1366.0,1491.0,14061.151355919792,12855.563862361492,13392.081944820964,13456.311766030653,362.9349603275655,13393.509557503296,13455.97076313296
1055.0,1165.0,14898.473038708615,13461.49642556712,14111.921456684957,14173.785809780478,435.75682403837817,14110.000025763602,14174.282177458572
921.0,1024.0,15081.823705865516,13529.591059766188,14242.371788146105,14300.522330224869,468.62077064883323,14243.914796090216,14301.827104272235
945.0,1048.0,19070.468830475627,17132.738587497937,17985.170420853916,18096.089151287524,588.1083615347196,17986.02090422129,18095.55623071243
525.0,603.0,23831.466742470668,20665.79429482382,22138.872797250606,22239.448913086515,958.2935764991882,22138.055311223397,22238.969710715646
818.0,915.0,19761.812274932774,17614.954781787885,18566.891342289764,18678.436939964835,649.2175318586386,18566.976854138393,18679.84975605541
349.0,413.0,27453.024136954118,23087.733257548185,25149.056172767345,25249.851759296158,1319.733152813631,25149.88456697761,25257.355148472725
809.0,905.0,21771.662314128138,19401.105249812346,20451.669109553488,20580.98026986537,719.9072212686705,20454.86464618041,20581.810999378198
1074.9499999999998,1185.0,15467.867066292547,13981.815114545487,14652.928431027927,14721.162046292682,448.6637248820146,14656.74440427214,14721.808468471874
856.0,955.0,16166.428892601825,14442.903329261728,15220.925515462102,15298.316314849279,518.3427308060282,15221.899944360275,15296.76119996657
1174.0,1289.0,17900.476158224563,16247.574110165668,16976.1218759236,17074.325321972607,497.0181934220539,16975.411211575152,17074.95352668565
664.0,752.0,18459.45106869487,16262.627460830836,17279.051124299258,17354.16026018899,665.8853574379656,17280.997952878664,17355.84232513251
1010.0,1117.0,20570.260589732385,18536.418084105364,19445.367419862538,19547.10517119967,614.1047681643304,19441.119463950527,19549.679156224094
907.0,1008.0,22070.547345107658,19788.526843259882,20817.603584152344,20923.05931976635,691.693236228579,20820.94699620196,20931.067006673667
1365.0,1489.0,12435.051402614872,11370.06275736943,11843.129000609155,11900.017529040373,323.16997886946865,11843.320712608847,11901.98087072836
1707.0,1845.0,14490.358411849471,13375.59986033832,13854.126357901983,13929.168492652945,338.99509979227236,13855.114134845388,13929.056613337438
601.0,685.0,17616.162264285595,15422.843187404907,16437.89949084574,16508.80090963342,665.2536042474035,16442.475486669806,16511.848959235682
1564.0,1697.0,14746.574613009037,13556.94728387953,14083.12928829214,14152.097326891015,358.405284905201,14084.524331163193,14155.915025375447
1208.0,1324.0,12230.98361790955,11122.138321026798,11617.739553882542,11674.187508609992,335.0687541703807,11619.900298157936,11676.221420072967
1565.0,1698.0,13981.547953014035,12856.504071412297,13342.62054037358,13419.204072831273,340.48556281101384,13342.790346332626,13421.024589169909
1227.0,1345.0,12432.93935954208,11316.688913896722,11814.10518622901,11870.439814553476,337.36076885822354,11813.785666240945,11870.64908034194
1363.0,1488.0,15852.910023563263,14489.351451132736,15079.539495844503,15170.06545014694,410.3512020995038,15080.388791015721,15171.714552017862
992.0,1098.0,13620.732997941144,12267.276638287947,12880.070465259318,12942.008670268006,408.09196407495153,12879.628581402567,12942.542564657495
1471.0,1601.0,15112.842628017603,13857.463240544526,14391.403009827072,14482.548814889575,376.8203476588755,14392.638531839606,14483.558669799184
635.0,721.0,15479.757586609487,13591.866873041876,14460.993306156955,14530.133292909633,571.432415698163,14461.766535674682,14530.593410364358
1333.0,1456.0,15301.136457048739,13974.478959155014,14545.206152831523,14633.750179064955,400.69587042777255,14547.808948130623,14635.250434698288
1000.0,1106.0,13001.70609376179,11714.956572040892,12294.518815146548,12355.598445676966,387.3783702594787,12296.696824540717,12354.507102271138
1272.0,1393.0,15810.827944707378,14407.56642374254,15023.041267430377,15103.36138531911,423.4065982644763,15021.664903207538,15105.167470038421
1472.0,1601.0,14207.568493385092,13033.7158551245,13548.263074822326,13618.098623996606,355.77043412508846,13548.975917959966,13619.49924068246
773.0,868.0,18013.58615508409,16005.898235448698,16905.951076509184,17006.276899866334,606.2653172725161,16908.39840418513,17004.80609896911
377.0,444.0,20189.42340861283,17095.75783834788,18561.81701962727,18632.800074210885,939.1365013485783,18566.787718940668,18636.912374984073
2036.0,2187.0,11695.869360193126,10865.97906299187,11208.847433237886,11278.301449429471,250.76296211418037,11208.981902127302,11279.179136543966
482.0,556.0,18906.86342656376,16317.204753001142,17527.105848651023,17602.562899004555,785.6014939961307,17529.873642539493,17607.95836771546
1570.0,1703.0,14471.897430760024,13311.669728586343,13802.912392677857,13888.645074813701,351.3905804347597,13803.912065201144,13890.91291643644
861.0,961.0,13559.10258919729,12123.754572067053,12773.065610086216,12834.46015515387,433.37625772417533,12774.527833760521,12833.392489299209
1225.0,1342.0,16534.481892703414,15053.457585360891,15694.77714382409,15792.883838032145,449.9256328877388,15695.117532809376,15793.811247092704
68.0,98.0,48838.74648182564,33581.84746224673,40896.43096310035,41046.39577156033,4601.335390159562,40908.57476221829,41056.679916636676
1330.0,1453.0,15066.934636059126,13757.215617130449,14321.011771320682,14409.161101169457,396.78778392249376,14322.781306760155,14411.208597954406
1804.0,1947.0,13411.756267194012,12405.383415952581,12839.637544217467,12908.031467054881,306.33068155509795,12841.550198105473,12908.052035231953
2171.0,2328.0,13066.80063701175,12165.35626283766,12553.538315858383,12613.10041041397,273.8604201064744,12553.625255470675,12613.519252170952
1343.0,1466.0,12374.442846889458,11313.115036884652,11789.4421070996,11841.972314829965,322.23249968072633,11790.72979317389,11844.046261090734
1384.0,1509.0,17073.630453930684,15614.171156600987,16253.770065638866,16339.353469693895,439.14880207107,16253.561149204568,16339.459660427554
784.0,878.0,15781.065319938765,14046.714453011939,14832.985601852593,14906.149462849236,526.0291915598488,14833.431299901085,14905.533895211982
1398.0,1523.0,16275.441634536797,14901.713133965519,15505.112430987465,15582.042602321622,418.672904816948,15504.853776925393,15584.57582997623
194.0,242.0,24581.31784723968,19548.326800649986,21945.8230697647,22037.2391769053,1525.0285036273388,21954.17888393759,22034.487593214035
1929.0,2076.0,12471.922448904936,11563.591505262935,11952.772784353638,12018.0239310009,274.783209319988,11954.682737679472,12019.125390183683
739.0,831.0,14952.438626121673,13250.88301145707,14028.54763082202,14095.684941504254,511.27726897278495,14031.491603045091,14094.277986851306
1813.0,1957.0,13306.66247977843,12305.54840288125,12728.514667560925,12806.654100455446,301.52335948498865,12728.166753843196,12807.263755916598
462.0,536.0,16550.74489279512,14234.034811279249,15320.235334255418,15386.292718693332,702.1757481914519,15320.263010987268,15384.502060027267
1756.0,1897.0,13393.545367360393,12371.11476277173,12802.847033974193,12880.154430365528,308.4644872589971,12803.156606811299,12882.913280632923
875.0,975.0,13024.749842776573,11657.083754763016,12286.208378416013,12335.396483968385,415.488610918441,12286.717012212895,12336.601380094457
1457.0,1585.0,13727.679223305176,12588.266056154265,13074.38202592381,13154.61673370563,345.5434631897209,13075.823286752338,13157.724652595263
929.0,1032.0,12830.425484338048,11518.875724197647,12126.625702808766,12170.186556104722,399.19336076958814,12127.18566145496,12172.222214512702
542.0,622.0,15756.759003404384,13700.359705404968,14657.491358250634,14720.910074930702,622.7519219340237,14659.348553987407,14716.666974821925
101.0,137.0,48764.47246907266,35746.395593315865,41950.96134270463,42164.625146623344,3964.843502642075,41980.82796947765,42158.472117864294
686.0,775.0,14999.408213297824,13240.677666200849,14061.203062380031,14115.210359682906,532.0611175210014,14060.314415412515,14115.922057365664
92.0,126.0,52877.72459086271,38155.29407584024,45195.874119895474,45405.263541649416,4457.4140805607785,45190.92718825771,45397.0155286903
766.0,860.0,15975.804136662642,14185.891149268631,15010.238475408883,15074.624624919396,542.8346162504616,15012.2370453582,15076.602518404754
1270.0,1390.0,17677.127402638438,16112.875445725367,16782.054381697406,16893.30673724577,473.2325078202849,16783.692227856427,16895.9733218547
807.0,903.0,14836.242563124528,13218.373619164893,13963.528366801209,14020.160789472275,490.3399820437448,13962.31218875118,14022.498370149098
1723.0,1862.0,15195.637914651723,14029.82465819954,14507.257553027523,14612.453894125285,351.5292800567982,14507.88168498562,14611.783322233861
870.0,969.0,15220.659221289601,13623.98117149003,14359.49122118975,14421.04369533899,485.9097203229525,14359.262650762365,14422.46135619601
1090.0,1202.0,17830.416000821042,16131.24871735006,16858.982521965238,16977.570473655174,512.4587278105902,16856.833090518303,16979.78222256855
648.0,735.0,16451.26463713801,14467.723890718808,15395.06468701633,15454.353653103146,599.6419431477632,15395.775327203834,15460.4936470394
981.0,1087.0,18403.298800277593,16565.368688659833,17367.86205294721,17478.829548687783,555.504958359608,17369.11627539186,17478.673841712447
678.0,767.0,16912.497012279295,14909.159677389922,15834.029240288319,15903.048131397796,605.349896889479,15833.94647866492,15901.569044073169
543.0,623.0,23879.81975578428,20749.40936902875,22129.265543201083,22300.84868012928,947.467096262184,22132.175734875455,22303.393554797072
794.0,889.0,15590.824647799967,13885.80611048458,14670.47400607055,14733.40414212437,518.0929859923067,14672.460397893543,14735.774465396642
1293.0,1414.0,12892.175146940102,11761.94833100143,12271.682854140807,12324.410449902349,342.4126252174503,12272.836908599342,12327.966974623665
793.0,889.0,18571.820403445374,16511.535969275228,17383.951332606706,17533.608215665383,618.3068308212904,17386.685200922184,17534.66997975448
527.0,605.0,21148.941027062803,18344.716703087135,19650.308021986748,19739.61414749885,848.2189488637174,19653.081485234077,19742.046639405187
1363.0,1487.0,14468.78408796168,13230.264297355388,13722.23012562702,13848.115894221068,375.55265650594725,13725.096854154579,13849.754859106384
840.0,938.0,15828.905333603252,14128.0204234743,14905.657468525678,14971.288138094511,513.3664889462177,14908.113762267141,14971.380117384708
1437.0,1564.0,15154.984896082105,13884.192551008962,14396.67059611766,14515.208847224736,382.1960745996409,14395.419495439884,14517.237480316173
963.0,1069.0,13840.033780130174,12444.152551557034,13077.998094066304,13138.109650875898,421.1840175660154,13079.768422370033,13136.766706466347
1281.0,1401.0,17296.368571346913,15766.729277943354,16387.082356933166,16527.47491339721,458.07930216959676,16388.520033124358,16529.2098849961
589.0,671.0,17253.453612267145,15081.092202534726,16094.104641215285,16160.023689545045,657.4634916285727,16099.254535892595,16162.17639181536
1179.0,1295.0,18353.25178733836,16666.325847178075,17378.607496158085,17504.442155132903,508.8109172417117,17381.84382705257,17503.23387325077
677.0,766.0,14733.459917699287,12988.332425185816,13800.469262602492,13854.870019391854,525.4383926061089,13801.130081007801,13854.867003779656
1380.0,1505.0,16230.8685112874,14840.374241112328,15422.89737503213,15530.334199292698,417.22515811037357,15422.787011211347,15531.271362443073
653.0,741.0,15506.251965539668,13641.89472928488,14507.916276847182,14569.230752569141,563.1677208525122,14510.361723732896,14571.934873606593
815.0,912.0,20655.302128819807,18411.66430899579,19416.738067049908,19528.268179164566,677.1745364870924,19417.396034566704,19527.593693826788
660.0,747.0,15614.38349394121,13757.013212253018,14619.021413591996,14678.231787179799,563.8490190842032,14619.828895258652,14680.109826791273
1207.0,1323.0,16466.319964016315,14979.808799882157,15637.418534222641,15718.249476286266,451.79413455134676,15639.971858695553,15723.198448034193
735.0,827.0,14973.33422465122,13273.766441087904,14056.452789223551,14118.033128606152,515.6208444575386,14057.357981282508,14118.016714950694
1985.0,2134.0,13050.4007776716,12113.723072747152,12516.203429992776,12578.687496379453,283.7256776670268,12516.064558213864,12579.599609824703
910.0,1012.0,14242.933902140656,12766.780403182966,13449.84958489095,13502.487836150043,445.7786428296218,13447.57059444389,13503.887125395935
1128.0,1241.0,13305.983198406022,12062.023126741391,12627.856678717719,12680.447048754246,377.04371697075254,12629.195716926537,12681.717218525466
535.0,614.0,24148.432349838684,20967.930593152432,22425.92007489799,22545.758741413698,963.0594707214016,22427.57806595073,22548.32357161986
1116.0,1228.0,14239.937591856075,12906.37325496443,13512.829364693007,13571.403522795983,404.1771184605798,13514.772792948177,13572.929879608944
1421.0,1547.0,15178.698571585102,13903.898535101436,14474.855159730401,14539.422942952418,388.1606537443044,14473.60477986643,14539.683918307916
440.0,512.0,23805.535385083305,20387.33902298227,21982.103451404913,22080.298433938933,1035.9256568404803,21984.06537555519,22085.625538839122
2336.0,2498.0,11761.044052131856,10980.709626434385,11315.689460854892,11370.181592936082,236.48663189164526,11317.255072347229,11370.249169664701
590.0,673.0,19771.449848709297,17283.253605924336,18422.885038637505,18511.666741913672,754.8517437105395,18427.977302364383,18510.006419290512
1363.0,1487.0,15668.878702627353,14322.563817077284,14918.689889742507,14992.413242086837,406.32548997845964,14920.833375013814,14992.542589354289
615.0,699.0,19685.951901531687,17243.973146168737,18375.76855684496,18458.57076693108,737.1494327521347,18377.131007688142,18460.926200817925
1222.0,1340.0,16574.288505674092,15074.40689528265,15746.710600315364,15819.724608545393,452.83323750244864,15745.088090069361,15822.144426368888
816.0,913.0,18168.017797850225,16188.220290089666,17090.815384051937,17173.723773039757,597.384730671329,17090.940391957676,17170.575754439982
1100.0,1212.0,16618.559144608138,15043.727911522512,15742.660041418245,15825.554864155512,477.75495312007587,15740.933964172234,15824.806340663707
836.0,933.0,17505.121700729764,15627.592340329857,16483.851824201618,16558.152363819212,570.9374600199362,16486.54074814754,16558.924950282413
1108.0,1220.0,14943.864385496241,13533.311297986202,14167.110546322301,14237.625182078304,426.91223898875467,14167.369351515157,14236.313045812323
457.0,530.0,23242.227218286604,19964.272825717504,21471.081935147933,21595.45095809519,991.543822972483,21473.067383360205,21597.201032373745
1075.0,1186.0,19111.37117865536,17279.65587892852,18086.741795651284,18187.830882450642,552.9185196280087,18089.037986081315,18191.57673577359
655.0,741.0,19773.64954690732,17400.545634648377,18469.91203897549,18579.90948452301,719.0060339445017,18473.206056258055,18582.50679810711
1109.0,1222.0,17371.78764392247,15727.052915553062,16412.146108195102,16547.36812588994,496.57521943482834,16414.86334121803,16546.943422800683
895.0,996.0,16106.197309274005,14432.843975707428,15180.566138661265,15266.741616578025,505.82810524465845,15182.573001561219,15267.651290523736
1097.0,1209.0,17627.70170136996,15963.468363382255,16649.446771020244,16791.200133514656,503.6362430310952,16649.62403071431,16791.324877762305
1029.0,1138.0,14413.697705805433,12998.951335361322,13620.613507631351,13699.374608534985,425.18697971796064,13623.77775333586,13701.36541096159
1437.0,1564.0,15379.339170676718,14097.833799529053,14608.370353203878,14737.059066873626,389.29786566457915,14606.59594138864,14737.596609436327
911.0,1013.0,15387.27364667524,13799.919402449625,14513.292235315155,14586.054108074626,479.78380847702374,14512.505203672868,14585.432125475858
887.0,988.0,18451.025601143952,16519.630151061083,17325.374738583727,17479.07191360766,581.2763265625293,17325.426886563986,17482.22660938257
1038.0,1146.0,14505.895417779035,13100.231910770139,13736.342242921502,13800.780241239454,427.554389740086,13736.413524980606,13800.614294003804
801.0,897.0,17077.77682241157,15208.152335571935,16066.946896486335,16136.78687189508,566.4969451767672,16067.05204278714,16137.642819397568
780.0,874.0,17339.460040529462,15418.20658320673,16294.058646819969,16371.634781683311,580.247683184621,16296.985447246605,16373.768298497596
662.0,750.0,21936.48780047194,19309.23576584957,20417.485650191335,20616.41468362371,789.5759368099383,20416.643635913388,20613.97178580742
586.0,668.0,20063.524087344824,17518.503091412444,18693.929567334777,18773.227425947192,768.3227613307658,18696.291894389047,18774.229431098254
1182.0,1297.0,16290.980613506708,14799.714776403442,15397.217701391086,15539.196462389546,449.5448275376716,15398.768518609924,15540.570407529583
774.0,868.0,16509.32540456025,14667.960336215545,15515.665201396501,15583.034150994303,556.9355484305102,15513.821733231032,15584.444235831632
1216.0,1333.0,16379.295371660102,14893.746086017887,15522.242708957863,15636.182408531533,448.10955071563257,15522.522232086762,15637.721948132425
768.0,862.0,16903.10884676998,15013.90955419198,15865.966636867872,15952.70244034925,568.8091600928082,15866.7826226426,15954.835162125288
727.0,818.0,23137.274740684436,20477.782979293468,21671.855899851616,21799.5900947686,802.8400155469635,21671.780139464117,21802.519564584796
740.0,832.0,18417.111847581116,16319.254476604525,17282.69158917608,17359.799091109904,634.2467495739184,17284.674858773436,17362.500413239577
1223.0,1341.0,16468.660980692384,14986.714077432853,15613.343945728111,15723.895317079747,449.2353870498559,15611.085754652275,15723.79520450734
518.0,596.0,22031.55713619593,19098.871458332345,20450.870905544354,20552.523676695233,890.4258458584349,20458.426170389546,20554.553988849082
929.0,1032.0,18621.189185412713,16717.698071375376,17503.283284566554,17665.062708003865,574.9052767783579,17505.07177376356,17666.31250630028
1377.0,1501.0,12550.47824236844,11486.679706658642,11960.870081961068,12016.939528708437,322.56507986322765,11961.761703995362,12016.60368213146
740.0,832.0,22063.677762939107,19567.229818237694,20604.650216441165,20804.588525435924,753.1156916905693,20604.13835194281,20806.466811599792
990.0,1096.0,15206.996037597033,13698.554602328797,14389.97948319664,14451.126676966247,454.3528400797397,14389.232498460842,14453.036911258698
1269.0,1389.0,16429.835984821635,14977.15992932911,15549.531361939367,15697.589501139342,437.82007789798405,15550.086751339502,15701.154759226583
825.0,922.0,16088.049698738167,14349.171720124557,15149.069134446561,15212.40566645933,525.7087087585298,15149.461408489235,15214.21236876995
688.0,776.0,22323.585960268363,19705.15132504788,20803.854776467186,21008.574071324394,788.014024423549,20805.215861339133,21010.79218628617
1287.0,1408.0,11753.578329914966,10718.688061411465,11182.938078205885,11232.753487977749,311.9474510185081,11183.164112832805,11232.679207785006
572.0,654.0,25471.655452996016,22216.45985044862,23588.45886292441,23822.61334438315,976.6571197420219,23590.45809894749,23823.477289602233
801.0,897.0,20829.13307637811,18555.47495802272,19502.437905855648,19687.1107488294,685.9161143560777,19504.211896960816,19689.702639787596
1034.0,1142.0,13729.185904748936,12391.084444366175,12989.788142827692,13057.705455576717,403.84850255166026,12992.239297280554,13054.768292777122
1276.0,1395.0,15658.96589466279,14280.17591171063,14820.012104962763,14968.865958536726,416.21754106309663,14821.730301807123,14967.743165544634
681.0,769.0,18052.010115826128,15923.22383285214,16895.890387971234,16980.60317232421,643.8741514155045,16896.30368857476,16980.36385107385
502.0,579.0,24491.537256309563,21162.77748138677,22601.17839229782,22817.350019874135,997.9061084143556,22605.44175976727,22818.48286668837
1195.0,1312.0,12253.679498160584,11141.249290448619,11645.890171948095,11694.804134425685,335.5845297780577,11644.8650213489,11694.707533419187
992.0,1099.0,16720.62623522199,15057.164239637745,15743.562983537755,15886.1828844079,502.4248833518147,15747.297306004775,15884.340786322511
971.0,1076.0,13108.652642786457,11796.781884886059,12396.665751340593,12448.563515921478,396.56849858082825,12399.150021563462,12450.333249192838
1080.0,1191.0,16243.768534103305,14689.107998997813,15362.336954198132,15461.4630382602,470.2155670441995,15364.877477005622,15463.131177529414
1205.0,1321.0,11143.02984624953,10133.810695241016,10586.514359697978,10635.858967426233,305.8192536040865,10587.847235970667,10635.868839927734
797.0,892.0,20156.891501948583,17936.49235730519,18924.842437256044,19037.286203271375,670.82020997786,18929.20572024135,19037.881163342903
738.0,830.0,15146.302638314039,13428.952576369653,14220.069407323814,14283.66164316665,519.163457488065,14223.219886047393,14285.393607641085
892.0,993.0,18875.595097991885,16898.502061008956,17790.01000305372,17878.828539188355,594.8895658424956,17790.599964368223,17881.264729007322
889.0,989.0,13424.548775096659,12032.270732052686,12657.233190783918,12721.460203570146,423.67440249594443,12660.564835165967,12722.752956589895
869.0,969.0,18594.3787070794,16618.044970714822,17515.174639985784,17603.239997075023,595.2345348461904,17514.47996260503,17606.38701671365
882.0,982.0,14002.184369085819,12537.560344546797,13201.935051641443,13266.178196158371,443.45913304368855,13205.552530340987,13267.666437636526
1088.0,1199.0,15720.748612272551,14229.864014195793,14876.407999207206,14968.629226811086,451.0319199820315,14877.561702315164,14970.468631081005
954.0,1059.0,13856.131724079145,12454.648538143676,13099.220237048627,13150.441009655611,423.94048942033845,13096.901484814194,13152.77211705709
958.0,1062.0,16070.208611009444,14448.307234996997,15153.458571433697,15255.299822515006,490.5223409103806,15154.50309385309,15255.691780896965
884.0,985.0,14854.436426161888,13301.199512184776,14010.85160833678,14072.334930609431,469.763962063082,14015.383116928651,14075.138030547192
934.0,1037.0,15731.694501413196,14119.903632521837,14800.712819316346,14918.563808019124,485.88317124220714,14799.529848805096,14921.220295796518
517.0,595.0,16417.887783025664,14230.791790359694,15245.384116647234,15313.138514523907,664.3597571248235,15249.25187469875,15311.014661970115
939.0,1042.0,17140.76453778481,15400.292385759896,16144.038931691513,16263.95103153874,526.2513799178961,16144.317464187427,16267.552702474677
864.0,963.0,12269.040991643345,10973.78434114457,11572.90290927535,11618.35780617999,392.0050592611878,11572.438449516587,11619.844941880836
926.0,1028.0,18354.006071315907,16477.519663173225,17256.991825853456,17412.7687202899,569.7123246020287,17256.705386934,17416.146842789032
1048.0,1157.0,12969.645068445214,11719.229886234847,12290.280671279292,12342.795488839041,378.6284228575132,12292.964176385818,12345.044849861046
207.0,257.0,42870.92604395842,34358.19985470296,38254.90624430378,38561.568823705886,2572.9135039329785,38256.763962334364,38576.64378391965
735.0,827.0,20639.65868377961,18294.80348277749,19281.012885911878,19457.251226398566,706.0190377253463,19285.173282383214,19454.347698158046
1379.0,1504.0,9993.761273215201,9147.044894314888,9530.54941597083,9567.780973091876,257.03048019665886,9530.881916129758,9569.259416377019
853.0,952.0,18882.247356738233,16865.58723951194,17719.246620919475,17864.687414237975,605.7714221320059,17723.08061652688,17865.059863923198
869.0,969.0,14131.344336397258,12644.501270637376,13325.694585094063,13383.005863183475,449.42786013928054,13328.761700785217,13385.573538724504
985.0,1091.0,16735.80476365678,15069.727185494548,15785.161591671853,15897.338860609581,501.0857644667679,15784.82934722828,15896.006636426917
1112.0,1225.0,12324.44796711916,11161.309195582371,11691.564097598839,11742.001670224523,350.333374588448,11693.19727800692,11743.443757553341
855.0,953.0,16556.449294276703,14802.137089704003,15565.014988538065,15673.467183692903,533.5953171485268,15567.066319270318,15674.932062421778
723.0,815.0,13547.845442916056,11994.337815109411,12714.435413218169,12766.240280135293,470.5377281931912,12715.406182518545,12767.239668891936
911.0,1013.0,16454.560509999723,14751.792421924447,15504.659908740905,15595.6947808667,515.9027055638276,15504.645084992024,15595.142779983818
544.0,624.0,15308.073855020852,13317.749171819383,14242.545140658136,14306.153498786833,603.7740210258302,14242.820615071554,14309.111712062035
1046.0,1154.0,15898.056039652276,14360.170888399965,15025.884727160359,15126.83607700068,466.10315625460646,15026.057824486357,15127.907385297884
1582.0,1715.0,10525.785128140737,9690.27362896111,10063.35577646066,10106.642385255036,253.63819131600025,10064.247446868509,10106.471174150127
1043.0,1152.0,17191.97041268515,15520.670367497147,16250.895455270767,16352.141241864485,504.0729812166706,16250.435702337194,16352.611825309597
993.0,1100.0,12396.37380096504,11165.259659442883,11723.52870935211,11777.16138643342,371.5472054802471,11723.26140230932,11777.773848314253
679.0,767.0,20492.925142901702,18059.598607793516,19144.8957073502,19267.713604791934,734.2838743459633,19146.33824779666,19265.48426506009
1109.0,1221.0,12159.878327193845,11013.001801198725,11533.086516151185,11584.581066176464,345.28043654533445,11534.599364371898,11585.234254924484
740.0,832.0,19426.324894294896,17214.0799380318,18217.20589034809,18315.99995353581,671.5649155518688,18219.017938594192,18320.540544827254
1189.0,1305.0,11144.358455573714,10129.049989880381,10590.93305569702,10634.846751282144,306.4439613852297,10590.643214896169,10636.414168844974
1037.0,1146.0,15075.823004290714,13607.052353996947,14259.368685323348,14337.146023761723,443.3093734134892,14260.525961271733,14341.007088821487
1213.0,1330.0,9487.206926835595,8632.378782632275,9020.475491918962,9056.82141392345,259.3546728071394,9019.458098341962,9058.317316826378
2223.0,2382.0,11542.634665161886,10756.173025390011,11086.944828183872,11149.265821629882,238.3346214043223,11087.393692430293,11150.061389421904
535.0,614.0,17293.62719534645,15024.460941658885,16082.995128309452,16152.262351503863,687.3695442477415,16085.456616088792,16156.344368107097
1162.0,1277.0,14469.86849974698,13127.599506217768,13711.257249024176,13794.48935151727,403.6521582666642,13710.773212906917,13796.931483528057
589.0,671.0,15616.900904990362,13658.54461156135,14571.65514087535,14632.619013382173,598.3474907827481,14573.222984299362,14633.320139921527
498.0,574.0,24301.559183923466,20987.678985511488,22512.549740341816,22636.133107445487,1001.7281548899356,22513.762258667593,22643.813459992172
756.0,849.0,19732.90772368358,17507.135591336773,18506.121147629525,18605.9729499368,671.0338566878848,18512.69367268618,18608.858298627812
1338.0,1461.0,14531.539376172845,13275.583207206126,13820.274920215905,13900.210948942893,378.202252042412,13820.296718836418,13900.874292044107
1311.0,1432.0,8763.513267382315,8001.952896736891,8349.22542363838,8380.90313186977,230.50957357033852,8349.667692475912,8382.196328046737
1535.0,1667.0,14553.287189004042,13373.008134208725,13880.056775619927,13963.207722485236,356.1741245478307,13883.053050650584,13966.907641884109
1130.0,1243.0,16534.730647712746,14988.965928841042,15665.24905894288,15754.406289927421,466.97077198648174,15667.895037186472,15755.81529550717
1078.0,1189.0,17626.27210686411,15933.110060363675,16681.02028323687,16774.828029557422,510.7342174609197,16682.19421999246,16773.88541880869
1095.0,1207.0,17394.203590540492,15736.713747802605,16488.638096124727,16562.826290454115,500.41645352512614,16487.629138506294,16564.27211644891
1673.0,1810.0,13908.46054701125,12825.459385482607,13304.530007493491,13364.801439136387,326.95997404357445,13303.780756312672,13365.459124976242
1250.0,1369.0,15268.070546877454,13907.937050396611,14514.455704763212,14586.25189197295,411.7746400376665,14514.398534988182,14585.333869321266
2011.0,2161.0,12857.625620765446,11938.28637843462,12339.696067510204,12394.982862330404,279.05207284611913,12338.634207506613,12394.376770425573
1547.0,1680.0,9308.657804122833,8559.949652424673,8890.136937391666,8932.94507390432,226.72708034119464,8891.544002599603,8933.406503657325
1094.0,1206.0,17264.928121606437,15622.578896288062,16360.501874504585,16439.443550114833,494.8344958715752,16362.55110980921,16439.837853415924
868.0,968.0,10593.282128450432,9481.541449688488,9987.902406738953,10033.59726933366,337.2164194976201,9986.821477913343,10034.30425932968
1644.0,1780.0,13246.557002198575,12201.830873907997,12663.720995294609,12721.126899116232,315.1658331928529,12663.089332243837,12723.520045609881
1343.0,1466.0,7570.1194969649705,6920.939228625383,7211.819171174564,7244.60215200349,196.67320206626096,7213.383621160919,7246.358488833593
1208.0,1324.0,14557.14561792358,13240.042975411463,13830.227728446815,13894.278920436946,402.1839277881203,13830.777282086268,13897.788090493625
1219.0,1337.0,15273.715447762774,13883.945063844018,14505.608056448185,14574.006018104586,417.8699546637419,14506.333038350409,14574.252188439534
867.0,966.0,19070.968034190126,17055.008098980757,17970.087219661727,18056.76872957025,614.2813411964216,17968.957553572207,18056.092399012647
1336.0,1458.0,6849.800541726604,6263.120825338048,6524.826789690897,6555.029597855505,177.8709994134462,6524.988788107912,6554.928366010625
1133.0,1247.0,17381.296665890426,15757.195033436588,16489.447414611855,16564.934680488263,491.8146312258642,16491.905531248973,16565.747224947365
1250.0,1368.0,15912.61717309208,14498.190457784201,15129.871127410632,15204.676937931881,430.15227722109734,15131.646993099208,15205.09715168455
493.0,569.0,14225.02157341793,12294.633529852113,13198.303692288906,13254.098020052428,584.6736823554916,13199.96202808557,13257.821090156393
807.0,903.0,18775.04558983398,16725.699745309474,17639.873537145104,17743.243435136745,622.8770883819168,17642.87574208824,17744.415114484967
1669.0,1806.0,7550.265556753297,6966.193300498886,7223.5438691736945,7257.415632195628,177.1731629189953,7224.25613160981,7259.151445330548
1350.0,1473.0,14079.41818100474,12870.938634837286,13407.46482533626,13473.957278758278,366.38427446536184,13409.363273410772,13476.244071604851
772.0,867.0,19956.558818873225,17723.10047439612,18737.42782764126,18829.29399651516,673.587336257677,18738.69254285204,18826.899014150942
852.0,951.0,17823.132857820143,15926.228707418075,16778.173806567458,16866.68903868476,574.051531710136,16776.861912683562,16867.54126928017
585.0,667.0,16296.19879395754,14252.902337629213,15190.959321201064,15271.503605523345,621.915256535279,15195.62157281494,15270.167641585287
1522.0,1652.0,14478.571066097005,13298.160073731717,13824.615571506543,13885.240255358582,357.06217304372126,13824.745835735439,13885.1469495784
1059.0,1169.0,11888.136319355512,10751.370855345827,11259.066314548221,11316.475835935826,344.07924933895737,11258.7098121114,11316.34285025921
1213.0,1331.0,17242.56243623795,15680.780552589898,16386.04507410656,16460.099326583,473.24089180662514,16387.779659624193,16460.298211240864
236.0,289.0,25848.624980669716,20978.85641228477,23264.981730199917,23384.234163992376,1475.4832527472643,23266.139697413848,23381.545346119376
1414.0,1540.0,15254.606150458578,13974.851333731838,14547.210815088907,14612.712931181173,390.88968221526926,14549.336528332762,14614.037368121797
1742.0,1882.0,9744.847004263775,9002.426172398242,9323.97097958391,9372.509532317386,225.0563411845428,9325.135907556654,9372.90918620915
1526.0,1657.0,13373.296582507397,12287.068028441112,12768.515311301655,12827.312861501416,328.76255372232777,12769.527772837106,12826.889876239493
839.0,937.0,13538.28877389984,12087.613838535517,12745.414322007948,12811.142169578252,439.17559474350134,12746.345164459331,12812.646925888574
1438.0,1565.0,10618.827652920709,9734.660633111782,10133.655817821551,10174.497542626212,268.3639038792043,10134.045155026086,10174.965017674851
655.0,742.0,21289.037659662037,18737.034370502926,19920.955368565334,20004.00048261911,776.8030963085105,19921.9279250675,20009.181435137216
1385.0,1511.0,13220.467881796061,12089.285335093888,12595.674592793397,12650.62374105039,340.9145370454456,12594.825986575413,12651.49325449876
882.0,983.0,14234.11621412774,12744.734927265696,13430.42093645168,13487.399447583286,451.2799098363919,13432.056941954577,13487.69390368727
1040.0,1149.0,14152.840726463606,12778.039534749303,13391.229599882688,13457.621208773538,413.8915868571355,13395.052479832244,13458.21267358878
588.0,670.0,20296.153798791933,17740.64957391703,18913.949551422655,19010.201232269188,776.1592346707384,18916.067193537052,19010.960713455253
1003.0,1111.0,14023.969744611632,12640.632515302113,13263.833202882091,13327.655243507419,418.90143257076306,13265.248846831491,13328.516040236293
1049.0,1158.0,14467.271658188343,13065.17221024254,13686.974270710998,13760.593541484965,423.1194643586344,13687.43279903697,13762.402780105776
703.0,793.0,16359.892876529106,14464.993890114773,15331.54733245555,15405.150066766038,575.6496063096771,15335.444108473093,15406.286187827644
909.0,1011.0,17209.432892698846,15426.97095935983,16220.167470818365,16316.723752272987,536.7536261334748,16219.94513137988,16317.0559687145
319.0,380.0,31236.631262164134,26054.754041471362,28426.19006635034,28616.747829564447,1555.895714526964,28431.251930043025,28618.87136137561
1023.0,1131.0,12698.029984416626,11454.687546058964,12018.477643011274,12074.07334729361,374.1477694991528,12021.271190080472,12075.672017494404
424.0,495.0,29814.387893923693,25452.60215967516,27443.46864257863,27608.50608140384,1318.0085186017177,27447.404958480864,27610.331852102965
1165.0,1280.0,16027.233235469972,14553.877431388046,15200.479259574675,15287.624084280123,447.9565395233494,15199.45932030766,15288.351983627877
1215.0,1333.0,11586.717572097903,10543.247308391194,11010.643033385946,11061.47095279552,315.39081894103253,11010.768083650091,11061.210191570603
1209.0,1327.0,15417.824019969423,14021.060777246468,14642.124478402557,14717.240508853001,421.8347479487559,14644.451446291032,14718.137163742416
997.0,1104.0,16535.51752838516,14896.545769949325,15613.808544762584,15710.152161097116,494.26489952398134,15618.913932838233,15711.84154745299
1196.0,1312.0,11236.387492707174,10214.903904966106,10669.12202919123,10722.07928794264,308.5133388047285,10669.664405495994,10724.123978645983
1332.0,1455.0,11229.372566904054,10257.318674737908,10682.975907076889,10738.667129675068,291.86718244090184,10684.13572237701,10739.604915299546
856.0,955.0,17922.993183517254,16019.511923130456,16857.300258558036,16963.43264950948,574.8678078107083,16858.164630660725,16964.74403852949
1118.0,1230.0,15489.360817501929,14036.135085992912,14685.084876458506,14757.024789088297,438.34990673515557,14686.19830736934,14758.66173433513
1076.0,1187.0,16865.186232661054,15246.201218178569,15974.163232529329,16053.160437992068,488.19269229191724,15976.50465763299,16056.43116810476
1267.0,1387.0,15194.402200307239,13847.157518753236,14436.25900396862,14518.248268689927,408.3441190851455,14438.03335094239,14518.217875565204
1359.0,1484.0,11218.862690700162,10257.54904310518,10690.11625614537,10737.803966777143,290.78873692339494,10690.537110448497,10738.882609113844
1037.0,1146.0,15597.645683376348,14081.674055159949,14755.293171390242,14835.334828074849,458.93708500057363,14754.338961681879,14835.887614224755
908.0,1010.0,16852.091347511174,15115.029627079646,15894.456088680856,15981.329644923835,525.4722317123981,15891.840119295699,15981.540778471048
940.0,1044.0,14192.323457615406,12752.220248341058,13399.000346037605,13469.630079937808,436.15839843168783,13400.829959075463,13469.802192742747
919.0,1021.0,17695.409162618216,15883.256725661173,16689.063327094504,16782.86918864587,547.842075819076,16687.32169251581,16784.102778586333
956.0,1060.0,13473.418637712373,12113.324617290831,12724.786010820351,12788.676732161995,410.74855235705184,12725.149300505882,12789.823755272173
746.0,839.0,20614.140970731838,18277.213288555708,19298.08232042061,19437.169677034202,701.6932491924711,19300.244423956254,19437.00361468162
491.0,566.0,18847.73051961115,16290.109954841642,17484.01627442312,17559.790223338718,781.9181327334961,17488.62966641603,17566.21525058207
657.0,744.0,21914.68730644785,19292.756807453414,20446.492338504362,20593.222838064212,791.8030818648333,20451.709310532715,20590.505457620766
690.0,780.0,15815.634414295315,13967.737332958104,14820.71130518272,14880.495819923919,560.0663868999342,14817.518102911317,14885.433300901952
947.0,1051.0,17457.80531744856,15686.023102876212,16448.544946089718,16565.481567360366,532.3027266435707,16448.06491131003,16567.532687217776
531.0,610.0,18229.48943312043,15832.537506209495,16937.512524567363,17018.911743249355,728.7281341779344,16938.538560826295,17018.26528032607
941.0,1044.0,16865.67549757596,15154.222915856162,15897.018582451648,16004.910941735003,515.8770356981418,15898.704713694657,16004.749724725078
410.0,480.0,22140.329793693036,18870.185171187502,20403.013375993076,20493.590141532914,992.9062287183767,20402.322628176913,20503.760743270403
952.0,1057.0,16900.98265101105,15185.704582025075,15937.565167896424,16041.406646258543,515.4391112739178,15937.743861561668,16044.107190614788
639.0,725.0,18020.139224957675,15841.538078828029,16839.497550467542,16919.322376659617,661.3225129650499,16840.96930152403,16924.383020040696
993.0,1098.0,15783.592958979423,14226.9768708394,14897.396062945685,14999.519788872089,471.1990246757875,14901.15781616644,15001.2784302714
819.0,915.0,15479.85009559468,13796.427766061815,14564.437685528228,14631.62673168686,508.2463477831382,14563.218061702362,14634.503242489065
867.0,967.0,17206.114333544807,15387.575940042108,16184.256598424794,16290.556056367772,548.8929999057891,16181.828228112316,16291.751057363283
811.0,907.0,15257.36100899839,13600.77216279033,14364.709861924104,14424.693578275292,501.64038602396636,14363.576160055849,14426.69533804711
876.0,976.0,18107.408105149345,16209.688036765674,17042.781224232152,17155.14819715742,576.1958283735984,17042.84975449528,17154.218266542888
727.0,819.0,16069.83019492904,14225.325341093547,15080.60040177899,15140.704976431804,555.7487329319366,15081.542012111548,15141.632567600873
424.0,494.0,28293.71764886644,24184.901624450948,26029.396251042537,26208.477162056555,1245.2195971282617,26027.944277114006,26209.16016856559
950.0,1054.0,13938.427325240913,12530.833709053288,13171.077858130333,13233.538690708447,425.30098526561346,13169.934593347516,13232.505963095962
99.0,134.0,48363.042380503444,35353.53945395446,41493.630678227426,41753.82142168296,3954.1762134968526,41494.37856870773,41747.08181819268
927.0,1029.0,14735.55670405637,13235.247909760968,13910.870340546471,13979.633594495712,455.29136683907274,13912.77183206461,13981.421228729265
916.0,1017.0,17781.398184706348,15962.769613323446,16737.430422509955,16868.724132086154,550.8410243248175,16742.268029037088,16870.308916830243
498.0,574.0,20571.537099740253,17769.474466876487,19058.694942433023,19160.391000312473,846.7940868680139,19063.942982997814,19162.755126918284
886.0,987.0,18135.432710386023,16240.599396735186,17051.46130178117,17184.03750639431,572.1049261154966,17054.43329627728,17184.362671720242
773.0,867.0,16889.38191195146,15002.639731475641,15857.800300596518,15941.78554148643,568.5057207887503,15856.57747797135,15942.26749999321
925.0,1027.0,16479.53123987152,14796.024689007683,15512.213767633111,15633.469302928033,510.115787543505,15514.86017557652,15633.535153226945
307.0,368.0,27565.20112704957,22917.66414080232,25066.480302598036,25216.37100898346,1404.8481943756794,25071.642167153783,25210.206204268517
393.0,461.0,23230.041343363468,19715.967872110203,21356.496392738296,21459.56822633338,1061.5122307981533,21353.78333750797,21465.23832733659
1099.0,1211.0,14492.25428323898,13121.204329413093,13698.45794180295,13802.4337462902,412.9310571879992,13698.44735014796,13803.302709634494
529.0,607.0,18589.607648403668,16140.502635120976,17272.561132272676,17355.25079396128,743.6017236949089,17270.981540259167,17357.150043462796
875.0,976.0,17543.122207347573,15694.147334698011,16488.475504949583,16612.54073292252,556.61121164735,16489.116124063876,16612.970944721583
520.0,598.0,20365.38311164617,17669.955932094384,18917.38004934867,19005.86861159117,819.875421322556,18918.603194450403,19010.29907904228
1034.0,1142.0,15736.11455503419,14205.994397500639,14858.82274440136,14965.754386289944,460.7120504188838,14859.341074897342,14966.611527537581
524.0,602.0,20466.17917474151,17739.438976619174,19009.56580229876,19095.74062359094,823.2932982318218,19010.44637189306,19097.518168022474
1056.0,1166.0,16324.32406158382,14750.860356435842,15421.597534172826,15532.330340360708,475.0790901046778,15424.871068784365,15530.76857314169
782.0,877.0,16677.78821827824,14834.025244426248,15665.687862816287,15749.029894596757,558.0724304990645,15665.01143278338,15748.263129741705
935.0,1039.0,17778.145753912322,15971.215737372482,16747.089961361573,16865.35404959069,546.077903457034,16749.608808833025,16867.026605948075
1007.0,1113.0,14416.393523930945,13001.636534566287,13637.27175138007,13705.772599259692,430.77149725529824,13635.702319975951,13707.16547416776
925.0,1028.0,18447.970106845067,16557.53957144788,17352.93064282232,17493.401769745215,567.9804161564978,17351.398400389677,17493.13658175412
1185.0,1301.0,13299.713674001112,12086.843581603238,12636.508628366983,12692.378469342846,367.5473653428357,12637.523393158841,12693.480819732267
1184.0,1300.0,16151.404053570057,14684.807891658527,15290.002085039396,15414.394289539308,444.79305806377937,15291.681926908188,15418.268847139385
1139.0,1252.0,13042.770763500796,11833.182346895082,12380.448451575212,12436.32796490892,365.356704563546,12382.770343032278,12436.176227449489
1095.0,1207.0,16361.166311905286,14811.69969941561,15452.612866498828,15583.515514273384,467.9021988329288,15453.548444693812,15583.08440872341
919.0,1021.0,15115.37548680727,13563.667585488221,14272.453312022919,14336.796797225137,469.95188045173285,14272.203441407697,14335.21298906058
1087.0,1198.0,16508.138689482956,14949.234999348317,15611.50537600287,15724.662384731319,473.56382287039236,15613.986026045006,15729.573526423863
1122.0,1235.0,14305.325721281124,12969.48406872125,13572.106033022492,13636.471560099453,405.2654527757339,13574.332503084164,13638.196075820377
882.0,983.0,18107.88570833869,16218.102969568978,17031.284291241835,17155.605212469607,569.131975898263,17033.406742319585,17158.127487610283
1033.0,1142.0,14252.520331709604,12857.834310686816,13483.950699776717,13553.696834829607,418.8388121353974,13483.846762077917,13555.288838137614
1165.0,1281.0,14914.02805892843,13543.01676962816,14102.674751682682,14223.907138633009,411.34760182862135,14105.362173558797,14224.475283678696
1217.0,1335.0,13167.734790255641,11980.832927783458,12502.066234063546,12572.257554420657,359.2114902740659,12504.969365364388,12572.398961259378
1316.0,1438.0,14109.856986106703,12887.702430786638,13387.436013120763,13496.547631976364,368.0944504094911,13387.154336970183,13496.407745715553
624.0,709.0,19197.113945310673,16827.33102778996,17906.844096697918,18005.470597222735,715.5458105144374,17911.842815959775,18005.365085549343
1003.0,1109.0,17103.814657157258,15427.843986725415,16120.421901398682,16259.658045546032,506.3987770788001,16124.142468419574,16259.424705769181
620.0,704.0,18791.166834943084,16490.389394554884,17535.903367962015,17632.47439720908,700.2912109292046,17539.744705159967,17632.023047483042
1121.0,1234.0,16102.39480082209,14601.606305759971,15220.081215311113,15347.426757525214,451.8396125465811,15222.789433699127,15351.13714112732
577.0,659.0,18581.779503821643,16213.814228862691,17311.724483040485,17389.32876357257,712.668644948308,17312.064833252593,17392.86649295863
1217.0,1335.0,16056.605929002273,14618.464491090022,15200.470521624084,15334.19309100309,434.91855866771317,15202.503047170569,15335.373406306677
738.0,830.0,16946.59207002889,15024.700104717007,15906.327474393747,15977.85159037796,585.1776177128962,15906.351894723859,15979.534863905203
1076.0,1186.0,16920.10259925848,15306.296716357643,15974.025764466991,16109.0852119848,486.58998649295245,15974.973655770858,16114.584143240874
569.0,651.0,20490.350194044942,17858.826550718026,19078.08114880319,19165.71284956956,792.0921717886506,19082.539192079537,19169.932333644905
703.0,793.0,21471.402626744155,18977.919170579295,20029.36896530461,20211.73611705026,750.6851586540866,20029.098207917126,20213.78050979596
449.0,522.0,22603.27214346733,19358.316231802837,20861.380375904533,20964.245234377344,973.7896272041183,20861.99984958259,20962.657559565323
1097.0,1208.0,14311.434986046443,12965.886914147804,13513.562176718411,13636.273367737605,407.66986304615455,13515.337327750629,13636.151018683684
403.0,472.0,25166.413738770214,21407.425003865337,23171.270874823065,23276.461808993394,1139.995706866318,23169.42411690961,23276.495459925653
626.0,712.0,17514.607184841498,15366.528339695924,16354.970469260705,16433.830279873142,647.507740495909,16357.142800079295,16435.051294102024
637.0,723.0,21262.878867033964,18680.9391014109,19784.848162416376,19961.45057232233,778.1910393990249,19787.369148694423,19962.734969776768
482.0,558.0,21377.942683401314,18435.695976288553,19805.664049972376,19898.3933498665,890.5936641509267,19804.472634714995,19898.83813367446
630.0,715.0,19237.81586052446,16889.27997750378,17966.25628746598,18054.17478771133,712.8504310192704,17965.83379015081,18054.091134324488
453.0,525.0,22796.06183092368,19552.51576928087,21072.973653332392,21160.01025221848,979.1855208822549,21072.736435399416,21163.701708188648
1148.0,1262.0,14770.200359085096,13408.86997459617,14023.575923677423,14083.227738024276,415.22514111411925,14023.005584548013,14084.218685392929
668.0,756.0,19103.08267144066,16824.410630060727,17870.839391940874,17951.65479640677,688.4948095866273,17869.85936665467,17951.71766834225
430.0,501.0,24606.33873311926,21026.700203172186,22687.474774831306,22797.891942075927,1083.901762441052,22690.6040483845,22795.017439290994
535.0,614.0,21900.43261582113,19004.54701612357,20352.829908415293,20440.5026504198,872.4399813470236,20352.230071903017,20445.649615198272
313.0,374.0,27457.397547550027,22865.199765022942,25021.593117684013,25134.39534847535,1389.99609173216,25024.334629069315,25136.968426098512
602.0,686.0,17792.70757035664,15579.545679783783,16608.492744820247,16679.76656952282,667.8525166787067,16608.181765135225,16679.816315232136
604.0,688.0,19015.218626693382,16648.14697735624,17744.815248886487,17822.519365871434,715.5596443617162,17745.326184950056,17825.396580044246
600.0,684.0,19518.408907953566,17076.718384320073,18198.415212481552,18287.507456807845,737.5541987822859,18203.49235020919,18286.42883656489
744.0,837.0,18120.314700722785,16060.927555483384,17001.12408715526,17084.183136895736,623.2977172959498,17007.6560345318,17086.076785349152
1424.0,1550.0,13866.2153217474,12711.164899069914,13148.359611643253,13286.896287124164,348.5003636069185,13151.397715479192,13287.064781901734
972.0,1078.0,16235.532583706585,14602.64227685085,15345.915103228597,15416.183575759864,493.71201903921457,15347.895008941812,15419.972498451812
885.0,985.0,17095.39602468367,15301.663063807655,16115.856664603185,16189.80924584844,542.9202230046357,16115.819814259492,16190.60692318907
1036.0,1145.0,18486.92604234312,16691.534000999825,17437.44559974367,17581.779542109558,539.9502349331659,17437.581196281822,17584.10255987275
1509.0,1640.0,12503.98506371065,11486.166168583197,11938.796457358456,11994.511941686416,309.0987155432718,11939.30675538304,11996.577480557735
1325.0,1448.0,13162.411533504628,12018.921449115007,12517.386679254165,12588.81121190682,346.60150043374756,12518.349317546557,12589.718069317005
1118.0,1230.0,17256.371831228957,15647.157926739228,16307.470455452094,16445.309757124123,485.6110381892636,16307.798885248565,16447.514263850844
775.0,870.0,18727.77934827469,16629.16649659899,17569.228068594723,17668.822931154384,628.7853231775321,17571.009817881055,17673.566501261106
1221.0,1339.0,14149.485213937065,12870.887046365293,13422.708389393236,13505.198597214776,385.83811916751085,13424.2950056503,13505.261643802918
866.0,966.0,19238.524976067336,17212.282993881843,18077.53086877141,18218.20985226973,613.2829884550572,18074.08718615594,18219.331513626654
1773.0,1915.0,11329.888085154938,10472.364036186138,10843.797190884405,10900.791231798936,259.48582186028574,10846.057358327962,10902.522123535644
1750.0,1890.0,14028.713782718933,12970.456122529586,13379.567870799692,13497.76350280909,321.7321897103234,13379.844630964852,13497.363517986481
893.0,994.0,16112.877185647438,14433.567620218766,15192.83880318326,15266.774135627003,506.46769130969494,15194.221358525298,15270.013364023325
2266.0,2426.0,12640.73012344802,11793.477044718971,12110.205683535645,12215.2896736798,255.02834276574552,12111.435583312028,12215.606773219815
1541.0,1672.0,12695.340429122296,11670.410742049358,12107.840356939216,12180.743913684606,310.180840544192,12109.375148372681,12180.887535188029
1052.0,1161.0,19116.94408789573,17281.90984186961,18044.075477224083,18197.12938239081,553.78923622755,18045.31306338138,18196.305334788078
1182.0,1299.0,15297.804397975617,13889.117772927642,14499.380994927158,14590.215154944792,425.05206044457447,14501.326360743571,14591.629378424013
1274.0,1394.0,17582.788965043812,16029.543776763494,16664.92366843687,16804.143703927442,464.8290127004966,16668.756971597682,16805.98818359755
1311.0,1434.0,14320.801763000336,13061.441535039961,13605.875135847771,13688.013757224608,377.7388248829029,13607.188046442523,13690.914459218595
830.0,928.0,20600.353389832173,18384.14296461793,19280.23860114976,19483.058181251185,665.2554330991261,19282.269981656376,19486.695801285125
1378.0,1503.0,14459.167655192912,13230.037101582615,13759.045312001414,13840.938950939288,372.2064966237476,13758.81920634414,13843.316583176324
1125.0,1237.0,19099.61734982952,17322.795495871786,18054.132394320077,18203.797525100927,539.0146620996359,18051.45605949351,18208.108259356042
952.0,1056.0,17377.906896507207,15616.604778687975,16386.788587867355,16491.01397561659,531.839478045885,16389.318529674707,16493.632164455677
1096.0,1207.0,19168.026624496488,17360.26989066513,18094.235206064943,18257.958498942782,545.7360169533458,18093.669228177885,18258.35217314551
1656.0,1792.0,12678.563748792294,11689.919890814266,12107.913314166231,12182.050645753427,300.54930276069695,12108.429364560214,12182.724865350094
1374.0,1499.0,15822.133860965781,14474.323097937871,15005.254815697204,15145.138994301935,406.80994037113487,15005.013603657326,15145.583289147184
1562.0,1694.0,13407.032409477033,12333.640715610756,12805.087568857842,12866.968372502037,325.1884516156423,12806.007377463098,12867.244025926922
463.0,537.0,29087.9237724042,25007.744893616902,26775.64554345417,27027.217183783654,1228.7248076534888,26781.936910688313,27029.8673643734
1079.0,1190.0,17569.092283452243,15893.875479528248,16645.771709362845,16726.176781135906,507.62608423835223,16647.131302023623,16726.726384073707
744.0,836.0,20509.121947213716,18194.744997888516,19254.992430306622,19341.112915806174,702.7695639891411,19256.65189563402,19346.30013876544
1798.0,1940.0,12999.714529319102,12024.257213716912,12452.865762230227,12510.431366518293,296.4290391524969,12454.240869064444,12510.993853863409
592.0,674.0,25593.186349464868,22383.144514066385,23744.01726772613,23972.528548198825,969.6472474715996,23748.480963712642,23973.744509993114
1000.0,1107.0,16073.346128067746,14483.324717817248,15199.407358933411,15273.197122299394,480.612701137356,15202.124079952335,15274.018369243218
1449.0,1577.0,14244.020893777131,13058.501080877388,13582.277010306867,13647.153412507867,358.03883537177836,13584.929795965452,13647.189777626314
1327.0,1450.0,16755.038898142833,15304.129630066818,15873.874497139706,16026.261146348686,437.12898236523404,15872.279557900809,16025.9119830539
1971.0,2119.0,11725.065026743147,10880.45573266284,11248.412510704176,11301.000198701482,255.0599762846719,11249.095704212154,11302.340666932296
1645.0,1781.0,15644.388542127688,14425.54713810253,14887.188050331304,15031.033344341968,368.96774843105493,14887.376609697098,15032.11406927373
2301.0,2461.0,10687.056229974554,9972.530728817119,10276.197768101361,10326.654050229168,216.1126216974006,10277.221880644767,10328.470537912826
709.0,799.0,22997.710091113004,20355.07835357732,21462.039622697936,21673.240586482898,800.840990435329,21463.664558872366,21678.149387067115
1426.0,1553.0,12972.778724752225,11883.893168727363,12367.079223142511,12425.849677207541,330.23133447503585,12368.407206399232,12425.841030243151
1097.0,1208.0,14659.868465809403,13277.246507155523,13897.246812070061,13962.758937451392,419.89885516839036,13898.661245018178,13962.839306778049
800.0,896.0,22272.42625940067,19846.721826131958,20842.741126816974,21049.43944895463,733.4330608854724,20846.00737302335,21050.659434868496
1258.0,1377.0,14563.806256488397,13274.35216562535,13852.900648331284,13918.98794707415,390.4031779602624,13853.998237472497,13920.759188565613
1436.0,1563.0,16859.19584143017,15457.66091854003,16020.05058828442,16153.212187421945,422.9835272658691,16018.55737494587,16152.808815894128
1246.0,1364.0,15082.549436800628,13743.14642455423,14341.15228086337,14408.888210168743,408.2126403092597,14339.559316440373,14408.291750791801
1754.0,1895.0,14063.69228147365,12997.003821567961,13421.422989092745,13528.33626963763,321.6552489771478,13421.709609980306,13529.32999634563
869.0,970.0,21246.479192763887,19006.854264484242,19992.253432573638,20118.47174913334,677.7837498202697,19994.549077004296,20122.61164583696
1336.0,1459.0,13795.05966415491,12602.331695375935,13136.517828452224,13194.523169997854,360.71455416332066,13138.479727858741,13193.764209477473
1997.0,2148.0,13631.759238605255,12656.302319833729,13025.232076199112,13143.526774084923,291.90005329360315,13025.602547937193,13143.241347464207
544.0,624.0,22410.41280203431,19481.99092084956,20841.875454782938,20937.105173618584,886.7188202513331,20846.149781368327,20938.5817393911
752.0,845.0,22696.023321990102,20152.415305112147,21217.728642052894,21413.823694813414,769.9528488251692,21218.159684970873,21416.368834404355
881.0,981.0,17343.571872098855,15522.895512099385,16354.454070442078,16430.970400949045,549.1079267835792,16356.119571276584,16430.319273651654
1161.0,1276.0,17495.504491490792,15877.835477677594,16520.95032003401,16679.56695732718,485.51728673264773,16522.58408569122,16680.959841170734
737.0,829.0,19485.237060169224,17262.750965630657,18272.4569557402,18362.4556858609,667.8136996012452,18275.806539748453,18359.50063488423
1050.0,1159.0,17904.886060484932,16183.09480311505,16886.351670311233,17039.351502032725,521.2183861436556,16888.255249190664,17041.860462540302
1098.0,1210.0,14754.214458279244,13357.76708687378,13986.912254768553,14051.944417129822,421.5003214772779,13987.941561191657,14051.827738020354
765.0,859.0,21537.483041770945,19135.338159547682,20179.65405459083,20328.666824858097,722.5774801991774,20177.32363322059,20326.746136761663
523.0,601.0,24778.707521128745,21483.25448816648,22903.831690714378,23114.180177629605,995.9901231720357,22912.73238906289,23120.218982237617
1269.0,1389.0,13881.541673592597,12652.428407482419,13203.238182861724,13263.928315348707,370.76031120536703,13205.106428378725,13265.022587608104
549.0,629.0,23698.307283399707,20621.424470328373,21971.20602518242,22148.31491661009,933.4430296089945,21979.26736815697,22148.729057768796
1163.0,1279.0,13666.3103704403,12403.802061906565,12974.11789246973,13029.929021537493,379.9393749562467,12974.359158592262,13032.027990573062
315.0,376.0,30718.386867095076,25598.466334774294,27937.19331490596,28124.537138311192,1543.891021076243,27941.748339305013,28124.24324230919
1049.0,1157.0,14602.81423500536,13194.152802874312,13828.401406069064,13893.255532964164,427.1687564205089,13829.925755345135,13893.786168395918
1491.0,1621.0,14124.301845567144,12968.44945759533,13457.015085973206,13546.470421215532,348.72976670423816,13457.803602244925,13548.210061468635
1287.0,1408.0,12495.868566351826,11401.224670723985,11894.590822822263,11949.174022907753,331.9482039732021,11895.813084666008,11950.663882077926
869.0,969.0,18859.32611176884,16873.624339867845,17732.294249246585,17858.843551167232,600.2096525141808,17733.383637382456,17857.309910863292
552.0,632.0,19590.60658251097,17034.797693037333,18217.181789522907,18306.029133038446,767.2995097305981,18223.55623322767,18307.90071587993
1090.0,1201.0,16943.93837090745,15340.683120495058,16002.9518368961,16139.438895282889,483.5746356340741,16003.05461214899,16139.918577960643
1019.0,1127.0,15095.196783006786,13613.85395338147,14283.605891550827,14348.981234053828,448.11606498118226,14283.548365548344,14350.460140117055
1695.0,1834.0,13563.712044767166,12521.06957893139,12936.282398477171,13038.680928961454,313.63930642085137,12937.613258272822,13040.392972110489
997.0,1103.0,16462.447921487877,14838.529511632603,15570.936857554298,15644.491646625915,492.18440931187547,15571.333379169491,15645.38020920096
1069.0,1178.0,19592.85531451515,17731.319047756293,18530.890983060304,18658.761426784622,564.8910359844673,18531.191491611058,18659.842566337556
1184.0,1300.0,14835.503958456811,13477.886758655042,14087.48043491551,14152.79304951094,409.3576081961892,14089.001494577613,14153.815644451464
842.0,940.0,20504.555614749443,18325.144837007967,19258.64450148686,19407.116733650717,658.5416119205655,19259.962344590145,19406.646525561613
1028.0,1137.0,14004.3626063094,12638.296602856477,13259.789338975126,13318.465177038892,413.14874537785425,13259.46777953672,13321.276142297475
626.0,710.0,24206.582736385528,21265.78625597185,22513.553130045013,22725.870164588698,889.2271467408788,22515.329573827737,22729.097290948597
678.0,766.0,17312.910894791177,15273.838146816192,16216.554057334952,16285.344508904178,618.7522852957438,16216.41103730351,16286.82217596017
1029.0,1137.0,13486.271071565045,12178.301371876049,12771.724433293688,12829.52758164218,396.47697507325626,12774.5743575883,12831.275432127639
1487.0,1616.0,14476.97140039869,13294.51364879183,13732.29986204598,13882.709243371515,355.86585767176365,13731.219229368096,13881.959693819948
449.0,521.0,19691.611614408586,16889.95740391583,18203.61916010545,18280.070999268642,847.831906254861,18204.21378444012,18285.547419121835
1732.0,1872.0,13159.545074722777,12157.174193636849,12501.396230351114,12656.680857966854,301.679799543392,12503.111069784036,12657.330215005331
781.0,875.0,14755.320205351745,13128.26866230495,13875.2836773982,13936.33179768981,495.40374429432734,13875.958268430031,13937.500951256947
1326.0,1448.0,16546.12568420397,15124.646953810807,15654.368304715312,15830.240671184458,428.47933880139306,15653.93314008762,15828.757102468426
842.0,940.0,13041.409271147772,11651.865274550217,12289.461513316803,12340.877059635233,420.2027151296028,12290.33238339537,12340.726730159999
498.0,574.0,16850.411917531783,14561.391684613573,15636.48757634559,15700.796637572612,689.9233137813138,15639.817642368605,15705.086081838472
762.0,855.0,22890.002286224124,20329.279241043318,21359.939537912203,21593.663792186275,767.2470676888726,21362.561432361224,21591.417140164096
1033.0,1141.0,10870.302806782096,9814.118961852597,10295.187344399048,10337.80662209886,320.44027423304857,10295.995694280597,10337.935266986895
1675.0,1812.0,14489.087497179165,13365.444946242656,13773.09020878119,13925.944557745426,338.13424828254864,13774.299400907914,13925.852873972779
1568.0,1700.0,8621.164109381847,7934.328243013274,8246.221187221403,8277.02362892068,209.38369891738554,8246.367765615587,8277.36940587334
1003.0,1110.0,18179.70845669623,16387.747684886574,17093.27924304354,17281.54476906725,537.2576808105566,17092.659552686724,17284.967531077044
778.0,872.0,13843.661344002265,12306.917586757569,13018.792567720717,13069.624796564452,463.0441342188128,13017.395654652442,13068.823631594507
1598.0,1732.0,15388.57600557342,14170.27286508312,14610.391562714223,14776.415266682887,367.221765027744,14612.239601213243,14779.069480189042
886.0,987.0,14275.668400610328,12789.671400950841,13479.160499581096,13526.433310164766,451.09113592303555,13481.21272664773,13530.755599821889
822.0,919.0500000000029,15893.68998608615,14177.081703984779,14963.96429881237,15028.681897805047,518.9186249877554,14966.492125420717,15029.087654386967
463.0,537.0,27114.426335753953,23333.87252507262,24897.734223526255,25206.113210051204,1134.890414628642,24901.178685473307,25211.634466498523
867.0,967.0,16781.5160439925,15009.453862705834,15808.296355245451,15884.715642117808,537.7046713423717,15810.879220787983,15882.888896520299
738.0,830.0,17266.76370547261,15297.690966740764,16205.608440485456,16276.350399697076,593.4936510884694,16209.735304805434,16279.736562329897
1052.0,1162.0,13934.917233493114,12596.2690054731,13202.121805649207,13260.587876745434,406.9642950979209,13205.232671423231,13261.236929374161
752.0,845.0,17513.924702942975,15531.621719816347,16453.194983898746,16518.767682936472,597.3626687200361,16452.094782560114,16523.66298042106
1065.0,1175.0,13381.774478358551,12094.696227315064,12680.571439094048,12735.127311149048,387.46592157912477,12679.67127219613,12735.986501546786
764.0,857.0,18397.053600217543,16350.376487996664,17166.357972612106,17365.058265496897,617.8480864850455,17167.92948897715,17365.104547445375
585.0,667.0,19763.514808283962,17264.867657092935,18421.671748614244,18505.952370612245,754.9241729746979,18423.208675207065,18509.29278785354
1497.0,1627.0,13871.267974818282,12738.156074707607,13156.546698433953,13301.683558460621,340.577757027694,13158.373751614206,13302.388337193765
1110.0,1223.0,12865.294145613252,11657.116088906105,12207.981560275395,12257.024117110062,366.8298062254546,12209.636771690633,12260.731720633596
863.0,962.0,17465.16620855034,15625.830881451642,16359.417937592034,16536.22395410641,554.6540876757803,16359.520061917248,16537.279602296916
2235.0,2393.0,8338.576369651548,7774.649522310403,8023.574313228707,8055.938702854385,171.05609811613937,8024.347402209387,8057.172021787685
1520.0,1651.0,9459.017034874878,8694.583649699402,9037.069556763832,9075.210217462403,231.80469777676927,9037.643429894224,9075.468022372977
777.0,872.0,13399.313828775239,11913.73355093125,12605.121869195777,12651.986173390926,451.0433978259567,12604.040691304686,12655.712703689915
1113.0,1226.0,10478.485488553346,9496.220936955564,9943.43442989273,9986.19223685705,296.6018059677726,9945.388641403419,9987.011416912172
1864.0,2009.0,9553.108354278627,8849.03506064985,9159.138378210182,9199.784246631549,212.83307036612442,9159.002257429393,9200.684121148894
815.0,911.0,16476.30927966309,14692.124215919574,15507.656456765695,15579.205347288003,542.2286531614295,15508.94585665182,15579.03844794793
1109.0,1221.0,12898.577776568041,11687.778690497917,12232.287354677977,12289.066916165022,365.29586485766856,12232.364723521385,12289.215039333434
1107.0,1219.0,12454.327086259478,11280.160964048693,11806.781773977436,11863.51250951078,355.4060629019133,11807.574936464378,11862.92171832325
502.0,578.0,18899.905745757475,16345.66329594572,17543.173625064395,17613.85850272519,773.2080985199995,17540.411031558004,17618.797259975203
1565.0,1698.0,10276.842742954506,9453.052339917818,9818.321760223691,9863.318317523292,249.78930414100364,9818.49132068,9864.350761044436
420.0,490.0,19813.549199858564,16909.886563713007,18272.196297875023,18357.85741830426,879.31141236287,18273.972736425847,18359.833781399593
459.0,532.0,15002.424845461082,12887.448448941397,13874.740865749638,13936.710225192206,639.690621210055,13875.176145950494,13936.095389220996
636.0,722.0,14549.316577316798,12781.300996716476,13595.254369633742,13656.093969023535,534.5165634606595,13595.99847622881,13656.705757792719
852.0,950.0,11673.116370251564,10431.850721992167,11002.055236268816,11047.257761919975,376.49349609858984,11000.661350480717,11048.484867303016
893.0,994.0,10923.789878487862,9791.912810406833,10309.651527150463,10357.261329237677,344.7469362906104,10311.785742073782,10358.679356755576
1740.0,1880.0,7316.850536725178,6758.766041443643,7005.701735485258,7036.425276883376,168.45820085429528,7005.653601736257,7037.201484922567
515.0,593.0,15737.716291247378,13637.66307810293,14614.618439763482,14676.056207785106,634.5847787379221,14615.506094071852,14679.703929198775
642.0,728.0,15470.035519913205,13598.898386419822,14465.109107010854,14527.839432304248,567.2116199631148,14464.949415509964,14525.910620014116
513.0,591.0,17235.43288414773,14927.987615111128,15999.569987802091,16072.817254189538,697.7521747113644,16000.460586672023,16072.036813366693
633.0,719.0,14919.82042105054,13108.17998783743,13939.65358224904,14005.15015247096,547.7518487344373,13942.369416846748,14005.280843259829
673.0,761.0,16244.460620718652,14327.842391689288,15209.544094875933,15278.715147613073,581.6039094933345,15208.457339344608,15277.349944364718
785.0,880.0,14019.234891535958,12475.281988934601,13174.958224254167,13240.694462639101,468.031461088629,13176.770339816325,13239.679106665682
829.0,927.0,12918.398813250913,11527.386142292693,12162.765522974782,12220.693004935778,421.3610495456332,12161.353180080569,12220.296665073214
713.0,803.0,14415.575429984989,12761.417525902618,13525.496628507772,13584.477596123259,504.0056209809649,13528.15699154609,13586.513772496903
569.0,651.0,16725.50043659945,14588.358364621157,15576.34673954069,15644.974782115036,648.0691322361987,15577.359450073325,15641.40492480601
579.0,661.0,15568.169457611937,13591.18693193789,14517.50131095867,14572.754517664956,597.8247425480441,14518.566623168404,14577.142800042042
732.0,824.0,14307.044140443613,12663.348040183475,13431.510030036716,13480.916952353567,493.22512996650266,13433.70067002039,13481.41681331006
782.0,877.0,12895.8918997989,11473.639717719516,12136.831883728233,12181.165324674144,432.3962715429161,12137.284499448086,12182.39715442988
737.0,830.0,12575.512439225946,11138.018515819036,11804.369848676744,11848.407017863912,432.21385289894954,11805.454028730399,11851.2682086722
658.0,746.0,14415.94015413015,12680.367511259137,13488.427656914844,13542.431271552681,522.1079022252579,13492.725383799798,13544.3537947643
534.0,613.0,16003.448252234512,13892.98479105462,14888.885954825259,14944.607747984386,637.2853894235617,14892.051793656985,14946.589752902999
106.0,143.0,32711.976380394244,24153.204334397906,28246.68651555718,28358.09543099929,2593.587454937384,28248.513039623467,28357.80426122976
1017.0,1124.0,11496.62237643045,10369.239892862623,10884.428225268892,10929.4224876057,341.6643804343403,10885.700653735537,10931.02184798474
580.0,662.0,15865.272843097047,13848.759958427394,14786.076014764732,14851.68246473943,609.0505823047758,14785.75044064671,14852.38909376933
793.0,888.0,13558.882007236383,12076.664263325187,12758.820187048921,12812.967038478459,450.52087396474235,12760.505396875327,12814.243751886987
732.0,824.0,14007.498013852817,12412.834796899375,13142.215113831298,13205.253148762828,484.8700223614056,13144.530209596513,13208.622138349207
1112.0,1225.0,10761.244451786266,9742.7220874813,10203.469390532944,10249.943314941476,306.6548293941516,10205.758091114705,10249.306524768548
779.0,873.0,13192.317510331146,11737.893777579218,12401.74719630033,12461.380963122661,442.10268722265,12403.762823501718,12461.243206217789
953.0,1057.0,11828.482278090281,10639.620597882396,11177.55131969453,11229.816304855933,361.80864225286496,11180.226106928953,11229.758839164928
675.0,763.0,12910.79765153187,11376.056978573197,12086.219328822639,12138.795080407415,463.9537620801451,12088.231505170768,12140.266730293617
751.0,845.0,12686.22462508417,11251.660972647365,11912.215980770497,11962.398313555732,434.6080262057989,11913.556069823717,11964.805142651507
816.0,913.0,12307.259341577661,10964.795592186803,11580.394017220025,11633.632631680654,405.2149770185117,11583.335332175096,11634.974091353633
1077.0,1188.0,10208.511595614596,9228.925863202447,9663.43046907687,9715.662128756921,294.8878779987939,9665.389995415258,9715.703335799491
1488.0,1618.0,8325.573444661593,7642.316639610005,7939.022970705088,7982.65231532665,207.17587589860602,7940.763832453459,7984.298281283007
1632.0,1767.0,6882.827809416909,6341.8689932860925,6580.957193939049,6611.198113358209,164.4539432652511,6581.91465007021,6611.973420965838
551.0,631.0,14403.3237853408,12536.293383961156,13406.126140217986,13465.200485027828,565.0884693801538,13407.412388822539,13467.288117692764
710.0,800.0,12465.8482137209,11023.201283374481,11690.46357301701,11738.606592423133,439.2684597871672,11689.633076272261,11739.72648176502
2103.0,2256.0,5787.775603722504,5384.739637143106,5564.142909208601,5585.782210777516,122.69429271817819,5564.482945667734,5585.963907261006
85.0,118.0,22735.8615607215,16173.163575376144,19319.828174849234,19390.390908741323,1978.3467904211625,19323.79094325554,19389.355603402975
105.0,141.0,33091.041229737886,24357.83136095617,28536.614329088432,28660.987524769323,2635.3863624915903,28532.577028197633,28661.766340694707
1008.0,1115.0,4662.641794323254,4205.059447221469,4417.500601009388,4432.011470329647,138.2944794279148,4418.018775018113,4432.465963711119
862.0,961.0,11532.822326811152,10318.443379923294,10875.946940189533,10922.587256828088,368.2348632514282,10876.600642261896,10923.279342819646
1138.0,1252.0,10593.160981864736,9605.386678350686,10050.332647805608,10094.983764878465,298.12423617910866,10051.060350375315,10096.173461105482
757.0,850.0,13930.814772877218,12363.569077868686,13095.95767429388,13147.42004140027,474.96601618703835,13095.91983487213,13148.921030481808
902.0,1003.0,13041.971524127668,11686.221942702525,12308.207809334812,12360.451786186564,408.5903097966088,12309.21704329398,12362.549935202622
1361.0,1485.0,9720.385994052656,8887.036240218387,9261.55568316246,9302.500515570677,252.1825586956653,9262.16111341985,9303.59836120432
908.0,1010.0,11951.006575613617,10714.966801650753,11284.972946851984,11330.300306448298,373.55360692458,11285.189155190254,11332.435749329887
871.0,970.0,12752.411735234467,11410.366988542273,12029.89822168766,12075.21516041116,407.98299433015853,12030.951820478798,12074.80530544085
711.0,801.0,15252.453120423406,13485.721218799243,14303.996217674136,14364.151720464813,535.8821464779338,14306.781187668255,14363.846758631682
1132.0,1247.0,11660.117255675532,10569.408859314803,11065.10267441771,11111.338879718638,330.74248953405794,11067.889590778215,11114.499165595706
1015.0,1123.0,12548.891200860671,11308.386088186018,11872.788051420319,11924.519277682028,372.94284322898164,11874.156629125779,11925.91616518153
1061.0,1172.0,13214.106811662665,11932.738122540166,12518.43961853311,12569.648380428314,386.11355793196395,12518.898079999362,12569.522600114913
1076.0,1187.0,13480.430220195118,12191.703885755865,12786.115395189905,12833.685406925226,391.4244289819615,12785.840121141933,12833.502845116484
666.0,754.0,15976.257585147243,14064.387964104732,14936.312128143372,15011.652583652449,572.4236073474971,14939.8052917304,15013.009662294793
644.0,730.0,15565.262521321532,13678.488138518467,14549.063471994843,14618.856465782284,569.6566746844866,14552.1358870597,14621.29002384375
659.0,746.0,16360.223707891957,14400.59915315449,15297.737302052028,15374.638399009655,592.7817128414158,15300.303392849268,15376.777175218136
825.0,922.0,15887.26277512402,14164.935685895873,14966.31274286385,15021.040131318065,516.09956921985,14966.595704500985,15024.263891994158
341.0,405.0,26182.79438716613,21969.080859721456,23965.181999660086,24060.37366613164,1272.3313869476983,23972.143749184157,24063.328024869912
467.0,541.0,19989.118619555386,17192.173120169693,18487.90699199961,18573.73286279541,846.2164544444602,18489.50254804553,18573.797958716685
648.0,734.0,16512.007177065698,14517.45434936101,15443.970492588083,15510.286443720432,602.9025056367506,15442.64655168519,15511.768307873166
535.0,615.0,19581.984783667438,16992.242850622362,18204.150872258615,18281.778406598038,781.7042679150765,18204.781343624596,18285.203479584
885.0,985.0,15082.931742981762,13504.656280775844,14229.155397191784,14286.52434851451,476.29755947314374,14229.729490856542,14287.40576654007
1126.0,1238.0,14866.41987414271,13476.356883231665,14102.982221309376,14168.02298126454,420.8786249133697,14103.285885873924,14167.632442496391
1312.0,1435.0,13444.761983446944,12272.321013867222,12799.643141688986,12856.376052271082,354.58105228962967,12801.61898204308,12857.884909150305
815.0,912.0,16695.320696258914,14883.675870686962,15715.732477730126,15784.746418450055,549.2861055764371,15716.984239565778,15789.734351546165
1062.0,1172.0,15018.421607374188,13574.725436453555,14232.660304175844,14292.39338772385,438.2199246905067,14231.974071334997,14297.061106960811
988.0,1094.0,14883.857254272507,13395.952644673484,14072.300602096759,14135.301319429083,445.85714656290736,14073.46112417216,14136.7417039371
1154.0,1269.0,13674.789145746383,12405.444640514106,12984.088725212883,13037.491624056393,383.9012227494139,12985.558710318006,13038.22108171038
1028.0,1136.0,15683.134032321654,14145.855599325061,14844.935864658217,14911.562370216348,464.77552408672045,14846.332886247914,14912.28380967454
1421.0,1548.0,11160.40375125735,10222.440117883041,10640.790755668098,10687.753038271896,284.35320773402145,10641.993228306128,10688.200705572528
869.0,969.0,14851.032938478394,13280.048407077471,14004.001901366237,14062.176652406657,477.4845366551334,14008.14579468676,14064.171319207178
1362.0,1486.0,11958.677158895574,10930.05546757685,11393.150101835623,11440.485394470461,311.56401513948117,11394.153105185665,11441.801173682174
870.0,970.0,15746.80125942312,14079.648436763899,14847.54767993094,14906.742632586007,502.88919736338744,14847.47995348644,14909.11368318592
1302.0,1423.0,13440.646818334031,12254.681200681887,12795.191348498754,12845.972128183785,357.06920751062074,12795.088859659354,12847.701120679812
1114.0,1227.0,14744.378224909398,13347.749785410708,13977.612691200375,14041.666226163512,421.39473850860617,13980.270791091247,14042.295848227996
1621.0,1756.0,11656.385789985176,10730.330809806886,11144.996346686694,11191.664928004759,277.6874603154461,11144.321663616014,11193.005385067077
1147.0,1261.0,14446.469595787028,13102.225920475204,13713.211367456108,13768.48224298056,406.2546123930674,13714.667956869009,13770.759647167466
661.0,748.0,19829.540730654684,17459.7884977599,18548.708793519192,18632.244677179395,720.2629247590111,18551.32397591979,18634.075983958828
1498.0,1628.0,13939.301215334011,12798.314106806649,13302.533379392391,13365.683169386992,346.06382160334493,13305.307009917089,13367.512646139377
1407.0,1533.0,13856.268904664923,12681.881665354176,13205.012342322401,13265.119258605693,351.76019160761103,13205.724009240848,13266.173664006727
1175.0,1291.0,16546.016211131013,15024.875569524218,15706.048310777234,15778.825667711906,459.08832415526825,15708.345048140172,15781.0843843749
1785.0,1926.0,12968.626214051419,11987.87744544694,12422.31866050242,12476.336639387837,296.9660629144083,12424.098123388121,12476.368002487243
1131.0,1244.0,16079.329707344494,14569.919356847568,15241.913794928962,15323.225694243825,456.1493625344657,15244.23461447968,15322.472778301475
1376.0,1500.0,14047.161397239917,12850.819451962398,13385.583700151547,13444.933370678074,363.48564153320933,13387.407628393092,13446.324076732
1022.0,1130.0,16451.897538270056,14836.630810475834,15568.034878568878,15639.824248564686,488.67527020676783,15568.783684903394,15639.86076071507
966.0,1071.0,16212.847391496995,14584.698732442463,15323.208838084483,15391.50439694712,493.28975004663954,15323.240964308063,15393.892333827662
177.0,224.0,36820.00110827681,28970.013510776334,32676.73858743119,32833.83698496326,2383.983632070521,32679.65952383637,32827.68361716821
755.0,849.0,18120.293020031724,16071.073064225136,17013.770176422597,17089.30970348461,617.7250623798291,17015.23601440707,17092.78448361462
849.0,948.0,15467.330679274652,13813.16646319527,14566.106934834585,14632.761442171955,499.60618506147057,14569.029344985483,14638.008435165977
859.0,958.0,16286.243769546338,14554.945600093812,15342.87946001647,15415.4201757295,524.546547020851,15346.215257163649,15416.044242987022
1498.0,1628.0,13193.06784310292,12107.298964002372,12587.76817365438,12646.876809450161,327.6122833602359,12587.801486393824,12647.444229315315
1506.0,1636.0,13306.496083642553,12214.457035752053,12696.007917410645,12757.067802774405,329.7681691196177,12696.478914640093,12757.328112163601
2148.0,2304.0,10860.401267235882,10106.574794583423,10432.605511139596,10481.733182816723,226.86876340050412,10432.183209715336,10483.417286965994
1282.0,1403.0,14573.37050327412,13283.568996061824,13858.79460156472,13923.030908099601,390.9683037889658,13858.607681592948,13922.014221658355
1785.0,1927.0,12298.60754724972,11367.52009351942,11780.051699907968,11830.346610176292,281.39521542404134,11780.814135725355,11832.18599713726
1245.0,1363.0,14156.35752828577,12890.272023848956,13459.577873848719,13522.423556212563,384.06456522579316,13461.99631160821,13523.253420209392
1816.0,1958.0,11323.474971792719,10473.129408385677,10849.843491249107,10895.682274774032,257.1360323871327,10849.927275284528,10895.339040990426
820.0,918.0,15910.024443827779,14177.848853451134,14967.42893603905,15037.581100357611,521.4730898068992,14971.072634275877,15039.138260919884
739.0,831.0,16038.495933205826,14212.995212665059,15054.758786820636,15117.744617377506,552.7987143129898,15055.179534366918,15121.56319853988
659.0,746.0,15224.868005486635,13393.940600014317,14251.239570960919,14306.344617505083,554.0153724590152,14251.336992815854,14306.172761647415
782.0,877.0,14768.663846782614,13131.359684680041,13886.128527964738,13944.571648783436,496.00358384568966,13886.515960944926,13943.58962785418
821.0,919.0,14099.326319185597,12563.270968275578,13264.662537129836,13325.815935956369,462.93986058035165,13266.029554481986,13324.410600877156
647.0,733.0,15901.287984986886,13978.787964877605,14867.058160616642,14933.288644750644,584.8352400867757,14867.5796231243,14931.888697637036
636.0,722.0,16282.947584812884,14289.896946021312,15214.95310049178,15279.159119303202,599.9639207381222,15215.406202363796,15281.542416521097
566.9499999999998,648.0,17153.805900587635,14950.955041450448,15972.74934173795,16043.985539245281,667.1901868483847,15976.421617784687,16043.21474362801
85.0,118.0,50677.28956429905,36125.93833322781,43109.96244971388,43288.149605226376,4409.67246822853,43101.28428356833,43304.20645023865
735.0,827.0,18017.558402122697,15954.978449110586,16909.644621025993,16979.133848597554,622.917034107955,16911.38685343011,16979.22084721588
1232.0,1350.0,13723.593198767107,12489.30849443428,13040.086366631864,13103.121840074757,373.8722119678753,13043.55205936376,13100.596722903601
840.0,938.0,15712.757927788134,14024.857656023914,14795.597958034701,14862.655037838449,510.50219948467304,14797.836703711491,14863.456361803348
982.0,1088.0,13200.43987438443,11886.65107049122,12480.471773831969,12539.275262329711,398.78689551729036,12483.958205219918,12540.465438826503
936.0,1040.0,13856.432016017645,12442.135728551128,13083.413071718907,13145.939838666634,428.0423058731725,13084.42549721069,13143.379647116139
685.0,774.0,16186.853012979445,14279.248679288605,15156.493271613112,15224.081229123334,577.0063066670242,15159.160813325445,15222.708609003417
1040.0,1149.0,13417.568041038214,12114.043140076285,12703.688892461774,12761.425646329804,394.9374905987637,12703.775945109766,12760.932143355416
1025.0,1133.0,13348.028920151422,12036.249910303191,12630.469389800339,12687.380818132624,397.1796874047509,12632.43228884433,12689.234944628412
906.0,1008.0,13792.290046073473,12365.724310648498,13019.571090240548,13079.052237655613,433.88719283203125,13019.291350968871,13078.09511340926
1032.0,1140.0,13333.809347302096,12033.575727058884,12621.744472912045,12679.815289695423,394.5346813061366,12624.743336028901,12681.90044651369
929.0,1032.0,15039.471299391087,13498.28758345437,14201.969129106059,14264.739677961077,466.1887652801758,14202.663097525565,14268.303535556124
515.0,593.0,21427.14033268475,18534.154799565484,19881.884985151457,19969.43052968687,869.7900995212112,19885.33992837282,19972.844606423358
833.0,931.0,16351.146411553787,14590.47099388169,15391.727296816962,15467.182150523444,533.9311626312385,15392.07704180642,15466.845898557769
858.0,957.0,16677.02908481265,14902.73130295891,15711.712791557717,15782.795670100675,537.280120023424,15715.707900328141,15783.882510304742
1915.0,2062.0,10659.47224837159,9874.404724797094,10219.212392893303,10265.59048746055,236.553639053319,10220.587406572458,10265.594642306127
1319.0,1442.0,13767.834889076823,12561.441957994739,13107.063950286107,13161.064924308579,364.9434479088111,13107.507739694971,13162.378926685651
1344.0,1467.0,12581.11758789512,11494.375738023144,11983.001234080177,12035.868408796348,330.64910146561124,11985.314207216516,12036.967058583346
1250.0,1370.0,12050.310298971803,10972.183851911937,11453.26309816115,11509.612230802577,325.4901439554074,11453.785811052727,11509.693234912085
1675.0,1812.0,11602.313788932886,10699.932419899324,11099.510498911386,11149.154481830206,273.68541572936124,11100.30119593131,11150.158213353212
1025.0,1133.0,16216.656873520245,14631.594746389796,15356.012716631127,15422.130867543021,481.07913356988433,15355.893564414491,15422.459216104075
942.0,1046.0,17690.73063904188,15888.437219773274,16714.09591616716,16786.502888065213,547.8264699798792,16713.65722824452,16786.915027407616
1106.0,1218.0,14117.98071271027,12777.614593893692,13374.486741124716,13443.770207462649,403.4807515112192,13373.504502700596,13446.724266577636
613.0,697.0,20381.52308443848,17856.54951257856,19026.368414558754,19105.636593855066,762.3196610094752,19024.82305173312,19109.425941527566
1541.0,1672.0,12766.922079653228,11736.356137994251,12195.798503815337,12251.094811798106,313.74166602969996,12199.332934723056,12251.871831967826
837.0,934.0,16223.007209076417,14475.489138765743,15259.760370366397,15345.746523630252,527.9528040686046,15260.192944412622,15347.94199467879
961.0,1066.0,15449.52513931765,13894.624556584115,14565.434652590422,14667.99723018414,469.5567867212697,14568.702291219102,14670.30103874866
876.0,976.0,17543.003375444074,15699.256830770548,16498.911572490244,16611.592475343037,557.1074941396408,16499.845556892513,16615.982871085616
1194.0,1310.0,14744.11808524966,13402.699057600443,13974.525234609004,14069.73777027017,404.96863041338395,13976.616503087904,14069.722622648693
1608.0,1742.0,11921.3198746663,10976.255937659638,11375.972503410483,11448.460369941617,287.687273004888,11376.97051084885,11449.824630128107
1066.0,1176.0,14624.069274368774,13225.395081174085,13850.184798162294,13921.968438112268,427.43339256096226,13853.156668333455,13924.297098337236
978.0,1084.0,15903.602072613421,14314.522657519483,15006.305993677892,15104.698272257392,481.978443403815,15005.946938646786,15104.747838453299
792.0,887.0,17681.46813046331,15734.785279016789,16588.15587599906,16702.795918563355,587.0110767474612,16587.449215008997,16703.774222737942
961.0,1066.0,14741.192917975368,13256.125127198675,13909.745008998561,13994.023464379636,448.04225815128405,13908.18627695968,13993.728749380774
851.0,950.0,16294.159525125058,14552.920735530428,15319.467331465841,15417.384180154435,524.1696124782608,15321.366111270061,15417.079981213854
946.0,1050.0,13617.996804821401,12227.782393184978,12855.603113631592,12918.22057118487,418.73537236717146,12855.684983553962,12918.954398259486
902.0,1004.0,13450.73339205189,12050.083305403728,12680.170871493901,12746.614939372406,422.3250079540486,12681.894650438679,12747.015691525128
527.0,605.0,17510.27308253146,15185.894010319047,16267.547089597065,16343.32536343907,704.2247637102354,16272.10106802724,16343.97793345534
861.0,960.0,13383.661402447498,11960.4907156698,12617.447736823578,12669.892180225099,429.1225693522402,12616.871797903405,12673.073968400846
598.0,682.0,16216.658765677137,14182.924969002708,15124.390301027131,15193.286477679843,616.2604810291473,15122.824125422429,15193.48439017187
740.0,832.0,15083.146693562603,13363.686482576946,14152.255917869332,14221.05391039413,518.9118339039145,14153.616134877582,14222.349985628964
1371.0,1496.0,9310.668756078834,8517.386643512842,8872.647703121318,8912.430246921931,239.91615052808845,8875.168704624786,8913.478592488744
876.0,976.0,12440.719033087127,11130.445695593266,11729.77437576753,11782.826339555364,396.910393357435,11728.968608851748,11781.63131341177
774.0,869.0,13795.562302729824,12258.04170570004,12966.552448503657,13022.031204498946,463.2975245961514,12966.789966170976,13024.720234828752
1285.0,1406.0,10311.353682520474,9404.910950709898,9815.816211306203,9856.281895044196,274.7749141395987,9817.136924050956,9858.727948347545
1745.0,1885.0,8634.16045466036,7978.019482075425,8257.62762258961,8304.348487180065,198.4088162187299,8257.687666639229,8305.510474509989
1578.0,1712.0,9282.952056440783,8542.4474082337,8858.364217988414,8909.682312890325,223.59351268793833,8858.799353028764,8910.353474986927
1270.0,1390.0,10556.241028041868,9623.225151603892,10032.580156042788,10086.625991260596,281.42079670979496,10034.435778629559,10087.943114784259
101.0,137.0,43802.26467820762,32107.2318505044,37679.17480989698,37849.01570329823,3537.145369821663,37690.97243132907,37872.57382502497
651.0,738.0,15479.008889982902,13615.992622364498,14434.723983199081,14539.61022848926,561.2921153238742,14435.608776478974,14540.16615206711
859.0,958.0,13882.784996305874,12419.177167003874,13052.346622586909,13145.350357625552,441.2170229314246,13052.060567453653,13146.641802794507
835.0,933.0,13032.895022378585,11635.84165635773,12254.680640404587,12329.726843629456,421.0281026084694,12255.130819747608,12331.745822234587
571.0,652.0,17984.659511395803,15700.412083053765,16736.401625655395,16835.551450019633,691.9108248456711,16737.548835520494,16841.647648851704
853.0,951.0,14174.805938391713,12668.460219420282,13349.793826118843,13418.212893588043,456.0948654928857,13351.892772482013,13418.320677776619
776.0,870.0,15350.31947457491,13652.913797013618,14410.993355267872,14496.794580633572,515.2365518605825,14410.336082719476,14501.103863387587
1368.0,1493.0,11486.083966688846,10504.73394934492,10923.23789822028,10991.423585088864,296.7905550824194,10924.912852798328,10993.293430172802
730.0,821.0,15237.337295809151,13497.28725049302,14261.01679252772,14360.412606492691,524.4019195027597,14261.495825736623,14362.137898361743
1055.0,1165.0,13165.424601305527,11893.767867997794,12437.939841053521,12524.025486255528,383.08255936739863,12438.563265493616,12524.244402821798
1023.0,1130.0,12637.023441749807,11406.371174174046,11933.102994686351,12016.799932494907,373.4283063674224,11935.952663956465,12018.372122540133
578.0,660.0,15920.017069965195,13892.796707250374,14800.412020467036,14896.403867657385,610.397697326051,14800.60189392234,14899.802284640058
746.0,839.0,13172.5861857259,11691.038028618488,12349.242333040767,12425.12110563244,446.27415746783083,12348.571049090437,12427.910036568655
820.0,917.0,11972.742320785432,10683.457758222006,11248.925168196016,11323.77164493483,390.71223027156566,11251.09400514486,11326.084668756428
1457.0,1585.0,9122.309128155684,8367.0235925467,8693.689404642397,8742.26341464785,228.78446293570946,8695.00501762515,8743.0213342188
1398.0,1523.0,9131.702394371348,8359.514996347536,8698.731058527837,8744.157290545187,232.95482532282332,8699.273761122231,8746.476393513596
1170.0,1286.0,10218.523475807273,9272.799010492265,9689.785922382556,9742.729513334303,283.1016697936728,9690.242633547441,9744.487155255882
954.0,1058.0,11076.10005515369,9961.949629254144,10452.074799774886,10516.88233959123,337.3441774273205,10453.837584894676,10518.055650952187
759.0,853.0,12658.21449397801,11232.72003486274,11887.010788322454,11940.266853898762,430.2136819480347,11888.270436905117,11939.487550216847
833.0,931.0,12113.279118683822,10806.868966624108,11377.910422188763,11454.309340249953,392.133660776536,11379.309486041078,11455.112432239608
744.0,837.0,13110.44914711952,11628.449573984948,12286.707576177369,12367.937246621961,447.57432691620124,12288.718673803778,12367.02997837802
791.0,886.0,13640.57113205801,12137.271240345917,12799.445234629173,12882.359823370329,450.46660824659284,12798.339154859921,12883.656828651256
560.0,640.0,15693.856848840122,13692.219702028837,14579.910316951933,14683.941249862346,605.7144757713661,14580.598880534475,14685.518595412497
793.0,888.0,12638.277575428388,11260.908849994412,11864.757671507536,11940.85440662808,418.6331039822967,11866.485212725258,11946.822045785797
879.0,980.0,11594.84809022334,10379.616604786297,10910.153800690312,10983.488932835904,365.98091832888974,10911.777845402978,10984.895834822233
875.0,975.0,11093.512013960191,9930.962286745382,10441.710820316954,10508.56292097985,351.53930638780264,10443.438558693411,10509.840676872318
840.0,938.0,11235.507170546809,10030.720688693697,10565.38768109209,10630.641416481869,363.2019048729692,10566.952317874648,10631.650967059988
1080.0,1191.0,9397.229433658731,8500.245431483476,8897.805789238218,8948.12557900667,270.0760083764366,8899.752854620907,8950.696196907591
627.0,712.0,11753.551273991827,10313.065165879794,10974.717790862245,11027.827554842332,433.3006348521418,10973.06424364753,11029.370062315062
1075.0,1186.0,8170.151125779574,7391.040948288952,7731.999367522691,7778.40240961545,235.04356557877983,7732.186938060397,7778.652408306721
2161.0,2317.0,6744.497608037283,6281.422647320812,6477.266288430409,6512.904419768561,140.58925865048192,6477.850030242541,6514.197840516481
1824.0,1968.0,7520.170968037101,6958.848467777833,7196.843478396496,7238.4312726546,169.40717041130546,7198.111734855644,7239.2545253493245
170.0,215.0,21784.251414225484,17051.03614818619,19292.71934327626,19382.67057881376,1430.376807750298,19289.081398639937,19380.302979118194
1448.0,1576.0,9462.411260801431,8673.170393638728,9019.668130888958,9065.241031726351,238.20722250418143,9019.887600602176,9066.299900469974
538.0,617.0,19235.91261402028,16716.65784724214,17849.597224376816,17971.449241642567,761.8797812666581,17854.004946064608,17974.828706534994
1332.0,1455.0,11105.842428860737,10142.64183241745,10554.125566953584,10624.556957936873,290.19810481753376,10554.459625165484,10625.033375310199
1203.0,1320.0,10882.626539810344,9895.066125968726,10336.98245267393,10386.544756060372,299.3371215814725,10337.92099278408,10387.454112684614
924.0,1027.0,12988.185925967384,11653.251646695517,12256.038494303146,12317.435304878354,401.6959494630443,12254.70491248522,12317.816708690645
953.0,1058.0,13003.561742951895,11685.29172819516,12271.54767600882,12339.980132719093,397.45970185865224,12272.290420780022,12340.030300527467
741.0,833.0,16229.142878512435,14389.444945565163,15217.79107861552,15302.144460068159,557.9952907610663,15218.701701803262,15305.0423263663
959.0,1063.0,14492.617925178214,13033.894750102852,13678.861537880453,13759.356019936415,444.09243120214927,13681.163944593385,13762.3493891658
804.0,900.0,15705.026155971684,13981.496840051686,14756.082729924832,14838.588049389798,520.2243510090489,14756.02294268256,14839.187336081757
847.0,946.0,16397.493095050002,14642.108676667767,15425.02407391202,15515.28531578939,529.3236016287677,15425.947688965598,15515.882910359864
1043.0,1151.0,15125.67455748228,13664.04076436131,14296.925031133327,14389.749852999195,444.87538729992485,14297.183845313637,14387.945200286438
1034.0,1143.0,14213.346852226645,12829.007895457751,13432.009095902014,13519.731974245033,419.44690407599376,13431.637164374559,13519.913786308969
1107.0,1220.0,14442.225822706683,13077.461187729505,13668.118803442636,13755.842235744596,412.1460870859932,13668.382768095984,13756.565517800374
660.0,747.0,19502.997031628285,17165.21642697197,18196.93611354418,18325.00226417639,701.5421823215568,18198.282941538073,18323.40221431017
662.0,749.0,19880.970663465432,17511.266077091095,18554.239372074753,18683.305717170595,717.3741695246849,18551.813411165313,18683.366877333552
515.0,592.0,22017.829801793123,19061.71872145875,20387.330624033,20529.473638760846,890.4477060206975,20390.924517632517,20524.895958762383
781.0,876.0,16758.642274922793,14896.921492793446,15736.992745439282,15822.166543494475,558.8255305298803,15738.426364191719,15824.248548167958
816.0,913.0,18571.03436313421,16545.721492247,17459.00996594687,17557.784714880043,613.2835223718788,17461.85621039546,17559.871226222684
785.0,880.0,18391.902326066127,16362.75622579767,17274.39959138197,17370.46739191269,613.5689230405376,17275.809743393085,17371.21544894214
640.0,725.0,20061.893113652663,17627.857278389605,18728.04946006715,18829.711212708597,740.5476427119818,18726.52005399667,18832.23223107994
823.0,920.0,18609.802662032995,16588.563595408075,17498.15394047078,17591.37901371443,610.0883612951094,17498.200839043446,17589.999090613037
1030.0,1139.0,15204.832396459306,13723.977383554242,14370.751472485446,14461.572299749227,449.9851886802312,14372.79600420094,14462.398187118612
795.0,890.0,17123.96241930525,15236.355284008238,16084.15109500417,16174.439323463306,570.241486292964,16085.985385525892,16172.784668458999
756.0,849.0,17970.687824472465,15942.51372513642,16851.491529074112,16949.116128319736,612.2035366183113,16855.00916447588,16949.42518280017
741.0,833.0,17166.576070318533,15214.443801978043,16101.750272651794,16187.570208650088,591.2026192530776,16101.44686574275,16191.48371066525
896.0,997.0,15996.086428626844,14327.354727272368,15073.204917479648,15157.389204591072,504.93271883838327,15073.946659034777,15156.678149514608
763.0,856.0,18602.76529027677,16510.489388519054,17453.286142687026,17551.755680583225,632.4027667879581,17454.247052598974,17551.52589503948
551.0,631.0,20930.483184482262,18213.40387051966,19448.85051175849,19561.921899486235,820.0933113335052,19449.895129005225,19562.29955266223
538.0,617.0,20780.347538171485,18048.32280855402,19291.55797430968,19402.53070606441,824.0537876485389,19296.758428771587,19404.321888135408
714.0,805.0,17683.221050992786,15645.258871938522,16560.481784259642,16658.132813796725,617.4361556649272,16561.32032977976,16657.775602102247
1046.0,1155.0,14326.433096625486,12941.836497272945,13550.60411661518,13629.657461491635,418.1929520394926,13551.860517176787,13630.518202649911
1120.0,1233.0,14373.165458933505,13025.47477507009,13619.380493817693,13695.869217484087,407.06979649731613,13620.05557632204,13698.89617318121
793.0,889.0,15850.30580295234,14107.572937687257,14886.721327304524,14976.802314738556,524.2073624767523,14889.542145247904,14980.060233668759
910.0,1012.0,15029.64250814849,13479.456591362019,14165.724741736565,14250.755049479865,467.6766401348856,14168.02672987137,14252.893542997655
469.0,544.0,22947.52895168652,19740.713420471406,21201.282511767833,21324.275840642233,970.7445324063049,21204.007968894657,21324.6419456581
87.0,120.0,49289.231924188854,35337.443913839204,41905.753385302494,42179.23609316073,4203.299672726208,41937.55599688696,42194.07928529017
812.0,909.0,16250.715234723737,14484.992355057575,15276.972302458262,15361.91623043218,533.174378082339,15280.475802111147,15363.958261923817
764.0,858.0,16159.356778571926,14353.173750986793,15168.444920272776,15249.123222986116,545.5498975600925,15169.861207729446,15251.712021402638
1273.0,1394.0,12714.681787801528,11588.323904023337,12083.659522943297,12151.686239215423,340.2991314636956,12084.336326908786,12151.606617839916
798.0,893.0,17072.611397289897,15199.838412128183,16046.50259316772,16127.829495323524,567.9352314328868,16047.40687109742,16128.840273726926
1026.0,1133.0,16090.992906831747,14519.692821232898,15219.745117782555,15299.65740745463,477.12278816598575,15220.227439582077,15299.206561172625
642.0,728.0,19840.37757828353,17433.20494814538,18526.820111257308,18629.433732504975,727.7139189415783,18533.37502806542,18629.13392721607
808.0,904.0,17110.135439110007,15246.08534150809,16090.430989465436,16173.701429736495,566.4566689327227,16092.999943245533,16176.745504054292
1011.0,1118.0,15328.64613060331,13817.070011122782,14493.422761146026,14570.487088281556,457.9518070216764,14495.130205917567,14570.21551759338
1303.0,1424.0,14912.681542887254,13602.256634831989,14180.547412257101,14251.333185485339,393.72553495926553,14178.238902049925,14254.22817186382
981.0,1087.0,16476.596639078158,14831.879802107249,15549.016867997603,15648.085757611807,498.08307204796563,15551.274270249956,15645.424038598887
617.0,701.0,20357.828095626755,17853.27699601841,19005.417707729077,19101.092103719384,760.3100153519041,19004.06118692464,19105.12095911598
589.0,671.0,22347.696506730364,19537.46976587741,20826.217736943694,20937.250896172573,850.6196131609639,20827.334942524754,20939.065974030873
2432.0,2598.0,9005.02410919742,8417.585704417477,8666.855509436893,8711.49872542102,177.2084153202699,8667.045957831919,8711.92970988233
1075.0,1186.0,14949.630558634139,13518.82028549998,14155.901731005291,14229.550087182808,432.29708093400916,14155.286024361696,14229.748920481634
1113.0,1225.0,12207.657944453826,11061.1185756942,11572.53831357109,11631.769523198618,347.44484513133824,11572.080612215688,11632.122705451893
1341.0,1464.0,9920.345753563668,9062.591443695172,9439.974311388985,9488.993816552009,258.5198995953768,9441.22692542243,9489.668395654111
970.0,1075.0,17460.01465513413,15703.948018004783,16428.112405030894,16579.11981813801,530.2525820157621,16433.51905720648,16583.602979002408
1101.0,1212.0,15225.145678867746,13792.563356997734,14413.032883926373,14506.376997588828,436.7045351945188,14415.074122682436,14508.098908597387
1136.0,1249.0,16156.440347286047,14652.729645607158,15329.601507487092,15402.035146780512,456.34706153527014,15330.804550263421,15398.215131749688
86.0,119.0,53714.34464101873,38359.75188244597,45681.78924961788,45864.28453042002,4647.689878619216,45680.6777614332,45879.59363490376
726.0,817.0,22830.204913804177,20222.377412642258,21417.771188718103,21519.041567040014,790.3600353533827,21420.479865680118,21516.321550312172
2054.0,2206.0,12032.261289489705,11180.10066234384,11543.947818253364,11603.446625024948,256.9281628825693,11544.753451471748,11603.575531362561
102.0,138.0,55199.882772358695,40385.84978834646,47470.058860413454,47689.88956964333,4455.722574267484,47475.07147430014,47683.40067957332
2616.0,2786.0,11075.887398397106,10381.928994647315,10678.973117907428,10727.77115338489,211.18585293762953,10680.689698474485,10728.788136483803
3372.0,3567.0,11091.99807976392,10474.05696931274,10734.96833179531,10783.298919401373,187.55202574045683,10736.155507385798,10784.807110712703
2196.0,2352.0,12377.828050635157,11533.449714696226,11896.345349287763,11954.686118143787,255.04943214216334,11897.502050529916,11955.55862021184
477.0,552.0,31120.042577789194,26808.81292824656,28811.586834907408,28943.28273276799,1304.7206615746084,28808.947345975965,28944.065240560358
556.0,637.0,24303.767336409863,21167.441299340317,22605.13687538155,22723.646794586264,951.1442235008105,22606.964749851413,22720.15605255578
1526.0,1657.0,13353.817798923628,12269.048444837295,12745.88297796031,12810.413564167113,326.9327129330298,12747.248118987296,12810.7098490665
1129.9499999999998,1243.0,18696.58412372015,16950.338027415397,17736.876975020004,17820.225797388935,527.5456787351463,17736.1087405846,17822.045531513988
2136.0,2291.0,14897.724311929956,13866.272747502353,14308.949099393592,14380.05844908386,312.08999830615085,14308.769087566043,14381.488411442913
1090.0,1201.0,20044.15534596562,18141.754539079142,18994.61934538309,19089.57593776542,579.7947992618142,18997.69717597743,19085.614148145327
923.0,1026.0,22780.59096651622,20448.359953751205,21504.48336078759,21605.879227710553,707.6929743392633,21506.968284489492,21609.76178556538
1794.0,1936.0,15271.326169730284,14121.646772253102,14632.982080017158,14693.432483329148,348.5356257623317,14633.405627831096,14695.870547259645
2981.0,3163.0,11638.254627685135,10949.221688433556,11242.66349687642,11291.526627497897,207.98302314846012,11241.66400133063,11292.112299204271
2112.0,2266.0,14624.039353464188,13608.27721188068,14039.9680618789,14114.001401902053,307.6694175598714,14040.009423391033,14113.355525734662
2405.0,2569.0,13851.558552699398,12941.287454761205,13332.878817846473,13395.329463605525,275.35828259973096,13333.568320197508,13396.430644643291
1199.0,1316.0,15010.299386273242,13648.165314013817,14250.2093661901,14325.786959189281,412.7844588914174,14250.523373764603,14326.673984245333
2524.0,2693.0,14092.988966844352,13187.342598682731,13573.604187635083,13639.74033533062,272.13875839600905,13575.170771540365,13639.6772411203
2067.0,2220.0,13515.650914420465,12562.701413984367,12974.930192078893,13036.742881623126,286.30401101016145,12976.397640090465,13038.082925420504
855.0,954.0,21138.16930133827,18888.668809022744,19909.09693550343,20002.011532555727,679.8501623497984,19909.42906308815,20003.47029172319
1335.0,1457.0,13350.26140764037,12204.982586987273,12700.412458531104,12773.398328263822,349.0839798545249,12700.717926789814,12773.488836620561
1147.0,1261.0,18326.099396285666,16630.958765379946,17392.83745415505,17473.86602374222,516.4848223329167,17391.513160944734,17474.298218289645
1194.0,1311.0,17229.081658709263,15662.191295887289,16351.380565155669,16442.20549036003,475.68856327803854,16353.296614648625,16443.05315493335
1481.0,1610.0,15108.404947870033,13871.310470695982,14412.044619249651,14487.653207804453,374.97967904559795,14412.390403173335,14490.619375051498
483.0,558.0,31033.707939060467,26763.510770803092,28746.39879077183,28886.592172172976,1298.6807452025441,28752.473055068134,28894.415481891254
2253.0,2412.0,12318.432822748426,11486.703355290207,11825.114165583314,11903.119060568872,250.05898255325613,11825.023047316083,11904.136169579266
1485.0,1614.0,17935.710608315894,16460.259847092002,17104.328123832183,17193.641472561783,446.21424737155724,17107.147223821437,17196.26448552922
1936.0,2084.0,15171.00390065548,14067.47520574273,14546.931971938277,14616.354963211958,333.1299110974656,14547.434847682864,14616.564099814146
1222.0,1339.0,19021.088721784152,17310.3813514166,18065.954594106093,18159.07046295801,514.8183837750553,18067.415254905394,18161.326660062765
806.0,903.0,25611.223301140395,22819.69587817743,24073.9227253551,24202.96107966383,845.7124259076351,24076.894068040976,24204.741257238627
3001.0,3185.0,11380.172937382747,10710.092070289265,10976.269381803748,11044.139428296921,202.50526257757448,10977.0717287841,11043.29895960454
2001.0,2151.0,15638.612169629556,14523.946839205024,15010.373288818042,15080.325812313005,336.96223255937593,15010.605468608057,15079.624252053882
2702.0,2875.0,12287.41815903978,11529.382207635888,11828.365262678013,11907.530367736621,229.04668194041074,11829.3521710473,11909.006180061018
1218.0,1336.0,19885.921528613588,18090.292420526235,18877.197429432144,18978.814963325138,539.7990803493682,18879.532940942918,18980.270883629524
1144.0,1257.0,20508.18867656802,18609.76834848203,19450.734282037043,19553.844917909508,575.5619419954669,19454.540123788425,19557.485702556438
1232.0,1350.0,17757.996052847542,16171.308246674202,16878.98379535345,16960.03039873329,481.02516545644846,16880.525536305104,16960.47850272636
3538.0,3736.0,11051.969611697625,10453.186715453592,10693.680355689008,10752.3307230093,180.92332024464233,10694.415290674115,10752.873198046025
2181.0,2338.0,13226.857759093638,12320.66185961381,12716.839702867952,12773.224832630543,274.5103881588831,12716.827847215549,12774.212318947137
3176.0,3364.0,11727.084973312452,11058.939815588583,11322.67593716857,11391.624049979591,201.5948443477843,11323.242422745085,11392.958925506857
2387.0,2550.0,13952.36149957997,13037.372838717009,13423.45743826858,13494.571690994377,276.3595516817268,13424.15209482988,13494.815700433695
1318.0,1440.0,19387.376649751524,17701.624419901145,18439.124419084135,18538.916954240492,507.53246066702104,18437.749655133255,18542.222944508918
1672.0,1809.0,17228.21225946399,15893.83519421626,16478.10861517111,16557.466468334427,404.9069470534517,16478.808146799365,16560.054069400194
6382.0,6646.0,6396.621720627537,6136.7652988993505,6226.295474242151,6266.624353856175,78.71240722610646,6226.398441460134,6267.045014879832
458.0,531.0,33998.94656784012,29236.74059337403,31454.860443678273,31601.45399419981,1442.808958091325,31449.00684200075,31600.213992412362
1019.0,1127.0,21954.69132667607,19805.716189878636,20777.611063782322,20875.29418587887,649.9763856499605,20779.276319160257,20877.861061164178
2552.0,2721.0,13102.475066354373,12272.288422689238,12605.16835572876,12684.177373355416,250.05529140636426,12607.272052249,12685.547723702404
1814.0,1956.0,16274.796785822618,15061.991448497498,15596.539485714276,15666.89190555941,367.9065916280998,15595.53025912726,15669.196644787535
2120.0,2274.0,15160.62561414299,14112.859439081794,14548.926813677237,14634.671034486722,317.86893575829504,14549.851367534635,14635.724453295794
1590.0,1724.0,18043.39015074349,16616.73775949776,17232.88428899626,17325.250351329156,433.04224130062016,17232.87894686525,17325.39162448769
1882.0,2027.0,16214.78146201258,15033.596730746527,15538.844038447416,15622.630596733641,358.30439318142487,15541.497208402157,15622.00510463336
1413.0,1539.0,18540.734060091174,16987.271242539686,17672.454385088884,17761.132779176896,469.99299269594843,17672.82231069585,17760.949324349025
982.0,1088.0,23380.190736244076,21057.27703704951,22099.23159100143,22210.88601115891,702.4536188658044,22102.35748308311,22213.134401671312
1490.0,1620.0,18547.421958771953,17032.532547521383,17693.6885135593,17785.911599587405,457.377719300854,17697.03467637879,17787.4033377047
1157.0,1271.0,21152.856265323822,19202.771395730542,20054.161238890993,20166.923423032087,586.1695222720977,20056.443883320237,20165.60513471819
1811.0,1954.0,16777.25628972069,15526.340813885972,16062.851508435075,16149.037632123987,377.68405143183173,16064.015839496398,16148.738271906726
1779.0,1920.0,16556.95629106234,15315.088300836574,15849.724619864744,15934.370397059247,378.1040864373964,15850.102188413885,15934.185067785156
1505.0,1635.0,14966.830613285812,13748.14599308275,14267.169496875005,14354.02863438942,368.3307911682937,14268.571199309577,14355.591489848346
1582.0,1716.0,17840.33511931884,16419.392589122483,17034.307350113755,17127.686839181108,429.3901835787788,17034.690159350284,17129.22596703183
1123.0,1236.0,17141.607344691227,15546.196259063225,16256.894661932793,16340.692238754744,481.847344079127,16255.720125270103,16342.625477218628
2285.0,2445.0,14453.169542495116,13487.900768629848,13898.5742985684,13967.586197800296,293.29454594238086,13900.048979429186,13969.039216738292
3301.0,3492.0,11074.234179941477,10456.215958181176,10701.333072525978,10764.357848056203,188.36129697924238,10701.741599284,10764.637532772094
2238.0,2397.0,14630.928318365926,13640.200826613807,14062.181956601264,14133.336393781983,298.8748877822537,14062.12165777932,14133.321119206967
4244.0,4460.0,9593.722866923583,9118.198194216488,9298.697826225867,9355.35536590015,143.76581917583954,9298.653938210786,9355.579080687017
2439.0,2604.050000000003,13997.354414667934,13089.150039694678,13470.213553924299,13543.235215920877,274.26957358285455,13471.517426553877,13542.724500112028
2747.0,2923.0,12932.444556400042,12141.405179649671,12461.263101108201,12536.364489006128,238.18090212475235,12462.585639115461,12536.835393714295
1163.0,1277.0,18781.373426503058,17054.422340413556,17825.40204003513,17915.478460433034,521.243962587621,17829.090312695058,17918.320089859633
3514.0,3712.0,10643.982470038958,10065.394547920187,10286.695955224697,10352.927608268112,174.85604257205455,10286.90661702392,10352.990408801976
2162.0,2318.0,15239.682122485103,14195.240848249647,14642.713943314453,14716.289268233657,315.23423153826246,14644.550170503757,14716.343302753747
3638.0,3839.0,11292.507424206506,10686.516231046064,10921.554021033935,10989.041982736479,182.48122744768543,10921.413794230668,10989.670880774378
2656.0,2828.0,13448.168501678787,12612.132040645778,12963.99783528696,13028.528700203082,251.9837394263323,12965.035250737723,13029.156276173811
1736.0,1875.0,17001.538392347476,15710.684232596624,16253.715691052748,16354.323794548824,393.0089186871806,16255.727383753532,16355.828619741113
1759.0,1899.0,14625.953933374107,13517.890002335505,13999.626239054036,14068.432749853473,333.5736694528139,14002.6351188922,14068.592549828538
1024.0,1133.0,23176.93302949676,20903.78225819808,21916.10025586877,22038.70392612515,682.705267372125,21916.44207630925,22043.80097656028
2503.0,2671.0,13845.921268501752,12956.671052284255,13326.524980264967,13400.087956809288,266.78221550774003,13327.981841874429,13399.191560671605
3231.0,3421.0,11164.401236319565,10532.187957099295,10768.2483811171,10846.892137487903,190.90541299817414,10768.871259040228,10847.579113258053
1844.0,1988.0,14394.819573856916,13331.685999531179,13785.839470286064,13860.520066346178,322.2032761638132,13785.390229867146,13860.140876297697
2250.0,2408.0,14991.66230624921,13987.83660234717,14380.183814543527,14487.362324667489,304.71125394641757,14380.468127892529,14487.592814799018
3470.0,3666.0,11974.715622104744,11320.626402623753,11589.068043098054,11646.849111661155,198.40125577254815,11589.091019437836,11648.67531754676
1459.0,1587.0,18626.286044329878,17088.345066355407,17734.97327077605,17853.324188279385,464.3658401763234,17737.077977098463,17855.268452122367
1586.0,1719.0,17369.134026490683,15992.28542476075,16580.94644552487,16673.005830260998,416.9332702545632,16583.19577742669,16675.099260181913
731.0,822.0,27386.725252899843,24283.950137676653,25655.549450716488,25826.811381833268,936.7807888143461,25651.64854451031,25822.574510106424
794.0,889.0,21910.52761702918,19512.02158821673,20556.153528100156,20704.95241784115,723.8737943981786,20556.802480997994,20711.845782833847
11.0,25.0,209245.06502633498,92268.17157375641,146646.47397122555,148441.69313576425,35170.26428878521,146697.08309493054,148194.20153509357
1397.0,1523.0,16702.393452557288,15298.253788673464,15873.715702640538,15994.945392136673,423.998844039138,15877.696823846267,15994.762820607328
2697.0,2871.0,13414.490493448724,12588.532811292644,12929.332806235065,12999.05829203797,251.01212762987282,12930.636714526392,12998.876449796266
2812.0,2989.0,12843.836071059302,12068.486561223877,12362.130019395023,12455.589311959391,233.43360073803922,12362.4053494166,12455.144450584736
2190.0,2346.0,13941.643236003176,12990.650724222842,13390.208910486526,13462.744760772206,287.8316661177912,13390.517234290039,13464.3998201361
3078.0,3263.0,11788.019259863146,11105.808107414518,11364.420122518797,11447.16196388884,205.45034848153844,11365.943335797188,11447.56863214843
2625.0,2796.0,13906.246007185495,13034.683918779261,13395.076052356122,13468.753529182333,262.0775621159676,13395.614970517045,13470.631380337289
1092.0,1204.0,22110.597042874087,20024.402499559987,20912.982085975527,21063.36780647022,630.0131542164834,20911.37918418937,21065.8957832414
3196.0,3384.0,11942.691681677055,11265.49580384919,11535.137204166203,11603.5243979525,205.13232627368058,11536.19560161924,11602.99162282075
256.0,311.0,47307.73005127355,38751.34583013099,42723.66467481127,42999.42698663939,2593.4826235762225,42721.4893083207,43005.858618853425
1036.0,1145.0,22853.931205975725,20642.212440037398,21611.212780068454,21742.48365137092,669.6836018072295,21616.142549397227,21744.21601092555
458.0,531.0,34612.5795683048,29747.320169525712,31953.50911329558,32164.64136011504,1466.9606790200387,31951.81175850406,32167.34497306282
1435.0,1562.0,17606.124306424997,16138.978264208195,16778.486627689384,16868.79720921947,442.25886434950235,16778.725140169714,16871.44412217583
2967.0,3149.0,12388.695868742043,11658.239564276322,11934.531423994436,12022.52159567291,219.96756883714804,11934.946744419824,12024.114314851591
874.0,975.0,19108.56312872021,17100.998536648527,17994.469280366146,18094.963489428217,604.9045126869371,17996.314607853365,18097.373431583015
967.0,1072.0,23379.898125707754,21043.880353719636,22051.89166608229,22206.621909819794,705.3203898368092,22054.053946470336,22212.19979114726
454.0,527.0,36390.87599798225,31252.940189308432,33611.67752874046,33802.06612562272,1551.7924262669737,33612.510832339336,33805.05069043373
305.0,364.0,43124.2638374509,35894.394002755704,39178.514328008416,39465.526345795886,2187.0061998140764,39189.740869254114,39470.175647688644
1004.0,1111.0,21955.625873798785,19802.105798569854,20752.236774365367,20868.879214415407,651.2882224007706,20750.44681433555,20870.60506589753
544.0,623.0,31356.59301923074,27272.23927771362,29092.81770842901,29293.977117657127,1229.4708812693398,29091.95471799183,29299.984580824068
2130.0,2285.0,13308.650109181246,12391.873864138219,12757.456279008797,12849.718565215264,276.99785814864487,12759.09893792369,12850.956964766941
1608.0,1743.0,15411.218837810859,14199.568753213316,14710.213867954946,14805.674565414682,367.02581002146974,14711.515517021697,14806.942048056242
3078.0,3264.0,11974.896646465648,11278.262879297412,11541.197818541941,11624.769587295026,210.19928567971706,11542.278960624524,11625.878412712365
418.0,487.0,37477.04579087227,31984.388801193258,34496.46121491144,34716.80247113679,1653.7078919465607,34495.86212634577,34717.31254327682
2797.0,2974.0,12623.040481410626,11856.369375706594,12164.735273473925,12239.925600692244,230.93455533947918,12164.608632146337,12241.479039326143
1549.0,1681.0,17321.525565410993,15927.970111486746,16523.509862520565,16620.42223543802,418.31292546769487,16523.87733691703,16621.782502673683
484.0,559.0,33066.78351780038,28564.993673050023,30608.014922251477,30794.855681769848,1370.170129715812,30604.885302589963,30802.179793050404
221.0,272.0,50856.19161351142,41057.170944063495,45629.6550318906,45898.90947026223,2977.4553928303603,45625.41524599406,45922.3648166408
490.0,565.0,33674.21107958557,29080.532646370717,31142.759484547947,31354.482277146923,1381.524475856296,31153.36154820925,31353.85535045357
352.0,416.0,42266.21637683856,35626.77300990164,38666.562688364116,38921.24452939411,2011.771261690893,38675.55679789862,38935.04538451714
433.0,504.0,35061.603340685615,30015.239493545305,32305.54236389594,32514.667770545293,1518.9509190172253,32305.928971083053,32506.04742654634
844.0,942.0,25583.794003905743,22862.765903852556,24051.235690787944,24217.09891114086,823.6782476104377,24054.720707541637,24211.817065162562
985.0,1091.0,22154.642652336926,19958.335292937918,20912.699244530086,21050.369402600616,661.2072435198689,20910.19361102608,21048.346685153556
1583.0,1717.0,15460.940331508933,14234.091651980141,14747.710025074706,14846.669597139706,371.09849454113794,14747.655262681497,14847.125800441525
1238.0,1356.0,15972.018072635248,14548.250292104485,15162.134418145004,15256.209912080347,430.06135827263034,15163.415032061477,15257.754128238541
3002.0,3186.0,11539.093725472529,10863.028684721969,11132.297342351685,11199.369154435337,204.14640892799662,11132.651238101373,11200.629589160611
489.0,564.0,34288.594415391315,29617.82111921456,31717.768393293038,31928.956188895463,1412.6112064172437,31715.209287470243,31928.45256450139
1127.0,1240.0,20898.05473738607,18959.274381771007,19799.71596681442,19926.256907598316,586.482795294058,19801.315376911167,19925.700589270276
3780.0,3986.0,10698.035145455953,10133.845221586711,10347.79617002023,10414.456939815345,169.28958335318254,10348.717133809401,10415.114798178209
960.0,1065.0,21660.39984265181,19494.08907453904,20445.120498470365,20569.9554779827,655.1230479610286,20445.738859891793,20568.837886667257
3703.0,3905.050000000003,8967.673675162974,8492.507005836484,8679.056433492697,8730.051285930851,143.1230071088768,8679.096487170396,8730.65224506616
1442.0,1570.0,19354.498266696166,17747.72778121537,18436.529886545122,18548.934052870005,484.710829490829,18437.54834993897,18550.45934297993
4662.0,4887.0,8772.326545654598,8360.105826481076,8512.098182959071,8565.49503265981,125.14935660456038,8512.982586368122,8566.156533767195
2999.0,3182.0,12105.982464510302,11396.876340057406,11673.064140572424,11749.680332053003,213.76225868035695,11673.386101748272,11749.399724199735
1750.0,1890.0,15542.607644206551,14368.226775707793,14860.722907108573,14954.957830134,355.4443385964368,14859.990318261522,14953.834293304275
2283.0,2443.0,11252.536932721609,10500.479768267393,10815.734679588466,10875.622686920471,226.47046680739138,10815.614699633083,10875.860145085358
998.0,1105.0,20160.913048059323,18171.444314294757,19051.307127640008,19158.29987917722,599.1129943340518,19049.182381787487,19163.662014023615
1284.0,1404.0,20530.137544069134,18731.39403156154,19491.164442761008,19625.55794514149,541.6134971027291,19493.78272024363,19625.212180162816
4070.0,4282.0,8482.335164463375,8054.171769805113,8219.207593066885,8268.326350306354,129.81915436641802,8219.281194035182,8268.558248021502
2813.0,2991.0,12454.89885333485,11700.498763897647,11996.053278128582,12076.39318478758,226.72388965406878,11996.61832802364,12076.480699603653
4320.0,4539.0,9259.701749941716,8805.344519044798,8975.171687632486,9031.905151928762,137.4511016797374,8975.405938583745,9032.574159910222
2444.0,2609.0,10717.624940539725,10029.153122171214,10304.40674343324,10371.510850614319,209.10044126949236,10305.193158433614,10371.737053260867
5415.0,5659.0,7105.818973283464,6793.5367100326885,6905.643950889408,6949.407377872912,94.38401767365562,6906.056962751604,6950.3797761330625
3114.0,3301.0,12661.744209247208,11932.609771657893,12215.37327077741,12295.701394280055,219.9678766510643,12216.597112255322,12295.68920439044
4766.0,4995.0,8470.228527884225,8074.7515473883905,8219.373920834665,8271.744611432832,119.79023313330225,8219.383913335329,8271.973439956344
4105.0,4319.0,10126.032674083684,9614.346001260139,9808.503378334031,9869.198800183394,154.16129755134608,9808.513839701864,9868.880920698524
2457.0,2623.0,12956.863877717367,12120.934387945297,12455.770449164018,12537.064958287698,252.06850104759647,12456.193307265774,12537.271928671258
1173.0,1288.0,18502.040476169346,16813.045441396138,17545.61866565867,17654.76724486156,508.63920450202187,17546.060411419367,17654.2278302159
65.0,94.0,73639.37865403981,50351.78831404636,61355.75181031239,61767.68268916575,7019.6741495666765,61344.62081763444,61769.76960667489
1739.0,1878.0,13698.954283051145,12661.846173317725,13093.800350199255,13179.183612945955,314.0254226027963,13094.606594673138,13181.78983202988
2532.0,2700.0,10981.513593429469,10283.739726152327,10561.296389796647,10630.748132444029,211.55813867472708,10561.31451282718,10631.205517047172
1309.0,1431.0,19007.623624170792,17361.310998151454,18065.90465297956,18179.020712267207,499.65296142291413,18069.82943665022,18180.826888489286
1862.0,2007.0,14543.531203411663,13471.657225679208,13914.928033629727,14005.143314733861,322.30254429332024,13914.96107877422,14005.056603798761
3285.0,3476.0,10743.626970822008,10142.505907166018,10373.631661245694,10440.893409155658,182.07533307577978,10375.303482808282,10441.739252739222
1207.0,1323.0,18277.68516037331,16636.656543581707,17349.524395267857,17453.175364064835,497.8520448953393,17352.20905209384,17451.560407790967
1052.0,1162.0,21443.21485136053,19380.58095272818,20272.92585566465,20407.2382667683,621.2852898883039,20274.041355218673,20408.553189789316
2489.0,2655.0,13166.380099191616,12324.627983619257,12662.83303888907,12744.747724151392,255.50427578417046,12662.303053899603,12745.973424497453
1894.0,2040.0,15419.55612064443,14298.875786688184,14764.57564425939,14857.399547099965,338.891462510751,14764.560828716043,14856.822361944502
771.0,865.0,23954.296226245122,21295.05749571063,22463.251151820736,22612.28437241069,798.9340340634363,22469.622022477575,22610.161162423872
1436.0,1564.0,16790.653682091728,15400.3782575272,15988.730313208818,16089.581047143804,421.09510125138985,15990.894439817845,16090.542110537366
3682.0,3884.0,8651.523545612963,8193.93596926403,8372.277564091268,8422.424437324978,139.30500234534725,8372.734931056366,8422.356144041158
2482.0,2648.0,10005.644783738235,9365.058826661356,9626.931243588197,9683.861652106187,193.00001795918016,9626.5326941637,9684.809538984815
3488.0,3685.0,10936.0926979315,10338.537426385667,10575.551523292082,10636.895142270527,180.53013065926953,10574.836665567609,10637.123721309688
5433.0,5679.0,7730.9815147970685,7389.377490584358,7513.031301866146,7560.345530223776,102.62695506249386,7513.9589324151375,7561.058738008088
2409.0,2574.0,11588.546560003912,10832.188864599642,11142.002338587656,11207.762541778155,227.81721533998433,11143.252063316946,11208.5465419622
2354.0,2517.0,11969.460154333796,11181.088506292474,11500.031362182293,11573.302935343101,237.6652533417378,11501.261104020728,11574.205811272794
815.0,912.0,20675.67046748253,18438.148320826316,19430.90854948773,19548.991838528214,673.518192900084,19432.583459512054,19549.402591096597
3992.0,4202.0,10273.207447438075,9749.538409107165,9954.025698591166,10011.113226668691,157.85824289305407,9954.062307413988,10012.721550348404
1982.0,2131.0,14161.301897148083,13149.342434583074,13570.316463107643,13653.18449458998,305.4890512859595,13570.73220552998,13654.383038716196
1452.0,1581.0,16626.682082654246,15252.794401374778,15839.525477758842,15937.054829641034,413.12533351565156,15839.74909696684,15939.701074494827
3204.0,3393.0,10881.417640054984,10264.439812202307,10511.013653730763,10572.708800015831,186.91525967241995,10511.873456491992,10573.380562402599
1057.0,1166.0,18951.476917700144,17137.740373986315,17933.080970464882,18038.316682228084,549.7960931301211,17937.201333711113,18037.700057465372
1172.0,1287.0,17832.524340673426,16208.555012369723,16910.82545581644,17015.695802705246,491.20731449829293,16912.297034841587,17014.921585190885
2657.0,2829.0,11921.143219926207,11182.644790633476,11484.826245740043,11551.590092046003,224.21566578097645,11484.135738470495,11551.487972112398
2493.0,2661.0,10556.267177195637,9880.59769287733,10156.454484733858,10217.513468558283,203.8272878839742,10156.199719608168,10217.031382683586
2715.0,2889.0,11240.5456436616,10549.628092184737,10831.229484373713,10893.494053767272,209.39404806168392,10830.85924202633,10894.510120645682
1677.0,1814.0,13886.336535602117,12815.642612958303,13268.65030057054,13350.137619598112,322.37276160474295,13269.374952785527,13348.788735111504
2367.0,2528.0,12537.36965891401,11718.61109254008,12059.387820454163,12128.028780585542,247.92930934820802,12060.441054382645,12128.10353459561
2006.0,2156.0,13687.250567536554,12719.619212363075,13120.890705956519,13201.643471141937,291.9586464039465,13121.597745083498,13202.91731694659
2457.0,2623.0,11518.689248401135,10774.1517167901,11079.201888011292,11145.313612620044,225.6640712104355,11078.694316193465,11145.794447250215
1160.0,1275.0,17582.795760132936,15966.355515851832,16673.922547818584,16772.56034632237,488.62423446885083,16676.62196548016,16772.891527985124
3075.0,3259.0,10644.53176628539,10031.611373259795,10277.813616672927,10337.730309329412,186.13419220166975,10278.546994868768,10337.71976988406
2016.0,2167.0,12357.796007097024,11483.745326681768,11848.755772823104,11917.420127520103,262.90064898570347,11848.458717699603,11917.798734775542
3137.0,3323.0,9637.53814614019,9087.390060954802,9305.570688820355,9360.277721972969,166.48148909276463,9306.490464343982,9361.73345725257
1392.0,1517.0,16475.48987723411,15087.876819511845,15680.475654107599,15777.753946661476,419.72863466773066,15681.70320401437,15777.783245693683
3080.0,3265.0,10796.354371829997,10172.01043999955,10424.687411907276,10484.205883844714,188.4602586404456,10426.03400568195,10484.826099046832
1405.0,1531.0,15896.568015842422,14562.679678989221,15139.274676438738,15223.016312106087,401.601713364781,15138.903100602416,15221.70131574146
681.0,769.0,23986.518466591842,21180.19786190367,22449.855125504466,22572.38120455164,849.9014333591678,22453.38773606044,22576.274817931277
3338.0,3530.0,9622.422408658796,9088.337449001208,9300.481489112659,9354.54491668898,162.094537314388,9300.779440214092,9355.76363539395
3059.0,3243.0,10652.763823069183,10034.30783439517,10281.97867778797,10342.082834951605,186.9034009977155,10282.73836778164,10342.02031060884
1185.0,1302.0,15166.279986794943,13785.880175110102,14390.49687021163,14472.326642428718,414.9151976101979,14388.84960260317,14472.38601349246
3277.0,3469.0,9412.25798832102,8883.332264641795,9092.557443544567,9147.276784525911,159.9511690847793,9093.901747913866,9148.108129159476
1814.0,1958.0,13345.62485707982,12349.787886269585,12774.41530957449,12847.794054354556,298.6620250658087,12774.191839997613,12848.361818398822
3349.0,3543.0,10584.062019983045,9996.249575148544,10229.45937299988,10289.16369181948,176.7999073914999,10230.329930802971,10289.526294135747
1616.0,1751.0,15483.5559973525,14266.391085654283,14783.997868422133,14870.306391509728,367.8241217286207,14783.516528372931,14871.829478319552
3209.0,3398.0,9156.285994717313,8637.223710679946,8842.12123519624,8895.442071439424,156.94287888328012,8843.064096679343,8895.279506630312
1960.0,2108.0,13479.02652263756,12516.02578841415,12926.625461297856,12995.733332959537,291.8661098920542,12926.237477076244,12995.836657198037
1398.0,1523.0,16060.124057858258,14711.026433141973,15296.75294725901,15381.69589085627,407.5446748744469,15297.781509708655,15384.305112773425
1533.0,1664.0,15875.09513796438,14601.136105964146,15148.205339455992,15233.999849928308,387.14181494874595,15148.870053757744,15234.257038331707
3014.0,3197.0,9647.650948967994,9084.863032689382,9307.429406108558,9364.940761555787,170.29969197771982,9308.708240520526,9364.367468014576
1362.0,1486.0,15643.540209206118,14312.617320708074,14889.335143401884,14973.074691343445,400.4921934984757,14890.904879327278,14974.371354944944
3381.0,3575.0,9973.373502591006,9421.84535656625,9640.332423995687,9696.729760405176,166.58625443724443,9640.4210547084,9696.596312703101
1120.0,1233.0,18391.126604793542,16673.388492973,17429.840144826256,17530.388489190125,518.5741138283847,17430.647567751395,17528.27945264039
3169.0,3356.0,9204.98798214164,8681.36784583396,8890.729360405836,8942.410136446504,158.3298694125661,8892.05334386487,8943.326418600023
868.0,967.0,15929.5697307644,14263.638940484288,14994.823592296227,15092.13081267786,505.73285709312603,14997.636123750583,15092.970201987127
2971.0,3154.0,10225.24590726986,9623.199285918066,9862.734277736976,9922.30261371706,182.04313520308483,9862.666914516896,9923.311905660443
1609.0,1743.0,14536.692561145577,13396.045655239945,13871.395007565441,13961.375088800498,345.94973234909753,13874.396781196645,13962.314607044094
2930.0,3111.0,9915.41257540324,9328.201076713267,9563.035330683813,9619.944972956695,176.5486512624507,9563.90792204568,9619.95481453576
849.0,948.0,22348.3127957482,19976.82773404082,21025.35294321938,21161.184431067635,715.4017256732876,21031.4445642809,21163.72399836569
288.0,347.0,34108.313409071445,28223.285228254725,30974.36203761798,31153.038523503128,1772.3749345294943,30976.34170943381,31148.175931578997
897.0,998.0,20209.279976912374,18121.401885407668,19046.416835662356,19158.80074938954,630.4775124311358,19051.014217899483,19161.903091969834
636.0,722.0,24804.15932956137,21796.622547826515,23158.905465697826,23290.162548937544,905.317596281288,23157.094580185392,23293.055555969964
2692.0,2865.0,10013.107626291468,9395.19106212902,9646.218288078273,9702.86705928679,186.22657679236156,9647.288088015706,9703.760106295073
891.0,992.0,20462.72450649919,18336.285453137956,19290.432036397997,19393.689684292065,639.0809301962256,19291.803621657564,19397.02981554658
347.0,412.0,31716.350130732095,26662.99743598071,28981.12665566116,29162.704176383966,1519.3877609931012,28986.739308192908,29155.35738964898
1438.0,1565.0,15595.068062466287,14300.831843586113,14860.442291419897,14943.610040628304,391.2929856580885,14861.074628330225,14946.420681622287
1001.0,1108.0,18112.402168953147,16335.037701774194,17115.292690781618,17214.859032701683,537.9299790777181,17116.125422771496,17215.7763503901
1306.0,1427.0,12241.415220487685,11182.861619854457,11646.088983447042,11711.624460708177,321.8692213366805,11647.12700299687,11712.367147544097
849.0,947.0,20644.238072215474,18455.379159215427,19433.760214724312,19547.44533549713,659.6667857981145,19434.698728479394,19547.71807029703
1147.0,1261.0,16362.62741285391,14851.17583248639,15519.09433643146,15605.988480328713,454.6413468250989,15516.435404772486,15605.42443590227
1536.0,1666.0,14729.72507418821,13554.009473942251,14063.12904606438,14141.664667232446,358.36162633131835,14063.792602195961,14140.83259317947
967.0,1072.0,19900.640310648636,17916.151430470527,18797.43599850209,18904.316981012544,604.9722584661321,18795.827479157506,18903.946327608177
1797.0,1939.0,12983.354731603536,12014.416948323013,12427.22191100378,12496.85235203408,293.33679872748485,12428.263603142948,12497.957459327668
3464.0,3660.0,8569.523068217812,8103.075304558169,8284.802882781985,8335.234559411754,141.46202806731353,8285.87420346326,8335.506465010234
1430.0,1557.0,15594.67803893227,14301.439920103932,14863.119097758985,14945.176584270339,392.7036976990516,14863.003418193284,14946.175576514894
1603.0,1738.0,14606.691975842854,13456.47094411143,13949.77906181285,14030.005299667728,348.64941524876485,13950.685013643526,14030.47757462538
1166.0,1280.0,15977.125577756995,14515.457608454031,15161.189683067936,15243.950047641261,442.6013516604327,15160.93632802099,15245.221834413062
1002.0,1109.0,18974.915830197606,17105.45937873923,17926.47991205766,18034.742251513027,562.3401863480018,17927.387768761586,18035.354244602902
2558.0,2727.0,11832.268120314195,11086.093108412932,11393.39780586823,11456.986878130372,225.76575173894858,11394.304953758328,11458.283121918395
1969.0,2117.0,13573.792191017703,12601.4432468904,13014.05589561707,13086.410219533695,293.5326780107193,13015.80653907678,13089.080391458825
1357.0,1480.0,14770.50221369926,13515.828608493724,14054.877880306058,14138.727256405205,380.5384656503553,14057.016722412633,14139.813318328552
1731.0,1870.0,13842.50486324713,12789.320667337677,13236.506031366682,13311.936363659186,317.1305245523947,13236.818316696303,13313.170320210294
860.0,959.0,19844.22377387381,17753.085279392933,18683.635957594313,18792.520188664872,632.9206591594697,18684.004627402344,18792.199245950247
835.0,933.0,21040.644801524028,18793.8832370838,19789.777129546903,19907.00410068345,678.0762401801909,19790.074047210008,19905.073588869935
1942.0,2089.0,10900.247469069187,10115.937997500449,10443.953814333285,10505.916428401479,237.35656659338292,10444.02975227852,10506.770627709284
861.0,960.0,17405.7564336165,15569.50161383446,16378.373966127014,16479.332096006638,553.5321839205327,16380.390243272785,16477.756508546267
1764.0,1905.0,13679.562063288786,12646.02043465956,13084.161423663953,13160.239457248159,311.09059278686976,13084.302784603336,13161.117248913899
2671.0,2844.0,8135.072958533214,7631.276319270162,7838.954866204156,7882.0734307036355,151.963330482914,7839.2948899986095,7882.745744322079
1124.0,1237.0,16837.776181690835,15269.98309393017,15960.750619651935,16047.632520707459,472.64565244863604,15960.72887660194,16046.524997589942
1515.0,1646.0,14343.37119274944,13178.534542375091,13676.689513380177,13756.608835417526,350.0224819826395,13677.941574351938,13756.69121544099
1540.0,1672.0,14564.648324673557,13396.633783144158,13901.22417820921,13977.815292945399,354.3810417809959,13903.736469264992,13979.904645016059
2182.0,2338.0,10919.918595021143,10176.339869887488,10486.645270907906,10545.021505256216,224.60716909926427,10485.70875392642,10546.32280141433
2129.0,2283.0,11493.2906115792,10700.66277316804,11035.091298972482,11095.230837067042,239.04340696199574,11035.993669635767,11095.861800792349
1730.0,1869.0,14436.627527646211,13337.864938940762,13805.462282485525,13886.25412810823,331.4019731288845,13806.560550442671,13888.481428780293
2181.0,2338.0,11557.620040902395,10770.671551165726,11100.648642360198,11160.45815121183,237.68710615135308,11101.014205311641,11161.245847840206
1745.0,1886.0,11083.681366447787,10242.837344748335,10606.26416857493,10663.511538479283,253.37947071389945,10606.14983861069,10663.56793802385
1331.0,1454.0,14968.512474921246,13684.344669169235,14242.403311372165,14323.333690934245,387.8620607935549,14243.785833582675,14323.370677167854
1641.0,1777.0,13746.665991816273,12675.546441701019,13133.258607270753,13206.95212104187,324.641182537671,13134.686985125732,13208.310086800664
606.0,690.0,22393.702233394273,19638.12616497669,20893.498438918436,21011.253125351683,837.195951166675,20896.049227492018,21015.670456899283
1690.0,1828.0,12973.585774956011,11975.630081415491,12403.168124052294,12473.232480448632,301.35804048899405,12405.658057837789,12474.708280280982
1784.0,1926.0,10609.787714635615,9814.999288754781,10156.98584428886,10210.18183053104,238.16299156402917,10156.664655899125,10210.493209429735
392.0,459.0,28465.523979893806,24194.534732803273,26133.73751203083,26308.79265430347,1290.0286779322694,26134.461572110442,26313.580082077482
2547.0,2716.0,9537.4651363017,8933.868270234385,9162.33496439954,9234.515080994988,181.97533196829454,9162.378018956551,9235.038192946995
683.0,772.0,21480.548212466692,18972.534603185966,20098.683088611066,20214.114615887323,755.3177314574376,20101.818815896862,20210.679986916177
151.0,194.0,41147.38777638068,31839.229238277607,36169.89728977449,36428.253109278485,2808.0405730276702,36171.24409943561,36427.977369896886
2148.0,2303.0,9858.818650177518,9184.672175139049,9468.752203363942,9519.71655588243,204.90674225094122,9469.423561754062,9521.238101903507
885.0,986.0,19253.77634253902,17259.020377850215,18138.440732940708,18251.933821186656,607.6333725968706,18137.551189684473,18254.170409041515
970.0,1075.0,17380.77721117702,15643.876931358087,16410.70092888213,16506.879571196085,524.5599404577819,16412.47991858674,16506.855388621003
1585.0,1719.0,12560.914638569855,11565.718368168664,11995.831278492527,12062.09488455895,301.1363050038866,11996.417699932314,12062.580692518046
3495.0,3692.0,8797.332344429358,8317.960034153677,8508.89279371677,8557.01259589523,144.571883627721,8509.585682973095,8557.891548867565
1984.0,2133.0,9299.827744013857,8635.334144418115,8916.061270054804,8966.915811876817,199.91788914264552,8916.62052329007,8967.967119861527
363.0,428.0,28785.642583936777,24322.75828167844,26390.496984042493,26537.32783554353,1350.3319153277932,26389.0432155164,26533.45006880895
699.0,789.0,22056.919622392536,19501.758286807817,20645.864318609372,20768.319199315556,770.6541277858732,20647.17402875476,20772.205018736375
2976.0,3158.0,9535.404943019297,8975.89640740159,9204.234538424122,9254.78732024093,168.6945947523866,9203.734931596384,9255.019921172761
1931.0,2078.0,8645.56954717211,8021.501283367755,8284.159110587054,8332.072005421305,188.44377166080457,8284.430436017805,8332.801753081114
1471.0,1600.0,15768.241901811378,14475.685235640098,15030.096744877465,15117.77896987771,390.44596030630106,15030.61362277287,15117.304243337738
1221.0,1338.0,16633.79229079357,15151.454408669522,15802.698691108782,15892.847352730236,449.1482401963854,15803.477493575989,15894.716192954194
2558.0,2727.0,9512.905819632226,8912.69717683249,9157.210608485095,9210.999299159312,181.6246144913278,9158.5713620194,9211.728409660554
2272.0,2431.0,10818.936071540149,10097.828994509488,10395.992248308714,10456.756357943284,218.41675594625306,10397.060730260555,10457.059230351984
2411.0,2574.0,10049.07999100243,9397.221411479717,9665.806793329804,9722.422792598101,197.2415915744594,9666.810811397017,9723.258973971555
502.0,579.0,20433.61408691992,17679.440414144014,18944.912213578158,19047.01487672736,830.290182877264,18946.35549777802,19045.61823584281
1879.0,2023.0,11037.63363786858,10230.826896780343,10573.292432432077,10633.881895502798,243.97981077988797,10574.672702459711,10634.633636629513
2314.0,2475.0,10018.604495388821,9357.872252339606,9631.65985393523,9686.288829088995,200.38636463688542,9633.204586406355,9687.62451995462
2532.0,2700.0,9959.352872201438,9327.915096039183,9586.192460006416,9641.66538953608,190.41305109049418,9586.770841200192,9641.94522786186
1219.0,1337.0,13083.34334204113,11908.965360556123,12421.586157504065,12491.026109246182,353.1587069677167,12422.555278462783,12494.285013522554
1458.0,1586.0,12498.217355995055,11470.414497812251,11914.692237108158,11982.504512726031,310.11313106065245,11915.498096416115,11983.087910370505
2845.0,3024.0,8785.699754298888,8256.49111618894,8471.232646354692,8519.416071155538,159.12877843585542,8471.212304493325,8519.817050282583
1162.0,1277.0,14334.720103500675,13018.856648533729,13595.410665117912,13671.113622968984,396.12342119015983,13593.33930072272,13671.917980142278
2127.0,2282.0,9981.914703086903,9296.033459340902,9585.253275978233,9637.204773287309,207.7883110638461,9584.62519299356,9638.097266839004
1854.0,1998.0,10660.04337152255,9878.537122227655,10213.456617267042,10267.845458120632,236.71712342814672,10214.382790084599,10267.358616937476
1401.0,1527.0,9151.596273675284,8383.839690298431,8712.553994784828,8764.674196093367,231.6592743972755,8712.120459069807,8765.016006009133
2667.0,2839.0,8940.2855872366,8389.135847301388,8616.186612487987,8664.66232456952,166.68769873591793,8617.29717346736,8664.878394587655
2064.0,2216.0,10483.888753432455,9750.801232447555,10063.329396942117,10115.041354443876,221.26881357560163,10064.762174380174,10115.633691129902
2422.0,2587.0,9394.476230762488,8786.104220551586,9038.859232820922,9088.535778057669,183.9991786615656,9039.464463745478,9089.484836282445
99.0,135.0,36797.66543462785,26985.03565807991,31649.59830765626,31800.885080014825,2978.455889237048,31653.975299011257,31808.581726678935
1065.0,1175.0,14827.75049477529,13419.380477702203,14046.896552795624,14121.906283167067,426.39587762760334,14048.142964954737,14123.622263749938
1427.0,1553.0,11836.529088293855,10854.782181989161,11284.708155081256,11340.542935691437,297.4641405631057,11285.777977189471,11341.850366606417
1402.0,1528.0,12039.791215120333,11028.383057157711,11473.87781992607,11530.88147277629,305.52682970191853,11476.061713273242,11530.990828160726
1748.0,1889.0,10504.166228690452,9712.93763658139,10051.476362498273,10105.39477698602,240.3640067364373,10052.103329059359,10105.653460026886
98.0,133.0,42274.09990327509,30927.91446051258,36296.13097746606,36501.02910887458,3417.8631874691446,36296.89855597078,36489.11626550373
2141.0,2296.0,13206.009390462807,12294.07161370176,12688.668891413066,12748.97635906528,275.89702749919087,12689.936268505893,12749.322012132297
2542.0,2711.0,12352.66747322771,11566.346358230472,11900.162052387119,11958.28678957066,237.98631254366785,11900.244949684458,11958.238791331805
56.0,83.0,79610.1745338672,52828.571043241805,65565.45196972237,65858.51132046967,8120.179087709005,65578.2250220552,65874.89018523249
1970.0,2119.0,13542.80222430199,12576.214815693102,12933.149938712457,13055.87408887168,291.83847593833906,12934.618580446226,13055.825499966033
811.0,906.0,15674.482635591196,13982.781378596108,14739.784139165464,14822.868905401561,516.2437135424851,14737.929201670657,14825.559290075424
1362.0,1486.0,11666.54671991951,10669.791729034549,11105.811148820714,11165.34113826837,302.11311045172033,11106.157713322846,11167.55788454326
1120.0,1233.0,12970.16614061918,11755.090751858052,12289.626876385923,12358.922986292164,369.5895652187913,12292.465172855951,12357.015010237455
1994.0,2144.0,14495.397768841849,13460.333875464454,13794.754963292415,13976.033851819653,308.6163699182959,13796.052665221649,13975.419844190772
970.0,1075.0,13855.713755203898,12468.61694781014,13093.536663766454,13158.749354060821,420.7562002801496,13096.136755914604,13162.494223381393
808.0,904.0500000000029,15779.094600332104,14056.87427769441,14832.072365716293,14909.998917453819,518.9675661983291,14831.221017292424,14910.684153876067
1197.0,1314.0,12543.158539705413,11402.32759683084,11903.651430582739,11968.376412243933,344.4569916415953,11903.61425443207,11968.310170505165
1085.0,1196.0,13032.841682050333,11796.689043795734,12343.352009639153,12410.538105325784,374.34417640312654,12344.860678272707,12411.14620468716
910.0,1012.0,14095.079114167083,12638.916383892576,13291.71867306383,13359.78993308379,438.3122775017874,13294.226432494881,13362.267978379812
937.0,1041.0,14220.67369740785,12771.949343824834,13420.435884497774,13495.891132320809,436.360717214886,13421.167033554222,13498.629430364213
548.0,627.0,30184.85061320999,26282.17706458136,27958.18551913291,28218.62726313372,1176.94607455511,27964.417454560535,28223.82689855101
528.0,607.0,19670.03223624715,17077.990579827245,18266.733272499303,18364.251868883774,787.2584083761342,18264.766551488625,18360.383718538393
910.0,1012.0,14836.8931088656,13315.645155542912,13999.505634205254,14067.632186059762,463.9706577250458,13999.458373155348,14068.963194409835
665.0,753.0,17223.94059342439,15171.229335287935,16109.608937573323,16190.08129028551,619.2859073185004,16105.195670417068,16193.043722530194
1788.0,1930.0,15158.885168830271,14019.693545897397,14465.888191949472,14589.645351601228,342.06016731586635,14467.685044485925,14591.050780083966
661.0,748.0,16875.839495535,14869.395317574965,15783.113615426273,15864.389524290757,609.688398392007,15786.65476734351,15866.401953812892
906.0,1008.0,14003.547666447621,12562.804359425138,13208.125942210541,13279.074400738355,439.02553553819996,13210.303928286849,13281.553002751174
448.0,520.0,20432.965743949007,17524.869473881226,18875.88873953962,18970.260589944173,878.5396219461642,18869.092646523713,18966.624840313045
517.0,594.0,29094.78065144251,25223.78829632172,26913.962471354724,27146.29399331628,1165.3229531025174,26914.27367326958,27154.525771234094
548.0,628.0,19106.307812539926,16627.030960337685,17765.496142752218,17849.638700842628,751.5089092749168,17764.50756289737,17849.829772270852
1083.0,1194.0,18769.84094307112,16997.258008881206,17719.829606987623,17877.222655227637,535.421349625527,17720.38337912399,17879.692532415436
680.0,768.0,16897.619730328093,14904.07265902729,15810.03517322919,15895.408109034663,603.3083183576695,15818.75929865933,15896.804929579868
933.0,1036.0,14694.803578593534,13197.72965044082,13875.946527670712,13943.934962576623,454.1041552317839,13877.354151129095,13944.578536797368
141.0,182.0,49554.050978791194,38067.627047499474,43335.63902855586,43723.70794130735,3480.802410672171,43327.83278865399,43738.238842221064
714.0,806.0,16962.830995538356,14992.39714366732,15891.947283422778,15968.341283702712,592.7556223638082,15893.734266560705,15971.310172387062
408.0,478.0,26084.688347307878,22228.418329306536,23862.432366996574,24130.69150795922,1154.3029812430589,23861.26982609946,24125.452834740852
607.0,690.0,19120.91865319853,16748.532823196612,17848.379204682566,17928.44518548487,717.7918243055376,17849.760727217134,17932.62531556515
406.0,475.0,24283.17604966164,20652.960714387034,22346.933453580143,22448.38514999156,1096.2058474445907,22345.71876911571,22448.85770015634
1163.0,1278.0,13610.882840205208,12356.040706503478,12909.426631580085,12980.993103800134,380.0948624024305,12910.582210367249,12982.515828859188
765.0,859.0,20402.478556631348,18138.511325878033,19102.717337195754,19259.765406316073,682.1739117403704,19104.590880041174,19266.374558156473
904.0,1006.0,15902.413918688524,14250.570455989073,14990.22181942147,15069.18864594211,499.34712591146894,14990.920938210475,15070.294925797356
1135.0,1248.0,15351.676021267918,13934.611434352568,14500.206864895817,14640.137865724146,426.50452895235395,14501.36083619276,14639.530386700404
1311.0,1433.0,15053.50665968081,13754.533187050934,14276.477700465217,14400.334951078778,392.33295870863367,14277.290479277313,14402.22442391287
100.0,136.0,41637.35300416705,30509.398266548527,35799.02088635653,35989.77408898921,3351.500995238747,35803.03080126892,36001.42711743769
704.0,793.0,22831.155742126168,20207.81843109369,21322.845200931202,21518.92805705478,794.8150602755569,21322.46253813825,21521.68374055025
760.0,853.0,17024.040254883563,15114.740179510334,15989.411932154446,16062.626372218905,579.8148336257577,15989.910979497497,16062.814367573954
1979.0,2129.0,12462.769378003348,11571.283147241593,11912.784643342457,12016.058222739497,266.96784644675347,11913.616032804428,12015.405854664035
1533.0,1664.0,10990.795945008544,10100.867218898651,10497.319423015813,10543.080008789997,269.3415039339978,10499.235574674853,10544.601174400286
364.0,429.0,33005.597219772666,27894.473687295624,30154.29316625759,30424.626750145082,1546.8445878791917,30157.044880319747,30425.198538097047
1438.0,1565.0,15257.888054360354,13991.627403332825,14491.82420187058,14624.747335986965,380.737837186831,14492.784262265655,14626.169484290062
1593.0,1728.0,9716.10052325625,8943.697590548616,9288.589614858289,9329.58164635165,233.6963688501865,9289.613095694596,9330.583911332753
1624.0,1759.0,14210.827497556524,13099.422803081014,13532.7441215731,13653.058004784265,336.2833894102606,13533.056284833672,13652.574346032054
2089.0,2243.0,12349.674798117547,11489.727580819654,11811.128750193753,11919.143920393548,258.59197387653387,11812.649304039196,11919.582974100998
1417.0,1543.0,9654.313305233403,8843.683209303645,9201.831812945296,9247.84222804445,245.5521786968921,9201.796458270599,9249.460123477644
1627.0,1763.0,8725.2168215097,8037.70379309657,8337.339545345483,8379.379257004097,207.11776179712302,8338.028483776026,8379.614530158937
2247.0,2405.0,11444.069439159117,10674.864443735098,10958.84765657183,11058.08904631418,231.7820556224907,10958.59201922573,11058.645751511665
1319.0,1441.0,15190.308561646285,13880.655661232244,14408.416490205966,14533.39961839849,394.80090282807583,14407.892375396068,14535.841956327617
1322.0,1444.0,14355.195925537073,13122.600002529573,13615.589214767044,13735.833974504245,372.7852716636205,13617.344882461577,13736.14791726817
1385.0,1511.0,14603.880923208157,13369.429753205937,13869.584027049355,13984.690996188752,371.1537007800587,13870.822958233768,13984.59434910944
1537.0,1669.0,13927.414988987155,12810.711915752983,13244.624558743042,13366.917963098884,336.78968684386405,13247.046588846682,13368.730463497066
1784.0,1925.0,12533.627863726857,11594.87555771683,11954.030326387494,12063.179776892704,282.5017846686623,11954.729321327966,12063.182706372501
1552.0,1685.0,14050.619492140797,12924.76424183461,13365.984318855977,13484.926889017046,339.7374109923052,13367.018022402905,13486.610312445811
625.0,710.0,21364.597452387483,18766.93196598856,19891.157042105842,20057.681259442717,785.9091603982862,19893.11727504333,20060.285226345484
931.0,1035.0,16632.38167969622,14941.927995526086,15647.287311054344,15784.926151294374,508.965334931517,15648.587500035052,15786.884978863916
370.0,436.0,25834.911946666383,21859.77729324201,23519.973873841634,23826.83801612628,1191.0955823975519,23516.75964201451,23824.293289569963
854.0,952.0,17010.79786140727,15221.157873206392,15934.68735065889,16112.958832096221,540.3525343003774,15935.389310251756,16112.557108620094
494.0,570.0,26169.102142396267,22625.82129316289,24133.60008013709,24385.078644219207,1066.1212480530894,24131.63285337876,24384.513009835006
874.0,974.0,15616.246371911264,13967.526808782484,14710.176568981864,14784.740038646589,497.01934738053,14712.515535944309,14788.559595447223
1082.0,1194.0,13788.350696504973,12479.605332431338,12991.524699738746,13132.14372456353,392.3436179710384,12992.12107089075,13134.203626513907
924.0,1027.0,13903.436258796191,12479.61245766898,13119.020911064696,13183.474799257108,433.81986409261754,13118.363540997012,13185.02446059162
992.0,1099.0,14611.705628856633,13175.100081923529,13716.804631683788,13889.638144683571,433.21758701293584,13717.279831877804,13888.988403461504
868.0,968.0,15127.863363046554,13534.010445181657,14254.204662339134,14327.946780571547,482.5491125682645,14255.832060348597,14327.629063682201
942.0,1046.0,16970.78188591312,15252.498588306216,15984.491446556656,16109.442030262451,516.3637652624627,15984.252815495724,16110.19083327152
952.0,1057.0,13863.003588157695,12458.810182726367,13088.769209728798,13156.155366157474,425.3017092169131,13086.854438704526,13155.733735252694
1453.0,1581.0,12915.790152022768,11851.782316855735,12277.155844535428,12382.437924105894,322.161924475975,12278.381662877513,12383.491564649206
787.0,882.0,16638.533966967618,14798.665598204205,15628.161473804763,15710.038883596606,555.3651844358667,15631.856544305409,15713.416509368462
86.0,119.0,58424.7973127506,41878.50500608073,49584.70536632954,50005.98773696168,4989.267707455883,49626.85158237673,50016.91738321221
941.0,1044.0,14305.967593690064,12856.226864601902,13504.40116477687,13575.467074286069,439.3713428630139,13506.844381880643,13573.58491162096
1015.0,1123.0,15619.804572653153,14095.824915663921,14719.298700480433,14856.05620008225,459.2058712310682,14719.956410440704,14855.627858901978
738.0,831.0,14572.82799687713,12915.143704583734,13658.661994065877,13735.588111012528,503.4360455725864,13662.05305689363,13738.261153276842
1403.0,1528.0,12375.037687485377,11342.190406819731,11749.659525748804,11857.462755778632,312.1271646939349,11751.87849878714,11856.022964105467
947.0,1050.0,13998.390761659692,12580.804014766702,13211.425633124025,13283.688838236883,429.04141660539847,13210.004716162388,13284.881057316226
1428.0,1554.050000000003,12110.338760713397,11107.57455621551,11506.76795667008,11606.490954573212,303.6614781710561,11506.866442629567,11607.381648197083
950.0,1054.0,14911.710661076253,13404.787270833509,14083.208052743645,14154.610638084994,457.0806703995556,14082.523450419047,14156.954095482406
814.0,911.0,15030.572576655079,13400.493373883937,14128.657109000902,14208.244272584672,494.75508287365756,14131.116157628241,14208.580721876368
870.0,970.0,14668.831442370245,13121.445625253864,13819.705913642576,13894.743933985332,468.7524871766584,13821.851886098464,13898.146143112313
1069.0,1179.0,15459.682525070253,13994.820804784806,14592.763725534747,14723.42204238625,442.47658873299423,14593.211141324326,14723.705615473436
651.0,737.0,17056.50918282046,14996.648398886884,15939.142293826615,16022.764399786241,622.2709324171516,15940.212166282932,16027.04134924569
1482.0,1611.0,13444.66094749492,12347.545944997551,12777.386141150922,12894.082588185749,332.447440854944,12778.918965559269,12893.267540725508
347.0,411.0,22820.405263842225,19202.304507541554,20888.25069289069,20993.40862438213,1102.9981582030478,20884.63625972296,20991.10776125644
864.0,964.0,19120.370166393746,17112.504784751294,17952.657288919512,18113.621479372312,606.1590397047001,17956.184843237643,18115.296792187244
605.0,689.0,16560.33035908647,14502.971661135849,15434.612954784117,15521.50644303394,622.8615136324752,15435.43349763024,15522.089654199248
1459.0,1588.0,13761.738217690983,12627.115630207598,13072.470103305828,13191.375409141207,340.8678500483267,13075.216215730665,13191.413471060248
707.0,797.0,16670.68715979367,14754.547361837454,15619.43155180854,15706.212066253986,584.4152877802554,15619.062667134427,15711.248042408062
754.0,847.0,18267.154192001108,16225.905350129055,17090.513226327377,17244.050095085084,615.1042469947176,17094.349916444262,17244.937711623566
579.0,661.0,18530.444011045405,16180.750754544624,17249.182297113533,17343.12855124375,710.4382106903439,17249.182627446702,17345.212907653822
911.0,1013.0,15865.422929172357,14237.456960582143,14907.431183931785,15046.386038574095,489.3083152038302,14909.248749538165,15047.652198326066
819.0,916.0,15095.98347309232,13461.699296573464,14187.070979863529,14271.989848167948,493.54348442699876,14186.701527162497,14272.56249358768
1276.0,1396.0,11973.180448905014,10931.559822281235,11359.95974595134,11447.565052796568,316.063060233385,11360.269730161388,11449.173354823331
840.0,939.0,15046.45101654989,13436.390829227037,14143.215733548157,14236.7424379179,487.07380528550675,14142.651971064097,14235.835606137975
661.0,749.0,22396.982371504586,19749.74754117574,20874.931057071677,21069.18882674207,803.0487344036227,20872.581514109104,21061.777798366747
736.0,828.0,15491.447731739292,13733.266814052891,14515.624241983227,14609.537551778512,531.3754621641227,14518.021074922766,14612.609157763542
747.0,840.0,15553.71633618523,13800.505988890824,14589.523163918439,14670.05638034386,530.445926144183,14591.2054220426,14670.629398634488
670.0,758.0,16761.347960766303,14771.973639217214,15657.672997044521,15760.020475189525,598.8913013730361,15657.259500578399,15759.737193942306
550.0,629.0,19230.22444751479,16741.564377765884,17846.74874612715,17975.92982686588,750.6262883736167,17852.595633543984,17976.230348766883
552.0,633.0,18738.573456834114,16316.34564003106,17395.18993135388,17516.396678685487,731.0970286513515,17397.206467548192,17515.162212472656
1693.0,1832.0,10471.708458828283,9665.369742892772,9998.234847861251,10065.975947030853,242.96229306804187,9998.328607550338,10067.823326174688
574.0,655.0,18277.292723204293,15954.749731265349,16982.10865127694,17110.347125995533,697.6169502563112,16983.609922388463,17113.060176770403
818.0,915.0,15852.060424976864,14147.58023065519,14879.327974359281,14994.461686304703,516.9999140737107,14881.718030207097,14996.479848312481
686.0,775.0,18730.15928059202,16540.838099102224,17487.771330544965,17630.099482965885,658.3780005852616,17490.559953495333,17629.68288141899
1116.0,1228.0,13300.91956466478,12064.47106083848,12578.252854524173,12677.830288317655,374.6434487062117,12578.291086310406,12680.282862334137
1033.0,1142.0,14179.743078957434,12806.210234895088,13390.689605539008,13489.10116529089,415.14211274618157,13392.411735038293,13488.911039435994
688.0,777.0,18747.251373262163,16547.47109331488,17497.006031766923,17635.929010838674,656.9866889202901,17496.588452525044,17639.518860548116
1065.0,1174.0,14231.672817662808,12880.534111734516,13446.624293537183,13552.711424138546,412.04838702808183,13447.98426294345,13553.529255327818
736.0,828.0,16347.747910287764,14490.649480461481,15287.366134845643,15414.156105370628,557.2898124273966,15290.342167012093,15415.060181107017
1318.0,1440.0,13994.864075159274,12783.674367566593,13284.873900514402,13387.234299537797,364.24243108694276,13284.703498596884,13385.654136935118
501.0,578.0,19698.923034787775,17046.583986042646,18246.258040793167,18361.056661550894,802.3881917021142,18243.020390516765,18361.585398177085
844.0,942.0,18023.583861235573,16115.206829767565,16914.933745947295,17063.643961652895,576.6953109056798,16916.090001536708,17064.94433028587
1206.0,1323.0,15495.733069908612,14097.878821840637,14662.38483755991,14790.69953313929,419.8431151802818,14662.835270103444,14790.70845147879
577.0,658.0,17489.372337933284,15282.87018405222,16260.977814359936,16378.013076535515,669.6647186417197,16261.858999118893,16379.166051383349
942.0,1044.0,18202.309345357444,16378.95246018713,17131.698110465768,17282.682736987408,551.3742352994053,17134.049542088625,17284.3320642776
704.0,794.0,15681.977544642052,13870.893668291877,14665.949212915542,14772.900999491516,548.4159504327112,14668.020971935444,14774.140071052863
917.0,1019.0,18871.881789127146,16945.1559738033,17751.544565313536,17909.862626848953,579.6451425974509,17751.928023742974,17913.10016213352
752.0,845.0,16071.539916251024,14263.353166903375,15048.43711796452,15161.716505938984,543.2563513621304,15050.83425774206,15162.660246189283
869.0,969.0,20462.969218304966,18318.552904927496,19209.801661926078,19384.420510343545,645.4521429268339,19209.14832353086,19383.14204016778
661.0,749.0,16287.597324406346,14344.001011159831,15209.943921383767,15313.842873082418,586.5253595140654,15217.369083153979,15316.629818199823
845.0,943.0,20193.043355703212,18061.510132040614,18950.097552725652,19119.343979980134,645.1399815571044,18952.350219218748,19121.624127296942
843.0,942.0,14493.870188426474,12938.696573937894,13625.793557513922,13707.367579259486,467.5282139794461,13627.419458268798,13705.51049074386
618.0,702.0,25170.099170475747,22099.098065094542,23410.255454245485,23625.09432103338,929.7186631993815,23412.025516724025,23620.020787379795
937.0,1040.0,12822.125842308562,11511.878229258476,12088.753301256113,12162.131182905083,395.0837174698327,12088.720998909632,12163.239710671083
1154.0,1268.0,12637.824226074901,11464.550498685905,11987.114134666635,12048.118465778694,352.60912775445644,11987.584611680015,12048.546579132368
1451.0,1579.0,15785.077667677317,14482.256343323605,14996.899378854394,15132.612857025104,392.10605007131034,14997.583437706326,15133.696387646238
724.0,815.0,22959.57407865316,20341.37642235661,21447.30901865175,21637.51037202244,787.3935848436661,21449.24887655166,21642.477051063106
1287.0,1407.0,15358.042717041004,14022.389872571393,14555.592668334919,14686.271599418445,403.3997712725771,14556.690509712553,14686.856097113987
949.0,1054.0,12882.857826583015,11573.31845571517,12159.858596241329,12221.2764478937,393.82297412404824,12158.97215192934,12222.332808661886
952.0,1056.0,12964.194766792436,11654.086443364045,12243.742702740177,12306.078284222252,395.38105881871695,12242.879354266915,12307.396466702176
835.0,933.0,12860.043896488498,11478.18268700554,12096.424257840696,12163.5938207648,416.8600799385656,12096.924258431049,12165.862744176535
1914.0,2062.0,12504.895051384994,11594.905917266185,11937.511903796658,12046.510927623964,272.21098889026933,11937.577454616216,12046.815367232235
747.0,840.0,13276.092586660232,11774.90624583301,12442.268347484407,12520.31719795661,453.1113632213565,12444.60735527452,12522.077478573878
123.0,162.0,51016.16045772151,38518.80757698689,44239.24664873522,44664.61601520198,3780.782620399199,44238.96498814753,44684.826707340726
676.0,765.0,13996.505403526107,12333.502347284348,13069.401026056099,13158.848117286328,499.6345267233615,13069.999088397231,13159.909761553443
639.0,725.0,14132.559283107896,12424.506782804305,13179.102477827277,13275.912834432313,516.7507449871645,13181.094235482407,13275.101655875882
653.0,740.0,13741.625658678775,12095.600085110833,12819.292911454568,12913.627617382488,497.9291814085456,12821.12826836901,12915.055664832997
602.0,686.0,14846.62460602077,13000.625862404828,13823.999733972554,13921.342220249631,555.6979050780649,13826.075927941387,13922.134251702082
422.0,492.0,32133.84203283632,27464.658444060864,29492.583349045297,29776.681119095658,1412.3132729739593,29492.51000474761,29773.646392470448
380.0,447.0,18328.940503649428,15523.566626143762,16805.358890565683,16913.79268449856,842.5284693371349,16803.458487745935,16914.67612515682
1293.0,1414.0,17312.017096340198,15809.156052253555,16398.847230191466,16554.364995331918,454.21015368693116,16402.73365513299,16555.63378022223
1322.0,1444.0,16641.701428422275,15201.85504235269,15769.362275255948,15918.773352562623,431.43599402594225,15769.307807703584,15919.545352309884
592.0,675.0,14657.294882582351,12834.798814734431,13654.14282824931,13741.048788602757,554.7021091722855,13654.135090875272,13740.901854156918
2031.0,2181.0,12819.004748187948,11917.206486492989,12251.027570829745,12365.808703013461,273.1046379791952,12251.83160551447,12366.870371085766
565.0,646.0,14285.771543066658,12458.793368875426,13285.481933641064,13366.693466700948,553.2049112011345,13285.089688369428,13365.50389777555
534.0,613.0,14799.600946859086,12863.290298794602,13732.799738102898,13824.29354121658,583.7836530226876,13736.448898517827,13821.54466850589
1144.0,1258.0,16020.951173539752,14542.800973584059,15133.771371286104,15278.901823358157,443.1583667314688,15135.853808155103,15280.436717463364
1252.0,1370.0,16053.62655307899,14642.682436784966,15200.584313048039,15344.751916345798,427.6829138305893,15201.821237833987,15346.310730498813
433.0,504.0,17692.177279560983,15140.634802834267,16303.043655890846,16409.074737188665,769.7665615234758,16306.263621148159,16409.509336172952
936.0,1040.0,17216.315490657864,15474.631418885898,16182.938587371933,16338.905627423106,524.5538500677756,16181.934769708974,16341.05684409872
330.0,392.0,20242.929240170644,16963.827542200364,18497.1166090744,18588.132410086546,991.7332264882942,18502.16860179482,18599.62340196501
1109.0,1220.0,16455.481543737656,14921.235161708735,15535.933389130529,15682.435767383662,463.8775695428863,15535.443233060063,15684.231396885834
524.0,602.0,16121.261789420254,13983.415555158092,14957.679641730123,15044.473154424784,644.8985069826248,14956.33675394749,15044.870404395731
481.0,556.0,16283.712672260872,14045.410315775669,15036.28781012064,15152.193703162908,671.549473699351,15041.821606054258,15149.499604918898
687.0,776.0,14251.341959860249,12590.400109150882,13321.966977443213,13416.23899825023,504.0694455118814,13325.835395964645,13416.572459339623
670.0,757.0,14868.94929959494,13112.46423816833,13886.90654098963,13982.757738299102,531.3951406063284,13888.697303587664,13983.547739898087
647.0,733.0,15735.370874015172,13850.431752274279,14686.675728451037,14788.936223845325,571.5640329734193,14687.499259735985,14788.778045669489
380.0,447.0,24957.999806087424,21153.29803177445,22840.481769221664,23038.951821019305,1147.1701884576996,22841.658842504028,23043.736760509004
363.0,428.0,20214.52837991734,17071.803416137143,18501.985720991503,18631.32035055777,947.649506265728,18507.032259766358,18635.90910549744
521.0,598.0,20164.16079215244,17488.82130373642,18680.202363224184,18815.224555070145,808.1518917163265,18682.805520725127,18813.019733910656
443.0,516.0,20990.946373339695,17997.480326615583,19316.81741091851,19483.238255601133,893.6126642356107,19315.94860871488,19483.52722980988
479.0,554.0,20270.1214550359,17483.865172775935,18742.648720941583,18868.82759343415,844.4822961294444,18743.486079502443,18870.179240995414
723.0,814.0,18801.83679022969,16647.435664116132,17594.390528870445,17714.00181592047,643.3491666614352,17595.903139402373,17717.394557687083
702.0,792.0,18674.11918872973,16515.210334437565,17466.5560464451,17589.743101404616,649.5282715461298,17470.577794998313,17590.21171611242
1504.0,1634.0,11919.797421381489,10955.120963194133,11352.036769407914,11435.38969569087,291.9644137716869,11353.249272406623,11435.456556132049
1529.0,1660.0,12223.784478159818,11239.906192432167,11641.439501709729,11730.152714798307,296.6091296314344,11642.604676577668,11732.781801606847
88.0,121.0,59124.64905456774,42476.158643277435,50206.64995147989,50629.09884496222,5021.876951769584,50219.611149145116,50645.49801935418
2172.0,2327.0,9247.004067240152,8618.88891153605,8865.611881471841,8932.703105802202,190.67334098505296,8865.433376382742,8933.015161069154
1489.0,1618.0,11072.292631293742,10172.299043947676,10547.059003034032,10620.871438220871,271.4523999990218,10547.67563208808,10622.611257895333
160.0,205.0,41994.113750119235,32699.164704468236,36963.706835311066,37289.16033653219,2794.2171715124127,36959.039315698115,37282.77325132854
473.0,548.0,20378.139641442725,17559.339714510294,18828.639473666004,18954.12636713349,850.0093865521726,18826.30826252082,18952.89275615314
1270.0,1391.0,12770.127162213364,11644.169404141996,12112.594752601557,12205.120458382755,338.5165925661325,12112.815355655835,12205.611850652394
2051.0,2203.0,12217.470886960331,11359.18715041321,11677.270630063347,11785.920313047709,257.9254061536444,11678.565105931333,11787.454192625522
680.0,769.0,19480.284247339496,17200.529404456178,18198.36123749047,18333.211220730253,685.9578091784809,18200.575746760936,18333.624441685133
1286.0,1407.0,14465.64916929264,13203.147234399667,13736.988175517221,13830.930517914461,380.7318060429182,13737.074961339713,13830.50475371744
1349.0,1472.0,13688.792597027094,12519.822737264063,13009.12863017983,13099.9519635524,353.33540436489534,13008.632881835603,13102.58716757035
1481.0,1610.0,11995.725741998996,11019.391279131756,11403.233478437789,11505.724969419287,295.23409951049854,11404.58340243035,11505.723224432246
1553.0,1685.0,12598.290752032495,11592.194239679688,11980.58841036555,12092.74375603354,304.2338583640851,11981.618067656736,12093.486149860528
3.0,12.0,235531.82980135948,57694.94524725629,139894.58437117343,140507.55563460468,54034.010063957096,139966.9329789355,140677.87992329776
474.0,548.0,26023.71551773563,22447.095081069852,23992.330744668463,24221.282279075745,1082.557153050661,24000.501872686793,24218.07746409602
1608.0,1743.0,14305.857901546837,13180.299511728706,13617.988684261165,13739.67803994844,339.8542177472624,13619.689607304965,13742.230351529452
1416.0,1543.0,15407.998753164029,14121.004417732442,14634.745511136567,14763.702664365577,386.7144076666056,14635.632692441903,14762.024559780697
1423.0,1550.0,15403.557335248026,14123.689703405009,14629.79255468575,14758.719635379854,386.07721076399326,14630.615378936965,14760.133221341312
799.0,894.0,22026.745751128514,19633.44848302252,20647.26270357499,20821.81095068556,725.4441581851552,20646.647628569175,20826.684851713406
1708.0,1847.0,9936.119389992347,9177.01209419409,9484.291318832638,9555.104423319752,228.69025146668966,9484.592187576256,9555.737465812628
733.0,824.0,21429.384515223657,18999.425345339223,20042.785031852305,20206.954527270063,732.1639527477499,20041.880215249912,20211.81140080087
446.0,519.0,27975.681355155168,24003.949229073754,25753.715026731086,25975.58451267314,1191.5974581769171,25753.818642660644,25974.93414507641
413.0,482.0,18868.98370187167,16115.908830179751,17348.43797759575,17478.601079169606,834.5927214455502,17348.710469132202,17476.31997818098
957.0,1062.0,18465.479095906197,16610.63341371087,17381.13775529392,17532.114439608027,558.7821985829469,17383.315444984502,17532.758546667083
432.0,503.0,19448.036769200542,16636.181747595158,17903.994104615966,18033.371635186788,847.4602809289091,17903.448249500147,18035.984145277762
1789.0,1930.0,13656.863421286762,12637.510160032856,13037.124103875485,13144.68941825366,307.71357827573934,13036.295969667233,13145.528383343677
319.0,380.0,21231.376327788854,17740.057680175283,19322.08793976287,19464.747918407196,1058.5977767258069,19323.020672298517,19468.34446989257
1578.0,1712.0,14577.872986729324,13420.366301090988,13883.508216428498,13995.56189577646,347.8290518864944,13882.281950659104,13997.197530036818
538.0,617.0,15724.801789555178,13668.692026409983,14585.2942340238,14690.165869750886,618.1497020487302,14588.312967201595,14690.611551565573
1122.0,1235.0,17759.89538597327,16110.397721538222,16784.742861573115,16932.15961879143,498.2532606046282,16786.66615142432,16933.722852748866
426.0,496.0,17974.127186294358,15379.896857273821,16551.47690739803,16668.37892460899,785.9612907543973,16551.21161929513,16674.97621916942
1359.0,1483.0,16271.8584999611,14890.617181709147,15446.693500018891,15578.58380403781,417.31980374757086,15448.004719824015,15581.84658345468
1152.0,1266.0,16172.805265201994,14688.953703066734,15297.405378449852,15425.380745808663,447.7281905898592,15299.911201646684,15427.84169568201
967.0,1072.0,17813.19568527894,16040.540533974303,16785.16086333401,16918.646846484608,536.280622135251,16786.464796879627,16923.976692029424
415.0,485.0,18402.687588210414,15693.639111439597,16915.773569094734,17043.323907539423,812.2551306563334,16920.093972578063,17045.79687782824
2077.0,2229.0,11484.932605326361,10687.95083982701,10993.653156399054,11085.664128504328,241.06779908791574,10994.723959050421,11087.284775630951
486.0,561.0,16928.786332353066,14606.101004157841,15640.602226122528,15757.166252622948,696.4496981422709,15642.602640150868,15762.604178812151
1673.0,1810.0,12180.759391764079,11238.332485878957,11605.211240189588,11705.608078292076,282.50601816929816,11606.68058254651,11706.674506423793
444.0,516.0,16915.24968851867,14517.944493340048,15585.760237445033,15705.063654755077,726.5220115978914,15589.220703666551,15707.03568750784
1422.0,1548.0,13031.29805253603,11950.263040942613,12388.541605963406,12488.463240967192,326.5599050326999,12389.81863755624,12489.047617165035
291.0,350.0,21346.61428696961,17688.518741352527,19361.86002104749,19501.71744638708,1102.0940072351675,19362.382709673984,19502.629194245164
1915.0,2061.0,11018.563163803157,10222.02707393153,10530.32936490561,10617.74545471492,239.88711052379605,10531.080376996038,10619.485643466813
583.0,664.0,14655.523746399209,12824.161964059074,13637.090531391392,13734.072155148626,558.4574348586224,13636.834605588872,13731.958534711224
1624.0,1759.0,12440.563363210802,11468.476303549023,11855.927947514934,11955.619767583821,292.8235632513035,11855.02873185065,11955.921132171068
436.0,507.0,17243.916304347935,14769.414201124995,15879.037327157632,15998.269908808485,744.1024223222482,15879.984310928114,15998.735531130787
1796.0,1939.0,11915.52904436979,11023.583371689168,11369.397998357725,11466.368366421917,268.5319693743439,11369.545438928611,11467.438650012755
334.0,397.0,19790.75519687526,16599.439868349153,18047.835422155535,18176.293164725575,965.192778099484,18048.79187342811,18178.190536279286
2303.0,2463.050000000003,11046.5265378278,10316.689655915601,10590.197766204248,10680.107923814176,220.93998488238492,10590.257072566368,10680.71741521827
763.0,856.0,12402.710799609615,11017.487720956962,11631.4760069662,11706.487560094647,417.53395305139344,11632.185876041682,11706.538463318577
1587.0,1720.0,13262.040142815422,12215.646540003989,12633.36004702188,12736.555071320048,316.95511386793663,12632.465693112425,12737.002834774481
2132.0,2287.0,11874.661835376595,11055.138406898857,11366.19498925367,11462.678051837105,246.67104023705028,11366.538611778135,11463.92081218702
1070.0,1181.0,10010.215421550789,9056.37057177894,9466.27735770041,9530.187024460785,287.88387946736833,9466.187847365933,9531.712636057513
1617.0,1752.0,14246.457462657201,13128.742806068789,13569.709555276542,13685.97650597199,336.621852854498,13570.7137370144,13686.573733485997
1779.0,1920.0,13134.18203281633,12150.507976381135,12531.122790284238,12638.30250895731,296.19176452285024,12533.775034537306,12640.318297525628
452.0,525.0,27749.04120570068,23840.146618293005,25564.62306410802,25782.491682857777,1180.7306438182,25569.74136772348,25787.19064885789
1572.0,1705.0,8057.756423324297,7414.313883421246,7683.1496086099005,7733.847713767435,194.17367787414756,7683.73981685326,7734.730523896059
1313.0,1435.0,15495.131016645775,14156.976859550545,14688.190910082603,14821.16921167036,404.4147682624619,14688.613368550505,14821.470350830383
685.0,774.0,19623.52868636292,17327.07102102791,18301.691439129132,18466.575238211968,690.8857162069651,18303.426036469456,18466.86505298716
57.0,84.0,70424.47567077249,47013.43938005902,58023.38960671428,58455.13464902377,7053.143974168308,58017.627085227075,58483.07214078374
1212.0,1329.0,8740.874219485973,7951.522956132981,8290.920425938595,8344.298012944137,238.87880133752455,8292.196082956681,8344.733899448267
1838.0,1982.0,10892.193075122743,10089.42733548062,10398.851579396127,10490.40710830953,241.67275667170978,10402.053330143714,10490.232805851972
1454.0,1582.0,12387.157857606604,11363.206388531518,11780.544349934611,11873.14352478588,308.6895829831387,11780.653168609946,11874.127794390242
912.0,1015.0,15065.348945464211,13516.971473134001,14178.29347914536,14284.96129450234,464.53798446336225,14181.126041465845,14286.257244632907
2042.0,2194.0,9347.723602337599,8689.9185710475,8942.041150733357,9016.439540176976,196.99751464130284,8943.284259555341,9017.00525851672
1087.0,1198.0,9382.715059651444,8493.80798226522,8883.309811761412,8935.734521486807,270.48997184799526,8884.5215121064,8935.096762776284
922.0,1025.0,14987.53085764669,13461.93564310325,14099.138447869258,14217.94961931632,460.07116900854294,14102.832410171924,14218.69967747685
601.0,685.0,14304.042750419438,12516.324460956566,13342.168402262787,13401.85609562425,539.7703746127476,13342.137913765493,13404.672207448592
1022.0,1129.0,13896.405648858994,12544.135714864655,13127.150916832741,13215.34587712288,407.0950148577394,13126.564045683032,13214.692868968898
1445.0,1573.0,9515.295624426866,8720.504353369088,9063.087422600616,9115.515272259849,239.19859560581963,9062.907599756489,9115.272033614268
43.0,68.0,74703.17478690844,47182.18572682231,60129.43102673607,60625.80766918703,8251.787317485212,60212.473819466795,60619.02185809553
656.0,743.0,14012.005314200353,12330.24006130841,13090.956831901745,13164.737605894037,509.9020026959402,13093.525051408558,13167.16144921496
3158.0,3346.0,5956.0509537397265,5612.253789958153,5753.336529777817,5783.420035167587,103.7478704293057,5753.744871481315,5783.762456292057
884.0,984.0,15027.656932440506,13471.885251272177,14130.095008596973,14244.771182052009,470.0117766534229,14130.77506893449,14243.827541437793
898.0,999.0,15319.420051797795,13736.64822813651,14406.301554518375,14526.767525142954,476.53415523160214,14406.402226893924,14528.194859088038
913.0,1015.0,14105.192077811646,12665.945292115619,13286.996552002287,13380.454833677648,434.4697444704484,13290.123690425848,13381.824907168946
1090.0,1201.0,13636.325028971283,12355.512833957244,12892.737815751902,12991.627835105646,388.5790290906373,12891.456079562482,12993.340113928103
621.0,706.0,14048.788267804239,12326.800838517483,13096.557558174027,13185.119006577152,519.4401116748317,13101.324286840452,13185.168278364868
615.0,700.0,17862.683496986745,15672.507173546099,16618.350046631123,16760.71593372309,660.5990724856644,16617.481214881132,16759.39650132112
1210.0,1327.0,11670.671891959744,10621.203138425713,11062.836860120859,11142.047971482101,315.9749791230453,11064.506692690553,11144.721997607432
1009.0,1117.0,10296.91280784276,9281.961153019987,9731.781410199197,9786.719644458346,306.49956679557397,9733.094609137626,9787.016380178897
605.0,688.0,17422.68506402279,15269.34324190715,16186.557641475201,16336.635882135835,648.9275206100782,16190.809609953201,16337.779382592955
507.0,584.0,19442.630398254554,16844.70424719084,17984.725404546898,18137.596733238763,780.2420869963938,17986.153592097304,18142.27050452171
829.0,926.0,15577.591662003733,13915.705821157575,14617.617716342602,14744.67898545393,502.5958253018079,14621.153288179508,14746.749085603335
641.0,727.0,13756.459098165338,12096.173927998912,12848.546950858803,12922.741157703314,502.9549796745501,12849.254305855187,12925.77629750832
764.0,859.0,14683.617252727669,13050.897257960545,13749.430019610802,13863.952517794909,490.0684525573057,13750.61525655904,13862.669590333138
610.0,695.0,14808.394271438208,12982.550673605749,13796.99928693132,13889.536347516832,548.919290892352,13798.752230806616,13890.970887705196
503.0,580.0,19155.282004138557,16584.96950882187,17711.205922109362,17856.11808538234,769.5775689587738,17712.4651514174,17855.185418981055
679.0,767.0,17378.744707189093,15345.667423100353,16226.707007956707,16351.776755344037,614.336001497192,16227.099477285974,16351.968815157974
713.0,803.0,20306.788314987545,17976.08399636604,18960.350163685318,19128.487752007928,700.2561202538618,18958.405705619756,19130.247512429192
1431.0,1558.0,7899.62017539932,7242.5774909603515,7525.138700265381,7570.563492660724,199.10904423599038,7524.516299306496,7569.739004664203
670.0,758.0,18574.472233603097,16384.44376069659,17319.230844373764,17473.08186728984,657.0964624638149,17317.77983164042,17472.713465910405
967.0,1072.0,15390.796008179988,13854.855187153444,14486.107923648195,14615.879846221786,462.0040306040921,14487.03489385433,14616.966405923557
1076.0,1186.0,14833.844553469338,13421.816135831139,13999.540006485133,14124.275555861283,422.88793496152016,13998.893106980859,14123.957728123338
549.0,629.0,16883.998611914118,14701.13087440098,15648.52567450891,15784.66752252299,654.8876569946906,15646.1669985251,15784.087923333811
621.0,706.0,12229.725459504998,10740.261867084175,11407.944735211267,11480.15823325227,452.87478660832744,11410.32197400991,11479.58344981393
712.0,803.0,13808.6873821426,12221.447123627428,12939.58764764621,13009.399188559155,478.2519161056021,12940.596616575429,13011.11577905558
451.0,524.0,18148.00498995345,15587.30620728689,16752.33647706204,16857.715183878947,774.2143090083393,16753.987361100877,16855.492469625406
703.0,792.0,19835.908450715862,17557.62559112397,18531.626217774676,18689.645289965494,691.1435569363103,18528.57018889921,18692.4387357822
316.0,377.0,19292.05282602561,16101.018411168632,17570.83461408323,17684.83047024824,961.7804319877571,17573.748802202754,17686.823027162794
1140.0,1254.0,15670.436539763978,14229.609673330202,14812.268210916238,14947.482074284197,437.58725884208997,14813.363444689692,14949.374248385766
392.0,460.0,17281.79003661844,14678.269262331376,15864.706051653233,15969.697376426024,783.9649499757809,15869.88931615487,15970.683433702969
1008.0,1114.0,16956.14237710491,15300.232341671066,15973.554006790917,16120.405087550917,498.21091694723515,15975.491130997472,16120.779142376741
909.0,1011.0,12133.988279218425,10894.405195177726,11432.573344778924,11508.368618129716,375.7989284229416,11435.762834112302,11510.205978853744
484.0,559.0,23902.324221998802,20630.86960768103,22036.94280210532,22247.98644242954,982.9423432901096,22041.897828834823,22250.946369851517
1193.0,1309.0,14567.482412891748,13250.405884221609,13768.850995274706,13905.485052815044,397.14302202920663,13771.184386217774,13906.848289037478
788.0,883.0,19040.972336098053,16956.143317966016,17815.253084749686,17992.446187666636,627.0195818852202,17818.09147461265,17992.404268393715
645.0,732.0,19346.909492544462,17030.09117079999,18016.0255789343,18182.39067770981,697.2042450876593,18015.166117363464,18182.967837408345
737.0,829.0,17982.50591005799,15955.468086523628,16805.341008024927,16961.920245806818,612.1044847493957,16806.76660131627,16966.414732837544
923.0,1025.0,11416.524892021389,10255.855088138893,10756.594925173611,10833.984941050358,350.98080333596795,10758.553372672448,10836.714059510758
812.0,909.0,15910.114479793574,14191.281888829244,14904.231947927665,15044.308730332523,517.0717884406564,14902.868981944577,15047.214448060651
660.0,747.0,12028.153385623958,10602.690776142048,11230.9673298696,11310.315897762528,432.2380806820061,11235.514773577577,11309.061714321966
116.0,154.0,30814.970505490233,23020.812836750225,26750.540763956284,26851.745389908734,2345.7163984088625,26745.388715048844,26870.154048427088
883.0,984.0,14199.864916315451,12721.040353972445,13328.056507440824,13457.066149079232,443.6377863293547,13327.89179145517,13458.725856475414
301.0,360.0,20138.2716010218,16751.44857344061,18315.47304495716,18430.050537714633,1031.6751392222593,18315.102706657108,18432.76713226077
402.0,470.0,17031.55936145637,14511.585193265,15660.051140198746,15761.588733688313,762.4002398820147,15659.02130647761,15763.07191798929
701.0,790.0,15418.77379018275,13639.255655291077,14406.687246513591,14526.106568486095,537.3351233256468,14405.069328679825,14524.40658909867
1450.0,1579.0,10489.608612150281,9623.241191943845,9974.297460449845,10054.410588922055,260.2946755276721,9974.884059647276,10054.523795408262
774.0,869.0,14621.597664394367,13008.683919772371,13689.390226319318,13809.840384723751,486.90443578250927,13688.539987520682,13813.909410279193
813.0,910.0,13050.433499972243,11638.383847949619,12275.832718687216,12338.270746212469,425.0967006847985,12277.427732449161,12339.496597707828
770.0,865.0,15533.645571181538,13812.09437104631,14529.399256937651,14666.100913155293,517.7947891691705,14530.448222630937,14666.845463570402
1190.0,1306.0,12708.24734790241,11560.115686812876,12031.174163327642,12133.804551034047,345.7951929984266,12032.198431014447,12132.838802301285
667.0,755.0,15137.54868262785,13348.466681792304,14144.540953637314,14236.563797040917,537.9472824431292,14144.533978587686,14239.33892393626
666.0,753.0,18058.412812591763,15925.803635967213,16862.395823254905,16981.47317695539,645.8640597564593,16867.60263624178,16985.359040158983
985.0,1091.0,15117.490963709704,13624.452840105536,14278.928490635899,14368.312148254758,451.1737934022661,14280.820259493074,14372.225331819063
624.0,709.0,16699.81911174232,14661.27699382127,15559.744681226017,15673.02854237587,615.5602656814478,15562.513336738075,15672.878820655944
525.0,603.0,18598.787765920675,16151.548633279806,17243.969503175238,17364.67808405974,740.8022977415764,17242.783578488965,17365.43572147781
261.0,317.0,26661.996032232146,21879.64963710167,24069.492840064326,24244.97974437308,1440.8743548036289,24075.081805487625,24238.698682848924
1173.0,1289.0,12979.857103241133,11793.994927916692,12296.016587081818,12383.979132233697,357.3378737887378,12296.921058697206,12386.14572291778
3783.0,3988.0,7414.369917796373,7026.210056307197,7161.375696879959,7219.563898826794,117.05434000032054,7161.693547721858,7220.546096604163
393.0,461.0,21613.032234998263,18369.25879800297,19829.15918365381,19972.018768466754,978.2802926463661,19830.479822294343,19972.816989234132
972.0,1077.0,16135.565717974845,14532.832565585973,15202.699326514916,15329.471765119692,482.6007458451566,15202.774410282871,15328.533791654885
537.0,616.0,18954.924916786495,16476.073802383162,17567.36894183803,17702.530034647345,743.6833522104216,17571.32476517356,17699.425368676944
956.0,1061.0,16122.45172932403,14502.804611099758,15180.1847449998,15306.179178530268,486.7562380288741,15182.240298412376,15306.327480197802
1361.0,1485.0,12484.748354362655,11428.091294207454,11868.300228572378,11954.377815310712,321.17589750941966,11868.914520928285,11956.127348262591
650.0,737.0,19313.256107681635,17000.82636610436,17984.61718386263,18149.23025811658,695.8755952401586,17993.015289781128,18150.488873332983
1604.0,1738.0,10632.552386310095,9798.458432624493,10136.790417588789,10213.084145575149,252.47589042482517,10138.378447494859,10213.953456486268
765.0,859.0,18445.527336439616,16395.997044689102,17257.035304256555,17415.31205074131,617.5719594721508,17260.718754753358,17414.141331105213
459.0,532.0,19571.1667675122,16837.91291793733,18060.786232305858,18194.549199179197,822.9800914388402,18060.74319068108,18197.361987926703
632.0,717.0,21603.200593520232,18994.301352672082,20128.4106653847,20292.490654705456,787.3623387134593,20130.119657321262,20297.278792904814
890.0,991.0,14687.907333116367,13165.092946851793,13811.868129399229,13918.23124430736,459.91632744059063,13813.790724771758,13919.44909099975
1499.0,1628.0,12932.97520615,11885.869271363805,12310.300761225177,12407.394536851527,317.89645725759857,12311.003212494923,12409.49340814916
1052.0,1161.0,13604.835558864537,12298.4847373564,12847.713481698536,12948.184835035687,393.69260848844715,12847.761620176207,12948.47752122045
2098.0,2252.0,11185.365736489795,10406.514489560881,10704.837083940556,10795.328172203224,233.20015703694804,10705.372294732373,10794.877088863057
1000.0,1107.0,13005.307431807458,11726.583343740995,12272.957900122286,12365.055404653902,385.5802071470555,12272.729219522187,12366.235201990516
1149.0,1264.0,15189.813987808264,13786.871655471343,14364.180597300816,14485.685943029957,420.18942885945603,14365.42892574392,14488.63908135387
1032.0,1141.0,11915.647355741883,10760.857147181521,11252.93391555229,11337.278471932636,347.46193988846966,11254.243577491434,11338.083700439172
1246.0,1364.0,15533.611899139527,14158.543084360823,14715.192690997377,14842.541529040764,416.33166152928317,14715.784372512151,14842.957680618902
1340.0,1463.0,13729.114862040784,12554.47078009399,13022.567613240957,13138.718759664838,355.05150281728885,13022.909804401574,13137.438504239371
464.0,538.0,15992.890365223275,13754.674347437704,14769.30342315471,14868.535309584964,668.2353749874237,14769.450458247888,14869.587661116797
1564.0,1697.0,8766.573915667781,8068.329891992085,8365.29318684871,8415.982001384213,210.48301214119581,8365.86057541806,8416.977158307063
1577.0,1710.0,11779.236556274953,10846.161209382299,11208.28270070554,11309.035854393405,281.90650748612256,11211.118948466603,11310.23197245872
695.0,784.0,15331.479325280812,13556.209405898971,14350.936207185627,14438.195995894486,538.3675441074182,14354.208536346307,14438.850471464826
1384.0,1510.0,14401.674089871387,13180.973218991343,13670.372234002753,13787.930474242119,364.0512994975539,13672.247697448043,13790.18843386476
414.0,484.0,18705.667251653686,15967.982700409879,17207.88092505246,17324.48139445659,826.1633331031954,17206.755604803417,17327.714282407036
1083.0,1194.0,16795.207872632323,15208.506396597479,15858.94475215527,15996.953333318486,479.18455340517784,15860.726064423847,15999.558205332503
1425.0,1551.0,9290.423031481972,8516.877085806906,8848.311166494266,8903.681459119385,233.9336005442903,8848.899463216136,8904.469563056644
1267.0,1387.0,14285.758107302794,13026.863878162862,13540.31117745348,13653.001467382182,380.27056975869084,13539.736521634131,13655.448226206672
455.0,528.0,21256.50890222321,18287.280600418726,19606.027865043136,19757.553894390257,899.2154623437815,19609.540932023727,19758.31792648559
1447.0,1574.0,9180.094005252404,8423.015360911368,8741.74751274733,8799.338855032549,228.79077528267624,8742.004675478223,8799.006284575573
671.0,759.0,17030.114414857213,15019.024720385492,15886.344759129095,16017.637729766917,606.1329955981768,15889.0183263887,16017.875334506798
765.0,859.0,16227.648720967227,14428.788294742442,15174.97632370851,15325.636270856752,540.3420085131396,15176.705946313585,15328.886183730276
525.0,603.0,18838.312665699254,16366.0365835838,17435.556374734006,17594.623343325267,752.714264623236,17436.25164128266,17593.655765766805
973.0,1078.0,10528.204787967481,9478.993038771177,9941.593259308996,9998.616833720713,317.21789643514325,9942.312172224598,9999.911860865699
900.0,1001.0,14336.092596836497,12858.441390388192,13470.663214356608,13596.00859574512,445.2851165968503,13473.356522355309,13598.995285190631
1431.0,1558.0,12040.605098986713,11043.30227924796,11449.957419263472,11538.365761266725,302.1249438953165,11448.465581930988,11540.840520618529
1020.0,1128.0,11574.451657245503,10443.848816454454,10945.361365054065,11006.32722569363,342.61085865879727,10947.527218941577,11007.686486560295
341.0,405.0,21746.016034394088,18260.350499098862,19873.994779847297,19991.466162801138,1053.0289853598513,19880.530517618183,19995.356178636634
329.0,392.0,20480.977825043447,17136.906253073863,18698.551438446175,18788.98953134647,1009.2450771678944,18696.738253709456,18791.38490399965
427.0,498.0,18735.570215531363,16023.737624637324,17264.36384814967,17369.631986802153,825.1279778919726,17268.698188396724,17369.87943781256
602.0,685.0,19677.27375501234,17236.146069585047,18295.448390860038,18451.070937974575,734.2699214409053,18300.47716313562,18452.8535554006
355.0,420.0,18954.97316238895,15982.282212951353,17324.17586921492,17456.959348348,898.4022498330976,17330.697885615693,17453.44638343955
1178.0,1294.0,12055.50809375326,10960.024138062694,11430.173651547739,11504.176271754408,329.790414970996,11430.616851528035,11505.149213269904
484.0,559.0,15926.117152474459,13745.131153823855,14729.868758082619,14830.154732217925,659.9586664622199,14732.125026121346,14830.795543762973
398.0,467.0,17657.597676065187,15004.65242748325,16221.277383028133,16320.407796710815,798.4970346968627,16221.554455036507,16321.898423944698
786.0,881.0,16740.070034681023,14896.619587367519,15660.480388953743,15811.785072904473,557.0374105852404,15660.418433390128,15810.126792684365
771.0,865.0,11115.062132225376,9888.279416016567,10437.619595891128,10499.250870969796,371.01098067521264,10437.511596635051,10499.624083570727
756.0,850.0,16710.68891029334,14837.148362673395,15620.926055756896,15770.35214710701,563.5264617988055,15620.270210684057,15769.031065290012
913.0,1015.0,14769.159963551065,13260.626027928543,13872.83505581974,14011.250337897402,456.77081677885855,13875.755067251292,14013.05085023976
622.0,707.0,12367.951187309722,10854.061611098203,11527.091237381677,11605.202973242003,454.712981188108,11526.148368489592,11606.292023908212
668.0,757.0,17723.190832115164,15618.13872648713,16513.763729152735,16664.704517040005,632.2842235981373,16514.459793483387,16665.037335355926
483.0,558.0,14388.702250821922,12412.11118603649,13305.080239601044,13394.470201858194,595.5790550781227,13307.200289739083,13397.358496259045
425.0,495.0,15396.45859873893,13155.854032106596,14169.562796489761,14269.600032529703,669.5814336874231,14172.838553359927,14273.863681726963
681.0,770.0,17019.866078602092,15028.907096007322,15870.056921311063,16016.889541273275,601.4374218126468,15870.270082489118,16020.223969610455
380.0,447.0,17051.93532246062,14446.130588877617,15628.658029044673,15733.98277405808,783.0316785442304,15629.50011153276,15737.08221765704
430.0,501.0,16749.62138732062,14335.89273480084,15427.41776378564,15531.235270641555,729.9292701582624,15426.935096919078,15533.532458907253
714.0,805.0,17291.776955813093,15293.769387121389,16141.31522551384,16284.661142796584,597.8323453296271,16140.911483560527,16284.078635129474
434.0,506.0,16327.682187575829,13983.02456998438,15050.702094559503,15150.025897091635,707.1798578263749,15054.427659941695,15155.143309073148
385.0,452.0,17142.96185375422,14534.653265579213,15717.196771901426,15822.760555099034,787.294525168196,15719.796959894516,15822.260771263582
532.0,610.0,13384.593833455985,11624.51140931352,12416.39016806334,12502.175337388639,530.1992718408793,12417.652638166517,12504.392388455404
1214.0,1332.0,12923.63126176574,11763.971473068053,12223.024151217945,12342.99906882429,349.79982435856493,12224.491734180325,12345.017891985104
548.0,627.0,13293.253936103667,11575.22259476286,12341.468679896729,12426.861436701782,516.8042841848797,12341.420877615406,12426.817891987872
611.0,695.0,12574.35075753288,11021.12124200308,11719.071312993497,11792.080234750438,469.2605953140454,11720.942243137571,11795.402284880262
333.0,396.0,27595.80343444364,23116.327742683286,25125.489593294238,25337.254026164796,1344.4567143719103,25121.221798029004,25340.022213087817
469.0,543.0,14882.599425382366,12817.849853204023,13763.356465290384,13841.69510243381,623.4538051146511,13766.461692562729,13845.204091082018
542.0,622.0,13016.573652561803,11325.956915004288,12092.35774044866,12164.828676148205,508.48212922279504,12095.560677437896,12167.790627878881
1213.0,1331.0,14765.89141500749,13429.537930600809,13976.328441183105,14093.500522440752,401.0181356408054,13976.939457405198,14093.622359333898
1150.0,1264.0,9475.248981355096,8599.539995309107,8984.53693648225,9035.310442947977,265.0918075488511,8986.076539449223,9036.712023937664
1541.0,1672.0,8293.352042272503,7626.522486149748,7908.375781931987,7958.119479757562,202.0245302379355,7910.209395168132,7958.425549182717
848.0,946.0,17588.722922540004,15721.637741135959,16508.676974363636,16647.76725735921,563.2718977039376,16508.09678218761,16648.2496383277
1182.0,1298.0,15335.026359732705,13939.514947116788,14515.524732987004,14635.337424408803,422.8810586048623,14515.488062430206,14634.429795810152
730.0,822.0,12333.08562561173,10932.070575430776,11552.457295988721,11628.955727819097,423.31210782211747,11554.801545371676,11627.97068132112
1291.0,1412.0,14958.25381420976,13650.343057200202,14181.131190474774,14299.839936550825,396.56671642095165,14182.113030422584,14299.08429067979
1250.0,1369.0,14279.27389266171,13007.051676056883,13528.399050369992,13640.687803147883,381.61307003438554,13530.726690709702,13641.519369963704
942.0,1046.0,11210.843470042608,10079.876363896827,10571.41357997986,10639.818436984695,341.92721275562064,10572.773831142405,10639.600706256893
735.0,827.0,19450.593507149966,17244.609106378262,18187.239729401594,18337.50503760662,666.7418694018462,18187.29697210697,18338.71522959551
744.0,836.0,12531.355177023115,11118.0451497961,11768.28358208649,11822.351738847843,426.49682896857706,11771.267116699872,11821.426708675941
693.0,782.0,21244.88125447478,18765.901748298238,19833.64164107759,19997.90790763985,748.0443457795772,19833.065260362928,19995.80176917742
694.0,784.0,12388.714659706486,10945.157707973221,11590.960317546565,11662.750210564649,432.9541668666927,11593.592028990119,11662.640442014437
1195.0,1312.0,14343.00542083033,13037.664974036521,13571.392118884407,13685.794911088342,391.2597657481803,13572.853877642287,13686.34353228464
480.0,554.0,15126.84213373794,13058.864569900892,14031.868876335579,14085.158070892121,629.1165340468366,14031.60652125888,14088.555027944123
374.0,440.0,29244.283226551022,24759.104878887974,26747.92770879813,26970.283166724414,1357.6318017555943,26752.13849931905,26976.177654791463
519.0,597.0,14834.365079234363,12857.731072428258,13766.913351432016,13837.481852937975,593.7872124053988,13769.453090483075,13837.945505087535
114.0,152.0,39946.999976590625,29793.089440611377,34609.85664190567,34798.42682328204,3062.998422727047,34607.02126014495,34801.954094982604
420.0,490.0,15850.098503447669,13533.965687203015,14610.546090291562,14682.236746160765,701.2998051095572,14611.984859306038,14681.967533144625
538.0,617.0,13406.508056652656,11656.922365366201,12465.555820124871,12525.131827427434,528.7743851450239,12469.374369839546,12525.917454495433
469.0,542.0,23176.90982483281,19957.61172453902,21378.460781246373,21557.787254247956,974.2034794239144,21383.51168682448,21559.72389564243
499.0,575.0,14456.939468033892,12501.66991323154,13417.647288487891,13471.934946080484,588.7589730589386,13414.401460951995,13474.128895036636
1576.0,1709.0,10303.504856506397,9482.142671573105,9813.99204551549,9890.126665796704,246.68158380588184,9814.828727779815,9891.00478380804
1392.0,1517.0,8913.220160953773,8160.4406151706,8493.92052802874,8535.650904398768,227.4126683688017,8495.517779137928,8535.273872082744
1139.0,1253.0,12052.902955890951,10933.905200390478,11399.765690950999,11489.499441621825,336.8837176659089,11401.81751602175,11492.498268674231
561.0,642.0,18457.699716952742,16092.713140591351,17134.234813441828,17265.399326975836,715.7007753309069,17137.614008465276,17266.425173874723
1085.0,1195.0,8609.6170596355,7797.881670174666,8162.40953920264,8201.78369503585,246.33327147745308,8162.8090676892225,8202.628632978127
1024.0,1132.0,14284.581280160273,12893.833319374742,13461.84942219658,13584.531370462491,419.989805070075,13464.077388295062,13584.933156541034
1258.0,1378.0,8469.290188802806,7724.018069011322,8050.4653969600795,8094.922615698096,226.1417212582314,8052.167708247488,8095.421473976786
1045.0,1154.0,13773.406741517418,12446.18515030225,13005.929047896423,13109.282564328956,401.2314800930248,13007.216596166738,13110.723449471318
1207.0,1325.0,13027.124716608718,11852.985303515083,12330.706235301943,12434.511190107774,354.30236865595765,12331.870590490053,12434.184469911299
1107.0,1220.0,13954.454046678706,12632.436508785036,13183.923605663233,13290.94157886718,394.88169611789203,13187.234551248788,13291.898079643684
1327.0,1450.0,13012.294039014863,11886.236668752086,12352.734321358146,12446.579922353128,338.48719971403716,12354.719986461136,12448.11611765291
355.0,419.0,15574.61431664644,13134.22017631845,14248.453553479061,14338.28447323769,737.1421135589617,14255.796712565912,14343.07764141502
1562.0,1695.0,11271.749395603509,10366.624753280814,10718.934563216004,10815.847637760518,272.66656760383387,10718.935651246386,10816.885855802244
366.0,431.0,13642.087157233902,11533.25809592719,12503.907374609138,12578.846718673372,638.7085993238347,12504.177887038228,12576.49539368931
1334.0,1456.0,12110.496659169234,11072.508175221712,11502.842533713014,11589.572134513694,314.9898678396845,11503.584840597678,11591.984131292498
486.0,562.0,11394.680849008408,9838.307053003638,10551.947676412301,10612.57337081227,471.7657412458809,10554.407017085308,10613.89006201546
1399.0,1524.0,11257.719620714965,10305.738523977607,10682.278154602178,10779.723923965958,285.89935521356625,10681.403075039721,10779.801271821047
425.0,495.0,12931.375622936703,11055.642285699414,11913.585089271817,11986.969355601448,564.5785048633444,11916.1637215129,11986.76087562649
543.0,623.0,11754.946120748247,10233.333561495092,10927.671357331521,10990.507788203597,460.59987642468593,10929.288819836365,10991.866079076539
584.0,666.0,18225.873083907314,15929.235966427594,16899.92817792852,17067.524110912196,689.9159073842735,16901.96039195966,17068.097416627606
346.0,410.0,14221.920797581246,11962.007660850966,13001.03559719983,13082.098487923264,681.4386789627983,13003.162124239858,13083.271207522046
749.0,842.0,15652.445722541974,13895.46941308478,14628.95640521495,14766.559605687058,529.4405212052322,14630.278144053844,14768.690910338222
701.0,791.0,15584.522430892806,13776.066933914388,14542.32195610745,14674.38481058999,543.3502794542676,14543.91421055171,14674.261108318446
470.0,544.0,12442.673753192588,10716.325658549182,11506.604573627339,11574.160977865276,521.3718714121461,11509.435125254595,11572.789779719236
113.0,150.0,47243.4092159767,35209.26661996487,40803.94246475808,41114.86232383241,3643.2874821247483,40783.80029649872,41087.10896471656
490.0,566.0,12347.955404450839,10664.067004763767,11432.31139593586,11503.9699116739,507.76979617875304,11435.278625353561,11506.535520068646
349.0,413.0,14216.070168059106,11965.639732097203,13007.837235652822,13081.925992807073,680.8161884851526,13012.816848689228,13086.416684475234
476.0,551.0,11419.417588882005,9842.136892430373,10555.886951608225,10623.690137097643,473.77886213989893,10559.586880535357,10625.015773800378
1764.0,1905.0,9342.30991060675,8638.791062819844,8904.436433124878,8988.648163836295,213.5598523940567,8905.126777778813,8989.119655039602
389.0,457.0,13535.711993188575,11498.142676126648,12427.33789507011,12509.75510010267,615.7569138368758,12427.740321375077,12511.709456573402
630.0,716.0,10046.831822777202,8815.850518445124,9365.530088989635,9426.358889143567,370.09453029938896,9368.33442897243,9428.281280790448
478.0,553.0,12338.77553058594,10631.4771759413,11403.74083585976,11478.325668709325,514.9979248168091,11407.813158668752,11480.827234681512
479.0,554.0,13028.834527682762,11231.696763249645,12037.291720108286,12118.405047443457,543.1288089481775,12036.256894356253,12121.112019267966
961.0,1066.0,12301.664682129833,11065.497134937119,11589.661265885485,11680.087938018574,372.8874019792125,11591.572495951405,11682.601445052815
456.0,529.0,12808.132269372592,11001.683776524822,11816.866068494926,11896.801760692246,543.5370577582613,11819.340027541377,11899.10463273936
1033.0,1141.0,12008.26217383359,10849.59150012812,11330.35175546361,11427.174702213531,350.94759480564295,11332.273307592055,11425.484343859887
766.0,860.0,9073.665737106212,8063.880773471419,8498.02607967621,8564.717954201837,303.76357657476143,8498.839070604989,8564.089781826378
679.0,768.0,14638.71463088141,12919.34021495106,13683.984262695716,13773.96632290979,518.2716116662533,13686.53651319578,13776.58178596038
201.0,251.0,20385.496258922587,16270.43565669487,18215.754808369496,18298.975747488144,1237.7509553287214,18222.721472389632,18305.663715269344
871.0,972.0,13061.552291493368,11690.511554259141,12296.514192355524,12371.734342296799,414.8212062858416,12297.58117178868,12372.069417104036
744.0,837.0,10246.884413437958,9088.618949571985,9593.805900024838,9664.604318794829,349.28671009428444,9595.902896052892,9666.36480306487
940.0,1043.0,13136.151254738881,11804.147687910072,12374.295334874625,12464.82926627724,402.34464802446604,12374.73878093766,12466.019934205486
1034.0,1143.0,11562.01274171853,10436.505943307666,10925.093324335223,10996.419603956825,339.8705451048313,10925.926879174676,10996.526384428074
495.0,570.0,13163.534830930166,11374.037559893604,12180.40291340663,12260.931222664418,542.1401737833851,12184.182931089452,12261.744497519281
638.0,724.0,11833.529503118187,10399.071228697392,11037.074392594159,11112.832243778128,433.79239032608115,11038.181665481043,11113.703932241586
571.0,653.0,15132.780516737375,13204.349543250568,14076.194839366217,14167.741637232604,578.969701662344,14078.660808310602,14168.361173080182
618.0,703.0,14725.167700254278,12919.80493389095,13712.41944955364,13815.08097369966,542.1394899402557,13712.016702252475,13816.43313822105
849.0,948.0,12923.46219031787,11558.539639054721,12144.330151788103,12236.417453732944,414.1178318765953,12146.339410958544,12236.227410581458
1169.0,1284.0,11615.341397869595,10555.54536658613,11004.141198797079,11083.127107382172,319.2249092436533,11004.613503193725,11084.61541695274
953.0,1057.0,10471.92170989607,9417.659831229892,9890.229532731619,9942.209136401494,320.2513354210552,9889.883592434308,9943.667292722952
989.0,1095.0,13180.881540236758,11879.204182845093,12445.958177703907,12528.166053782272,392.98467364141175,12445.688894879802,12529.33277840443
543.0,622.0,18087.0901950948,15732.058516944211,16793.533472229115,16897.60942673002,709.9955199929143,16794.0594558811,16899.580129339723
41.0,65.0,75587.29276318656,47439.85655938767,60823.55764740593,61212.43687391308,8545.507645844835,60840.00285190177,61233.92691071424
722.0,813.0,15714.340925537446,13923.524192820458,14711.089866359625,14809.479168212585,541.8281271349255,14711.585610683893,14809.795025224708
815.0,911.0,10766.745785245614,9597.133548106256,10125.761269130051,10181.103144241293,354.4904677935521,10127.14574389965,10182.471336616074
819.0,916.0,11738.833497451142,10460.53249436021,11037.095578318082,11095.328925130187,384.43493219075793,11039.516672231108,11095.990428768411
800.0,896.0,10861.073474369223,9664.589755539148,10212.438851374643,10258.430295189015,361.51989987473434,10215.353724220275,10260.495592786823
1188.0,1304.0,8318.930146483739,7555.819552604013,7903.680181664193,7935.378528517364,229.63200979913537,7904.112670629281,7937.0140091106
635.0,721.0,17690.67011026426,15556.189190666644,16490.85391202023,16618.996806528125,645.2687732853714,16489.692485827054,16621.38697981946
1131.0,1244.0,11903.085691856422,10801.301992707246,11268.661235580792,11345.83711573212,332.9112589279146,11268.434377863554,11347.593357592477
704.0,793.0,15948.452722189677,14124.223328795148,14907.948399105979,15030.567285514671,555.2721308669234,14907.927350723701,15032.096691941242
882.0,982.0,9005.602153026184,8063.410638281999,8488.521432283886,8531.890676060679,283.69652004320847,8488.43123367429,8532.759486685783
644.0,731.0,15893.221026545318,13979.412428576125,14801.543730415526,14926.520503695296,575.0075566462119,14804.542356420025,14929.255148984872
1006.0,1113.0,12552.25669204299,11324.405954066598,11837.245554367066,11935.290028419953,372.0821154527551,11836.888925859897,11938.309017911675
2560.0,2729.0,4138.827633512733,3875.4005370115174,3985.594254428668,4006.610705176464,79.51698237823163,3985.797782203738,4007.0189341070923
1134.0,1248.0,12559.329865236716,11394.698952259581,11838.536960512401,11974.247633355317,349.68103217854,11839.989376506997,11977.298038191924
1015.0,1123.0,13449.771425662138,12138.533350334566,12680.455544621129,12787.601035601401,395.85251874052193,12679.301576827542,12787.743429382468
660.0,747.0,15656.081437132478,13795.465708500522,14580.427785152937,14717.069289766689,561.8590809484805,14583.781035604896,14719.068657730439
1080.0,1191.0,12638.593662586372,11443.401797883875,11952.076726193976,12036.742005987282,360.84803370968353,11952.532764162012,12038.963074803904
734.0,826.0,15346.588504984502,13614.858395521089,14354.350961457129,14471.598431593411,521.5746496302122,14357.123243709404,14475.376102042523
1294.0,1415.0,12356.495720432295,11276.576903489728,11719.195452449052,11812.778902246453,324.36367007578224,11721.327090522329,11814.118814882726
1286.0,1407.0,9112.405148428086,8308.795826158055,8659.807461000713,8709.109451561619,242.51197503262122,8661.010464019168,8709.669750695395
345.0,409.0,21957.101275818488,18439.728777504748,20067.196051860934,20182.87841350597,1064.5408717268374,20067.750473190175,20182.893667946624
1325.0,1448.0,14737.761300528975,13467.203740056828,13985.038219783959,14100.85982621171,382.0491559280301,13987.149448457492,14105.074771957112
1520.0,1652.0,13037.872562146436,11983.930996549972,12403.897874605444,12507.240684925599,316.62793205158897,12403.659518391849,12507.90834035063
903.0,1005.0,10155.066265571415,9103.70086678152,9579.734734824058,9627.267431022308,318.4764526711207,9579.741441010203,9628.112133963714
962.0,1066.0,16947.877034889698,15259.896183370733,15959.537928884796,16094.152279809394,509.49035721994096,15959.923599214997,16095.836031337221
833.0,930.0,9047.528503642194,8074.860417178038,8510.172249844656,8558.036110709994,292.94857637062336,8510.580813289524,8560.184071660336
738.0,830.0,17331.320160766205,15375.34668131403,16217.74103151842,16348.236004407338,590.4670855994763,16216.970380498928,16352.23564644982
1216.0,1333.0,14123.240840398632,12864.185696937622,13377.154432920901,13492.123886439,381.2587973704586,13379.542986932855,13492.750376649152
1221.0,1339.0,12570.46322357399,11445.966900486314,11917.785128158885,12007.622671147505,339.52157481267744,11918.98510245119,12009.635411858308
766.0,859.0,15186.73400963832,13501.254967937737,14228.36596872017,14338.584482255626,509.7121024659958,14229.830558974027,14339.372217226604
892.0,993.0,14366.542288170871,12881.426931865239,13507.205122658532,13620.693819166587,448.3930333625168,13510.883430356667,13621.190677295268
1019.0,1126.0,14298.11841024405,12911.425719680394,13492.643629044724,13602.824701652055,420.09421094257823,13493.285952786573,13604.396885646753
1899.0,2046.0,11255.368434335127,10434.388629229295,10751.570057590523,10841.917780470681,247.81942897844178,10752.178428712534,10842.629200634381
1473.0,1602.0,13006.760278557482,11939.272476076718,12371.060645319212,12472.812307247463,322.19962204926304,12370.615482304313,12472.936112545261
1981.9499999999998,2131.0,10930.840532112354,10152.030871002224,10451.494983612178,10539.524702467708,234.32215602515134,10452.574204540195,10540.456164052728
1546.0,1678.0,12724.805232244114,11706.299915343814,12112.77788403663,12212.09762000261,307.86061789199846,12113.80719897661,12213.430946506714
1832.0,1976.0,11466.128448087124,10620.679702964393,10948.643334474358,11041.224677425605,255.66036395068755,10949.949542793718,11042.372898908769
61.0,89.0,43998.062530603944,29486.38428444458,36418.68970675836,36572.90149833681,4383.68674998276,36425.6769879587,36572.370640853194
1628.0,1763.0,12787.08487130642,11789.878578185513,12185.14562708968,12287.104014618559,300.71905106322623,12186.307464962516,12288.616692190664
1314.0,1435.0,13663.154759814628,12487.758585413458,12965.460574541912,13071.422906955539,355.9186597807022,12966.242922030127,13074.503449572421
876.0,976.0,15505.913234568072,13897.075051178197,14580.685287807586,14697.266567282799,487.2298913321997,14583.112201784856,14701.880975887349
1664.0,1800.0,11519.230350963995,10631.023484531546,10982.404824329216,11072.586416960077,268.1694601616939,10983.511579684095,11074.255961929104
962.0,1067.0,16353.951533729985,14723.320470742568,15410.378179198078,15535.662570312237,492.133831459179,15412.87884369136,15537.84298820388
496.0,572.0,20478.725339539804,17709.750555582403,18933.09075208374,19086.886969094205,834.9136383147694,18936.104770622656,19089.018740144198
602.0,685.0,17888.815602915296,15673.125882765047,16632.28079648528,16770.747304530927,667.0333871156558,16635.9703138358,16768.274558148714
843.0,942.0,18520.95927115094,16553.109655266933,17394.593847888907,17533.941865258595,591.9150746372233,17392.4830225659,17533.005247435492
1788.0,1930.0,12753.90323193057,11797.424537500752,12173.267805815605,12273.322567701593,289.05881860047566,12172.978962978415,12274.16229032466
1143.0,1257.0,14492.188105966778,13160.691756639253,13713.147413841385,13825.499585769976,403.4843934893335,13713.327874750395,13826.954992112185
1313.0,1436.0,12432.267684886536,11354.464836063786,11800.46066478835,11889.635035126152,324.7226015686488,11799.82931594241,11891.014235453424
1127.0,1240.0,12835.526824961304,11648.592067041114,12143.04938034672,12236.4856937785,359.7619129143175,12142.739882380902,12235.553615342593
773.0,867.0,15542.354990226828,13831.283267532284,14575.81211465463,14682.164758663568,518.6608247605294,14575.121034490003,14686.635876219145
667.0,756.0,18240.238307094354,16078.38048261585,17018.548737130655,17154.449267819764,649.3483809424811,17017.72528393526,17151.489181531197
1576.0,1710.0,12989.312536368752,11959.063677037315,12367.532892641491,12471.725598713894,311.30661376243467,12368.94273885689,12471.131584757391
1436.0,1563.0,13466.089759710685,12352.6120902663,12803.655374936052,12907.987407103026,335.73170296624284,12805.488327594927,12910.34357632802
1567.0,1701.0,13237.512301670113,12177.275972381753,12598.91780811318,12702.060151400929,316.8831015885391,12600.588609711353,12703.294024141831
798.0,893.0,18719.000315118406,16687.384940728673,17553.752331275646,17697.0240668015,614.4253042818486,17554.415778306935,17696.753310356762
660.0,747.0,19306.661025572448,17012.550471289804,18009.618181225764,18149.416299786655,690.050187793231,18010.072130712666,18152.61509822004
741.0,832.0,18118.302311558236,16085.4518087942,16962.392568628187,17091.624667972115,616.4210020625135,16969.466418318934,17094.650387416303
1189.0,1304.0,11651.359355364679,10596.286601813712,11035.347876536593,11119.63514969458,318.3939818016371,11036.492207395886,11121.94248979137
871.0,971.0,15392.679448183073,13787.268745886551,14475.43389750009,14585.714637141804,488.0396621595391,14473.769274409597,14586.323162750792
1654.0,1790.0,10144.86648527678,9358.308227146366,9683.679476706258,9750.774686233255,236.85216438897547,9684.746482233366,9751.976895354783
746.0,839.0,15522.944226023461,13767.514984062054,14537.303775404755,14642.067785108677,526.8627457024718,14536.908760264454,14643.818876598207
906.0,1009.0,13893.405458599304,12459.562380100822,13070.320424243097,13172.77757528733,427.8584946444513,13072.45541486669,13172.743093159123
710.0,800.0,15212.294072941744,13471.120333136994,14240.5769918711,14336.108302738634,525.1061522987111,14242.572113939153,14338.504774813195
775.0,870.0,14386.894082493904,12800.022463184896,13501.137096881484,13585.823387684743,478.0140821347518,13504.639589718665,13586.313272426798
441.0,512.0,15469.456893795337,13261.558790618057,14267.718842823659,14358.767302122613,668.5710357387136,14265.465605303521,14357.488065064761
578.0,660.0,14547.605084350645,12701.509982583822,13536.49992989437,13616.448670281254,555.9503413873117,13540.29644059631,13618.490500716254
564.0,645.0,14096.121419368197,12290.636386702341,13104.344163796479,13183.848874118665,545.2018113869769,13106.066684453157,13183.086872562199
48.0,73.0,63852.84256892105,41263.271006107476,51954.346522321175,52268.12770999896,6833.773519759337,51970.45000454412,52281.51156884236
1458.0,1586.0,11451.809627936302,10510.911649379868,10887.639545991624,10980.441348990702,284.0619882425434,10891.207640593699,10982.622948441398
904.0,1006.0,14168.610192240169,12715.186080527805,13324.587650034826,13438.919828095879,439.15668986881514,13326.453494178155,13441.107121108826
818.0,915.0,14181.712310797813,12657.580647003193,13307.61231914845,13414.91355864554,460.5222220580388,13308.938162746075,13415.232932267112
1038.0,1146.0,12050.01546976884,10892.354052279628,11381.698093458153,11468.219657079915,349.10310154361116,11382.46936052561,11470.510037368244
949.0,1053.0,12988.05844025089,11684.805295884828,12255.876553090424,12333.242833047352,394.5259392209712,12256.84454832805,12334.98917051379
1804.0,1946.0,9426.442719807017,8725.2332350046,9014.360311114078,9074.846375181529,211.83839742739443,9016.159927936256,9075.42171958775
1007.0,1114.0,10244.769566331779,9235.901699351221,9694.193080677293,9737.782231232744,303.62762968286506,9695.40315332145,9739.575929133303
970.0,1075.0,10939.368395101264,9847.312749391425,10333.701515266848,10388.657322022555,330.3738017350625,10335.018864101492,10387.843901982302
1322.0,1444.0,9675.771706674968,8843.931854446722,9175.203466856916,9257.418200560338,250.80600820977142,9175.062168857372,9257.330851088944
1449.0,1577.0,8663.630637137261,7944.04883635656,8257.189574033147,8301.913590677523,217.1200633286254,8258.666330248703,8303.571990321976
1822.0,1964.0,7878.661417062503,7296.046885679068,7545.464154368444,7586.028067433576,176.56748909038652,7548.312255557852,7586.481176041184
1168.0,1283.0,11449.42051988605,10405.717218972419,10826.883012825143,10925.248306916399,313.9413306043945,10828.962169334061,10925.81835322657
843.0,941.0,12266.57439595262,10953.968249818387,11558.920369825277,11608.183579836357,397.87572681883927,11559.347205041968,11608.900676867268
314.0,375.0,16321.723712019211,13598.221027817302,14867.666115719845,14936.94734836454,822.973609578278,14870.513198224115,14936.90971930208
1540.0,1672.0,11369.34495474287,10459.945774709297,10817.513987544,10911.593366602778,274.43872249356093,10819.018075576272,10913.00545992749
1074.0,1184.0,14482.554789160084,13112.289792181991,13670.397538834823,13794.482913393076,413.54385381726615,13670.836872290036,13793.69755770444
1630.0,1766.0,10977.557216682177,10115.995257473074,10449.94044319875,10544.56481673526,257.21951798837813,10449.958216434386,10545.490138940317
1244.0,1362.0,12321.774521656309,11236.788429208522,11675.346835665843,11776.79880370242,329.0352829353016,11675.365508745492,11777.70403472733
1330.0,1454.0,11387.851593868329,10405.001915750527,10799.505024832812,10893.440890499402,293.5947411021692,10799.952252394534,10894.379725344024
619.0,704.0,16732.35916254573,14692.750246569565,15574.447984915929,15707.24288262748,617.907270716691,15579.000812714385,15711.008797341658
1619.0,1754.0,10849.171313406365,9997.361600320499,10337.631525423003,10421.241307672859,257.0194315550369,10336.382480014137,10420.330497979525
743.0,835.0,13955.368320505735,12367.5959555184,13099.390345984288,13157.038368335523,480.31656118299856,13100.618724972299,13160.151441544886
792.0,887.0,16022.11190123996,14267.010255500718,15008.746455435657,15140.289613256795,526.4151888767261,15007.319325466084,15143.984095606469
560.0,641.0,18747.77462419125,16352.779168626947,17384.19062509658,17540.35206985123,722.701201144804,17385.756115966404,17541.8974403953
580.0,661.0,20406.547167936926,17845.944917951754,18950.94368775376,19119.32088402354,776.928202470111,18950.57985536864,19121.410356542903
2089.0,2242.0,7731.760629881487,7189.746741959761,7426.3532128566685,7459.009191599637,163.80829856740726,7426.7584214408,7459.928737074853
2395.0,2559.0,7405.999867604601,6926.008301809578,7108.703899350421,7165.668292189154,145.15399509236323,7109.333625070612,7167.033527064468
2157.0,2312.0,5877.761297250536,5472.92804445542,5647.010964033475,5675.289604094889,122.5100950472932,5647.634548102543,5676.352572412941
416.0,486.0,17640.34204386576,15069.202184062542,16215.508316727028,16345.918050366115,772.5268364062617,16216.589556107612,16351.023409234524
1423.0,1550.0,5387.958289438139,4938.33352393309,5144.873990365114,5161.7923725311175,135.85355064340288,5144.412554534509,5163.032082622596
96.0,131.0,28350.146919724928,20629.125666454842,24328.40602251811,24434.23717318765,2342.344567869027,24338.833161054306,24435.377923230775
86.0,119.0,30631.909577487444,21897.7380246956,26065.599591111837,26187.81031260752,2642.4556552174586,26067.320604943867,26172.280502421672
1388.0,1513.0,9234.491242765904,8459.931612586981,8770.065009414548,8845.969667882302,234.46930773756003,8770.242992139463,8847.930331442461
802.0,897.0,9787.57181954408,8721.874912928173,9216.377996045916,9252.10947014406,324.54764514737633,9217.387611735852,9253.82200935226
975.0,1081.0,11099.835188120978,9997.804429726568,10455.624278147412,10545.580450872487,331.4524453524748,10457.539264171248,10546.719418460127
1021.0,1128.0,8039.202515781995,7255.3850898307255,7616.097309466531,7644.912745869116,237.01554030237213,7616.633301630011,7644.889521271487
1583.0,1718.0,8003.881160478386,7367.929362937533,7612.303635671197,7684.956858901208,189.88594596980502,7615.471886112179,7684.585762349649
959.0,1064.0,8304.197496559911,7471.270489271882,7856.768117522179,7885.184820640018,252.72651634172357,7857.238860931766,7887.264017103189
1003.0,1110.0,8236.034296889207,7422.226037993951,7795.444764317541,7826.013325856042,245.97328739897188,7795.860776580741,7826.740090690156
1107.0,1219.0,8364.507206164822,7575.88517071087,7931.597038517886,7968.208110682731,238.36177480174905,7931.825618774367,7968.309888755383
1208.0,1325.0,8589.647666705047,7817.752386312262,8144.17854462229,8200.91213977784,233.25368858022225,8143.933942231258,8201.238550854969
878.0,979.0,10293.919815442532,9212.829745966723,9712.806810453658,9751.428252711998,327.1674821444805,9712.776148540815,9754.162496543999
1074.0,1184.0,8820.656363714808,7976.732148548139,8357.806791400133,8395.240927034165,256.0966640666955,8358.85482050989,8395.41950907737
1857.0,2001.0,6470.625864486679,5991.0735543425135,6200.897925937499,6228.591581147704,144.6443222527571,6200.978358573605,6229.361015556164
1141.0,1255.0,9430.199336574018,8564.202260179092,8943.070569973292,8994.977415417276,262.13600932410935,8943.079447560163,8995.166569907216
681.0,770.0,13047.731318024327,11524.417174689912,12193.153645844211,12279.601089652133,461.1184470933514,12192.0117055639,12280.50497972617
1435.0,1562.0,8621.110527678464,7902.357270175918,8218.246142749835,8260.63120684525,219.51244587226975,8219.191903023648,8260.50795986067
998.0,1106.0,10048.068741941557,9050.578648924877,9499.9905373031,9547.138701082693,301.2287219958205,9500.709255841504,9548.915887010471
753.0,846.0,10858.998359350622,9631.44494125193,10188.153465749925,10241.162910220148,370.69102811000437,10187.164805065959,10239.810850820732
1536.0,1667.0,6040.153920933273,5551.279400011628,5765.593746904249,5794.701955836024,148.88382697647873,5766.923438010745,5793.671421759559
698.0,787.0,11399.525029608647,10067.770835620699,10673.230854564135,10727.71705583532,402.83898310184037,10674.797021166582,10728.434559162226
751.0,845.0,11125.56158122362,9884.521609436342,10443.525680361288,10503.514056892314,374.05266377769783,10443.431397436274,10503.93584728246
664.0,751.0,10341.130558512565,9119.177712078546,9659.728120912929,9726.434848497736,367.2451046954038,9661.950584975433,9728.049914924539
813.0,909.0,10453.493370032214,9333.37504292735,9816.286233780547,9891.444744619148,339.27663803223385,9817.492050812234,9893.441015440685
1891.0,2036.0,7002.365314855689,6492.563141054184,6704.079357770807,6746.994451284363,154.19810270066353,6704.3121486692635,6747.819150550062
906.0,1008.0,10326.029076300701,9261.518534514877,9737.803343176725,9790.245160638859,323.4976790785894,9741.07544033161,9789.51742089009
890.0,991.0,9777.332767230359,8762.103177537132,9206.963949376948,9266.44566295535,304.67328658727564,9208.159254879589,9267.141964786382
994.0,1101.0,8876.019590316891,8005.374795679545,8380.780331203949,8438.031248655416,264.50762077007835,8381.04943719865,8438.852700474898
1618.0,1753.0,7450.679054990549,6869.439622402485,7110.519169286712,7159.324722519798,175.42689645697902,7111.409797439209,7159.48532299388
629.0,715.0,11750.057359954671,10315.42084997419,10956.56801443183,11030.58036288682,430.49445757727256,10958.568028417365,11031.833673474417
1747.0,1887.0,6941.75672802683,6412.633246428264,6641.933578894205,6677.862319149959,159.5131511525781,6642.990687304201,6677.777571081259
931.0,1034.0,8461.23669735746,7593.661907152366,7985.574256396882,8026.015012834095,261.2405628523216,7986.2513577625205,8026.436692067768
95.0,130.0,34256.25305409057,24941.54202069802,29353.92386000946,29520.90047144,2814.2264195343414,29367.25786875016,29518.83652873849
515.0,592.0,10431.187412001636,9028.222558609059,9678.373484783426,9723.147025412312,423.45466391940494,9680.851107648208,9723.943648019558
1794.0,1935.0,6694.483895797968,6191.982660060732,6410.653478595707,6442.464186213482,152.25753667735614,6411.138112493144,6442.283336921252
1857.0,2001.0,5561.123528954201,5151.433271350902,5330.624450332373,5355.595019537916,125.2080277723987,5331.189512118413,5356.630251235892
769.0,863.0,7985.916706244199,7093.622611383204,7504.3925113982605,7538.038931410292,269.69520882799793,7505.137665300506,7537.501189271871
1580.0,1713.0,7639.717384482999,7036.91545151125,7297.33413165355,7336.956618684616,182.47027902814096,7297.798660482012,7337.533271336509
860.0,959.0,11359.92117399399,10164.337673996932,10684.94781645889,10757.732965785475,359.5247282824083,10685.130837942634,10758.519943741816
1325.0,1447.0,7532.816086918939,6881.818170346838,7171.130615967439,7206.267577471747,197.4863598748262,7170.927262428215,7205.312905864569
1208.0,1325.0,7502.649918831048,6825.291642577388,7130.647254871731,7161.651397871335,205.4417069718236,7131.20223832159,7162.843643090508
1184.0,1300.0,9512.499036963101,8650.195313054057,9006.185430352169,9079.356878800565,258.9038312435596,9007.155985627469,9079.87966791292
1720.0,1859.0,8694.36824222464,8033.21697517949,8302.21963498441,8361.110410035324,199.12528547835976,8302.625954828884,8360.809271261282
1899.0,2046.0,7900.256706477385,7326.183749825263,7553.971808122961,7611.547194404302,172.16959591127798,7554.776364463298,7612.174703098181
1089.0,1200.0,9608.43636646861,8703.115583126213,9083.283544834101,9153.866871929975,272.7436178129986,9084.071214909422,9154.123330796923
933.0,1037.0,10883.67309883204,9762.405715420966,10269.113673429332,10319.619620440724,337.01313950373475,10271.275165646846,10320.383858841036
73.0,104.0,37806.68268065149,26346.486353598273,31819.73475185845,31945.1656985241,3467.471284134944,31813.488885728693,31954.035859945958
747.0,840.0,11991.65500173175,10653.11832302434,11232.991638159843,11319.533552122017,406.23974742144566,11234.068587957398,11320.308408766481
907.0,1009.0,10356.146731329352,9295.928260564311,9747.204460751194,9824.789231860565,319.8843447127451,9748.152693714686,9827.078744724553
565.0,645.0,14728.431378298596,12854.55366428431,13671.975134209213,13781.21622029378,564.9275904051055,13670.189635293824,13777.78771864108
933.0,1036.0,11794.801084521316,10604.449076054203,11100.21710888348,11196.03338687243,359.9342961231928,11102.540188108276,11196.947108798815
630.0,715.0,13785.533982225892,12117.67716582978,12845.052643122412,12948.831687311487,502.7946438675579,12848.095736762165,12950.405382782763
549.0,628.0,17533.369849797622,15276.088763085781,16269.591774002016,16398.192856793168,683.8277597921359,16270.873307347962,16399.4526776602
628.0,713.0,15519.905392017898,13639.10787756316,14457.318404095788,14569.680468386674,568.078725165517,14458.85170529395,14572.263993652763
467.0,541.0,16645.19773254886,14342.554121883708,15386.908203141353,15485.79533908151,695.7468126578431,15386.546581179338,15487.890417169494
852.0,951.0,12214.973553727461,10924.309512262993,11476.324185501382,11565.957389121528,387.526772483232,11478.532221856742,11564.449604668567
827.0,924.0,11040.673214475746,9863.900241628968,10367.840870999553,10450.407804406283,355.5290609801211,10369.801881308586,10452.51153206016
562.0,643.0,14489.755295666604,12646.35243853425,13449.61659586555,13561.32075589521,557.1770431092751,13455.208723579302,13560.386161990265
447.0,519.0,17136.554723243346,14713.487248348307,15800.339504306989,15916.577811947507,728.555408447087,15802.89322747176,15919.720584275392
567.0,648.0,16770.248729182927,14641.309759504797,15592.100454747115,15698.743444703583,643.1658312026753,15591.162150682318,15702.021977198305
921.0,1024.0,13734.11037468642,12336.930356025794,12930.469775618885,13029.380380531933,421.9551708655481,12930.138940305198,13030.486360601439
957.0,1062.0,12613.123399061065,11351.985969430052,11897.282941836596,11978.975600600103,380.50903286631694,11896.081611232436,11980.764199945046
976.0,1081.0,13330.650533623684,12014.534298669034,12564.279576536903,12668.118293083731,398.0553257455383,12565.385876567916,12670.045802331455
1808.0,1950.0,9918.51131694575,9184.868491366708,9476.622478302335,9551.396490170648,222.05932489497087,9477.090205928134,9552.408135737127
435.0,507.0,19942.56082715312,17077.03853082079,18348.44196517427,18502.631579552082,860.3695244898619,18349.55221168769,18506.193523650138
687.0,776.0,15463.733456024545,13675.019042321865,14453.937905950208,14562.184916792741,545.3758388519361,14456.410116871415,14562.651640817106
1340.0,1463.0,11273.23166765319,10310.18854926202,10698.638248646552,10789.230931267972,291.9916573251481,10700.115467160076,10789.493230230692
486.0,561.0,18534.99284320347,16019.803339082315,17126.50854163928,17273.511988445716,761.0789788116043,17124.209069501827,17274.86889037113
519.0,596.0,19381.566224873884,16824.1640717738,17956.80274896764,18096.997069902478,773.8145102614391,17957.988318432377,18102.20576800873
637.0,722.0,17195.063508816504,15126.297882163044,16018.756063884677,16158.19677112596,625.6771391112721,16020.023289989513,16161.495884290509
591.0,674.0,16909.790407188473,14803.754140973479,15723.484494059501,15847.943160696626,635.166993980887,15721.758724286658,15847.690686238262
769.0,863.0,14713.495140521465,13082.140765255786,13796.812240380283,13894.980665307306,488.0980456222104,13797.816407593798,13896.832855781571
635.0,720.0,17104.461042188836,15034.247601070114,15937.312239827028,16062.791577358346,622.8817974027726,15938.422242655646,16067.314106832278
510.0,587.0,17169.293121243183,14890.624214043739,15904.376145180717,16019.383027619895,690.4886843911091,15909.242317701506,16022.88169331926
514.0,591.0,16967.256756981602,14712.394848739792,15698.855053320327,15828.731837257115,678.4911858435293,15701.894746021568,15829.636273069893
498.0,573.0,17085.488907932104,14794.043228574159,15800.46460191531,15928.785618171267,696.8381030793448,15798.24179659228,15929.03455582442
469.0,542.0,17940.57003235453,15472.556978239038,16555.97013360532,16697.1937411346,750.223038793322,16558.925557169227,16698.01711540566
609.0,693.0,16767.96420325609,14706.840676802243,15593.79510352634,15731.4534572856,619.1735542210762,15594.191795365405,15729.96590179222
765.0,859.0,12977.98758273929,11541.149047100846,12163.776855246373,12256.831273123202,433.3595265301488,12167.039040737222,12258.744542515997
103.0,139.0,38844.39668207501,28619.73012960398,33486.79103661547,33655.771419255645,3086.20460330053,33482.615507822586,33670.84839290527
1063.0,1173.0,11148.904859405091,10091.2974355722,10537.554061019786,10617.665012330084,319.04067261205796,10538.309153923228,10619.603275156505
950.0,1054.0,11637.365306637925,10472.431361609539,10972.020781934305,11051.969017831829,352.26686574287623,10973.568711129912,11053.830498968498
2894.0,3074.0,7068.732858218317,6650.505099721454,6806.070330740612,6858.712711250853,126.53501429392435,6806.546553228506,6859.271365029614
1538.0,1669.0,10434.58839124403,9598.042537307072,9934.756387002888,10015.834358256508,252.08052569504162,9936.057070535777,10015.311888952412
1083.0,1193.0,11394.269982886952,10324.479059804473,10798.289935042085,10857.884391905794,325.59219266779655,10797.28818960422,10859.072141849412
1036.0,1145.0,11433.0684992408,10329.51489930204,10801.422977707829,10879.312508637138,332.97095737891283,10804.322753808614,10880.322831998647
883.0,983.0,13531.111691321374,12132.44322864354,12757.453265588376,12828.073972685743,424.5294545321748,12757.865624098768,12830.888536222821
586.0,668.0,18061.88454280609,15807.009112868522,16807.633397828893,16925.26621097196,685.814302993392,16810.25574494,16928.655548653187
681.0,769.0,15275.808624133108,13488.788665159193,14272.909300117535,14379.504934188428,538.6539490575742,14276.190402721279,14383.793629497406
1083.0,1194.0,10658.093250240812,9654.571317127647,10097.176791675203,10153.499455153013,304.99065990956655,10097.55451001988,10154.929063712858
42.0,66.0,56214.467783520995,35439.999112999845,45348.392802398586,45591.46606218064,6262.31337485821,45352.82871180201,45638.84055902801
788.0,883.0,11466.892332633774,10212.745888518628,10758.546118003369,10837.53812806481,379.48152585452397,10761.77314770768,10840.3316338
906.0,1007.0,10205.680835475407,9160.229690192738,9616.870000551184,9677.220718908999,317.2277005939273,9616.653143339527,9677.828076087982
1231.0,1349.0,8743.797691544563,7965.145715244904,8305.635123491937,8353.162207093003,235.37711026507142,8306.386502146031,8354.262698016997
962.0,1067.0,10005.189479309644,9006.517274113388,9446.275838037158,9504.35300686982,301.1470437184137,9448.415268994053,9504.181569061908
1022.0,1130.0,11308.224402817736,10206.513646457133,10687.538377517285,10754.510104022098,333.0140146602528,10688.303152816527,10755.813063875587
420.0,490.0,18485.705700245595,15792.803216128721,17005.06532401041,17129.699538853434,812.4503311212258,17008.897388069938,17128.465843651396
942.0,1046.0,11047.833963949506,9937.4164207847,10417.272454662583,10487.76797237225,335.52407400345754,10418.892034812738,10490.323969670655
2329.0,2490.0,6293.5184086807185,5880.25545970251,6039.989817506668,6085.460177281579,125.51075429099592,6040.760217220181,6086.299231170412
1521.0,1652.0,7299.230447355243,6711.588506453177,6966.030059607929,7004.319774763452,177.72602107978514,6967.403551438841,7004.910302280219
1693.0,1831.0,6321.372068905527,5838.357515794762,6045.599035248957,6079.374754211131,145.68844731012305,6046.598526154062,6081.213579212539
1204.0,1321.0,7661.527185726256,6972.931893554553,7253.94852452053,7316.601690774311,207.62409425775812,7254.843317942418,7316.473465358323
80.0,112.0,35157.66150636003,24946.94661389625,29817.66711957869,29941.78561244653,3094.6381129504393,29813.279538045877,29959.087824777034
500.0,576.0,13677.635710897292,11840.004516554991,12653.209554181076,12753.154548810238,554.9021235600793,12654.469811328376,12754.829160672425
626.0,712.0,11449.262126580246,10057.484615438103,10665.681427791209,10750.056283802838,418.6715805729272,10668.16583107828,10753.772451027477
280.0,338.0,18014.334667814903,14888.890095742729,16332.204347559158,16434.9028924561,945.3653689574646,16338.171408629174,16439.082414025535
725.0,817.0,11677.995941744435,10351.166254347716,10935.62661201256,11011.923012142624,399.7679415834464,10936.943334873378,11015.37409874165
1293.0,1414.0,8642.420793883488,7890.335721041357,8201.383459249138,8264.538413178092,226.60408711559708,8202.524810250277,8265.760776669134
938.0,1041.0,10580.527110968787,9518.332404893657,9964.391504183373,10045.177972764079,321.87861613458773,9966.788285482873,10044.760336394831
608.0,691.0,13465.992961332928,11811.550618943735,12536.180089459123,12631.258154837995,502.522973767045,12537.023127061095,12630.979614274527
787.0,882.0,11949.965402616606,10641.143706424209,11209.361586168454,11290.224176536496,395.5433639865826,11209.9404139022,11293.99800805028
813.0,909.0,12320.994917537339,10992.321809918245,11601.150025068888,11649.573389945403,400.58624758743366,11602.236775677118,11650.732845652534
383.0,450.0,18107.14886365182,15369.835013688928,16600.2226192846,16722.39624030333,824.1286926776941,16601.681473962904,16727.374906783618
689.0,778.0,12812.27448553474,11322.235353411486,11961.956304232914,12061.56867574513,447.65769138379983,11961.85035987545,12063.02613976161
747.0,840.0,13381.89077355561,11886.371765558635,12535.049120032327,12629.81969251233,451.8019200893392,12534.241434472151,12629.613356913127
761.0,854.0,12257.864912285775,10894.263181512755,11494.358064212378,11573.75697326061,411.6722101323351,11495.85647895929,11573.460188396175
637.0,723.0,16062.389866233429,14130.977219615104,14976.741952804507,15088.267097673595,585.5016762441197,14978.622322484454,15088.72043138123
829.0,926.0,12308.546260617866,10987.943687497731,11570.528360691118,11641.618991103034,396.95334547615016,11572.477148931292,11643.797120045316
973.0,1079.0,8720.206753759901,7855.286338879789,8217.029413669563,8283.825064996397,261.09876006460877,8218.137610650912,8284.76089561324
746.0,839.0,11252.842390876192,9987.439392746557,10531.41309622554,10617.93543820952,381.7688357369782,10531.469423793915,10620.520870930699
778.0,873.0,10214.022950650498,9091.828321252591,9581.35729914481,9648.32861180496,339.8012715218071,9581.595291035539,9646.912447344988
792.0,888.0,9061.987298027696,8075.593092703687,8518.273977119114,8566.064763573619,299.6271506212056,8521.741135080278,8567.904842766202
1541.0,1672.0,6250.342490204682,5751.974727883198,5973.452555915928,5999.4218114809255,151.5078134473648,5974.295988611134,6000.09420881006
1221.0,1338.0,6835.1765890897295,6225.680461113478,6500.515939013247,6530.02441994166,184.907883168846,6501.871092376769,6530.90745485667
356.0,421.0,12464.917341007369,10519.213480057846,11427.396260841668,11487.315569526536,592.6847240947959,11427.482479693372,11485.158756100678
1930.0,2077.0,5635.857708096763,5228.217846749234,5392.516950558867,5430.514663087034,122.75831345269168,5393.349183008777,5430.775832352098
228.0,280.0,20413.76003134339,16537.981016909052,18349.181122812104,18459.53988335772,1170.2283568536625,18340.462978146024,18462.62048772589
1950.0,2097.0,6315.0541545264405,5863.016759215768,6049.533393404441,6087.502126895354,137.19158276501253,6050.343978221599,6087.805337872548
424.0,495.0,15293.151761972844,13068.967100383536,14092.274294613877,14176.057286344796,670.3104998947355,14091.439169154299,14178.980162141508
1117.0,1230.0,7326.848149115806,6643.728204160884,6937.779493287544,6984.071031085551,205.47165222167007,6938.6223501203995,6984.191531106031
918.0,1021.0,8566.716138515565,7692.640334169194,8068.822904769256,8126.595422934494,263.68539215094376,8071.113344043683,8127.199690326019
966.0,1070.0,8098.021987915928,7291.200733347736,7651.428421192742,7693.891041328082,243.46760554433325,7651.640642896444,7694.729975814048
1134.0,1247.0,8759.639465678632,7949.809064722793,8305.292916356024,8353.100052913533,245.07557818944224,8306.0194559508,8353.944616276993
1472.0,1601.0,6923.903675415446,6354.6862270142865,6594.960605471352,6638.08203076928,170.69098909221717,6596.092343512316,6638.879052417011
86.0,119.0,27082.618030159763,19388.280327685898,23068.642018770075,23165.66878380334,2329.3566645515702,23064.834550141477,23154.768548688884
563.0,643.0,15992.884800610143,13942.58195213291,14899.707123030037,14960.381522722511,623.2891811952283,14900.251296281045,14961.32596516961
705.0,795.0,11811.02842614881,10440.86480764269,11078.955101115118,11120.845374020262,412.82272392067705,11078.931540278638,11119.485833611434
1488.0,1617.0,8360.576684213474,7676.5699415972695,7985.434117326331,8016.297626274799,207.1395424797416,7985.405238951025,8016.712631551323
1703.0,1842.0,8870.731685311846,8185.099757937392,8492.241888488428,8524.151183692593,206.18082220592962,8492.32394434245,8524.449694925626
692.0,781.0,11091.08029626191,9793.854104266848,10405.479182412584,10436.07827677975,393.01353799177923,10405.957012491537,10437.564883503794
978.0,1083.0,9071.311833764945,8172.311734997926,8593.087917442146,8619.26463393828,273.66180666860066,8593.927940475543,8620.956866499584
420.0,490.0,15111.78992699323,12913.40192413403,13961.302328866856,14008.085081375044,665.2639703442949,13966.347494027415,14008.442317065243
204.0,254.0,24746.192959557226,19826.766768301062,22200.538685846586,22253.10762439866,1499.219755254634,22199.25914115516,22265.203892126527
835.0,933.0,14226.651523927443,12703.151843484862,13403.494756108841,13460.295276922874,462.4633779968459,13406.043224091523,13460.63039573869
1055.0,1164.0,13539.50767995095,12238.805695871368,12831.609280101124,12886.444526762876,393.6640721747702,12833.965103184872,12889.52399369089
1175.0,1291.0,6445.164254229254,5856.691243451732,6130.621626532221,6148.339349002533,177.66149120177354,6130.899142558336,6147.792283894533
337.0,399.0,17608.282792968086,14777.278317697665,16124.788006493143,16180.230916818588,857.0983745305725,16123.797404132385,16183.910224055986
1332.0,1454.0,8190.083586414715,7486.690465616993,7807.58772436209,7836.517181076423,213.43607635780913,7809.102910638835,7837.981107283891
1143.0,1257.0,7954.296841664452,7223.699059905595,7564.193317933746,7587.721053928117,221.99124345022585,7565.617469281845,7589.76676064075
826.0,923.0,12307.643929559792,10980.904496393483,11597.211023323922,11643.189796349874,400.6109068558331,11597.184097675055,11641.082629278077
817.0,914.0,8894.498776230414,7936.3673388781845,8385.900039538898,8411.404886561366,288.5248137404672,8385.875231695363,8411.093695785978
3869.0,4075.0,4431.078494997337,4202.97515541149,4300.305894440116,4316.663818061839,69.79081435640009,4300.863965959423,4316.748623281103
977.0,1082.0,9854.057946011078,8878.63538504111,9329.40252244591,9362.62406791813,297.66882932712247,9331.266801624246,9363.367385334455
1160.0,1275.0,10958.91702517584,9956.191672477853,10413.229352241984,10455.490211302736,306.68156453754415,10414.42170904506,10457.155567109594
1030.0,1138.0,7622.189501812698,6884.152046616533,7229.601549388644,7252.142141660466,222.80891996179713,7230.173450137917,7252.008145304331
1107.0,1220.0,12335.660420724755,11172.756735788902,11704.5499215809,11750.769794652499,351.88997893772864,11705.874245004517,11752.733060655954
1177.0,1292.0,6897.450182281342,6273.70857251657,6566.402897110913,6582.818481953957,190.2886748638727,6567.060192982222,6584.231378334619
2359.0,2522.0,6385.710635392316,5963.451152902867,6153.384557618679,6174.040244870994,127.23291695430156,6153.593171773787,6174.1999841853185
1211.0,1328.0,8661.282603901087,7881.195912445911,8236.7751024438,8268.624667500002,236.1147897611699,8235.864944243518,8268.43818352684
957.0,1062.0,8954.9243027649,8056.528682174446,8484.458510428474,8503.583827435914,271.052844480026,8484.45210492511,8505.593222572594
509.0,586.0,11151.294049767566,9659.176885373296,10368.081155375507,10397.191684585154,449.75462868614966,10369.812657856137,10397.415360243001
1029.0,1137.0,7853.54928690317,7095.762384222586,7449.1769660140435,7471.9003588887335,229.23732912740562,7449.755521591296,7473.261991210786
1198.0,1315.0,11040.422143944128,10035.84470662052,10495.063521651895,10536.530215846782,302.8154968044423,10495.127832187934,10536.183137113056
1122.0,1235.0,10439.417938036562,9459.677741496376,9911.559746578952,9947.798914593302,296.0462853190058,9912.245445650504,9948.73025724181
1220.0,1338.0,7075.930623726791,6440.827125560982,6735.629226815496,6757.577973765499,190.75136500863246,6737.615318771971,6757.748580640705
1497.0,1627.0,6637.3038367027975,6097.3248152084625,6347.863567687015,6365.337059277495,162.79448763508947,6348.91029656784,6365.223879170122
1907.0,2053.0,7115.225337966096,6596.369411422003,6830.497360966182,6855.820785205408,157.2036702802207,6831.375724289096,6855.641039533483
1942.0,2090.0,6697.308947210204,6212.698913010989,6431.689967987101,6454.25189036219,146.80701977125204,6432.704175472736,6454.935209791434
1091.0,1202.0,10435.160016482498,9446.63618856758,9903.469470421474,9938.376346388502,299.1160890933707,9903.191268538241,9940.420113865264
1143.0,1257.0,9724.783935968042,8824.74942460151,9243.385102465265,9272.987275141502,272.74453304203956,9244.14790090953,9274.376349306249
1167.0,1282.0,8041.4489715045265,7307.602430799675,7649.627046333401,7672.58129747775,222.7078531092396,7650.028762658699,7672.95496120723
1387.0,1512.0,7982.4283201853705,7308.237878058971,7616.740057626153,7642.082194401126,204.09490228839869,7617.097916789962,7642.451547765385
893.0,993.0,9410.318983782778,8441.402232855085,8897.68604564503,8922.787135902061,295.0488434388326,8898.223306256714,8924.085483062225
1357.0,1481.0,7066.615703136367,6461.887726057719,6742.155317901753,6763.271346171795,182.9801580012534,6742.036700750708,6764.810128224101
913.0,1016.0,8080.742680472633,7249.578560932215,7635.397824472803,7660.649100015606,251.3448950404003,7635.397105871751,7660.846874417109
1973.0,2122.0,5815.973665479603,5398.969057020312,5587.587342538823,5606.431879278741,126.21486541340612,5587.949620444068,5606.826723335834
477.0,552.0,13643.870493951112,11761.994326942624,12655.300540977814,12694.51793966661,569.8689882944602,12657.809040500193,12695.508121004492
1699.0,1837.0,5740.518698260332,5298.705654976476,5503.168372657527,5519.8004950735285,133.2914506553031,5503.4337410348935,5520.286415612695
1619.0,1754.0,7063.159346822253,6507.1973460192385,6762.570630777296,6783.759531615469,167.97654661287638,6762.985595379246,6785.270610749634
389.0,457.0,15770.736740632163,13394.501314546118,14520.370237657427,14569.522211936326,718.8827932317796,14521.145054646731,14572.569759259872
865.0,965.0,9573.011437062662,8567.173154127793,9043.755532726853,9068.858664861085,304.0248007827061,9044.501185049008,9070.84637482441
1196.0,1313.0,9204.894489069868,8368.490873602026,8753.717167142826,8783.723121212837,253.2283706865081,8753.902036181838,8784.183826509006
2119.0,2273.0,5964.436034059823,5551.9421113233775,5741.615076085137,5757.754725599449,124.6614989843844,5741.676160829224,5757.675440524995
855.0,954.0,9263.80410941957,8287.835423181135,8746.410605653307,8772.996211523301,295.052965520499,8747.197100692565,8774.257399106069
2071.0,2224.0,5088.4288603897785,4732.026359758909,4896.56553338692,4910.209901144143,107.18283476513433,4897.277695665951,4910.824192744961
1267.0,1387.0,6538.407932982403,5964.228904181371,6235.971285112177,6249.369431004541,174.59293980432116,6235.775992817846,6250.671502759794
2130.0,2284.0,5441.2333512107125,5065.802457504101,5237.217526547994,5252.824309319964,113.66554667572028,5237.657722500211,5253.780744122752
1445.0,1573.0,6689.174208463062,6134.952556627587,6390.571037511118,6410.945030734139,167.78970208087628,6391.710531084875,6411.311370395728
1167.0,1281.0,7491.757722245758,6809.126045092637,7124.850274433994,7147.592997572653,206.3061119348186,7125.570944358282,7147.373160726887
1247.0,1367.0,9049.067850045813,8244.73314548373,8615.417283824761,8645.568653673941,241.4762160067321,8615.685442719085,8647.219083490692
1700.0,1837.0,6183.935579254328,5711.0538747800865,5926.748185244418,5947.330433801487,142.88091688559743,5927.835861010224,5948.111451087042
11.0,24.0,82462.55480853064,35359.25312917654,57816.06169410975,57905.49873668257,14325.824269380442,57803.23868119707,57958.42984069092
1946.0,2094.0,5889.153144867446,5466.877100020359,5657.035038776177,5676.879998875673,128.32238857104167,5657.984443976298,5676.757897170051
1050.0,1160.0,7880.223032271281,7119.659785949779,7474.70823254678,7498.475202010336,228.824848386918,7475.501592167304,7499.407352078237
1358.0,1482.0,7537.509525335051,6894.44472987339,7192.517376621888,7215.312452576891,194.59216260292138,7192.7558152002,7216.339848465005
1017.0,1125.0,10683.8014474358,9643.005293737715,10120.24669342046,10159.491522003289,315.98053138063096,10121.766573937552,10159.202339459975
1400.0,1526.0,6116.104272083049,5602.01713301436,5840.675499546293,5858.351299811331,155.49284474538973,5841.76356970001,5858.638300037908
1097.0,1209.0,6585.550021897572,5966.726651329979,6254.745330326174,6274.4571987988675,187.13242800582424,6254.696716886818,6274.998132535949
2599.0,2769.0,3811.574105599669,3573.5304782357025,3680.29647741035,3692.4245913569366,72.24969885068047,3680.673848679411,3692.5431095772346
1443.0,1571.0,4456.747940708872,4089.475172578893,4258.4953412700825,4272.293868194203,112.00376539559858,4258.877889940233,4272.704779226941
2945.0,3127.0,3134.5935855900198,2949.6424426368785,3034.385805756098,3041.6801891882883,55.83994163353057,3034.5048832048105,3042.009539000253
1365.0,1489.0,6101.624459759656,5582.284307782411,5824.211034702879,5840.49645997981,157.72391160850353,5824.606054900292,5840.92043823186
1373.0,1497.0,6482.789823553975,5933.321411448959,6192.098355763786,6207.754024868322,166.54287764831787,6192.79599227076,6207.875078647549
854.0,953.0,11663.997032894125,10436.777644094915,11000.02304437858,11048.29462957951,372.3210789441318,10999.844032313908,11048.64381791836
1588.0,1721.0,5324.021271130271,4903.359213406568,5098.3319891911615,5112.832679754002,127.55889549655008,5098.981680866828,5112.919400836648
2308.0,2469.0,5795.108151803173,5413.104654889281,5582.380389911462,5603.393681969664,116.03969034021033,5583.180883452408,5604.572956524251
969.0,1074.0,6852.945014994504,6172.429930586274,6496.984889312799,6510.898955625885,207.0976528568069,6496.924933384172,6512.062963742626
738.0,830.0,13303.371550090214,11800.876261741343,12500.414247519862,12550.232281781535,454.02823554902164,12499.16286537925,12550.41675875389
2336.0,2496.0,6881.598308922954,6431.166679615632,6628.50670219079,6655.356080547309,136.97730377346284,6629.628153359516,6655.717807740574
1851.0,1995.0,6030.1130231257885,5588.629601454996,5787.038611288389,5809.198090262957,134.19123628016274,5787.694613099072,5809.738110154711
1477.0,1606.0,6038.5145595490885,5546.801551831315,5777.055992262769,5791.757098762611,149.71557886708732,5777.640695561403,5792.236771189773
739.0,832.0,10188.556288975906,9039.874631214736,9581.27145688373,9611.93868194742,347.7601865542391,9583.197498975658,9613.271112921586
1726.0,1865.0,4899.136978367481,4527.909853617001,4702.260944922729,4712.447226457931,112.757193920317,4702.919970843958,4712.6307453790205
1181.0,1297.0,7699.721305435388,7002.119735997756,7327.778734432866,7348.676941292927,210.63220083456844,7329.2846868595625,7349.963807844764
1347.0,1470.0,6974.041002602102,6379.787394149858,6659.0078190994955,6675.595403865662,179.87576506645894,6659.847635198913,6676.406574271457
2632.0,2803.0,4488.30644635582,4209.688869386797,4337.03821213698,4348.306853399593,84.53760096437951,4337.302521940834,4348.084806959213
1742.0,1882.0,4385.459689165369,4053.9457984866594,4209.195128497062,4218.502043380792,100.4609886773608,4209.457829265135,4218.997650892517
1656.0,1794.0,4555.462864177369,4202.288667357594,4367.542685125678,4378.735302637382,106.63648110489838,4368.387915165163,4378.933331140248
1431.0,1557.0,6707.937090654707,6153.054161239346,6414.355780138693,6428.914973236608,169.00126279961034,6414.977173481729,6430.14922312878
832.0,929.0,8461.32399743171,7559.722472578353,7982.134572426349,8008.159936397969,273.88454413377826,7983.349353537737,8008.806310433728
2235.0,2393.0,3558.8256131394983,3319.524847333375,3432.066735612529,3438.9999806904607,72.24817666135424,3432.4616906482725,3438.999950441972
254.0,309.0,14418.836498873034,11792.92357656394,13067.423997921906,13092.786186058245,798.0073291416605,13066.094238288117,13098.220207392287
1265.0,1384.0,6744.3221144612035,6153.210228373961,6432.454520275231,6447.32546362051,179.22090257525207,6433.1318667223095,6449.626291135539
994.0,1101.0,7852.03464327746,7080.665289877315,7442.768485637064,7464.367852834347,233.82217713201962,7442.278178939721,7466.488540202751
1754.0,1895.0,4160.06067722106,3846.3993233494193,3995.17627562773,4002.3367721352456,94.76742409688248,3995.2283801300578,4002.877136331134
1144.0,1258.0,4627.001313195956,4200.304658475133,4403.922504349984,4412.133668461476,129.15331916488208,4404.718530235558,4412.9437144811045
811.0,907.0,8978.825444824866,8012.894489889504,8468.623126059401,8492.719282827971,293.09380069586683,8470.890623822906,8493.68510474583
1341.0,1464.0,4487.0176978001455,4104.387312683162,4284.8705976341735,4294.731996693175,115.86108546750677,4285.9249458604845,4295.356403409434
1968.0,2116.0,4581.028750739365,4255.0098012273675,4407.123136026993,4417.494455974851,98.78777853025245,4407.173896122914,4418.278748413794
1354.0,1477.0,6066.018818506149,5550.5510259369275,5792.448193054905,5807.034619927732,156.35519056941817,5792.84733696833,5808.1785114575
1107.0,1219.0,6020.925380801706,5459.264514289206,5725.0501407919965,5738.335426835196,170.5681482130962,5724.569517864643,5739.327084808651
1883.0,2029.0,4575.448450290853,4238.900745489217,4394.933450402879,4406.6224106240315,101.36372007559916,4395.494061042209,4406.759624365302
1300.0,1422.0,5405.908080849397,4937.966258919348,5156.765949582352,5170.289073477442,142.63053510757248,5157.542593256283,5171.3544997344525
1623.0,1759.0,7757.544573158565,7147.226539273376,7422.604504377361,7450.738332789615,184.07005499690766,7422.500218435543,7450.9424008294445
887.0,988.0,11349.910016897276,10167.587959679377,10712.814297093759,10756.344904264557,355.45244865627814,10712.443827477502,10756.81254434493
644.0,729.0,8176.50231510051,7196.670964425974,7661.208410831707,7683.320695138436,298.76426119906114,7664.667379392894,7683.013428173007
760.0,853.0,6425.7559989896345,5705.03733855545,6050.30143321394,6063.296251795103,217.44778847860664,6052.0699745980355,6064.005380699589
2284.0,2443.0,5544.037004436932,5177.768973676337,5343.549473340295,5360.3593601216735,111.52233516012764,5343.159470950186,5360.494006204752
2174.0,2329.0,7335.242302025936,6835.231043351415,7065.744312705642,7084.406877385726,151.72897343045335,7065.957218212908,7084.729612329019
1633.0,1769.0,8517.798452188514,7850.224868933611,8162.274403605687,8182.849051868519,201.82316551865455,8162.123386049456,8183.082749551101
1925.0,2072.0,5025.987402832949,4663.113625656549,4829.105469879749,4843.817534613153,109.69792141088922,4829.617702924866,4844.047396775118
986.0,1092.0,7322.141555333425,6603.0349074655605,6942.505918312051,6960.7716881665465,219.0966004488955,6943.836893670023,6961.001946814025
1245.0,1363.0,7772.884738801531,7085.896582136208,7407.349357447889,7428.17328535043,207.95553206065478,7407.751730521229,7428.768809118224
423.0,494.0,10876.327708954022,9292.889637763588,10049.951505361683,10076.19403791705,476.24868769349507,10051.513769939664,10077.728058842411
