emp_change1,emp_change10,realw_change1,realw_change10
-0.16159999999999997,-0.16243000000000052,0.4229851946924601,0.41484127142672467
-1.2197000000000031,-1.1873599999999982,0.41006372655176815,0.4025103412146791
-6.0190000000000055,-6.123170000000073,0.3936171133032129,0.3977109556895675
-35.61250000000018,-34.75796999999966,0.40925440409604885,0.40316620618643384
-0.7275000000000063,-0.7749900000000025,0.38616965124993463,0.41044273008723486
-0.1291000000000011,-0.1277000000000008,0.4105564547331131,0.3863498332505211
-1.350999999999999,-1.3376999999999981,0.4148882309170654,0.41409207839662177
-1.8044000000000153,-1.6497599999999863,0.4227815621096642,0.3994155715584924
-0.44119999999999493,-0.47975999999999885,0.3912937490866186,0.40352974744692904
-3.2993999999999915,-3.2919899999999984,0.40547574853404544,0.40681906974284754
-2.474400000000003,-2.4550800000000095,0.4011363792174816,0.4005528794003954
-3.4904999999999973,-3.3813299999999913,0.4055678873267965,0.3971017179578151
-1.596900000000005,-1.5735699999999895,0.3982328327481577,0.3948683758880911
-2.676900000000046,-2.727739999999983,0.4035966763245913,0.40504775793290815
-0.22129999999999939,-0.14780000000000015,0.5228823768083535,0.38399488070957055
-0.054199999999999804,-0.03528999999999982,0.5759763403511586,0.4125725474884989
-4.896400000000028,-4.739629999999977,0.4101091878635277,0.4027089795588079
-0.5075999999999965,-0.4954099999999997,0.4200564323016298,0.4169203483768369
-4.232100000000003,-4.128360000000043,0.4037434309945187,0.39795422626878185
-17.02909999999997,-17.061639999999898,0.4003373104396246,0.40110686364485115
-6.046199999999999,-5.880939999999896,0.4132552704116277,0.40586473594548256
-12.986299999999801,-13.284770000000208,0.39589600312250894,0.4023796978222416
-1.539999999999992,-1.4656200000000013,0.41188628316577436,0.3971725874220233
-0.8588999999999913,-0.8241400000000141,0.4115261642096302,0.398567394464
-0.3912000000000013,-0.28463999999999956,0.5180146833384969,0.41336736747672465
-1.574700000000007,-1.5417300000000012,0.4166603500888266,0.40659788936328045
-22.34979999999996,-22.360670000000027,0.40352548289994683,0.40357225526270746
-4.175299999999993,-4.34069999999997,0.38252365760735874,0.3932725018799266
-0.4930000000000021,-0.5107100000000031,0.39591194080426106,0.4124568911837656
-1.6769999999999925,-1.6407700000000034,0.4039455357934596,0.4016030523867675
-0.20749999999999957,-0.22431999999999874,0.33558502027373205,0.3850468641405813
-2.207400000000007,-2.0343300000000113,0.4246415073124288,0.40434240608655525
-9.588399999999979,-9.832120000000032,0.392310490768244,0.39823897958364274
-4.830199999999991,-4.797390000000007,0.40572870192019383,0.4042331284825895
-0.6291999999999973,-0.7861499999999921,0.3512682301184178,0.411238503348188
-18.696300000000065,-18.42184999999995,0.4037558852609813,0.4001330987953189
-0.11350000000000016,-0.10971000000000153,0.41110252640019773,0.38380299376779003
-93.25080000000162,-93.62888000000021,0.4024534835889826,0.4034958085843199
-2.4864000000000033,-2.7846600000000308,0.37258778441524587,0.4024870882220588
-2.249600000000015,-2.167279999999977,0.4165217697928769,0.40924697914006547
-1.196700000000007,-1.2591899999999896,0.38528821829701965,0.40364378481498875
-1.147599999999997,-1.2875899999999945,0.37784961426319263,0.4117338123265535
-9.294999999999959,-9.397550000000024,0.4015615502024783,0.403465763798061
-1.2690000000000055,-1.2648300000000035,0.40459026083310423,0.4054668970300934
-4.1673999999999864,-4.147840000000031,0.4021388647297286,0.4012569724102688
-0.4532999999999987,-0.3176099999999984,0.5583678335231212,0.4247425990839604
-1.9817000000000178,-1.8470000000000084,0.4096387342768182,0.3911383553805603
-1.2924000000000007,-1.2033699999999925,0.424190921361145,0.40867252842686774
-4.258800000000008,-4.136689999999987,0.4033667086287718,0.3987818788390829
-1.061000000000007,-0.8577299999999894,0.4513813675416145,0.3934475261671233
-2.1355000000000075,-2.0352900000000034,0.4093868416604307,0.3990664591631443
-6.011500000000069,-6.159960000000069,0.3915979338941389,0.39889940633226484
-0.06800000000000139,-0.25992000000000104,0.20885518790205726,0.3896511084924503
-2.762100000000032,-2.760059999999953,0.4011269185145938,0.4016925428458773
-0.2807999999999993,-0.2457199999999986,0.4486629821851995,0.42557731164811763
-7.283999999999992,-7.093619999999987,0.40965483500068345,0.4030377010717068
-2.7860999999999763,-2.6902000000000044,0.4067982813730442,0.3979967848516841
-16.251400000000103,-15.90023999999994,0.40991301862021157,0.4049464983589379
-4.107500000000016,-4.371849999999995,0.3902922178620649,0.40688477846659854
-61.58349999999973,-62.61290000000008,0.3928796105276744,0.39727172136978517
-25.444500000000062,-25.679039999999986,0.3994644103170186,0.40131165263486146
-4.868600000000015,-4.732590000000016,0.4201724716336619,0.41278643614914845
-1.011499999999998,-1.1011299999999977,0.3791589832206732,0.3980383669590859
-4.640999999999963,-4.402499999999975,0.41544938099395967,0.402127257971685
-28.265300000000025,-28.139820000000327,0.4010134678529065,0.40067138774335653
-3.2350999999999885,-3.0574300000000108,0.4187857643110915,0.39927096572536236
-4.925700000000006,-5.007159999999999,0.39786827044552275,0.4017411311844965
-0.6809999999999974,-0.7195199999999886,0.3712668291144583,0.39113894433930874
-0.34969999999999857,-0.46385000000000076,0.34610295808363833,0.3987624626835551
-0.9646000000000043,-1.0777400000000057,0.3794231789195024,0.4076410974772626
-0.9296999999999969,-0.8795300000000026,0.4289440976103176,0.4115396319175124
-4.699700000000007,-5.1450399999999945,0.3797841592361406,0.39913900461145957
-3.740000000000009,-3.3081899999999678,0.44113935296732354,0.4048522723429704
-0.13210000000000122,-0.13266000000000133,0.3864269870978543,0.42574069869851794
-2.200400000000002,-2.153559999999999,0.4072712372541032,0.40418693079014023
-2.865000000000009,-2.8578699999999913,0.3866467883331337,0.39020671272480545
-2.163599999999974,-2.0622999999999934,0.40912328392210817,0.400040975214333
-0.17480000000000118,-0.12457999999999991,0.5095660563692261,0.38988202462624244
-0.747399999999999,-0.5688200000000023,0.5162562101065582,0.4200686335813053
-1.6031999999999869,-1.8626100000000179,0.3680239398000662,0.40552136986093945
-0.8696000000000055,-0.7763300000000015,0.44058908886095427,0.4092560955947455
-1.1144999999999925,-1.3211399999999998,0.3754079344230332,0.41575130811517536
-4.622899999999959,-4.357680000000016,0.4214874149700121,0.4081212025946801
-0.9984000000000037,-1.2057899999999933,0.33541870955484665,0.3849378137926518
-1.0947000000000031,-1.064700000000002,0.40216864146838116,0.403871190175642
-14.711199999999963,-14.941670000000158,0.39765725423601683,0.4019929423021207
-0.9486999999999881,-0.992449999999991,0.3776534643545215,0.39691446737752933
-3.0921000000000163,-3.022269999999992,0.4097834503099085,0.40320838230669676
-0.7796999999999912,-0.8274100000000004,0.3736632080654667,0.3883692890999102
-14.570599999999786,-14.246740000000045,0.4057332443336392,0.3997981313812904
-2.912399999999991,-3.1174199999999814,0.38745299436020453,0.4035410209193291
-2.8451000000000306,-2.6936199999999815,0.42533081299329645,0.4107470120209955
-6.4336000000000695,-6.404040000000009,0.3964288410855943,0.39552332375811794
-1.2453000000000003,-1.1850199999999944,0.42268118643966623,0.41281368980679023
-6.254599999999982,-6.2924600000000055,0.3975721581207514,0.3986572902585417
-3.0167000000000144,-2.80364000000003,0.4183502957618934,0.39876394836770857
-2.628600000000006,-2.6189200000000312,0.40032359998802836,0.40384110094040526
-5.803099999999972,-5.885760000000005,0.397395622731489,0.4007066565342665
-2.682600000000008,-2.515650000000022,0.4308590205549523,0.4090123449723926
-3.855200000000025,-3.8910599999999818,0.4019131476524551,0.4053792111565535
-2.057900000000018,-1.8373699999999928,0.41770844215074376,0.39427642522498196
-1.2501000000000033,-1.4305699999999888,0.38281546982601444,0.40802895931719707
-1.5413000000000068,-1.540459999999996,0.38944958262892015,0.388186223332343
-5.209900000000005,-4.885370000000023,0.4112839729754958,0.3939313099668773
-1.2376000000000005,-1.0364900000000006,0.43404983475330283,0.384026931880177
-0.7716999999999956,-0.7165900000000107,0.4235827793242608,0.40077167681960013
-0.4776999999999987,-0.5245699999999971,0.37771568708828696,0.41579296132623345
-0.8064999999999998,-0.830370000000002,0.3967698581653689,0.4034750101701512
-2.9943999999999846,-2.857379999999978,0.41846913459324675,0.4059554120418918
-4.3659999999999854,-4.050130000000024,0.4176807333325039,0.4003306215219604
-8.940699999999993,-9.472250000000031,0.3897924594833402,0.4029940001075927
-2.438299999999998,-2.204499999999996,0.42843898878290876,0.3992062653742634
-8.51299999999992,-8.281110000000012,0.4056218906990372,0.4002813872592492
-3.3029000000000224,-3.466889999999978,0.37915208797840716,0.3940599498498898
-0.8397999999999968,-1.067149999999998,0.33042307173267726,0.3843297126120859
-2.4458999999999946,-2.2677300000000002,0.4233413105164896,0.40214803229583485
-3.672799999999995,-3.4026400000000194,0.418108842442555,0.39817505073922455
-6.877299999999991,-7.061910000000012,0.38584702320820785,0.3951737341511885
-3.598000000000013,-3.5727699999999913,0.40409787462216684,0.4040085026881357
-11.689300000000003,-11.139009999999871,0.4138902274390732,0.40071786706741275
-3.27049999999997,-3.384010000000046,0.3807826642766132,0.39285476455914736
-1.7442000000000064,-1.6590999999999951,0.4199700247053295,0.406074443527249
-4.59620000000001,-4.558840000000032,0.4084824164876988,0.4071740394048895
-0.8474999999999966,-0.9025899999999893,0.379956161688888,0.40205122439413987
-0.40090000000000003,-0.3122800000000012,0.4596646981318342,0.3941990236342452
-1.3355000000000103,-1.2375499999999988,0.42782398998655324,0.40714861384987255
-2.6889999999999645,-2.604190000000017,0.4061282308231773,0.4000525251615983
-7.286500000000046,-7.723329999999919,0.38621746151978886,0.3995518812688337
-0.9612000000000052,-1.18262,0.33829730297549876,0.3870141437155139
-1.8419000000000096,-2.117199999999997,0.3721384907129366,0.40818506062190174
-2.0186999999999955,-2.093560000000025,0.38905686718369026,0.3973995642142514
-0.29439999999999955,-0.34105000000000274,0.40165791638908654,0.4325718732886896
-1.5593000000000075,-1.6057900000000132,0.4183191982039203,0.42267410884893053
-2.443899999999985,-2.526309999999995,0.3942723849945873,0.4038423694908255
-2.320999999999998,-2.4646899999999903,0.38787188712192666,0.4021459260895366
-10.441699999999969,-10.23424,0.40533514044662766,0.3996988410431612
-4.327499999999986,-3.977800000000002,0.4247565039805723,0.40258880380303896
-2.3357000000000028,-2.1578400000000215,0.4213242054851518,0.39775765301328647
-1.5511999999999944,-1.6911599999999964,0.3805532953067736,0.39729608628873425
-7.178800000000024,-6.607960000000048,0.42835137308319116,0.4043898217262809
-0.7942999999999927,-1.043229999999994,0.3317632288329042,0.38654779620674873
-1.4250999999999863,-1.3847800000000063,0.4136223320417409,0.4074570437972769
-1.510200000000026,-1.6539300000000026,0.38204073178349507,0.4068645202732757
-3.4758999999999673,-3.6844899999999825,0.38573635916812066,0.3989079731607781
-2.1329000000000065,-2.346330000000023,0.3747952491740758,0.39990491019168406
-1.8862000000000023,-1.9483700000000113,0.37942441459510867,0.39263554995874195
-2.773899999999969,-2.6726099999999633,0.417153054524233,0.40528289242087734
-1.4951000000000079,-1.6908300000000054,0.3704737696027083,0.40670094161483483
-0.19640000000000057,-0.1714999999999982,0.43388575784877315,0.41534024328708785
-0.7073000000000036,-0.8045500000000061,0.36626627371290077,0.3954174236994401
-0.8462000000000103,-0.8427000000000078,0.40189032290178783,0.39752819966552
-0.21160000000000068,-0.2933500000000002,0.32088057718846485,0.4041827076551652
-1.0304000000000002,-1.2129499999999922,0.3596600937074701,0.39516553492757733
-12.06510000000003,-12.632080000000087,0.38423397935722914,0.39627946714313467
-0.5003000000000029,-0.45658000000000243,0.3974286486327472,0.38228829630986283
-0.6067000000000036,-0.7516399999999948,0.35294340876836916,0.40183542563045904
-2.8145000000000095,-3.2743999999999573,0.35686509308936465,0.3939027949045659
-23.332400000000234,-23.14368999999988,0.39969586033459237,0.3973927239117936
-2.7959999999999923,-2.7054200000000037,0.40453936829101256,0.3913549813362005
-0.2223000000000006,-0.29695999999999856,0.3694536451547714,0.4325381206972567
-0.9141000000000048,-0.8257799999999946,0.4582800999588299,0.41587979858679347
-3.009200000000021,-3.064589999999953,0.3970659189921566,0.4013408766154969
-1.0471000000000004,-1.437640000000016,0.3156611874934434,0.3889195027078962
-14.11669999999981,-14.230949999999893,0.39275871751405234,0.3963465814005085
-2.007000000000005,-2.198209999999989,0.372560435918845,0.39815878781359615
-0.6051000000000002,-0.5978199999999987,0.41074143651496087,0.39989866102214666
-13.28060000000005,-13.07863999999995,0.4014034238866371,0.3956028258216504
-2.9757999999999925,-3.0763900000000035,0.3851389402870886,0.3931984853847048
-0.8598999999999961,-0.6470500000000072,0.4801111441941952,0.39719815183516527
-3.0966999999999985,-3.0271099999999933,0.4098532608599825,0.40423591496381306
-4.573500000000024,-4.981690000000015,0.3745556434806119,0.39542552880638127
-1.7014999999999816,-1.5771599999999921,0.41877514233070734,0.39390604291531517
-1.6573000000000206,-1.726569999999981,0.3990856717954516,0.408302007350847
-0.5975999999999999,-0.5037599999999998,0.49580693622186534,0.4361219743379108
-1.0373000000000019,-1.2506900000000059,0.3501194346139158,0.3953021771626819
-0.7913999999999959,-0.7091200000000057,0.4643808637144531,0.4328362756728099
-4.875599999999963,-4.641860000000008,0.40299263867522583,0.39071975034643547
-0.23579999999999757,-0.32641000000000275,0.3515374409828409,0.41359027568099727
-1.6278000000000077,-1.7271000000000072,0.3832942629414138,0.39543830461628016
-6.261200000000031,-6.219830000000002,0.4008655702619768,0.40060891330231385
-1.9773999999999887,-2.0274200000000064,0.3879216294425891,0.39049498119814174
-2.5319000000000074,-2.6931399999999712,0.39053272331475153,0.4053629573983475
-1.3371999999999957,-1.2837199999999882,0.40476972604759354,0.3978022159166317
-4.641999999999996,-4.7359200000000214,0.4037188034714756,0.4102142391692265
-1.721400000000017,-2.0682899999999904,0.35543152527575117,0.4021148070766811
-1.193799999999996,-1.0826100000000025,0.4157344610379976,0.38911079750627575
-17.0766000000001,-17.33177999999998,0.39313096793260893,0.3963480642245054
-11.403700000000072,-11.20385999999985,0.40682258496551604,0.40037979384364153
-1.5966999999999985,-1.7786600000000021,0.36939961515525255,0.40434280312566795
-7.7374999999999545,-7.524000000000001,0.4111855917842355,0.4037179910498123
-6.455199999999991,-5.7340299999999615,0.42498368366181705,0.3903412169906195
-3.7327000000000226,-3.7295199999999795,0.404615114843776,0.40425103976564625
-1.1088999999999913,-0.8783600000000007,0.4845829824046799,0.41263270383091744
-0.9084000000000003,-0.9824299999999937,0.37625500350724206,0.3927657373165916
-5.701000000000022,-6.079050000000052,0.3791750508492786,0.39544642629074644
-2.3748999999999967,-2.4594800000000134,0.3915187243239471,0.40129412980351997
-2.038199999999989,-2.3034299999999917,0.38108250214530237,0.4135661069592178
-0.9759999999999991,-1.0037400000000076,0.38630597914315334,0.3890679433047328
-0.05059999999999998,-0.022229999999999972,0.6461878030793899,0.38615576240010885
-4.344800000000021,-4.367599999999982,0.4047252433127646,0.40084893147604994
-4.166399999999953,-4.03728000000001,0.40859284244891825,0.40053990492943115
-1.2257999999999925,-1.193470000000005,0.4219815561816054,0.410260146845709
-5.023200000000031,-4.944069999999954,0.39898393479249616,0.3972930428072896
-37.441499999999905,-36.272309999999834,0.4050054756650434,0.39670224722700986
-4.044199999999989,-4.177250000000015,0.3947798726286811,0.4047567579037459
-48.24529999999959,-46.80953999999929,0.4065978459203645,0.39896111469366335
-11.653099999999995,-11.549549999999954,0.4019919391722748,0.3998770607482216
-2.8525999999999954,-3.0494599999999537,0.37862881987038577,0.3985135721545463
-5.163199999999961,-5.250620000000026,0.39322783277713214,0.3961027543442963
-1.334299999999999,-1.150279999999995,0.44195503773285516,0.40202040867376443
-4.439799999999991,-4.745699999999999,0.3812166277745721,0.39847703621054276
-4.038000000000011,-3.9459900000000516,0.40103362725942837,0.39787801774811005
-45.69329999999991,-45.59687000000031,0.3984608144140811,0.39716073651843153
-2.640199999999993,-2.866610000000037,0.3870386253932212,0.40963384928420776
-4.837799999999959,-5.0216800000000035,0.3924872742072205,0.4029832543888556
-3.4658999999999764,-3.6500599999999963,0.38726309354615296,0.4000959429391715
-0.9386000000000081,-0.7346900000000005,0.47768186948482505,0.3932319385397731
-3.442799999999977,-3.284850000000006,0.4033811224308126,0.39301926240924434
-11.387500000000045,-11.7665199999999,0.3889201467278225,0.39891946552417235
-11.18509999999992,-10.980009999999993,0.39774272828874135,0.3946239803528151
-1.7913000000000068,-1.7548400000000015,0.41166118597300017,0.40726894908760247
-1.320600000000013,-1.4611899999999878,0.37562388747813813,0.3988537659523228
-0.31859999999999644,-0.32594999999999885,0.39215892240114236,0.3982007201743354
-1.245199999999997,-1.1132500000000078,0.43380737232061595,0.39300088415483714
-2.606800000000021,-2.363589999999988,0.41144676943185576,0.38867010520613476
-4.300899999999956,-4.571680000000015,0.38283400487053587,0.39274838405261026
-2.7819999999999823,-2.5745600000000195,0.41450613952518367,0.3941051341276758
-2.4913999999999987,-2.7772600000000125,0.3755752432605064,0.4032727883060305
-4.183799999999962,-4.087769999999978,0.41481263737332963,0.4106332222167275
-3.7098000000000297,-3.5897899999999936,0.40101463785031655,0.39171302893881155
-5.8075000000000045,-6.177459999999996,0.37959907815268146,0.39401211141634196
-7.030000000000086,-7.061970000000088,0.3983039000890587,0.39795043767916205
-4.606699999999989,-4.475770000000011,0.3955409138978849,0.3884626083343612
-2.16070000000002,-1.9299399999999878,0.42130606481780575,0.39579116059440533
-0.796599999999998,-0.9398600000000101,0.3724308337408111,0.4063862675376839
-2.3156000000000176,-2.246789999999976,0.4061448590774841,0.4006361727672436
-1.448299999999989,-1.588499999999982,0.3927930007965541,0.41587139027625675
-7.098699999999894,-7.027180000000044,0.3952901888773175,0.3935204336104059
-1.5045000000000073,-1.2817699999999945,0.43758125222754796,0.3896497111830266
-2.186800000000005,-1.889409999999998,0.44144799824126224,0.397804639698518
-1.0849999999999937,-1.1267400000000123,0.38367990386718454,0.38638168967624065
-4.018500000000017,-4.292599999999993,0.37583081325021084,0.39282467035441915
-2.788099999999986,-2.624059999999986,0.4165793979634236,0.40203772783011793
-1.8864999999999839,-1.9454500000000223,0.39045238695001316,0.40018842763720475
-8.586199999999963,-8.445079999999962,0.40218041319302067,0.39648287803539795
-0.4674000000000049,-0.3612399999999951,0.4558354838897438,0.3930212687881296
-1.7682000000000073,-1.88218999999998,0.3828378658926601,0.40155694639114614
-2.043599999999998,-1.864530000000002,0.4470483401878278,0.41742102256010494
-2.6988000000000056,-3.1081399999999917,0.36263751783431886,0.3940109962271787
-4.0471,-3.9983500000000163,0.3910636811226498,0.39089205201900956
-1.1602000000000032,-1.2993400000000008,0.37715251902483704,0.3984401305795249
-1.6092999999999904,-1.5028400000000204,0.4123129939757719,0.39557095076370175
-1.8930000000000007,-1.7169199999999876,0.40780357639387255,0.38047368451401553
-0.3271999999999977,-0.4113799999999941,0.3431915425540888,0.3997312307139511
-0.5039999999999978,-0.590200000000003,0.36400183831075683,0.39660501428608885
-1.835800000000006,-1.6663800000000037,0.4120097462439798,0.38525788446759357
-3.0593000000000075,-3.042920000000038,0.39750613267266477,0.392815383769185
-0.9409000000000134,-0.8933099999999996,0.4168960364828944,0.40008527588166753
-0.30100000000000193,-0.3189300000000017,0.37234932730294545,0.38355354394876695
-0.99969999999999,-0.9170699999999954,0.43295696057081834,0.4083462263764881
-0.8790000000000049,-0.8377700000000061,0.43693253790482167,0.4294163052905198
-1.073999999999998,-1.1714199999999977,0.35299956259478016,0.38337857142327625
-1.0257000000000005,-1.093119999999999,0.39621293128750956,0.4052943045569357
-4.5702,-4.2585300000000075,0.4082113806967991,0.39124681605933187
-0.35139999999999816,-0.33574000000000126,0.4560485701321726,0.4457968367757914
-0.4490000000000052,-0.5095600000000005,0.34174620046443227,0.3738034707513771
-18.384000000000015,-18.116300000000138,0.39978745388442594,0.39464983230868
-5.1370000000000005,-4.90598,0.4204498607915941,0.40367849278879486
-1.3547999999999973,-1.2382300000000015,0.40806222044158513,0.3922197339229605
-0.18839999999999968,-0.1696799999999996,0.45526235593726927,0.4102024439317731
-0.48679999999999524,-0.6101299999999981,0.35134719953926474,0.3958621903125792
-4.164799999999957,-4.24336999999997,0.3988434018585174,0.40257156544956096
-1.6379999999999768,-1.6016600000000096,0.38713411882476123,0.38121928372296665
-4.458300000000008,-4.399670000000015,0.40341785008128905,0.39405988872442954
-7.4343000000000075,-7.038049999999998,0.40959227413508437,0.3936745961568233
-0.1730999999999998,-0.1420300000000001,0.45606039742838167,0.4028982500304368
-2.495399999999961,-2.673819999999978,0.37484148994919586,0.393003322921226
-0.6587000000000032,-0.5967300000000009,0.4200816621411363,0.3982503070618426
-4.985400000000027,-5.0276099999999815,0.39648931289002487,0.3963666973698432
-0.8562999999999903,-0.8295999999999992,0.4029365995886325,0.3899989582854646
-1.9243000000000166,-1.9717200000000048,0.4071897816261938,0.41123351110812223
-1.8251999999999953,-1.7638499999999908,0.4120045684568252,0.40172144645316266
-4.600900000000024,-4.763230000000021,0.3842417639328133,0.3927583670008339
-0.580299999999994,-0.499369999999999,0.41282647677201023,0.38317359395718675
-17.35129999999981,-16.849189999999908,0.4079017322813794,0.39863018416488316
-0.75,-0.8110400000000055,0.3687463067408192,0.3895940540430409
-15.508199999999988,-15.227840000000015,0.40145422719115587,0.3978454164894618
-4.648199999999974,-4.660349999999994,0.4020456281774054,0.4018477647380836
-7.981499999999983,-7.69695999999999,0.4051098537394937,0.39599945206030274
-0.26030000000000086,-0.23751000000000033,0.4256975669558294,0.4162470501018589
-2.191599999999994,-1.985319999999973,0.42642950649900424,0.3994899354775594
-2.113400000000013,-2.049059999999997,0.4014432809767543,0.39391459177289256
-0.37950000000000017,-0.4302799999999962,0.3575088183070063,0.39577923482585486
-0.6681999999999988,-0.624769999999998,0.4064845187128796,0.39396591522522506
-0.7426999999999992,-0.5706500000000005,0.47617263253039166,0.4014636882184286
-1.171900000000008,-1.2152600000000007,0.39205326263596074,0.40613906467055205
-0.5357000000000056,-0.5714499999999987,0.3741673110728039,0.39293361760375234
-2.1004000000000076,-2.2925400000000025,0.37520103126926774,0.3976048076471894
-0.34070000000000533,-0.36968000000000245,0.3612033903236833,0.3698612856709804
-2.3954000000000235,-2.32226,0.40489320519130345,0.3963214592142439
-2.796999999999997,-2.3302300000000002,0.4494957148069245,0.3978316043917518
-1.308700000000016,-1.5893100000000118,0.34263321353582565,0.3920826123736454
-3.922399999999982,-3.7586499999999887,0.40584125239833124,0.39571763063575016
-0.9151000000000096,-0.7617000000000047,0.4618036052663088,0.40463672212873725
-4.090399999999988,-4.179560000000038,0.39306706464943275,0.395290158610484
-2.304000000000002,-2.256239999999991,0.40907768800058086,0.4073963125897251
-8.607799999999997,-9.194579999999974,0.37510860585139305,0.38955951591228555
-108.79179999999906,-106.6201000000001,0.40240479655819783,0.39733960160937
-4.289799999999957,-3.9912100000000237,0.4098946045832941,0.39213875499433115
-0.7443000000000097,-0.8687200000000104,0.35876889587465044,0.3980044732603716
-1.2638000000000034,-1.5062499999999943,0.34047973334836446,0.3889478677320479
-3.538099999999986,-3.627209999999991,0.3957400370071973,0.39987731675059646
-1.2775999999999925,-1.1850499999999897,0.41361890730087225,0.39744048752770045
-0.8760999999999939,-0.9996799999999979,0.38231019607826155,0.41540260754393543
-1.7047000000000025,-1.9916299999999865,0.3612747421727125,0.4052706119524574
-1.0508999999999986,-1.0299700000000058,0.3919000006018969,0.38832740633232277
-1.7375999999999863,-1.6213799999999878,0.4200909333925251,0.39302790323501036
-8.983799999999974,-8.818669999999997,0.4030923620943483,0.3987924508672025
-2.945799999999963,-2.980410000000006,0.3880171170472346,0.3885787893839643
-1.752299999999991,-1.6059899999999914,0.4283638420674363,0.4061074435435019
-0.289200000000001,-0.3946100000000001,0.35821944453495735,0.4184748165519947
-0.5404000000000053,-0.3580699999999979,0.46984710349031733,0.3637680454013026
-1.094699999999989,-1.117990000000006,0.36997591791418927,0.38445435382237214
-0.021299999999999986,-0.015820000000000056,0.47764854551217706,0.31921103497534187
-1.0675999999999988,-1.0714699999999908,0.4082294500826755,0.40811331895278524
-0.6980999999999966,-0.7336699999999894,0.4003614278012435,0.4047272720591133
-1.0285999999999973,-0.9536500000000103,0.4086696120733535,0.395984968157137
-0.5689999999999955,-0.6476100000000002,0.38879628962713575,0.4209582320408245
-2.7182999999999993,-2.773210000000006,0.38456213046484944,0.3911236620712133
-0.9947999999999979,-1.0672100000000029,0.39087684033696224,0.40526198969907945
-1.4064000000000192,-1.538579999999996,0.37549988415312985,0.4044835785592671
-37.723999999999705,-36.92353000000003,0.403807472295159,0.39785662186588855
-12.240000000000009,-11.631669999999986,0.41047774596298936,0.3964285910498022
-8.32669999999996,-8.308430000000044,0.39599673260750645,0.39409842765778524
-0.2752999999999979,-0.2050200000000011,0.5307765054333835,0.4308359133733619
-8.06409999999994,-8.013569999999959,0.392715418963796,0.3924529990670056
-3.809599999999989,-3.8898100000000113,0.39475864889191303,0.40243632095569026
-30.88269999999966,-30.571930000000066,0.39693177893094234,0.39480703184702204
-3.0616999999999734,-3.268640000000005,0.37643533780729044,0.3920742413756173
-4.316100000000006,-4.344200000000001,0.39007122271366157,0.3922535926230708
-12.192000000000007,-12.007429999999886,0.4086721262807069,0.40396441675436545
-19.978099999999813,-20.254590000000007,0.3969098341462418,0.4007452364759079
-1479.251900000003,-1470.2512799999968,0.4005005727727218,0.3991117495316665
-419.74600000000646,-422.31614999999874,0.3981536633214988,0.3995665545834415
-24.434999999999945,-24.646999999999935,0.3985284452234561,0.4002913432093136
-6.382600000000025,-6.341229999999996,0.40267315636983714,0.40043665206515033
-66.6172000000006,-66.35705999999936,0.3912856211267135,0.3903026412396926
-7.984699999999975,-8.271740000000023,0.3886229318461387,0.3956132493770248
-47.96590000000015,-47.64818000000014,0.40307702565494097,0.4009302766951661
-50.16810000000078,-50.20715999999993,0.3924853451204635,0.3917904556236529
-0.6022000000000034,-0.4613200000000006,0.4790045977860702,0.3934046102375133
-2.9436000000000035,-3.240670000000023,0.3871703766932688,0.41237776415263827
-0.38689999999999714,-0.32647999999999655,0.40986030700223,0.3764967771786587
-19.079899999999952,-19.137640000000147,0.40008806600779767,0.4001457530746544
-32.477600000000166,-32.0922800000003,0.40205020972186034,0.3988490247442078
-4.240000000000009,-4.210460000000012,0.38794468619447464,0.3882856973262738
-24.986699999999928,-24.805719999999837,0.40040249254587046,0.3986689269975363
-0.6413000000000011,-0.8319800000000015,0.34486397422015536,0.4049328786949635
-249.3537000000033,-247.02867999999944,0.40136681190083845,0.3989865393726033
-0.3012999999999977,-0.2668999999999997,0.3807348346049011,0.3839640168620928
-6.775499999999965,-7.0648499999999785,0.3950448074946822,0.4068070649386968
-8.554399999999987,-8.390230000000088,0.40341425586176705,0.39762579842963497
-6.411200000000008,-6.2446200000000545,0.40944563165894454,0.40492569926777744
-0.5407999999999973,-0.44688000000000017,0.46816285652344636,0.41573077725995944
-3.934400000000039,-4.524210000000039,0.3608035645467744,0.39469579059703275
-0.9994000000000085,-1.210339999999988,0.3624315159224789,0.409661514537496
-0.6419000000000068,-0.580759999999998,0.4172903408690143,0.3951018515266247
-5.052099999999996,-5.066230000000019,0.3903880409752647,0.39109413553486405
-0.9069999999999965,-0.901849999999996,0.3821783939418344,0.3850132179202159
-3.5323000000000206,-3.768920000000037,0.39150001833796466,0.4087960126532675
-1.645399999999995,-1.7656800000000032,0.36250811761655566,0.3841509820440736
-0.7811999999999983,-0.7964100000000087,0.3933215435951265,0.3986804055381654
-33.05169999999998,-33.272939999999835,0.3986482137323222,0.40003980916938353
-1.4527999999999963,-1.4357400000000098,0.389125606396723,0.3901884732024463
-1.834699999999998,-2.0824899999999786,0.37787408536194,0.40475461791762424
-1.3631000000000029,-1.5317799999999977,0.3634987083607433,0.38811066133350725
-7.478899999999953,-7.114509999999996,0.39897548904828106,0.38568706426149735
-10.664499999999862,-10.60342999999989,0.39853809579371013,0.39681778404787593
-3.5897999999999683,-3.290450000000021,0.410118222746525,0.3886170803423461
-7.464700000000107,-6.664940000000001,0.41333192265773366,0.3859373032232716
-3.9595999999999663,-3.9300400000000195,0.3991388393002504,0.396532197998134
-3.8471999999999866,-3.9456599999999753,0.3805490261450162,0.3824176851487726
-3.6667000000000485,-3.6159900000000107,0.4127937965185069,0.4110584805734563
-4.059500000000014,-3.996690000000001,0.3890330447750001,0.3852464991845883
-3.0668000000000006,-3.243060000000014,0.3795995311226097,0.3961783103054728
-5.4290999999999485,-5.0072100000001,0.41031719163746594,0.38872531548246325
-18.03650000000016,-18.272879999999986,0.39984178264513837,0.40423700342824276
-1.1390999999999991,-1.1706099999999964,0.3732889971163278,0.38514106393625624
-2.3019000000000176,-2.348990000000015,0.3877950938397712,0.3972407284912327
-0.22390000000000043,-0.24068000000000112,0.36290757102790394,0.3804686796017309
-1.1778000000000048,-1.2474100000000021,0.3917180805502296,0.3969280199682901
-4.453900000000033,-4.273910000000001,0.40789711904074544,0.3992756920813356
-2.936999999999955,-3.0493299999999977,0.37527219660706823,0.3828171478974518
-10.574200000000019,-10.404060000000072,0.4063721883217353,0.4018675504863456
-2.4694999999999823,-2.607629999999972,0.37026615737727475,0.38679346698817785
-1.1593000000000018,-1.5013799999999833,0.32864335911759746,0.3894595630026476
-4.866199999999992,-4.820350000000019,0.3950457777170069,0.39010228357332366
-16.755300000000034,-16.23479999999995,0.4000608721721255,0.391334526500553
-0.8635000000000019,-0.6708599999999905,0.46140182342577774,0.39558956363761055
-2.3722999999999956,-2.397619999999989,0.3873638149041403,0.3917231422805534
-2.62560000000002,-2.210439999999977,0.45151908429996723,0.40120265091139196
-0.4626999999999981,-0.5648199999999974,0.321045277260934,0.37174043224856845
-2.4920999999999935,-2.813470000000052,0.3639057988207517,0.39187567521865585
-1.2395999999999958,-1.3992399999999918,0.3656995744635516,0.3920408706338918
-1.5560000000000116,-1.6338199999999858,0.37862179148444586,0.3976231193760782
-1.6414000000000044,-1.4804699999999968,0.4178300633105758,0.3897983711600883
-9.540499999999952,-9.699959999999919,0.39235201094045546,0.3974398826390724
-5.819499999999948,-5.82698999999991,0.38950182001544764,0.38961368373973126
-8.749799999999937,-8.038170000000036,0.4117442731123022,0.3900871915299309
-5.95169999999996,-5.904909999999973,0.3979671412930097,0.39342632696348634
-3.201599999999985,-3.0291900000000282,0.4016864712416135,0.3908152230270856
-5.186399999999992,-5.1465200000000095,0.40262589564568074,0.40108720262950204
-3.022899999999993,-3.033230000000003,0.395266839843611,0.3963992680503292
-68.1198000000004,-68.81214,0.38879091890546835,0.39198109001645776
-0.5968000000000018,-0.6586400000000054,0.3612139876401077,0.39207603469590957
-6.913900000000012,-7.271189999999933,0.39459177894676234,0.4060980833816119
-19.366399999999885,-19.31986999999981,0.39227470059217673,0.3918055222835948
-32.48710000000028,-33.10613000000012,0.3965091289636513,0.4001876991322817
-10.014999999999873,-10.191649999999981,0.38886132165945053,0.39331980656487353
-18.357999999999947,-18.018280000000004,0.40417263817393856,0.39917892580947356
-1.2347999999999786,-1.441990000000004,0.3576203229907815,0.40105489456763177
-3.738299999999981,-3.8156099999999924,0.38456074756303416,0.38955736524559637
-7.167599999999993,-7.019600000000082,0.40364422601115724,0.39656786054198534
-1.0189999999999912,-0.9155099999999976,0.44181182479272607,0.40642285275322987
-8.056500000000028,-8.730289999999968,0.3788476087990933,0.3975494027518067
-3.421299999999974,-3.6235700000000293,0.38620293186952814,0.3967600716631159
-3.040999999999997,-2.916590000000042,0.40080691354065223,0.3891061647850247
-4.0972999999999615,-4.284439999999961,0.38757984178372507,0.39494640242538903
-1.700099999999992,-1.489389999999986,0.4134072770410002,0.37928324465026364
-4.546899999999994,-4.89766000000003,0.37832982458994024,0.39682948747301605
-5.183099999999968,-5.32937000000004,0.37738919492964484,0.3844493705321028
-1.6805999999999983,-1.4672700000000134,0.43156946697717746,0.39269314070620176
-4.911999999999978,-4.677700000000016,0.3994529693807092,0.3890838804525565
-6.509999999999991,-6.754030000000057,0.38644477536966537,0.396437686702078
-3.8027999999999906,-4.241299999999967,0.3670653215849029,0.39495344399560484
-5.575500000000034,-5.235279999999989,0.4190551056592051,0.401270368808726
-1.787399999999991,-1.9089500000000044,0.37746796883360023,0.3939695168029278
-3.344699999999989,-3.176400000000001,0.4000840237744274,0.38799998579461814
-2.361599999999953,-2.688660000000027,0.3540205830285137,0.38728095961413356
-5.172300000000007,-4.719329999999957,0.4146269855043183,0.3922044852861406
-5.7760999999999285,-5.799099999999953,0.3963058404894193,0.3970229225446653
-0.18769999999999953,-0.22359999999999758,0.3464845421743412,0.3929833311524966
-0.7580999999999989,-1.0104999999999933,0.31003118188395185,0.36555251501317887
-3.850500000000011,-3.702220000000011,0.4163856863326876,0.402724140665911
-1.5476999999999919,-1.5486099999999965,0.3761981787478774,0.38009575710753474
-4.091399999999965,-4.507249999999999,0.37050728351739615,0.39550208932386255
-23.004599999999755,-23.514220000000023,0.3784387402055778,0.38435647921812865
-39.49200000000019,-39.634430000000066,0.39740494905196044,0.39788350390035365
-3.062000000000012,-2.785570000000007,0.42058449524633446,0.3986822665980938
-7.063499999999976,-6.741129999999998,0.40760458605237915,0.39493830848851275
-8.930799999999977,-8.528659999999945,0.4041660805739644,0.39070026355148
-12.44159999999988,-12.279209999999921,0.38907214206473917,0.3857632023811286
-5.797900000000027,-5.9730899999999565,0.3883341422022957,0.39402826182708406
-2.5581999999999994,-2.7451300000000174,0.3704478005732481,0.3855574955915486
-3.7409999999999854,-3.8922099999999773,0.3945816039087946,0.40401602379207535
-0.4468000000000032,-0.5216199999999986,0.3501282999868627,0.38694886597732125
-6.255600000000072,-6.069449999999961,0.4061525514473585,0.39802924186203015
-0.2447000000000017,-0.15451000000000192,0.49960336475483036,0.3821794391790423
-3.2878000000000043,-3.2057399999999916,0.4041974870127918,0.39649749946697455
-0.008199999999999985,-0.018289999999999917,0.19241865294370442,0.33436695535142835
-5.191100000000006,-5.606589999999983,0.38743567713837024,0.4048936676425585
-1.5643999999999778,-1.6315499999999759,0.3812442438094754,0.38601565224498646
-1.3963999999999999,-1.1199299999999965,0.4415917989869289,0.3809066880628542
-1.7805999999999926,-1.7849999999999966,0.3962929329380138,0.3991953984013419
-0.31459999999999866,-0.4382400000000004,0.304773716613882,0.38419189916032437
-0.1974000000000018,-0.23903999999999925,0.3699914041669583,0.4240872950133978
-1.2040000000000077,-1.395479999999992,0.3477967615252542,0.38034692940773773
-0.005499999999999949,-0.0038000000000000256,0.19914155846290083,0.18665424999779745
-4.568500000000029,-4.5411099999999465,0.3974565380198136,0.39695728218680504
-1.7942000000000178,-1.5707199999999943,0.4281159001441104,0.395907569531051
-1.2080999999999875,-1.0749100000000027,0.4290193682214394,0.3907932706080697
-3.1894000000000347,-3.147919999999999,0.42250148378579766,0.4181935058467756
-1.7162999999999897,-1.6587299999999914,0.3941705761207004,0.3853429544065978
-2.5319000000000074,-2.378469999999993,0.4044358933171788,0.384468273205707
-0.21449999999999747,-0.16040999999999883,0.5040440047891392,0.3882382547032437
-0.7762000000000029,-0.6839099999999974,0.44547364351290586,0.406367301847399
-0.3839000000000041,-0.46532999999999447,0.34352827857038193,0.38430703270622146
-0.5792000000000002,-0.5184599999999975,0.4355474203223464,0.40409401058314476
-1.317700000000002,-1.2364000000000033,0.4020542258804882,0.38610201279150047
-8.151500000000055,-8.408110000000079,0.38995278854632165,0.3964023617141432
-11.963500000000067,-12.043730000000096,0.4088278587646377,0.4089487184701257
-7.585199999999986,-7.702569999999923,0.38970720192743613,0.39211372036416225
-2.8191999999999666,-2.648200000000031,0.41582617248878684,0.40190223615890197
-19.134700000000066,-19.282290000000103,0.3864816130870752,0.38711008644867206
-4.215100000000007,-4.443719999999985,0.38896626060456185,0.40000249617180295
-4.994100000000003,-5.1952,0.39234600934354713,0.4006514717054932
-2.734100000000012,-2.441810000000004,0.42263743597061865,0.3939782775164602
-4.947800000000029,-5.159889999999905,0.37741504497095235,0.38811375381997415
-3.7205999999999904,-3.472719999999981,0.41296170312408176,0.3976923032518398
-3.448099999999954,-3.487199999999973,0.38715392248052094,0.38652399918723823
-1.8666999999999803,-1.9628999999999905,0.3880261814653174,0.40197710135829734
-0.17150000000000176,-0.33746999999999616,0.24375034613504099,0.37202664584039535
-14.996799999999894,-14.152199999999993,0.4130176502927352,0.39717004473460715
-0.3327999999999989,-0.256219999999999,0.4587146989489588,0.3777980156700833
-3.0043000000000006,-3.2608600000000365,0.3733300930327754,0.39406034207301044
-1.9825999999999908,-1.4394000000000062,0.47673221672515087,0.3857531236432399
-1.505899999999997,-1.4074700000000178,0.4213262079703517,0.40034984868182466
-1.0588999999999942,-1.0107,0.40389715169975027,0.40470537927022043
-1.9090999999999951,-2.075790000000012,0.3755670085763052,0.39850178605218556
-4.585399999999993,-4.836490000000026,0.3891014652536162,0.39957642708388086
-4.6375999999999635,-4.979839999999967,0.3710414764776626,0.39074573707178484
-7.284899999999993,-7.616480000000024,0.38791404500153615,0.3978848332184981
-3.0785999999999945,-3.173940000000016,0.3856569533712495,0.3911525513465186
-3.011099999999999,-2.7753400000000283,0.4258250697276589,0.4029185693502635
-2.77030000000002,-2.906689999999969,0.37527864557442836,0.38756540236066783
-0.5455000000000041,-0.6035000000000039,0.37061459587499623,0.39579649310239606
-14.141399999999976,-13.648040000000037,0.4003701975304974,0.3923095045794689
-1.0951999999999913,-1.113669999999999,0.3891269757016369,0.39818586804671874
-7.926600000000008,-7.782699999999977,0.39256417740303196,0.38894225983383546
-0.4382000000000019,-0.29869000000000057,0.5163616629113355,0.4017058932742845
-4.056700000000035,-4.546819999999968,0.3707294187174748,0.3972583715005973
-3.7812999999999874,-3.6637600000000248,0.4058129604047833,0.3964474656669603
-16.846900000000005,-16.265079999999898,0.40039783545851027,0.39104850012463555
-2.595600000000019,-2.3149200000000008,0.42941518352552777,0.4014724782775314
-12.754200000000083,-13.654879999999821,0.38228168823200015,0.3991013607457017
-0.5120999999999967,-0.5078099999999992,0.4231081110267043,0.4212079749223996
-11.149499999999989,-11.639300000000048,0.3827244961293941,0.39339364528498955
-1.5732000000000141,-1.7932699999999784,0.360756755095637,0.39280425275383113
-26.822000000000116,-26.876620000000003,0.39031596183232153,0.3916822923338614
-1.4079000000000121,-1.5350400000000093,0.38087624021909683,0.400902728285768
-6.5353000000000065,-7.264990000000012,0.3685863120810762,0.3946039049949501
-0.9107000000000056,-1.0251599999999996,0.36411382889471877,0.39296190207644965
-8.227499999999964,-8.401849999999968,0.3851653647496178,0.3897934069391873
-8.914499999999975,-8.213439999999991,0.4271658228385711,0.4042340110246512
-6.996600000000058,-7.025350000000003,0.38533826781004255,0.3866892247434972
-7.19539999999995,-7.465180000000032,0.4010297197394097,0.40953322282544224
-6.40969999999993,-6.528980000000047,0.37618115385591455,0.37954542205762554
-2.745400000000018,-2.3987999999999943,0.46067432187242296,0.42243870032987463
-4.896000000000015,-4.522739999999999,0.39802775271606805,0.3790496672639865
-1.4647999999999968,-1.4716099999999983,0.40925160540346006,0.4158507532483924
-1.0650999999999868,-1.122080000000011,0.38929420123858804,0.3968399080642948
-9.820200000000114,-10.235239999999976,0.3877486880275782,0.398176859637811
-5.992600000000039,-5.809060000000045,0.39680641451516063,0.39204943154296235
-1.0065999999999917,-1.057770000000005,0.39047285056579284,0.40051413158623816
-2.2050999999999874,-2.3572599999999966,0.3880699818389344,0.4053855790131067
-0.7978999999999985,-0.7267399999999924,0.41151167888766604,0.3971678502906917
-3.7595000000000027,-3.602669999999989,0.41001565333469436,0.399120273980369
-1.335000000000008,-1.5061800000000005,0.35962080797293794,0.3941477674122451
-2.6539999999999964,-2.7020800000000236,0.3883640116741027,0.390752752946133
-0.02069999999999994,-0.027200000000000113,0.3479162527452173,0.43760549881970423
-1.575400000000002,-1.6432399999999916,0.3795402970864892,0.3863795981680074
-3.538000000000011,-3.110590000000002,0.44226369643651786,0.40567426612212465
-1.8077000000000112,-1.8035700000000077,0.4003772032344699,0.39674106439431256
-1.368700000000004,-1.2980400000000003,0.4266784959437109,0.41667920485464194
-0.22850000000000037,-0.16635000000000133,0.5281914781216202,0.4229550292591755
-2.747000000000014,-2.588509999999985,0.4086056689522888,0.3952200766276004
-1.6791000000000054,-1.51982000000001,0.4342844555189185,0.40805017706764257
-0.5553000000000026,-0.7358300000000071,0.3311073448508006,0.3940199878534223
-0.11509999999999998,-0.04292000000000007,0.8546005342934482,0.40516165182316044
-3.913599999999974,-3.99744000000004,0.38327170526779586,0.3888078499584946
-1.6384999999999934,-1.7734200000000158,0.4047021279411256,0.418662458937491
-3.7387999999999693,-3.776260000000036,0.389413004050021,0.3916051348906713
-1.2985999999999933,-1.597849999999994,0.350173524371189,0.40137917406242174
-0.7417000000000087,-0.9034200000000112,0.3452060351976316,0.391748179334761
-2.366899999999987,-2.627610000000004,0.3772518836051342,0.40137280702656764
-2.1117000000000132,-1.8262399999999843,0.41418631967138353,0.3822349577297546
-21.595600000000104,-21.328369999999722,0.4015023389513983,0.39922532288492185
-0.6372,-0.5239999999999938,0.46975169029737085,0.41272167026915607
-1.6998000000000104,-1.6518900000000087,0.4128163198072299,0.40334644786950147
-1.6448999999999785,-1.652070000000009,0.376979825390622,0.378184304715945
-0.4754000000000005,-0.36196999999999946,0.5172954094755378,0.4240681664907209
-2.8771999999999593,-2.90101999999996,0.39534726399585995,0.3969508182490866
-0.9188000000000045,-1.099640000000008,0.35251937350588847,0.4000814790911411
-3.751299999999958,-3.8376499999999965,0.3835831716525684,0.389034184694137
-1.564300000000003,-1.5825199999999882,0.39814651264653556,0.40191331972960764
-2.7964000000000055,-2.8266199999999913,0.38916404353506184,0.39260016268871656
-1.0797999999999917,-1.1892700000000076,0.40518762964698585,0.43224331822417916
-1.7543000000000006,-1.5203300000000013,0.39258368530317167,0.3583514573314295
-2.7823999999999955,-2.8080700000000434,0.4109882664205866,0.4175538558006897
-2.9732999999999947,-2.6911999999999807,0.4124632240582127,0.38320543254277695
-31.44380000000001,-30.44309999999996,0.41763331078241706,0.40783705854896546
-0.1169999999999991,-0.12435999999999936,0.42057395245760354,0.40324230431032504
-1.2828000000000088,-1.2509900000000016,0.40916329624283154,0.39618919399382335
-1.4978999999999871,-1.5459000000000174,0.39614419245090904,0.4009654649051342
-2.493300000000005,-2.4873800000000017,0.3885849559079668,0.38983347170149507
-0.7010999999999967,-0.7651299999999992,0.40824691980818617,0.4324835015687478
-5.868200000000002,-6.008870000000002,0.37731911862579626,0.3813872750601188
-0.6473999999999904,-0.8822100000000006,0.3286702621800197,0.40088327830576365
-0.4688999999999979,-0.5583499999999972,0.3319740291839457,0.3732440815501725
-0.9467999999999961,-0.8712400000000002,0.421142053763468,0.39869662279459206
-11.900100000000066,-11.773480000000063,0.38539104856494255,0.3840513809528101
-0.8179999999999978,-0.6356400000000022,0.4768446019413286,0.4082229219593225
-3.4238000000000284,-3.8150999999999726,0.3624886810074557,0.38798660119758743
-0.9786000000000001,-1.1011699999999962,0.37062833800896033,0.39617179145803316
-2.9395000000000095,-3.0686900000000037,0.3779234903969808,0.3885112374101052
-2.3116999999999734,-2.0855099999999993,0.4219418264899133,0.398682028782793
-4.383199999999988,-4.369010000000003,0.3892327831761522,0.38689423384614674
-2.1684999999999945,-2.5380600000000015,0.3683985438347248,0.4093196615376993
-0.49629999999999797,-0.3627299999999991,0.44141686905656563,0.3508113523785328
-1.8011999999999944,-1.7251299999999787,0.4218634537457966,0.4098186627711664
-4.569000000000017,-4.759360000000015,0.3814032922608179,0.3896970903854102
-8.594000000000051,-8.757560000000012,0.38940729714649347,0.39559739186190157
-2.8210000000000264,-2.82580999999999,0.395855778837495,0.3971082533602788
-7.433899999999994,-7.778549999999996,0.3931421788940792,0.4056153575512589
-5.961900000000014,-5.859669999999937,0.3925059669314557,0.38660604927496234
-0.9174999999999898,-0.8902000000000072,0.4471381248579043,0.44739632983201716
-1.0525999999999982,-1.1537599999999912,0.3749135453875674,0.39053597728548883
-1.6897000000000162,-1.5824599999999975,0.4163966292145105,0.3975696627090741
-3.8104000000000156,-3.600369999999998,0.3988647814425317,0.38383681254925417
-1.1077999999999832,-1.2232700000000136,0.36436498953584806,0.387249101434084
-1.6503999999999905,-1.4098999999999933,0.449333832408505,0.4052854852090171
-1.1606000000000023,-1.0823800000000006,0.40441518880238725,0.3886667641465724
-3.4348999999999705,-3.636220000000037,0.3856665320197683,0.39983802020551185
-1.1306000000000012,-1.0701200000000028,0.428821712483507,0.4113925265211593
-1.5792999999999893,-1.5413599999999974,0.38555897903087555,0.38520362323035684
-1.7186999999999841,-1.9090999999999951,0.36701418249018847,0.38812163556340984
-11.100300000000061,-10.541370000000143,0.3977879348579627,0.3870001498116782
-6.179899999999975,-6.76834000000008,0.37684079610937893,0.3999076453703232
-5.947599999999966,-6.184729999999945,0.3711344946936812,0.3798169813587604
-1.7059999999999889,-1.915140000000008,0.3774098134057491,0.40386878541818216
-0.3710000000000022,-0.34539999999999793,0.43428430144132335,0.4035650443570127
-1.8622999999999763,-2.3301899999999875,0.3365197861542546,0.3856912029995385
-2.6496999999999957,-2.41849000000002,0.42320160815918495,0.4026186818409272
-2.0035000000000025,-2.043990000000008,0.38803642655351744,0.39027529565380803
-1.308099999999996,-1.3640100000000075,0.37933583947022953,0.3877475216738757
-4.498199999999997,-4.340429999999969,0.40320729022664814,0.39227970375268484
-1.5973999999999933,-1.548230000000018,0.41386426726397474,0.40763333497220167
-3.536900000000003,-3.793270000000007,0.37823670849834734,0.39268587413097134
-3.8630999999999744,-3.6400199999999927,0.4035117551388412,0.39055241109342553
-2.031000000000006,-2.332450000000023,0.3699445282703273,0.39738919081129254
-1.3251000000000062,-1.1569800000000043,0.4296221466280947,0.39141200206769255
-0.49099999999999966,-0.46257999999999555,0.4282623561781884,0.4002468976634921
-0.1763999999999939,-0.37339000000000055,0.26886575935776147,0.38410840941605073
-11.989000000000033,-11.113180000000057,0.40800625470756025,0.38976860889659015
-2.637800000000027,-2.8451900000000023,0.3845201794095976,0.40281648420597005
-1.9315999999999747,-1.8616400000000226,0.40133825258623634,0.39157921001162777
-2.0635000000000048,-1.8212000000000046,0.4367793876288939,0.4025681143539961
-5.315399999999954,-5.385719999999992,0.38844009160896587,0.3908639595761709
-2.197800000000001,-2.1256099999999947,0.4079782341908089,0.39901244784910084
-5.874700000000075,-5.667820000000006,0.4086889656131243,0.39647030854894627
-1.5512999999999977,-1.5054900000000089,0.4179771242292629,0.4067457673159858
-1.1552000000000078,-1.0980300000000085,0.4021237166425662,0.38995214395471933
-1.8384000000000071,-1.7807599999999866,0.39838631887871845,0.38836195262150763
-0.07810000000000095,-0.13814999999999955,0.3377560688123893,0.3845431546985134
-1.1816999999999922,-1.01330999999999,0.4660898352361498,0.4247819418839116
-1.6721000000000004,-1.9644600000000025,0.3600527187632263,0.3937383178042486
-3.412399999999991,-3.260590000000036,0.39185161233066257,0.38098858776451916
-3.9558000000000106,-3.8896799999999985,0.4126986888794315,0.4089034376359768
-6.591000000000008,-6.597099999999955,0.39036277811215214,0.3893625774663567
-0.9394000000000062,-1.0043900000000008,0.3808094095365311,0.40207751122092183
-3.589499999999987,-3.3814899999999852,0.41184971315277874,0.39333957889935434
-0.39679999999999893,-0.5960099999999997,0.31490604406185785,0.39640303548507116
-2.0364999999999895,-2.1103200000000015,0.39355441572759275,0.4053535893420612
-36.48050000000012,-36.260879999999815,0.3918860144947134,0.3913246470058196
-5.356999999999971,-5.405309999999986,0.4020847983358111,0.404718321256925
-0.9454000000000065,-0.9378700000000038,0.4022410647079644,0.3995251955456913
-27.672799999999825,-28.258679999999913,0.3807570446074715,0.3857561502037976
-3.19380000000001,-3.3756099999999947,0.39810644746898216,0.41305170304131167
-1.4424999999999955,-1.4232100000000116,0.41170045297722613,0.40432689026899116
-1.2466000000000008,-1.362339999999989,0.3555327196843594,0.38284218503337186
-3.5412999999999784,-3.361760000000004,0.4084367844094272,0.39430555339778905
-6.60450000000003,-6.080819999999903,0.4344509367701477,0.4115641006522841
-0.28649999999999665,-0.33093000000000217,0.37842922480630925,0.40583887648633077
-0.9376000000000033,-0.987639999999999,0.3960264651913681,0.40841744607562624
-0.37409999999999854,-0.3995299999999986,0.40928905992241305,0.42329265871476895
-2.0263999999999953,-2.059960000000018,0.39670079169669137,0.4005492203842387
-0.640199999999993,-0.7720699999999994,0.37167982422281476,0.4153857984227516
-0.39029999999999987,-0.3168900000000008,0.44780608115913,0.4057807889189524
-2.3262,-2.398470000000003,0.38522783995760257,0.39890574377632326
-2.2593999999999994,-2.4172299999999893,0.3855799337324939,0.4028715632394819
-1.5756000000000085,-1.7754500000000064,0.3584455256129715,0.3843796375149866
-4.812000000000012,-4.518910000000005,0.42349297894253013,0.4096199981934445
-0.3988000000000014,-0.416719999999998,0.3702871499324134,0.3724471647613248
-5.1399000000000115,-5.060729999999978,0.4140132917306305,0.4114710251897691
-1.8943000000000154,-1.707179999999994,0.4231883636246492,0.39198694184379157
-1.5664999999999907,-1.802989999999994,0.3736531124083342,0.4026071888809435
-5.031499999999994,-4.81361000000004,0.4103373691654699,0.39607099089120634
-2.039500000000004,-1.834229999999991,0.42379924256024104,0.39855199399085883
-1.1818999999999988,-1.2073800000000006,0.38997927077739636,0.39205353807940657
-1.625,-1.679050000000018,0.4096156181766286,0.4138262652077396
-4.246399999999994,-4.146500000000003,0.4020686935648943,0.3958067160513279
-0.5930000000000035,-0.6533500000000032,0.39063869505342463,0.40520418827396654
-6.07650000000001,-5.798270000000002,0.4066907133314812,0.3957745255828149
-0.9450999999999965,-1.0605099999999936,0.3663704176861238,0.3887394062032534
-1.9059000000000026,-1.517879999999991,0.47310956075792276,0.40398091997653207
-5.078399999999988,-5.36268999999993,0.3849374330151534,0.3971842530523295
-2.482400000000041,-2.863550000000032,0.3562471196364658,0.3891266627154666
-0.8607000000000085,-0.9867600000000039,0.3722579303246931,0.40734722371571497
-0.4496000000000038,-0.3578100000000006,0.4052102640590416,0.3497932350646993
-0.9525000000000006,-1.1431299999999993,0.3646701208974479,0.39901947617773104
-1.082099999999997,-0.9865099999999956,0.4434389599236921,0.4178863453500714
-4.576199999999972,-4.755550000000028,0.37699659132679475,0.3871684497350758
-0.21950000000000003,-0.2690199999999976,0.4097257070860616,0.4661138693538458
-4.675599999999974,-4.620890000000031,0.3852560155129803,0.38306065713276105
-0.1562999999999981,-0.21407999999999916,0.313670080047479,0.3813277822242389
-0.8524000000000029,-0.8514399999999966,0.3891914654824191,0.39051095157305316
-0.3410999999999973,-0.4108799999999988,0.3635700734470726,0.3950649597582512
-0.2129999999999974,-0.2911500000000018,0.35457996412191495,0.44668024513887516
-3.09740000000005,-2.915300000000002,0.41727250684040484,0.40253175272122466
-0.39560000000000173,-0.4369000000000014,0.39398450975545174,0.4324388041794691
-3.8894000000000233,-3.9468499999999835,0.37968063621145465,0.3839332382067573
-0.7199000000000098,-1.0066300000000012,0.34673274168293133,0.4211494827182305
-4.61080000000004,-4.236859999999979,0.40981054738815637,0.3881416572577123
-0.9074999999999989,-0.7788300000000135,0.45114875575515967,0.4038296807668429
-3.621600000000001,-3.8566999999999894,0.3869862886899389,0.40051292666181126
-3.9711000000000354,-4.269729999999981,0.37653018140144656,0.39530804314973356
-1.2075999999999993,-1.127679999999998,0.40531014945830446,0.3904348728618334
-2.843999999999994,-2.6897299999999973,0.4211204747299968,0.4091368821419028
-2.7024999999999864,-2.7501499999999623,0.38952904364177865,0.39463899370490996
-1.43810000000002,-1.4002199999999903,0.41648009924390994,0.4110411386257562
-3.2270000000000323,-3.2030999999999494,0.39922856339951185,0.39309686636708197
-1.9514000000000067,-1.9868400000000008,0.4137940079262048,0.4154853639555478
-8.03959999999995,-8.031780000000026,0.38578856978475073,0.38613427784066623
-6.753100000000018,-6.733420000000024,0.40923368480063615,0.41004439242517954
-2.456799999999987,-2.8093700000000013,0.36300345178634785,0.3949193926326311
-3.333000000000027,-3.263930000000016,0.40572911644412013,0.40248182326467763
-2.0317000000000007,-2.2392399999999952,0.3675378305533883,0.3960229514656577
-0.9303000000000026,-0.9339799999999912,0.40107142434684384,0.4040547875309608
-3.137800000000027,-3.3249099999999885,0.37034785202771925,0.384595494718698
-1.6410999999999945,-1.7854200000000162,0.3889898803343117,0.4070643540083019
-2.17319999999998,-1.9857999999999834,0.41327751225952447,0.38852302554608364
-21.736699999999928,-22.19060000000036,0.4028844974073298,0.40869642451468735
-1.8823999999999899,-1.8727999999999838,0.40186023632460266,0.40007233870442693
-2.2379999999999995,-2.297399999999982,0.40668038142983587,0.4166131372620452
-5.369000000000028,-5.1708600000000615,0.39097957928493354,0.3850555308011261
-19.51079999999979,-20.033710000000156,0.39875691237274413,0.40456158908885875
-2.132300000000015,-2.088220000000007,0.3982442504029571,0.3969209734760337
-2.7933999999999912,-2.503959999999978,0.4418541611309834,0.41091566309414684
-3.9114999999999895,-4.09481999999997,0.37606127658504906,0.3871797885781403
-4.6819000000000415,-4.711020000000019,0.4093797259816734,0.4096132814713327
-1.6478999999999928,-1.7570599999999956,0.3763148433512553,0.39208167787840864
-40.815799999999854,-40.79743000000008,0.4140432203830757,0.4140450841021215
-2.7543000000000006,-3.133960000000002,0.3572050314149644,0.38527043630145474
-1.0733000000000033,-1.0109300000000019,0.40548389596384293,0.3953645746932466
-14.869800000000168,-14.97075000000018,0.4069840240422229,0.40816245709487387
-3.0045000000000073,-2.8537299999999846,0.39387473658585304,0.3807591496869156
-4.991399999999999,-4.839379999999949,0.40949158078613657,0.40400287522026623
-0.4960000000000022,-0.3614000000000033,0.49265183476130403,0.3971690884669643
-2.7509000000000015,-2.632150000000024,0.40162241239676266,0.38711443417098756
-1.776200000000017,-1.658060000000006,0.4079858846236961,0.3939932007809732
-1.6850000000000023,-1.8237499999999898,0.36358598765402483,0.38058004138250556
-16.166500000000042,-15.59978000000001,0.39536485701006097,0.3869585005881415
-1.2724000000000046,-1.2408000000000072,0.3803390102361526,0.3778872658805499
-2.1648999999999887,-2.1495299999999986,0.40240520379333233,0.3973803478385163
-2.6032000000000153,-2.471499999999992,0.41366088174865645,0.3991291124069596
-4.410000000000025,-3.9682300000000055,0.41680779412520685,0.39082061800155277
-5.114299999999957,-5.390049999999974,0.3836124073768543,0.3961623069118847
-2.9605999999999995,-2.7783300000000395,0.4251989005722434,0.4086560495302649
-10.933300000000145,-10.673119999999926,0.3981704633305272,0.39123248037842284
-2.3274999999999864,-2.7858000000000516,0.3571970206569519,0.40115255891675083
-15.346700000000055,-14.555259999999862,0.42219312887874505,0.40801430373265113
-11.943899999999985,-11.916969999999992,0.39627740515133514,0.39691226753388875
-3.200300000000027,-3.2444899999999848,0.395467624768453,0.3983467152154807
-20.82420000000002,-19.87668000000008,0.4201957152496716,0.4084488076891324
-5.400899999999979,-6.067049999999995,0.37076162935985035,0.39879825498874144
-1.6066000000000145,-1.4606400000000122,0.4062234435808554,0.3777409906039253
-0.04380000000000006,-0.032569999999999766,0.46320389983010024,0.45746470553329477
-2.336999999999989,-2.150839999999988,0.42300820270162465,0.40308907962414153
-24.217599999999948,-24.364780000000337,0.410641057331973,0.41210955679016337
-3.3010000000000446,-3.3646400000000085,0.38525269540361506,0.39376389905891873
-2.2741000000000042,-2.071460000000002,0.44257022613332087,0.4172443491076372
-6.135499999999979,-6.457100000000082,0.3792699807582567,0.3900142804204032
-3.8858999999999924,-3.1588200000000484,0.47106604050954903,0.41254541206399153
-2.768000000000029,-3.4620100000000207,0.34359715742937613,0.3945579595605597
-3.693399999999997,-3.8423500000000104,0.39735306582535657,0.4078534096462416
-3.3040000000000305,-2.8465499999999793,0.4559866462686024,0.41110851927992353
-3.750099999999975,-4.052400000000034,0.3853974637743951,0.40492057326366737
-1.0745000000000005,-1.000630000000001,0.3895996184697603,0.37439219219321807
-11.302599999999984,-11.397960000000012,0.4079307833476653,0.4095182322221058
-1.1169999999999902,-0.9568799999999982,0.4635137920791399,0.4230006231397798
-2.2265000000000157,-2.216769999999997,0.40921326826039994,0.41110227848741854
-2.143199999999979,-2.273060000000015,0.39274081612554745,0.40540717874537613
-1.4122000000000128,-1.736379999999997,0.3666867178120814,0.4172482635234731
-2.4694000000000074,-2.614809999999977,0.36918683039401934,0.3839406380421684
-15.558999999999969,-14.170560000000023,0.43618079085006034,0.41140724881667534
-2.2848999999999933,-2.4385699999999986,0.3801531370231537,0.3980914558682658
-2.0746000000000038,-1.9666699999999935,0.4167020990457404,0.40320950837025027
-0.441599999999994,-0.3447099999999992,0.4701900929047875,0.403133333710759
-2.6225000000000023,-2.274380000000008,0.4352886014746815,0.39779387218314977
-5.076400000000035,-5.318689999999947,0.3844546329273113,0.39689436439593884
-4.035599999999988,-3.5505699999999933,0.4162353289320242,0.3862326835966323
-2.220800000000054,-2.66858000000002,0.36546878727634624,0.407923254063447
-3.5289000000000215,-3.2221099999999865,0.4212546551084717,0.3980397995491103
-8.567199999999957,-8.548369999999977,0.4130214634777696,0.41243062151479215
-1.6339000000000112,-1.3837900000000047,0.43181034416110986,0.38852100960360403
-1.2634999999999934,-1.168590000000009,0.40818425205804143,0.3903634024249314
-0.6124999999999972,-0.8064699999999903,0.362349468501888,0.4135702097764371
-1.4312000000000182,-1.5840200000000095,0.374201375975991,0.40127802285332415
-3.8590000000000373,-3.922489999999982,0.40695121020226654,0.4117091449730603
-2.803600000000017,-2.2532099999999957,0.4492017378485702,0.3907505961779911
-4.459699999999998,-5.137180000000001,0.3751528150058414,0.4091627871609216
-1.4095000000000084,-1.4266999999999825,0.3866612776731726,0.38862199928773045
-2.8909000000000447,-2.741610000000037,0.41202481110320655,0.39773018113953285
-19.628799999999956,-18.554419999999936,0.4238140404368096,0.40932749215929487
-2.2469000000000108,-2.303619999999995,0.38961464958624514,0.39513848035614973
-4.0335999999999785,-4.182909999999993,0.40542548851918436,0.41410279792415405
-0.7556000000000012,-0.6469700000000103,0.4241266074830996,0.3789678875216529
-5.886799999999994,-5.843229999999949,0.4143495301264899,0.4136963552952233
-4.615800000000036,-4.848070000000007,0.3831489360752949,0.3989483829976992
-10.885700000000043,-11.206199999999853,0.40282629412071724,0.4097766718061724
-2.4577999999999633,-2.6206599999999867,0.37685159032048166,0.3888690246164339
-8.65059999999994,-8.181529999999952,0.4296519522473563,0.41350863037665775
-9.128400000000056,-9.178340000000048,0.3900204009750663,0.3921766464228815
-21.38130000000001,-21.239910000000236,0.4079051445459614,0.40595951898279026
-17.07210000000009,-16.989460000000008,0.40677240206574705,0.4064378638773736
-42.97980000000007,-43.128999999999905,0.3901544844010285,0.3909081653925117
-1.636099999999999,-1.601460000000003,0.40835021325758003,0.4073243389528747
-2.5489000000000033,-2.678009999999972,0.3894363473461171,0.4041093898934145
-21.63249999999971,-21.997699999999895,0.40111104649225293,0.40604781575386273
-1.4010999999999996,-1.1162199999999984,0.46538087925096505,0.40017538586267776
-1.1146999999999991,-1.279200000000003,0.36385810782690875,0.3973356887713164
-12.896099999999933,-12.82808,0.3953419721777873,0.39386594037742473
-3.7355999999999767,-3.6579399999999964,0.4166570227109645,0.4119052936200518
-0.5071000000000012,-0.5284699999999987,0.3596876555479467,0.37550797925252066
-44.329099999999926,-44.098150000000714,0.40970967240938627,0.40739090248365084
-3.0803999999999974,-3.0835500000000025,0.3946953720604274,0.39591723600176376
-2.843399999999974,-2.984519999999975,0.39258144851497256,0.402323185157627
-9.7192,-10.312490000000025,0.37683660589447054,0.3922653604348181
-4.303999999999974,-3.9208300000000236,0.42644676903784706,0.3999696038237355
-15.668800000000147,-15.785570000000007,0.38789623903228154,0.3890855587887154
-4.565800000000024,-4.965229999999963,0.3880822101972159,0.4101229257861494
-2.2934999999999945,-1.9953299999999956,0.41321253047932327,0.3844058602499256
-6.495900000000006,-6.60516999999993,0.4095800489341661,0.41391492931159846
-2.392499999999984,-2.390180000000015,0.3961769050108588,0.3946629708888816
-1.255599999999987,-1.4525500000000022,0.3614718851523646,0.38919825237073713
-11.749499999999898,-12.156150000000025,0.40303615295724793,0.4099658977744003
-0.6057000000000059,-0.5773899999999941,0.41669312243581835,0.40057069744354745
-5.030700000000024,-4.641140000000007,0.4419829932216901,0.41698714652758095
-1.0090000000000003,-0.8165600000000097,0.4149330544396257,0.3668444919308511
-5.840000000000032,-6.354469999999992,0.39148781852862413,0.4123898988567465
-3.858599999999967,-4.40222,0.3626451864331637,0.3938106905743588
-0.7797999999999945,-0.7702100000000058,0.39737232147363244,0.39256190717193995
-3.8215999999999894,-3.6817700000000286,0.42054884154658634,0.409577986678511
-6.7309999999999945,-6.19538,0.41004038521996744,0.38926884150285446
-4.726599999999962,-4.721209999999985,0.4112461877207263,0.4128277321615803
-0.11280000000000001,-0.23431000000000068,0.2631108938621951,0.3614101996868957
-16.245499999999993,-16.447650000000067,0.4102160323093962,0.41317897307573404
-1.430499999999995,-1.3924000000000092,0.38372923103335843,0.38459194000437513
-4.71629999999999,-4.313629999999989,0.4375383056485216,0.4124024300570017
-3.7310999999999694,-3.6691399999999703,0.3857773580772994,0.3848566835161993
-4.830199999999991,-4.571249999999964,0.40611124201717086,0.3935428772552596
-16.06899999999996,-15.62760000000003,0.42167283367648967,0.4153885222276221
-2.7069999999999936,-2.4867399999999975,0.4089865640431567,0.38899968244681116
-12.86160000000018,-13.146690000000035,0.38296032864839624,0.3884912874452473
-1.914199999999994,-1.5951499999999896,0.42423708044525554,0.3817041120647513
-2.149300000000011,-2.053740000000005,0.3986281218397725,0.3837086179063087
-1.5021999999999878,-1.9109899999999982,0.33326304887728586,0.38912162643889303
-15.4842000000001,-15.283010000000104,0.4179899284916466,0.4146944934448893
-1.3336000000000183,-1.435040000000015,0.38399030632807474,0.39515771439211367
-1.0670999999999964,-0.957099999999997,0.46303740264230786,0.4289570837702428
-3.679399999999987,-3.8707899999999995,0.3668550580734564,0.3802227874011965
-5.75139999999999,-5.371849999999995,0.4312297930251674,0.41228769523786735
-5.687800000000038,-5.3958900000000085,0.40027255089214453,0.38687779336479267
-5.66820000000007,-5.957560000000058,0.3785863332080863,0.3917553036584476
-2.5575000000000045,-2.502200000000016,0.3991376740775543,0.3881947277923459
-1.0335999999999927,-0.9534500000000037,0.40164083548870355,0.3851531006148212
-5.7642000000000735,-5.383889999999951,0.40890537627968904,0.39191507747013965
-14.395099999999957,-13.922929999999951,0.4020799653726925,0.39271822936000067
-14.282199999999875,-15.08114999999998,0.3760674901394756,0.3898990616208797
-1.712600000000009,-1.5934699999999964,0.4031221002595675,0.38466963009955446
-0.6539999999999964,-0.7643300000000011,0.3876566187436925,0.4224429731555679
-5.177900000000022,-4.79404999999997,0.41044149240978545,0.391681497545715
-0.39280000000000115,-0.48566999999999894,0.3445656669380792,0.39648920384114383
-5.823200000000043,-6.2964900000000625,0.3735810399039474,0.3940466625813599
-1.5200000000000102,-1.739910000000009,0.3468723484675307,0.3846663391573024
-6.426399999999944,-6.397260000000074,0.39182666719597137,0.3911556297695906
-0.7237000000000009,-0.5959600000000052,0.4352170885344675,0.3799390655088164
-2.5045000000000073,-2.2464100000000258,0.41843921143018825,0.3877196304469255
-2.108000000000004,-2.2790500000000122,0.35715651171974727,0.3787305186349954
-0.2504000000000026,-0.18935000000000102,0.5379829196202612,0.4354711676077372
-0.3838000000000008,-0.299159999999997,0.4496263562871583,0.3966406296453062
-0.4813999999999936,-0.667119999999997,0.32872713688838484,0.39560847171602465
-18.40969999999993,-17.605489999999918,0.40519362243267576,0.3944933879562518
-1.9488000000000056,-2.042820000000006,0.37501251855753814,0.3890388322078442
-1.6278999999999826,-1.7743199999999888,0.3649165275695365,0.38100757793753104
-0.8808999999999969,-0.837609999999998,0.4135561860036052,0.3917615226776583
-8.805200000000013,-8.39984000000004,0.4004782559491771,0.3883006591110183
-2.905899999999974,-2.653599999999983,0.40426894060610064,0.38450667679381656
-0.16720000000000113,-0.26495000000000246,0.2959171727315635,0.3886745742614828
-0.4994999999999976,-0.5662100000000052,0.35971896427602346,0.3951637660765561
-0.5474000000000032,-0.5353700000000003,0.4121579117191132,0.4028289401485363
-0.14560000000000173,-0.2184999999999988,0.313779158177252,0.4228659999236051
-7.0323000000000775,-6.371719999999982,0.40738941124305317,0.3834865771325413
-1.8915000000000077,-2.2276200000000017,0.34987978593701285,0.38508869660176526
-1.078000000000003,-0.9449699999999979,0.4431103378831347,0.4023147952241235
-1.3155999999999892,-1.3288100000000043,0.3967146973128166,0.398944397256229
-1.6998000000000104,-1.804819999999978,0.39702575377531524,0.40696138238958124
-2.7876000000000545,-2.7226200000000063,0.39936103733599904,0.3908368499465631
-0.17740000000000222,-0.19477999999999795,0.4192769160446641,0.4246247357159172
-1.3656000000000006,-1.607779999999991,0.341410316820423,0.3825965033842138
-0.9997999999999934,-1.0508799999999923,0.3862112717618382,0.39830448004112284
-0.5900999999999996,-0.5514499999999956,0.38713905180312036,0.3781431764500631
-11.816600000000108,-10.792179999999917,0.4079878037668294,0.38729886231896327
-1.7401000000000124,-1.889509999999973,0.3648925905985534,0.380176714127356
-0.23329999999999984,-0.29823000000000377,0.32610019785028754,0.37802210787425405
-3.2836000000000354,-2.922490000000039,0.4166942579160171,0.3899422948911324
-1.8746000000000151,-2.2549300000000017,0.34075572917600105,0.38082590646262293
-9.364100000000008,-9.068509999999947,0.3997100054450087,0.3921439865573806
-1.0108000000000033,-1.0035000000000025,0.3993523971503654,0.39634983254799305
-2.302500000000009,-2.291730000000001,0.3901859258578666,0.39020886117295817
-10.762500000000045,-10.464829999999893,0.3906559771148288,0.3841855901411506
-4.29079999999999,-4.56040999999999,0.3616026993792376,0.38005162410430504
-3.6609000000000265,-3.354919999999993,0.4164684370064453,0.3955570023300048
-2.3378999999999905,-2.30265,0.3872872279981232,0.38429741009513574
-1.2931000000000097,-1.3845900000000029,0.3713132157954657,0.3939931585566159
-2.9846000000000004,-3.1545699999999783,0.3764352439733276,0.38680848188421546
-0.4262999999999977,-0.5121699999999976,0.33068679780023924,0.37192736662454706
-0.46349999999999625,-0.45996000000000237,0.41581690788772274,0.40957227962610254
0.00029999999999996696,-0.020119999999999916,0.3155767269324983,0.32811426719070447
-0.5704000000000065,-0.696559999999991,0.3566191093411275,0.38074456534533674
-1.7811000000000092,-1.6609100000000012,0.4108356434934457,0.3942781471801826
-5.498499999999922,-5.32687999999996,0.3997992796641814,0.3925959807539403
-12.93040000000019,-13.280189999999948,0.38638037861671304,0.393503416544716
-1.6293000000000006,-1.395070000000004,0.43364136471730763,0.39315112482094516
-0.2378,-0.2874800000000022,0.34252438119677375,0.3734876412300192
-6.116900000000101,-5.763869999999997,0.4067918808251969,0.3906827992724793
-3.1462000000000216,-2.9206399999999917,0.4108085748325774,0.3932114565129874
-2.9739000000000146,-3.0988700000000335,0.3940192432180245,0.40245359909603096
-1.5076999999999998,-1.6285100000000057,0.377642252761734,0.39175867048439894
-0.5942000000000007,-0.5297699999999992,0.4304540985269778,0.4041694142200347
-0.7658999999999878,-0.6936699999999973,0.41730867100200353,0.39838483079861486
-0.3564000000000007,-0.367919999999998,0.3747341710952812,0.37676541615743186
-1.38839999999999,-1.2964100000000087,0.41000635587746803,0.39048883523222777
-0.9795000000000016,-1.327069999999992,0.3308838005565473,0.3924709468512422
-0.3957000000000015,-0.35226000000000113,0.41591599106429733,0.42751707108166226
-0.22220000000000084,-0.18818999999999875,0.46341739693886996,0.38888779829029385
-11.745599999999968,-12.661479999999983,0.37590786832311096,0.3934271768761599
-0.8876000000000062,-1.0599699999999928,0.3769242421102881,0.4118985154902388
-1.2680000000000007,-1.1165299999999974,0.3996666441797192,0.37700805449674135
-13.518299999999954,-13.009180000000015,0.4024419861856199,0.39286848152559894
-1.4901000000000124,-1.5066400000000044,0.3857398433055881,0.3890779386832355
-0.28719999999999857,-0.22196000000000282,0.545179925788708,0.434919071708495
-0.0039000000000006807,-0.06067,0.13940777165064588,0.4958113026030331
-0.2524000000000015,-0.32228000000000634,0.32308665290337046,0.37388997181182493
-5.0686000000000035,-4.693010000000015,0.41171372615917967,0.39326369841843345
-1.3534999999999968,-1.632249999999999,0.35282272938506054,0.3993892194881665
-0.7221000000000117,-0.8449099999999987,0.36406200560594737,0.39738768904760136
-3.2093000000000416,-3.283559999999966,0.38615629992961864,0.3900654064446174
-5.812799999999925,-5.937439999999924,0.3836377570489047,0.389945120733759
-1.0507999999999953,-0.8098400000000083,0.493974560237187,0.410495397345656
-2.5389999999999873,-2.7865399999999454,0.3745551395170965,0.3961122202254641
-0.46699999999999875,-0.4757199999999955,0.4174814806215954,0.4152817421589017
-1.5397000000000105,-1.6434799999999825,0.379492003045101,0.3970309048805243
-0.2866999999999962,-0.4558200000000028,0.2910025144544637,0.3770217628032313
-1.4926000000000101,-1.417999999999978,0.39996636715262657,0.39014083187576265
-2.100599999999986,-1.9170100000000048,0.41776690852288745,0.3940659997166085
-1.2494000000000085,-1.3689799999999934,0.3666818740117428,0.3926089514477926
-59.410400000000664,-59.53373999999985,0.3940175288491998,0.3938370311004302
-0.4817999999999998,-0.5455000000000041,0.3460897274947694,0.3857542481406906
-1.0852000000000004,-0.9914599999999893,0.41909223001164175,0.39917731286933655
-44.97719999999936,-44.972569999999905,0.39595220727128844,0.3951478324278668
-2.7375000000000114,-2.63060999999999,0.4051086745129995,0.39505798036145734
-1.7867999999999995,-1.7651599999999803,0.3873222485377026,0.38130839811947315
-2.2231999999999914,-2.485619999999983,0.3680279628100358,0.3965282759948785
-2.980199999999968,-2.9224100000000135,0.3958182550596101,0.39118672268050325
-0.5071000000000012,-0.4136799999999994,0.44228745065135744,0.3887393951813145
-1.2146000000000043,-1.2483900000000006,0.3820263791527667,0.3898640289549782
-1.265199999999993,-1.4302700000000073,0.3639971203861281,0.39284944847330916
-0.3380999999999972,-0.35572000000000514,0.3533924772758601,0.3820203941641065
-0.5503,-0.487950000000005,0.42064457172814596,0.3961358831603645
-4.071700000000021,-4.079360000000008,0.38822409318957085,0.3944659123219951
-0.8703999999999894,-0.9095300000000037,0.3832787092555856,0.39413602133071546
-1.7143999999999835,-1.8033000000000072,0.3865270783488306,0.39519792606803605
-1.5354000000000099,-1.575019999999995,0.39024337600397363,0.3974271835641918
-1.2916000000000167,-1.3500500000000102,0.38458551097930727,0.39991895131188393
-0.821399999999997,-0.7583699999999993,0.41491960228305924,0.39057276270764163
-0.7792999999999992,-0.5615699999999961,0.47209167588122547,0.39107085224949767
-1.4205999999999932,-1.1276900000000012,0.4611712037439153,0.3985264599602134
-0.6799999999999926,-0.7372099999999904,0.3899374395199384,0.41948499739561385
-1.057299999999998,-1.1029399999999896,0.4008617225321087,0.4091076312038977
-1.7657000000000096,-1.5204099999999983,0.4351845694154921,0.397144969194585
-1.1034999999999968,-0.9370600000000024,0.43415949812606325,0.3924097304107921
-0.2201999999999984,-0.26259999999999906,0.35065411915040645,0.40594863008414084
-3.0889999999999986,-3.187909999999988,0.38321240879972684,0.3904123529823389
-0.5893999999999977,-0.6537000000000006,0.3888535825303574,0.4093450085209005
-9.088600000000042,-8.521360000000072,0.40787929786962884,0.39211968280223886
-1.5072000000000116,-1.532730000000015,0.37942068813208163,0.38324254942010416
-1.3722999999999956,-1.234490000000008,0.42705171076113935,0.39970054981746106
-19.550899999999956,-18.26247000000012,0.41299293278820315,0.39464400652575726
-1.2734000000000094,-1.2876699999999914,0.38551058749507483,0.3870126540034491
-0.5741999999999976,-0.5068399999999968,0.4261964734831203,0.39028589639289457
-0.6225999999999985,-0.6157600000000016,0.43761288228154616,0.41409764479711786
-0.8289000000000044,-0.7974800000000073,0.4280047002342746,0.40877818243634234
-1.4646999999999935,-1.6202499999999986,0.3757680869633573,0.40137492296912214
-48.508600000000115,-46.576490000000376,0.40361967434501267,0.3930866591086435
-2.6966999999999643,-2.9091700000000174,0.37563806309552916,0.39542486115304865
-0.5808999999999997,-0.6436400000000049,0.38691402355643945,0.40717628276434326
-0.14450000000000074,-0.16807999999999979,0.3812900573947786,0.3995992223868372
-0.7413000000000096,-0.7325000000000017,0.42005899987851425,0.40853657894512896
-0.970499999999987,-0.9355500000000063,0.42266065326437285,0.4095810672064992
-9.664999999999964,-9.337400000000002,0.41064752388879633,0.40157410973764573
-2.985500000000002,-3.42183,0.3715602432925458,0.4052593940405469
-4.75630000000001,-5.485879999999952,0.3706818507585474,0.40328319814952884
-1.3332999999999942,-1.2798999999999978,0.4224315714622451,0.4100942931547724
-0.11979999999999968,-0.09774999999999956,0.452617473129302,0.41236230806733776
-1.398699999999991,-1.4262999999999977,0.39738370087674113,0.3965616917629866
-1.4963999999999942,-1.607830000000007,0.38722388809242503,0.41220352252406833
-0.31560000000000343,-0.48447000000000173,0.31445621349046604,0.4075820118048856
-0.5482999999999976,-0.5919199999999947,0.37375430496362494,0.4028020586670289
-4.50019999999995,-4.449860000000001,0.3992507305036863,0.39507395708673343
-0.5263000000000027,-0.3628999999999998,0.5692234402915775,0.4339141535217861
-1.1710999999999956,-1.1342199999999991,0.38684979022942656,0.3817373340884389
-19.153499999999894,-19.20641999999998,0.3918000020171286,0.3924368180882265
-0.3108000000000004,-0.3286499999999961,0.4180316250224303,0.405760861533877
-0.4508999999999972,-0.4492100000000008,0.4021828488669721,0.4080560183432169
-0.39450000000000074,-0.3657699999999977,0.4003088669741084,0.39216771619074997
-8.255300000000034,-8.160779999999932,0.3950719121347035,0.38997687444741747
-0.005499999999999838,-0.011190000000000033,0.2558619031794329,0.19293629729324469
-6.840499999999906,-6.767969999999991,0.3962078723176443,0.3950132693456565
-1.8930000000000007,-2.1739800000000002,0.3632651977806045,0.3941369264464978
-0.9632999999999896,-1.0197100000000034,0.4084283523851706,0.4171722739957584
-1.7682999999999822,-1.3380500000000097,0.47200019290221107,0.39543625758498013
-1.5176999999999907,-1.6196500000000071,0.3785492628016973,0.39370564218714765
-12.228599999999915,-12.044489999999996,0.40087638914587664,0.39791342026480603
-2.737799999999993,-2.718279999999993,0.4087049759546657,0.4062434089439293
-0.9480999999999966,-0.8493899999999996,0.4243991156600124,0.4038355112848002
-1.1354999999999933,-1.1236999999999995,0.40825550845513536,0.40170887433357283
-4.3426000000000045,-4.34751,0.3995035262063906,0.3986770752610447
-0.37879999999999825,-0.509050000000002,0.37328522363233585,0.43128816938093895
-7.057299999999941,-7.006079999999997,0.3942189855465461,0.3915296021296477
-0.5525999999999982,-0.4642699999999991,0.480831855436481,0.4240908972161339
-0.21050000000000324,-0.32139000000000095,0.33262684084887084,0.41072213123989343
-0.4802999999999997,-0.36578999999999695,0.43711121844396406,0.37352264184744577
-4.202699999999993,-4.397539999999992,0.3933911335302298,0.40762172692372367
-0.5176000000000016,-0.5677299999999974,0.3838483135742532,0.41391735367439786
-0.4902000000000015,-0.43815000000000026,0.4482692985680714,0.4165580083059339
-0.04750000000000032,-0.044489999999999696,0.28355628985186065,0.4160907441232764
-0.4217000000000013,-0.49338000000000193,0.35062254539297566,0.4063696164954278
-0.6850999999999914,-0.8467699999999923,0.34803617943228726,0.4008584486358657
-0.005599999999999383,-0.0764099999999992,0.23871596753726188,0.36982403304390843
-0.1272000000000002,-0.12636000000000003,0.44187462723550563,0.4316616587514366
-0.46410000000000196,-0.5440900000000042,0.3984512347509961,0.4166213256815876
-0.6910999999999916,-0.840430000000012,0.3512768102002184,0.4002731998299147
-0.3329999999999984,-0.2725800000000014,0.4686054833425102,0.40430719713453467
-0.12080000000000002,-0.05135000000000023,0.6683721206834026,0.4123021892824763
-0.1869000000000014,-0.20992999999999995,0.3679876587353581,0.3970680640124957
-0.60090000000001,-0.7179799999999972,0.36737991299562456,0.407913375853175
-0.7188999999999908,-0.6245100000000008,0.42256530412618787,0.3872722882264812
-0.3791999999999973,-0.4964200000000005,0.33333313505050643,0.3870859968491569
-0.7065000000000055,-0.7045000000000101,0.4173941391674818,0.4128649234957482
-0.14400000000000013,-0.1421399999999995,0.4311598513661252,0.3928212088629257
-2.0919000000000096,-2.044700000000006,0.4083890132760448,0.4043683541548271
-0.6277999999999935,-0.4692000000000007,0.48788398036949676,0.4083251417207334
-0.8367999999999967,-0.7636600000000016,0.40772015123016203,0.3947905312575273
-11.948599999999942,-11.816440000000057,0.399083037343928,0.3979117266376342
-23.323699999999917,-23.51306999999997,0.3995823935270204,0.4006228802725831
-10.920100000000048,-10.672630000000026,0.4091830514784567,0.4008205919547869
-14.939899999999852,-15.818250000000035,0.3920553266854254,0.4097072552159853
-26.2204999999999,-25.985699999999724,0.39974110726077594,0.39786652575943826
-0.11249999999999716,-0.18218999999999852,0.2980951700503276,0.42731363918935283
-15.835000000000036,-15.893370000000004,0.39790915933164417,0.3981656989223037
-0.059200000000000585,-0.14871999999999908,0.2698660175580292,0.42138904125552656
-1.0024000000000086,-0.9585899999999867,0.4225400349154196,0.41311093251734654
-0.4146000000000001,-0.3093599999999981,0.46032670019600097,0.3830684405550455
-0.5046999999999997,-0.6308999999999969,0.3467546427230017,0.3964750755856006
-1.4302000000000135,-1.5213999999999999,0.38942528597860626,0.4022799288211143
-0.762599999999992,-0.8575699999999955,0.3616674955560173,0.39718738001919274
-0.954899999999995,-0.9112499999999955,0.4205218839314462,0.40416600907031697
-1.8948999999999785,-2.043620000000004,0.3877230755038541,0.403592939607611
-6.023299999999949,-6.203489999999988,0.3921853790448848,0.3997989318961004
-0.8629999999999995,-0.8813300000000055,0.40926977076900517,0.41755294969221257
0.007599999999999829,-0.018859999999999877,0.11077338076193044,0.3449716617238918
-29.13720000000012,-29.007939999999962,0.4011887252169277,0.40023934417654505
-0.47579999999999956,-0.4244500000000002,0.45201034437833965,0.421995868138203
-0.30460000000000065,-0.18777000000000044,0.5758318313376698,0.427940790710557
-0.7644999999999982,-0.8710999999999984,0.3958318363206592,0.42429022878573974
-2.1410999999999945,-2.1086299999999767,0.39703795841086187,0.3975882412847742
-1.7423000000000002,-1.8647400000000118,0.3932609295599132,0.40852458359654786
-0.3227000000000011,-0.3010300000000008,0.42802865814883795,0.40685599051069055
-0.000300000000000189,-0.014899999999999913,0.17828509499338008,0.28322804253428924
-0.7083000000000013,-0.5653599999999983,0.46807398489876473,0.40369123456140965
-0.19619999999999926,-0.16103000000000023,0.46440697399587894,0.4107134284466296
-2.3885999999999967,-2.5481399999999894,0.3772991978963969,0.3919175716196932
-1.8451000000000022,-1.7618500000000097,0.41772048074335544,0.405337736424749
-0.38049999999999784,-0.5161100000000047,0.3552698658201514,0.4303585709378499
-0.20700000000000074,-0.22114999999999796,0.424556996524017,0.4380451508387839
-12.025100000000066,-11.612749999999778,0.42016823282498006,0.4115074020770937
-0.18619999999999948,-0.2889000000000017,0.3284078178895866,0.42667193697329964
-1.239500000000021,-1.449309999999997,0.3562481896836944,0.3957116572401054
-1.258499999999998,-1.0583099999999916,0.4323324059635647,0.38409930872760345
-2.676200000000023,-2.612160000000017,0.42733939966510537,0.41811467933305924
-0.7206000000000046,-0.7742899999999935,0.39736520986952684,0.41394948530417697
-0.26980000000000004,-0.230360000000001,0.45102685433451306,0.411308490447726
-1.4677000000000078,-1.5886700000000076,0.3996278113125751,0.4184474770939861
-0.5643999999999991,-0.5195500000000024,0.42839446478886156,0.4041608764583149
-3.242500000000007,-3.2908800000000156,0.3945127028985862,0.4006054667492487
-1.372099999999989,-1.375930000000011,0.4063187371096344,0.40327980969494526
-2.140199999999993,-1.8469200000000114,0.44564496300352197,0.4028593445709827
-0.6212000000000018,-0.59375,0.4310038862073373,0.41227372204031276
-0.9420000000000073,-0.870829999999998,0.4153563036137342,0.39093991774838965
-7.972600000000057,-8.294230000000084,0.3968027042022815,0.40703166091000664
-1.3718000000000075,-1.2678999999999974,0.44020394814971997,0.42087039992744213
-0.257200000000001,-0.22124000000000166,0.443278971137806,0.4044342428076275
-2.4488999999999805,-2.7651599999999803,0.36989838725178803,0.39794319187640426
-2.3884000000000185,-2.216200000000015,0.4232656299724802,0.40267654735099967
-0.22109999999999985,-0.19420000000000215,0.4760176208466804,0.42423177286681213
-3.8399,-3.674949999999967,0.40576122564055517,0.39659499441258017
-15.371799999999894,-15.58497999999986,0.40862458334276486,0.411698579346953
-1.9033000000000015,-1.9328600000000051,0.38289729700757835,0.3882881715189246
-4.973700000000008,-4.620679999999993,0.4093950830683868,0.3880673736815776
-1.7230000000000132,-1.7821600000000046,0.3901596227033677,0.3975900799904064
-6.907699999999977,-7.925359999999955,0.36930909544763413,0.4001150566827594
-19.1545000000001,-18.639319999999998,0.4066029102865354,0.40122457742599593
-383.8559000000023,-382.13064000000304,0.39855579639165306,0.3975640000334346
-21.922099999999773,-22.079889999999978,0.3979594041026102,0.4007216067995145
-234.39130000000296,-234.3590699999986,0.3973535586403232,0.3971716699302963
-0.6118000000000023,-0.6392600000000002,0.385235313848975,0.4024674865214406
-1.5784999999999911,-1.5661499999999933,0.4165084728709134,0.4173563341597353
-11.613100000000031,-11.54060000000004,0.4004231445041251,0.3979090215346037
-201.8224999999984,-202.42011000000275,0.3966171491776471,0.3974765882481579
-2.449200000000019,-2.5708800000000167,0.3905319136910057,0.40297138077347583
-7.937400000000025,-7.832409999999982,0.4036644034991266,0.40172389421559984
-84.07810000000063,-84.1202200000007,0.39798858621316047,0.3981138396911943
-123.89910000000054,-124.29721000000063,0.39698098692722006,0.3980499256075687
-25.501000000000204,-25.473230000000058,0.4038868965826836,0.40370359339472195
-23.077400000000125,-23.47472000000016,0.39411251421315185,0.3983972325192431
-0.4765000000000015,-0.49698000000000064,0.4014193349383799,0.41384854207697774
-377.1461000000054,-376.38506999999663,0.40012357027092715,0.3996742357847971
-5.9833999999999605,-5.816979999999944,0.4125667270516775,0.40477394678994916
-2.1601,-2.2267900000000225,0.395601703653492,0.4024595457778002
-0.09330000000000016,-0.09153000000000056,0.5081326082438498,0.4751900190589575
-2.203600000000023,-2.2944900000000246,0.3920055154385649,0.40755576344779776
-2.0608000000000004,-2.2808799999999962,0.3811571250548873,0.4070015380858827
-2.711900000000014,-2.727100000000007,0.4025375763188066,0.40071595180874997
-4.78370000000001,-4.5290899999999965,0.4184117071827087,0.4033795441531707
-8.564599999999928,-8.773160000000075,0.40277069799241616,0.4081514076247572
-478.52760000000126,-482.1585399999967,0.3976224049298205,0.3996694803788836
-12.73739999999998,-13.269630000000006,0.39326804659620684,0.40363211898695184
-3.715599999999995,-3.5749399999999696,0.41059681781074886,0.400528754317353
-368.449099999998,-368.5373199999958,0.40056824967913407,0.4006299232784949
-13.61279999999988,-12.905570000000125,0.4203318003588308,0.4051268917209194
-433.0313000000024,-435.95240999999805,0.398622039317198,0.4004681798462917
-10.755299999999806,-10.766640000000052,0.40408961915228137,0.40460917310114475
-10.005599999999959,-10.702669999999898,0.383229865093071,0.4015962291986641
-8.174600000000055,-7.551119999999969,0.43289680483624693,0.4123731999504221
-156.28009999999995,-155.78848000000107,0.40053504261279294,0.40002664025753365
-19.654899999999998,-20.572290000000066,0.3880389189857114,0.40001330063901275
-124.95589999999902,-125.63006999999925,0.39696926551162637,0.39813650383009325
-100.91630000000077,-100.59264000000076,0.40612711716434546,0.4049010704712197
-47.833300000000236,-48.31358,0.3987787094524631,0.4005249337531769
-10.949699999999893,-11.137860000000046,0.39434625547922764,0.39968695736876114
-61.71529999999984,-60.05814999999984,0.4080663790507755,0.4010992009911618
-2.363400000000013,-2.7782000000000266,0.3570404972162766,0.39526821533111267
-43.95140000000083,-43.417350000000624,0.40185948305115904,0.39872359564667725
-36.033500000000004,-35.94105000000036,0.4021251624493072,0.40035186646063536
-13.26019999999994,-13.058829999999944,0.4126519162469977,0.40943942579476644
-62.780799999999545,-63.82790000000023,0.39535160786665635,0.3991698473897687
-93.97209999999905,-92.69818999999916,0.40830718987447945,0.40482544034758927
-179.97880000000077,-177.4091499999995,0.4091099130632214,0.40537367306472394
-117.40289999999914,-117.25993000000017,0.40296379100144275,0.4027298269402291
-13.207100000000082,-13.404800000000023,0.3974951944812233,0.402137719899609
-34.535899999999856,-35.427720000000136,0.39379637682108726,0.4003339374326842
-111.1921999999995,-109.1491700000006,0.4103118233736547,0.4057201665552901
-41.34929999999986,-43.093989999999394,0.3933581540530362,0.403924048478177
-144.0573999999997,-144.3324900000007,0.40497981254352666,0.4053605845138364
-8.721000000000004,-8.85033999999996,0.3993927354080995,0.4036626468420623
-3.534599999999955,-3.8037500000000364,0.3823812530968196,0.40263467648202766
-50.23539999999957,-51.1590699999997,0.39772701949976064,0.40276780795831524
-182.2479999999996,-182.52624999999898,0.40531589158672165,0.40572808721082154
-21.05139999999983,-22.250660000000153,0.38343737875008443,0.39740057013695207
-17.235100000000102,-16.69632999999999,0.4146028407873592,0.40549515994050545
-75.29110000000037,-74.7788099999998,0.40563832727400495,0.40361772490744574
-23.77249999999958,-23.992999999999938,0.4016246879445573,0.40500533619276524
-19.869300000000067,-19.44517000000019,0.40267280644872283,0.3976921403886058
-83.79969999999958,-83.14074000000073,0.4068958461752592,0.40498930119905463
-29.462999999999738,-28.94210000000021,0.4008634669760758,0.3981694067557662
-16.043100000000095,-16.531889999999976,0.3996433436449509,0.408825498332388
-46.05420000000049,-46.759030000000166,0.39997976962522497,0.40431970324117383
-88.77720000000045,-88.98030000000108,0.4028031906290197,0.4035369029103064
-24.74290000000019,-24.277440000000297,0.40901356930407307,0.4045325153684276
-143.07170000000042,-141.43897000000106,0.4075380945075313,0.40428314660287956
-9.076299999999947,-8.500769999999989,0.4111357690124162,0.39496225034769683
-228.17859999999928,-227.0505200000007,0.40622339484637227,0.4051495342568323
-20.66769999999974,-20.39541000000031,0.4038548355856042,0.4002558642431042
-23.537399999999707,-23.843379999999797,0.40642993811101924,0.40994720254872163
-35.71770000000015,-34.71223999999984,0.4102696951358009,0.402471682221206
-156.64270000000033,-157.00486000000092,0.40606247666132855,0.406651840965222
-52.14300000000003,-52.47121999999945,0.4026358042432676,0.4037615123229088
-254.60930000000008,-253.83652999999686,0.4050342053934175,0.40407619202837974
-66.38130000000001,-66.86695000000054,0.4023503169348519,0.40408005223893095
-161.91389999999956,-160.17550999999912,0.40791448143480125,0.4048852899408484
-3.3770000000000095,-3.312810000000013,0.40198722758200134,0.40114627229204114
-1.0210000000000008,-0.9732899999999916,0.41711915836419866,0.40467671331678723
-9.626499999999965,-9.902870000000007,0.40095073824379934,0.4084712975240157
-49.5018,-49.210689999999886,0.4054348720708312,0.40451986199288026
-155.21590000000106,-153.42705999999998,0.40899718780613714,0.4059575156689643
-11.658400000000029,-12.05993999999987,0.39934488643249555,0.40736690305209766
-80.6969999999992,-79.82592999999997,0.41064559044499127,0.40738403589128946
-65.24229999999989,-65.02693999999974,0.40521664904600296,0.404599381408155
-330.848200000004,-330.5579800000014,0.4048594500418279,0.40453359964998103
-9.876899999999978,-9.692360000000008,0.4078733286956959,0.4019262668911949
-264.59500000000116,-268.60431999999855,0.4008976665808017,0.40498730620537327
-145.10399999999936,-145.96082000000024,0.40330562354038424,0.40464157468651507
-308.5036,-308.1230399999986,0.40642922948008753,0.40597892664810953
-3.870900000000006,-3.852550000000008,0.4007823173641789,0.3990331244194234
-53.564399999999296,-54.58636000000024,0.4029295341409611,0.40777375369493996
-93.9369000000006,-93.92161999999917,0.40471336969860605,0.40483572134608625
-220.39770000000135,-223.78669999999693,0.4034507920784858,0.40735729910073015
-273.93840000000273,-270.9350999999988,0.40601023330955055,0.4033742773440263
-252.40369999999893,-252.82892999999967,0.4081599107992995,0.4086879157887191
-79.57449999999972,-80.10151000000042,0.40254671813417797,0.4042911886640299
-264.4599999999991,-264.2635399999999,0.4079741891334976,0.40785310911926054
-9.359500000000025,-10.362679999999955,0.38480714399657945,0.4107480511197803
-11.431100000000015,-11.36151000000018,0.4150466793601648,0.41444846763940557
-75.5003999999999,-75.39066000000003,0.40790652244029335,0.4083388377514652
-288.2840999999971,-287.92603999999847,0.405098897343259,0.40484587939924044
-24.23810000000003,-23.02646999999979,0.41838129548861236,0.40500244344270353
-91.15279999999984,-90.90807999999925,0.40588707464344065,0.4052766349930126
-95.8206999999984,-95.52390000000014,0.40901652349840667,0.40827527936639907
-118.23359999999957,-119.0344499999992,0.40484262863005327,0.406457430965923
-105.93450000000121,-105.50441000000137,0.40708341663560077,0.4056419445927384
-231.73859999999695,-230.84835999999996,0.406452523671752,0.40544878105168713
-83.5677999999989,-85.04088000000047,0.40217706282374976,0.4060918357427834
-60.722499999999854,-59.69133000000056,0.4102273250765398,0.40566933325598686
-53.23710000000028,-53.33698999999979,0.4064344916740792,0.40688966816098127
-101.26589999999851,-101.68310999999994,0.4104544146685596,0.4108944894369637
-13.589399999999841,-13.232310000000098,0.4143363574725667,0.40873642751269035
-22.290800000000218,-22.54377999999997,0.40177882766192496,0.40561887353989245
-302.8509000000013,-299.7892900000006,0.4086204473502608,0.4059929670215512
-27.072699999999713,-27.07266000000027,0.40820839401778386,0.4094514239483704
-49.305999999999585,-50.59065999999984,0.3968809504681259,0.40316779838065475
-30.028499999999894,-29.587339999999585,0.41122713878603,0.40733409557971445
-61.24669999999969,-62.482599999999366,0.40317617281961926,0.40864168363352604
-253.07090000000244,-252.3474700000006,0.40521085560452086,0.4049485018042587
-40.69679999999971,-41.46790999999985,0.40292198640641264,0.40701015518109784
-45.37159999999949,-44.47151000000031,0.41162982984590535,0.40670729138196915
-45.119799999999486,-45.58556000000044,0.40388659580694597,0.40717388312443425
-41.9372000000003,-42.863650000000234,0.4005195576742393,0.4072681819699442
-36.5302999999999,-37.14437999999973,0.4004716443273493,0.404785128026508
-212.97810000000027,-214.95113000000129,0.40369439810672425,0.406239980508194
-15.63429999999994,-14.739120000000185,0.4224529662189225,0.4078837650051126
-16.84159999999997,-16.53521999999998,0.41360458449895,0.40962856812964965
-24.06860000000006,-23.70461000000023,0.4081915900384647,0.4037460434536122
-41.673599999999624,-42.38615999999956,0.4046545856456474,0.4095169375153862
-23.83739999999989,-24.272569999999632,0.3973161109666723,0.40314454744661
-230.06940000000031,-228.80184000000008,0.40829954520613665,0.406944318169411
-24.578399999999874,-25.047450000000026,0.3985568028999076,0.4033039303546815
-67.40629999999965,-67.12953000000016,0.40984738697180667,0.4088952071654717
-20.466499999999996,-20.724449999999706,0.3969994868126214,0.4011016809410073
-38.97589999999991,-38.89860000000044,0.4033632375069818,0.4027617449962051
-1.4558000000000106,-1.4506700000000023,0.4086804933739474,0.4120068622872175
-5.362700000000018,-5.424579999999992,0.4042264074037627,0.4072839058541389
-6.5067000000000235,-6.6185199999999895,0.4045698726128366,0.40829976813361313
-159.6162000000004,-160.46219999999994,0.4025713651912177,0.40404998114143
-18.782400000000052,-19.275750000000016,0.3993474432350652,0.4056891347306468
-10.781099999999924,-10.317219999999907,0.40719508490887346,0.3978389677202099
-3.883199999999988,-4.266169999999988,0.37422683267192003,0.39790727162527517
-8.65689999999995,-9.046929999999975,0.3983246044413802,0.40996235858477004
-20.993900000000167,-20.295370000000048,0.4141931493734319,0.4046425377873808
-53.1313999999993,-51.81789000000026,0.4095169211167926,0.4022813379725987
-8.034099999999967,-8.341959999999972,0.40157516298851004,0.411283457425915
-23.015200000000277,-22.49868000000015,0.4085832931670863,0.40229414856780554
-9.074700000000007,-8.62062000000003,0.41106900823015824,0.40086513304311566
-13.363600000000133,-13.758489999999938,0.39634383028808173,0.404802461440501
-64.30190000000039,-64.34590000000026,0.4041787259684959,0.40490273621589523
-15.375699999999824,-16.66980999999987,0.38012473699531313,0.39954124285073167
-6.550299999999993,-6.1769899999999325,0.4219527636097453,0.40631124811254526
-6.646200000000022,-6.900999999999954,0.39664601167173075,0.406346409221614
-26.189699999999903,-25.783280000000104,0.413276066114876,0.4090287361731004
-25.1887999999999,-25.397230000000036,0.4029116809086464,0.4054067182607701
-12.563899999999876,-12.750990000000002,0.4030685982141069,0.40675126957598895
-2.4388000000000147,-2.372330000000005,0.4195557787334714,0.41476355415597244
-18.549199999999928,-18.49278000000004,0.4007070912883215,0.4014374844677482
-15.722099999999955,-15.604559999999992,0.4007028259519041,0.3996969753739643
-3.987799999999993,-3.8731599999999844,0.40686007607249053,0.4027768332997672
-10.512099999999919,-9.962270000000103,0.41747910616189987,0.40365611619455066
-2.751000000000033,-2.998580000000004,0.3857348728783405,0.40887270963192446
-29.838100000000395,-30.737989999999627,0.3936761201204231,0.40173824008291614
-8.436900000000037,-8.564709999999991,0.39495339479784786,0.40111735417216465
-10.513400000000047,-10.394070000000056,0.4090303625865488,0.40682256813031614
-8.506600000000049,-8.470249999999965,0.40249960024647535,0.4010250611476307
-20.4991,-20.574429999999893,0.40079375898487424,0.40115518743248924
-102.23309999999947,-103.0882700000002,0.40155584998675664,0.4038480694715574
-16.901800000000094,-17.908100000000104,0.3910975347183765,0.4056511994420253
-10.204500000000053,-10.032040000000052,0.4122362359548326,0.40694945816053263
-28.46770000000015,-27.90076999999974,0.4122419864707627,0.4064558166966492
-5.393699999999967,-5.509800000000041,0.4013389224613917,0.4066436496641401
-13.956000000000131,-13.131260000000111,0.42689674959324186,0.4093402525295442
-12.47569999999996,-12.426150000000007,0.39775892367543975,0.3982875439230149
-2.5408999999999935,-2.464349999999996,0.40453562960769407,0.39513935565107516
-19.425899999999956,-20.53857999999991,0.3892889377459463,0.40383504427110584
-13.84900000000016,-13.627929999999878,0.4063799442875382,0.4017132105764487
-2.3316000000000088,-2.3305000000000007,0.403024016413811,0.39923884500403517
-11.563300000000027,-11.270429999999806,0.40652436153261196,0.4004942103870368
-3.5427999999999997,-3.968619999999987,0.3773540421335042,0.40508977138054014
-11.806700000000092,-11.779520000000048,0.40339615542275276,0.4028934264120654
-4.456900000000019,-4.526579999999967,0.3975173585424763,0.40381910059390513
-11.704700000000003,-12.170250000000124,0.39179389510193285,0.40463341314529444
-2.456400000000002,-2.4275599999999997,0.40075371224701506,0.3990513979817756
-4.661900000000003,-4.538700000000006,0.41847332257953784,0.41109926392159934
-2.1707999999999856,-2.367539999999991,0.3775430867531959,0.39844725753181987
-9.536299999999983,-9.721559999999954,0.40453747166389054,0.4088423107343475
-6.014400000000023,-5.3170599999999695,0.433821440055282,0.40292952790113024
-15.621999999999844,-15.509709999999814,0.40917098732047297,0.4066769688184202
-4.68119999999999,-4.352350000000001,0.41782021044241,0.3991009446516758
-10.02189999999996,-10.020880000000034,0.4060535188430414,0.40405799451681546
-1.1310999999999751,-1.4081299999999999,0.3618945667295259,0.4106881847540711
-7.4196000000000595,-7.467790000000036,0.3975091380297613,0.3994415460231826
-42.38310000000001,-41.79454999999962,0.4049843650023366,0.4020860008781435
-7.235400000000027,-7.787389999999959,0.38245976724620157,0.39898031898275566
-16.27449999999999,-16.511960000000045,0.39760279201166426,0.40094725502732853
-2.5674999999999955,-2.3439900000000193,0.43724085426786186,0.4079583602178527
-0.9414000000000016,-0.8002800000000008,0.4894412707342699,0.4383843171553714
-17.36889999999994,-17.44950999999992,0.40468722193636175,0.40498358366922727
-15.68489999999997,-15.977660000000014,0.39738105978761595,0.4012927850870929
-7.221300000000042,-7.397250000000099,0.39736720257315117,0.40540216259925543
-22.64639999999963,-23.673929999999928,0.39415777817570774,0.40474180503444757
-0.7282000000000011,-0.8287600000000026,0.38358844763062283,0.4109241981050671
-183.0485000000008,-181.2683900000011,0.4043942535418177,0.4022836239069294
-22.748399999999947,-22.334029999999984,0.40766101567506485,0.40304148598282463
-9.38090000000011,-9.617819999999938,0.39718577466774097,0.40364496348526124
-1.127600000000001,-0.9729400000000084,0.45044782049601384,0.3996835474137539
-2.1244000000000085,-2.189620000000019,0.3977941601140289,0.4085955003208186
-9.519800000000032,-9.327459999999974,0.40708940767544277,0.40235881635197757
-0.6606000000000023,-0.6942599999999999,0.3805671104430086,0.3973078401508623
-14.485900000000129,-14.312869999999975,0.4052300519773011,0.4006269060116585
-29.91720000000032,-29.141089999999622,0.40855214152184516,0.402730001266538
-4.7823999999999955,-4.494120000000009,0.4128429202101547,0.39787724244610967
-0.8876999999999953,-1.0492300000000085,0.3434648686664543,0.37991557784013974
-1.1976999999999975,-1.3344900000000166,0.3646574250729451,0.3917889007972297
-3.178600000000017,-3.257470000000012,0.39150377572618744,0.397100073448553
-8.414100000000076,-7.780849999999987,0.42608116775288973,0.40882231277441505
-7.11080000000004,-6.684179999999969,0.41749959937915637,0.401640969111261
-23.343099999999595,-23.215169999999944,0.40095632010217486,0.3992596907923307
-2.1972999999999843,-2.6123800000000017,0.3785183023304661,0.42112213211114025
-1.4447000000000116,-1.4853200000000015,0.39576019213594105,0.4047752834192675
-17.305000000000064,-17.04061999999999,0.4068070815051783,0.40326275197315464
-2.6644999999999754,-2.733280000000036,0.3936107807819944,0.3995999396096517
-1.2420999999999935,-1.3927799999999877,0.38389681526593833,0.40834241584655206
-3.917100000000005,-3.955600000000004,0.4040795219587334,0.4066426784978372
-2.8263999999999783,-2.9128800000000297,0.39231062654581095,0.3983766220305496
-2.5700999999999965,-2.5148900000000083,0.4027694591539843,0.3965113678449761
-3.47240000000005,-3.0676799999999957,0.4319816315645486,0.3995449468742196
-2.917500000000018,-3.0404100000000085,0.4026009725997426,0.4107032954024703
-7.17590000000007,-7.346039999999903,0.39201258371677206,0.3992523662211367
-4.126700000000028,-4.0710900000000265,0.4044765592967847,0.4011339792954205
-1.660599999999988,-1.887990000000002,0.35501066042802343,0.388818735330676
-4.864700000000084,-5.437280000000101,0.3829610944008577,0.411829046126555
-2.2843000000000018,-2.206610000000012,0.4019279128394615,0.395589616314318
-1.312599999999989,-1.2055099999999896,0.40243989829520377,0.38571565053411305
-1.866500000000002,-1.784009999999995,0.42770923177068987,0.40866659311853404
-0.3398000000000003,-0.3295199999999987,0.4147505180347677,0.4155916121892922
-1.1832000000000136,-1.2354500000000002,0.3818490431038768,0.39168359180061785
-3.574899999999957,-3.3618299999999977,0.4304663603699632,0.4123824524005615
-29.8766999999998,-30.114840000000186,0.40806491676406154,0.41077508447102673
-3.6142000000000394,-3.836210000000051,0.3937777717854196,0.4062382814124854
-0.19399999999999906,-0.2004400000000004,0.43081758324028385,0.42494834590722785
-0.05010000000000048,-0.19505000000000194,0.19555762843275204,0.379937346254855
-15.618799999999965,-15.520289999999932,0.39770140022361566,0.3971743214644441
-4.7531999999999925,-5.014850000000024,0.3900598622655904,0.4054889215425739
-1.9773999999999887,-1.790300000000002,0.42506439185572287,0.39777856242195764
-1.1938999999999993,-1.178139999999999,0.4057421559058305,0.39813637555470294
-9.484800000000064,-9.4443500000001,0.40302182652283136,0.401851572494083
-0.6516999999999982,-0.591620000000006,0.422930277659761,0.39695599563616124
-0.5748999999999995,-0.6669899999999984,0.36587703508776936,0.3921458371396236
-61.70520000000033,-63.64594000000034,0.39096776110847387,0.3993942013425844
-5.5429000000000315,-6.12230999999997,0.3855787366071395,0.408981226273486
-11.153900000000021,-11.160429999999906,0.3941586649267581,0.39499014216597406
-5.06370000000004,-4.796310000000005,0.41720259083648514,0.4045757962604313
-1.3525999999999954,-1.3753699999999753,0.4013810280639518,0.40538909099732123
-6.5685000000000855,-6.615489999999909,0.4019893735502045,0.4042603201309447
-7.548999999999978,-7.58131000000003,0.4005237571504727,0.4014337045537886
-10.33420000000001,-10.300939999999969,0.4057689711644219,0.40579594224956494
-0.0909999999999993,-0.08107000000000042,0.3731187662121771,0.42242918939705554
-20.215200000000095,-20.212420000000066,0.400716373600174,0.4005870349701901
-10.638500000000022,-10.03616999999997,0.41599721573168935,0.40289258278678464
-3.925799999999981,-3.718620000000044,0.42589698560981937,0.41004681130678566
-0.8787000000000091,-1.1187400000000025,0.3786512186096713,0.4400155741952849
-8.394000000000005,-8.887670000000071,0.3938850619147116,0.4063228750965209
-3.945100000000025,-3.769960000000026,0.40363116000203814,0.3919564561124078
-0.9650000000000034,-0.811239999999998,0.4324262424163061,0.3935956453802847
-8.343499999999949,-8.458439999999996,0.39693497002413203,0.39946900936274066
-5.4101,-4.806660000000022,0.43339961067896393,0.39804445624052054
-2.6524,-2.4535199999999975,0.4171366698345391,0.39452417485952296
-3.7667999999999893,-3.536519999999996,0.41063628607591607,0.3960110565596864
-5.398199999999974,-5.386180000000081,0.4014595366753637,0.39723529198203433
-1.608699999999999,-1.8135000000000048,0.3720200944734575,0.4002017424473703
-0.01589999999999936,-0.05339000000000027,0.32224022625972903,0.4111479331764478
-4.8571999999999775,-4.8703800000000115,0.3944377904849583,0.3951170519558733
-1.8807000000000187,-1.70899,0.4181830098335393,0.397327961536198
-2.3928000000000225,-2.8315599999999677,0.36046219021153014,0.4019180599339034
-1.8751000000000033,-2.0881100000000004,0.3694035306394783,0.39799451369186833
-0.09820000000000029,-0.06153999999999993,0.7105594994443409,0.5233542278946013
-57.4346000000005,-57.370750000000044,0.39960787450148416,0.39962068781780324
-30.18640000000005,-29.876410000000305,0.39742642756845914,0.39500744503018215
-7.393100000000004,-7.725329999999985,0.39382379057411043,0.4021689056775024
-50.94869999999992,-50.11409999999978,0.41732840668133875,0.41311012795350877
-0.353900000000003,-0.3607899999999944,0.4048505020962212,0.3998598840670553
-1.2807999999999993,-1.4254499999999837,0.3803945331556813,0.4086113596203589
-1.1676999999999964,-1.0764500000000083,0.4289915737581085,0.4072961827044752
24999.921599999998,24999.909359999998,36.80378938912274,36.8040202815465
-0.7061999999999955,-0.7278299999999973,0.3858882258820806,0.4061287848410755
-0.8753999999999991,-1.0573300000000074,0.3502855386713133,0.4022395549506008
-1.568300000000022,-1.779340000000019,0.3866143825841828,0.42262834130200044
-1.5825000000000102,-1.8002899999999897,0.3618944922821221,0.39490601101368483
-1.112799999999993,-1.284480000000002,0.3716076543273328,0.40677260391972503
-1.0501000000000005,-1.0434100000000086,0.42153582769508535,0.41826535414644095
-79.85480000000007,-79.31448,0.4153203719293286,0.41334239722052857
-1.1129000000000104,-1.0101999999999975,0.44763658478879087,0.4179583867931269
-1.6404999999999745,-1.474819999999994,0.4456198807252898,0.41012321068694124
-0.909000000000006,-0.772750000000002,0.45170826197289404,0.40631761823259893
-1.3538000000000068,-1.4453100000000063,0.39899763010395883,0.41441398774140215
-1.3048000000000002,-1.1547400000000039,0.4605994613100961,0.42791084830815507
-1.1736000000000075,-1.3212700000000126,0.3856141214855002,0.4131496853490457
-0.3592000000000013,-0.4106999999999985,0.3903435333823424,0.4145747848654402
-6.4821000000000595,-6.823190000000068,0.4000164861895694,0.41393291952271927
-28.400499999999738,-28.571600000000217,0.404425685577392,0.4050190969811629
-69.2485999999999,-70.2212499999996,0.4084973516093271,0.4125420223451526
-1.707099999999997,-1.647120000000001,0.41951013704970563,0.40968048724536743
-1.6006999999999891,-1.6118800000000135,0.41345291463810163,0.4158618485176735
-3.28389999999996,-3.2041600000000017,0.4174658394118458,0.40913299387648205
-1.702699999999993,-1.730809999999991,0.40351222029466616,0.4034554064080931
-7.782199999999989,-7.425450000000069,0.43014022241611993,0.4161703956946816
-1.8158999999999992,-1.854440000000011,0.39369879600512636,0.3983621487517075
-3.1709999999999923,-3.0441000000000145,0.4143653402779002,0.40476103283517695
-1.0317000000000007,-1.0412900000000036,0.41947296473971996,0.41174181572736224
-5.173299999999983,-5.262190000000032,0.41657397075993696,0.42129386626268417
-1.8713999999999942,-1.7802300000000173,0.42169150090933805,0.4098551585422383
-1.8819000000000017,-2.111619999999988,0.38937800950396007,0.4204500518334431
-3.286900000000003,-2.959600000000023,0.4407308126557874,0.4101383474210074
-8.459699999999998,-8.436050000000023,0.42091167631739257,0.42151590263967975
-0.6110000000000042,-0.7416000000000054,0.3431180510616416,0.38744611461829503
-3.5944999999999823,-3.9388099999999895,0.3908273657078354,0.41233805087526054
-7.177300000000059,-7.08113000000003,0.413294439792522,0.409792654598351
-30.060499999999593,-30.92038999999977,0.40913336740284745,0.4163735862793505
-9.847899999999981,-9.29600000000005,0.42907845413306944,0.41402958674934265
-1.636400000000009,-1.472249999999974,0.42245352572281014,0.3891313583249234
-5.5353999999999814,-5.120209999999986,0.4429127962507051,0.4187395836629859
-4.5645000000000095,-4.89906000000002,0.3886324833040744,0.407643868572527
-1.5361000000000047,-1.2859600000000029,0.4584214816510279,0.406623389048999
-3.9132999999999925,-3.5857300000000123,0.42827289957441117,0.40352852716933896
-7.023900000000026,-7.398990000000026,0.4022980094053663,0.41618796929423496
-1.9192000000000178,-1.9912400000000048,0.4106051154519452,0.4223722391760276
-5.14489999999995,-5.415210000000059,0.4029923810017877,0.4176286440095156
-6.337499999999977,-6.484050000000025,0.4114931433294444,0.4182172438994325
-20.486200000000053,-20.266399999999976,0.41697763088699435,0.4139942035694011
-11.383000000000038,-11.047580000000153,0.4261414371843131,0.4177168983301893
-6.538499999999999,-7.12815999999998,0.3968072334454842,0.41991461073316305
-2.9388000000000147,-2.9565900000000056,0.41547997977948725,0.416441256800848
-1.1507000000000005,-1.2919899999999984,0.3885569538607081,0.41551319620733995
-9.23599999999999,-10.08678999999995,0.3939468210637509,0.4154456993704425
-3.1345000000000027,-2.8835600000000454,0.426573903467764,0.40849284999195934
-13.467300000000023,-13.299479999999903,0.4155490582386179,0.41284110416541786
-1.7119000000000142,-2.0770899999999983,0.3528625550211162,0.3968123677057456
-9.380899999999997,-8.668169999999918,0.4396148007677292,0.416889195077097
-0.6540999999999997,-0.7233700000000027,0.39159555331145235,0.4124388643507837
-0.18019999999999925,-0.3449900000000028,0.26566036005064575,0.4054490846957304
-1.1030000000000086,-1.1903800000000047,0.3880322095903832,0.4038367051603764
-0.3251999999999988,-0.34513000000000105,0.40649908507428556,0.43601937633919174
-0.5917999999999992,-0.5902499999999975,0.3982819821594763,0.40031883341926644
-0.7485999999999962,-0.8626799999999974,0.3712983820763238,0.40518660085362423
-1.2941000000000003,-1.2848400000000026,0.40423461769742985,0.40637930325395644
-0.5150000000000006,-0.5067900000000023,0.4186996039144075,0.4147036434752671
-0.7845000000000084,-0.8415999999999997,0.413029687765909,0.43171350161255173
-0.8221999999999952,-0.7930199999999985,0.41491250737828445,0.40091424629131733
-1.4381999999999948,-1.4953399999999988,0.4018657304557305,0.40646457901782895
-1.0512999999999977,-1.036280000000005,0.39876947677979224,0.395054915873283
-0.6883000000000123,-0.6932900000000046,0.4066969144121746,0.4098156621269
-1.7887000000000057,-1.7166100000000029,0.4235304248663807,0.4117497162010819
-4.284800000000018,-3.8559399999999755,0.4443045764773057,0.4155835551545861
-0.5438999999999936,-0.6788500000000113,0.34351667230305694,0.3943182481382257
-0.6879000000000062,-0.6983199999999954,0.43301533401129966,0.4341054823967516
-2.1858000000000004,-2.2489499999999794,0.40017774642795434,0.4119508298909391
-6.246700000000033,-6.443579999999997,0.40134701230030156,0.4097714154234655
-9.883000000000038,-9.649509999999964,0.4168438823835441,0.4122716986100672
-2.890100000000018,-3.152809999999988,0.38286669200029433,0.4041127755732177
-6.632799999999975,-6.78950999999995,0.40313095375519303,0.4094680303670106
-0.8068999999999988,-0.7909900000000079,0.4080180038775083,0.4083576986394277
-2.480700000000013,-2.5092699999999866,0.4048516185286788,0.4079527225265167
-0.6182000000000016,-0.6230499999999992,0.41252100279534076,0.41466889398891205
-3.5324999999999704,-3.3281900000000064,0.4306239013177837,0.41251815353375854
-3.6825000000000045,-3.8048600000000192,0.39051953015802887,0.39985988121942206
-1.664999999999992,-1.6839999999999975,0.4211974214205716,0.4235798474882202
-2.262200000000007,-2.326740000000001,0.419971751718462,0.4259348667669638
-17.548000000000002,-17.32668999999987,0.4220364857803194,0.4174331895667738
-5.347499999999968,-5.591189999999983,0.4000420097537205,0.4080720097078716
-0.7248999999999981,-0.6073300000000046,0.4661420853771414,0.4129192399490167
-0.8213000000000079,-0.8773900000000054,0.4075767939037078,0.4276441132726072
-1.0343000000000018,-1.0148100000000113,0.41559373140764855,0.4093710373834769
-0.6756000000000029,-0.7769600000000025,0.3635594860976088,0.3933616315147992
-1.3259000000000043,-1.0020300000000049,0.5071352918910588,0.4172941257117646
-11.972800000000007,-12.457940000000008,0.3984731684860021,0.40887598054435426
-2.085800000000006,-2.107769999999988,0.4055842005684207,0.4133387646663156
-0.40910000000000224,-0.5035999999999987,0.3838092625291667,0.4247817362847961
-2.7042000000000144,-2.803859999999986,0.41161024487610387,0.4190444387527137
-1.688900000000018,-1.9038899999999899,0.3786877955419987,0.411713275059733
-1.6897000000000162,-1.799289999999985,0.40415625812524336,0.4201410318305454
-1.544099999999986,-1.4662000000000148,0.4238078666117806,0.4111629510297865
-10.020399999999995,-9.492900000000077,0.4284352388498336,0.4144790581203317
-1.1559000000000026,-1.2460700000000031,0.40262604369278865,0.4191337668689732
-33.73739999999998,-33.79242999999997,0.4099085206223041,0.4100348714136004
-2.7598000000000127,-2.6381700000000023,0.43233916472509293,0.422226225507516
-8.35170000000005,-8.442940000000021,0.4117986868512613,0.4124231999370842
-0.6304000000000016,-0.58596,0.4555924553509394,0.42445205997063695
-2.731299999999976,-2.6881700000000137,0.42054109265718953,0.41790336240448145
-0.23859999999999815,-0.231189999999998,0.45654701841886247,0.4465725807990095
-3.0681999999999903,-3.168639999999982,0.40760966198321036,0.4187614628051284
-0.4738000000000042,-0.4452500000000015,0.4489625543801168,0.4200191703600753
-0.8821999999999974,-0.8923599999999965,0.4105813327645036,0.41470588789198626
-0.24489999999999768,-0.3159899999999993,0.3640614894985683,0.4204879484054791
-2.5168000000000177,-2.6333499999999788,0.4112629516576094,0.4210331049811611
-1.2637,-1.4478300000000104,0.3928303973648406,0.42893410192865744
-9.27010000000007,-8.926289999999995,0.4269775653857444,0.4172637248521127
-1.7164000000000215,-1.6439399999999864,0.4285594373195867,0.4155983596381363
-24.26189999999997,-24.43242999999984,0.41173372324050383,0.41400829082849366
-1.2421999999999969,-1.3891199999999913,0.37608498559909,0.40023479040502963
-5.104100000000017,-5.187599999999975,0.4092706318137962,0.4132469024050289
-3.0416999999999916,-2.956259999999986,0.4311742902013638,0.4256060922031901
-1.2595000000000027,-1.29683,0.4119559721937005,0.4123686286325423
-0.9656999999999982,-0.9307000000000016,0.4455554655419025,0.4364343820096872
-0.16440000000000055,-0.24872000000000227,0.28174631969157815,0.3801254563739809
-4.730500000000006,-4.684050000000013,0.4075885714125871,0.4090739638314078
-1.9513000000000034,-1.7932500000000005,0.4199414597152895,0.39754219643928224
-3.5937999999999874,-3.7831800000000158,0.3967196379263793,0.4087400873412639
-0.4998999999999967,-0.4381100000000018,0.45791784783635325,0.41627727795039426
-34.48030000000017,-34.934709999999995,0.40970522604388826,0.4123874205845146
-1.2047000000000025,-1.1525199999999955,0.41792743714217373,0.40626838783790475
-0.22560000000000002,-0.23301000000000016,0.39560648837473344,0.4001270406835289
-0.19450000000000145,-0.22048999999999808,0.41982678512544336,0.45130195905054293
-0.9385999999999939,-1.0638900000000007,0.3723311580583699,0.4064868430775359
-52.65610000000015,-53.26933999999983,0.41180543624068644,0.4150790569303453
-0.5007999999999981,-0.5276800000000037,0.41768160535657906,0.4265769077463011
-1.5168999999999926,-1.4749000000000194,0.4340805477627274,0.4274920948605043
-2.183700000000016,-1.9990800000000206,0.4431508129764561,0.4185819597344542
-0.45179999999999865,-0.4613000000000014,0.42434405565152655,0.41985876518719767
-14.124300000000176,-14.420929999999998,0.4056400838987839,0.41392040408554376
-0.4070999999999998,-0.3435300000000012,0.40317962767513205,0.3717730078634629
-0.598700000000008,-0.7246800000000064,0.3811695667764514,0.42910526391297665
-0.37879999999999825,-0.5086500000000029,0.3329081182792848,0.40537679961947237
-1.3382000000000005,-1.1822099999999978,0.43584248356987043,0.4062579396177046
-0.8666000000000054,-0.9996000000000009,0.3822965626692154,0.4175666482785445
-0.04510000000000014,-0.05488999999999988,0.34805198335774445,0.4061563630697984
-8.503000000000043,-8.693679999999972,0.41470074631841936,0.41983358792536674
-0.8910000000000053,-0.856349999999992,0.420736346028594,0.4144295054181457
-0.022499999999999964,-0.021709999999999674,0.4773587743004848,0.33270955948598857
-0.1498999999999988,-0.12980000000000125,0.5082707818303112,0.41858987492098265
-0.28020000000000067,-0.3312700000000035,0.37143020487779843,0.4065534165526019
-0.2342000000000013,-0.40287000000000006,0.289100725601954,0.41396287738046933
-57.893200000000434,-58.90256000000045,0.41389803480043064,0.4187355942476323
-0.057000000000000384,-0.07753000000000032,0.3987574702034813,0.4384401545832084
-5.691600000000108,-6.040679999999952,0.39093795806670606,0.4067933393120615
-28.667899999999918,-28.087839999999687,0.42594224182714857,0.4215028173973012
-0.7891000000000048,-0.7345100000000002,0.42247768073633285,0.3982817671524197
-7.745999999999981,-7.99861999999996,0.40263442612589184,0.41146378256471383
-7.274599999999964,-7.064269999999965,0.4242790257410034,0.41505302045414805
-9.884400000000028,-10.07835,0.4102520250008679,0.4147570372519116
-12.61480000000006,-12.274340000000166,0.42178151205891634,0.4141370012205714
-37.22930000000042,-37.88435000000027,0.40549151158939534,0.410586363337484
-1.8558999999999912,-2.07474000000002,0.4039395783200561,0.42654260469121574
-1.1814999999999998,-1.0701800000000077,0.45793480869043,0.4330139985712078
-3.8530000000000086,-3.9930499999999824,0.40503731173602286,0.4145264304060037
-0.872799999999998,-0.9864900000000034,0.3731238123534375,0.4027769903147682
-7.298400000000015,-7.8437000000000126,0.39912615990063127,0.42042988171939744
-7.625499999999988,-7.545470000000023,0.4217492081712404,0.41900968917585324
-21.7512999999999,-21.23895000000016,0.42133462997056004,0.4142547440312283
-4.707400000000007,-4.614550000000008,0.4167529783972945,0.41081916881660074
-6.210000000000036,-6.819619999999986,0.38536319801862895,0.41109229859597196
-3.8332000000000335,-3.7535700000000247,0.4379182271115445,0.43233164601148566
-10.732899999999972,-10.660190000000057,0.42077518305889683,0.41857300742143
-4.917699999999968,-4.887760000000014,0.4141338284458618,0.4149670901341329
-0.39570000000000505,-0.45239999999999725,0.3608329888792339,0.3822808110667708
-6.253200000000106,-5.93062000000009,0.4249272333177512,0.41128645203811764
-3.0731999999999857,-3.3332899999999768,0.397846419155945,0.41883675214560157
-3.8079999999999927,-3.5374199999999973,0.43407838090205875,0.4149627624975949
-2.3678999999999917,-2.17752999999999,0.43158301024686097,0.41009801589413364
-4.487699999999961,-4.401650000000018,0.42364671890167127,0.4160116188738572
-9.931900000000041,-9.925980000000095,0.4138543009173379,0.4139607919387833
-5.864799999999946,-5.831819999999993,0.42959372059636625,0.427453781417797
-0.29790000000000205,-0.29269000000000034,0.4278660452896821,0.4159110086059181
-26.352499999999964,-25.62018999999964,0.4255320174158861,0.4176435381608057
-0.4372000000000007,-0.3048800000000007,0.538171451164926,0.41656934243663457
-4.257600000000025,-4.129690000000039,0.4364676171588533,0.4274329230109508
-0.2663000000000011,-0.29983000000000004,0.38338014340262294,0.39329099280840385
-3.3408000000000015,-3.111919999999998,0.43848920493601007,0.4173193390726526
-0.39329999999999643,-0.40295000000000414,0.4066394311390331,0.4144629899629271
-2.4808000000000163,-2.2803499999999985,0.4291953232416379,0.4089906464464388
-0.6687000000000012,-0.6588200000000057,0.4081300280668332,0.4018671754148606
-53.10729999999967,-53.331640000000334,0.4138489961869496,0.41526870675510086
-4.123800000000017,-4.281810000000007,0.4151212481677824,0.423438533239473
-1.1312000000000069,-1.2720999999999947,0.3726451170267042,0.4007067066490677
-0.8650999999999982,-0.7294100000000014,0.469351316003519,0.41391283917504573
-1.5424000000000149,-1.5514900000000011,0.4357542578209639,0.4403679238933478
-1.0190999999999946,-1.11390999999999,0.39530334685247137,0.4243998561915152
-4.982399999999984,-4.728220000000022,0.43061883967918657,0.4183436839229282
-3.1680000000000064,-2.9583800000000338,0.4315559951089787,0.41106162888084885
-0.3791000000000011,-0.3322000000000003,0.4410881108130482,0.3957398839451898
-2.6436000000000206,-2.604900000000015,0.418917043294198,0.4142527506800331
-0.02119999999999944,-0.09014000000000078,0.17056544994338285,0.5234089968425115
-2.830100000000016,-3.022049999999979,0.4154715005677323,0.43547070271239274
-2.3829000000000065,-2.4785300000000063,0.39844072039718625,0.4095857312317541
-7.425899999999956,-7.285050000000069,0.4239285263146986,0.41813722230996664
-0.7549999999999955,-0.8623699999999985,0.3806088763068649,0.4137235257172023
-9.881600000000049,-9.816779999999994,0.41845435970297995,0.416155400864171
-1.4757000000000176,-1.5522499999999866,0.41217794506569483,0.42388660710599435
-2.3001999999999896,-2.5504099999999994,0.39570228174585775,0.42237712084740586
-5.9021000000000186,-5.973389999999995,0.40667304647237223,0.4125053725289263
-1.0849000000000046,-1.1185700000000054,0.4352496268456907,0.4416356749694428
-8.264900000000011,-7.904650000000061,0.4266325822165129,0.4138360519393869
-5.640099999999961,-6.088070000000016,0.39857936477516454,0.41961962041900946
-1.7490999999999985,-2.0603499999999997,0.37414115176692686,0.40620470479002524
-8.725400000000036,-8.739849999999933,0.40863488448086294,0.41051021735849513
-1.6731000000000051,-1.8180600000000027,0.39707034670593,0.4183540234993677
-11.323399999999992,-11.423710000000028,0.4156381726243552,0.4173192330508835
-0.9733000000000089,-0.9980500000000063,0.4143093465454051,0.41872769132247356
-16.955299999999852,-16.631169999999884,0.4134904715882959,0.407986448111064
-1.2253999999999934,-1.2039800000000014,0.41265620557178195,0.4139569026017087
-5.647600000000011,-5.5750399999999445,0.42411852776316206,0.4182402141439834
-15.914199999999937,-16.03773000000001,0.41182677097242326,0.4140872005128804
-8.063499999999976,-8.412770000000023,0.40462846555102683,0.4170761940837764
-26.756200000000263,-26.891179999999622,0.4056062894779444,0.4070180944488744
-1.102800000000002,-0.9601200000000034,0.4776953719633603,0.44025724958585144
-0.5553999999999917,-0.809899999999999,0.32908900453012535,0.42047377038672007
-3.8070000000000164,-3.534969999999987,0.43908222331978664,0.41578655661573816
-0.5226000000000042,-0.6377400000000009,0.36100475413878286,0.41972071841740455
-38.53070000000025,-38.81986999999981,0.411357517719102,0.41301298744953474
-0.24499999999999744,-0.5454399999999993,0.26113519429846743,0.40411872709593677
-15.452800000000025,-15.142500000000155,0.41702554869205155,0.41124281961313347
-0.9616000000000042,-1.003140000000002,0.4040863412920537,0.41008422117232435
-1.9258000000000095,-1.9591299999999876,0.4298617122336035,0.43268034541412703
-3.342700000000036,-3.5624900000000252,0.39922698653416244,0.41716136412945914
-0.44589999999999463,-0.43444000000000216,0.4355474870002318,0.4414331489699608
-4.539099999999962,-4.980840000000001,0.39041640329704475,0.4099524323154524
-5.99350000000004,-6.2678999999999405,0.4112885304590641,0.42571409668028526
-9.645700000000033,-9.871030000000019,0.4148245445449561,0.4210822393219349
-4.976100000000031,-4.802339999999958,0.42035453789199817,0.4114150369315617
-0.8999999999999915,-0.9542800000000113,0.4296712289240112,0.4445303529151623
-0.8932999999999964,-0.8029800000000051,0.4294952731317858,0.39968328602975056
-1.0589000000000084,-0.9953299999999956,0.4398443609631375,0.42495402875122323
-2.533100000000019,-2.409179999999992,0.42967650767282706,0.4141377372320232
-0.8308000000000106,-0.9312699999999978,0.40513525827876595,0.438693233129106
-0.2406000000000006,-0.1517900000000001,0.6302495359270521,0.42966312665211337
-0.04320000000000013,-0.03507000000000016,0.23273725698962355,0.363376941985738
-3.0801999999999907,-3.529419999999959,0.3789338710891599,0.41517850812988755
-4.200999999999965,-4.129819999999995,0.41690458135468234,0.41460172143243934
-0.5009999999999977,-0.4375800000000041,0.46721473824304915,0.4241179658669436
-0.5073000000000008,-0.7016500000000079,0.3628458306829341,0.4297177282263531
-0.8477999999999923,-0.8484899999999982,0.4062276375802254,0.41949216799483935
-2.854600000000005,-3.0125600000000077,0.4018177513852139,0.4149947513241825
-7.90969999999993,-7.969200000000001,0.41076642755892845,0.4147798534047009
-8.155200000000036,-7.995790000000056,0.4340409966910874,0.42900426090615174
-0.5135000000000076,-0.6827300000000065,0.34938879236043885,0.4052286652005188
-0.8412000000000006,-0.8443599999999947,0.40315189618782554,0.39596362287817044
-0.7072000000000003,-0.7118399999999951,0.3997078255116415,0.39737801861770006
-2.165999999999997,-1.9963800000000163,0.4394897321305047,0.4190699737897985
-0.4093000000000018,-0.36278000000000077,0.4646670068238601,0.4253147967018256
-1.509900000000016,-1.4581699999999955,0.42577837512667305,0.4164111035120932
-0.21550000000000225,-0.24361000000000033,0.346048666469545,0.4049210664745617
-1.5258000000000038,-1.6857600000000161,0.40974630899774933,0.4396322050425061
-1.3323000000000036,-1.2928399999999982,0.418226480549988,0.4137864378402911
-5.838799999999992,-5.9280200000000605,0.414135139930738,0.4181845852815558
-1.7264999999999873,-1.7502599999999973,0.42288409412605255,0.4334745568659315
-0.9226000000000028,-0.920810000000003,0.4139854239862739,0.407405372916414
-0.42269999999999897,-0.461669999999998,0.42436157409175834,0.4537315938238029
-11.208499999999958,-10.992029999999886,0.42428347238654407,0.41768917234681346
-6.845300000000066,-7.484460000000013,0.39183840206804543,0.4158129182690651
-2.1128999999999962,-2.0860000000000127,0.4267979869629457,0.42773497729065024
-0.7501000000000033,-0.6690299999999922,0.4290566620936298,0.39239390001934993
-2.8940000000000055,-2.496190000000013,0.4464178857350509,0.40609779890783404
-1.8466999999999985,-1.7318699999999865,0.44759085065115833,0.423540520710719
-1.4240000000000066,-1.5541800000000023,0.3954287747500951,0.42415767517933745
-0.6940000000000026,-0.8166300000000035,0.3912650794487771,0.4243683078589022
-5.58540000000005,-5.3494400000000155,0.43931211484191657,0.42641412047654814
-1.1055000000000064,-1.0446500000000043,0.4491850949727594,0.4347655979456633
-1.6306999999999903,-1.690809999999999,0.40374384087775717,0.4126206266146015
-0.8281000000000063,-0.8836599999999919,0.40087561793520354,0.4130271509076522
-1.0305000000000035,-1.042500000000004,0.4312355024978176,0.4388434368957972
-4.753299999999967,-4.620709999999974,0.4256730422330879,0.42013884575426985
-18.900899999999865,-18.975990000000138,0.41767157807026667,0.418297249034949
-29.894600000000082,-30.052459999999883,0.4080504141449337,0.4095403640432371
-4.520200000000045,-4.503629999999987,0.4237952079279461,0.42630160406866846
-0.9109999999999872,-0.8258100000000042,0.44911812525387784,0.4180713972090855
-0.3323999999999998,-0.4841200000000043,0.32334388034505057,0.40153745614228686
-4.229399999999998,-4.725349999999992,0.3816327528208818,0.4091982329563981
-2.454499999999996,-2.2154700000000105,0.4367564601131857,0.406117366198111
-1.9966000000000008,-2.2464099999999974,0.4000936824570145,0.4316928945524934
-0.2386999999999979,-0.26747999999999905,0.36013643803498585,0.38688250897376264
-0.2822000000000031,-0.3256799999999984,0.4129462911055537,0.43086129951379615
-4.103999999999985,-3.905269999999973,0.42606482306410953,0.41250818048645943
-0.1938999999999993,-0.24434999999999718,0.39510886677327495,0.44725565635161946
-14.047399999999925,-13.947959999999966,0.41227412100337535,0.4112232362682322
-1.9680000000000177,-1.7152700000000038,0.46232556739318476,0.4246831805143181
-24.835900000000038,-25.328100000000177,0.40745342696801856,0.4130999693194859
-0.3474000000000004,-0.40272999999999826,0.3551920774149009,0.37260470264453005
-0.5024000000000015,-0.5502900000000039,0.4025122271728465,0.4314978925765711
-1.6389000000000067,-1.4504399999999862,0.45480105319899433,0.4207007178193889
-6.0534000000000106,-5.870710000000031,0.4264793015754442,0.4165204432731162
-1.6362000000000023,-1.4244799999999884,0.47703716577265354,0.4313785456043995
-0.8456999999999937,-0.8685400000000101,0.4000473239548219,0.4105958343499472
-2.0816000000000088,-2.1434500000000014,0.41936984892105844,0.42263645206532807
-0.8105999999999938,-0.8822299999999927,0.4117989799252708,0.4342899453279925
-7.589599999999905,-7.573089999999979,0.415417744493074,0.4165518954666103
-4.707400000000007,-4.567570000000046,0.4242279019433415,0.4146793617271216
-12.961700000000064,-13.084789999999884,0.4174253113285342,0.4200251063255722
-3.2812999999999874,-3.0324400000000082,0.4413466112713982,0.4193693663388842
-0.44700000000000273,-0.45611000000000246,0.4358406550581062,0.4356611756606732
-4.662300000000016,-4.950750000000028,0.38784675366378973,0.404547159315527
-3.359100000000012,-3.5797699999999963,0.4085776516211892,0.4247313835546551
-61.69340000000011,-62.76629999999932,0.4030220464433132,0.40803377689304643
-4.947400000000016,-4.932460000000049,0.42660863466108534,0.4271880281798035
-2.2001999999999953,-2.4303500000000042,0.3925608882986875,0.41847979953228975
-1.7985999999999933,-1.67577,0.4430599632018639,0.4247778501681898
-0.43650000000000233,-0.5426000000000002,0.362350606189743,0.4316571414711534
-6.15280000000007,-6.243619999999964,0.4153895216000514,0.4219169433749448
-7.473500000000058,-7.277550000000019,0.43041339739242623,0.42211343830000914
-0.9531999999999954,-0.7670399999999944,0.49126282394604814,0.41891601308734483
-0.4578999999999951,-0.6206599999999938,0.37768554171000446,0.45220470714273375
-5.63659999999993,-6.177780000000098,0.4008690447565355,0.42391579529752477
-0.03049999999999997,-0.1580900000000014,0.19676230958936003,0.4067912682762964
-0.9565000000000055,-0.7347500000000053,0.507518440546928,0.4181438794850001
-2.0537999999999954,-2.2814400000000035,0.39091009060243653,0.41848379987323714
-2.3094000000000108,-2.2371100000000013,0.4334656938418613,0.4211054399084757
-2.577699999999993,-2.822180000000003,0.38461044095385866,0.4038858369360243
-0.10660000000000025,-0.07894000000000023,0.5496371457365479,0.4200819010376833
-0.011200000000000543,-0.08309000000000033,0.1023795846665898,0.3939991264187759
-0.10210000000000008,-0.08238000000000056,0.4817815005790482,0.46755416367199043
-0.036999999999999034,-0.10024999999999906,0.25690476371622584,0.3840588406744283
-0.08300000000000018,-0.09596999999999944,0.4037257188920007,0.46246691435958276
-1.0610999999999962,-0.9831800000000044,0.4503083757004589,0.4263273259143441
-0.23449999999999704,-0.352019999999996,0.30807550329567945,0.4029877520363545
-0.9565999999999946,-1.0123499999999979,0.39181090838673605,0.4050471283005175
-1.4730000000000132,-1.402179999999987,0.4335300017896726,0.41776503363089024
-1.4402000000000044,-1.3232399999999984,0.4275319544090106,0.4076892419464295
-0.4046999999999983,-0.5490700000000004,0.35733045919723594,0.4420675338365321
-8.628099999999904,-8.372960000000035,0.4248550475493662,0.41551370048260594
-0.0252,-0.011830000000000007,0.5362033787412956,0.18251319338342675
-10.404100000000085,-10.078579999999988,0.4298930926903477,0.4200782904042022
-0.030899999999999928,-0.07540000000000013,0.2654962095617108,0.4352256696732226
-0.27250000000000085,-0.19465999999999894,0.5559016361374347,0.43718776937040627
-4.837199999999996,-4.238240000000019,0.4688909979305045,0.42932328457536695
0.005399999999999849,-0.02931999999999979,0.1486718723621827,0.3501903241339699
-0.0613999999999999,-0.07229000000000063,0.2803102994886286,0.4094572732492141
-1.7828000000000088,-1.8312200000000018,0.4078257375705219,0.4125394152673323
-1.789199999999994,-1.769679999999994,0.4028719484501231,0.40169763774959844
-0.6347000000000023,-0.5597300000000018,0.41604159594632595,0.3905322831260438
-0.30529999999999546,-0.40241999999999933,0.3852026134126163,0.45404846956573763
-14.861799999999903,-15.021650000000136,0.4174116372406056,0.4202048382721424
-0.6561999999999983,-0.6320999999999941,0.4163544162376409,0.42105801618141925
-0.328400000000002,-0.38212999999999653,0.3386606032686812,0.3774967973643184
-24.06809999999996,-23.439570000000003,0.42260016570196957,0.4146335678951951
0.0134000000000003,-0.034030000000000005,0.03001805811517766,0.3483281147467432
-0.7260999999999953,-0.6470099999999945,0.4372198145115913,0.40468193247718
-7.529099999999971,-7.33095000000003,0.42088689701529347,0.41432358571604766
-3.1591000000000236,-3.197210000000041,0.4038010436806516,0.40423464727095126
-2.456299999999999,-2.7582400000000007,0.37040910199868105,0.3967089187849382
-1.571799999999996,-1.4494300000000067,0.4340036524586921,0.4105851983193798
-0.6758999999999986,-0.6378599999999963,0.435593756807684,0.42067132758838444
-3.206700000000012,-3.0193399999999997,0.4313856120657267,0.41197122411134046
-2.8158000000000243,-2.503379999999993,0.4503225966560498,0.41720899731532146
-3.3274000000000115,-3.432140000000004,0.39243544482496784,0.40403939526576504
-2.5460000000000207,-2.4542800000000113,0.4113421593564537,0.4034335943783107
-4.634900000000016,-4.722789999999975,0.40230887626877543,0.4092504687021714
-1.5411000000000001,-1.545659999999998,0.41273515592059606,0.4110416753006385
-2.748800000000017,-2.697459999999978,0.4122796815844154,0.41049056909256976
-0.06119999999999948,-0.14874999999999972,0.2587020398214568,0.4557734228609833
-7.01299999999992,-6.787959999999998,0.4234236050573603,0.41486437348052796
-0.11780000000000079,-0.1578299999999988,0.34016605702995584,0.3967143751005153
-2.887299999999982,-2.855770000000007,0.4113394965002515,0.4082800853030033
-0.6636999999999986,-0.6323599999999985,0.45432773041738095,0.43755283903408326
-0.3901000000000039,-0.4871300000000005,0.3644112223495366,0.4050325015167999
-0.10360000000000014,-0.18086999999999875,0.27359713062420354,0.38240883763704936
-2.029100000000028,-1.8604799999999955,0.442832819811545,0.41918135578844495
-0.42090000000000316,-0.4049499999999995,0.44843888595218484,0.4314172486366008
-1.6004999999999825,-1.349219999999974,0.45432970954377705,0.4037176504548823
-0.3275999999999968,-0.3760300000000001,0.3593120462971777,0.39774316184073566
-8.580799999999954,-8.753150000000005,0.3988734749125644,0.4064934368442019
-3.2671000000000276,-3.397049999999979,0.4006149093932265,0.40968364237830013
-0.03259999999999996,-0.04217000000000004,0.3474962194714992,0.42529319192228243
-0.17599999999999838,-0.24536999999999765,0.3490758583442055,0.4648653995600327
-1.332800000000006,-1.239130000000003,0.4335696591308391,0.41991120663502635
-2.140699999999981,-1.9265699999999981,0.43682706432142115,0.40408774227356226
-4.716099999999983,-4.75269000000003,0.41420748666247675,0.4149780488803323
-0.6617999999999995,-0.5682800000000015,0.4448876224988574,0.3976307006144708
-1.9347999999999956,-2.022059999999982,0.4076118751717761,0.421477112080626
-1.1998000000000104,-1.23172000000001,0.4106327503926366,0.41702190783285964
-1.4136000000000024,-1.333740000000006,0.4153065285900981,0.40133552067547207
-0.039699999999999847,-0.01814999999999989,0.5819941538284912,0.3247730609304389
-3.509800000000041,-3.354440000000011,0.43637278344152985,0.4244617022779229
-0.14979999999999905,-0.12046999999999919,0.4024853039142462,0.3794620893646572
-3.4277999999999906,-3.3457799999999907,0.42668121238285117,0.4190554104413158
-0.6101000000000028,-0.60745,0.4333527213976174,0.42800225194181696
-0.7454999999999998,-0.6679200000000023,0.4859746754293903,0.447076450008721
-0.26040000000000063,-0.2709600000000023,0.4241796545549237,0.44999163489480853
-4.667499999999961,-5.270369999999957,0.3809033350616664,0.40695181610606035
-1.165700000000001,-0.9783800000000014,0.4883072643546038,0.4374535784546163
-3.0003000000000384,-3.012959999999964,0.41952660593986835,0.4197531458484338
-0.3815000000000026,-0.44279000000000224,0.3731952569143271,0.4178459065510065
-0.15759999999999863,-0.1909799999999997,0.4089029029867408,0.4572002973654232
-0.8663999999999987,-0.9123699999999957,0.38185169917279715,0.3938812892015253
-0.07350000000000012,-0.07317000000000018,0.4930658299169499,0.4906192616589644
-10.792000000000144,-11.965599999999995,0.3928268539420632,0.4183180746683002
-1.6738,-1.6274799999999914,0.4314477521408566,0.4199327875748393
-0.1385000000000005,-0.11687000000000047,0.4245835108901419,0.3868034657282138
-0.11619999999999919,-0.05642000000000014,0.8433534948827814,0.4714841626217048
-2.1539999999999964,-2.321390000000008,0.375465545704623,0.39526431334233614
-0.7043999999999997,-0.5921200000000013,0.4536794185341808,0.41801744622258497
-2.963099999999997,-2.997880000000009,0.4094372646395561,0.41397022531701744
-0.0815999999999999,-0.09627000000000052,0.3657110424482246,0.3966768212911198
-3.2513999999999896,-2.998860000000036,0.4455161080523684,0.41981504191535013
-0.9904000000000082,-0.7979699999999923,0.4561446181105433,0.39641765112359284
-2.392400000000009,-2.41798,0.4177527182700258,0.41672131621413033
-0.24110000000000298,-0.24165999999999954,0.43054488457876516,0.4353597635497808
-1.5167000000000144,-1.4494100000000003,0.4202618101202926,0.40674781935288173
-0.5674999999999955,-0.6710999999999956,0.38368550308434113,0.42752034431978725
-0.8118000000000052,-0.7759800000000041,0.42207622078345164,0.41295754295387344
-3.078199999999981,-3.1683800000000133,0.40563869624892224,0.41346370744033134
-0.5339999999999989,-0.5180199999999999,0.4595428887907316,0.4356538675171384
-7.26400000000001,-6.944449999999961,0.4186172606484906,0.40747614232146123
-1.4421999999999855,-1.532589999999999,0.4195205087309528,0.4325268882139577
-1.4331999999999994,-1.3569899999999961,0.427767382570865,0.41578731027045457
-1.3215000000000146,-1.3895600000000172,0.3954332076590461,0.40947923270138187
-13.73239999999987,-14.472210000000132,0.4015801176604272,0.4155765462348304
-4.163900000000012,-3.8060299999999643,0.4345077104136008,0.41019509994222325
-2.591899999999981,-2.720520000000022,0.4117728874883708,0.42263636719326314
-0.2455999999999996,-0.26374999999999815,0.3601954750766412,0.38771187479484936
-0.035700000000000065,-0.018650000000000055,0.3501326199437882,0.23103867030367375
-3.596299999999985,-3.5232899999999745,0.4208381410961026,0.41336038970640754
-0.14550000000000018,-0.1005199999999995,0.571050093594283,0.4229045845440371
-0.9106000000000023,-1.004170000000002,0.37268604252620463,0.3950517653215302
-0.6636000000000024,-0.7882000000000033,0.39923382067799107,0.4417295234997676
-1.7569000000000017,-1.8148700000000133,0.3936795075277777,0.40314895707302956
-2.6388000000000034,-2.516130000000004,0.4219691610206633,0.41451252475503964
-1.7011000000000251,-1.9689199999999971,0.3790372630486205,0.41218472593163025
-0.7283000000000044,-0.7026099999999929,0.42713449444213847,0.41898451526187763
-0.20830000000000126,-0.1734100000000005,0.47654731019606267,0.439489707291596
-0.046400000000001995,-0.1946399999999997,0.18603046947087698,0.43075687825693265
-1.536299999999983,-1.413470000000018,0.4504355661636872,0.42353169458810846
-7.653699999999958,-8.132479999999987,0.3903754968984652,0.40688431892639265
-1.7823000000000206,-1.7359900000000152,0.442847134284996,0.43662295054336386
-0.7768999999999977,-0.7934300000000007,0.4352970654527777,0.4392779156518811
-0.485000000000003,-0.3597100000000033,0.5482025154667891,0.443750002661214
-1.6604000000000099,-1.7020299999999793,0.417866116096155,0.42562288374743407
-0.4082000000000008,-0.595559999999999,0.34650819513892817,0.42744582608142956
-6.147499999999923,-6.771370000000047,0.3893484282113002,0.4138165455396914
-1.442700000000002,-1.2488599999999934,0.46232844688167685,0.41231570361610625
-0.32750000000000057,-0.351899999999997,0.44591385467169786,0.4437113638023238
-34.41379999999981,-33.946910000000116,0.4201519987849345,0.41705694480209665
-2.0064999999999884,-2.1629299999999887,0.3883458188736588,0.4066129748360403
-1.2546000000000106,-0.9941600000000079,0.48461941968027666,0.4156876309591606
-8.087999999999965,-8.152990000000045,0.4207582397027565,0.42289492960794206
-1.6779999999999973,-1.7471500000000049,0.39417708488640457,0.4005029137530425
-2.0338000000000136,-1.978100000000012,0.42473781135188293,0.4122275315826984
-5.805100000000039,-5.227530000000002,0.4500256869848007,0.4196935572789551
-2.629599999999982,-2.667070000000024,0.40756867958591236,0.4159563673068689
-1.6143000000000143,-1.4654700000000105,0.4557345010256064,0.4234011321808451
-1.158699999999996,-1.06841,0.44278383878832983,0.41834284588038173
-1.699799999999982,-1.8655700000000195,0.41137939745889973,0.43476910861584006
-40.4382999999998,-40.56079,0.41448863115893797,0.41555679503333387
-2.306600000000003,-2.1621000000000095,0.4283617403750828,0.407830120267616
-9.65829999999994,-9.616919999999936,0.4229452012700863,0.42127041383115404
-3.914199999999994,-4.160689999999988,0.39177159871566225,0.40983266806384755
-2.378399999999999,-2.451750000000004,0.40805729826081105,0.41527187093357565
-192.09460000000036,-196.5593399999998,0.39657058146287394,0.4026324203892484
-33.4970000000003,-33.58051000000023,0.4170750871135942,0.4160199343370419
-4.840700000000027,-4.665780000000041,0.4252761978752462,0.41537037415384503
-0.4271000000000029,-0.4866299999999981,0.3954281739220633,0.43156020646291093
-0.9179999999999922,-0.8678900000000027,0.449866896643325,0.43349427949208597
-1.3256999999999834,-1.364859999999993,0.41349986891849877,0.4185119049619157
-2.1019000000000005,-2.1807400000000143,0.40651312006771967,0.4130142679656723
-1.6688999999999794,-1.7920699999999954,0.4037675781706884,0.4234769962747409
-9.739000000000033,-9.220699999999965,0.42101583191231917,0.4072917505745455
-12.41339999999991,-12.854609999999866,0.41303193167057106,0.4234265606529508
-2.3692000000000064,-2.420170000000013,0.4124376371321681,0.413303211401872
-5.473299999999995,-5.149819999999977,0.45178698975707476,0.43353312740821437
-1.5756999999999834,-1.671699999999987,0.38465916607077766,0.40071734873254883
-1.6944000000000017,-1.8304799999999943,0.3968917068098321,0.41233212294549126
-0.6210000000000022,-0.6711399999999941,0.42407681687854915,0.43956085432173
-67.54339999999956,-66.2140300000001,0.4187721373425157,0.4134164628976311
-2.942799999999977,-2.75385,0.4315298657471933,0.4155983283234965
-2.666199999999975,-2.2972000000000037,0.4348476582562322,0.39604050765553733
-3.2497999999999934,-3.1466100000000097,0.4212942485918969,0.4109662569619532
-6.597700000000032,-7.613299999999981,0.3841596783726864,0.419363748681123
-3.376899999999978,-3.2190799999999626,0.4134392906644635,0.4020923201427884
-8.304099999999949,-8.206699999999955,0.4192238790715841,0.41438980570076556
-3.4814999999999827,-3.429779999999994,0.4329008570188364,0.42645088355142136
-1.7347999999999786,-1.698520000000002,0.41187875674548735,0.40730163288023036
-1.238500000000002,-1.1375300000000124,0.425173644884147,0.40686181227960194
-3.1421000000000276,-3.2588400000000206,0.4103500612136157,0.4194387851590653
-4.268599999999992,-4.569729999999993,0.4026209003205272,0.42027645842888095
-0.6574000000000026,-0.6462199999999996,0.4295700613501374,0.42077674178895297
-0.6266999999999996,-0.7008200000000073,0.36005600695947493,0.38184959980895883
-0.7128000000000014,-0.7321900000000028,0.3933982187272811,0.4052201606199679
-4.496399999999994,-4.114059999999995,0.4306909149137006,0.40523728667776204
-1.9629999999999939,-2.089480000000009,0.4046279420100163,0.4203906290310977
-4.513099999999952,-4.809540000000027,0.4047518625166946,0.42108850681994436
-35.728000000000065,-35.50072,0.42383158721235326,0.42163789032050314
-2.9440999999999917,-3.035480000000007,0.4171224493503045,0.4248448126687121
-0.7376000000000005,-0.662700000000001,0.4333035162194854,0.3953642055211537
-6.0394000000000005,-5.748010000000022,0.4352349380917442,0.42172887640814505
-0.9253000000000071,-0.9783999999999935,0.4093059626315565,0.4200631378484365
-1.8562000000000012,-1.801780000000008,0.41719151775843066,0.41037078670782545
-1.4461000000000013,-1.6341700000000117,0.3916608753576467,0.42707026331432196
-0.9420000000000073,-1.007080000000002,0.40280622332171667,0.41754180597184387
-3.6610000000000014,-3.197080000000028,0.44177940680516503,0.4057144618452968
-2.1698000000000093,-1.8159800000000246,0.4595621241577641,0.4098012453851885
-0.2886000000000024,-0.4194599999999937,0.32855675149698893,0.41659805516855997
-3.681699999999978,-3.5027599999999666,0.42428819587583266,0.4094857958393261
-22.672499999999673,-22.249249999999847,0.4222047390366246,0.4182415128455075
-16.044000000000096,-16.49288999999999,0.4124022160343799,0.4190823071828609
-2.611699999999985,-2.238349999999997,0.47765400901389476,0.42828286629790213
-17.030599999999822,-17.90229999999997,0.40483791334486874,0.4187985108618175
-1.9370999999999867,-1.9575399999999945,0.40804150389008864,0.41336316345030877
-1.653599999999983,-1.8097099999999955,0.41071622068376,0.4341498596474036
-2.8735000000000355,-2.8851000000000226,0.43480486258942186,0.4323859109423456
-3.627399999999966,-2.944430000000011,0.4589180883055155,0.40210175973383055
-5.321600000000046,-5.3760200000000395,0.4171535966210227,0.4224625876213084
-23.882000000000062,-25.1865600000001,0.40668760860180786,0.42014913098611384
-41.131900000000314,-40.85429999999997,0.41922083798200394,0.4180955077070836
-3.1090000000000373,-3.192829999999958,0.3989691918149241,0.4067294046835368
-4.278500000000008,-4.392539999999997,0.4138130376133198,0.42214745678899046
-13.08140000000003,-13.97429000000011,0.3841016925645535,0.40135237689336023
-35.178699999999935,-35.61632000000009,0.4125067092717982,0.4143269459364163
-1.8455999999999904,-1.9680999999999926,0.36105941224717775,0.38030036005169965
-0.024899999999999922,-0.020469999999999988,0.3601810973371977,0.26989015700491503
-16.562200000000075,-15.98849999999993,0.43143823643876367,0.4220335099212935
-0.3988999999999976,-0.3903700000000043,0.39163281574885467,0.3782459020534201
-6.935200000000009,-7.761259999999993,0.3912095821224426,0.42198115344052045
-0.7328999999999866,-0.8529800000000023,0.38396887259095625,0.4140266395473047
-18.63869999999997,-18.609739999999874,0.41930969322898637,0.419123855854453
-9.453200000000038,-8.973910000000046,0.405945476842029,0.39307568929749515
-2.143700000000024,-2.483040000000017,0.3533249956152673,0.3881497812315837
-9.509599999999978,-8.992840000000001,0.41409002026684405,0.3992045888140172
-1.0071000000000083,-0.8400000000000034,0.4965692879031369,0.4344039064278604
-5.526100000000042,-4.906880000000001,0.43175057055848676,0.39632997880889587
-1.9256000000000029,-1.9828899999999976,0.39080261701356367,0.4005089669646189
-2.0356000000000165,-2.2456300000000056,0.3811056974964089,0.40071743465694976
-29.621599999999944,-29.43168999999989,0.41439195726695743,0.4121849916447262
-7.893799999999942,-8.30128000000002,0.4088528393042745,0.4210145003194832
-1.9540999999999826,-2.2061999999999955,0.3639054742129444,0.39190807133611116
-4.974100000000021,-5.119599999999991,0.3909194939453853,0.3976337125544571
-0.698900000000009,-0.7726900000000114,0.3891379396111061,0.41757629293137644
-0.3990000000000009,-0.42023000000000366,0.36672217083479897,0.3699061795165326
-9.301399999999944,-9.005829999999946,0.40276721213863276,0.39484215239695697
-1.659400000000005,-1.4867900000000134,0.4710636321769046,0.43824329542483387
-5.916699999999992,-6.095190000000002,0.4054929879213409,0.4139959932206727
-14.486599999999953,-14.626350000000002,0.41801162341263964,0.42119462173306754
-2.1590000000000202,-2.329199999999986,0.3937069898243495,0.4153350398124811
-1.1487999999999943,-1.1307899999999904,0.3911836120423118,0.3858805248824648
-1.4994000000000085,-1.371200000000016,0.4330467901421997,0.4172599939387789
-2.7017000000000166,-2.760089999999991,0.3986892169463907,0.40826148418293684
-9.385600000000068,-9.179300000000012,0.417811026364423,0.4127412064824032
-1.1008999999999958,-1.0087199999999967,0.4520657308130893,0.43001216322506863
-11.345400000000154,-11.680579999999964,0.38657971875430963,0.3928338136168996
-1.0442000000000036,-1.1346199999999982,0.3698270819137317,0.3900523655665955
-0.220799999999997,-0.44839999999999947,0.2860013603763534,0.43873999153198895
-0.09479999999999933,-0.1583300000000012,0.38269479289358976,0.4542806381523601
-3.329499999999996,-3.4940599999999904,0.3859839721390257,0.3997804717068787
-13.755499999999984,-14.293700000000172,0.38753695076183536,0.39722985992807214
-2.262200000000007,-2.1508099999999786,0.4047608188314511,0.39022555761571986
-3.880800000000022,-3.6759199999999623,0.43580313715543273,0.42165846712296506
-2.360199999999992,-2.3680200000000013,0.42701033528618204,0.4256108784249202
-0.7062000000000097,-0.7402600000000064,0.3862836655242452,0.4000661154041518
-11.59979999999996,-12.248209999999972,0.3804253605882657,0.3938251433204254
-1.479699999999994,-1.2570300000000003,0.49262146383410865,0.44105300415322457
-3.039799999999957,-3.288309999999967,0.39525888276781274,0.4144560178680923
-3.084699999999998,-3.2794099999999844,0.3963454189243709,0.41585548027944785
-2.379099999999994,-2.2919899999999984,0.42834449365085625,0.41880349530047933
-1.20150000000001,-1.5353100000000097,0.3559019650629658,0.4094243661723951
-1.608000000000004,-1.788109999999989,0.3902747070191337,0.4126160361540565
-4.205100000000016,-4.018729999999948,0.42613965221587335,0.41062077977371825
-1.6508000000000038,-1.4553200000000004,0.447373429214859,0.417717545997065
-3.8829000000000065,-3.7778599999999756,0.42526670192362115,0.416085284592449
-1.457899999999995,-1.431910000000002,0.45228632693163906,0.44135939364085
-7.4985000000000355,-8.040399999999977,0.40311233356826737,0.42172653655832004
-1.2509000000000015,-1.2289499999999975,0.416697953051659,0.4109299297383906
-1.2137000000000029,-1.0489499999999907,0.459848356522663,0.4224403044452929
-1.9694000000000074,-2.1965199999999925,0.40429833370525525,0.4313750703250019
-2.3271000000000015,-2.069659999999999,0.43629841758359156,0.40713992793017795
-0.38129999999999953,-0.25216999999999956,0.5333907248325165,0.40898874593684464
-0.23270000000000124,-0.29347999999999885,0.3535293205966461,0.40884108398997476
-0.7567999999999984,-0.9687899999999985,0.3545630099818675,0.40836699017186007
-4.875800000000027,-4.658999999999992,0.42050509735178654,0.41061918815896714
-1.2395999999999958,-1.4293700000000058,0.40131612270208894,0.4429479890498689
-8.888699999999972,-8.308140000000094,0.4361914674682277,0.41760100063712446
-10.768599999999878,-10.828210000000126,0.4077692642880715,0.4093051932941183
-1.4569999999999936,-1.5338000000000136,0.4236703003907216,0.42678050383364585
-11.923999999999978,-12.274529999999913,0.41031201617445223,0.41848310867553806
-5.405899999999974,-5.571480000000065,0.4082578299470674,0.4156630578714626
-2.6676999999999964,-2.3607900000000086,0.4439081164143266,0.41016841279504224
-0.9986999999999995,-0.840130000000002,0.47202257553820015,0.416586313672318
-0.3999999999999986,-0.34199999999999875,0.4455540993134166,0.3936628217798832
-2.8359000000000094,-2.540850000000006,0.45194902226022293,0.42190369954144824
-1.7357000000000085,-2.0711499999999887,0.37154381073800646,0.4206210280665035
-1.1347999999999985,-1.1840800000000087,0.4076181698045467,0.41744257798170814
-0.1294999999999984,-0.10677999999999876,0.47415009851741186,0.3950300414125252
-0.5908999999999978,-0.4377100000000027,0.476737342671707,0.3893702914701924
-17.351000000000113,-17.320810000000165,0.4181676357712272,0.4173946521044414
-0.49840000000000373,-0.47690000000000055,0.42861636722908436,0.42029105884515694
-3.0054999999999836,-3.0372899999999845,0.41917408329303907,0.41937738202380004
-1.1450999999999993,-1.2526300000000106,0.3966066018711967,0.4155564687913005
-0.2582000000000022,-0.2041300000000028,0.510092963289055,0.42683087921830953
-3.036900000000003,-2.8760599999999954,0.4416155874870764,0.4226152189597876
-5.808099999999968,-5.536579999999958,0.42772437018898657,0.41495772183335333
-6.993600000000015,-7.389319999999998,0.4000824304266182,0.4126963576270182
-7.130999999999972,-6.925520000000006,0.4261485607834903,0.4206342720307177
-2.0899,-1.8885399999999777,0.43053346527472947,0.40698427242082946
-3.461300000000051,-3.4948399999999538,0.4219492554853099,0.4245704951884477
-5.746099999999956,-5.811080000000061,0.4144900613000102,0.4196771257028775
-7.432799999999929,-7.440760000000068,0.4146711911280798,0.41155298043142885
-38.51919999999973,-39.23396999999977,0.4091769802256007,0.41516915343804417
-4.3448999999999955,-4.290340000000015,0.41426614970454523,0.4109566289259181
-0.1097999999999999,-0.09318000000000026,0.4867881291328757,0.4738629905886915
-2.114399999999989,-2.1200800000000015,0.4205724533772548,0.4152176262542273
-2.1067999999999927,-2.1223699999999894,0.42278554909487287,0.41808252743036345
-1.2083000000000084,-1.1295099999999962,0.41421584985008586,0.40179978072405476
-2.901299999999992,-3.024190000000033,0.4158519638667313,0.42399019404026905
-2.5198000000000036,-2.3344700000000103,0.4431806415535089,0.42358153238057916
-0.6507999999999896,-0.7789999999999964,0.3686892745939696,0.41987939882917047
-8.171500000000037,-8.284170000000017,0.41492402555347585,0.41893768169838363
-17.915499999999838,-17.955979999999954,0.42106840117155375,0.420654280869015
-4.264700000000005,-4.34384,0.40480727680540785,0.407835657916511
-1.884299999999996,-1.9400600000000168,0.41516212233103644,0.4251297569946022
-2.893199999999979,-3.0375400000000354,0.3997456414395639,0.41297846897685453
-1.2689000000000021,-1.1859000000000037,0.41696286416359474,0.40600505015357946
-1.0507999999999953,-1.2731699999999933,0.37248247398318224,0.42637460821572937
-0.5146000000000015,-0.5281199999999941,0.4015638576466918,0.40778817239084386
-0.8331000000000017,-0.7964800000000025,0.43607760995876266,0.4237373308336956
-2.982599999999991,-2.903219999999976,0.42620833412019277,0.41874327152038315
-1.9148999999999887,-1.9973900000000242,0.39629313512226094,0.4147190639904874
-1.4468000000000103,-1.394919999999999,0.43021845626074473,0.42875353939431093
-0.3938000000000059,-0.55518,0.35035998915213806,0.4136919032782682
-0.7709999999999866,-0.7523899999999912,0.43777988656878986,0.4244838384143357
-4.2012000000000285,-4.654920000000004,0.384343206847082,0.4129545827658454
-2.20150000000001,-2.0789200000000108,0.43106103409702445,0.41768868102125545
-1.4436999999999927,-1.2501200000000097,0.4731766558876638,0.4263629625503196
-2.4647999999999968,-2.3945500000000095,0.4317040384600235,0.42666355581071347
-4.706799999999987,-4.139629999999954,0.45290830988053976,0.4156893203971279
-8.41840000000002,-9.275209999999902,0.396120600808314,0.4201889672263093
-6.270099999999957,-6.219730000000027,0.429383135407746,0.4283106379965984
-5.338500000000067,-5.4002799999999525,0.41137582223427227,0.41616268141679846
-1.5404000000000053,-1.5899399999999844,0.4061578880136363,0.41651437082665943
-2.366500000000002,-2.0413300000000163,0.4393359862457924,0.4021925265005333
-5.3069000000000415,-5.610900000000015,0.3989891218465713,0.4122826461374629
-6.039600000000064,-6.0878999999999905,0.40542865431461017,0.4092696588781308
-4.6451000000000136,-4.326430000000016,0.4250285880457394,0.41236727837934417
-1.9242999999999881,-1.7819399999999916,0.4428022643343299,0.420355557960872
-29.11429999999973,-29.90608999999995,0.4028636797725582,0.4114908860286981
-23.10779999999977,-23.372820000000047,0.404019233741737,0.40738380619353975
-2.2153000000000134,-2.030210000000011,0.4384402097771467,0.4129336128645411
-0.8456999999999937,-0.8594399999999922,0.41056748122227926,0.4041307328292332
-1.2232999999999947,-1.2401899999999983,0.4198548072407604,0.4181915360745636
-3.101600000000019,-2.8861400000000117,0.44021612435609647,0.41742193936018523
-1.5937000000000126,-1.6298299999999983,0.40267104923539243,0.409710548878639
-2.990700000000004,-2.941750000000013,0.4095634675342019,0.4028174766075976
-1.5515000000000043,-1.6778500000000065,0.400389506197274,0.4210756408123517
-11.258299999999963,-10.904970000000048,0.3805775019592339,0.37273122634919886
-3.5988000000000397,-3.605860000000007,0.3692492811590897,0.3705411609903786
-1.6071000000000026,-1.747700000000009,0.35085385041719874,0.3732568051110441
-3.470199999999977,-3.5200399999999945,0.38219494425892897,0.3837799063702185
-0.07590000000000074,-0.09098000000000006,0.2748681999560798,0.3668903003743118
-0.8212000000000046,-0.8063600000000122,0.36128627548879244,0.3625791158461844
-0.8037000000000063,-0.8662000000000063,0.3547573157471007,0.37361572520737685
-1.2188999999999908,-1.2180899999999895,0.3732767835986861,0.38105287579903724
-0.33489999999999753,-0.29283000000000214,0.39839394671525863,0.35758482029693006
-2.539500000000004,-2.4925500000000227,0.39757949018699446,0.3916827201957407
-7.044999999999959,-6.868660000000091,0.3742608892145727,0.36932929497233147
-7.088899999999967,-7.212470000000053,0.3765448144141592,0.37889635409564804
-1.5274,-1.7513700000000085,0.3432344184761682,0.38221998108640687
-0.6016999999999939,-0.7474899999999991,0.32148145835109165,0.36989886044496156
-0.7843000000000018,-0.6568100000000001,0.43740893495469724,0.4026217845876534
-1.6315999999999917,-1.6516599999999926,0.35413921692002415,0.3591883476152802
-5.175899999999956,-4.961079999999924,0.37919731543318846,0.3680103006695301
-5.197300000000041,-5.3534499999999525,0.3617894422975887,0.37252194844858977
-4.338599999999985,-4.764029999999991,0.35553972311157533,0.37685994043084037
-1.0801000000000016,-0.8038200000000018,0.43285947288194127,0.35844899989105894
-10.951299999999947,-10.698499999999967,0.3824481014118364,0.3761068051370886
-19.138299999999845,-18.444200000000137,0.375330916778438,0.3661294710080032
-59.3092000000006,-58.543180000000575,0.3766006978220826,0.3735317997134002
-1.6406000000000063,-1.9211799999999926,0.32909694426472846,0.3647987027558752
-9.867700000000013,-9.155949999999962,0.38648893203494517,0.368079758769535
-0.382200000000001,-0.24618999999999858,0.49312692299703365,0.36629776453738216
-3.4378999999999564,-4.0099500000000035,0.3385049913723792,0.36693540444534545
-13.377299999999877,-13.41588999999999,0.37529996327225756,0.37574473318884305
-2.98599999999999,-2.9462899999999763,0.3664413756424567,0.3663688023468614
-4.17289999999997,-3.81477000000001,0.3746589607311668,0.3525731883010419
-7.1358000000000175,-7.251429999999914,0.35990074744596257,0.3627455817157843
-3.3389999999999986,-3.4687399999999684,0.3713051783414745,0.38156438857512853
-6.889700000000062,-6.77263999999991,0.3765928241702188,0.3729351135052461
-2.7221000000000117,-2.8737199999999916,0.3574626503283218,0.3670713126098013
-3.2923999999999864,-3.097099999999955,0.403644278884574,0.3830811487288921
-2.991199999999992,-3.080250000000035,0.3608745709067662,0.36906010744632844
-5.335299999999961,-4.928230000000099,0.3821369368501193,0.3629115354403245
-1.25,-1.0921999999999912,0.3918474065705446,0.3579856755641764
-3.306600000000003,-3.50218000000001,0.3545811418705691,0.37047439052353415
-0.46529999999999916,-0.44252999999999787,0.3936453981083776,0.38091126615049653
-2.580099999999959,-2.6335599999999886,0.35923302675042734,0.36709570639854583
-1.485900000000015,-1.7167100000000062,0.340656396135941,0.3750965154361685
-3.7387999999999693,-3.447659999999985,0.38112892664903253,0.3624146716102006
-2.151299999999992,-1.8417900000000031,0.40587784513848035,0.3681113610453979
-0.035699999999999954,-0.00878000000000001,-0.06922780675426843,0.19336974836630105
-6.6096,-6.556889999999953,0.37685718577185057,0.3704651359535793
-9.579700000000003,-9.86590000000001,0.3598075925210553,0.368038690055994
-1.3917999999999893,-1.6366799999999841,0.3457297785287805,0.38268217240711166
-1.2028000000000105,-1.143570000000011,0.3756703608750911,0.36228291479545316
-2.707499999999982,-2.9650800000000004,0.3367227216982016,0.35887649779486885
-1.2180999999999926,-1.4097700000000088,0.33391525697632485,0.36744771804286813
-15.436100000000124,-15.835420000000113,0.35757296763545554,0.36124291455941204
-3.3406000000000518,-3.293290000000013,0.3706599464904592,0.36562919715972253
-0.24750000000000227,-0.33189000000000135,0.29441538608121487,0.3418923479682423
-4.835399999999936,-4.690209999999979,0.3758972064655808,0.36965912513569066
-3.1736000000000217,-3.01006000000001,0.3694204805078982,0.3621378173095824
-0.02079999999999993,-0.04731000000000041,0.2900802264850677,0.4469060661337121
-5.537300000000073,-6.163339999999948,0.3425606997476516,0.36715831317784
-1.9932000000000016,-1.8161499999999933,0.376351976131839,0.35486792642764886
-3.9488000000000056,-4.349929999999972,0.3470229489018539,0.36466521640341476
-5.057099999999991,-4.8997699999999895,0.37708573190984307,0.3689805356545284
-3.950400000000002,-4.168199999999956,0.3499359219222953,0.3631079360253864
-0.8367999999999967,-0.7605599999999981,0.38754833340259864,0.36847884777753137
-0.9861000000000075,-0.9341700000000088,0.3598580691484443,0.3483704466943349
-1.2060999999999922,-0.8869700000000051,0.43841282824303995,0.3604097712267551
-2.0390999999999906,-2.1437099999999987,0.338891782039763,0.3519885912231624
-1.0330000000000013,-1.1159700000000043,0.3603117195260852,0.3663064357094292
-0.4720000000000013,-0.4873400000000032,0.33117216234281877,0.3459341189749665
-0.7595999999999918,-0.7101100000000002,0.3857546587000993,0.36950946108877947
-3.8858999999999924,-3.830249999999978,0.36036871047449015,0.3578078548352126
-3.0826000000000136,-3.3162000000000376,0.34106790566039713,0.35854782199795654
-7.050099999999929,-6.816100000000006,0.3686688287412476,0.35983328612734233
-1.5789000000000044,-1.5187400000000082,0.38421528916769976,0.3740469522802492
-11.09940000000006,-11.016680000000179,0.3749735090638584,0.3736517783543114
-4.440999999999974,-4.367500000000007,0.36173937800700884,0.3572154190457866
-3.55619999999999,-3.270249999999976,0.37293704830621,0.3545351357809867
-0.5273000000000039,-0.46271999999999736,0.3889371513235762,0.35375014258782755
-12.179900000000089,-11.779160000000047,0.3694087476407315,0.36099622024503564
-3.9874000000000365,-4.079020000000014,0.36581706973539685,0.371260543718277
-8.040399999999977,-8.135459999999966,0.35625927728282214,0.3580422791639615
-4.322000000000003,-4.2233699999999885,0.3707904200125345,0.36283878851477436
-0.9252999999999929,-0.7317500000000052,0.39719351034135375,0.3495436745049485
-0.7788000000000181,-1.1660400000000095,0.28565362419856744,0.3568670201424151
-2.57000000000005,-2.683780000000013,0.3624552347480048,0.3742810622477055
-3.4665999999999713,-3.6407800000000066,0.35225963565510554,0.36131782261938916
-23.57490000000007,-24.185609999999997,0.3428648891028452,0.3487666571678094
-2.451599999999985,-2.369199999999978,0.3774784038601098,0.36844443604719945
-1.4201999999999941,-1.3554299999999841,0.38584854771113175,0.3693118219919578
-7.899600000000078,-7.480419999999981,0.378572314986636,0.3661075535040581
-1.8459999999999752,-1.6517000000000053,0.39161023234528525,0.36563346512514805
-0.6651999999999987,-0.8099400000000117,0.3310273783370121,0.35833992363061284
-3.0534999999999854,-2.8224100000000476,0.3751631546884182,0.3569819509316563
-4.736300000000028,-4.683240000000069,0.35373420610993467,0.35226966491532785
-2.0075999999999965,-1.8918900000000178,0.38777364039555007,0.36966582571993367
-12.206699999999955,-12.257430000000113,0.3667455670927078,0.3654577551374327
-0.8508000000000209,-1.1275300000000072,0.3133204587806082,0.36421727121158654
-33.16650000000027,-33.48115999999982,0.362236877915989,0.364030163313811
-1.1060999999999979,-1.0747999999999962,0.35743155129126514,0.35917354990568917
-0.9072999999999922,-1.0122999999999962,0.33938456537483397,0.3657980383085846
-2.5299000000000547,-2.3453400000000215,0.3805150453537465,0.36390346057606493
-7.147500000000036,-6.731139999999982,0.3685461208196461,0.3549337007918485
-21.2186999999999,-20.49332000000004,0.36619918721707556,0.3595411211723132
-7.9290999999999485,-7.530669999999986,0.3809583650120185,0.3680655948250733
-5.178999999999974,-5.290259999999989,0.36199045988940526,0.3692379270197499
-4.126800000000003,-4.220729999999946,0.37112362492845996,0.37840260671495596
-1.6317999999999984,-1.6820800000000133,0.3610192555981273,0.36385871994117913
-2.998199999999997,-2.9102399999999875,0.3672882715765491,0.3581370723247934
-4.354600000000005,-4.257300000000043,0.3775287968312835,0.3715634059976658
-8.513000000000034,-8.59208000000001,0.3645621521863429,0.36526094027027334
